Reviewer,Review Count,Followers,Rating,Date,Tags,Likes,Content
Kagama-the Literaturevixen,797,135,,"September 26, 2011",,26,Want..Need...Crave
Maren Hjorth,109,12,,"February 11, 2021",,26,
Eleonora Evans,1,,5,"September 6, 2019",chc-yo-przeczyta,23,"Well, I'm still waiting."
Rachel,7,2,5,"June 11, 2014",,15,"I AM EMBARRASSINGLY EXCITED FOR THIS BOOK AND CANNOT WAIT FOR IT'S RELEASE.In all honestly, I may cry when this book finally comes out. Hopefully goodreads is correct and Kry Rising does come out this year. I don't know how much longer I can wait for the next installment.I still have nightmares about that seven year gap between Days Of Magic, Nights Of War and Absolute Midnight..."
Bb2nz1,12,,,"August 2, 2014",,8,"Really hoping ""Kry Rising"", the new title of Abarat IV, comes out soon because I can't wait to read up on everything and everyone in Abarat! Some of the snippets released are so wonderful but they are too good at being tantalizing teasers. I hope Clive is doing well and staying healthy! :)"
Candy Carrion,132,,,"August 4, 2012",,6,"2014? Why? Why so far away? Clive Barker, do you enjoy tormenting me so? I can't wait! ;-;"
Michael J,1,,,"June 19, 2015",,2,When when when
Stacy,1,,5,"December 27, 2020",,1,I love CLIVE BARKER! I related to Abarat all to well. Growing up I felt like Candy from boring Chicken town. I would've jumped in to the sea as well. ABARAT is pure genius. I can NOT wait until Kry Rising is released. The wait is worth EVERYTHING. I even took my time finishing Absolute Midnight to try and ease the pain of waiting for the next release. It looks like 2021 is going to be AMAZING after all.
Rusty Ray Guns,182,,5,"October 11, 2023",,1,I can't wait . The waiting it killing me I've got old waiting for this .Didn't think I would be reading to my kids by the time this book came out or even have kids .I'm sure it's going to be worth it but dam I getting old.
Amy,960,59,,"January 25, 2024",,,I do not think this book will come into being
Samantha Dragon,83,39,,"September 13, 2015",clive-barker；up-next,,♡
