Reviewer,Review Count,Followers,Rating,Date,Tags,Likes,Content
Bethany (Beautifully Bookish Bethany),2450,4061,4,"February 10, 2023",lgbtq；tor-tordotcom,23,"Dark magic, a child stealing cult, and secrets long-hidden....The Cage of Dark Hours is a solid follow up to The Helm of Midnight, though it definitely feels like the middle book in a series and I didn't enjoy it quite as much as the first. I was expecting something with more of a full story arc like we got in book 1, but instead this is more the first half of what is to come in book 3. We follow some familiar characters from book one, but expand to new ones as well. Most notably, one of the perspectives is a child growing up in an abusive magical cult that steals babies to raise as their own. We slowly learn more about the world, the magic, and lies that have been told for generations. It's certainly not a light book, but the world is genuinely interesting and I want to see what happens in the next installment. I was most invested in the cult child perspective, but it was also difficult to read about how the children were treated. I love that this series is set in a queer norm society and we get casual gender and sexual diversity throughout. Overall, a solid second book and I look forward to more! The audio narration is well done. I received an audio review copy via NetGalley, all opinions are my own."
Rachel (TheShadesofOrange),2440,3643,4,"March 30, 2023",2023-books；series-caught-up,21,"This was a solid sequel to The Helm of Midnight, which was one of my favourite fantasy debut. The first one had a mystery element that is taken away in the second. So instead this one read as a bit more of a standard mystery with elements of fantasy.That being said, I am still very much invested in this series and look forward to reading through the rest of the series as it gets published. I would strongly recommend picking up The Helm of Midnight if you haven't already. Disclaimer I received a copy of this book from the publisher."
Isabel,742,134,5,"February 5, 2023",arcs,11,"- 4.5 stars is a much awaited sequel and it does not disappoint in the slightest.Where  felt like a detective story in a fantasy setting, the sequel has upped the stakes and put so much at risk.In the first book, we follow Krona as she investigates the disappearance of a powerful death mask that belongs to the deceased serial killer Louis Charbon. In this world upon your death, your ability goes into a death mask along with your echo and memories so that someone can use your mask and learn about your special ability. For example, your ability is to manipulate/persuade people to do your bidding, the person who uses your mask will learn and be able to use your ability as long as they use the mask.That is, if they can control the echo of the deceased.And there is more complexity to the magic system and the world building. There is the constant threat of the varg, the monsters who can't be killed, only subdued and they are Krona's deepest fears. continues a few years after the events of the first book and we see how much Krona has changed as a person, even if not always for the better. We also follow two unlikely characters who keep you guessing at what is truly happening in the story.I had no expectations for what could happen and my expectations were surpassed by the excellent writing and the reveals throughout the novel. There is so much more to the story than where we began with Charbon and I am anxious to see it all play out in the following sequel.I don't want to spoil the events for this one so please take my word: if you enjoyed , you will not be disappointed by the sequel. is a worthy continuation of what will undoubtedly become one of the best fantasies of all time."
&#x1f338; Tana &#x1f338; Cozyreadings &#x1f338;,464,93,5,"February 24, 2023",netgalley；read-2023；released-2023,9,"2023 reads book 16Thank you to the publisher and Netgalley for the e-Arc of this book. I am speechless with how good this was. The first book as a murder/heist mystery, the second one just blew the whole world wide open. Krona, in the aftermath of the happenings in the first book, is trying to navigate the world 3 years later. We meet some new character, and we get to know some other (beloved) characters better. I am already dreading the wait I will have to endure for the third book in the series! Middle book syndrome? This author really has never heard of it! I’m begging anyone that hasn’t started this series yet to please go read it, so I can scream my emotions at someone instead of into the void like I’m currently doing. I GOT AN E-ARC, SCREAMING RIGHT NOW"
•Mrs Pizza•,332,72,4,"June 28, 2023",,7,"Cults, magic, dead gods, assassination attempts, and opera singers."
sol✯,782,125,4,"September 8, 2023",adult；i-would-die-for-a-copy-of-this-rn；series,6,I NEED THIS NOWedit: OKAY I PREORDERED ITafter reading: this book was crazy
Julia,,48,4,"June 7, 2023",,4,"Full review: A middle book that doesn’t suffer from Middle Book Syndrome is rare. The Cage of Dark Hours is such a book. Since most of the world-building happened in The Helm of Midnight, Lostetter now concentrates on a mystery/adventure about the secrets that made this world tick the way it’s ticking and hints at what might be resolved in the third book (Re: magical plague, hints at technological advancements).The book is fast-paced and due to the dual timeline, its thriller-like plot, and twists and secrets not being too obvious, makes for a hard to put down read."
Marisa,199,2,3,"March 10, 2024",,3,"I am bummed :( In my review of the first book I mentioned that I felt like interesting ideas got lost in a scope that was too big for the book to adequately handle. unfortunately, I felt like this issue only worsened in the sequel. We have multiple new viewpoints and multiple new timelines and even the remaining viewpoint from book one (Krona) is two years ahead of the first book. I also felt like the book’s plot came across as pretty directionless for a while. I wasn’t sure what was driving certain characters other than reacting to the actions of others around them. And the world/magic/etc just got more and more complicated, but it felt like a house of cards because there was never a solid foundation - and I felt like entire new systems of magic were appearing out of thin air.I am probably coming across harsh, and there are positive aspects present. I just wish I wasn’t so frustrated by a book that feels determined to hold itself back from being the dark, gritty, inventive fantasy it could have been.I am wavering between a two and a three - objectively it probably is a three but I’m so hurt it wasn’t better I emotionally am feeling a two."
"Me, My Shelf, & I",879,93,5,"April 3, 2023",2023-releases；adult；audiobook,3,This gave me more than I wished for or expected in a sequel.
Lena (Sufficiently Advanced Lena),388,207,4,"February 26, 2023",fantasy；horror；new-releases-2023,3,Super underrated series thou I think I'm more of a fan of book 1
Julie • bujo.books,728,166,3,"June 8, 2023",2023；fantasy；unfinished-series,3,"3.5 starsFollowing the events of The Helm of Darkness, our characters are left in the dark as to what is actually true about the magic in their world. Krona is in mourning, doing anything she can to survive the pain, when she is met by a mysterious figure who seems to know more than anyone else. Meanwhile, a young child tries to survive the horrors of the secret magical cult he's in.So I wrote a full review of this at least once and it's been deleted every time, so I'll be briefer than usual.The Helm of Midnight was one of my favorite books of last year, with its interwoven storylines, compelling characters, and mash up of fantasy, horror, and dystopian. Its successor, however, expectedly suffers from not containing the horror plot that made the first one so unique. The pacing in the first half is very slow as the characters don't have a lot going on (versus fighting for their lives in the first book/second half). I would've liked to see more of my favorite characters, who end up having very little screen time in this one. However, I really liked the expansion on the magic and the realities of this world in this installment. We're learning from people who are surrounded by this magic all the time and don't live in the same society as our characters, so the lies that they've been fed are being discovered. That part of the world building was still really unique and fun. Overall, the first half of this book was a let down, but as it went on, it became more like the book I fell in love with last year. Still continuing on with high hopes for the conclusion!"
Eric,193,32,4,"February 10, 2023",2023-reviews,2,"by Marina Lostetter builds upon and surpasses the first book in the Five Penalties series. Readers, once again, follow Krona through crimes, through mystery, and through magic. This time, Krona will learn secrets that she isn’t prepared for. Highly recommended. The publisher provided a copy of this book in exchange for an honest review. Any and all opinions that follow are mine alone.Thanks to J.R.R. Tolkien, the stereotypical impression of fantasy are big books that come in three. Trilogies are the staple of the fantasy genre, and most of the attention is paid either to book one or three. Does the first book take off? If so, will the author end it with a bang? Second books don’t quite get the love that they deserve, and there is an argument to be made for it being more important than the other books. After all, it has to build on the world and story of the first book, develop existing characters while introducing new ones, and grab the reader without overshadowing a potentially amazing finale.  by Marina Lostetter does more than this. She doesn’t just build upon the foundation of the first book, she’s dives straight into the mythology and attacks it. This excellent followup to  takes the mythological creatures from book one and explores them in a depth and detail that I wasn’t prepared for.  by Marina Lostetter was not what I was expecting from a second book in a series, but it was exactly what I wanted.Thalo Child opens the book by being part of a Thalo ritual. He walks with the procession as six year old children are led to altars to place cement on their eyes. (It’ll come off eventually.) In attempt to soothe the nervous children, Thalo Child uses his magic to bring up a good memory for each child to experience during the ritual. But as Thalo Child is only a child, he’s caught by his overseer, who removes those memories from the other children all together, leaving Thalo child with the guilt of knowing his kindness led to the loss of their cherished moments. This the readers first view of the abusive tyrant that is Gerome. Next readers once again meet Krona, from . She’s overseeing a punishment for people who broke one of the five gods’s laws. This particular punishment comes from Knowledge, and it is the removal of a hand. Krona watches inside her Regulator armor, all the while knowing that she’s guilty of the exact same crime. She grieves the death of her older sister, and in her free time, she’s attempting to find ways to connect with her. Krona possesses the mask made from her sister’s soul, and though Krona specializes in suppressing the echoes inherent in masks made from the dead, she fails when it comes to her sister’s echo. Krona lets her sister’s echo merge with her own identity, which is dangerous. Finally, readers meet Mandip, a noble. He’s also a twin, which in this world is special. Two of the Five God’s are twins; so, twins are revered. Being a twin and being noble means that Mandip and his brother are also in line to take over rulership of the city/region of Lutador. Mandip, due to his petty nature, sweeps up his cousin’s escort, who just so happens to be Thibaut, a.k.a. Krona’s informant. As they’re jockeying for interpersonal power, Mandip and Thibaut encounter Juliet, a popular opera singer. She invites them to her performance that night for the gathering of nations in Lutador’s rotunda. During Juliet’s show, the First Marquise is murdered, and Krona is framed for it. is a third person point of view novel. It’s fast paced, intriguing, and fun. Where  was heavily tilted toward a mystery/investigation story, this is an adventure tale as Krona seeks to clear her name, Mandip learns that the world he thinks he knows is a lie, and Thalo Child simply wants to survive.Often in fantasy, a society’s myths are left as myths. In , readers learned about Thalo Puppets. They were treated as monsters out of fairy tales. In most other fantasy series, that’s all the explanation needed. Lostetter goes the opposite way. She delves right in to the mystery of the Thalo and gives readers insight into these mythical creatures. Turns out, they’re not creatures at all. They’re human with a very special type of magic. I won’t spoil that secret because Lostetter explores it much better than I ever could. The ramifications of this magic, though, shred the foundations and history of human society in the valley.Part of the Thalo storyline reads like a conspiracy theory. These elites that run the world behind a secret veil is a fun choice. In the age of Qanon, it struck me as not quite as fun as it would have before 2016. I don’t know what to do with that because I love this story, and I think Lostetter has set it up for an explosive and fantastic finale. But the idea of a secret cabal manipulating everything behind the scenes is a bit off-putting for today’s world. There’s definitely more to ponder here.One of the innovative ways Lostetter provides readers with backstory is through multiple timelines. Thalo Child’s story starts three year prior to Krona and Mandip’s. Each successive chapter for Thalo Child moves forward in time so that by the end, the two timelines merge. This provides a lot of needed information about Thalos and their society. It also provides a bit of tension because the countdown reminded me that I was headed towards some sort of crossover event.Throughout the story, readers catch glimpses of oddities that place the tech level of this society in question. For example, steam trains are being researched and developed. But one character makes a comment about being camera ready. I found these odd references that are either anachronistic or purposely written clues that this is more than just a medieval equivalent fantasy society. We still don’t know what exists beyond the valley. Is this a fallen civilization? One that was walled off from the outer world on purpose and brought to an earlier technological level? Am I obsessing about issues within my ARC copy? Who knows! But I think Lostetter has created an interesting world, and what we learn in  has me paying attention to every little thing to see if I can catch Thalo manipulation.At the beginning of the book, there is an outbreak related to the magic of the masks. It ties into the ending of  as well, but it’s quickly dropped. While Lostetter does explain what’s going on, the storyline feels dropped and sort of hand waved away. I don’t think the explanation did enough to rectify why it was happening and what was really causing it. But, as always, this is simply my opinion, and I could be wrong. YMMV.The introduction of two new characters – Thalo Child and Mandip – worked for me. I liked Thalo Child right away. He’s innocent, caring, and sweet. You’ll want to protect him as much as I did. Krona, I still loved from the first book. Here she’s haunted, she’s grieving, and she’s almost broken. Lostetter gives her a chance to find her way back to herself. Mandip took some time to grow on me. He starts out as an annoying noble. He’s entitled; he’s petty; he’s naive and easily manipulated. He seems ambitious in wanting to rule Lutador. Like all rich, he believes that he knows best how to improve society. What saves him is his ability to learn, even if the lesson takes a couple of tries. Mandip really does want to help his fellow humans, and as the toil and strain of adventure wear on him, he rises to the occasion. The same noble who rigs a fencing match later learns the true cost of violence. He could pout and shutdown; in fact, he seems on the verge of it more than once. Yet, he never does. Mandip was a great addition to this novel, and by the end, I found his chapters surprising and more thoughtful than I expected.Marina Lostetter’s  is the second book of the Five Penalties trilogy, and it’s a definitive change in gears from . This adventure story explores the roots of Lostetter’s fantastical world and shines a bright light on its secrets. By showing us the mysteries at the heart of Krona’s world, Lostetter has gone where few fantasy series go. In effect, she’s pulling back the curtain to show us the wizard operating the machine.  cements The Five Penalties trilogy’s place on my must read list. Highly recommended."
Sophie,12,,4,"July 10, 2023",,2,So I absolutely adore Helm of Midnight but this one just didn’t do it for me. I really liked all the world building that was done especially in terms of the Thalo but the characters fell kinda flat and it lost some of the intimacy that Helm of Midnight had. Overall I did still enjoy the book and would love to see where the series goes from here. 4/5 stars
Charlee,257,13,5,"March 8, 2023",bhbc-buddy-reads,2,Shut your ass up
Nikola,36,1,5,"July 16, 2023",,2,What a wonderful way to further develop this series. I loved my every moment with this book. Superb.
Reese,172,3,5,"March 6, 2023",black-heart-book-club-reads,2,how am i supposed to be ok until the next one?!?
Nicole,202,37,4,"August 5, 2023",,1,"Full review posted at :Y'all, when I tell you Marina Lostetter has me in a chokehold right now. I read the first book of this series, The Helm of Midnight and it was one of my favorite books ever. I immediately ordered the sequel, which I never do. The fact that I also read it within months of reading the first book?? The Cage of Dark Hours has changed me, I swear.The Cage of Dark Hours was absolutely riveting. It was fascinating to see the effects of book one (The Helm of Midnight), while also setting up what can only be an amazing book three. (Can you tell I'm not over the ending yet?)If you haven't yet read this series, friends, I highly, highly recommend it. It's some of the most unique and reeling worldbuilding I've ever encountered. Please read it, so I have someone else to talk to about it with? 🥺"
Melissa,477,24,5,"February 22, 2023",,3,"Writing spoiler-free reviews for sequels is always difficult. The Helm of Midnight was an immersive fantasy book, and The Cage of Dark Hours continued onto that world. It continued the storyline of Midnight, but in a completely new place, and added some new characters. I thought I loved the first book. Wow. I wanted more of the world of The Five Penalties, and I definitely got it. I’m not sure if this is meant to be a trilogy or more, but I hope it keeps going. There’s so much to explore. And the twists keep coming. Usually I’m pretty good at predicting twists, but I was so into this book, I was shocked many times. I am very excited to see where we go next. Thank you to NetGalley and Tor Books for the chance to read this advanced review copy. CW for blood, gore, injury, death, grief, murder, mass murder, kidnapping, child abuse, and torture"
Geoff,671,39,4,"April 19, 2023",fantasy,1,great sequel. looking forward to book 3!
A Book Vacation,1451,735,4,"February 23, 2023",,1,"Very well done. Didn't love it as much as the first because it took me a little while to get into it this round, but dang I'd I'm not dying for book 3 now!"
Bertie (LuminosityLibrary),487,119,4,"January 27, 2023",2023；best-2023；feb23,1,"I love this world so much and this book in particular had some tasty tasty lore. If you love dark fantasy and books with fantastic worldbuilding this trilogy is for you. I didn't think it was as strong as the first in plot, but the build up for the next book has left me longing for it to already be in my hands."
gelowmichael,522,,5,"February 26, 2023",2023-reads；arc；dark-fantasy,1,Fudging hell. 5/5 starsRTC
Emily Jo Donovan,172,4,5,"October 1, 2023",,1,"The Cage of Dark Hours picks up a few years after the events of the first novel. We meet up with Krona once again as she is warned of an assassination attempt for which she will be framed. The Cage of Dark Hours reunites us with old characters and introduces us to new ones as Krona fights to uncover what is truth and what is conspiracy.I'm going to start off by saying that this sequel is a rare occurrence because, in my opinion, it is even better than the first book. Once again, the worldbuilding is exquisite and the cast of characters are diverse and relatable. The Cage of Dark Hours is filled with magic, politics, philosophy, and romance, all of which exist in a world built entirely in Marina J. Lostetter's mind.My only criticism remains with our main character. Krona at times can be a little tiresome - her constant fight for control in every situation as well as her tendency to be single-minded and immature can be a little frustrating. In this sequel, however, we witness Krona's character development a bit more and these traits lessen as the story progresses. The mythological and political world that is built in this story is superb. I truly believe that this is one of the best examples of worldbuilding I've read in a long time.If you have read The Helm of Midnight and were hesitant to pick up the sequel, I highly recommend you give it a chance. I already enjoyed the first book in this series, but The Cage of Dark Hours gave me an even deeper appreciation of this (soon to be) trilogy. If you've never read The Helm of Midnight, I absolutely recommend it! This series is magical, dark, gruesome, and unique!"
Kacy Raby,15,,5,"April 1, 2023",,1,"I'm so in love with this series. It's so ambitious and inventive and is constantly revealing new layers of its rich, rich world. The final act in this second book had me absolutely glued to the page. It's such a shame that no tv or movie studio would likely touch it without wanting to remove the neo pronouns (because the world is annoying and backwards), but they're such an integral link to the religion and society in this story that they'd pull way too long of a thread loose with their absence.Seriously cannot wait to see where this series continues to go. Will we eventually get The Village (Shyamalan)'ed? There's so much more to Arkensyre than meets the eye. But not in the cars turning into robots and vice versa way... UNLESS???"
Braxiatel,93,2,5,"July 3, 2023",,1,"I feel like this series has some of the most unique worldbuilding and story telling in a while, even if the building blocks like  aren't totally unique. It's very much a suspenseful and mysterious thriller and better than the first one even though I hope that Charbon's echo will return again :D Also really enjoy the characterisation of characters like Mandip. The story is a full on adventure and the ending hits very hard."
Daphinie Cramsie,,7,,"February 20, 2024",,2,Marina. Why? Why do you do this? My heart is in my throat and I’m so sad. Five Stars.
Siavahda,,168,4,"February 11, 2023",advanced-reading-copy；girls-kicking-ass-and-taking-names；girls-owning-their-sexuality,,"HIGHLIGHTS~pocket watches vital to national security~a stained-glass dress~blue assassins~a magic system that runs on secrets~a very important light fixture*spoilers for The Helm of Midnight, book one of the trilogy!*The first, most immediate thing you need to know about  is: no, you really can’t just rely on the recap at the start of the book to refresh your memory about the events of book one. You need to actually reread the first book in the series,  before diving in to this.It’s worth it, I promise. Firstly, because  is excellent in its own right. But maybe even more importantly…starting  minutes after finishing a reread ofMeans that Cage’s very first line hits you like a bulldozer, turning everything you thought you knew about the world Lostetter has created I CANNOT EVEN.This series reads like the progression of a would-be initiate into an ancient mystery cult; there are layers within layers, circles within circles, and every step towards the centre comes with new revelations. Having made our way through  initiates us into the deeper mysteries of Lostetter’s world – but this secret knowledge raises as many new questions as it answers; far from filling in all the gaps,  reveals to us a vastly larger world than we were led to believe existed. We knew things were not as they appeared to the characters of book one, but good gods, we had no idea of what was actually waiting for us behind all the misdirections, myths, and outright lies!If we think of the world of the Five Penalties as a skeleton, then the bones of the truth are buried under the skin that is – for lack of a better term – civilisation; a not-always-so-polite fiction that everyone believes in. There’s objective reality, and then there’s what (almost) everyone thinks and believes exists, and which they make into a kind of truth by virtue of thinking and believing it.And honestly, I’m in complete awe at this entire structure; not just the sheer uniqueness of the world Lostetter has created (although that delights and confounds me endlessly) but the world she’s built on top of that, and how well both fit together. She’s crafted this literally epic – in scale and scope and sheer awesomeness – conspiracy, made it virtually seamless, and made sure there’s no way we’ll ever guess what’s really behind the curtain. The world Krona and the rest of the characters inhabit is every bit as intricate and believable as our world, and then the real world, the world underneath all that, is just–AHHHH. I can’t talk about it because spoilers, but seriously, WHAT, and HOW, and WTF, and I CAN’T EVEN, and THIS IS SO DAMN COOL."
Shannon,863,16,4,"September 18, 2023",arcs；audiobook；own-ebook,,"I was provided an audio ARC of this book via Netgalley, all opinions are my own. Full disclosure, after after having listened to the first book I did purchase the e-book which I found helpful to have available when listening. The e-book also has some graphics that I found useful. This is a long audiobook (20+ hours) and it has a ton of characters and the world is complex. It is nice to have the print version to refer to when needed. The audiobook is really enjoyable, I really enjoyed the three piece narration. Each of the narrators did a good job with their specific characters and chapters. I appreciated having 3 narrators, one for each of the character perspectives. It really helps to keep focus on which part of the plot is the focus and which part of the timeline you are in depending on which character is telling the story.This follows three characters, Krona who we met in book 1, Mandip a noble and new character, and Thalo child an acolyte in a strange religion and also a new character. We also get to see many characters that we met in the first book and Krona is grieving the loss of her older sister and still coming to grips with the information learned in the previous book. I would not recommend reading this as a standalone, though if you do start here the author does do a good job giving recaps of necessary information. I read book 1 recently so the information was still fresh, but they were published about 2 years apart. Through Krona, Mandip and Thalo Child we come to understand that there is a war brewing and there are many unknown factors at play and many of the players have their own agendas. This installment delves deeper into the magic system, the religion of the Thalo, and the gods that are worshipped in the universe the book takes place in. We also come to understand how all three characters are tied together and how the events that occurred in the previous book link everyone together.This isn't as violent and bloody as book 1 but it is dark and does have violent moments. There are a few battles and the Thalo are not kind to their charges. Much like the first book, there is a bit of a horror, mystery, mixed into this fantasy. I love a good genre mashup, and this delivers. As with the first book, I can't believe more people aren't talking about this series. The covers are stunning and the storyline is action packed. I do feel that this book like the last one was a bit on the long side and there are a lot of things to keep track of, but that is to be expected with an epic fantasy. I haven't been able to find any release information for the next book, but a quick look at her blog indicates that she is working on edits for book 3. I am so exited to find out what happens next!"
OpenBookSociety.com ,3925,124,5,"February 18, 2024",omar,,"Brought to you by OBS reviewer OmarThree years or so have passed since the events of The Helm of Midnight, where Krona and her team capture the new serial killer who was using the Charbon mask, resulting in the death of her sister. At the same time, Krona learns about the Thalo puppets that seem to be controlling the wannabe Charbon killer and about individuals who have some magic that shouldn’t exist, but she has seen it.As the story begins, Krona is not doing well. She is now the captain of her team and is still doing her job, but outside of working hours she is a mess, she has been trying to find a way to get her sister back, knowing very well that she will die if somebody reports her.Stranger things across the city are also hunting Krona. People have started to show up dead with strange mark on their foreheads, markings similar to the one that the healer Melanie had before she ran away, but there are also people who are showing up with madness and the same markings. As Krona works on finding the reason for these deaths, the Thalo puppet reveals herself to Krona and warns her of the upcoming assassination that will result in blaming her.Like the first book, the story shifts between different points of view of the characters: Krona, old characters that we meet again, and even the Thalo Child. The Thalo child is the reader’s window to the world of the Thalo puppets, who they are, and their beliefs. In the case of the Thalo child, their story spans a different timeline until it meets up with Krona’s present.In The Cage of Dark Hours, we learn more about the world of the Five Penalties series, the valley that the five gods sacrificed themselves to create for humans to live and thrive. Now, we learn a bit more about the government and its internal workings to maintain the peace between them, but also the lies that hide underneath it all that are brewing a war that might set them back into the dark ages.The Cage of Dark Hours explains the magic that exists in this world, how each god has their own, the corresponding metals, and Vargs that hunt humans. In addition, the mystery of the Vargs is revealed and a new lighting comes to exist. Magic is born and later transferred into the world.A third book is in the works, and I can’t wait to see where this world will continue, who is the Savoir, will the war commence, and what other magic will emerge.If you are a fan of Marina J. Lostetter’s work, then I recommend you, The Cage of Dark Hours."
K Mart Vet,655,26,4,"February 11, 2023",arcs；netgalley,1,"I received an audio ARC of The Cage of Dark Hours by Marina Lostetter from Macmillan Audio and NetGalley so that I could write an honest review. This is the second book in The Five Penalties Series and follows The Helm of Midnight, which I absolutely adored. This world continues to be beautifully diverse, genderfluid, and queer-normative. We rejoin our beloved characters in the aftermath of sudden death. Krona is reeling from her loss and doubting her place as a Regulator (basically enforcement for magical items). I loved the exploration of grief with Krona's character. She is left with a death mask that is a hollow remainder of the person that she lost and uncomfortably desperate to gain even a glimmer of her loved one. Krona's guilt over continuing to live her life in the wake of her devastation and enforcing those who abuse magical items while doing the exact same time in her free time while protected by her privilege was fascinating; it made her an even more sympathetic character and heralds upcoming trouble that the reader (and Krona) can see coming from a mile away. Krona isolates herself as she suffers her crisis of faith, which made me miss the side characters deeply. We also get a few new characters and spend a bit less time with Krona. Instead of this being a story about her, we gain a larger cast of characters that continue to bring depth and complexity to this world. We gain insight into the Thalo cult, the resistance, and the nobility. Thibault remains a favorite character and his relationship with Krona is breathtakingly beautiful and sweet. I had to take some time after a certain scene just to exist in a happy, heart-melting moment before I moved on. While the plot was not nearly as concise as the previous book, this one took a deep dive into the lore and magic that fills Lostetter's world. Which, honestly, was what really caught my interest in the first one. While we learned much of the world in the first novel, this one asks the question: Okay, now that you have a picture of the lore under your belt, what if most of the background is a lie crafted expertly by those in power? What if there is deep corruption at the heart of this world? What if things aren't what they seem? And where ARE the gods, anyway? I absolutely can not wait to see where this series goes. If you enjoy complex worlds, cults, magic items, and magical monsters - PICK. THIS. UP. Already one of my favorite series of all time."
Liz (Quirky Cat),4560,71,4,"February 10, 2023",2023-reads；fantasy,,"For a moment, it seemed like the Charbon (the long-dead serial killer) was finally in the past. Naturally, they were wrong. Once again, Krona and her Regulators will have to step up to protect the city. However, it's never as easy as it sounds.	To protect the city, they must delve into the secrets of Thalo – a child's tale that may hold more truth than fiction. Without this hidden key, they will stand no chance of protecting their city. They may win the battle, but not the war.	I love fantasy series like The Five Penalties. The Cage of Dark Hours is dark, tense, gritty, and so brilliant. It made for a suspenseful read, but I wouldn't have had it any other way. In a way, diving back into Krona's world felt a lot like coming home. Though I say that, I'm not so certain I would enjoy living here (or that I would survive...).	There's a bit of a time jump between the two books, which is normally jarring for me. But it felt seamless here as if the passing of time was a natural consequence. Or maybe that's just my anxiety about Charbon talking. Hard to be sure.	I'm already counting down the days until the release of the third and final part of this trilogy. I need to know how they bring it all to an end.Expansive WorldMyths and MagicTrilogyLGBT+Serial killer |  |  |  |  |  |  |  |  |"
Anne,631,1,2,"December 31, 2023",adult；fantasy；horror,,"sees Krona trying to learn more about the Thalo, once thought a children's tale of the dark masters of the universe, but now she knows that they are real. And it really seems as if they are the puppet masters of Krona's entire understanding of the world. So perhaps it is time for revolution and war.I am going to be honest, I wasn't the biggest fan of , and I was really in two minds about whether I wanted to continue with the series. But ultimately, it deals with a lot of topic that I love to read about in fantasy novels, so I thought that I would give it a go.While the pacing was much better in  - which was my chief complaint about  - I am sad to say that the rest of it was quite bad. It 100% suffers from middle-book-syndrome. At first, it seems as if we are going to delve much deeper into the characters' psyche - especially with Krona suffering from survivor guilt and PTSD. But that was only ever really touched upon superficially and it was only ever really there as the plot demanded it.I call it ""plot"" - there wasn't one. 55% through the book, I began thinking to myself, 'what is the point of this book again?' We read from three perspectives with Krona mainly faffing about, an aristocrat who didn't really do anything to the story except serve as a plot point, and a child of the magical enemies whose POV really was only about child abuse.While it was very easy to read in that the pages flew by me when I was reading, there wasn't a lot that I really liked about the content. We learned a bit more about the magic and the gods, but it didn't really go in a direction that was that interesting to me. So I also think that this is my goodbye to the series; I'm just not invested enough to continue."
Megan,625,2,4,"March 10, 2023",2023-releases；listened；netgalley-arcs,,"4.5While I don’t think this was a perfect book, it was such a solid follow up to The Helm of Midnight! I also really enjoyed the audiobook narration.One thing Lostetter does really well in this is providing a recap of key details from the first book without feeling too much like a sparknotes summary. While I had recently reread the first book, I still found the quick details really helpful in getting myself reimmersed in this world. The world itself is what keeps bringing me back to this series. I love the magic system and the way the series is highlighting structural inequities in society, like they literally take time from the general population to allow the rich and powerful to live exceedingly long lives. I also like that one of our new perspectives is a son of a great house who fully expects to be a powerful government figure because it’s essentially his birthright and then he gets caught up in the events of the story and realizes how differently other people live. We meet some other new characters and new perspectives as well and they all had something that kept their storyline interesting. There were very few POV shifts where I internally groaned a little because there was usually something that made me want to go back to each person.This book also opens up the world beyond the city, like blows it wide open. We travel to other places and see pieces of other cultures. There’s a creepy cult and expanded magic and hints at the true nature of the gods. I do think this book takes a while to catch its stride, which prevents it from being a 5 star for me. My notes around the 12% mark where essentially, I have no idea where any of this is going so far it seems like it’s mostly vibes and then a comment on the lack of Thibaut. Fortunately both of those “faults” were resolved shortly after I made those notes. That being said, I love the direction this book took the series and if Lostetter can stick the landing this could be a new favorite series."
Simms,394,13,4,"March 29, 2023",,,"Marina J. Lostetter follows up the excellent  with a good, but not great, sequel. Picking up a couple of years after the end of , once more we have three points of view: De-Krona Horvath, returning from the previous book, a cop who is now emotionally crippled by the loss of her sister and looking for answers; Mandip, a noble twin plausibly in line to become one of the next rulers of the city, who finds himself dragged into intrigue beyond his control; and ""Thalo Child,"" a young member of the Thalo Cult we learned a little bit about last time. Nothing's wrong with the latter two, per se (and the worldbuilding we get from Thalo Child's chapters is generally quite interesting), but they aren't quite up to the quality of the POVs in the last book (Melanie Dupont and the serial killer Louis Charbon) that they're replacing.Our three story threads are pretty siloed off from one another for the first half of the book or so, primarily connected by a mysterious and powerful Thalo cultist known at first to Krona as the Blue Woman. Her machinations draw each storyline closer and all three meet in a climactic moment in the heart of the Thalo cult, revealing more and more about the background of the magic and theology of the world (while doing a pretty good job of hinting at further mysteries yet to uncover) and especially about the varger, werewolf-like creatures that figured as monsters in the previous book but are revealed to have a lot more going on than you'd think. This stuff is all cool, especially if you get off on Brandon Sanderson-style structured magic-corresponding-to-elements/metals systems, which this is starting to stray into. But, I was a little disappointed that the other two major magical elements from  -- emotion-storing gems and knowledge/spirit-storing death masks -- are for the most part dropped from the plot altogether, the main exception being Krona's struggle to master her sister's death mask. The masks are really cool! I hope we get to see more of them in Book 3."
Abby,43,2,4,"December 9, 2023",2023；fantasy-adult,,"Besides personal views and preferences, this is a well done sequel. The writing is atmospheric and descriptive, the plot slows at times but makes up for it with quick bursts of action. Plot continues to carry tension and builds up to the big reveals at the end. The last 1/3 flew by with action and reveals while the first 2/3 had slower areas. 3 POVs though one of them was rather difficult to like, the other two had me completely engaged. New side characters are introduced- some are likeable, others not so much, with one of them having their own POV. I couldn’t find myself connecting to the side characters suddenly brought in, with one having spotlight that I found boring and irritating. A queer normative society is fantastic to see in fantasy. While I enjoyed this read, I wasn’t as deeply enthralled as I was with The Helm of Midnight. I wasn’t as invested with the characters. The last 1/3 did, however, keep me glued until I finished the book. The tension, stakes, and massive reveals were happening all at once.There’s some symbolism used for a person or soul being split and needing to unite. The description of the writing makes it so visceral and vivid. Truly, the prose is finished and beautiful. Absolutely dark fantasy, branching into darker territory. Trigger/content warnings: One POV is centered on a child cult, emotional abuse, and child abuse. One scene where a character almost commits suicide though not of their own volition. Murder, death, blood, gore. Cult using manipulation and various form of abuse, with many left implied. Without spoiling close to the end, off page you realize a character will be tortured."
Chelsea Reining,333,6,5,"January 11, 2024",books-i-own,,"4.75/5 starsMarina Lostetter....I would pay so much money to understand how your brain works! The plots and characters and twists and messed up scenes you create....woman you are a crazy mastermind of crazy writing and amazing books!Seriously, this series is somethings else in the best way - I've never read a story quite like it. If you loved The Helm of Midnight you'll love this one, but it is very different. We have a lot more characters and POVs and the story is a little less....clear cut? Linear? It's not so much focused on one thing, like catching a serial killer's mask - it's more about the larger conspiracy, both the public facing and the hidden parts behind the curtain. It's also about the repercussions from the first book that our main characters are now facing, namely Krona. My poor baby has been through it and continues to in this book. I wish I could say more but truly I'm not sure how to coherently describe this book, with or without spoilers. I can tell you you're in for an intricate plot, fascinating lore and ""magic"", and some incredible characters that you will love and hate in equal measure. The writing is incredible and will stick with you. All that said...it's dark and there are some scenes that I had to set the book down after and walk away to just let myself process - it has a lot of dark themes and Lostetter doesn't shy away from the brutal and gritty. But really that's part of what makes this series so special, that you feel the characters shock and disgust as viscerally as possible. Not for the faint of heart, but all the more amazing for it. I highly recommend this series but PLEASE go in with caution and check triggers!"
Mikayla,18,1,4,"March 27, 2024",favorites,,"Words can't describe how difficult it is to read this book while also reading SJM at the same time. BUT I did it and the extra effort to pay attention, despite not rereading Helm of Midnight was worth it. Reading this book reminded me why I love fantasy books by themselves (not romantasy), and what world building actually means.The book takes place years after the events with Charbon's mask and looking back, it almost felt like I was experiencing these events in real time with the characters BECAUSE I did not do the close reread of the first book.Still love the shifting perspectives, you get to see so much of this society from different positions and Krona, Mandip, and Thalo child had such interesting arcs and characteristics. None of their characters were boring. Honestly, Krona expanded as a character for the better, fulfilling my dommy mommy warrior dreams. (Do I wanna be her or be with her we will never know). The only area I would say could use some work is Thibaut. I won't get into it too much, but in the second half of the book I felt he was a little wishy washyHow Lostetter unfolds the mystery of the gods, the Thalo, the government, all of it is done very well. Not to mention her language, really painted the world clearly for me that I couldn't put the book down by the second half. Lostetter writes the artifacts and the world of the Thalo in such a creepy way, I loved her gruesome details. I cannot wait for the next one, thank you Marina for reminding me why I love this genre and give us more."
Nochu_Dee,78,13,4,"February 21, 2023",,,"Audiobook arc provided by Netgalley in exchange of an honest review. The Cage of Dark Hours was an amazing second installment to The Five Penalties series. I absolutely loved The Helm of Midnight and was very eager to read this book. As much as I loved the continuation of the story and all its twists filled with suspense, I have to say I didn't enjoy it as much as I did the first book. Honestly, I don't think it's anything to do with the story, the writing, the world building or character development. In my opinion the author did a fantastic job with everything. It felt more like a foundation for the next book. One thing I always admired in Marina's writing was how she beautifully builds a gender and sexual diverse, queer normative world without trying to emphasize the fact that she did so unlike some authors. Her writing is absolutely gorgeous, the world and magic system are very unique. I really wish this book and the series received more attention because it is simply brilliant but as the themes of the story are extremely dark, not everyone would be willing to pick this up. However if you do decide to read this series, you are in for a wild ride full of twists and turns, a very unique magic system and a beautifully executed storyline. Four solid stars! Looking forward to the next installment."
Laura (crofteereader),1073,56,3,"February 17, 2023",netgalley,,"This book, when compared to book one, felt a little stretched thin. Several years have passed, and we meet a mostly new cast of characters with the exception of Krona and Tibbet (a few other familiar faces do come up almost in passing, but they didn’t feel particularly important). I did really like the last section, the “heist”, where everything came together and we get a bit more of the bigger picture, but most of the rest of the book felt rather surface level.I admire the complex worldbuilding and, believe it or not, wish we got a bit more of the politicking from the various states inside the Valley (particularly since our crew has to cross state lines a few times over the course of the plot, though that travel is kind of brushed over…). I wanted to see more about how the characters’ actions impacted the greater story, particularly since our 3 POV characters come from such different situations.Very intrigued to see where this series goes so… eagerly awaiting book three!{Thank you Tor Books for the DRC and Macmillan Audio for the ALC in exchange for my honest review; all thoughts are my own}"
Nicole,291,6,5,"February 27, 2023",2023-netgalley-reads,,"After defeating a long-dead serial killer, they now work to uncover the truth behind the Thalo, the quiet, creeping puppet masters of their world.I love this series. It is such a unique world, magic system, and religion. It's a great cross between fantasy and horror. This book series started out as a mystery surrounding a serial killer and has become so much more than that. This second installment in the series broadens the scope to include the whole society instead of just specific people. However, it does come back around at the end to remind us of the importance of that plot! We continue following our favorite character from book one, Krona, but we also get new POVs including a POV from one of the Thalo. This POV is so interesting because it allows us to learn about what is definitely a cult kidnapping children and how they plan to start a war in order to exert control over all of society. Personally I hate so much about what the Thalo are/do, but it was easily the most intriguing part of the book. Overall, this book gets 5 stars from me because I love the characters and world, but the plot of this book does feel like a set up for book 3. A book I need ASAP!"
Steve Gold,31,7,4,"March 27, 2023",,,"Better than the first book. The Helm of Midnight was presented as a thriller in a fantasy setting, but with the various POVs, the reader had more information than the investigator much of the time and so the detective aspects didn’t quite work for me (although I enjoyed that book for other reasons). The Cage of Dark Hours drops the sleuthing and instead we get a mystery that unfolds without the trappings of a thriller. I thought this change was an improvement, but your mileage may vary. In this story Krona is really Going Through It and the other two POV characters are used well to move the story along while she’s a bit stuck. The Thalo Child chapters are probably the book at its best - what I initially thought were just lore-building interludes turned out to be much more. Like the first book, the three POVs are drawn together in a way’s surprising, satisfying, and fair. I really enjoyed how Dark Hours continues the story without repeating the beats of the first book - it’s more of what I liked, and less of what I felt didn’t quite work the first time. There’s disturbing and imaginative imagery, an engaging mystery, bonkers revelations - it’s good stuff."
Whimsy Dearest,280,,5,"February 26, 2023",dark-fantasy；epic-fantasy,,"It's been two years since I first read  by Marina J. Lostetter, and, as I started reading its sequel, , I was reminded once more how much enjoyed this series’ world--where people can buy and sell their emotions, time is a currency, and death masks retain their former owner's skills.However, while the first book dealt with a serial killer, in this one, Krona is investigating the disappearances of babies as she grapples with the death of her sister. It’s truly an emotionally-driven fantasy that artfully explores grief and trauma alongside a compelling cast of characters. Plus, it has a cult, twisty, turvy conspiracies, and plenty of scheming to go around.Overall, I found it a fantastic follow up with well set-up revelations. Honestly, it felt so satisfying to watch the plot’s puzzle pieces all fall into place, and I can’t wait to read the final in the trilogy. Thank you, NetGalley and Tor Books, for providing me with an ARC in exchange for an honest review."
Bradley,,4387,4,"February 18, 2023",2023-shelf；fantasy,10,"I think this is a superior book to first. It's much darker, really evoking the feel of a full-fantasy steampunk London while making us revel in the torture and abuse of small children for the sake of enhancing their magical ability.The worldbuilding is very good. The magic system is truly fascinating. Breaking off parts of people's souls, trapping them in masks, is both cool and cruel. The very idea of gifting time, itself, to the already powerful and long-lived is also horrific but perfectly understandable in this dark fantasy world.The implications and ramifications continue to unfold in this novel. I quite enjoyed the tale for what it is and thought the characters are decent. I won't say I fell in love with all of them, but I did feel some quite strong feelings for one rather strong-minded victim. No spoilers, but I really loved the later quasi-psychological developments and magical resolutions."
Rain (Life&Literature),118,,3,"April 16, 2023",,,"This book started out strong for me, and was helping me through a reading slump. However, it began to drag a little after halfway through. I feel this book was mostly set up for the next installment. I enjoyed the first book and found it to be a very unique fantasy. This one continued to be unique, but became less engaging as the story went on. At this time I still plan on reading the next installment because the ending left me intrigued. Also, I really appreciated the recap of the first book at the beginning of this book. I am going to include a quote I liked below that is not a spoiler. “But what if what she says it true, then the whole world is based on lies.”“Is this not something we accept daily, regardless? she asked. Are there not obvious lies we pretend not to see, or readily convince ourselves we don’t see, for the sake of order?”"
Dani,98,17,4,"February 16, 2023",,,"I'm so very glad to have received an arc of this! I really enjoyed the first installment of this series and was excited to continue. This world has such a unique magic to it and while I don't always quite understand its mechanics, I enjoy the journey. This novel has a few new povs from the first and I was a bit hesitant of that since that does t always work for me. But I found that I really enjoyed these new characters.I worried where this sequel could go with the way the first one was, more thriller within a fantasy. I did enjoy how this progressed though it took me a bit to get reinvested. Overall, this series has been an enjoyable time and I can't wait to read the next book! Thank you to Tor and NetGalley for the arc!"
Damion,59,1,4,"February 16, 2023",,,"I received an audio ARC through Netgalley for an honest review I absolutely love the world building and the way the magic system was built in the first book, and this book did not disappoint. It adds to what’s already known but doesn’t overwhelm the reader with so much new information. There is also a wider cast of characters in which I found like some more then others, but I do feel like the author was able to focus more on character development in this book where I thought that was an issue for some characters in the first book. Over all I did like this book more than the first. I also feel like it’s so much more gayer then the first book and that’s always a positive in my book."
Carol Evans,1328,37,4,"February 27, 2023",,,"I found The Cage of Dark Hours more readable than the first. Even though it’s still a dark story, it did not have me cringing like the first. Even in the roughest moments, the characters are able to keep their humor and find comfort in each other.The story is fascinating and engrossing. My only disappointment is that it’s not a full story in itself. The first in the series was at heart a murder mystery and there was some wrap-up at the end. I guess in a way this one is a heist book, at least toward the end, but it felt mostly like a set-up for the third. It’s the book that gets everyone in place and not quite ready for what comes next."
Mitchel Broussard,243,245,4,"October 12, 2023",epic-fantasy；horror-thriller,,"Following the ending of book 1, I wanted a sequel that expanded the world and mythology of this world, and I basically got everything I asked for in this book. I think my only major gripe is the ditching of the horror themes of the first book, but I understand it was kind of necessary to move on from that focus in order for us to get more worldbuilding.Overall, I do still prefer book 1. It had a more cohesive story arc and super satisfying, gory set pieces sprinkled throughout. It was a clear-cut whodunnit with a fantastical backdrop. Comparatively, book 2 is a bit more aimless and meandering and suffers from middle-book-in-a-trilogy syndrome at times."
Jennifer,418,6,3,"March 19, 2023",,,"While I did like the story, it felt completely different and removed from the first installment. We’re introduced to mostly new characters this time around, as several years have passed since the The Helm of Midnight. I do appreciate the summary/recap in the beginning, but now I want to reread it because I certainly don’t remember those events happening at all…Out of all the characters, I found myself wanting to know and stay with Thalo Child more. Mandip unfortunately was my least favorite character."
Sophia,57,,5,"September 10, 2023",favorites,,Um ok so shamelessly I loved this more bc of the romance that built up but I also loved the additional characters esPECIALLY HintosepThe lore & story just got better & while there were moments I felt dragged out too long (the first 200+ pages take course over 3 days? & like a bulk of the middle is a single night?) but the little time jumps at the end & the final 1/5 of the book had me HOOKED like I had to finish or I’d lose my marbles Love this worldLove krona & thibaut & Juliet & Hintosep & Avelino & miss marina I need you to finish book 3 yesterday !!!
Amy Lee,46,1,3,"February 12, 2023",,,"The Cage of Dark hours by Marina Lostetter was well written and the odorator on the book was engaging.The story itself I found hard to really wrap myself around because it seems to be the same storyline in every book of science fiction I've read in the last 3 months. It also reminded me of several science fiction movies that I've seen recently and series on tv.I apologize to the audience , ut I didn't feel as though this was an original idea for a book nor did I find it engaging."
elly,25,,5,"July 24, 2023",,1,"THIS BOOK! Seriously, this book. It's everything one could ever want from a fantasy sequel- it carries the consequences of the first book, expands the world in so many ways, gives us deeper insight and understanding as well as plenty more mysteries and secrets yet to be uncovered. It was a thrilling adventure from the first chapter, and the last couple of chapters left me breathless. This is definitely one of my favorites of this year and I can't wait to see what comes next."
Noodle’s Book Nook,166,,5,"February 10, 2024",book-recommends；fiction-recs；scifi-fantasy-recs,,"The second book of the Cage of Dark Hours series certainly did not disappoint.This book was what every second book needs to be! The same characters but with even more mystery and intrigue with political complexities and lore so rich it will have you wanting a textbook for the info.Overall the book left me very very excited for the third book, hoping it will come out shortly so I can preorder it asap!!!"
Brendon,165,4,4,"March 10, 2023",,,4.0/5.0The magic system that hooked me in the first book is improved upon here! So good news to report on that front. Kept me hooked with the unraveling mystery and political intrigue. Probably a little heavy handed with the amount sex scenes but that may just be a personal reading preference on my part.Cant wait to continue!
Anna Hawes,490,,4,"April 30, 2023",,,"This one also has multiple viewpoints but introduces new characters for two of them. For a while, one of the storylines was so different and confusing that I disliked it but eventually it grew on me and it all came together in a very satisfying way. The ending left me wishing book 3 was here already..."
Maleesha,227,3,4,"May 27, 2023",,,"This was a solid sequel. I enjoyed it much more than the first book. I liked the characters more, the world and the magic got way more interesting, and the storyline was easier to follow. You barely see the villain but you hate his guts. The Thali Child became my favorite pov and wow the story was dark sometimes. I will definitely read book 3."
Kandice,382,1,3,"June 14, 2023",,,"I had a harder time getting into this book, it felt like the first part dragged on, there was a lot of setup similar to what you would see in book one. Second books tend to be my favorites because you can just jump into the story but books 1 & 2 feels like they were flipped. Fingers crossed that book 3 will be more like 2; I’m also very interested to hear more about the gods."
Michael Howley,408,3,3,"February 21, 2023",,,"Better than the first one, but still disappointing compared to Marina Lostetter's untouchable sci-fi. I just never felt fully invested in the characters or the reveals of the true nature of the world and the magic systems. Bonus points for working the real world la Maupin into the mix."
Dylan Kramer,155,,5,"March 2, 2023",,,What can I say besides that I love that series. Some super good thrilling fantasy that you just don't find elsewhere.Would love to be a time wizard myself to go forward a year to read the final book.
Hailey Sky,232,5,,"May 30, 2023",,,"DNFLostetter included an absolutely baller plot synopsis for the first book, but even after 100 pages in I could not tell my sister what the book I was reading was about and I just want to move on to read other books in my collection."
Lauren Wright,14,,3,"July 21, 2023",,,"The first book was better. I miss the noire-murder-mystery feel from the first book as well. As it is, the second book is a mish mosh of fantasy genres. I hope the third book hones in on a feeling and runs with it."
Pauline,375,,4,"October 17, 2023",library,,"A bit of a chore to get through for me, unfortunately. It felt really really slow in the beginning, but still has interesting concepts and good characters. Just wish there could be a bit better pacing."
Bailey,41,,4,"February 23, 2024",,,"I really enjoyed the second installment of this series. There was great character development and world building extended from the first, while also introducing dynamic new characters. The epilogue was very eerie and a chilling tee-up to the 3rd book."
Vanessa,501,6,,"April 16, 2024",,,"I really enjoyed the first book of this series, which was a very unique sci-fantasy horror. This feels totally different and nothing has happened the first third of the book and I’m just bored so DNFing. I do highly recommend book 1, which can be read on its own though!"
Lala,44,,,"November 6, 2021",,,Can't wait for this to come out
Twainy,928,,5,"February 20, 2023",yesss,,"I really loved the world created in The Helm of Midnight! And at least 2 of the 3 main POVs! The second book in this trilogy is even better. Can’t share who lives/dies/disappears but I can say that I really enjoyed 2/3 of the main POVs in this book too! The magic, world, relationships, characters, story all expand! Child stealing. I wasn’t thrilled with them. The Regulators? Still fascinating. The more I read the more I was captivated & couldn’t put it down. If you liked book one of this trilogy you will love book two! I can’t wait for the final installment!! Thank you NetGalley & Macmillan Audio! Another hardcover on my Amazon Books Wishlist! Great audio!!"
Jill,527,3,4,"March 6, 2023",,,Great second installment. The magical system is organically evolving with the plot in a way that I really enjoy.
Loren C,752,4,5,"March 27, 2023",,,"a very good second book, mid trilogies are rarely this worthwhile"
Stephanie,214,13,5,"March 29, 2023",2023-releases；audience-adult；genre-sff,,Stop sleeping on this series RIGHT NOW!I love this world so much and cannot wait for the conclusion
Ilona,121,11,4,"April 5, 2023",,,4.5/5 stars
MattWiz19,232,1,3,"April 9, 2023",,,Actual Rating: 3.5
Jean,100,,4,"May 5, 2023",2023,,rtc (maybe) but why do i keep starting unfinished series
John Adams,1474,5,4,"June 14, 2023",,,"A solid if dark sequel, giving the characters' relationships more depth and dramatically enlarging our understanding of both the political situation and the larger magical/divine world."
Dann,366,8,5,"July 22, 2023",,,"Just as engaging as the last one. This is quickly becoming one of my favorite series! Highly recommend for fans of fantasy and mystery -- if you're good with it being rather dark, of course."
Bliss Rubin,12,,5,"August 31, 2023",,,gods some of the stuff in here is messed up and I LOVE IT. Book three NOW
Sophie,261,,3,"September 28, 2023",,,3.5
Kate Wall,2,,5,"November 6, 2023",,,So good. Such a strong follow up from the first book. The third one isn’t out yet but this books ends in a cliffhanger and I’m so ready to get back into this series.
Nico,347,14,4,"December 13, 2023",,,"Underread series. Not as creepy as the first book and and the mystery didn’t have me as hooked, but still a great book (and it did have a quicker start)."
Caitlin,447,12,1,"December 25, 2023",dnf,,DNF Full review to come
Anna,136,1,4,"January 13, 2024",,,Big fan of Mandip and La Maupin.
Jude,39,,4,"January 14, 2024",,,3.75 stars
Alycia,243,,4,"February 8, 2024",,,"4.75 The magic system exploded in this one, like wtf"
Cheryl,63,,1,"February 18, 2024",audiobooks,,2024 - Ebook & Audiobook - 1 star.
LiLi,58,2,2,"September 4, 2023",,,"The Helm of Midnight is one of my favorite books that I have read, and I am heartbroken that I didn't love this one nearly as much.This sequel doesn't have the same elements that I loved about the first book and what I thought made it unique. The plot was slow, the characters weren't interesting, and the tone felt juvenile at times. There was one POV that I liked here and the world is still fascinating which is why I will still pick up the next book."
melanie,411,,4,"February 27, 2023",fantasy-scifi；horror,,"honestly love one or several fucked up little rituals, but it is annoying how the author's world building makes use of pronouns beyond she/him etc and yet the main couples are all cis f/m my theory is"
ZombiieeX,169,37,,"March 2, 2023",dnf；ebooks,,DNF @ 37%
Julian,154,1,5,"October 18, 2023",,,"I definitely liked the first book, but I find I like this one even more. The danger of the previous events appears to have mostly settled, but Krona is left with disturbing and blasphemous questions. The pace is quick with a strong sense of adventure- as the characters discover more they are able to find a sense of real direction. It is very interesting to see “higher up” characters interact with each other and hopefully drop more clues to the reality of the world. The odds are still shown to be so against the heroes anyway, but that means that even the smaller victories matter more. I enjoyed seeing more magic and look forward to new discoveries, and I really love the characters. Juliet is perhaps unproportionally talented and attractive, but I like her so much I can excuse it. Krona and Thibault have me kicking my legs and twirling my hair a bit. They’re more tropey than before, but it’s still very cute (although I am personally a little disappointed to miss the opportunity for a straight woman to be undeniably into a bisexual man). The world is fun, the plot exciting, and characters lovable, so I really enjoyed reading this."
