Reviewer,Review Count,Followers,Rating,Date,Tags,Likes,Content
✘✘ Sarah ✘✘ (former Nefarious Breeder of Murderous Crustaceans),2424,7710,,"March 26, 2024",favourite-series；kate-daniels-world；unreleased-give-it-give-it-give-it,111,"It's finally coming!!!!!.Second or  quarter. it's happening. Not super very soon, but . . shock! Dismay! Dispair! ! The book probably !  release has been !!! Woe is me, sob sob sob and stuff!!! we have a !!!!!!!!!!!!!!  it is!!!!!!!!!!. .· :  ★★★★★"
Geri Reads,1232,2116,,"July 2, 2018",,92,Three questions that still need answers:Who is Elara?What is Elara?Why is Elara?I CAN'T WAIT!!
Aisling Zena,635,503,,"November 18, 2021",,77,"Tea with Hugh and Roman! Mystery snippet! I believe it's either here or Aurelia 2.All Ryder/Julie snippets moved to it's proper book placement on GR:But kept here also in the spoiler just in case it all gets deleted. It's happened before.. On here just as a place holder, will move it when the book is created on GR officially but we have a snippet for ROMAN!! And what a snippet it is! YAY!  So I just found out that we are not getting a Julie/Erra/Derek spinoff (at this point in time) because of the amount of hate mail Ilona Andrews receives over Julie.Some of us love all the characters because the writing/world building/authors are so good and we would have loved a Julie spinoff. I can't wrap my head around this and I had actually written a rather long rant over it.. I just want to say that it's a damn shame that some people have made the authors feel this bad over a character. And to the Authorlords, I'm so so sorry they made you feel this way.. Direct quote from their website:   My look of anticipation after reading the first one."
Sophia Triad,2240,3605,,"March 7, 2020",,41,"Title to be determined , DELAYEDHehehehe (...evil laugh)"
Ina,229,47,,"September 22, 2018",,25,"The story of Elara Harper? I'm sorry, who is Ms. Elara Harper? You must surely mean Mrs. Elara d'Ambray.Just kidding. Can't wait to read this."
Camila (previously the opinionated Catruler),357,251,,"August 31, 2018",,20,How do I get a copy of a book that hasn't been written yet? To which God do I make the  sacrifice?
Corina,807,2452,,"July 15, 2022",,13,"NEED, NEED, NEED this book right now!!!!"
Kay reads too much,54,1,,"July 13, 2018",,10,I want to know who Rook is.
Luckylovesbooks,742,7,,"March 23, 2021",coming-in-2020；coming-in-2022；coming-in-the-next-100-years,9,"July 2, 2018YASSSSSSSS YAS YASSSSSSS YASSSSSSSSSSSSSSSSSSSApril 15, 2019Is been pushed to December now 😭😭January 28, 2020 No idea when it’s coming out 🤷🏽‍♀️🤷🏽‍♀️December 4, 2020 “Published 2022” If you listen very closely, you can hear the sound of my despair echoing in the wind."
Allons-y,239,46,,"March 19, 2020",,8,Elara's book!!I mean.........Do you understand how excited I am?I am freaking the hell out and it doesn't even have a title yet.... This is not going to go well for me......This is an actual clip of me waiting for this book to be released. I mean......Please?(Update- 03-2020)
Maria Dimitrova,745,146,,"September 2, 2018",,7,Elara's story? Yes! Yes! YES! I can't bloody wait!!!
İlkim,1420,11,,"December 11, 2022",,6,"Bekleyişin 5. yılına doğru editi: Beklerken yaşlandığım birkaç seri var cidden, bu da o listenin başlarında..."
Lola,43,23,,"September 6, 2020",,6,"Two years later, I’m still thinking about this book! It hasn't had a release date for a while now. From the IA website: Is it totally weird that I’m  now?I get it though, times are strange and scary and that probably isn’t conducive to sinking deep into the black hole that is necessary to write a grim book. We don’t want IA depressed or burned out. I'm not sure if the grimness mentioned referred to COVID though, seeing as how IA wrote this on the blog back in november 2019: Well, the world hasn't exactly gotten less grim since the fall of 2019.EDIT: Yes, they meant the corona crisis. Here's what IA wrote in May 2020: Aw, this is so nice! I hope the pandemic gets fixed soon (me and everyone on the planet). IA are in Texas and the pandemic raged pretty badly over there. I read somewhere that even one of their daughters got COVID. This was on top of Ilona writing about feeling burned out in February, so shortly before the pandemic reached America. I have a feeling this book could take a while, but you know, a delayed book isn't the weirdest thing right now. Hopefully, IA will be able to write IC#2 at some point. I’ll be patient. And excited. And patient. :) Signed, happy member of the Book Devouring Horde."
Mariya,576,256,,"July 2, 2018",magic-users；urban-fantasy,6,Did they just fucking say
Ash,614,5,,"September 2, 2020",,6,ITS BEEN TWO YEARS AND I STILL THINK ABOUT HUGH AND ELARA. When will we get number 2? 😭🙏🏼🙏🏼 please Illona Andrews please
Mari,1133,,,"August 29, 2018",,5,"Story line in Triumphs about Hugh and Elara helping with final battle. Bookmark in chapter 14 for his entry into book. Read from there, plus 15, 16. After end battle: ""H & Elara survived and returned to their castle. H didn't heal Dali (to get pregnant). Jim asked her to delay 6 months."" In Erra's part of epilogue, she and Julie talk about bringing H to Mishmar to visit his grandmother. (As if he really was Roland's son). Erra, ""The boy would need to meet his grandmother at some point. But right now, he had his hands full and I doubted his wife would appreciate us dragging him off on family business."""
Sae,34,,1,"November 7, 2021",,5,"Still no title, cover or release date. Read the snippet months ago but still no release date. Pretty disappointing."
Antigoni ,15,17,,"July 3, 2018",,4,I can't freaking wait for this!
Ade,92,2,,"December 28, 2023",,4,2024 and still no book in sight...for fuck's sake
Erika ♥OwlwaysReading♥,370,158,,"April 19, 2022",,3,"It doesn't look like it's going to get any better anytime soon though!!! 🤞 this isn't THAT ""grim"" and has a HEA or HFN ending 😬"
James D. Hines,55,,1,"May 19, 2020",,3,"how is it 5 star when the book isnt out? Thats wrong. And the author isnt giving any updates or it seems, working on the book. During these times there is no reason to not keep people up dated."
Rubal,609,48,,"October 25, 2023",wish-list,3,"""What’s next, what’s next?I’m going to kick myself for this. Iron and Magic 2 is next.""it's been 84 years!!!!!!! no, literally!!!!1"
Taisa M,5,,5,"February 21, 2024",,2,I keep checking to see if this book is out yet 😭
Julia,21,,,"October 31, 2020",,2,"It seems we have to wait for this book indefinitely. Since I’ve just reread the first one for the third time, I am starting to get just a very little impatient (read: very very very impatient and frustrated). Might use the waiting time sensibly though and reread every other book IA has ever written. Desperate times and all…"
T00zday,577,123,,"July 16, 2019",gush-adored-author-or-series；gush-cant-wait-to-read,2,(Grabby Hands). Gimme!!
Vivian,186,,,"March 26, 2024",,1,"Omfg IA just posted on their blog that, best-case scenario, this book won't be out until mid-to-late 2025 😭😭😭 I absolutely adore them, but I'm beyond sad and frustrated right now. It's absolutely ridiculous that it'll be  between installments! Especially since they've kept promising this book is next and even released snippets, only to continually push it back in favor of random, newer projects. It's such a poor business decision too, since it looks like, based on these reviews, more and more readers are forgetting about this series and losing hope. I just want Hugh and Elara to come home to me..."
Molly,8,1,5,"August 19, 2020",,1,Please release the book! This is the best series I’ve read in years. It’s amazing and would cure my pandemic depression if it came out soon :)
Lais,200,29,,"January 5, 2024",,1,i would give my life for this book
dream.of.books (Sharie),4,12,,"February 29, 2020",,,"Uhh.. can’t wait, looking forwards to read about them again 😊💚"
Anna Serene,563,131,,"February 18, 2021",imo-series-love；m-fantasy；m-fiction,,"I forgot, until I finished rereading Iron & Magic, how much I REALLY need this book!"
Howling Good Reads,60,23,,"October 14, 2018",,,I’d be totally fine with the ‘cover coming soon’ pic of Elara being the actual cover. Love her!! Sorry Hugh you can get the back cover...
