Reviewer,Review Count,Followers,Rating,Date,Tags,Likes,Content
Goblin Reaper ,256,,,"May 25, 2022",,12,"It says ""Sailpunk lesbians in space"", well sign me up!"
Silke Jensen,58,4,4,"July 16, 2023",,4,"I absolutely loved the portrayal of ""inseparable friends become enemies due to sexual tension"". I feel like a lot of wlw must be able to connect with this experience and the strong feelings that surface when the friendship is broken, no matter how toxic that friendship was.Right from the beginning we're thrust into these deep, unresolved emotions, but then also introduced to a class system, poverty, a disabled family member, how fucked up the military is, how fucked up capitalism is! And how insignificant it can feel to just be part of the system and why ""I'm just following the rules/I'm just doing what I'm ordered to"" doesn't free you of responsibility for the outcome.Lesbian pirates in space doesn't even come close to describing how much there really is to this book.Thank you to Hansen House for the ARC in return for my honest review :)"
Sheila Jenné,,20,,"July 14, 2023",sapphic-sci-fi,4,"This book has been four years in the making, so I'm excited to finally be able to share it with you. I hope it speaks to the hearts of anyone who's wanted to go to space or sail the high seas.Here are a few trigger warnings for the book:If this means it's not for you, I totally get it. Or if it means you need to take particular care before reading, I hope you do. Of course, including this stuff is not an endorsement of any of it. I worked through some of my own anxieties in the book and it shows!"
echo,69,4,,"January 5, 2023",,2,"Regency lesbian pirates IN SPACE??  Please, please let her be Irish. 🙏🏼"
Becca Lally,8,2,5,"May 11, 2023",,1,This book has everythingMarsScienceRegency vibesLesbians....IN SPACERead this book as soon as you can!
✩☽,290,,2,"August 19, 2023",2-5-stars；g-sff；s-ff,,"depictions of inter-class relationships invariably downplay the power dynamics of class difference, and focus on interpersonal conflict instead. instead of ""hey it's fucked that we are in love but also i am your literal servant over whom you have an unfair amount of power"", its always that the rich person/noble is Actually Good and Virtuous at Heart and Has Secretly Noble Intentions for acting like a classist wanker - its all just a miscommunication. this book is no exception to the trend. class politics take up more of this book than i thought they would but in quite a baffling way. there is a genuinely weird amount of what i can only call feudalism apologia in this book - obviously it makes sense for the protagonist to believe the horseshit say shes because she's a noble, but the fact that she says it to other people including ""commoners"" and people from different planets and class systems and nobody blinks an eye as if whatever she's saying makes sense is extremely bizarre. not to mention the framing of corporate capitalism vs feudalism as if those are two options available? can't say i'm thrilled about the race dimension either, not that it's even addressed - lucy is ostensibly of part chinese descent based on her name but this is never brought up in the book, and the visual picture that the novel paints is Pale Blonde White Noble and her Brown Indian Servant, which ... lol. inane class politics aside, this is a solid debut novel and lucy's characterization is commendably consistent. i found it weak in the romance department though. the novel takes it for granted that moira and lucy have a strong childhood connection however none of it is really depicted in the book so the romance feels really weak and out of left field in comparison to how thoroughly fleshed out lucy's pov generally is."
H,45,,5,"August 24, 2023",,,"I love how fresh this story is. Taking sailing ships and a 19th century navy to space doesn't seem like it should work, and yet here it does flawlessly. What's even better is the author explains how without ever info-dumping or overwhelming the reader. Lucy Prescott is a member of the Martian aristocracy who is forced to join the navy in order to save the family fortune and keep her brother safe. In service, she runs into her childhood flame Moira, daughter of her family's stablemaster, and things roll. It's a Regency premise with a higher-stakes setting, the story of one woman's awakening to the hypocrisies of class and planet fealty. Jenne is quite clever--we see it all unravel through Lucy's eyes, but we also have Moira, her love interest and foil, the woman who knows her better than she knows herself, acting as a social conscience and a (not at all impartial) observer. Their love affair is tested both by themselves and a cascade of external events that include pirates, space battles, Venusian bars, and giant asteroids. But the story, again, is so much more than a love affair. At its heart, this is scifi for geeks: Jenne explains her solar sails, Venusian terraforming, how to saber fight in space... And everything else. And she makes it work. This book really stood out for me from all the recent scifi I've read. Jenne is a fresh new voice and I can't wait to see what happens in this universe next."
Dani Cox,120,2,4,"July 17, 2023",,,"Space. Pirates. Queer. What more could you want?This was a fun adventure through space with an eclectic mix of characters. It was fun to read. The political intrigue keeps you guessing as to what the main character will do next, and it's full of morally grey characters. There is a lot going on in this book. The world building of the different planets, the different societies and class systems, not to mention the completely different environments found on the ships. But it is all written well so everything is clear and understandable. The book is told through the POV of Lucy, so you get a real insight into the main character, her ideas, thoughts, principles. But you do get an idea of what other characters around her are thinking through her insights, which makes the story more well rounded. The relationships between the main characters were all well thought out and written, and there are certain characters you really like, a few you hate. The adventure really gets going in the second half of the book, and the ending leaves it open for the next in the series.There is a very slowburn queer relationship, which is friends to enemies to lovers, which is very satisfying. These characters are thrown together on a ship, which is a really fun dynamic!Overall a highly enjoyable adventure through space!"
John Connolly,1,,5,"July 28, 2023",,,"I just finished reading this book and I can't recommend it highly enough. You can tell that the world depicted in this novel was lovingly and meticulously crafted, with loads of backstory merely hinted at. Nevertheless, this was not a detailed, exposition-heavy tale, but a pounding adventure in an ""Age of Sail"" reimagining of space travel... and space combat. Deep political themes run throughout the narrative, pitting an oppressive aristocracy and its brutal navy against common people looking to be free. In the foreground is the protagonist's increasingly torn allegiances: to family, to empire, and to a childhood friend once lost and now reunited under fraught social and practical circumstances.The story ramps up after giving a taste of the regency feel of the Martian aristocratic social scene. However, don't think this is a polite novel of manners. Once spaceborne, the protagonist is catapulted into situations that test her fortitude and ethics.The heart of the story revolves around the smoldering desires between the two main characters. The romance is steeped in tension amid old hurts as they are thrown together in a tale of blood, peril, and intrigue.In the end, I was relieved by the indication on the book's cover that this is ""Book One"" in the series. I look forward to the next and seeing where this story goes from here."
Misha,1098,34,5,"September 15, 2023",2023-faves,,"I really enjoyed this. I appreciate a well-fleshed world with complex interplanetary relations and history, societies, classes, and economic concerns. An absolutely rookie writer mistake when writing fantasy or sci-fi is to mistake complexity and made up words for engaging and interesting (not to mention easy to follow along and build on layers of knowledge) worldbuilding. I was really pleased that we have historical context for the colonization of Mars and why the elites there are in that position, how society has failed the other people on Mars and on Earth, and how pirates eke out a living in space.The other really interesting thing in this book is that the POV character is Martian nobility and a lawful good character, a combination of which can get tedious and dull to follow around very quickly. Lucy, however, is so clearly pulled between the ""lawful"" (her military oath and responsibilities to her family and house) and the good (doing the right thing and being honourable for her own code) that she's very engaging to follow in this world. The fact that she has a chaotic pirate childhood friend that she is definitely not in love with adding to her warring feelings is a definite bonus.Sapphic pirates in space with interesting interplanetary conflicts. If that's your jam, you will enjoy this book."
Lizzie,410,45,4,"July 14, 2023",arc；lgbt；science-fiction,1,"There are so many different elements at play in this book, but they were all combined brilliantly into one cohesive world. The story was gripping from the get-go, and I had such a blast going on this adventure with the characters.Combining space travel with not just pirates, but a pirate aesthetic, is no easy feat, but Jenné made it completely seamless and natural. I’m very picky about my world-building, and this was done brilliantly here. The world was fully formed and immersive, full of brilliant details but without being overwhelming to the reader. I really liked how class dynamics were explored and used in the world, creating tensions similar but not quite the same to what we see in recent history.This was such a fun space adventure, taking us all across the solar system with a compelling second-chance romance driving it all. It was so easy to get stuck right in, and lose myself for a few hours in the story.I received a free copy for review. All opinions are my own."
Helyna Clove,,22,4,"November 17, 2023",,,"I really liked this sailships in space book! The world was intriguing and built up well, specific and technical in places without overwhelming us with minutiae. I really enjoyed reading about life on a solar sail ship. Lucy was an interesting main character to follow, too, as aggravating as she could be sometimes! :) Watching her widen her horizon and turn from someone who had no convictions or strong opinions, going in whatever direction her life forced her into a person who actually thinks about stuff critically was satisfying. She makes grave mistakes and she's ""not finished yet"" (seeing there will be sequels) but you know, it's a start! And even though the book doesn't say much more about war and class struggle than we hear usually, it was interesting to see how opinions and alliances clash and things play out. I especially loved how the plot turned out with the station at the end and it makes me very interested in what comes next. I did like the romance as well, Lucy and Moira are so different but somehow fit together well. I'm curious about the chaos they will make :)"
grosbeak,606,23,3,"September 24, 2023",2023-pub；evil-space-empires；f-ftw,,"This was…fine. The age-of-sail-in-space parts were fun and detailed, and the plot did, to its credit, put the protagonist into a hard moral dilemma, caught between two callous governmental powers and her own conscience and sense of duty, although the tidiness of the eventual solution was maybe a little bit too neat. There were a couple of moments that made me cringe, like the very sincere wisdom from the saintly political prisoner dissident that “the Martian Navy won’t love you back”, but the main problem was the romance was kind of inexplicable. Why does Moira still care so much about Lucy after all these years? She’s really spent the last eight years, in which she embarked on a career on a space merchanter and met all kinds of new people and new ideas, pining after her upper class twit teen crush who rejected her because their social statuses were incompatible? I don’t get it."
Ry Herman,,39,4,"February 10, 2024",lgbt；romance；science-fiction,,"I'll start by saying that if you want to enjoy this book, you have to accept that the technological future depicted is a wildly implausible one. There is a figleaf of explanation, but it's mostly just an excuse to have a tall ships naval adventure in space. That being said, this certainly isn't the only book in that subgenre, and there are others, like steampunk, that require as much of a willing suspension of disbelief. And if you are willing to do that, this is a book with a lot to it -- not just spaceship battles, interplanetary war, and pirates, although it has plenty of those, but also an interrogation of the horrific class and economic distinctions that pervade a society with flogging and press gangs. I'm looking forward to the sequel."
AlexanderRM,10,,5,"April 6, 2024",,,Phenomenal book that takes a great setting and does interesting things in it; the political backdrop makes sense and has good nuance and the book has the best nonverbal autistic representation I've ever seen.
Lila Gwynn,,106,5,"March 8, 2023",,7,"i see this book has been ""Charles""d already. looking forward to it."
Grace,683,6,,"August 22, 2023",,,DNF @ 19% don’t think i’m in the right mood for this book right now might come back to it later
Aaron,10,29,5,"December 29, 2023",hppl；sci-fi,,It's just so darn good. More please.
