Reviewer,Review Count,Followers,Rating,Date,Tags,Likes,Content
Eva B.,1389,436,,"July 8, 2022",autism-rep；five-star-predictions；im-gonna-become-the-joker,17,Compared to Strange the Dreamer? Plus-sized lead in a fantasy? Pygmalion vibes? Autistic love interest? I will not be at rest until this book is in my hands
Chloe,637,64,,"May 30, 2023",,12,"Yes, I have been emotionally destroyed, thanks for asking!"
Kaley,409,118,4,"September 24, 2023",arcs；disability-books-i-ve-read,11,"4.25 starsRep: plus-sized FMC and an autistic MMCThis was a fun, fast-paced fantasy with wonderful representation and a truly unique premise. Gia has spent 1000 years locked in stone when autistic temple ward Milo accidentally frees her with his prayer. Gia is hungry for revenge, and Milo is faced with the realization that everything he has ever believed may just be a hoax—it turns out the miracle Milo’s spent his life venerating is actually a curse that Gia will stop at nothing to break.I flew through this story. I read it in less than 2 days and I never wanted to put it down. I loved what world building there was. It was so interesting and unlike anything I’ve read. I did have questions about the politics of the world at large, outside of their small country, as well as more information about the beasts and monsters, but for the most part I was immersed in the world. The pacing was a little fast in a couple of sections, but for 90% of the book it was the perfect pace for me.The only place where I was left a little wanting was in the character department. I just found myself wanting…more. More development, more emotional depth. I really liked the characters, but I was never able to fully connect with them. I felt especially disconnected from their emotions. There was so much potential for emotional turmoil, in Milo questioning everything he believed, in Gia being thrown into a world 1000 years separated from everything she’s ever known, and of course in the romance, but I felt like the book never delved past the surface level of exploring the emotional implications of these aspects. That said, this was over all a really enjoyable read and a strong debut. I loved seeing an autistic character—and even explicitly, the word autism—in a second world fantasy. I loved the way Milo’s autism was portrayed and the way that he was written. It was clearly #ownvoices representation. Leanne Schwartz is an author to watch. I cannot wait to get my hands on anything else she writes in the future.CW (provided by author): violence, blood, minor gore, abuse of power by a religious authority figure, one interrupted instance of sexual pressure by an authority figure against another adult, minor ableist bullying, pressuring of an autistic to mask, some internalized ableism, brief mentions of fatphobia"
Starr ❇✌❇,1417,143,3,"July 13, 2023",2023-looks-good；23-for-2023,7,3.5*Review to come*
Jen,,255,5,"February 13, 2024",,6,"A fresh, whirlwind adventure with characters I loved to root for."
Bella Toric,447,33,4,"September 14, 2023",arc-reads；netgalley,3,"I really enjoyed this book for what it was! I found it simple to read, the pacing was a little quick from time to time, but really enjoyable otherwise. The plot was fun and cute, nothing that gripped me too intensely, but I still found myself enjoying the book and sitting on the edge of my seat as I read right to the end. This book is a YA fantasy, and reads as such. That being said, I really liked it and found myself enjoying the characters and plot. It was simple, easy, and overall so enjoyable! Thank you NetGalley for providing me with an eARC."
Frank Chillura (OhYouRead),1070,55,5,"December 5, 2023",,2,"After being cursed for a thousand years as a stone statue, what’s a girl to do? Seek REVENGE!! I would also be looking for retribution in blood, just saying!A Prayer for Vengeance has an incredibly imaginative world unlike any I’ve ever read before. The closest comps I can think of are if you mixed The Invisible Life of Addie Larue, Percy Jackson (strictly for the Greek Mythology, but think the Furies), and Disney’s Gargoyles.  But THEN!!!!!!! We have the representation!!! Gia is a plus-size MC and one hella bad b!+ch!! She was giving me Xena Warrior Princess vibes… dunno why. I wasn’t mad at it! NOT AT ALL!! Milo is the adorable neurodivergent love interest who literally prays her back to life. He’s a sweet innocent boy whose world and belief system is completely crumbled in one fell swoop. I love them both!🥰 The book was really quick paced, to the point that I had to go back a couple times in the audiobook to listen again, because I missed something. That, of course, is on me, because I do multiple things while I read. I love the pacing overall, though, because not only did I fall in love with the characters, but with revenge on the brain, we know the story is going to have a quick forward trajectory."
Jackie Johnson,,141,5,"December 5, 2023",,2,This book was beautifully crafted and gorgeously written. I love Milo and I will protect him at all costs.
TheGeekishBrunette,1341,39,3,"September 20, 2023",2023-reads；arcs-earcs,2,"I am always down to read a book by a debut author! Some of my favorite reads have been by one. I thought that the pink was really nice on the cover and the blurb sounded really good.The book is told from two point-of-views and they come from Milo and Gia. The beginning prologue starts off with Gia’s and sets the scene for how everything came to be before Milo was ever around. It was definitely a very intriguing beginning that had me hooked.I thought both characters were good. Gia is a plus size girl and I always enjoying seeing the rep. It’s hard to find books with it, but more and more are coming out. She is strong-willed and will do anything to redeem herself. I liked that she strived to fix everything she had done for a man and bring her sister back. Sisterly bonds are important to me and I love to see them in books. I could definitely relate to Gia when it comes to being swayed by a man who talks sweet nothings only for them to get their way and move on. Milo is a very studious guy and felt very much like a cinnamon roll. Their relationship grows over time and was sweet.I did feel like at times the book dragged on and left me needing just a bit more action to keep me invested. I also wanted more from the religious aspects because I didn’t quite understand how it all worked.Overall, this was a nice debut!"
Monique,700,87,4,"September 26, 2023",2023；autism-rep；e-arc,1,"A Prayer for Vengeance by Leanne Schwartz is a story about a girl turned to stone, and an autistic boy who accidently revives her. I couldn’t wait to read this one, as autism rep in a fantasy story is quite rare. But this book is so much more than just autism, there are so many good things! The main character Gia is fat, and she has her issues with that but also learns to love herself. She is also a fierce warrior, and really badass if a bit rash. She was turned to stone by Ennio, who she adored, but Ennio betrayed her and her sister who ruled at the time, and turned them and their companions into stone. Fast forward a while, and Gia gets out of the stone because of Milo, and she sees that the world has changed entirely and the truth has been buried underneath religious lies – lies that Milo has learned all his life and believes with a passion. You can see the parallels with today’s society, and I loved that!But now, about the autism rep since that is why I requested this book: I loved it. This is how autism rep should be done! It just exists inside this fantasy story, but not as the main focus. You can really see the ‘tism in Milo’s thinking, and how he responds, and it’s amazing how you can look inside his head. I could really identify with him, and he is very likeable, a cinnamon roll that learns how to be brave and make his own decisions. Sometimes I wished the autism was a little more visible in the form of maybe stimming or a meltdown/shutdown (as quite distressing things are happening), but to have it just exist in the story is enough for me. The relationships are the strongest thing in this book for me. Sisterly love, queer love on the side, and lots of friendship. I love how Gia en Milo’s relationship grows. And their characters have quite a bit of growth too, I love how Gia grows to see the bigger picture. Plotwise, I have to say it took me a while to get into this book. The beginning felt really slow, while the end for me was a little too fast. This book seems to be fast paced and action packed, yet it feels slow to read? I don’t know how to explain it exactly. I did love the story quite a lot and kept reading, so it isn’t that big of a deal, but I have to say something felt off. The story was amazing, very layered and lots of action. Love the villain! The world was very much centered around religion, and not so much explored, but I’m ok with that. The ending was amazing… I love how there’s accountability for everyone’s actions including the good guys. I give this book 4 stars as I really enjoyed it. The autism rep and the relationships were the strongest part for me, and I loved the characters. I received a free e-arc through Netgalley but it hasn’t influenced my opinions."
Temmathomas,151,24,5,"September 15, 2023",,1,"What an apt title. Gia wanted to find her out way out from her older sister Lena’s shadow, but older Ennio betrays her. Really, Ennio sees a mark- a vulnerable teen who’s mistreated because of her size, and he manipulates her into helping overthrow her sister, a beloved ruler. Of course, Mia catches on but it’s too late- she and her sister are turned to stone. That is, until Milo accidentally sets her free. Mia discovers so much corruption that Ennio, still alive 1000 years later, has warped his citizens’ beliefs for the sake of power. The truth is just dust on the wind, and isn’t that absolutely terrifying? Because who would know better? Gia does. Now she has to team up with an unsure Milo to try and save her sister and fix the mess that Ennio made— righting so many wrongs that it’s hard to keep count. Holy cow, does this author write well. This was *prose* and not only did it make a mythical world vividly accessible, it was stunningly gorgeous to read.  And the characters. Gia never really meant harm, with her hair-trigger temper and stab-them-now-apologize-later mentality. Well, until she means vengeance, and then it’s deserved. I loved seeing her strength and moral core, and watching her soften toward Milo even when she could have been overcome by rage. Milo is gentle and kind, saving even those who may not deserve it. He balances Mia so well, showing his own bravery and strength at every turn. I adored his faith and the unlikely love that blossomed between him and Mia. The autism representation with Milo was excellent. I’m neurodivergent, and I related so much with him and his relationships. I need to see more characters written like Milo! Which means I’ll happily be reading more of this author’s books. All of my stars!! This is what you’ll want to read for an epic new YA fantasy romance that will make you want to pick up a sword."
Meigan,1237,72,5,"October 3, 2023",,1,"A PRAYER FOR VENGEANCE was a fantastic fantasy debut about curses, beasts, and monsters, with a girl out for vengeance at the center of it all. There were so many things I loved about this book and it’s one I started, intending to read just a few chapters, but it hooked me so quickly that I couldn’t put down until I turned the last page. I loved the world-building and the politics that rule in this small town, and I loved Milo’s role as temple ward and the tasks that come along with his job. A few things I loved about this book were:⁣⁣⁣⁣⁣➽ Plus sized FMC⁣⁣➽ Neurodiversity/fantastic autistic representation ⁣➽ Greek mythology ⁣⁣➽ Curses and Magic⁣⁣➽ The mythology of the town and the beasts⁣⁣➽ Sweet romance between Milo and Gia⁣⁣⁣➽ Religion gone wrong ⁣⁣➽ Delightful characters ⁣⁣⁣Definitely pick this one up if you’re looking for a fast-paced fantasy with wonderful characters and an immersive, engaging storyline. 4.5 stars. ⁣"
Shia,851,14,4,"September 22, 2023",,1,"“What did you pray for?”…“Bravery. The strength to stand forth and do the right thing.”Courage is a hard virtue to have especially when fear is present in our daily lives. Fear of retaliation, fear of the fall out, fear of never having enough time, fear of death. While this story highlights Gia and her vengeance, I feel this story is more about Milo, our autistic cinnamon roll, who learns to be brave in the face of adversity. A strong novel representing diversity and inclusion. This is a must read for all readers who want inspiration to go past your comfort zones in order to do the right thing. You don’t want to live life regretting what you didn’t do because you weren’t brave enough to take that stand. “How many times had the truth been churned under? With the blood and bones of those trying to bring it to blossom feeding the soil?”Thank you so much to @tbrbeyondtours and @pagestreetya for having me in this tour! Follow along at  for more reviews on this epic adventure! #aprayerforvengeance #leanneschwartz #pagestreetya #tbrbeyondtours #yafantasy #yafantasybooks #yabooks #yabookstagram #bookstagram #bookrecommendations #bookreview #booksofinstagram #igreads #bookworm #bibliophile #autism #diversereads #prettybooks #newrelease"
mikayla :),163,6,5,"September 26, 2023",feminine-rage,1,"i’ve needed this book for so long. i saw myself so much in gia. she is a bigger girl, and full of rage and tired of being seen as just a bigger girl who feels too much. she fought hard and loved harder. and i’ve never related to a character as much as Gia. As a bigger girl, it’s refreshing and inspiring to read about one being a main character. I’ve dealt with a lot of hate internally with my body and wishing it were different. that i was different. but reading about Gia and her story just made me so happy to get that representation. i am so happy i got to read this and experience this - genuinely might cry over it later."
Celia,,532,4,"September 29, 2023",,1,"This book is stunningly gorgeous in every way; I have never read a book with such beautiful prose in a long time and it was such a treat to read. The world-building is vivid and the characters are created with such deep creativity. Gia is hell-bent on revenge, but I loved how Milo softened her fury.“I don’t want to wake up in a world without you.”*cries*Their friendship was sweet and organic. Oh and shout-out for the neurodivergent rep in Milo. It made me connect with him on a deeper level. I’ll definitely keep my eyes peeled for the author’s next books because if they’re anything like this one, I will forever be a fan."
Pauline,637,,4,"December 18, 2023",,1,"Let's get my biggest complaint out of the way first: Okay, now that that's out of the way, I loved this book because Milo and Gia are amazingly written characters. I thought the world-building could have been a little clearer at the beginning because I was having a hard time keeping track of the goddesses, the templars, and the sancts until probably halfway through the book (or basically when Gia explained things to Milo). But Gia and Milo, both as individuals and especially together, are really the heart of the book and hands down the best part."
Spiri Skye,426,18,3,"May 23, 2023",,1,I may have gotten myself over excited for this one because of the representation but found the writing style kinda boring? this whole book dragged for me even the fighting scenes I was fighting to keep my eyes open. There is a cute cat in this book and I liked the overall story just wish it had moved muchhh faster. there’s also queer rep that I was happy to see too but couldn’t connect to the main romance
Sahana Ramnath,791,21,5,"November 20, 2023",,1,"This book was so cool and wholesome, with a unique premise and wonderful rep (plus sized MC and autistic MC!! who have the most chaotic and martyr-y romance 😭), and a truly chaotic cat <33 I loved the relationship and trust development between the MCs sm! -- ty to the author and the publisher for an advanced copy!"
Ally,200,214,4,"September 2, 2023",,1,"Received an arc from work!This wasn’t quite what I expected it to be and while the pacing was a little perplexing at the beginning, I ended up enjoying it a lot. The magic was neat and I’m a huge fan of justifiably angry heroines!"
Lillie Lainoff,,252,5,"January 17, 2023",accurate-disability-rep-in-ya,1,rtc!
Mara,10,,5,"June 6, 2023",arc；own-book,1,This book is an absolute joy from start to finish. It's somehow an ode to softness (Milo) while also celebrating Gia's strength. It's absolutely gorgeous. I stayed up all night to finish it. I can't wait until everyone gets to read it.
Dini - dinipandareads,1000,112,3,"September 21, 2023",2023-reads；2023-releases；arc,,"I read this book as part of the blog tour hosted by TBR & Beyond Tours. Special thanks to Page Street YA for providing a digital ARC in exchange for an honest review. 3 starsTL;DR: A Prayer for Vengeance was a historical fantasy that had an interesting premise that delivered on some of it and fell short on some of it. The world was interesting and the characters had great moments that had me rooting for their success in overthrowing this ""first saint"" megalomaniac. I also really appreciated the representation of Gia's and Milo's characters! Ultimately, while I liked enough of it to want to keep reading, I also wished that the writing had been stronger and we had more character development. The world-building was interesting and it's easy to see the influences from ancient times although I will say that aside from the very surface-level societal aspects of dress to food, the author doesn't delve into much depth. This mainly focused on the religious/political aspect of society and the role of the three goddesses of this ancient world, one in particular, played a significant role in the plot. This story throws us headfirst into the conflict and I'm glad that we do get to see what happened at the very beginning—from the moment that started this ""war"" and what drove our MC's desire for vengeance—but I have to be honest and say that I wanted more time to digest the situation and particularly the role each goddess plays and their influence in society. Although technically the religious aspect wasn't very complex, it did feel a little confusing at times because of how we're introduced to the religious aspect and how quickly the story jumps from point to point.I think the areas where I struggled the most were with the plot/writing and the characters. This plot should have been fast-paced (and in a way it was) and it was also action-packed with many tense and high-stakes scenes, but unfortunately, it didn't translate for me. I didn't feel the emotional connection and that made it difficult to really care for what was happening. I think this was driven in part because it felt like a slog to get through the story but also because while I think the characters had their moments, I didn't feel a great sense of connection to any of them either. There were also many moments where the plot felt forced and character decisions came about so suddenly that it gave me whiplash wondering how a character so quickly decided to ditch everything they'd been raised to believe for a person who they seemingly don't even like all that much and who hasn't treated them that well. I wanted to see the characters really process the new information and revelations, especially since there was so much of it!When it came to the characters I absolutely loved their representation. Gia is a plus-sized bad-ass fighter who is hell-bent on getting revenge on the person who took advantage of her by preying on her fear and rage. She was immature and bratty at times but I loved her thirst for vengeance and how she was initially pretty ruthless in achieving this goal— there were great moments that made me empathise with her situation but also root for her. Sadly, as the story progresses I found her lack of growth frustrating and she became more one-dimensional, being solely defined by her rage, fear and guilt, and it was disappointing because I wanted more from her! In slight contrast was Milo, who did experience more growth than Gia. He's an orphan who was raised by the temple and a bit of a bookworm who was passionate about telling stories. He's desperate to find his place in this temple and to finally feel like he belongs since he has always been so different. II appreciated the neurodiverse representation and translated his experience of having to mask his autism throughout his life—it felt realistic and handled well. Milo was very easy to empathise with and root for and I loved seeing him find confidence in himself and his actions the more he spent time around Gia and their friendship grew.Unsurprisingly, there is a romance but surprisingly, I wished that things had been kept platonic because the romance not only felt rushed but slightly forced. I think I was more invested in the potential romance between two of the main side characters compared to their romance! I just felt like they were at the friends stage more so than the romance stage when their relationship transformed. That said, although their romantic feelings end up driving their motivations in the end, it didn't become annoyingly ""instalove"" that it was unbearable.Overall, this was an interesting read that I'm glad that I picked up. I did expect to feel a lot more connected to it than I did so that was a bit disappointing but I'm glad I gave it a try!"
Lisa,456,6,4,"September 17, 2023",arc；book-tour-books；my-ebooks,,"⭐️⭐️⭐️⭐️💫 / 4.25 starsA Prayer for Vengeance follows Gia and Milo. Gia, born a thousand years earlier and cast in stone, and Milo, a ward who accidentally wakens her. I have to be honest; my eyes were really drawn in by the gorgeous cover this book has! It immediately reminded me of mythology, something I very much love to read! After reading the synopsis, I was sold! The story starts of really interesting with the opening chapter! I immediately made a connection with one of the main characters, Gia, and emphasised with her from that moment on. After that, we get to know Milo as well, who really comes across as a sweet bun who has yet to learn about the world. The pacing is quite slow at the start and only really starts picking up the moment Milo and Gia meet; around 35% in. I had expected the pacing to be more balanced throughout, and it did take a bit more time to really get into this story because the pacing was a bit slow. I really liked the world created! Heavenly inspired my mythology, it was interesting to see how a whole new world, religion and powers were created. I did want a bit more about these powers. I felt like that part could’ve been fleshed out a bit better and I’m still not completely sure what the difference between the three sisters and their powers is exactly. I really liked the characters! Gia is very determined and strongminded, with a heavy sense of justice. Feeling like it is all her fault, she doesn’t mind becoming a monster to right her wrongs. It is admirable how far she is willing to go to “fix” her mistakes. It shows how fiercely she cares and fights for what she believes in. Milo is just a sweet bun who I want to wrap in blankets and keep save! I just want to give him the whole world! I loved the dynamics between Milo and Gia and the shifts in them. Milo admired Gia as a sanct and statue for a long time, before getting to know her more and more. I also loved how Gia was the fierce, protective one and Milo the softspoken and thinker of the two. Often times that is reversed haha. The romance really bloomed beautifully and gradually in a way to add to the story, but not overpower it. The sister bond between Gia and Lena is also an important one that drives Gia’s actions a lot throughout the story. I did feel like I wanted a bit more interaction between the sisters, without other spectators. The ending was quite good. I especially liked the epilogue and how it tied off the whole story and its characters. Before the ending, a lot of fighting is happening. I did feel like that could’ve been written a bit differently. I had a hard time navigating all that was happening throughout the many fighting scenes. It would’ve been nice if that had felt a bit more balanced. Overall,  is a lovely story about how far you’re willing to go for those you love and what you believe in. I enjoyed the time spend in Tresttato and with these characters!"
ifsol,38,,2,"April 11, 2024",,,"I really did not vibe with this book and found myself mostly being unengaged the entire way through, which is a shame because I had genuinely been looking forward to reading it because the premise sounded interesting. But I didn’t really get much of anything from it at all.First, a lot of the writing just felt really clunky and the wording at times just came across as strange and sometimes confusing. I also found a lot of the figurative language to just be… strange. Like this, for example: “This was war. If you didn’t choose a side, a side would choose you.And a choice was like a knife.��This could just be entirely a me problem, but I have no idea what exactly I’m supposed to be getting from this phrase.Also, I found the writing to just feel very impersonal and unemotive when it came to the characters, which made it impossible for me to connect with them. It rarely felt like they were feeling what they should have been feeling in response to certain situations—like Milo learning that the guy who he’d practically worshipped was a fraud and everything that he believed in was a lie—and that their emotions just shifted whenever the plot required for them to be feeling a certain way. I feel like this was an attempt to show character development, especially in Gia, but it just felt like the characters jumped from one place to another without ever really needing to do any self-reflection or have any introspection because the plot required their characters to be at certain points during certain times in the story. I liked the idea of the characters, but I felt like they lacked depth and personality, especially Milo.I especially felt this way when it came to the romance between Milo and Gia. It just felt really forced and I didn’t feel any development of their feelings in their relationship.The plot felt very generic—just a typical rebellion against a villain—and even worse because everything just felt so shoddily described. The magic system and mythology all remained vague and unexplained throughout the entire story, even though the characters frequently bring it up, and I understood very little of the world or the setting. After reading this, the only things that I could tell you about the world is that it’s set in some sort of ancient time period, the templars are connected to some random gods somehow and do magic, and there’s monsters. The entries from the Book of Invocations added nothing of value to the story and very little to my understanding of the world.Overall, this was not an enjoyable read for me."
Sarah,114,,3,"November 19, 2023",,,"~ 3.5 stars. This was a pretty good read. I was just really confused with the magic/faith system. I honestly don't even know how to explain it. All I know is that there are monsters that stopped attacking the city since Ennio made his enemies into statues, but now that those people are no longer statues, then the monsters are gonna attack again i guess? idk. But Ennio was a pretty good villain; thinking that he's right and he's the best choice to lead the city, and he just wants people to see how he's sacrificed everything for the city. That's a good villain- one who believes that their purpose is noble, even as they terrorize and kill to get what they want. Gia and Milo were really cute, and I loved their respective arcs. Milo became strong (although it's stated that he was in the militia, we only really saw him as bookish till the second half of the book, then suddenly he's a fearsome warrior, so that was kind of jarring). Gia becomes less rash and starts to really think through decisions. I hated Lena; she was horrible to Gia for no apparent reason, and says she knew about Ennio being evil all along 1000 yrs ago but never told Gia. All of this would have been avoided if she had trusted her sister. Val was fun; she was mostly there as a supporting character. Milo's relationship with the orphans was really cute. I honestly liked Milo more than Gia, only cause Gia was kind of impulsive but she does learn from that, so kudos to her. The setting is Roman inspired, i think?? not entirely sure tbh; the whole world was kind of confusing to me. Also, what's gonna happen with the monsters? They're just in the background but I'm worried for the city in the future! And the time that passes between scenes is either hours or days flying by in one sentence. There's no page breaks when days go by, which is weird. Also, although the fight scenes were written pretty well, I felt like they dragged on unnecessarily. I caught myself skimming the last few battle scenes. Overall, it's not a bad book, just took me a while to get through cause the beginning was slow but the story picks up after about 50%."
Stephanie Augustine,,29,4,"September 22, 2023",2023-read-arcs,,"This book brought me in right at the getgo. I really loved the way the world was building and the different religion being introduced. The Greek inspiration was very apparent, but still being unique in its own way. One of the aspects I really enjoyed about this book was the guessing of who are right and who was wrong. But what does that even mean? It really makes more sense through Milo's point of view. And I feel like that's where this book really was its strongest. Once it reached halfway, I didn't feel as drawn in, especially when Gia's point of view took over. I think the struggle of Milo and his faith and how he was going to do what he believed was right by the people was the soul of this book.That being said, I think it's clear that Milo was my favorite character. I really enjoyed his points of view and the struggles he overcame to realize what he thought to be true. It can't be easy taking everything you thought you knew and realizing it was all built on a lie. But following ones own instinct is sometimes the best course of action. I really did like Gia's character as well. While they both had to do some self discovery, I felt like Gia's wasn't as impactful as Milo. However, I really did enjoy her character arc and the way she developed as well.Overall, A Prayer for Vengeance by Leanne Schwartz was not what I was expecting. Straight from the beginning I was drawn into this world. Nothing is what it seemed like and honestly, in the beginning I had a hard time choosing who was right. This quest of discovery and good and evil I felt like were at the core of this book. However, I truly believe Milo was the best character and truly discovering himself. If you enjoy magic, mythology and a book that doesn't hold back - be sure to pick this one up."
Leahley Alawi,69,1,4,"December 18, 2023",,,"So, the long story short is that I did really enjoy this. The long story long is that I did have a few issues with it, but they definitely did not outweigh all the rest of my enjoyment.To start with, I think Schwartz does an incredible job of balancing Gia and Milo's perspectives. Historically, I really have not enjoyed novels that rotate POVs, as I tend to get more attached/intrigued by one over the other. But this novel did not fall into the same trap --- I never skimmed through one perspective to get to the other. Perhaps this is because the chapters are relatively short. Or perhaps this is because their arcs feed into each others', and thus only really propel the story forward when you get to see both parts. Whatever it was, what's important is that it it worked. I also really enjoyed the world building. The setting is vaguely Italian, but not so overt that it didn't still feel like a fantasy novel. Schwartz uses existing ideas and builds on them to make a fuller, more-realized world (kinda like fanfiction, lol).Some of the story didn't quite feel earned, however. It's not that the romance felt forced, per se, but I just didn't really feel like the two of them had spent enough time together to have developed that depth of feeling. I also don't think I'm really a fan of the enemies to lovers trope -- I prefer its sweeter cousin, the friends to lovers trope. Additionally, because the prologue is so short, the romance (or lack of it?) with Ennio also just kinda made the conflict towards the end feel out of nowhere...the real driver seems to be the romance (the plot is not the most engaging), but if the romance also isn't that engaging, then what is the real intrigue of the story?But I did finish it, so that speaks for something."
Thats another story,74,2,3,"December 22, 2023",,,"The premise of this book is very interesting:I love the concept of a city being taken over and then the losers of the skirmish being turned to stone.  Add in the some religious undertones, sisterly head butting, a guy from the ""future"" that gets to learn everything he built his life on is a lie and there are some very cool movements.  This author has it in them to write a bestselling novel in the future.  Something about the setup and the tone make this very clear to me.   I hope they write more books, though definitely not a sequel to this one. This story had so much potential it didn't end up living up to.  Also this author must be surrounded by many people who are either very similar in taste to them or people who don't want to hurt her feelings. Like 90 percent of this book is about logistics.  Where is item a, b, or c we need for a magical rite of some sort.  Where is the moon or the Sanct that we need to awaken. Where is the person we need at this exact moment.  It gets very boring.  Some of the sentences are very flowery instead of being direct.  It can be easy to lose the plot in this book or get so bored you don't even care anymore."
Brandy {The Review Booth},283,57,4,"September 21, 2023",2023-goodreads-challenge；tbrandbeyondtours,,"I felt a kinship with Gia – we’re both plus-size, I’ve also been known to make rash decisions when I’m upset, her unwavering loyalty, and her near tunnel vision to atone for her guilt. Milo was a little harder to enjoy reading about in the beginning but it definitely got better with time. Val helped build up his character while Gia didn’t really have a good supporting character until later on in the book. I do really enjoy reading neurodiverse characters and Milo was no different. Putting the term autism in the book didn’t fit with the time period and it threw me a little bit. The queer rep was also well done & sweet – not prominent in the story mainly because it wasn’t between the two MC’s.The world-building was done really well and filled my head with settings reminiscent of Ancient Greece. My only wish for world-building would be a better grasp of the other Orabellian city-states – where they were located in reference to Tresttato and their gods/goddesses. I believe this book is a stand-alone so I don’t believe that wish will be resolved. I found the pacing to be a little slow in this book – if it were a little bit faster I would have devoured this book in less time.I would like to thank TBR & Beyond Tours, Leanne Schwartz & Pagestreet YA for the opportunity to read A Prayer for Vengeance. I enjoyed my time with Gia, Milo & crew – especially Acci. All opinions are my own."
Kaitlyn,67,,2,"November 19, 2023",,,"Not my cup of tea. My first impression of the writing was that sentences were kind of awkward and I had to reread many of them a few times to parse them correctly. The prologue seemed either too long or too confusing in that it didn't explain anything about the world or its terminology. In my opinion, a prologue should be short and suspenseful, or be something that offers bits and pieces to the reader to allow them to make their own inferences about the setting and happenings. The beginning of the book also used the em dash in a weird way too often -- sentences would just end abruptly and then move on to the next as if the first was dropped and forgotten, instead of interrupted.Also the usage of 'tits' as a swear word in this setting didn't seem fitting to me.The other thing that I didn't really find worked in this book was Milo's supposed struggles due to being autistic. At one point he says he often has trouble with interpreting things, but I didn't really think this was shown or evident at all. Now, I'm not trying to argue whether he is autistic or not, because autism is a spectrum and people can present anywhere on it with varying degrees of being affected, but it's more about the fact that he states he struggles with this issue, and yet there wasn't a fitting example throughout the novel.I'm sure the type of fantasy and story might appeal to some, but the first impressions really kind of turned me off and it took quite a while for me to get through this."
Zack,29,,5,"October 17, 2023",,,"Okay. Okay. Okay. Look. Read this book.Stepping out of trauma can lead to the way of rage and vengeance. Being encouraged to not break apart, like the abuser wants, I'll advocate for any book that pushes this.  Yes. The trope of falling for someone in a week exists, but I don't care. The feelings described were so true, so swept up in the narrative that you feel compelled to experience it, too.Several times I was reminded of my own relationship to my wife. How far she's come and what she's let go of, even what she still exists as, and my constant support of it all. The are only things that kept it from being 5* and one of those is just a personal preference...well, both are, I guess? Anyway. I hate when a book in the given universe is quoted between chapters...but it did work and help, so I'm admittedly just being moody about it. The fights are... there's something missing. Emotions in the narrative are felt and you're invited in on them. Generic sword movements almost feels like low budget animated sword fights, where it feels like there's more happening between the frames than is described for us, maybe? I'm not sure what it is that I wish was different with them. But, hey, I wouldn't argue against anyone who said this book deserves a 5* review.--(Okay. Yes. I finished it and changed it to five stars. Dang it. She got me.)"
Teneisha (Teesbookjourney) ,864,22,4,"January 20, 2024",2023-new-release-challenge；amazon-reviews-pending；fantasy,,"""Prayer for Vengeance"" offers a gripping narrative that immediately draws readers in with its strong themes of revenge, redemption, and complex relationships. From the outset, the protagonist, Gia, is portrayed as a formidable force seeking justice for the wrongs committed against her sister and their people.Gia's character is a highlight, embodying a perfect blend of strength and vulnerability. Her internal conflict and remorse over her past actions create a multidimensional character, making her journey toward redemption all the more compelling. The accidental awakening by Milo sets the stage for a well-paced and satisfying development of their relationship. The chemistry between Gia and Milo is expertly crafted, and the progression feels natural, adding depth to the story.The strained relationship between Gia and her sister adds an intriguing layer of complexity to the narrative. The unresolved communication issues between them contribute to the realism of their dynamic, showcasing imperfect characters with genuine flaws to overcome. This element of the plot adds depth and authenticity to the overall storyline.The action sequences are well-executed, injecting the story with a thrilling energy that keeps readers engaged. The author skillfully weaves together the threads of vengeance, redemption, and familial relationships, creating a satisfying tapestry that propels the narrative forward.The conclusion of the book is particularly commendable. The resolution ties up loose ends gratifyingly, delivering on the promises set up throughout the story. It leaves readers with a sense of closure and fulfillment, enhancing the overall satisfaction derived from the novel.In summary, ""Prayer for Vengeance"" successfully combines elements of action, redemption, and complex relationships. Gia's journey, coupled with the well-developed dynamics between characters, results in a delightful read. While the unresolved issues between Gia and her sister may leave some readers wanting more closure, the overall narrative is a testament to the author's storytelling prowess."
Alex Francom,62,10,4,"July 22, 2023",,,"I was so excited to read an early copy of A PRAYER FOR VENGEANCE by @schwartzwords and let me tell you, it was INCREDIBLE. If you like YA fantasy, you definitely need to pick this one up. Here’s why:💖stand-alone💖autistic main character💖she’s a statue, he brings her back to life💖corrupt religious leaders💖fat main character (who is an absolute QUEEN with a sword)💖big monsters!!In addition to all of these things, there’s also a romance and it had me kicking my feet with happiness because it was SO CUTE. Gia and Milo are perfect together and I adored them. I’ll also say I loved how this book dig into some big issues, like how history is written by those who win and stories become twisted with time.This book was a standout read and I highly recommend adding it to your tbr! Plus, that cover?? Incredible.The one thing I had a difficult time with was the ending because it felt like they were just constantly battling. Which makes sense and fits with the narrative, I simply wasn't a huge fan when the battles felt like they were blending together. Otherwise though, this was a perfect read!"
Rebecca Shelton,329,10,,"August 31, 2023",arc-copy；did-not-finish；young-adult-fiction,,"I started reading ""A Prayer for Vengeance"" by Leanne Schwartz, and I have to admit that I didn't finish it; I only made it to about 35% of the book. The premise of the story was intriguing, and the plot had potential. However, I found the prose to be exceptionally slow, which is a major turn-off for me as I'm not a fan of slow-burn fiction.Despite my struggle with the pacing, I couldn't help but remain interested in the outcome of the story. The characters were well-developed, and there were hints of intriguing mysteries unfolding. I just wished the narrative had picked up the pace a bit.If you're someone who enjoys a slow-burn and patient storytelling style, this book might be a perfect fit for you. Unfortunately, it wasn't quite my cup of tea. I genuinely hope that someone who finishes it will be kind enough to share how it all ends because I do want to know the outcome of the promising plot. In hindsight, I wish I had access to a CliffsNotes version to get a quicker glimpse of the story's resolution."
Jenna B,20,,4,"October 20, 2023",autism；body-diversity；fantasy,,"3.75/5Received as an eARC from NetGalleyPositives:The characters are interesting and have really good character development. Gia and Milo are so sweet together and both feel like real fleshed-out people. Gia feels like a genuinely unique FMC which is a breath of fresh air and Milo's autism is represented really well. The world-building is good, but is generally a weak point in the book. The plotline is intriguing and unique with a genuinely interesting climax.Negatives:The world-building is confusing and can sometimes take you out of the story because you're trying to figure out what the characters are talking about. It took me like halfway through the book before I figured out what an 'icon' actually was.Overall, I really enjoyed reading this book. The characters are a real selling point, there's good diversity, and the plotline is interesting without being overbearing. I would recommend this book a YA audience who's interested in mythology and fantasy. Specifically, I think girls who fit that category would really like this book, just for Gia."
Ali,320,7,5,"August 29, 2023",,,"Gia is tired of always being in her sister’s shadow. She’s just as worthy and Ennio sees her potential, she can trust him. Until the day of the ceremony where Lena and Ennio were to meet and discuss their ideas for how the city should be run and Ennio betrays them all encasing them in stone. Milo just wants to write the perfect poem to satisfy the gods and his favorite sanct. She’s stunningly beautiful and he wants to know her story so badly. When he accidentally breaks the hundreds of years enchantment on her and she becomes more than a statue the true adventure of revenge and redemption begins.This was such a interesting story! The weaving of myths similar to one’s we’ve heard here to new ones for this world and the fierceness of Gia was brilliant. She’s hard while he’s soft and they work so well together and I love the relationships between the characters and how’s that’s fleshed out!"
vic,219,8,4,"March 6, 2024",feminine-rage；stories-about-stories,,"I don't exactly know how to talk about this book, because while I didn't feel nearly as connected to it as I both hoped and expected, I do think that was at least partially due to my general mood while I was reading it, rather than the book itself. I liked the characters, and I liked what the book was saying. I struggled just a bit with the romance in the sense that I believed what they meant to each other in a grand sort of way, but I felt a little like I missed something when they (and other characters) talked about love because I don't remember the book taking the time to show that they  each other. The only time I remember either of them making the other laugh was in the epilogue. Perhaps I will revisit this later, but either way, I definitely intend to read Leanne Schwartz's next book (and not only because it sounds so up my alley it almost feels like a personal attack)."
Tracey Vince,249,,3,"September 24, 2023",,,It is always a breath of fresh air for reader when they can actually see themselves or parts of their lives when they are reading a book especially when the book is YA. I chose to apply to go on this tour for the reasons that the rep of plus sized does not come in many books let alone having another main character who is on the Autism Spectrum but Leanne does not stop there as Sisterly Love and Sapphic vibes can be seen throughout the book.I liked each chapter being either in Milo or Gia's perspective entwined with the excerpts from the Book of Invocations was genius I even liked that there were monsters and magic too running throughout.For me it's only downfall was it's pacing which at times did make me want to put down the book and that was due to the different chapter lengths.For all the above reasons I am giving A Prayer for Vengeance 3 stars
Lily Bretch,17,,5,"November 27, 2023",,,"This book was such a breath of fresh air. It's about a soft autistic poet, Milo, and a fierce newly-freed-from-stone plus-sized warrior, Gia, overthrowing the hundred-year reign of a guy who is essentially Gia's ex. There's stabbing and poetry and a VERY cute cat, and that's about as much as I can describe before insisting that you experience this incredible story for yourself!From the writing style, to the setting (a rich and magical quasi-Italy), the world building, the mythology, the pacing... I'd never read anything quite like it before in the best way. It's a story about change, perseverance, transformation, and yet the central characters are so soft and human that it feels intensely personal as well as mythic. I was so impressed by this debut and will be on the lookout for more from this author!!"
Melanie,1079,22,5,"September 18, 2023",,,"Thank you so much to Page Street YA and TBR and Beyond Tours for an arc or this one!Centuries after Gia makes the biggest mistake of her life, she is granted a chance at vengeance when Milo wakes her from stone with his prayer. And she comes back swinging.This was so good! It took me a few chapters to really get into the characters and story but once I did I was HOOKED so hard.Gia and Milo are amazing. I loved them both so much. Milo is such a cinnamon roll and I just want to tuck him in. The lore of the world is also so interesting and I feel like it could be a whole series and I would follow all of it.I was crying SO HARD in the last few chapters so be warned lol! CW: death, kidnapping, torture, ableism"
Joy  Davenport,1556,1,4,"November 19, 2023",,,"Rating: pg+ for romance, danger and action.Recommend: lovers of the gods and goddesses genres. Lgbtq characters.Self sacrifice, friendship, family and found family, loyalty, standing up for what’s right..: this one has a lot going for it. Engaging story, just enough romance, not hot and heavy but enough new love driving the plot to remind the old people what that felt like ;)The statues coming to life was a sitter confusing to me - I didn’t know what the moon had to do with it, I didn’t know why it turned off and on… possibly due to me tuning out at times, let’s be honest! Magic’s can be hard to explain ;) otherwise, I liked that the bad guy got his due and the good guys found happiness at the end."
Danai Christopoulou,,40,5,"December 14, 2023",,1,"I loved Gia and Milo so much!!Set in a Roman-inspired fantasy world, this book hooked me with its unique concept and its questions about truth and the burden of history (and how it's written by the winners), its badass plus-size female MC, and the thoughtful depiction of an autistic character (the male MC).I would gladly read more books in this world and can't wait for Leanne Schwartz's next one!P.S. Thank you to the publisher and NetGalley for providing me with an ARC in exchange for an honest reviewP.S.2 For some bizarre reason I just realized (in December 2023) that my review hadn't been uploaded here? I was sure I had reviewed this on NetGalley and copy-pasted it here but apparently not..."
ab !,106,,3,"July 8, 2023",borrowed,,3.5 ⭐️ rounded!!A quintessential YA fantasy with representation that makes the group of characters and narrative so much more fulfilling and realistic than the usual smoothed over cast seen in fantasy. Schwartz clearly knew what she wanted to do with this story and followed through wholeheartedly. Truly a perfect culmination of typical YA fantasies but with a much bigger heart and a much more personal care. Thank you for the ARC Netgalley!
Michelle Kulwicki,3,,5,"August 31, 2023",,,"I have been eagerly awaiting this book since the moment I saw the deal announcement, and was not disappointed! Leanne writes beautifully, and her worldbuilding is absolutely exquisite. There was so much heart poured into this book, and the representation (plus-sized heroine? Autistic MC and love interest??) was phenomenal! Milo's quest to prove himself worthy, and Gia's incredible fury as she seeks vengeance on those who destroyed her sister and her city kept me turning pages late into the night. I absolutely loved every moment."
Tori Taylor,152,2,4,"September 17, 2023",,,If you love cinnamon roll boys and girls who are ready to strike first and ask questions later then this is the book for you! Gia and Milo's is an exciting and emotional adventure in a roman-inspired world that features some amazing representation. I also loved the family and sibling dynamics throughout the book which focused on how you can change your relationships with your blood family and that sometimes your family is who you choose. I would definitely recommend this book to anyone looking for new YA to read!
Jenna Deaton,327,6,4,"September 27, 2023",,,What I liked-Autism rep in fantasy -Plus Size character as a protagonist-excellent world building What didn't Work as well for mepacing throughout the book but particularly with development of the side characters felt really unbalanced. Notably I have recently been reading in a different genre and this may have colored my perception.Who I would recommend this title forPrayer for Vengeance by Leanne Schwartz will be an excellent read for fans of historical fantasy that has a similar air to Circe with a more human centered focus.
Emily Pruitt,23,4,5,"September 28, 2023",,,"I actually enjoyed this book more than I thought I would as historical fiction is hard for me to get into. However, his book hit me right in the feels as the MMC was an autistic boy who found the stone woman and revived her. I love seeing the representation of disabled individuals in a book. I also love that the FMC is a plus-size beauty that is not described using negative connotations that come when an author describes it as plus-size beauty. I am actually going to re-read this story and see if there is anything I missed because I will miss the story."
Danai Christopoulou,,40,5,"October 6, 2023",,,"I loved Gia and Milo so much!!Set in a Roman-inspired fantasy world, this book hooked me with its unique concept and its questions about truth and the burden of history (and how it's written by the winners), its badass plus-size female MC, and the thoughtful depiction of an autistic character (the male MC). I would gladly read more books in this world and can't wait for Leanne Schwartz's next one!P.S. Thank you to the publisher and NetGalley for providing me with an ARC in exchange for an honest review."
USOM,2741,265,4,"November 23, 2023",,,"(Disclaimer: I received this book from the publisher. This has not impacted my review which is unbiased and honest.) A Prayer for Vengeance is this fantasy setting grounded in trust and betrayal. In how we can trust someone, believe what they are saying, and in how they can so badly betray us. About leaders, powerful figures in our lives, and legacy figures who spill lies and disguised words. What story will people tell about us when we have no voice? When we face away? A Prayer for Vengeance examines the inaccuracies of history, of records, and stories."
Leanne Schwartz,,79,5,"December 2, 2023",,,"As long as I'm popping back in to share content warnings for To a Darker Shore, I thought I'd drop Prayer's here and also a giant thank you to everyone who's picked up Milo and Gia's story and shared their thoughts here. It means everything<3Content warnings:"
Elizabeth,29,26,3,"January 17, 2024",,,"2.5⭐️ This had such a cool concept but I spent about 80% of this book confused and the other 20% not caring. Every conversation felt forced. Magic system was never really explained well. A lot of the magical aspects were done solely out of plot convenience. The romance was... nonexistent and yet they fell in love? They say the word ""autism"" once in a Roman-esque type of setting with no modern technology and then never really bring it up after that. Again, interesting concept. I just didn't care."
Forever Young Adult,3138,437,,"September 22, 2023",fantasy；reviewed-by-mandy-c；young-adult,,"Mandy C. Zero to Hero Big Sister, Natalie Imbruglia 6 Lack of Context Curses Autism One and DoneRead the full book report ."
Lily Hartley,24,,5,"March 2, 2024",,,"This book was extremely well-written and immersive. The world and characters were very well established and fleshed out, and I could understand the reasoning behind each and every one of their actions. The world building was great, and the religion system was very interesting. I really enjoyed Milo and Gia’s dynamic, and it developed well over the course of the book. Overall, an extremely good and entertaining book!"
Violet,33,,4,"March 20, 2024",,,"Acci was the best character. His name was mentioned 10 times in 359 pages I was lost in this world. The beginning and end were quite dense and I'm not sure I understood everything that was happening. It was confusing. I do wish there was more thought put into the backstory of the beasts, it would have been fascinating to learn more about them.The diversity in this book was amazing, the best I've read in a while. This was an amazing debut and I'm excited to read more from her."
Kiana,1034,49,3,"April 24, 2024",curses；disturbing；fantasy,,"I  struggled with this for the first 25 percent or so, to the point where I seriously considered abandoning it—but once the two POV characters began interacting after the first act, things really picked up. The representation is wonderful, the premise is refreshingly different, and I love that a story with such a violent and angry elevator pitch turned out to be so much more endearing and hopeful than I ever would have guessed."
A C,27,,4,"December 4, 2023",,,"Enjoyed this story very much. The Italian/Roman setting was a good one for this tale. The characters included something for everyone. Nice to see a strong, fearless female lead (Gia). Milo was a nice sympathetic character to which she was a good match. Villains, intrigue, light romance, adventure, sibling in-fighting, something for everyone."
Alechia,,694,5,"December 26, 2023",,1,"This is a gorgeous fantasy featuring a plus-size (and rightfully engraged) Gia and neurodivergent, warm Milo on a quest to uncover a conspiracy. It is action-packed in between tender moments of love; romantic, friendship, familial. It explores religion, faith, growing of age and finding yourself. And revenge, SO MUCH revenge!! Highly recommend."
K&E_getlit,364,1,3,"October 2, 2023",ya,,"This was fine. Moved quickly and the MC's emotional growth was super satisfying. I liked that the romance was fairly secondary to the plot. The Italian-inspired setting was better than most I've read lately. Didn't set my world on fire or anything, but will definitely keep an eye on this author."
Meagan Pitcairn,8,1,5,"October 4, 2023",,,"I loved it, could t put it down. It even made me late for work one day. Great world building and lovely original story but the twists and turns will keep you turning those pages."
Brianne Karrmann,143,2,1,"October 24, 2023",,,I saw a pink cover and I got excited. Then I read the book. TERRIBLE! 359 pages and I have no clue what happened. Boring the whole time and took me forever to read. Giving it one star because it was excellent at putting me to sleep.
Katie,848,22,,"January 12, 2024",genre-sf-f；library；ya,,"This is a soft DNF at 13% because the library book expired. I did not love the opening chapter, and I wasn't prepared for the POV shift, but that was on me and my interpretation of the book blurb. I still want to come back to this when I'm in the right mood."
Emily,97,,3,"August 10, 2023",,,3.5 stars
Grace,35,1,4,"August 31, 2023",bbft-read；fiction,,Review pending!
Tween 2 Teen Book Reviews,1039,73,5,"September 9, 2023",2023-releases；disability-fiction；fantasy-adventure,1,"In this house, we support women's wrongs!"
Bowl of Soup,45,,5,"October 3, 2023",,,So good! Feminine rage for the win!! 🥰💕
Naomi,300,3,4,"October 16, 2023",,,"What a thrill to read a book written by someone I know! Congratulations, Leanne! It's great and so vivid and lyrical."
Sarah,33,,5,"October 21, 2023",young-adult,,This book was really good! Difficult to put down for sure
TheNextGenLibrarian,2260,28,,"December 6, 2023",,,Read for Cybil YA Speculative Fiction. Did not nominate.
Rachel,193,11,2,"December 13, 2023",,,Did not like.There are a lot of words. Too many. It made it boring and exhausting. Trying to be it's own Iliad - it did not work.
Mary,,7,4,"December 14, 2023",,,I liked the part where she was angry and stabbed a lot of people.
Grace,56,14,4,"January 8, 2024",fantasy,,3.5⭐️
Annine,514,12,2,"January 10, 2024",fantasy；neurodiversity-rep,,"2.5⭐Never really cared about the plot or the characters or the romance.CW: previous death of parents, entrapment, torture, murder, attempted sexual assault"
Sabina,5,,5,"March 13, 2024",disability,,"Love this book! One of my favorite YA fantasies recently. The autism and fat rep is fantastic, I would happily die for both characters, and I loved setting and plot. Pick it up!"
Jennifer Torunski,14,,3,"March 27, 2024",,,"I found it took a long time to really get into the story. Overall it was a neat book, but maybe the writing style just isn't for me."
Anna,1602,8,2,"April 13, 2024",,,A Prayer for Vengeance: DNF. Just wasn't grabbing my attention.
Brianna,5,,1,"April 17, 2024",,,"DNF. After the 10th hammering of Milo's autism into the reader's mind, I had to put the book down-- a prime example of telling-not-showing."
Monica,95,25,4,"December 14, 2023",,,Kind of wish this book was written for adults rather than teens cause I feel like the concept is super interesting and could have been pushed even further if meant for an older audience
Laura Valentine,393,,3,"August 27, 2023",,,"I wish there'd been more about the religion here, because it plays such an important part in the book. Milo and Gia were great leads, though!"
Mandy,929,63,2,"October 2, 2023",fantasy；fya-reviewed；mythology,,"2.5/5I really struggled with the world-building in this book and the dire lack of context clues. I wanted to like it—I liked the main characters—but the plot was slow, too, until the last quarter.Check out my full review at ."
Hannah,292,24,3,"October 9, 2023",2023；3-stars；arcs,,"I received an ARC from Page Street in exchange for an honest review. Full thoughts for TCG can be read here: Side note: if anyone has a better grasp at the religion practiced, feel free to hit me up, because I spent half this book unable to follow most of its rules."
Kara (Books.and.salt),486,38,3,"January 12, 2024",,,"Y’all not only does this book have an absolutely gorgeous cover, but it is easily the most unique YA fantasy I’ve read recently! Gia was cursed to spend eternity as stone by the very religion that devout, and autistic, temple ward Milo has dedicated his life to following. When Milo’s prayers awaken Gia, she finally has the opportunity to break the curse that Milo believes was a miracle.I thought this was a well written debut. It’s so refreshing to see such diversity in a fantasy book, especially considering it’s YA! I’m looking forward to whatever Schwartz does next!"
Amanda Terry,20,1,5,"February 6, 2024",01-2024-jan；faves-of-2024；favorites,,"this book was so good. i'm terrible at writing reviews, i just need everyone to know. instant favorite"
K. Rose,250,,2,"November 9, 2023",neurodiverse,,"I was excited to see an autistic protaganist, but this book was kind of boring -- it was just too wordy and slow. Plus, a lot of the mythology/tools weren't clear and I was confused (and it never cleared up)"
Marybeth (Marybee.books),103,9,5,"January 3, 2024",,,"Thank you Page Street YA for sending me an ARC and putting this lovely book on my radar! 🥰🫶.Ok, I don’t usually read high fantasy-type books but based on the synopsis, I had to give this one a try. And I’m so glad I did because I loved it and found a new favorite author! 😊 I absolutely loved Gia and Milo as characters as well as the side characters and villain. I appreciated how fast-paced this book was and I think it helps to keep your attention and make you not want to put it down. Something I think that helped with this was the dual POV between Gia and Milo and I think it kept the story at a good pace. One thing I really loved about this book is, that although it does have made up words like most fantasy novels, they were easy to understand. An example of this is one of our MC’s needs to write an omelia which basically translates to an essay. There's so many twists and turns in this book and I was shook by the ending. All in all, I had a very fun time reading this and definitely need to track down all the special editions for my collection. .A Prayer for Vengeance came out last September (I know I’m so late posting this 😅), so you can read it now! Leanne’s upcoming book To A Darker Shore comes out on April 30th and I can’t wait to read it! ☺️.Rep: Plus Size FMC, Autistic MMC (written by autistic author), Side Sapphic Relationship.CW: “Violence, blood, and minor gore; abuse of power by a religious authority figure; one interrupted instance of sexual pressure by an authority figure against another adult; minor ableist bullying, pressuring of an autistic to mask, some internalized ableism; brief mentions of fatphobia” - Provided by author"
Emily Gray,88,10,5,"September 19, 2023",,,"“Some things must break to become what they might be.”Leanne Schwartz is such a powerful storyteller, and A Prayer For Vengeance is a profound story of grief, and loss, and healing from emotional abuse and manipulation.It’s a warm hug to fat people and to autistics. It's a warning about the dangers of unchecked blind faith, a thought provoking exploration of what happens to history based on who is telling the story, and how it can so easily be warped to hide evil truths. It's a story of growth, and self exploration. An affirmation that we don't have to stay who we've always thought we were, or felt like we have been forced to be.That we can CHOOSE to become something different. To believe in something different. To fight for something different. Milo and Gia have both spent their whole lives forced to believe in a narrative that painted them as something wrong, something broken. But together, they learn how to find the best parts of themselves, and learn how to truly shine as their best selves. That they’re not broken, or wrong, they just ARE. And along the way they just might find each other as well 🩵Original note I left (it was everything I wanted and more 🥹) I will be back to give an actual review once I have read it but just know I am now DYING to read this book. Fat lead? Autistic love interest? Ancient Italy? Literal perfection 👏"
Sarah,9,,5,"October 5, 2023",,,Sign me UPPPPP
