Reviewer,Review Count,Followers,Rating,Date,Tags,Likes,Content
Giorgia,337,28,,"January 28, 2021",no-date,60,"Sooo....it's coming out this year, right? We aren't going to wait...like  three years or more right?"
Corina,807,2452,,"July 15, 2022",,43,"I need this book like air!!!!!!! The wait is killing me, same as with Hugh's second book 😭 These books give me LIFE, and I'm drowning at the moment in mediocrity. HELP!!!!"
Aisling Zena,635,503,,"June 13, 2021",,40,Kate Snippet!!Mystery snippet! I believe it's either here or Iron Covenant 2.
Just Josie,1041,184,,"March 24, 2021",,14,"I don’t know when this comes, and frankly I don’t care. But I will scream of pure joy when this will be released 😍😍😍😍😍😍😍😍😍😍😍😍😍😍😍😍😍😍😍😍Ilona Andrews are gonna wreck us and I am all ready for it 🗡🌺🗡🌺🗡🌺🗡🌺🗡🌺🗡🌺🗡🌺🗡🌺🗡🌺"
Mia,103,5,,"June 20, 2021",,11,I can’t wait for more Derek scenes…I hope we get to enjoy the next instalment soon!
Codi Schweiger,3,,1,"June 15, 2022",,6,"can they still write. we have been promised books but no books coming out. "" the world is to dark"" when is the world not a bad dark. as much as I love their books nothing seems to be coming out of them. losing my faith in them."
Carina Rosas,355,2,,"February 20, 2021",,6,
itluize,27,1,5,"November 15, 2022",i-will-read-in-the-future,6,how long we have to wait for this girl It's been two years since the released of the book 1 im literally dying!!
Mansi,8,,,"July 18, 2023",,5,PLEASE JUST GIVE IT TO ME 😭
Thenia,4079,177,,"February 10, 2021",2021-added,4,✦  ~ ★★★★ (09/02/2021)✦  ~ ★★★★★ (09/02/2021)
Violeta García,11,12,,"February 21, 2023",paranormal,3,we got kate again this year but no Julie??? D: I love kate but now it's supposed to be julie's time and not her mother again at least a synopsis will be good to raise hope that's coming out sometime in the future.
eyeana ꒰･◡･꒱,92,4,,"May 15, 2022",,2,WHEN'S THIS COMING OUT?????
Mistress OP,607,9,,"October 13, 2022",,2,I hate everyone who reads this book before me.
Tori Elmquist,99,14,,"March 6, 2023",,1,"I want to the more of Aurielia (Julie) and friends. I want to know what is happening with the pack, what is going on with Ascanio, what is happening with Sienna? The first book ended on a definite cliff hanger. I love the authors, I love pretty much everything they ever wrote, but this is the last time I buy a book of theirs that is in an incomplete series. I could have walked away from the world after Magic Triumphs, and been ok and happy. Cliffhangers are like a persistent itch in the back of my head, and I'm beginning to get a strong feeling that this cliffhanger and the cliffhanger to Iron and Magic will never be resolved. It would be a kindness to your readers, if you aren't sure that you are going to finish a series, if you would please write an ending in the book."
Florencia,108,20,5,"April 19, 2024",fantasy；urban-fantasy,,Ever since I read Blood Heir I get at least once a month this overwhelming and all-consuming need to read this book that knocks me off my feet (tho now three years later I'll be content with just news about it)
