Reviewer,Review Count,Followers,Rating,Date,Tags,Likes,Content
Corina,807,2452,3,"March 5, 2023",fantasy-romance；strong-woman,7,"I'm still very much enjoying this series.But an unexpected turn of events happened, this book is only 50 % about Ava and Luc, which was a bit disappointing, and the next book (which will be the last one) won't be about them at all. It's a bit of a bummer, but I'll definitely will be picking it up later this year.Ava and Luc are such a great fantasy romance couple, and I loved this fantasy world with all its magic users. I have such a hard time finding fantasy romance that works for me. That's why I have read the first two books already a couple times.Recommend this series to anyone who enjoyed  or ."
Jennifer,2789,6,4,"March 4, 2023",,7,"3.5 stars.I've been waiting for this installment of the series and it definitely tied up many of the story lines quite nicely. I liked the introduction of more of the Grimwault people, which I guess is a lead in to the fourth and final book of the series. Overall, I enjoyed this, though I prefer fade to black intimate scenes and there were two explicit ones in this book. Other than that, I actually wanted to have more Ava and Luc page time, though I think maybe the author is saving up some good stuff for the final book of the series. One can only hope. :)"
Marta Cox,2701,206,4,"February 17, 2023",arc-approval；my-reviews,6,"A welcome return to the story of the band of warriors who call themselves The Rising Wave. Although we do get a lot of what is happening to Ava and Luc this story primarily features Massi the archer who has always been loyal to Luc and Duncan, a new character with an amazing affinity to nature. Massi is trying to find out what happened to two of Ava's friends when she discovers a hidden prison camp and although she's only there to get information finds herself not only surveying the prison but helping the prisoners escape ! Their journey has just begun when a malevolent presence begins to stalk them promising death and utter devastation but in this world it's easy to underestimate those who seem weak and Massi like Ava is anything but !I thoroughly enjoyed this although for this reader the romance just didn't compare to that of Ava and Luc as they together just melted my heart. Duncan is a revelation and his magic added another level to that which we've previously seen in this series. This time though another fiendish, murderous enemy is stalking the Rising Wave so our favourite army will definitely need to keep their wits about them as their enemies combine to finally end them !Always fun to read and pure escapism. If you enjoy fantasy combined with romance than this series should definitely be on your wishlist.This voluntary take is of an advanced copy and my thoughts and comments are honest and I believe fair"
Kate McMurry,,103,5,"April 7, 2024",action-adventure-romance；audiobook；dual-point-of-view,4,"Another wonderful entry in a magnificently entertaining sword-and-sorcery series Massi is around 25 years old and is an extremely talented warrior. Her main fighting ability is as an archer. She was already extraordinarily accurate in her aim, but after Ava provided magical assistance to Massi, through embroidery workings, Massi never misses her target.Massi has accepted a mission to enter Ava's home country, Grimwalt, to rescue two old people who were caretakers on Ava's family's estate her whole life. They have been illegally imprisoned by the evil Speaker, a villain who has caused harm to Ava throughout this series. He has illegitimately obtained magical items, kidnapped magically talented individuals, used embedded traitors and spies, and falsely imprisoned anyone in leadership who has stood up against him, in order to turn himself into an all-powerful dictator of Grimwalt. Massi ends up rescuing from the Speaker's secret prison, not only Ava's friends, but all 40 prisoners being held there, including Duncan. Duncan is the MMC of this novel. His age is not stated, but he seems to be around Massi's age. He has an awesomely powerful magical ability to commune with all plant life, but especially forests.I loved everything about this novel, especially the fact that, though Ava is not the FMC in this book, she and Luc are both POV characters in the novel and play an important part. Massi and Duncan are wonderful characters, and their love story is extremely well done.Similar to the other books in this wonderful series, I could barely stand to stop reading for a minute while racing through this novel. I purchased the Kindle version and, via Amazon's Whispersync, I obtained the audiobook version as well. This meant that, during my waking hours, I never had to stop reading this amazing novel for a minute. There is a major throughline in this series, the villainous Speaker. He has only partially received his just desserts by the end of this novel. A full accounting for his evil deeds will probably not occur until the end of the the fourth book of this series. It is supposed to be released in 2024, and I am looking forward to it immensely."
Dragana,1754,148,4,"July 20, 2023",fantasy；romantasy,4,The most interesting thing about The Rising Wave for me is the magic system. The heroine Ava works magic by embroidering. It is so unusual and unique. I loved it!Finally in  we get to meet another magic user. This time it's plant-based magic. It was again very interesting.Looking forward to the fourth book. :)
TJ,2938,186,4,"February 2, 2024",2024-reads；fantasy；fantasy-romance,4,"This series grew increasingly better with each book! I wasn’t really sold after the first book. The second book was actually great, and this one rounds the trilogy out with a triumphant bang! The focus switches a bit from Ava and Luc to Massi and a new character, Duncan, who is able to control the forest with his abilities. He is unique even in this world, and no one quite knows what to do with him. Massi, however, is intrigued and senses a kindred spirit in the powerful man who everyone else seems to be trying to kill or use. Although this couple doesn’t experience the extreme insta-love that Ava and Luc did (my biggest complaint with the series), it isn’t too far behind - and that is the only thing I can see as a problem. The story, itself, however, is extremely creative and all kinds of addicting! I know it is the end of the trilogy and that is sad, as there are so many avenues that could still have been explored in this incredibly interesting world. Still, if one can overlook the lack of depth in the romance areas, and enjoys a great fantasy with tons of action, this is definitely one to try!"
MommaT_Book_Phoenix,128,1,5,"February 28, 2023",,3,"Fate's Arrow, The Rising Wave, book 3~Multiple POVs~ Historical high fantasy~ Unusual magic~ Sweet love/low spice/tension~ Political intrigue~Kingdom/Queendom wars~ Espionage~Strong FMCs~ Touch her & 💀/alpha MMCs~ Found family/military ~Underdogs/revolution Everything about the series is fantastic! From feeling like I'm in the scene, riding horses,  traveling through elementally controlled living forests, hidden by a spell in plain sight, shooting unmissable arrows, and fighting devious villans, I felt like I was there. Absolutely & completely engrossed and blinking when I came back to reality. The focus not only on the couple I've grown to love this time,  the Turncoat King & The Threadbare Queen, but also side character Massi, as she weaves through enemy territory to launch a rescue attempt and spy, then encounters a highly unusual and absolutely fantastic character that takes her breath away. Villians are finally revealed, and closure for some.  So much I love in a great fantasy, and I can't wait for more! Highly recommend!"
BookAddict  ✒ La Crimson Femme,6797,1378,5,"March 1, 2023",arc；fantasy；historical,3,"Returning back to the Rising Wave series is magical and everything I hoped for and more. As a nature lover, this book delights me more than I can explain. Instead of focusing on Ava and Luc, the story is about Massi. Massi is one of Luc's lieutenants. They grew up together in the Chosen camps and have been tight for almost all their lives. When she is sent on a secret mission by Ava to find a couple who took care of Ava, she finds much more than she expected. I encourage reading the first two books before reading this one. I guess it is possible to read this book as a standalone but it makes more sense to read the first 2 books for the world building and background.To read the rest of my review, click on the image below to see it on my website.* I voluntarily reviewed an ARC of this book."
James McRay,298,18,5,"February 24, 2023",fantasy-romance,3,"The Book 3 “side-character” book can be really good, just mediocre, or rather bad. Fates Arrow highlights Massi and her love interest, and it was really good.I really liked Duncan and his interesting magical ability. It can be a risk introducing a new primary character in the late stages of the overall story, but it works here. Plus, there is just enough Luc and Ava to make everyone happy. Cheers."
Barbara,1176,54,5,"February 19, 2023",,3,"In this third story in The Rising Wave series, Ava and Luc head north to Skaddar to solidify the alliance with the Skaddar Collective, and there will be trouble and challenges along the way. This couple works together so well to protect each other and defeat their enemies, there isn’t much they can’t do, especially with their warriors from the Rising Wave and other allies helping. Then there’s Massi, who has been sent to find Ava’s friends, Thomas and Velda, imprisoned by the Grimwalt Speaker. When Massi learns there are many others held captive, she can’t just leave them, including Duncan Erdo, who was ripped away from his forest through deceit and betrayal. I loved seeing Ava and Luc working together, protecting their friends and allies, and fighting against evil enemies. Following Messi’s activities in Grimwalt were a delight, she’s one tough archer, and made a big difference to many people, including finding a man she didn’t want to leave behind. I love this series with magic users, fierce warriors and those working to right grievous wrongs done to good people. Although I hate for the series to end, I look forward to reading the fourth and final book in the series."
Lorie,406,1,5,"February 28, 2023",,3,This is a great adventure story with a HEA but also continues the story arc from the other two books. This can be read alone but is better if read as part of the series. I recommend this book for adults.
Michelle,11,,5,"February 22, 2023",,3,"This book was a fantastic follow-up to the previous books in the series, following a new set of main characters. I always enjoy this author's writing, and the way she presents characters as relatable and interesting. I highly recommend this series, starting with the prequel novella, but this book can be read as a stand-alone."
Alice,1642,94,4,"May 14, 2023",animal-sidekicks；druids；magic,2,"It's been a while since I read a fade-to-black romance, but love the world and the characters. :)Romance:"
Mari,1399,9,5,"March 9, 2023",2023；fantasy；ku,2,4.5 ***Massi's story was an excellent addition to the series.
Emily Pennington,187,309,5,"March 1, 2023",reviewed,2,"Suspenseful Series . . .This was a well-written story that was easy to get pulled into. Part of that was the likable main characters who seemed like real people with both their good and bad parts contributing to who they are. The story line was likewise interesting with so much occurring and mysterious happenings going on. And as the characters go their separate ways to do what still needs to be done, they may find new alliances to be formed to overcome the evil that is trying to destroy everything around them."
Debrac2014,2080,18,4,"March 2, 2023",ku,2,So good! Lots of action and magic! I liked the pairing of Massi and Duncan! Ava and Luc are involved too!
Amy (Sun),874,43,4,"March 2, 2023",adult-fantasy；romance,2,"Surprisingly, I liked this more than the previous two! I liked the split in perspectives, the romance between Massi and Duncan, and the plot felt a lot more exciting and fast paced. Too bad I have to wait another year for the fourth and final book!"
Tina,660,6,5,"April 26, 2024",,2,Oh wow!!!! What a great story!! I absolutely loved Duncan and Massi. Luc and Ava were truly amazing together. I loved how the whole story intertwined between the two couples to the conclusion of this storyline which was incredible and ohh how I wish it hadn't ended. I love the world building and the magic of this place. I am extremely excited about the next book coming out in 2024. Words can be so expressive when written by a talented writer and Michelle Diener is one of those writers. Her stories take you on a journey to another world and leave you breathless! I highly recommend any of her stories.
Beverly,1459,41,5,"July 12, 2023",,2,"I didn't expect to enjoy this series as much as I did. Well written, with good characters and good world building. The audible edition was even better."
ancaraisa,138,4,5,"March 13, 2023",action-adventure-romance；alpha-male；clean-read,1,"The third book in this series revolves around Massi, one of Luc's lieutenants who is on a rescue mission. In a secret prison, she finds not only those she promised Ava that she will save but other important people who have gone missing. Among them is also a man with incredibly powerful magic and the connection between the two sparks from the first moment they meet. Reluctant at first to get involved further in the conspiracy they discover during the escape Duncan separates from the group and heads toward his forest to find out who betrayed him and why. Their paths will become intertwined again when they face the same enemy. This book is a sequel to the second book. The story arc starts with the prequel, which is a must-read if you want to understand how Ava and Luc's stories started and continue through the whole series. Even if this book has a new couple, the author manages to bring the same importance and time in the story to Ava and Luc. I can not wait to read more of my favorite couple in the final book of The Rising Wave series."
Jess4books,37,,5,"March 3, 2023",,1,"Another solid addition to the series. I loved getting to know Massi more and Duncan. What a great team. I really love these characters, especially how strong Ava is, and how supportive Luc is. Sigh.Looking forward to the last book!"
Lea Bookjoy,1528,78,4,"May 7, 2023",,2,"Niveau intrigue, ce troisième tome est dans la continuité des précédents et cette fois-ci les héros décident de s'attaquer enfin à la menace que représente Grimwalt ... Mais contrairement aux deux tomes précédents, on a ici également les points de vue de  (un des proches de Luc) qui est envoyée en mission seule et  un nouveau personnage un peu mystérieux avec des pouvoirs jusqu'ici inédit !J'avais un peu peur du changement de POV comme je n'étais pas particulièrement attachée à Massi mais finalement j'ai apprécié ce changement et l' était intéressante à suivre. J'ai encore une fois beaucoup aimé les aperçus de la  de Duncan qui m'ont ravi !Toutefois, mêmes remarques que pour les tomes précédents : il y a du potentiel mais ce n'est pas assez développé !J'attendais beaucoup de l'intrigue avec Grimwalt et la résolution était bien  (sérieux vu tout ce qu'était arrivé à faire le Speaker j'ai été tellement déçu !! Je m'attendais à THE méchant et en fait pas du tout ...) et ça  (est-ce que tout le monde a la même magie ?? Pourquoi Grimwalt est spécialisé en magie ?? Pourquoi Duncan a ce type là de magie ??)Et encore une fois, tout est  : la romance se fait en deux secondes, Massi arrive à sauver tout le monde, les alliances se font hyper facilement ...Bref, une  mais pas un coup de cœur non plus ...In terms of plot, this third book is a continuation of the previous ones and this time the heroes decide to finally tackle the threat that Grimwalt represents ... But unlike the two previous books, here we also have the points of view of  (one of Luc's relatives) who is sent on a mission alone and  a new, somewhat mysterious character with powers that have never been seen before !I was a little scared of the change in POV as I wasn't particularly attached to Massi but in the end I appreciated this change and the  was interesting to follow. I once again really enjoyed the glimpses of Duncan's  which delighted me !However, same remarks as for the previous books : there is potential but it is not developed enough !I expected a lot from the plot with Grimwalt and the resolution was much  (seriously considering all that the Speaker had done I was so disappointed !! I expected THE villain and not at all ...) and it  (does everyone have the same magic ?? Why Grimwalt specializes in magic ?? Why Duncan has that kind of magic ??)And once again, everything is  : romance happens in two seconds, Massi manages to save everyone, alliances are made super easily ...In short, a  but not a favorite either ..."
OneDayI'll,1416,31,3,"October 27, 2023",,,"Ava is settling into her new role, while also recovering from her abduction. Luc is keeping a close eye on her, and the situation. Massi is searching for Ava's friends in Grimwalt. She finds them, and someone else. Someone very interesting that the Speaker has also taken. Spoilers ahead.Magic and plots are woven together in Diener's stories. This one has layers upon layers that are revealed. I liked seeing Madame again, even if she wasn't named. I feel there was more backstory to evil forest guy than we saw, that may have enhanced the story. I liked that we saw Massi's POV, but I really wished it was in her own book vs the brief glimpses in this one. A 2.5 instead of wedged into Ava's series. And knowing the next will focus on Melodie bothers me, too. I like the series. It's just that the focus keeps splintering to involve so many. I like the way that the Verdant series handled it better: multiple books, some occuring in the same time frames. The resolution to the speaker was too easily wrapped up, too. I would have liked to see the trial, hear T's involvement from him and how that partnership got started. What artifacts are left? What ones were squandered in the quest for power? What protections will be enacted for spell crafters in Grimwalt and Kassia? Since it will be something that worries Ava, and definitely Luc. How long can Luc stay in Fernwell with Ava? How, and what kind of govt will Cervantes establish now that there's peace? Luc was a military leader, and defacto political leader during the rebellion, but will he be part of the new govt? Ava's magic has changed but we don't see her learn about it. We never even get to see her wear her new tunic, as it was unfinished. There's still so many threads dangling. And the next story starts 15 years from now? Why? Fifteen years after a half done resolution seems sadly lacking."
Lynn Latimer,833,1,5,"February 22, 2023",,2,"4.5 STARSThird in the Rising Wave series, Ava and Luc must go North to meet up with the Skaddar Collective with whom they have a tenuous alliance which is threatened by the Speaker of Grimwalt who had orchestrated Ava’s kidnapping. Now a village in Skaddar has been decimated and so they are not sure who is responsible mking them reluctant to trust anyone at this point. Ava and Luc know the journey will be treacherous as spies and enemies abound with goals to destroy their alliances with other territories that have been formed. The Speaker of Grimwalt has not given up on capturing Ava and destroying the alliance.Massi, one of Luc’s three lieutenants, has been sent on a mission to find two people dear to Ava and rescue them as it appears they were abducted. When she finds a secret prison hidden deep in the woods, Massi is surprised to discover not only those she seeks, but a magically imbued forest man who is also a captive. Duncan has been held for two months slowly weakened by being cut off from the forest he is organically a part of after being betrayed in his Skaddar home.Once Massi frees everyone, she and Duncan have to take more risks in order to assure that freedom and while they work together. Massi finds more reasons to want to stay with Duncan even though she needs to return to Ava and Luc to while they continue their mission. When Duncan returns to his forest home, he must fight the evil one who has caused some much death and destruction not only to people, but the land he loves. Fans will be pleased with the continuation of Ava and Luc’s story as well as Massi’s journey of rescue and redemption for some of her previous behavior toward Ava as well as finding a man whom she wants to explore a relationship. This book is the penultimate in the series with the next full length story being the conclusion."
Lynn,10,2,5,"February 22, 2023",adventure；fantasy；magic,1,"This is the third full-length installment (the prequel is a must as well though) in The Rising Wave series. The perspective is split between Massi the Commander's right-hand lieutenant in the Rising Wave army, and Luc, the Commander of the Rising Wave, with Ava, the new Kassian Queen. Massi, traveling throught Grimwlalt, is on a solo mission to find and liberate friends of Ava, after word reaches them that the Speaker of Grimwalt may have taken Ava's friends prisoner to silence them. This narrative is alternated with Ava and Luc's as they travel to Skäddar to shore up an alliance with Grimwalt's neighbor amid strange and tragic events along the border.I loved getting a deeper insight into Massi as a capable and fierce warrior who is determined to make injustices right. She allies with a whole group of interesting magic users and political heavy-weights in Grimwalt during her quest (many of whom would make for interesting heroes in their own books ;)). The action is plentiful, gripping and kept me turning pages.Luc and Ava continue to build a strong relationship as they build a strong alliance and a stronger Kassia. The magical battles and political intrigue bring a new layer of magic and peril to each encounter. Ava continues to be a powerful character who has a huge heart, and it was a pleasure to read more about her development as a leader.This is a really beautifully well-developed world with distinct cultures and peoples that was a delight to revisit. I highly recommend this series, but clear your schedule because the non-stop action and intrigue is difficult to put down!"
Sandra,3042,11,4,"February 20, 2023",ebooks；own-it,,"This 3rd book in the Rising Wave series finds Ava & Luc on a journey north to save the alliance with the Skaddar, who are being menaced by creatures of myth and legend with threats of more if the alliance continues. The story also follows the adventures of one of Luc’s Rising Wave lieutenants Massi and the very interesting magic user Duncan that she meets whilst rescuing Ava’s friends Thomas & Velda on her mission in Grimmwalt. Duncan was a very interesting character, and his and Massi’s parts of the story were probably the most enjoyable but I also really loved being back on the road with Luc and Ava, seeing them working together so seamlessly. As always, these are an action-packed, fun read for lovers of fantasy romance. I did find the romance between Massi & Duncan was much less developed and heart-warming than that of Luc & Ava which I guess is only to be expected given we have had 2 and half books for Luc & Ava to develop their connection and only half a book to see Duncan & Massi. I can’t wait for the fourth and final book in this series as the appearance of the magic rope made me wonder what ever happened to the little girl. Now we get to find out. YAY. I received an advanced copy and this is my honest opinion."
Myst,5,,5,"March 3, 2023",,2,"Fate's ArrowThis is the third book in the Rising Wave series by Michelle Diener so if you haven't started the series yet I would recommend starting with the novella The Rising Wave before Turncoat King you won't be disappointed. Ms. Diener takes you on a wonderful journey the world building and storylines are so submersive that you feel like you are there and know these characters.Fate's Arrow is Massi's story arc with Duncan. I don't want to spoil anything but everyone should have a Duncan in their life ;) This book definitely didn't disappoint it showed so much growth for Massi and at the same time continued Luc and Ava's storyline brilliantly. It will be hard waiting until next year for the next book to come out which I definitely am looking forward to! Thankfully Ms. Diener has lots of series to re read until then. :) I highly recommend this fantasy series, It has everything you could ask for in a book!I received an advance copy of this book but this in no way effects my honest opinion."
Judy W,1030,3,4,"February 11, 2024",,,This is a series and should not be read as a standalone. The focus of this third book is now on a secondary character of the group and I think it suffers a bit from it. Not to say the writing wasn't good because it was and the overall story arc was wrapped up nicely but this secondary character was not as captivating as Luc and Ava from the first two stories. The world building is stellar and I would still be in for another book of this world. This story focused on Massi the archer and Duncan another magic wielder conveniently placed in the same prison that has Ava's missing friends. Massi discovers this hidden prison and works to free everyone there. Road trip. Massi was interesting enough but Duncan seemed less fleshed out. There is of course lots of action which keeps the pep in the step but I felt the focus shift took away from the overall story arc that had been built up in the first two books. Just me? Still going for any other book written in this world. Well done Diener.
Cali,640,,3,"March 4, 2023",2023；great-escapes；kindle-unlimited-books,,"The first half of the book was great, and I quickly fell in love with the new characters. In the second half of the book most of the characters quickly fell ill with the stupid disease. Coming up with terrible reasonings and names for things, making connections they shouldn’t have been able to make with the information available, mid-fight banter that was neither clever nor useful, and mostly using sticks and rocks to fight each other. It must be difficult to romanticize action sequences that mostly consist of swinging random tree branches and throwing rocks at each others heads, because I was less than enthused with a good chunk of the altercations that occurred during the second half of the book. There were still some good parts, and interesting characters… it was just less well done than most of the preceding series."
Caprice,128,2,5,"April 4, 2024",dual-multi-pov；fantasy；romance,,"Michelle Diener's conclusion to the current events in The Rising Wave series delivers a thrilling and satisfying finale. The book includes two more narratives from Massi and Duncan, as well as Ava and Luc, each following their paths to bring peace to the region and justice to the Speaker for his crimes. It was interesting to read from Massi and Duncan's points of view; the new characters enhance the book's perspective.With compelling characters, intricate plot twists, and a seamless blend of magic and politics, Fate's Arrow kept me on the edge of my seat until the very end. Michelle Diener's masterful prose and attention to detail make this book stand out in the fantasy genre, leaving me eagerly anticipating her next adventure."
Sometime,1697,151,4,"September 9, 2023",fantasy-pnr-uf；kindle-unlimited,4,"This was a nice change from the previous books because we follow a different h/H before we meet up with the original H/h from the first books.Massi is acting on behalf of the original H/h to find some friends of theirs and she stumbles upon a secret prison. There she meets Duncan, who has some sort of forest magic. Massi may not have much magic, but she is an excellent archer and with a little help from some enchanted items from Ava, she's even better.This book was a great wrap-up of the trilogy and I loved following Massi and Duncan with a splash of Ava and Luc thrown in. (It looks like there might be a 4th book in the works focusing on a little girl that Ava met in book 3. Sign me up!)Safety: safe for me."
Nancy R,628,7,5,"February 22, 2023",,,"The third book in this spectacular series, Fate’s Arrow is well written and a solid page turner right from Chapter One! Massi and Duncan are the dynamic duo…I love that Massi is a skilled woman warrior who protects those that are in need with her archery and grit. The character of Duncan is unique…I don’t want to spoil it for you but his gifts are creatively written and engaging. This book is spellbindingly addictive. I also enjoy seeing Luc and Ava again. It’s nice to get an update on some of the previous characters in this series. ❤️❤️❤️❤️❤️"
Tracie,7,,5,"February 19, 2023",,2,"This book continues the story of Luc and Ava but also focuses on Duncan, a man with elemental magic, and Massi, one of Luc’s lieutenants in the Rising Wave army. With the political situation between countries and background of Luc and Ava, I would recommend reading the other books in the series first. That being said, I really enjoyed this book and further exploration of the main characters and world view."
Christine,265,2,5,"February 28, 2023",kindle；own,,"This is best enjoyed after having read the previous stories. I was really entertained by the action, suspense, mystery, magic, humor, and romance. I just loved learning more about Massi and the unique Duncan! Their romance made the story perfect! Of course, there were lots of scenes featuring Luc and Ava’s relationship too! This continuation of the epic adventure of the Rising Wave didn’t disappoint! I can’t believe there is only one more book to go in the series!"
Tory,31,,5,"March 4, 2023",,1,"I’ve enjoyed all the books in this series so far! The characters are interesting and strong, the magic system is unusual, and the plots are good. I particularly liked how this book mostly focused on a side character. Although I really liked the main characters of the first row books, their story was largely told. Focusing on other characters kept the story feeling fresh, and allowed it to advance in new directions."
Jennifer Davis,243,3,5,"April 4, 2023",,,"I am so not ready to say goodbye to these characters! I want so much more of Luc and Ava’s story, and now I want more of Duncan and Massi! These books are such good reads. The story lines are well thought out and executed. I love the unique magic system Michelle has designed. And the characters are all so in-depth that you really become invested in their stories! I can’t wait for book 4!"
Terrie Cunningham,51,,5,"May 22, 2023",,,"This was a very good series. It did not lose steam and the characters were compelling. I worried that focusing on Massie would dilute the narrative, but Diener made you root for the relationship between Maasie and Duncan and held my interest.. I read everything that Ilona Andrews writes and was looking for another author that could hold my interest across multiple books. I think I have found her."
Cate,61,1,5,"September 2, 2023",,,"I got addicted to this author with her space opera and am reading the earlier stuff and can't wait for the new! So for context in this series, enemies to lovers stresses me, star-crossed lovers kept apart stresses me even more lol 😅 but have faith! This author doesn't bow down to an advertising trope, I enjoyed and loved every book, without stress 🤩Also love her historic, just to round it out"
Make,420,7,4,"February 28, 2023",,,"4 stars to FATE'S ARROW by Michelle Diener!Diener's fantasy FATE'S ARROW brings the reader romance, magic, and plenty of suspense along with two great romances. Long-time fans and new readers alike will be pleased with this tale.See my full review at Fresh Fiction"
Eileen,12,,5,"March 4, 2023",,,"I had to go back and start at the beginning of this series because it has been a while. And this book took off right where the last one left off. Good book for a cozy read, although, yes violence and sexy times mentioned but never graphically described. I love these journeys"
Knits Reads Games Sings,80,,4,"August 17, 2023",fantasy-rom,,"My only complaint with respect to this series, is that Ava works so very , without aid of any sort of pattern or drawing or outline. I suppose perhaps that's part of her magic, but it's not actually stated anywhere, and it is a bit of a hurdle for my suspension of disbelief. Even with a pattern, I don't think anyone can work that fast."
Helen Wawrejko,966,14,5,"February 17, 2023",,,"The engrossing story arc raced at an unrelenting pace. The plot was engrossing and action filled. Massi was the perfect badass heroine. Emotional series with unique magic worldbuilding. This 3rd book in the series had nice conclusions, gratifying vengeance, HEA."
Michelle,6,,5,"February 26, 2023",,,"Every time a new book from this author comes out, I think it's my favorite series of hers. Which means they are all my favorites! While I didn't think this book was as good as the first book in this series, Michelle's writing is just so superb it will always be better than most books out there."
JW USA,1000,,4,"March 7, 2023",,,Messi and Duncan are an interesting story and work well together. We see Luc and Ava have adventures togethers again on the road. I liked the HEA for Messi but I wished for more time with Luc and Ava and more movement on big picture.
Leyns,2799,,4,"March 19, 2023",,,"I have really enjoyed books by this author before, so my expectations were high. The characters were interesting, the storyline was clever, and overall it was a good read. Not as good as the earlier books imo, but still good."
Jill  Pick”s,69,2,5,"March 23, 2023",,,"I have enjoyed this series from the very start. Ava, Luc and all the rest of such a dynamic group and each book has allowed them to grow and change. I can’t wait for the last book!"
Meredith,182,1,5,"March 26, 2023",,,This was almost like a bonus book….it covered new characters from new focal points. But it also continued the thread of some very important and unfinished business from books 1 & 2….very much worth the read.
Suz,2289,73,4,"March 28, 2023",fantasy；romance,,"3.5Took me a while to get into this one and I was concerned that it had been so long since I read #2 that I wouldn't get caught up again, but Diener does a fine job bringing the reader up to speed without doing info-dumps."
Dawn,396,2,4,"June 9, 2023",,,"I always enjoy ava and Lucas,but I was disappointed at how brief the interaction w the speaker was. For someone who was so prominent in the books, it was kind of a weak ending. Still loved the book and finished it in 2 days!"
Faye Gallagher,568,3,4,"June 27, 2023",,,"Heaps of actin, plenty of soul and great characters. Fantastic relationships with plots galore. Really enjoyed the series which kept my interest until the very last page. Will probably read again sometime in the future."
lisa,15,,5,"March 8, 2024",,,"As with all of her books this one was just as amazing as the others, a page turner, couldn't put it down, loved Massive and Duncan's story, can't wait for the final book in the serirs"
Maria,4122,110,4,"March 9, 2023",fantasy；series,,Just for fun series that delivers. Nice to balance out some of my should reads with just because books.
Rebecca,319,3,3,"May 26, 2023",,,3.5/5*
Gem Sivad,,140,5,"July 21, 2023",,,"One of my favorite authors. Whether the story is historical, paranormal, or scifi, Michelle Diener is a master at the writing craft."
Kimh,689,1,4,"April 15, 2024",,,4.5
Marianne,5809,70,5,"February 28, 2023",,,"Great story! Thrilling, magical, and emotional ride.."
