Reviewer,Review Count,Followers,Rating,Date,Tags,Likes,Content
Nighteye,950,52,5,"May 2, 2023",anthologies-short-story-collections；own-but-read,1,"A really good, big fat collection of stories and poems. Meny thoughtful and interesting rewritings or fairy tales. A theme going through this is ""witches"" and ""witches"" and ""if I where a witch"" as well as strong female characters."
Christina Frøkjær,198,6,5,"December 23, 2022",ebook,1,"A beautiful and whimsical collection of Goss' original work over the last 15 years. Together with Goss, we dive into the world of tales. There is no mistaking the author's Hungarian heritage when you read her work. There is a feeling of dark forests, wise witches, pretty princesses, and dangerous kings. The collection is vast, with 400+ pages, and I feel fortunate to have all those stories in different forms at my disposal. There are both poems, short stories, and longer, more traditional fairytales. My absolute favorite is without a doubt 'Medusa gets a haircut'."
Kelly Jarvis,79,2,5,"November 30, 2022",,,"The Collected Enchantments, by Theodora Goss, is a book filled with magic. Goss has paired previously published stories and poems with never-before-seen works to create a must-read collection of fantasy and fairy tales. Goss begins her collection with an introduction titled “Why I Write Fantasy”, sharing her experience as an immigrant child born behind the Iron Curtain in Budapest, Hungary, a land rich in fairy tales. Goss attributes her love of fantasy literature to her liminal existence between two homes and reveals that she dreamed of becoming a writer, or a sorceress, when she grew up. The introduction perfectly prepares readers for the enchantments they will find in the book’s pages. The Collected Enchantments is rich with fairy tale retellings in prose and verse form. Classic stories include “Conversations with the Sea Witch”, which moves “The Little Mermaid” beyond its happily-ever-after, and “The Rose in Twelve Petals”, a retelling of “Sleeping Beauty” presented through the perspective of twelve different characters. Goss’s poems explore tales like “Cinderella”, “Goldilocks”, and “East of the Sun, West of the Moon”, and engage with legends and myths in works such as “Tam Lin Remembers the Fairy Queen” and “Medusa Gets a Haircut”. Her stories feature mothers who turn into birds and fly away, men who are ravens, a princess who is the daughter of the moon, and oak trees which bend down to take your hands as you travel through the forest. Each image creates a lasting mark in the reader’s mind. Fantasy poignantly collides with reality in stories and poems that confront death like “In the Forest of Forgetting” and “Rose Child”. In other poems, women and poets are transformed into harps, and daughters learn of mothers who dance to bring in the seasons of winter and spring. Goss explores the benefits of a magical education where former fairy tale princesses and witch girls learn “how to turn a poem into a spell”, and one of my favorite poems, “Seven Shoes”, uses the fairy tale task of wearing through seven pairs of shoes as a metaphor for becoming a writer. In her introduction, Goss reveals that it “took a long time...to become a writer. I’m still working on the sorceress part.” Her beautiful collection, part writing and part magic, proves that she has become both.The Collected Enchantments is an essential read for all who love fairy tales, fantasy, witchcraft, and magic. Goss uses stunning images and beautiful words to cast a spell over her readers. The book is sure to become a favorite in every fantasy reader’s collection.Thank you to Edelweiss + for a free copy of the book in exchange for a fair review."
Csenge,,68,5,"December 30, 2022",,2,"(ARC copy)I can't get enough of Theodora Goss' writing. I have read books from her before, so some of the stories and poems in this volume were familiar, but there are also plenty of new ones included, and the others were good to read again. To risk a cliché, the book is a whole crate of bonbons, one delightful surprise after the other. Very colorful in mood and topic, but also with elements and styles that string them together.The genre she writes hits the right spot for me. It's a mix of fairy tale adaptations, alternative history, magical realism, and mythic fiction. I love delving into her use of language, and the diverse literary and folklore references. The whole book is an invitation to play, to hunt symbols and recognize references, and discover in ""aha!"" moments what story we are in. Goss lets the reader make their own discoveries, not spelling anything out too obviously (which is a rare talent for a writer, and I love it). I also enjoy her eloquent descriptions, whether they are about flowers, food, or what a witch might think a child would taste like... The whole book is interwoven with winks at the reader who enjoys reading and literature, without being too forced about it.I also love how the author treats folktales and fairy tales. She looks at them from new points of view (many times from a feminist one, or one from a villain character), creates new patterns from them, but she is never dismissive or mocking about the older versions. None of the tales are cutesy or sugarcoated; magic still has a weight. All of them are capable of standing alone in their magical realistic, alternative 19th century world, but they open up even more if you have some background knowledge of folklore and history. Especially if it's Hungarian folklore and history, which are reflected through the author's family background in a dream-like world of memories, names, and feelings.It is worth reading the book slowly, maybe one story/poem a day. As a whole, it is a lovely collection which presents an amazing body of work from a creative, playful, and deeply emphatic author. Enjoy!"
Aphelia,362,46,5,"December 18, 2023",anthologies；ebook_scribd；fairy-tale,,"I've read and enjoyed several short stories by Theodora Goss in other anthologies so I was excited to try more of her work and it did not disappoint. This is an amazing collection of stories and poems, many gathered from her previous anthologies. I'd love to own a print copy of this treasury. Several of them seem set in the same world of Sylvania, and feature the enigmatic figure of Mother Night and her court of wild Fae-like creatures, and I'd love to read more about it!If you love fairy tales and retellings, and whimsy and wonder, this is a collection for you!There were too many to review individually, so here is a quick list of my favourites, in the order in which they appear:The Wings of Meister WilliamPrincess Lucinda and the Hound of the MoonSinging of Mount AboraPersephone in Hades (poem)BlanchefleurFair LadiesThe Witch's Cat (poem)Pip and the FairiesWhen You Have Lost Yourself (poem)The Mermaid's Lament (poem)The Sea WitchDiamonds and Toads (poem)The Other TheaMother Night (poem)Red as Blood, White as Bone (reread, published free on Tor.com)How to Make it Snow (poem)How to Become a Witch-QueenThe Nightingale and the Rose (poem)Really looking forward to reading more of Goss' writing!"
Carrie Griffin,827,54,3,"February 6, 2023",adult；arc-read；fairy-tales,,"This collection of fantastical short stories and poetry was quite a mixed bag for me. I loved many of Theodora's poems so much. They are different takes on fairy tales, folklore, or mythology, which really stand out. I adored her writing style and would read more of her work. Along with the poems, she has many short stories interspersed. I enjoyed quite a bit of those, especially ""Christopher Raven.""Many of her short stories, though, were not for me. It took me forever to read some of them; they did not hold my interest in the way I want from fantasy. Though many of them were great, like I said about ""Christopher Raven,"" that story was unique. They were different from what I wanted. I recommend Theodora Goss's beautiful writing style for fantasy readers, especially her poetry. One of my favorite parts of the collection was her introduction: ""Why I Write Fantasy."" It was great to learn about her as a writer and these aspects can be seen in her writing. *Thank you to Edelweiss for my ARC of this book. All opinions are my own.*"
Mary,644,,5,"February 25, 2023",,,"THE COLLECTED ENCHANTMENTS by Theodora GossSpinning and weaving appear in so many of the old stories and in several stories and poems in this wonderful anthology, which does indeed spin old tales and weave them with wisdom and relevance for today. I hadn’t thought of the economic disasters from eliminating spinning wheels, not just for people’s immediate clothing needs, but also for commerce. Unfair penalty to those who did nothing wrong. Is “witch” just a convenient label for independent women who refuse to comply with expected roles? . . . a useful excuse for persecution? What will the sleeping beauty choose to do when she awakens? What might all the formerly docile women do when they see options? I haven’t read all the stories yet; it’s a very big book, but as my dad used to say, I’ve already “gotten my money’s worth” with so much more to enjoy, to learn from, to dream about. Metaphor and legend are powerful."
Andie,102,2,5,"July 27, 2023",,,"An excellent compilation of Goss' work, and good place to start if you are new to her writing. It has a lot of overlap with earlier collections, but it makes up for that by gathering up the stories and poems that have been published in scattered SFF magazines. Goss' stories and poems are primarily concerned with issues of feminine agency, complicated relationships between mothers and daughters, and the use of the fairy tale genre to express both female pain and power. They're thoughtful, introspective, and quietly humorous, rather than dark or gritty. She's one of my favorite authors, I reread her endlessly."
David,,60,5,"February 2, 2024",,,"I had read most of the stories here once or twice or three times before, but it was still a pleasure to revisit them. I have not, in the past, been much of a poetry reader, but I found myself savoring each one here. There is an undercurrent in many of these works of women whose lives have been hijacked in one way or another -- by men, by mothers, by other people's wants or the things that they themselves thought they wanted -- and the ways that they steer themselves back on the desired path. Maybe the results aren't quite what they wish, maybe the price is high, maybe it comes late in life, but I read it as a hopeful thing. A great collection."
Joey Xander,10,,5,"January 15, 2023",january-2023-tbr,,"This book is incredible. I had not read Theodora Goss’ work in the past. This book shows an assortment of her stories and poems that are based on fairy tales, specifically Eastern European fairy tales. If you enjoy twisted fairy tales or different takes on folk tales, this book will take you through a surprisingly diverse group of stories, and her poems are beautiful. Definitely recommend."
Sarah,34,1,5,"January 29, 2024",bingo-2023；highlights-2023；short-stories,,"5/5 stars. A glorious compilation of stories and poems, ranging across Goss's long and varied career. An absolute must read for anybody who loves fairy tales and folktales. I was initially intimidated by the length but actually it flew by. Very highly recommended."
Cynthia,2,7,5,"March 8, 2024",,,"I hated to put the book down. So many different takes on both classic and obscure fairy tales, and new ones to treasure. I am going to start reading everything I can from this author"
Anna,6,,5,"March 9, 2023",,,"It was lyrical, lovely, and enchanting. Some pieces were only 2 pages long; others went on for dozens. All of them were very good art."
John Adams,1474,5,4,"December 29, 2023",,,"An enjoyable collection of stories and poems that reimagine fairy tales and craft new ones in early modern central Europe, North Carolina, and Massachusetts."
Sandra,72,3,5,"April 26, 2024",,1,Reminiscent of the fables and fairy tales I read and loved as a kid. Robin McKinley vibes 100%.
