Reviewer,Review Count,Followers,Rating,Date,Tags,Likes,Content
Stephanie,1010,,5,"July 27, 2023",,8,"Holy wow. One of the best YA I’ve read! Normal teens? But a twist, I could not guess what ability they would have. The FMC has a great growth arc and the villain? You love to hate them! I received this ARC for an honest review, all thoughts/opinions above are completely my own!"
Sara Sykora,82,3,5,"May 8, 2023",,6,A great read by a new YA author for me. The storyline constantly flows and keeps you guessing on certain characters intentions.I really liked how the main character grows throughout the story and comes to grips with what she needs to accomplish.The “villain” per say is someone I really enjoyed disliking.This should be in every middle school/high school library.I can’t wait to check out the author’s other YA books!!!
Jemi Fraser,,62,5,"September 2, 2023",,6,Great story!I absolutely loved the world-building in this novel - unique and intriguing. The story is full of interesting characters and plot twists. A definite winner!
Merissa (Archaeolibrarian),3757,109,4,"September 25, 2023",goddess-fish；science-fiction；young-adult,4,"is what I think is the first in a new series. Harica is still at school and is called upon to help stop a war! How, you might ask. Well, she has the ability to use her mind to see both sides and to come to a compromise. When she is approached by a dodgy government agency, she initially doesn't want to help but changes her mind. Her parents are set against it though, for reasons Harica doesn't understand. So she does what any teenager does, and does it anyway. There is more to it than she thought, and she is in danger in more ways than she realises.This was a gripping read, taking the reader along for the ride. There are enough twists and turns to keep the story interesting, together with typical ideals of the good guys vs. the big bad. The world-building was nicely done, being 'normal' enough but with added Sci-Fi elements. I did find the end a little abrupt even if everything was wrapped up for this part of the story.A great YA read that I have no hesitation in recommending.Sep 20, 2023"
Jill,834,23,5,"August 7, 2023",review-books,6,"What would you do if you had the ability to defuse conflicts with just your mind? Harica has drawn attention to her abilities as she uses her mind to quell school-yard conflicts when peers ask for her intervention. However, her powers draw out the government as they seek someone with her talents to mediate the arranged marriage of Princess Jasmila and Prince Narbert. War has broken out between the Narbrutsi and the Camzhargi over the arranged marriage of Jasmila and Narby. Jasmila is the only holdout to the marriage that would settle a peace amongst the people and stop the senseless killing. Harica is determined to use her abilities for good and save the lives of millions, but her parents need some convincing. One name stands out among the dead, Harica hopes she can use it to convince her parents to let her travel to another planet to act as the savior to the remaining citizens caught between the fighting. Author Nick Wilford has created a science fiction adventure that quickly draws readers in. The powers, talents, and mind games of the characters within engage readers to the plot and outcomes. While the character development, personalities, and roles of the parties cement us to the story. Harica and Miriam may present as ordinary teens, but the story Wilford spins with these two at the helm is an extraordinary whirlwind. Despite the other worldly adventures of Miriam and Harica, and the sci-fi abilities of those within, this read is aptly relatable as the forces of good versus evil, right versus wrong, play out around us here on our own planet Earth. Transporting us within the pages of “The Becalmer,” Wilford has crafted a brilliant story of sacrifice, resilience, and power."
Sherry Ellis,,348,5,"January 16, 2024",,,"The Becalmer is a coming-of-age story set in a futuristic society. Haric, the protagonist, is a teen gifted with the ability to infiltrate minds to influence people to peacefully resolve conflicts. She is recruited by the government of the ruling planet to convince a narcissistic princess to marry a prince from a warring faction. Supposedly, this will bring peace between the two nations.Haric soon discovers she is dealing with a dangerous sociopath. Will she succeed in bringing peace, or lose her mind (and life) in the process?It's a fascinating, fast-paced story of friendship and courage with plenty of plenty of twists and turns to keep the reader engaged. Good for fans of psychological thrillers and sci-fi."
Deedle,49,23,5,"October 29, 2023",,8,"With a protagonist who can solve conflicts with her mental powers, The Becalmer is a book for our times--don't we all wish we (or someone) had this power, with conflicts brewing all over our world. This is a scifi book, but I wish it were real...and it almost is, because Wilford employs his formidable world-building skills to great effect.And the character growth in this YA novel makes me wish I'd read it when I was a teen--it would have inspired and encouraged me during some pretty dark moments.Can't wait for Wilford's next. If you have teens in your life, know that they will love this book. And as an adult, I recommend this as a light, heartwarming escape read."
Vicki-Ann Bush,,239,5,"May 15, 2023",,6,"This is a one of the best new Sci-Fi's I've read in a long time. I'm calling it a Sci-Fi/Paranormal because I feel like there's elements in this story that blur the lines of the genres. Both intriguing and innovative, Nick Wolford creates an interesting tale of commitment, loyalty, deception, and strength. The young adult characters possess all the attributes of a normal teen while blending in the technology of a society far beyond our modern day. This is a definite must read!"
