Reviewer,Review Count,Followers,Rating,Date,Tags,Likes,Content
Rachel,470,,5,"August 31, 2023",fantasy-sci-fi,10,"Shards of Glass is a spin-off of the Elantra series focusing on Robin, the Academia, and several other returning characters. Note: this book really can't be read without having read the Elantra series first. There's a lot of background information you'll need for it to make sense. You don't have to be completely up to date with Elantra, but you should have at least read up to #15 Cast in Wisdom.For long time readers, this spin-off was really enjoyable. I liked the focus on Robin (returning character) and Raven (a new character) and their adventure. It was both refreshing and familiar and opened up an interesting new aspect to the world and it's magic. And while I missed seeing Kaylin on the page, Robin and Raven carried the story well. As much as I enjoy Severn and his spin-off series, I think Shards of Glass is going to squeeze into 2nd place in terms of my Elantra rankings. And while Goodreads doesn't give Shards a definitive series name or place, I would put this in the Elantra series at 17.5 - for those who keep track of that kind of thing.Thanks to Harper Collins and Edelweiss for an advanced e-galley!"
eyes.2c,2772,79,5,"November 22, 2023",fantasy；netgalley,7,"Elantra once again entrances!Raven lived in the Warrens. She collected glass no-one could see. She had a companion Robin but he’d disappeared. He had been recruited to the Academia, a place of learning that had been asleep but now returned and is governed by the Dragon chancellor, Lord Tiamaris. Tiamaris sees Academia as his horde. Never get between a dragon and his horde!Raven couldn’t remember her past, her name, names of objects, anything, she was a blank slate. Robin had named her. The two had survived in the Warrens, looking out for each other from an early age. Robin vaguely, fleetingly remembers another life. Robin wants Raven to come to Academia, but when she arrives those in charge are alarmed by her.Death is stalking the halls of Academia. Who or what is Raven? Who is Robin? Who is the old woman Giselle? This is an independent title that has seemingly grown out of Cast in Wisdom. I love the way Raven interacts with the giant spider Starrante, a Wevaran, and one of the three librarians of Academia.Some of the lost Barrani cohort who now live with Kylin Neya are present, particularly Terrano who most people can’t see but Raven and Giselle can. Sagara has an underlying current running through this novel that explores questions around waking thoughts and what dreams might be. The reality of fears, anxieties and wishes as they pertain to dreams. Fascinating!Another stunning novel of Elantra that pulled me into the mystery of Raven and Robin, and more broadly into the lost cohort of Baranni’s.A Harlequin Trade ARC via NetGalley. Many thanks to the author and publisher.(Opinions expressed in this review are completely my own.)"
Ay ,1087,32,4,"August 20, 2023",,5,"This story flows on from the events in Cast in Wisdom, book 15 of the so far 17 book series, The Chronicles of Elantra. In a sense, it is a side story in the series. It is about the university. It would be very difficult to understand what on earth is going on without having read the earlier books. Sagara does not spoon-feed the reader. This series has some of the densest, richest world-building I have ever read. The characters are complex and nuanced.We don't see Kaylin in this story. The protagonists are Robin and Raven. They are quite different from Kaylin, the protagonist in the longer series. They are both interesting and likable people. The story is very much ""What Is Going On? Why?""The story is satisfying, and a bit more about this world, the university, and the city is filled in. Interesting characters added. Thank you Netgalley, for providing me with this advanced review copy."
Eva,198,123,4,"December 3, 2023",coolest-settings,3,"I really enjoyed this, especially that it focused on the friendship between two odd street kids (and the adorable giant spider librarian!). The magic system is a very mysterious and ‘soft’ one, without any defined rules, navigated mostly by intuition. The setting is a magic school that is also a sentient building (sadly we don’t get to witness any classes, the focus is on a series of unsolved deaths instead). The strongest point for me was the world building and characterization, the weakest was the editing, which should have removed a lot of very repetitive material in which the main characters kept having the same thoughts and recollections again and again in slightly different ways. A bit too much of the book consisted of memories of what had happened in the past, I think.This was my first Sagara book and even though I’ve read in some reviews that you need to have read ten other books before this one, the plot and world were explained well enough for me to make sense of everything. I probably missed a lot of references to previous works, but I thought it was fine. Since the world described is very unique and inventive, I’d love to read more of her work now."
Crystal King,,465,,"December 11, 2023",,3,"""Shards of Glass"" by Michelle Sagara is a captivating addition to the Chronicles of Elantra series, brilliantly set in the mystical Academia. The novel's heart lies with its unique protagonist, Raven, and her complex journey alongside Robin, amidst a world teeming with magical beings like dragons and giant spider librarians. Sagara masterfully blends mystery, fantasy, and the poignant power of friendship, creating a richly layered narrative that is both enthralling and thought-provoking. This book is a five-star gem, offering a deep dive into themes of identity, memory, and belonging in an exquisitely crafted fantasy realm."
Marlene,3072,221,5,"November 30, 2023",,1,"Shards of Glass is a bit of a side story in the marvelously interwoven, intricately-plotted, and long-running Chronicles of Elantra series. It takes us deep into the heart and soul (and yes, it most certainly has one, literally as well as figuratively) of the formerly lost and presumed destroyed Academia, the institution that was found hidden in a misty pocket of Elantra’s fiefs in Cast in Wisdom.The Academia, both in its function as a school and repository of knowledge, and in the person of its sentient building, majordomo, administrator and caretaker, Killianas, is slowly recovering from its long, well, let’s call it a coma.But it seems, at least at first, that someone or something or some force or all of the above is trying to prevent or at least delay that recovery. By way of murdering the students. That is not a situation that either the Chancellor, the Dragon Lord Lannagaros, or Killianas himself can allow to continue – not if they’re doing their jobs and/or following the purposes their hearts have called them to.Which is where Robin, his friend Raven, and the woman they call the ‘grey crow’ wing their way into this considerably disturbed nest of learning and scholarship. Initially, they seem to be a bit at cross-purposes. Giselle, the information broker and ‘grey crow’ of the downtrodden slum known as the Warrens, just wants to get paid for bringing a new student to the Academia. Robin, once a denizen of those Warrens, wants to bring his friend Raven to the Academia, where she’ll be safe and warm and fed and be able to learn more things – just as he is.But Robin is not safe at all, and neither is the Academia. Since it is Raven’s duty to keep Robin safe, she comes to the Academia to save him. And it. And all of the students who have come to call the place home.Someone is murdering the students. Or something. Or magic. Or all of the above. No one is sure how they are being killed – or if the students are the intended victims. Or why its happening. Or who might benefit – or think they benefit – from the blood and the chaos.Raven only cares that Robin is safe. So that he can fulfill a duty he hasn’t been allowed to remember. Which will bring an end to hers – whether her duty ends in success or failure, it will end in blood and tears either way.Or will it?Escape Rating A+: I began reading the Chronicles of Elantra in 2011, at which point the series was already seven books in. I have a distinct memory of where we were living and exactly what the room looked like as I read them – the series made that much of an impression and I was so completely hooked. My first official review of the series here at Reading Reality was for book 7, Cast in Ruin.But, and it is an unfortunately large but in this case, as much as I love the series – and I very much still do – at this point in the main series, last year’s book 17, Cast in Eternity, it’s gotten harder and harder to get into each successive entry as the backstory has gotten bigger, more convoluted and considerably both denser AND more sprawling as it’s gone along. (I have audio for both book 16, Cast in Conflict and Cast in Eternity and have hopes the whole thing will work better for me that way.But I love the series. I really, really love it. Which is what made both the Wolves of Elantra prequel series (The Emperor’s Wolves and Sword and Shadow), as well as this latest book, Shards of Glass, so good, so much fun, and so much easier to get stuck into.The Wolves of Elantra is a prequel series, so it can serve as an intro to the Chronicles, but it’s also an excellent way to slip back into Elantra without having to hold all the details of everything in one’s head.Shards of Glass, on the other hand, is a side story within the Chronicles. It sets a story almost entirely within the formerly lost Academia that was rediscovered in Cast in Wisdom and expands upon that setting and that setting pretty much alone. And it’s a fantasy mystery, which makes it all just that much better, as I love the fantasy mystery blending AND the story is contained enough within the now-mostly-functional Academia that one again does not need to remember all the ins and outs of all of Kaylin Nera’s many, many unexpected ‘adventures’ to happily get ensconced in this one.Kaylin, the protagonist of the main Chronicles series, isn’t even a side character in Shards of Glass. She’s mentioned – as she should be all things considered – but this is most definitely NOT her story.Instead, Shards of Glass takes the reader into the heart of that formerly lost Academia, where school is finally back in session after over a millennia of abeyance. The school, both as an institution and in the person of its sentient building and grounds, Killianas, is recovering.At first, it seems like it’s flailing around its mystery – or at least all the characters within it are flailing, including the Dragon Chancellor and the Giant Spider Librarian. (The varieties of species, histories and perspectives are a huge part of what make the Chronicles of Elantra so much fun. The Dragons are particularly acerbic and wry, but then they can afford to be.)A big part of the flailing is that there are so many possible motives for the murders and so little ability to settle on which one is correct. The flailing keeps falling apart on, not the classic mystery question of ‘Why benefits?’ but more a matter of who is believed to benefit or who believes they benefit and none of those possible avenues of investigation resolve to the same set of possible motives or suspects.And of course they all turn out to be wrong – and wrong in a way that is buried in the legends of the deep past and will cause catastrophic destruction if they’re not sussed out in time and by the right people.So Shards of Glass, both in the way the story works itself and the way it dives deeply into one of Elantra’s fundamental institutions, both fits perfectly into the way the series as a whole works and yet still introduces – or reintroduces – the reader to a small enough corner of the vastness that it’s possible to get completely stuck into the whole thing without remembering all the details of what came before.On top of all of that, it’s a beautiful story about the power and saving grace of friendship, and that was just wonderful. Shards of Glass is worth the read for that factor alone and I’m so very glad I read it. Hopefully, by the time the next book in the main Chronicles of Elantra series, Cast in Atonement, comes out next August I will have caught back up to that last couple of books in the series that I missed.Originally published at"
Noone,723,11,,"December 2, 2023",,1,"Interesting world, great intro, convoluted and contrived plot, terrible writing technique.My main gripe with this one is that the characters tell a lot of the story in the form of dry exposition to the reader. Everyone nowadays is yelling about ""show, don't tell"", and despite it being very overused, it's still a fundamental lesson a lot of authors still seem to not grasp. In this instance, it's a bit different though.The problem of telling instead of showing is usually distinct from the problem of dry exposition but this author somehow managed to mix both writing flaws into a slurry of boredom.I wish the story was only told from the perspective of Raven. The story starts as if she is going to be the main character which would have made the entire story a lot more interesting because she acts very much according to the typical characteristics of autism mixed with an intriguing extra mystery on top. Initially, the story does a great job of committing to the bit and trying to tell an engaging narrative from the perspective of a person who is struggling to understand her fellow human (or maybe not-so-human) beings. It puts her at this interesting remove, looking at the world from this odd but fascinating viewpoint.But then, the author keeps on hopping into the head of the second main character, Robin, who turns into the main perspective of the story more and more. And while he loves her dearly, he doesn't really understand her either so the story ends up treating her as this strange, removed intellect and almost conveys the feeling of people rudely gawking at mentally impaired people which seems very counter to what the book was going for initially.I think I have to clarify that this is very much an indirect perception. It's not terribly tactless or anything. But it just loses so much potential by moving to the outside of the character as soon as things get tricky. I think I could even forgive this if it would have led to better pacing and more interesting storytelling by utilizing a perspective that is better aligned with the average reader. But despite abandoning this unique viewpoint (for the most part) the story completely fails to tell an interesting story. It's full of mundane and repetitive exposition. I think you could easily cut the length of this book in half even without losing a single detail of world-building or plot.Another thing that annoyed me was the inconsistent personalities of many of the characters. They felt like they were extremely inconsistent in maturity and temperament. Grown-ass men who are supposed to be wise and educated behaving like toddlers and throwing childish temper tantrums was quite jarring. Apart from the main characters, most other characters weren't really distinct from one another in this regard. Admittedly this was a much smaller problem compared to the pacing and storytelling/exposition issues.I am very disappointed with how this book managed to completely mess up such a deep emotional investment as I developed early on to the point where I couldn't care less and simply stopped reading."
Reece,518,9,4,"January 9, 2024",kindle；netgalley；some-kind-of-school-situation,1,"ARC from NetGalley3.75 stars I procrastinated reading this one because the blurb made it seem like it would read a bit younger than it does. I really enjoyed reading it, but it needs to be like 200 pages shorter. There was so, so, so much repetition. Wait, repetition is not really the right word.. perseveration? Shit that could be said in a paragraph is dragged on for a full page. Frequently. I also became frustrated with the lack of dialogue tags. I often find they are used unnecessarily/excessively, but this book has so many people speaking at the same time that it can get quite confusing when it's not specified who is actually speaking. There are also long and winding chunks of dialogue which are broken up into several paragraphs, and combining that with a lack of dialogue tags, if you aren't paying close attention, you can get confused. On the note of confusion, I dislike it when authors have several characters with very similar names in terms of spelling and length; for instance, Serralyn, Sendallan, and Sedarias. When there are characters you aren't super familiar with or who aren't major players, it gets difficult remembering who said/did what. I found myself kind of baffled several times, to the point that I just kind of had to shrug and roll with it and hope I figured it out later. Or, I just kind of figured it didn't really matter since there was so much perseveration. I went into this book without having read any of the author's other books. She has written at least 17 other books that also take place in this world. I do wonder if I would have been less confused if I hadn't gone in blind. I did find the idea fascinating, and the world was very interesting. I like the idea of sentient buildings that can project avatars that can be interacted with. Raven was a very interesting character. If you've read the slow regard of silent things by Patrick Rothfuss, I was getting some similar vibes from this book. I did find this one to be written in a more artistic-vague style. If it was a bit more concise and less confusing, it could have been a 5-star read for me."
Laurla2,2415,5,5,"January 30, 2024",fantasy,1,"-5 stars. drew me in and i didn't want to put the book down. its the first book in a new series. a spinoff that started off in the Chronicles of Elantra series book . this book is about Robin and his friend Raven, and there is danger in the school, the Acadamia. ""Raven hadn't slept that night. her thoughts were loud, like a swarm of angry wasps; they buzzed and buzzed, breaking the quiet that sleep demanded, although Raven herself didn't make a sound.""""Robin said it was safer to be liked, but Raven knew from experience it was far safer to be unseen, to be almost invisible.""""this was part of the reason she found people so tiring. it wasn't hard to understand their words - but it was often impossible to understand what they meant.""""the look he gave Terrano should have shriveled the Barrani had Terrano any capacity for shame.""""you are ignorant.""""that's why i'm a student. i want to be less ignorant."""
Shelley,5339,482,4,"December 8, 2023",2023-release；arc-edelweiss,1,"*Source* Publisher*Genre* Fantasy*Rating* 3.5-4*Thoughts*Michelle Sagara's Shard of Glass is set in the authors Chronicles of Elantra world. This book is set at the Academia, which you might be familiar with if you read Cast in Wisdom featuring Corporal Kaylin Neya. Kaylin was the one who discovered the Academia after it was lost for so long. The school, both as an institution and in the person of its sentient building and grounds, Killianas, is recovering, but it appears someone is trying to belay that recovery. *Full Review @ Gizmos Reviews*"
Kris Sellgren,1066,25,5,"December 18, 2023",,1,"I loved this. Set in Elantra, but with different characters. The protagonist is a human boy who has just joined a magic school. The most intriguing character is his friend Raven, who seems to be a human girl on the autism spectrum. But is that really what she is? Much magic of different flavors, lots of sentient species, zero sex or romance. I enjoyed the freshness."
Brie,103,,4,"March 17, 2024",,1,"4 stars. A good read, and a good off shoot of the standard Elantra series. I found myself missing my main cast of characters though, and there was a lot of heavier descriptive elements throughout ( as Sagara is somewhat prone to do), which are never my favorite parts of her writing. Overall a good read and I’d continue with more if this series continues."
Kathy Martin,3667,95,5,"November 10, 2023",,1,"SHARDS OF GLASS is set in the same world as the Chronicles of Elantra series and has some of the same characters. This story takes place at the recently rediscovered Academia which was once a center of learning for the world but was shifted out of its timeline in the battle to defeat Shadow which was set to consume the world. Young Robin was kidnapped from the Warrens when it was discovered that Academia needed students to complete its recovery. After the defeat of the people who wanted to use Academia to build their own powers and a new Chancellor was chosen, the quest for new students began. Robin proposed the friend who kept him alive in the Warrens when he was a child. Raven was a strange person who knew how to survive and chose to help Robin survive too. Robin is the one who named this child Raven and who acted as her interpreter to the world since she was almost completely nonverbal when they first paired up. Robin hoped that bringing Raven to Academia would provide the safety, food, and shelter that were so scarce in the Warrens. He wasn't expecting to drop her in the middle of a campus where random students were being murdered. Robin has been making new friends among the students including three of the Cohort of Barrani who were rescued from captivity in an earlier book of the Chronicles of Elantra. Serralyn loved the Academia especially its endless library staffed by Arbiters from three ancient, immortal races. And Terrano was another friend who was most changed by their captivity and now has very non-Barrani abilities. Robin is even friends with Starrante who is one of the librarians and a Wevaran who looks like a giant spider. As Robin and Raven work together to solve the murders and preserve this new home they learn more about each other and more about the pasts that are impacting their presents. This was an excellent, complex fantasy filled with magic and magical beings. Robin seems to be an ordinary human but one with a potential magical ability. Raven is anything but human which comes as a surprise to Robin. The Chancellor of the Academia is a dragon. The Arbiters are a Wevaran, an Ancient, and a Barrani. There are sentient buildings and human mages.But beyond the fantastical elements, this is a story of friendship and love and finding a home. I really enjoyed it and would be eager for more stories in this world."
Sheila,26,,1,"January 15, 2024",,1,DNF-did not finish
Bobbie Kirkland,649,13,5,"November 20, 2023",,1,"Through NetGalley, I received a free copy of SHARDS OF GLASS (Acacdemia Companion Novel to the Elantra fantasy series) by Michelle Sagara in exchange for an honest review. The Academia is coming back online with the help of its students. One such student is Robin, who was featured in the Elantra book wherein the Academia was rediscovered. As it turns out, Robin has a friend, Raven, whom he left behind in the Warrens when he was kidnapped to the Academia. Raven becomes worried and goes looking for Robin. She’s worried that Robin isn’t as safe as he thinks he is. Students are being murdered at the Academia. Soon, Robin eagerly and Raven reluctantly help investigate the murders. Some familiar characters are there to “help.” The Chronicles of Elantra is one of my favorite series, so I was eager to read this book. I enjoyed it and recommend it to other fans of the series. Be aware the POV shifts between Raven and Robin, sometimes without notice. The book begins as if Raven is the main character, but finishes with Robin taking over the role.#ShardsofGlass #NetGalley"
Lauren Allen,123,2,5,"November 16, 2023",,1,"I'm thought about this author before but haven't had the chance to read her yet. I have been missing out. The world building and Character building is top notch. Our main character or one of our main characters is Raven. A child born of the warrens who helps another boy Robin who gives her her name. The dynamic between these two is the main plot of this book. Raven seeking her missing friend journeys to the Academia to find him. This place of refuge and learning is hiding many secrets but then all the characters in this book are hiding secrets as well. and most of it revolves around shards of broken glass that the somewhat neurodivergent Raven collects like treasure and which through some magical means only she can find and collect them. This is a world of many races, sentient buildings and fights against great evils of the supernatural world as well as the one of the human heart. It is brilliant and kept me riveted throughout the whole book. I lost a lot of sleep over this one. amazing work. I thank netgalley and the author and publisher for letting me read it."
Michele bookloverforever,8130,39,5,"January 30, 2024",action-adventure；ebooks；fantasy,1,"Rites of passage. Danger, friendship"
EA Solinas,670,37,3,"January 20, 2024",,,"Disclaimer: “Shards of Glass” is the first volume of a new series by Michelle Sagara, but it takes place in the same universe as her Elantra series, and harkens back to events from that series. So if you haven’t read that series, you’re going to be confused.And it seemed to open with a lot of promise, since a magic school opens the doors for a lot of exploration of a fantasy world. And considering the magic school is actually alive, has a dragon for a chancellor and a giant spider for a librarian, “Shards of Glass” seems like it has a good basis for a fantasy whodunnit – but it feels like it gets tangled up in its own mysteries and doesn’t explore the Academia itself very much.An ancient magic school called the Academia has been brought out of hibernation, and contains new students for the first time in centuries. A young homeless girl named Raven is brought there to find her best friend Robin, who is now a student at the Academia and who thought she would be happy and safe there. Unfortunately, she arrives just in time for a murder – and discovers a piece of glass under the body. In case you’re wondering, Raven collects pieces of glass, metal, and whatever other “treasures” catch her fancy.But this is no ordinary glass – not only was it invisible before Raven picked it up, but it burns the hands of the Academia’s avatar, Killian. And as more mysterious murders pile up, Robin and the faculty of the Academia discover more mysterious, extremely dangerous glass and metal. They also have more questions about exactly who Raven is and what powers she has, as she might be the key to figuring out exactly what is trying to destroy the Academia.The Academia itself is perhaps the weakest element of “Shards of Glass” – precisely because we don’t know much about it. Despite being a school of magic, we only meet a few students, don’t know much about what they teach, and don’t know much about daily life there. Michelle Sagara seems more intrigued by the idea of a living campus and immortal library being infiltrated by inexplicable powers. Fair enough, it is interesting. But it feels like we don’t know the Academia enough to worry about its possible destruction.Instead, Sagara focuses on the whodunnit aspects of the plot, both the murderous and the magical. Her writing is solid and fairly atmospheric, although the characters tend to repeat things a lot (such as the glass not being visible until Raven got it). It’s only at the two-thirds mark that things start to coalesce and the many oddities – both with Raven and the attacks – are given some kind of answers, and the tension amps up as we find out more about what’s going on.Raven herself is an interesting character – she has some traits in common with autistic people like highly individual priorities, issues with communication and single-minded focus. Yet it becomes clear soon after that her traits are the result of something else, and she herself isn’t what she seems. Robin seems like a fairly generic character, but similarly we learn that he’s not what he seems. Then there’s the eccentric Barrani Terrano, the draconic chancellor, the temperamental professor Larrantin, and the giant spider-librarian Starrante.“Shards of Glass” takes a while to pull itself together, but once it does, Michelle Sagara’s spinoff book has some truly gripping twists and developments. For fans of her Chronicles of Elantra series, this would be a treat.Disclaimer: I received this book from Netgalley in exchange for an honest review."
Ro,8,,4,"February 18, 2024",,,"The premise, characters, mystery, and world building of this YA fantasy novel are all enjoyable. As others have said, friendship is the core of this tale, and the primary characters learn to recognize what it is, what it means if its positive, and what it can be if its valued. I bought this ebook on the strength of its sample, yet around the 20-33% complete mark, I was regretting it because of how truly slow I found it, and it got more bogged down with so many characters and descriptions of eye colors over and over and over about nearly ALL of those characters (I got it: they indicate mood and strength of mood, but how many times does a reader need that information reiterated?). And the explanations that help a reader stay with the story or know they are on the right or wrong track were not there (they show up WAAAAY further in, almost too late to keep me bothering with trying to follow). BUT...I did keep going, because after spending $13 on an EBOOK (!), there was no way I wasn't going to slog it out, lol. I'm glad I did, because the complete story was lovely, and just because I prefer less sprawling stories that are a little easier to follow doesn't mean that others do. What is important about this book is that the primary characters are compelling, their journey is worth joining, and the many messages--both to indicate positive and warn against negative--are deftly blatant in a way that isn't preachy but instead, encourages self-reflection. It is important for us to read, and read widely in order to make and keep our minds sharp, and I am guilty of reading fiction almost exclusively. With this story (which seems to wisely be a standalone that has ancillary/""more stories in this world"" potential), I did at least read out of my primary styles, and it made the work of doing so well worth the effort! If you like the slow-build with lots of moving parts and no breadcrumbs to follow before the ""Ah!"" moments of revelation, this book is a wonderful choice for you. If you don't, trust that the story will be a different kind of reward and give your imagination a good bump out of any autopilot rut. :)"
Online Eccentric Librarian,3098,5,5,"November 10, 2023",arc；fantasy,3,"I have not read the Elantra books but have read the author's Sun Sword and House War series (written under the pen name Michelle West). Surprisingly, with this book I was not lost and could follow the plot easily (though I imagine I did not get the subtleties of the side characters or backstories, of course). Without having read the Elantra books, I still found this an engrossing and enjoyable read.Story: Robin has lived in the hardscrabble Warrens since he was little. He has one friend, Raven, a mysterious girl his age who has saved his life many times with her ability to sense danger and find hiding places. Raven is difficult to talk to but Robin has found a way to communicate with the waif. When he disappears, Raven knows she needs to go find him - leading her to the Academia. There, the two will have to face both a terrifying future and a devastating past as students suddenly show up murdered in what should be the safest place in the city.This has all of the Sagara/West trademarks: depth, nuance, rich world building, and quirky characters. The interactions between Robin and Raven (we get a POV from both) are incredibly interesting but never pandering - there are several mysteries in the world and from our characters that are explored throughout the novel.The pacing is excellent and the magic here quite interesting. Despite being in a well written world, the focus here is very narrow on the two street urchins. Both are more than they seem and will play a large part in what is happening. Other reviewers have given where this fits in the Elantra series but really the big picture isn't needed to follow this side story.In all, another excellent Sagara/West book - one I hated to see end. It was a great glimpse into the Elantra series and one I am sure to pick up now. Reviewed from an advance reader copy provided by the publisher."
Paraphrodite,2531,52,4,"December 18, 2023",2023,,"3.5 stars.This is a side story on what is happening at the Academia since it's become ""alive"" again. There's no Kaylin but we do have Teela and the Cohorts. Teela is asked by Lannagaros the Dragon Chancellor to investigate the deaths of a couple of Barrani students. We meet Robin again, introduced in  as the mortal child kidnapped and forced to become a student. Robin decided to stay after Lannagaros killed the fief Lord who tried to take over the Academia. Robin then asked Lannagaros to find his friend Raven from the warrens and take her as a student for the Academia. As the book progressed, we find that Raven is not a mere mortal child and neither is Robin. There is quite a complicated backstory with the both of them. Not only that, we discover some long-held secrets about the warrens and the gardens where Robin used to live. As with , we are introduced to some new elements to the Elantra world and it looks like the Dragons and the Barrani are not the baddest people around. It's amazing that after some 18 books, MS is still able to expand the universe. Looking forward to seeing where she takes us to next. I have to say, Terrano is fast becoming one of my favorite characters!"
Raji,737,45,2,"February 21, 2024",completed-arcs,,"Find this review and more on my blog at .2.5 starsThank you to the publisher, Frenzy Books, and NetGalley for providing me with an eARC of this book in exchange for an honest review.The starting was quite interesting, with a magical school that was alive and a whole new fantasy world to explore. Not to mention a brewing mystery as murders begin to take place on the campus just a student Robin brings his friend Raven, an orphan from the Warrens where they grew up, to the Academia, hoping she’ll be safe there.When I requested this ARC, I didn’t know it was a spin off of a larger series, so it’s quite possible I was missing a lot of background information when reading this book, which in turn probably affected my enjoyment of the book. Even though it’s a spin off, I would expect some context to be provided to the reader and there was none.I feel like the story was so wrapped up in the mystery and characters that we got to see pretty much nothing of the Academia itself. We don’t meet any students outside Robin’s friends or learn more about any of the classes which were only referenced in passing, or even what a normal day there would look like, and I found this to be very disappointing from a world building angle.Though the starting was promising, I found the pace to be very slow and the story seemed to ramble on and on without making much sense at all. It took forever for the book to actually get it together and for the real story to begin – well past the 50% mark if I recall correctly. It was only after this point that things began to become a bit more clearer, such as why Raven was so different and that Robin may not be the ordinary character he seems.Overall, Shards of Glass just didn’t work for me. However, I did find the world to be interesting so I might check out the other books by this author set in the same universe at some point."
Helen Garraway,,256,5,"January 13, 2024",epic-fantasy,,"Shards of Glass is set in the world of Elantra, a side story to the main 'Cast in' series. Set in the same world this book focuses on the newly recovered Academia and the new chancellor, the Dragon, Lannagaros.It's nice to find out more about some of the cohort, though we see Teela briefly, Kaylin is only mentioned and Severn not at all. This story focuses on Robin, and it would probably help if you read Book 16, Cast in Wisdom, prior, to get the backstory of how the Academia came to be.Nevertheless, this book does stand on its own. Robin was plucked from the warrens and trapped in the Academia. He is now free and regards the Academia as home. He thinks it would be an ideal home, a safe home, for his friend Raven, who he left behind in the warrens. She has been his friend, his protector since he was a child, and for once, he wants to return the favour. Only, not is all that it seems, as usual. People are dying in the Academia, in an attempt to weaken Killianas, the sentient being at the centre of the Academia. Robin's safe home, is not so safe, but it's a home he doesn't want lose.Loved the book and the characters. Robin and Raven are both wonderful characters with hidden secrets and unravelling them is suitably complicated and mysterious. Sagara writes deep and complex political intrigue, and this book is no exception. I love how she plays with words and delves into all their possible meanings.Another wonderful addition to the world of Elantra."
Dani,231,3,4,"December 3, 2023",,,"This book is a spinoff from the author's Chronicles of Elantra - especially from the recent book in which an ancient academy was resurrected. The academy is now functioning, and is taking modern students - and someone or something has started killing students.The author is taking a chance. Each Cast-in-Whatever novel has a mystery or crisis that gives the plot its form, but those novels are carried by the viewpoint character, private (now corporal!) Kaylin Neya, fantasy-equivalent-of-police-detective in a multi-species city. Kaylin does not appear in Shards of Glass. The viewpoint character in Shards of Glass is Robin, an enthusiastic young student who wishes to recruit his odd friend, Raven, as a student. It is Robin who is the viewpoint character in this book - and it is Raven who carries the novel. She has an almost-complete disinterest in social expectations, and focuses on what matters to her. As it develops, what matters to her is keeping Robin safe - and she brings surprising skills to the task."
Margaret,615,16,5,"December 30, 2023",adventure；conspiracy；fantasy-mystery,,"Thank you, author Michelle Sagara, for Shards of Glass, Robin's backstory. We knew he grew up in the Warrens and that was all that I had remembered about him.That and the fact that he was the only living student in the Academia before the Academia was brought back to life in the main series Chronicles of Elantra. This book introduces Raven, Robin's companion in the Warrens. We find out that Raven, in fact, was his Guardian. Robin is very aware that he would not have survived his childhood in the Warrens without Raven.But now the Academia is actively looking for students. Robin remembered that Raven was full of questions and was curious about everything. So, he wants to bring her in as a new student. Of course, this being an offshoot of the Chronicles of Elantra, nothing is as it seems.I thoroughly enjoyed this book and wouldn't mind seeing more of Robin & Raven's adventures!Highly recommended for urban fantasy fans, magical school fans, Michelle Sagara fans, Chronicles of Elantra fans, and everyone who enjoys a well-told tale!"
Anita,2512,176,2,"January 5, 2024",audio-book；didn-t-like-much；dragons,,"This author is not the best, but I always read her books. I liked some of her characters in some of the series before this spin off enough that I want to see what happens to them. It's always a painful slog, though. Most of the pages of this author's books are spent on talking for talking's sake. There's little action, and a whole lot of yapping without much plot development. Sometimes, the author gets embroiled in describing the indescribable (or about the Power of WORDs), and that's when reading becomes painful. I find it's best to skip forward past those pages. And I've never missed much when I did. This one is about Robyn, a student at the newly freed Academy with the dragon headmaster. He is reunited with Raven, who was a street urchin with him that he hasn't seen while he was imprisoned, before the Academy was freed from captivity. (Robyn was forcibly made a student during that captivity.) Raven is not what she appears though. And Robyn's history is more than he realizes - that becomes apparent slowly as the murder mystery on campus unfolds."
Nancy,68,3,3,"January 12, 2024",,,"Robin grew up in the dangerous Warrens. There he was protected by Raven, a mysterious girl who hides them both when danger is near. Robin becomes a student at the Academia, a mysterious school run by dragons. He arranges for Raven, who has strange ways and an odd collection of glass and metal “treasures”, to see the Academia and become a student. Students at the school are being found dead, and Raven sees strange glass and metal pieces at the murder sites. What are they and how do they relate to the murders? How can the students be protected?I enjoyed the premise of this book but found that it moved much too slowly for me. It wasn’t until half way through the story that we actually start to learn a bit about why Raven is so different and that the glass may be evil and affects others but not Raven. I wasn’t really invested in the story as there just wasn’t enough forward movement and new conflict to keep me engaged. Maybe the second half of the book picked up but by that point I moved on to other books. I did not finish this book."
Rebecca,25,1,4,"March 6, 2024",,,"So this book is set in the Elantra universe but Kaylin is not a part of the story. Instead we have Robin, the Chancellor (formerly known as the Arkon), and some of the cohort. Mainly the story is from the perspective of Robin and his friend from the Warrens, Raven. Since the Academia needs students who wish to learn, Robin extends an invitation to Raven through the woman known as the Grey Crow, an information broker. At the same time, some students have been murdered on the campus and Raven’s arrival seems either suspicious or fortuitous because she is not exactly a normal human. While I do like Robin, and enjoyed meeting Raven, I also really missed Kaylin and it took me time to really get into the story because I kept hoping she would pop up. Alas, I was disappointed, yet intrigued by both Robin and Raven’s backstory as well as the possibility of further adventures."
Vicki,119,,3,"December 2, 2023",,,"Thank you, NetGalley and Harlequin, for this ARC.The book opens with a young girl named Raven who goes looking for her friend Robin, who's disappeared. She discovers him at Academia, a sentient academy of learning, where students are being killed and no one knows why.From there, we meet humans and non-humans, spider-people, and other things not identified. I think they figured out who was doing it and why, but don't ask me because I was so confused by the end.To be fair, this is a spin-off of another series, Chronicles of Elantra, which I have not read. Given that, I would expect not to recognize, but I would expect context to help, and there was none. There was a lot of rambling, (internal dialog was the worst) and so much repetition (yes, we know Raven hides). I did understand enough of the world that I may track down some of the Chronicles."
James Ellis,476,9,3,"February 26, 2024",fantasy；urban-fantasy；zzz-epub,1,"If I had any hopes that by moving to another protagonist in the world of the Cast novels we might be provided with a better understanding of ongoing events, this book disabused me of that notion. For whatever reason Sagara has no interest in letting her readers understand anything about what is really going in in this world. We are just supposed to be happy with the viewpoint from a string of naive, ignorant protagonists bumbling along watching events unfold with naught but unexplained intuition driving them to influence events.The result is just barely entertaining enough for me to finish the book and continue to read the series just out of the morbid interest to see it through after the amount of time I've already invested in it. I will never, ever read the series again, however. By my standards that earns it a bare three stars."
Heidi,1277,6,4,"November 28, 2023",,,"I saw another review that said you ought to read all the other books in this world first because it’s a spin off and you won’t know what the world is like but I disagree. I think anyone who regularly reads fantasy will pick up on the world is odd and fragmented. There’s a bunch of different species and humans seem to be the fragile under powered ones. There’s a pair of young adults who don’t know terribly much about the world thrust into an academy together and they need to figure out what’s behind some murders. One’s a bit odd and the other just happy to have escaped the slums, You see the world with them. I have only read a scattering of her books but I think I really ought to read the rest as I’ve enjoyed every book I’ve read so far."
April Jones,275,5,3,"April 14, 2024",,,"When I read, I want to be transported to another world. The setting of this book could do that, except the writing style is that of an informational text. I don’t need to understand all the inner workings of the world. I just want to live in it.A few of my favorite quotes from the book: “Mostly, people were willing to trust you because you couldn’t hurt them. They had more power.”“Possibility has its own imperative, its own beauty- but there is never just the positive future; it walks hand in hand with the negative.”“Raven wouldn’t dislike Melgren; she’d accept him as he was. But she wouldn’t understand why he should be relevant to her life. His judgment was therefore his problem, not hers.”"
Steve,633,28,3,"November 18, 2023",,,"I loved the character development in this book and some of the storytelling. Most of the book was well-paced but it did seem to drag towards the end. The writing could have been crisper; the book frequently rehashed the relationship between the two main protagonists. I also felt that I was missing a lot of background and found out later that this book was part of an already-established universe. A lot of the epilogue felt like it was playing catch-up and explaining things that perhaps should have been addressed earlier. Overall, despite the criticism, the book is worth reading. Thank you to Netgalley and MIRA for the advance reader copy."
Chelsea,183,2,5,"December 1, 2023",fantasy,,"This review was made possible via an ARC through NetGalleyShards of Glass by Michelle Sagara stars two teens, Robin and Raven, who grew up in the warrens, a poverty-stricken area, and go to the Academia. Robin was taken there first and Raven later follows but is the one who most take a fascination with. The book has fascinating concepts such as sentient buildings and dragons in human form, but the Barrani are not completely explained. Apparently this book is connected to another series by Sagara but I was not aware of that going in. Enough is explained where I’m not scratching my head and I don’t feel lost.Shards of Glass is ultimately a mystery that takes its time to build up the ideas and explore the nuances of the concepts of language and what is seen and unseen. Raven’s own arc is heavily tied to language as we think of it and the ways in which she prefers to communicate. Robin’s knowledge of her idiosyncrasies and how she communicates provide a lot of information about their characters and relationship.I would recommend this to fans of books that take their time and slowly build up to the reveals at the end. I would not recommend this to readers who require faster pacing."
Jessica's  Reviews,218,2,3,"December 1, 2023",fantasy；romance,,"**Warning:** Not a standalone book. Heavy background missing. World-building that kept me raising an eyebrow and trying to play catch-up. The premise and storyline are interesting, with characters that have heart and interest. It’s a mash-up of Alice in Wonderland, University magic, dragons, and mystery. Sometimes, though, the unbelievability of the simple things like a girl with no memory surviving on the streets alone. It grates on my inner dialogue of whether that is possible. This was way too much work to jump into without more context. 2.5/5 stars Sponsored through NetGalley for an honest review."
annapi,1751,13,4,"January 21, 2024",fantasy,2,"A spinoff of one of my favorite series, the Elantra Chronicles, this first book of the new series stars the young Robin, and is a murder mystery set in the Academia. If you are not familiar with the Elantra series, no synopsis will make sense, so suffice it to say I enjoyed this - I like the new character of Raven, I'm delighted to have Robin's backstory, and look forward to more of his adventures. I was a bit disappointed that Kaylin doesn't have a cameo here, but I suppose she would overshadow the characters. Maybe in future books she will make an appearance, but regardless I am eager for more."
Kathryn Baron,872,3,4,"February 4, 2024",2024；audiobook,,"It's a somewhat intriguing to see this universe from a different perspective. But Robin's view, while interesting and different, doesn't add any new insights into anything the world or characters we already knew about- although there is plenty of brand new information. On the whole, I thoroughly enjoyed it. I have some regrets that it's yet another entry into the lost prince genre. Sometime it would be nice if the peasant boy was just a peasent boy. Plot wise, I understand the attraction. As well as the desire to start with a known character.All in all, another solid entry into the series and a nice expansion of the world."
Annarella,13,143,5,"November 27, 2023",edelweiss；fantasy,,"I discovered the world of Elantra some years ago and it wasn't love at first page because it's a long and complex series and I had to understand what was going on.Once I found my footing had to read any new book and was glad to read this one, the first in a new spin-off seriesMs Sagara delivers and this is entertaining and compelling. An excellent fantasy that start something that promises to be very entertaining.Highly recommended.Many thanks to the publisher for this ARC, all opinions are mine"
Ben Chalfin,14,,5,"November 28, 2023",,,"I really liked this one. Obviously the author is an experienced writer, and there is a ton of backstory for this world/some of the characters, but as someone who's new to the world, it wasn't too hard for me to join in the middle of the flow. The characters are well fleshed out, and feel like real people with real motivations. At times, there was a bit too much exposition. Also, considering it's theoretically a dark academia story, I wish it would have gotten into Raven and Robin actually learning magic a bit faster! However, these are minor quibbles, and I still recommend the book."
Tami Panos,22,,5,"December 2, 2023",,,"Sagara introduced us to Elantra through Private Kaylin Neya and it’s a world I’ve come to love. This installment takes us into the backstory of a character we learned about in one of Kaylin’s misadventures. While we still see many of the original Elantra characters, this story takes a look at how Robin finally comes to understand who he was truly meant to be. Hopefully we will continue to see how the Academia continues to grow, and where this takes more of our favorite characters."
Anna,46,29,5,"December 3, 2023",,,"As Michelle's books ALWAYS does this one sucked me in and didnt let go for one second. The return to Elantra is always welcome and I love the spin-offs. The books always leave me wanting to know more, to see more and to get to learn more about this wonderfull world. Raven made me wanna scream, laugh, cry and curse, often on the same page and I want more! Robin is more complex than first meets the eye, as most of the Elantra characters are and I really want to learn more of his story.More please! I'm recomending this to anyone who'd listen."
Tea,438,7,5,"December 15, 2023",,,"Once again Sagara has created an incredibly intriguing story with complex characters and a mystery that's conclusion can't be guessed at easily. And once again she's written a story where the second half is all climax making the book hard to put down.Fans of the author's Hunter series under her other writing name of West, might find this book to be a good crossover if they've yet to try any of the Elantra tales. While Shards of Glass has a completely fresh set of characters and story, the vibe and underlying plot is reminiscent of The Sacred Hunt in a way that I really enjoyed."
Stanley,505,,4,"January 25, 2024",,,"4.4 stars. A refreshing book, with a new perspective in the Elantra universe: though I love the series following Kaylin, this is like a re-introduction of the cohort thru new eyes. Almost breathtaking, I was intrigued into the deep dive of the Academia.Yes, it helps to have read the prior books, but I don't think that can be avoided since the Elantra universe of locales, characters, intelligent towers/homes/locations, can be covered in any new book as it is now too large. (The price of success?)"
Diane McConnell,1430,4,5,"April 2, 2024",,,Go ahead and read about Robin!I’ve always wanted to know more about Academia after it’s reopening after the fall of Ravellon because I miss the Arkon in the library even though there is a new Arkon now. But I never expected a book with Robin from the warrens and being kidnapped to be a student at Academia and his background and I’ll let you be surprised at the revelations.So go ahead and read it but if you want more start with all of the The Chronicles of Elantra so be prepared with a good drink and comfy clothes because you are in for an interesting book!
Rita,3989,28,4,"April 12, 2024",,,"Within the first 20 pages I was completely invested in this new character, Raven. I was a bit disappointed when the point of view switched to Robin a while later, but it made sense given the overall story arc. I was also afraid of this book ending on a cliffhanger but it all wrapped up somehow before the end! I was pleased that we got some overlap of characters with the main Elantra storyline even though this was set firmly in the Warrens and in the Academia. Definitely a worthy addition to the canon, even though it featured side characters."
Becca,1623,2,4,"December 9, 2023",,,"This feels much more understandable than the latest Cast books-- I didn't have to work as hard to understand the magical scenes. And Raven had me fooled in a good way, especially with the opening being from her perspective. But I got very tired of scenes going ""yes, I have figured out something very important, but I can't tell you until we assemble a different group of people in a different room, which will take a long time due to the current danger level""."
Elizabeth Wilhoite,27,,4,"January 18, 2024",,,"This one of those books that had a slow build and was more of an intellectual read than it was an action read. I enjoyed it. Apparently, it's the prequel to a whole 18 book series? Go figure. Anyways, it was low-key enough I could keep it on in the background, zone out for a bit, and come back to it. It's a good book for a palette cleanser if you just got done with an action series or an emotionally torturous book."
Aletris,17,1,5,"January 26, 2024",,,This is a very intriguing and different world that the author has created. The characters were interesting and thoughtfully crafted. The intricacies of the plot had me thoroughly engaged and made it almost impossible to put the book down. I'm hoping the author will have sequels to this story - I WANT MORE!!I am looking forward to picking up the other books this author has written. If any of them are half as good as this one they will be well worth purchasing and reading.
Alia,4,3,4,"February 11, 2024",,,I enjoyed the book but I think it really helped to have read the rest of the books in the same world. I found the portrayal of Raven to be excellent - both from her viewpoint and externally. I didn't find Robin's perspective and internal voice to have as much strength and character as others. It was a good read that added depth and breadth to the world. I quite enjoyed the strength of friendship as the binding feature and function in the plot.
Brandon,9,,3,"February 15, 2024",book-club,,"This is the first book of this universe that I’ve read, so this likely factors into my review. I didn’t quite understand the magic system or its rules. I thought we didn’t spend enough time learning about the Academia versus the other plot points. The characters were repetitive in their dialogue throughout the entire story. Wasn’t quite for me, and I likely wont be reading anything else in this series."
Mya,258,6,3,"March 16, 2024",,,I liked the book; however it was a extremely hard read. I think I read it because like a labyrinth it has many mysteries to solve. I was confused with Raven and I knew that raven was the connection to Robin. But I frankly just hated the elongated chapters that until the very last few chapters came together. It was like I was fighting through it with the author. So I know it was a hard book to write. She couldn’t lean on the usual main characters to make this book work. Anyways 3.5/ 5
Groucho42,1889,2,4,"March 16, 2024",,,"A novel in the Accent -- oops, I mean Elantra -- universe. Robin and Raven are two orphans surviving in The Warrens, when Robin gets a chance to study in the Academia. From there, murders and adventures follow as expected. Many of the ancillary characters from Chronicles of Elantra cycles, including Teela but only briefly. Many of the rest of her cohort, though, are there.A pretty standard story that, even with the overwriting, is above average and enjoyable because of the author's skills."
Karen,319,10,5,"November 21, 2023",netgalley,,"Another great book in one of my favorite series! This one is a side story from the main storyline and features different main characters. Although I thought I would miss Kaylin and her friends, I was happy to see many of them here and I enjoyed the new set of characters just as much. The story is about Raven, a homeless kid from the warrens. She misses her friend, Robin, who has disappeared. Robin, having found a home in the Academia, wants to bring Raven to be a student there. It’s possible this book could be read as a standalone, but I think it would be much more enjoyable within the context of the series. There’s a ton of detailed, intricate world building in the previous books and Robin’s story begins in an earlier book in the series. Sagara's characters are always fully realized, flawed and heroic and the unfolding of who and what Raven and Robin are is a delight in this book. I really enjoyed the Academia setting. I always enjoy sentient buildings in stories and Killianus, the avatar of the building, has a large role. The mystery here is also really interesting and, as is usual in this series, there’s a fascinating mystical component as well."
Martha Kreeger,27,,5,"November 30, 2023",,,"I have loved Elantra and it's characters but this is a pretty special book all on its own. Robin and Raven are people with depth and breadth. Its not about snark or sex, but change, humanity and life. I loved this one and hope to see more. Sagara is a great writer, well worth following, supporting and reading. And you should."
Ginger Corbin,1,,5,"November 30, 2023",,,"While there are some character crossovers, this book felt as if it was a new beginning with more stories and characters to come. Michelle has definitely done it again. While Robin may not star in another book, this certainly has the potential for many other characters to tell their own stories in future books."
Hacen,557,11,2,"December 9, 2023",,,"I’m a huge fan of Michelle’s writing under her Sagara and West pen names. I was first introduced to her through her Chronicles of Elantra series so I was really excited to read this spinoff set in the Academia, a newly discovered school in the fiefs. Sadly I wasn’t a fan of the povs and didn’t find them as interesting as Kaylin from the main series.Received from NetGalley"
D,1150,19,5,"December 13, 2023",fantasy；favorite-books；paranormal,,"This is spin-off of the Chronicles of Elantra has Shards of Glass set at the Academia. Robin is trying to get his friend, Raven, to join him at the school. This is a great story that includes a few of regular characters from the other series. A suspenseful plot and deeper knowledge of characters made this a quick and exciting read."
Claire,23,2,3,"December 30, 2023",,,Overlong and in need of editing. Not a good entry to the earlier Elantra Chronicles as this book relies on the reader knowing that world and many of the characters. There's an increasing tendency to exposition rather than action in these books but Robin and Raven make interesting additions whose development is likely to interweave with the main Chronicles.
Kes,2069,48,2,"December 31, 2023",fiction；read-2023,,"Did not notice this was part of a series - and I’m not familiar with the series. Verdict: it was ok. Features lots of talking, and turns out that it’s"
Beate,461,27,4,"February 7, 2024",favorites,,"I really liked hanging out at the academia, and this is an excellent spin off. I do highly recommend reading the main series first since there are both spoilers and a number of things that only make sense if already immersed in the world. Having said that this was the exact familiar setting I was craving."
Eleanor With Cats,444,29,5,"February 16, 2024",asd-in-fiction,,"This is a spinoff of the Chronicles of Elantra series, with characters from the main series, but readable as a standalone. I loved it just as much as the main series, and really liked reading more about the Academia and the Chancellor, as well as Teela's cohort.I'm not sure whether the main character is written to be on the spectrum or not, but she definitely has some ASD characteristics."
Anna,109,,2,"March 3, 2024",2024,,"Apparently, this an off shoot from a series. I had no idea of that when I picked it up and read it. It was very confusing to me at times. I guess there are at least 15 books before this that would help sort things out for me. I just wanted to know more about Raven faster. It dragged on, and the glass thing could have been better developed overall. Or maybe that’s my lack of background?"
Spellcheck,764,3,2,"April 7, 2024",,,"Library description did not indicate this was part of a very long series, and it sounded interesting... I don't know whether I missed something by not reading the 15 or so prior novels. Regardless, I found the story in dire need of editing. It was painfully long. I skimmed the last 200 pages in order to finish, but could have just as easily bailed without a second thought."
Ramanda Riddle,5,,4,"April 10, 2024",,,I will have to reread as my brain tends to repeat peoples names till I think I got it right i suffered through that for a quarter of the way and couldnt focus on nothing else 🤣.... I literally had to give every character a nickname other than the main POVs. Loved the book though ending was a little mushy 🤷‍♀️ but good as it tied up a lot of questions you still have till the very last page
~♥*Marianna*♥~,782,50,3,"April 14, 2024",,1,"Everything in this book is all up in the air. The magic, the people, the plot. There’s very little to hold on to as you go from one event to the next. It’s grounded a little by the end but that doesn’t correct the lack in the rest of the book. I’m not attached to any of the characters because everything was too shrouded in mystery and the unknown."
Indira Rivera,509,18,5,"December 6, 2023",,,"As always, an enjoyable read. I just love Raven and Robin.Raven with her glass and new desire to share.Robin with his gregarious self.Honestly, I loved the moment of Raven running and finding Robin and taking him to a secret place. I would love to see another book."
Anna Wick,552,5,5,"December 18, 2023",,,Robin is a precious boy growing into a fine adult when danger and death start at his new home he defends it with the help of all his friends. I hope there will be more academy stories
elizabeth figueroa,14,,4,"December 19, 2023",,,I liked that she made this story. I always wondered what would happen to Robin I like how she made this story. Some of it was a little long-winded in places but overall I can’t wait for the next one.
Danielle,1117,10,5,"February 24, 2024",2024；2024-faves；tbr-feb,,"Probably my favourite read of the year so far, I absolutely love how slowly and carefully the world and characters and casts are introduced and integrated in his world, I could keep reading this series forever"
Sutton ,166,15,3,"April 13, 2024",,,"It can absolutely be read as a stand-alone novel, the issues it has are with repetition and giving us the same information over and over again. Unnecessarily dense, could be edited to half the length."
Shirley,80,,5,"July 9, 2023",,,So awesome.
Louisa,7596,81,5,"August 2, 2023",owned-read,,"Loved reading this book, it was such a great read, I loved getting these characters, and getting to know this part of the world better!"
HTP Books,1183,145,,"November 1, 2023",mira,,"Epic Fantasy, Dragons & Mythical Creatures, Action & Adventure Fantasy"
Joanne Weckbacher,24,,5,"November 30, 2023",,,I am so glad there is a new book. There are new characters and familiar characters and they mesh to populate Elantra.
Bretaigne Jones,2,,5,"December 6, 2023",,,I loved this book. While I missed some main characters in the series this one was so well done I wasn’t disappointed at all. Fantastic story.
Nicole Luiken,,165,4,"December 6, 2023",canadian；sf-fantasy,,Raven is a fascinating character. I loved how that book started out as murder-mystery but ended up revolving around Raven and Robin and their friendship.
Mae,1004,28,3,"December 12, 2023",couldnt-stay-focused；drama；epic-or-high-fantasy,,2.5 stars dnf @ 98%
Jeanne,265,,5,"December 13, 2023",,,Really enjoyed it and hope it's the beginning of a new series. Now I'm going back and reading the previous series.
Mary,1002,2,4,"December 21, 2023",creatures；dragons；fantasy,,Robin's story in the Academia. (Offshoot of the Chronicles of Elantra.) Very good.
Wes Church,31,2,5,"December 23, 2023",,,"Liked this one a lot. Much more plot driven, a lot less introspective monolog."
Maggie Mcdonald,272,3,5,"December 24, 2023",,,"What a great spin off. Parallel story? However it's defined, it's an enthralling read."
Millie,212,,5,"December 28, 2023",,,I liked it a lot!
Laura Naschke,2,,5,"December 31, 2023",,,I would love to see what happens to Robin and Raven next! Cannot waitfor the next installment(if there is one)
Lee,33,1,5,"January 3, 2024",,,AMAZING! Love love love Raven and Robin and all the familiar (and new) characters from the Entra world. Really hope this is the start of a new series.
Sue Dixon,101,17,5,"January 21, 2024",,,Loved it
Katherine,857,,4,"February 1, 2024",,,Well done! A new sideline on Elantra!
Char,298,,5,"February 6, 2024",,,"Loved this book, including its setting. Seeing the same universe as that found in the Cast In series from a different perspective was fun, too."
Laura,339,38,5,"July 24, 2023",2023；arc；fantasy,2,"I was totally engrossed while reading this high-fantasy quest with multiple mysteries including true identities that increases in tension as time is running out and the stakes grow ever higher. Raven tracks her missing friend, Robin, to the Academia, a magical school, lost for centuries, now newly awakened. Robin wants Raven to be a student as well but she's uneasy, especially as students begin turning up murdered. Now it's up to Robin and Raven to figure out who's killing students and why. Michelle Sagara’s world-building is incredibly detailed and rich. She’s given Elantra millennia of history and backstory that’s run through with political intrigue and the never-ending battle between Good and Evil. I love that she’s slowly revealing the secrets - just enough at a time to leave me wanting more.Robin is a lot like the main character in the original Elantra stories, Kaylin Neya, - young, orphaned, but resourceful. And with the ability to get befriended by powerful people. SHARDS OF GLASS is intricately plotted, with personal stories woven into the overarching history of Elantra.While this isn’t a Kaylin book, it shares a setting and several characters and takes place after Cast in Wisdom."
Tamara,1024,2,5,"November 18, 2023",,,"Title: Shards of Glass Author: Michelle Sagara Genre: Fantasy Rating: 5 out of 5This is another excellent read in the Chronicles of Elantra series. I do love Kaylin and the other main characters, but I really enjoyed this read as well. This world is so well-done and vibrant, it’s fascinating to read about. I highly recommend this! I binged it in two days.(Galley courtesy of Harlequin/MIRA in exchange for an honest review.)"
