Row,Tags,Tag_Count
6,came-out-in-2023；fantasy；young-adult,3
8,fantasy；fav；have-2-pry-out-of-my-cold-hands,3
9,2023；arc；asian-authors,3
11,2023；utter-disappointment,2
12,young-adult-fantasy,1
14,enemies-to-lovers,1
15,abducted；adventure；angst,3
16,asian-read；bickering-couple；court-lawyer-politician-politics,3
18,for-safa-aka-my-faves,1
19,2-stars-meh-i-dont-like-it；fantasy-or-magic；young-adult,3
20,2023-reads,1
21,bookbeat,1
23,coverly-love；enemies-to-lovers；fantasy,3
25,fantasy；mountain-of-adamant,2
26,6-star-reads；february,2
27,2023；fantasy；impressed-me,3
28,a-rtc；age-ya；favorites-i-think,3
29,read-in-2023,1
35,2024-shelf；booktok-recs；fantasy,3
37,4-star；owned；young-adult,3
38,read-in-2023,1
45,5-stars；all-time-favorites；fantasy,3
54,awhhh；best-villains；book-boyfriend,3
59,chce-przeczytac-w-2024,1
60,ahhhhhh；books-i-need-asap；books-ive-read-but-need-copies-of,3
69,2023-releases；read-in-2023,2
73,favorites,1
82,2024；audiobooks；ebooks,3
85,2023-most-anticipated；bipoc-authors；guys-who-are-down-bad,3
90,2023-reads；bipoc-author；character-royal,3
105,2024；fantasy；ya-fantasy,3
108,fantasy；romance；young-adult,3
110,enemies-to-lovers；love-these；love-triangle,3
114,2023-favorites-reads；2023-reads；fantasy,3
115,favorites,1
116,2023,1
117,favorites,1
118,best-characters；has-a-special-place-in-my-heart；lives-rent-free-in-my-head,3
119,2024；4-5-stars；fantasy,3
121,fav-fantasy,1
123,5-star；badass-fmc；fantasy,3
127,book-boyfriend；fairytales-legends-retellings；worth-the-hype,3
129,favorites,1
132,hello-there-book-boyfriend；holy-works-of-art；i-guess-im-bi-then,3
134,favorites,1
135,2023-reads；4-star；fantasy-recs,3
136,all-time-favourites；best-of-2023；enemies-to-lovers,3
137,2023；slapped,2
140,angsty；fantasy；favorites,3
142,audiobook；ebooks-and-kindle；kuwait,3
149,4-stars；arc,2
153,the-very-best,1
156,fantasy；romance,2
157,enemies-to-lovers；favorites,2
162,romantasy-favorites,1
163,asian-authors；audience-young-adult；format-audiobook,3
165,fantasy,1
166,2023-released-faves；enemies-to-lovers；most-anticipated-2023-releases,3
169,my-5-star-holy-texts,1
171,2023-release；arranged-marriage；banter,3
173,angst；dragons；enemies-to-lovers,3
174,5-star-books；wanna-reread,2
177,fantasy,1
180,audiobooks；illumicrate,2
183,owned,1
185,anticipated-2023；h,2
188,2023；2023-pub；2024,3
189,4-star；booktok-made-me；def-reread,3
190,favorites；read-in-english,2
191,5-stunning-stars；all-time-favourites；alpha-male,3
195,favourites；read-fantasy,2
197,2024-reads,1
198,2024,1
201,prioritized-on-my-tbr,1
203,faves,1
205,2023-tbr,1
206,books-rec；favorites,2
211,favorites,1
212,2023,1
213,2023；2023-releases；found-family-trope,3
214,i-need-asap；kindle-reads；well-that-was-disappointing,3
216,fantasy-and-sci-fi；favorites；read-in-2023,3
218,2-stars；read-in-2023,2
220,fantasy-tbr,1
221,2024；fantasy；owned,3
222,2024-reads；fantasy；from-bf,3
228,physically-owned,1
233,owned,1
241,1-2023-releases；2-ya；3-sff,3
243,high-fantasy,1
250,audiobook；library-book,2
252,favorites,1
254,fantasy；favourite-ships；marriage-of-convenience,3
255,2023；angst；fantasy-adventure,3
257,read-books-feb-23,1
259,enemies-to-lovers；favorites；feb_23,3
261,aapi-books；fantasy-scifi；favorite-covers,3
266,owned-books,1
267,audio；reread,2
268,24h；couleurs；livre,3
273,brainrot-don-t-judge-me,1
274,fantasy-romance,1
275,asian-authors；ya-fantasy-favorites,2
279,fantasy,1
283,2023-releases,1
284,rereads,1
286,otp；perfection,2
288,books-i-love,1
289,2024；slowburn,2
290,inglês；kindle,2
292,2023-reads,1
293,5-star,1
295,2024；bookcase；tahereh-mafi,3
296,2023-releases；fantasy；on-libby,3
