Row,Tags,Tag_Count
0,i-wrote-this,1
6,possible-2023-realeses,1
8,2022-releases；author-bipoc；rep-asian,3
9,alr-know-its-going-to-be-amaze；cant-see-through-the-tears；fuck-everything,3
11,most-anticipated,1
12,2024-anticipated；tbr-fantasy；unfinished-series,3
13,not-yet-released,1
15,2025-releases-i-need,1
17,unfinished-serieses,1
18,2023-looks-good；22-books-for-2022；23-for-2023,3
19,asian-lit；asian-mc；bisexual-rep,3
21,2025；to-buy；ya,3
22,lgbt-tbr,1
24,covers-so-beautiful-help-me,1
28,c-ya-mg；coverly-love；g-queer-ya-mg-sff,3
32,anticipated-2024-releases；dystopian；fantasy,3
33,2024-most-anticipated；2024-releases；a-young-adult,3
38,unreleased-books,1
41,anticipated,1
51,2024-releases；bi；queer-books,3
53,cover-love；dystopia；retelling,3
62,fantasy,1
70,zz-up-to-date,1
72,all-my-reviews；all-priority,2
73,must-read,1
