Row,Tags,Tag_Count
0,arcs-and-review-copies；favorites,2
2,fantasy；reviewed,2
7,2023-books；fantasy；series-caught-up,3
8,upcoming-releases-with-covers,1
9,my-all-time-favorites；netgalley；next-in-series,3
12,fantasy,1
14,adult-sff；mystery-crime-thriller；political-intrigue,3
18,fantasy；horror,2
19,arcs；books-that-speak-to-my-soul；fantasy,3
20,2023-reading-schedule,1
21,epic-fantasy,1
22,fantasy,1
23,favorites,1
25,2024,1
26,fantasy,1
28,0-hyped；1-arc-advanced-reader-copies；2-new-author,3
29,epic-fantasy；favorites；favourite,3
30,owned,1
33,scifi-fantasy,1
34,audiobooks；espionage；fantasy,3
37,fantasy,1
38,2024-read,1
41,fantasy；review-copy,2
42,arcs,1
43,2023-5-stars；audiobook；fantasy,3
47,ebook-wishlist；fantasy；five-star,3
53,favorites,1
54,2023；2024,2
56,favorites,1
58,2023-releases；adult-fantasy；all-time-faves,3
60,audiobook-life,1
64,arcs；physical-copy,2
65,fantasy,1
67,5-stars；adult-lit；gods-and-other-deities,3
72,fantasy-buddy-reads-2024；review-copy-net-galley,2
75,adult-sff-horror；arcs-digital；reviewed,3
76,fantasy,1
77,all-time-favourites,1
78,2023digital,1
79,2023；adult；arcs,3
80,machalo-bingo-2024；machalo-tbr-2024,2
86,2024-02-february,1
88,netgalley,1
90,specfic-buddy-reads,1
92,arc；epic-fantasy；fantasy,3
94,adult-fiction；fantasy,2
96,arc-s-to-review,1
97,epic-fantasy；fantasy,2
101,2023；anticipated-2023,2
106,favorite-reads,1
108,july-2023,1
110,fantasy,1
111,2023_all；2023_novels,2
113,books-i-always-reread；fantasy-series-i-love；favs-of-2023,3
114,arc；favorite,2
116,favorites,1
120,2023,1
121,fantasy,1
124,2023-favourites；arc-read-2023；over500club2023,3
135,owned-read；to-buy,2
139,owned-physical,1
140,2023-releases；audience-adult；genre-sff,3
148,fantasy,1
149,2024；goth-and-horror-my-beloved；staring-at-my-ceiling,3
150,fantasy-sci-fi-supernatural；in-english；rev-netgalley,3
153,favorites,1
156,arc-reviews,1
159,3-stars,1
164,2024-read；arc；sf-f-h,3
165,fiction；sci-fi-fantasy；series,3
171,2023-tbr；netgalley；own,3
174,all-nighter；epic-fantasy；favorite-authors,3
175,favorites；i-need；owned-physical-copies,3
177,2023,1
178,2023-netgalley,1
185,in-store-purchase；owned,2
187,fantasy,1
189,fiction；library-rental-audiobook；own-hardback,3
191,fantasy,1
198,kindle-tbr；priority-tbr,2
203,adult-lit；fantasy,2
207,2023-reads,1
210,01-jan-2024,1
213,favorites,1
224,audiobook；ebook；fantasy,3
225,sf-f,1
230,2023-releases-on-my-radar；fantasy,2
234,2023；ebooks；fiction,3
235,dark；fantasy,2
236,favorites,1
242,2023-reviews,1
244,arcs；fantasy；netgalley,3
245,fantasy,1
246,fantasy,1
247,arcs-2023；re-read-2023,2
254,netgalley-edelweiss,1
255,2023；2023-faves；2023-releases-read,3
256,english-books,1
257,british-irish-authors；fantasy；male,3
265,cover-beauty；favorites,2
272,fantasy,1
275,fantasy,1
276,fantasy；fiction；grimdark,3
277,reviewed,1
279,fantasy,1
280,dark-fantasy；demons；detectives,3
281,favorites,1
282,2023,1
286,arc；fantasy；read-2023,3
287,2023；arc；ebook,3
289,fantasy-sci-fi；favorites；inspiration,3
294,im-not-proud；sff；tfn,3
296,ebook-kindle；epic-fantasy；favorite-reread,3
297,2023-book-challenge,1
