Row,Tags,Tag_Count
0,advance-listening-copy；advanced-reading-copy；audiobook,3
1,adult；bisexual-rep；enby-author,3
3,a-magical-story,1
4,its-not-you-its-me,1
6,adult-fantasy；arc-giveaway-freebie；historical-fiction,3
8,adult；arc-netgalley；fantasy,3
10,advanced-reading-copy；assorted-human-magic-users；historical,3
13,arcs-and-galleys；fantasy；historical-fiction,3
14,fantasy；fiction,2
16,2023,1
18,arc-s-netgalley-and-edelweiss；fantastico-fantastics-scifilicious；lgbtq,3
24,read-in-2024,1
25,arcs；rc-potentials,2
26,2023；fantasy；horror,3
28,must-read-again,1
29,fantasy-fiction,1
31,audiobooks；favorites,2
32,books-i-want-to-yell-about,1
33,arc-list,1
35,arcs,1
38,4-star-reads；bamf-ladies；giveaways,3
41,circus；lgbt；sapphic,3
45,arcs；books-i-own,2
46,lgbtqia；magical-realism-sf-fantasy；young-adult,3
49,netgalleys,1
53,fantasy；stonecoast,2
54,2023-release；favorites；want-to-buy,3
55,2023,1
56,books-i-own；rainbowcrate；signed,3
69,2023,1
70,2023-releases；audiobooks,2
72,arc-reads；book-recs,2
73,2023；fiction；good-fantasy,3
76,2022-reads；2023-queer-sff；debut,3
79,2023,1
80,09-sept-2023,1
85,2023；arcs2023；best-of-2023,3
87,favorites,1
89,2024；audiobook；deep-sigh,3
90,great-magic-system；historical-fantasy；lgbtq-rep,3
92,carnival-circus；sf-f-h；time-travel,3
93,own,1
96,adult；dark；fantasy,3
97,2023；adult-novels；arcs,3
98,fantasy；found-family,2
99,2024；fantasy；queer,3
101,netgalley,1
103,2023-reads；fantasy；historical,3
105,fantasy；historical-fiction,2
106,arcs,1
108,2023-read,1
109,favorites,1
111,arcs-read,1
116,adult；books-that-made-me-cry；fantasy,3
117,2023-releases；fantasy；historical-fiction,3
118,books-i-recommend-2023,1
120,adult-fic；fantasy；z2023-reads,3
122,2023-releases,1
127,2023-into-the-forest-challenge；2023-release；audiobook,3
128,arc；book-club；fantasy-adult,3
129,dark-and-grimdark；sapphic,2
133,audio；fantasy；library,3
135,fiction；library-rental-audiobook；sff,3
136,circuses-carnivals,1
138,2023；did-not-finish,2
148,fiction-adult；magical；time-travel,3
150,adult-fiction；akii-s-recommendations；historical-fiction,3
155,queer,1
161,slump-inducing-shelf-of-shame,1
163,2023；anti-war；audiobooks,3
172,lgbt-sapphic,1
174,5-stars；books-read-in-2023；lgbt,3
182,2023,1
183,dnf2,1
184,dnf,1
186,2023-books；fall-2023；fantasy-general,3
187,fantasy；historical-fiction；time-travel,3
188,2023-reads,1
189,ack-ack-ack；bad-blind-snag；did-i-really-just-read-this,3
191,arcs；fast-paced；lgbtq,3
193,2023；adult；fantasy,3
198,2023,1
199,netgalley,1
203,2023-anticipated,1
210,adult；advanced-reader-copies；circus-themed,3
213,2024；bisexual-rep；disability-rep,3
217,2023,1
222,arc；fantasy；historical,3
226,2023；fantasy；historical-fiction,3
228,april-2024,1
230,american；circus-carnival；historical-fiction,3
231,3-star；fantasy；owned-physical,3
235,2023-anticipated-releaes,1
237,2023-releases,1
243,adult-fic；deleted-from-kindle；diverse-or-issue-related,3
245,2023；at-the-library；netgalley,3
247,historical-fiction；netgalley；sci-fi-fantasy,3
249,fantasy；historical；lgbtq,3
250,2024；dystopia；fantasy,3
251,netgalley,1
254,2-star；fantasy,2
257,arcs；fantasy；fiction,3
260,broken-family；e-books；fantasy,3
263,2023；fantasy；historical-fiction,3
264,pretty-good,1
269,hist-fantasy,1
270,the-sapphic-shelf,1
271,2024-read；bücher；genre-roman,3
274,audio-2023；netgalley,2
275,2023；alternate-history；fantasy,3
277,favourites,1
278,fantasy,1
280,2023-releases；historical-fiction；listened,3
283,fantasy-sci-fi；the-infinite-library,2
285,fantasy；jugendbuch；romance,3
292,arc；genre-fantasy；genre-queer,3
295,fiction；lgbtq,2
