Row,Tags,Tag_Count
0,favorites,1
1,adult；fantasy；favorites,3
5,romance,1
6,fantasy,1
7,best-of-2024,1
9,adventure；epic-fantasy；high-fantasy,3
12,adult-sff；cosmere；cyberpunk-sff,3
13,epic-fantasy,1
16,2023-reads；4-5-stars；awesome-audio,3
18,brandon-sanderson；favorites；physical-owned,3
20,arc,1
21,audiobook；fantasy,2
23,fantasy,1
24,2023；5-of-5-would-read-again,2
25,fantasy；favorite-characters；favorite-relationships,3
27,2023-faves,1
30,2023-reads；adult-books；e-books,3
33,fantasy；sanderson,2
35,addictive；audiobooks；cosmere,3
36,adult；fantasy；fiction,3
37,2023oct；aliens；cultural-mythology-folklore,3
39,adult-fantasy,1
41,top-books-check-them-out,1
45,fantástico；magia,2
47,sanderson,1
49,brandon-sanderson；fantasy；sff-favorites,3
53,2-star,1
55,ciencia-ficción-y-fantasía,1
56,high-fantasy,1
65,2023；me-gustó,2
66,favourites；read-in-2024,2
68,2023；audiobooks；cover,3
69,favorites,1
70,2023-anticipated-release；asian-inspired-mythology-and-rec；cosmere-world,3
71,fantástico；juvenil,2
73,cosmere；fantasy,2
75,2023-favs,1
78,x-2021-finished；x-2022-finished；x-2023-finished,3
86,all-my-physical-books；young-adult,2
87,0-repeat-author；1-bought；2-first-books,3
88,favoritos,1
89,fantàstica,1
92,fantasy,1
94,2023；audio-libro；cosmere,3
96,2023,1
97,2024-reads；fantasy；favorites,3
100,favorites,1
102,owned,1
103,fantasy,1
104,favourites,1
110,reading-challenge-2023,1
111,ebook；fbr；read-in-2023,3
115,2023；brandon-sanderson；favorites,3
116,2023；fantasy,2
119,fantasy；reviewed,2
122,fantasy；gamma-read,2
124,brandon-sanderson,1
125,challenge-with-jojoahie；favorites,2
126,fantasy；kindle,2
128,owned,1
130,a-3-75-stars；b-young-adult；c-stand-alone,3
131,2023-reads；fantasy,2
134,books-i-highly-recommend；ebooks；favourites-of-2023,3
136,fantasy,1
139,fantasy；man-author,2
141,fantasy,1
143,2024,1
144,1-fiction；2-fantasy；2-romance,3
146,5-stars；fantasy；romance,3
147,on-kindle；recommend-to-anyone,2
149,best-standalone；covergasm；favorites,3
151,beautiful-stories；bury-me-with-these-books；deserve-to-read-again,3
152,cosmere；fantasy；instant-fav-2023,3
153,2023；brandon-sanderson；favorites,3
158,2023；adult；fantasy,3
159,fantasy；favorites,2
162,favorite-stand-alones,1
163,przeczytane-w-sierpniu-23,1
165,high-fantasy,1
169,audiobook；books-collected-in-2023；fantasy,3
177,adult；adult-sff；fantasy,3
179,fantasy,1
180,0reviewed；1fantasy；2novel,3
184,fantasy,1
185,2023；audio；books-i-own,3
187,fantasy,1
188,23-read；asian；audiobooks,3
192,2023；anticipated-2023；favorites,3
193,books,1
194,2023；buddy-read；fantasy,3
195,adult-fantasy；read-2023,2
198,fantasy；own；romance,3
199,2023；favorites,2
204,fantasy；read-in-2023,2
205,favorites,1
206,audiobooks-2023；fantasy；favorites,3
208,read-in-2024,1
209,beautiful-cinnamon-roll-too-good-fo；best-epilogues；character-that-deserved-better,3
211,cosmere,1
213,2024,1
217,2023；e-library；fantasy,3
220,2024-jan；2024-reads；bored,3
225,en-inglés；leídos-en-digital,2
226,age-adult；best-plot；f-novel,3
228,brandon-sanderson；recommendations；translated,3
232,books-i-own,1
238,kinda-meh；read-2023,2
240,18-and-above；books-with-5-stars；e-to-do-in-physical-copies,3
241,2023；adult；almost-favourites,3
242,fantasy；lieberry,2
243,fantasy；romance；sci-fi,3
244,ebook；fantasy；illustrated,3
245,favourites；owned,2
253,favourite-books,1
264,ambient；fantasía-épica；fantasy,3
265,2023,1
267,coming-of-age；fantasy；good-audiobook,3
269,more-than-5-stars,1
270,2024；fantasy；sanderson,3
271,fantasy,1
274,god-tier,1
277,fantasía；favorites,2
281,home-bookshelf,1
282,feb24-tbr,1
288,fantasy,1
296,favorites-almost；good-fantasy；owned-books,3
299,2024-favorites；bad-bitches；favorites,3
