Row,Tags,Tag_Count
0,2023-reads；book-box-read；debut-novel,3
4,blurbed,1
5,2023；fantasy,2
6,gifted；i-am-looking-respectfully,2
8,2023-4-stars,1
9,2024；fantasy,2
10,2022-favs；2022-reads；5-star,3
11,lgbtq,1
13,all-time-favorites,1
15,from-publisher；netgalley,2
16,favorites,1
19,4-stars；buddy-reads；enemies-to-lovers-vibes,3
20,adult-fiction；fantasy；lgbtq,3
23,fantastic-fabrications；mythological-majesty；reliable-retellings,3
24,audiobook；fantasy,2
25,epic；fantasy；my-library,3
26,2024；fan-rom；ya-fantasy,3
28,2023；adult；fantasy,3
29,0_wk_read_2024；dnf,2
31,illumicrate-books,1
32,2023-reads；arc-read；fantasy,3
34,best-of-2023,1
35,adult；bisexual-rep；books-that-made-me-cry,3
36,adult；fantasy；owned-a,3
38,owns-my-ass,1
39,2023-releases；adult-fiction；arcs-netgalley,3
40,adult；books-i-own；fantasy,3
42,adult；fantasy；fiction,3
44,buddy-read；fantasy；high-fantasy,3
45,23-releases,1
48,the-moon-is-trans,1
49,2023-reads；4-5-stars；books-of-my-heart,3
52,adult-lit；debuts；fantasy,3
57,arc-reviews,1
58,audiobooks；e-and-t-monthly-reads；fantasy,3
59,bargain；books-collected-2024；cover-buy,3
60,loved,1
62,fantasy,1
63,net-galley；physical-shelves,2
65,4-april-2024,1
67,21st-century；brit-lit；fantasy,3
68,books-i-own；fantasy；neu-2023,3
71,read-in-2023,1
74,2023；2023-books-hauled,2
78,2024；fantasy；owned-books,3
80,best-of-concept；best-of-enemies-to-lovers；best-of-found-family,3
84,can-you-hear-the-people-sing；fantasy；illumicrate-and-fairyloot,3
85,2023；book-over-books,2
87,audiobooks,1
89,audiobook；illumicrate-edition；library,3
92,sff,1
94,2023-reads；fantasy；fiction,3
95,arcs；netgalley,2
96,fantasy,1
97,high-fantasy；lgbt-queer；mythology,3
98,2023-release；arc,2
101,all-my-physical-books,1
102,e-books,1
104,arcs,1
105,00-owned-tbr；boughtdecember2023december2024；favorites,3
108,favorites；read-fantasy,2
109,arcs,1
115,fantasy,1
116,fantasy；fiction；lgbt,3
117,fantasy；queer,2
119,format-audiobook；genre-adult-sffd；rated-4-stars,3
124,2-stars；adult-lit；bi-or-pan,3
125,adult-fantasy；read-2024,2
126,fantasy,1
127,illumicrate；read-2023；read-physical-owned,3
130,bought,1
131,library-books；physical-reads,2
132,fantasy,1
136,finished-in-february-2023,1
138,dissability-representation,1
146,2023-reads；favorites,2
147,3-star；fantasy,2
148,favorites；l-can-read-to-laura,2
151,read_in_2023,1
157,rtc,1
161,2023-reads；favourites,2
163,52books2024；book-club；fantasy,3
166,2023-read；audio-narrators-i-love；disability-rep-chronic-pain,3
175,love,1
176,queer-reads；sff-for-green-beans,2
177,read-2024,1
178,fantasy,1
186,perks-uno-2023,1
187,fantasy,1
188,february-tbr,1
191,owned,1
193,beautiful-covers；lgbtq；reviewed,3
197,2023-faves；g-fantasy,2
198,arc；fantasy；fiction,3
202,2023,1
203,2024-reads；from-the-library；genre-fantasy,3
204,illumicrate-2023,1
205,2023；fantasy；lgbtq,3
206,fantasy,1
208,2024-reads,1
209,2024,1
211,fantasy,1
214,2024,1
216,2023-booklist；covers-i-love；fantasy,3
219,2024；book-club；fantasy-magic-supernatural,3
220,ebooks,1
230,2024-favorites；2024-reading-challenge；lgbtq,3
231,illumicrate,1
233,4-star；cover-lust；most-anticipated-2023,3
234,2023；fantasy,2
235,series-current,1
237,2024；fantastyka；fantasy,3
239,favorites,1
240,2023-reads；2023-releases,2
242,young-adult,1
243,2023-reads,1
247,four-stars-great；read-arcs,2
254,fantasy；own,2
256,2024-reads；chronic-illness-disability-rep；fantasy,3
258,fantasy；lgbtq,2
259,disability-rep；fantasy；illumicrate-books,3
261,2023；fantasy；netgalley-arc,3
262,did-not-finish；fantasy；lgbtq,3
263,2023,1
270,dnf,1
271,fantasy；lgbtq；mythology-based,3
275,2024；fantasy；favourite-books,3
277,loved,1
281,fantasy；illumicrate；physical-copies,3
282,disability；goddesses；gods,3
283,illumicrate,1
285,disability-books；fantasy-scifi,2
291,adult；disability-rep；fantasy,3
292,arc-copies；audiobook,2
294,2024-books,1
