Row,Tags,Tag_Count
0,eerie；folklore；magical,3
3,public-library,1
5,audible；audiobook；fairytale,3
6,arc-physical-copy,1
7,horror；magic-and-sparkles-and-shit；magic-realism,3
8,fantasy；novella；retelling,3
9,giveaway-read；netgalley；x-4-star,3
10,arcs；fairy-tale-based；fantasy,3
12,tor-tordotcom,1
13,ng2023,1
14,2023,1
15,arc-provided-by-publisher；sci-fi-fantasy；speculative,3
16,2023-books；mystery-thriller,2
17,abuse-or-trauma；fantasy；horror-n-spooky-shit,3
18,good-novels-under-200-pages；magical-realism；mythology-and-legend,3
19,2023；2023-publication；family,3
22,adult；fantasy；retellings-myths,3
25,fantasy；fiction；galley,3
28,fairytales；fantasy；library,3
29,not-my-cup-of-tea,1
31,magical-realism；novella；retellings,3
33,bc-pick,1
34,arc-s-netgalley-and-edelweiss；fantastico-fantastics-scifilicious,2
36,release-2023,1
37,2023,1
39,arc；fantasy；fantasy-folklore,3
40,american-literature；folklore；horror,3
41,arc；different-spin；fantasy-adult,3
42,advanced-reader-copy,1
45,my-library,1
46,2022-net-galley-fantasy,1
49,fantasy,1
50,4-stars；animals；contemporary,3
51,2024,1
52,shine-and-shadow,1
56,fantasy；novella；sick-girl-lit,3
57,library-books,1
59,realistic-fiction,1
60,wishlist,1
62,horror-challenge-23；once-upon-a-time；read-in-2023,3
63,fiction；science-fiction-fantasy,2
64,fantasy,1
67,fantasy-sci-fi；short-stories-novellas；the-infinite-library,3
70,2024；fantasy；nebula,3
71,2023-reads；magical-realism；novella,3
73,fantasy；horror；magical-realism,3
74,2023-read-in；animals；fairytale,3
80,2023-read；classics-myths-retellings；fantasy-and-scifi,3
81,21st-century；american-literature；fantasy,3
82,favorites,1
86,favorites,1
89,fantasy；horror,2
97,shine-and-shadow,1
101,art；magical-realism；read-in-2023,3
102,adult；fantasy,2
103,2022；adult；arc,3
104,netgalley,1
105,arc；fantasy,2
109,2023-reads；adult；e-books,3
111,netgalley,1
112,fiction,1
113,fairy-tale；horror；kindle,3
115,2023；estrelas-4,2
116,fantasy；magical-realism；novella,3
120,2023,1
121,2023,1
128,fantasy；folklore；novella,3
133,library-reads,1
135,2023,1
138,2024；breeto-recs,2
142,netgalley；retellings-and-adaptations；short-stories-novellas-poetry,3
143,magical-realism,1
145,a-little-bit-magic；blurbs-and-opinions；grownup-swords-and-lasers,3
148,fic-fantasy；fic-sff-fairytale；new-release-2023,3
150,netgalley；things-worth-reading-2023,2
152,arc,1
154,fantasy；scifi,2
156,fantasy,1
157,fantasy,1
165,audio；fantasy；north-america,3
169,arc-list,1
170,2023；2023-spring-reads,2
173,read-2024,1
174,apocalypse-of-the-heart；arc-reviewers-copy；downloads,3
175,2023-books；fairy-tales；fall-2023,3
177,favorites；magical-realism；novella,3
180,favorites,1
186,books-2024；fantasy；horror,3
188,pub-2023,1
195,2023；novellas,2
198,2-stars；magical-realism；novellas,3
200,favorites,1
203,2023；2023-new-releases,2
204,2023-vision-board,1
209,2022-into-the-forest-challenge；2023-release；apocalypse-dystopia,3
216,loved-it；modern-folklore-and-myth,2
218,fiction；horror-thriller；short-stories-or-novella,3
224,read2023,1
229,format-physical；library-borrow,2
232,science-fantasy,1
234,genre-sf-f；library；read-2023,3
237,adult-sff；novellas,2
239,book-club；fantasy；novella,3
243,2024-reading-challenge；fantasy；retelling,3
250,fantasy；fiction,2
252,2024-reads,1
254,these-books-raised-me,1
256,books-of-2023,1
257,novella,1
258,2023-favs,1
260,the-year-of-grace,1
264,novellas-etc,1
277,2023_books；actual-books-not-manga；fantasy-sci-fi,3
279,reviewed,1
291,2023,1
292,books-i-own,1
295,have-already,1
296,adult；fantasy；horror,3
298,arcs,1
299,april-reads,1
