Row,Tags,Tag_Count
0,arcs-and-review-copies；favorites,2
4,arc；favorites,2
6,arcs,1
7,2023-releases；arcs；author-bipoc,3
8,arc；ebook-owned,2
9,2023-books；fantasy；review-copy,3
10,sffbooksihaveread,1
11,creature-feature；fantasy；giveaways-and-arcs,3
12,all-time-favorites；arcs,2
13,read-in-2023,1
15,5-so-so-reads；reviewed-in-2023；short-stories-and-novellas,3
16,animals；arcs-and-galleys；fantasy,3
17,fantasy；short-pieces,2
18,fantasy；novella,2
19,2023-read；arcs；fantasy,3
21,arcs；fantasy；mythology,3
22,2023-reads；arcs；e-books,3
26,2023-favorites；asian-rep；authors-of-color,3
30,fantasy；novella-short-stories,2
34,its-not-you-its-me；tor-tordotcom,2
36,2023-reads；4-5-stars；chick-i-want-to-hang-out-with,3
37,started-but-did-not-finish,1
38,5-star；author-love；authors-of-color,3
40,2023-favs；all-time-favourites；good-old-myths,3
41,2024-read；adult-novels；anticipated-releases-2023,3
44,2023,1
46,fantasy,1
48,always_on_my_mind；fantasy；nature,3
49,bingo-2023；fantasy；novella,3
50,arc-s-netgalley-and-edelweiss；fantastico-fantastics-scifilicious,2
51,audiobook,1
53,fantasy；novella,2
54,fantasy；high-epic-fantasy,2
55,christine-s-read,1
57,cover-appreciation；novella；stand-alone,3
59,3-stars；fantasy；low-magic-fantasy,3
60,adult；audiobook；fantasy,3
61,books-read-2023；fantasy-and-sf；novella,3
62,2023；best-of-2023；fantasy,3
64,unowned-and-read,1
65,2023-reads；adult-fantasy；audiobook,3
66,arc,1
67,2023；netgalley；novella,3
69,arc,1
70,fantasy；fiction；novellas-and-short-stories,3
71,2023-releases；favorites；novella,3
73,2023-most-anticipated；if-not-friend-why-friend-shaped,2
74,2020s-decade-releases；2023-0-releases；diversity-poc-author,3
75,arc-netgalley；fantasy；short-fiction,3
76,fantasy；novella；tor,3
77,adult-fantasy-i-like,1
79,arcs,1
82,at-slo-paso-bg-pa；fantasy；favorites,3
83,arc；fantasy,2
84,2023；fantasy；netgalley,3
85,2023-releases；arc,2
88,2023-release；arc；arc-2023,3
91,audiobooks,1
92,animals；bffs；cataloged_it,3
95,fantasy；tbr-2023,2
97,scifi-fantasy,1
98,2023-reads；2023-releases；adult-sff,3
100,fantasy,1
101,6-star-reads；asian-rep；favorites,3
102,2023,1
103,2023,1
104,audiobook；fantasy；read-2024,3
106,animals；fantasy；monsters,3
108,authors-of-colour；canadian-author；fantasy,3
111,arcs-or-review-copies；read-in-2022；released-2023,3
112,auth-f；bipoc-actor；bipoc-author,3
116,2023-must-reads,1
118,2023-read；4-star；fantasy-and-scifi,3
120,read-list-2023,1
121,asian-inspired-mythology-and-rec；fantasys-aka-my-ultimate-fave-genre；novellas,3
122,2023；arc,2
123,2023；audiobook；borrowed,3
125,fantasy,1
128,2023,1
130,reviews,1
131,fantasy,1
132,ebooks-kindle-etc；novellas-short-stories-etc,2
133,novella；r-fantasy-2023-bingo；sff,3
134,2023-releases,1
135,arcs；author-of-color；sff,3
137,2023-novels-novellas-read；read-2023,2
139,2023-releases；audiobooks,2
140,2023-releases,1
141,sci-fi-fantasy,1
142,2023-releases；animal-ethics；country-canada,3
144,2023；adult；fantasy,3
150,2023-releases,1
152,novella,1
154,asian-fantasy,1
155,best-of-2023,1
156,july-2023,1
158,physical-tbr,1
159,high-fantasy,1
160,cover-appreciation；fantasy；female-lead,3
162,fantasy-sci-fi；short-stories-novellas；the-infinite-library,3
163,aapi-authors；fantasy-books；netgalley,3
165,arcs；reviewed,2
167,own,1
171,adult；fantasy；i-cried,3
175,read-2023,1
176,2023；2023-releases,2
178,fantasy-action-novels,1
182,favorites；fiction；novella,3
183,aapi-authors；adventure；animal-love,3
184,read-2023；read-and-liked-fantasy,2
188,novella-novelette-shorts,1
189,2023；audio；cs-library,3
193,anticipated-releases,1
196,physical-tbr,1
198,fantasy；read-owned,2
202,b2weird-bookclub；bipoc-adult-fantasy；most-anticipated-2023,3
205,2022；favorites,2
206,fantasy；short-stories,2
208,audio23,1
213,2024-02-february,1
214,2023-anticipated-reads,1
215,fantasy；freaky-supernatural-adventures；thrillers,3
216,arc,1
217,owned,1
219,my-library,1
220,2023-releases；adult；audiobook,3
221,asian-fantasy；fantasy；high-fantasy,3
225,all-the-emotions；couldn-t-put-it-down；cover-love,3
227,5-star；adult；fantasy,3
228,arc-or-gifted；under-200-pages,2
230,novellas-and-novelettes-90pgs；scifi-season,2
232,2023-reads；2023-releases；adult-sff,3
233,books-i-own；signed,2
234,adult；audiobook-listen；fantasy,3
235,2023-books-read；audiobook；fantasy,3
236,2023-releases；adult-fantasy-by-women-nb,2
240,quick-reads,1
241,arc-list,1
242,fantasy；novellas,2
243,adult-fiction；audiobook-reads；fantasy,3
247,2023-books；fantasy,2
250,fantasy,1
251,arc,1
253,2023_5_star,1
256,books-i-own,1
259,asian-american-literature；fantasy,2
265,favorites,1
267,2023-read；audiobook；fiction,3
268,adult；asian-rep；authors-of-color,3
272,novella,1
276,2023-releases,1
280,2half-stars-kinda-like；fantasy；novellas,3
283,nebula-eligible-2023,1
288,fantasy,1
291,fantasy,1
293,owned,1
294,fantasy；woman-author；woman-protagonist,3
295,fantasy；library,2
296,2023-release；audio；fantasy,3
297,audiobook；epic-fantasy；fantasy,3
299,favourite-books,1
