Row,Tags,Tag_Count
1,from-publisher；netgalley；netgalley-challenge,3
2,arc；favorites,2
3,2023_reads；didnt_live_up_to_hype；fantasy,3
4,2023-4-stars,1
5,adult-fantasy；arc-giveaway-freebie；fiction,3
7,arcs；enemies-to-lovers；piratesque,3
10,fantasy；pirates；winter,3
11,arcs；books-that-speak-to-my-soul；fantasy,3
12,abandon-ship,1
15,2023；arc,2
16,2023-releases；audiobooks,2
19,2023；fantasy,2
21,2023-reads；favorites；magic-love-and-stars,3
23,2023-releases；fantasy；renée-recommends,3
30,2024,1
32,arc-reviews,1
35,arc；on-kindle；recommend-to-anyone,3
38,adult；adult-fantasy；fantasy,3
40,2023-releases；adult-fantasy；all-time-faves,3
44,adventure；fantasy；magic,3
45,2023-reads,1
46,2023-releases；arcs；fantasy,3
49,2023-releases；e-book,2
52,adult；arcs；audiobook-listen,3
57,arc-are；netgalley-reviews,2
58,arc-review；audiobooks；from-publisher,3
59,faves；faves-2023；fiction,3
61,2023-reads,1
65,2023；adult；arc,3
67,2023；fantasy；netgalley-and-edelweiss,3
70,fantasy；netgalley,2
72,netgalley,1
74,adult-books；arcs；audiobooks,3
76,2024-tbr；physical-books；spring-2024-tbr,3
77,adult；ebook；fantasy,3
79,2023-releases,1
84,dnf,1
85,pirates,1
87,netgalley-arcs,1
88,arcs；audiobook,2
89,list-pirates；read-fantasy,2
90,2023-reads；2023-releases；audiobooks,3
91,2023；arc；audio,3
94,audiobooks；unhaul；with-review,3
95,arcs；netgalley,2
97,arc；audiobook；netgalley,3
101,audiobooks；enjoyed；indie-reads,3
105,fantasy；favorites,2
107,2024-reads；library-books-read,2
109,blue-bookshelf；winter-christmas-2023,2
112,listened-to-audio,1
114,fantasy,1
116,arcs-ebooks-netgalley,1
117,collection-arc-2023；genre-fantasy,2
119,format-physical；library-home；series-waiting,3
125,audiobook-only；fantasy-sci-fi-supernatural；in-english,3
127,fantasy-sci-fi,1
133,arc；fantasy；quotes-pulled,3
138,fantasy；nautical；pirates,3
139,2023-books；ocean-fantasy,2
140,arcs,1
142,sff,1
143,shelf-at-home,1
145,fantasy,1
147,arcs,1
149,buddyread,1
150,predict-new-2023；tbr-2023,2
151,fantasy-sci-fi；latoya-s-library,2
152,fantasy-sci-fi,1
155,2023；fantasy；physical-arcs,3
156,scribd,1
157,2023-reads,1
158,arcs,1
162,2023；arc；audiobooks,3
163,fantasy；gifted；young-adult,3
165,arc；clean,2
168,2024-reads；adult-fic；fantasy,3
171,arcs；audiobooks,2
174,2023,1
182,arc-reviews；netgalley,2
185,2024,1
186,netgalley,1
187,arcs；canadian；fantasy,3
189,arcs；read-in-2023,2
192,2023；fantasy,2
196,fantasy；on-shelf；romance,3
197,adventure；fantasy,2
198,personal-library,1
201,2023-reads；history-huh；keep-a-weather-eye-on-the-horizon,3
202,my-favourite-5-star-fantasy,1
203,arcs,1
204,2023-releases,1
206,loved-it,1
208,2023,1
211,fantasy；maritime,2
215,arc,1
223,audiobooks；fantasy,2
228,r-2023-releases,1
231,adult-adult-fantasy,1
233,added；kidnapping；murder-and-attempted-murder,3
235,canadian-author；fantasy；physical-book,3
236,all-the-fucking-stars；gimme-that-good-shit,2
240,canadian-authors；tbr-2024-april,2
241,audiobooks；fiction；library-books,3
245,2023；dnf,2
250,arcs,1
253,2024,1
254,my-library,1
255,fantasy,1
256,own,1
258,on-the-sea,1
261,2023；advanced-reader-copy；audiobook,3
262,2023-read；adult；fantasy,3
263,mermaids-and-pirates,1
264,2023-reads；adventure；fantasy,3
267,netgalley-reviews,1
273,netgalley,1
274,family-feels；fantasy；historical,3
281,netgalley-edelweiss,1
283,from-besties,1
284,earc；netgalley,2
287,arc；netgalley,2
288,arc；fantasy；read-2023,3
289,netgalley-2023,1
290,arc；audiobook；fantasy,3
297,fantasy；read-2024,2
299,anticipated-2023；arcs；read-2023,3
