Row,Tags,Tag_Count
3,netgalley,1
5,fantasy；reviewed,2
8,books-about-books；fantasy；netgalley,3
9,fantasy,1
12,fantasy-fiction,1
13,advanced-reading-copy；audible；audiobook,3
14,2023；arc；fantasy,3
16,dark-fantasy-and-paranormal；freebies-and-gifts,2
17,fantasy,1
18,adult-books-read；fantastic-fabrications；recommended-reading,3
19,sffbooksihaveread,1
20,2023；netgalley,2
23,2023；fantasy；netgalley-and-edelweiss,3
25,beautifully-written；favorites；owned-audible,3
26,epic-fantasy,1
27,arc；ebook-owned,2
29,books-about-books；fantasy,2
30,books-about-books；fantasy；review-copy,3
31,fantasy；netgalley-or-publisher；read-in-2023,3
33,fantasy,1
34,2023-releases；2024；fantasy-recommendations,3
37,fantasy,1
40,2023-reads；adult-books；dnf,3
41,libro-fm-library,1
42,netgalley,1
43,2023-releases,1
45,fantasy-all-subgenres；fantasy-epic-or-high,2
47,favorites,1
48,fantasy-sci-fi-supernatural；in-english；rev-netgalley,3
50,0-0-twentyfour；0-project；1-borrowed,3
51,books-that-have-no-parallel；epic-fantasy；fantasy,3
54,audiobook；fantasy,2
56,academia-or-library；adventure-roadtrip；books-about-books,3
57,2023；arc；fantasy,3
58,dnf；fantasy；high-fantasy,3
62,books-and-book-people；pub-2020s；science-fiction,3
66,fantasy,1
71,fantasy；quality-pleasure；thought-provoking,3
81,exceptional；fantasy；mark-lawrence,3
82,christine-s-read,1
83,fantasy-read；favorites；sci-fantasy,3
86,awesome-fantasy；labyrinths,2
87,2023；fantasy；owned,3
94,2023-reads；4-5-stars；book-boyfriend-material,3
95,fantasy,1
104,different-pov；doors-and-portals；fantasy,3
108,e-arcs,1
110,favorites,1
113,2023；2023-favourites；anticipated-2023,3
118,2023-releases；fantasy,2
122,fantasy；favorites；netgalley,3
127,best-books-i-read-in-2023,1
130,2023；2024；favorites,3
131,adult；arcs-sent-by-publishers-authors；fantasy,3
133,own,1
134,2023-faves；favorites,2
135,2023-top-of-class；chef-s-kiss,2
144,2023-releases；netgalley,2
147,arc-or-netgalley；heavy-going-but-i-stuck-it-out；read-in-2023,3
152,fantasy；netgalley,2
155,fantasy；netgalley,2
159,audible,1
160,book-club,1
167,a-novel；cover-love；my-jam,3
168,2024-favorites,1
171,bookclub；fantasy；fiction,3
172,limited-signed,1
174,favourites,1
176,fantasy-buddy-reads-2023；review-copy-for-publisher；review-copy-net-galley,3
180,my-personal-library,1
182,2023-reads；favs,2
186,arc-reads,1
188,netgalley,1
192,arc-are；netgalley-reviews,2
199,action；adult；fantasy,3
203,2023-audio,1
208,favourites,1
212,e-book,1
213,arc；sf-f-h；x2023-read,3
214,favorites,1
215,fantasy；sci-fi；thrillers,3
218,favorites,1
221,2024-reads,1
224,to-buy,1
226,2023,1
227,book-club-2024,1
230,owned,1
233,2024；youtube-recommendation,2
239,audience-adult；feelings-atmospheric；format-audiobook,3
240,fantasy；grim-dark-fantasy；r-fantasy-book-bingo-2023,3
243,fantasy；sci-fi,2
245,livingston,1
252,audiobook,1
253,fantasy；fav-covers；ramadan-tbr,3
254,absolutely-loved；arcs；badass-protagonist,3
256,audiobook；books-collected-in-2023；fantasy,3
257,fantasy；netgalley-arc,2
261,5-stars；sent-by-publishers-and-arcs,2
262,contemporary-fiction；fantasy；speculative-fiction,3
270,favorites,1
274,2023-reads,1
275,2023bookchallenge；fiction,2
277,favorites,1
279,favorites；love-letters-to-libraries,2
291,read-in-2024,1
292,arcs；favorites；netgalley,3
297,2023；audio；cs-library,3
298,2024；favorites,2
