Row,Tags,Tag_Count
0,2023-releases；arc,2
3,anticipated-2023；queer,2
6,fantasy；favorite-authors；girls-kicking-ass,3
8,epic-fantasy；high-fantasy,2
10,i-want-it-now；schwab-in-the-wild,2
14,arc,1
17,2023-reads；adult-books；fantasy,3
22,def-tbr,1
24,2024-reads；buddy-read；dont-know-how-i-feel-about-you,3
25,fantasy,1
26,read-in-2023,1
27,high-fantasy；priority-tbr,2
28,adult；arc；fantasy,3
29,fantasy；favourites；hot-girl-shit,3
30,favourites,1
31,adult；fantasy；owned-e,3
32,kindle-ebook,1
33,true-threes,1
34,physical-tbr；physically-own,2
35,best-2023-reads；favorites；owned,3
37,audible-library；lgbtq,2
38,adult-fantasy,1
40,2023；author-is-nice；coming-soon,3
42,tbr-books-i-want；ya-fantasy；ya-series,3
44,2024-reads；4-5-stars；awesome-audio,3
47,arcs-to-read,1
48,most-anticipated,1
50,audiobook；fantasy,2
51,queen-vic,1
52,adult；family-dynamics；fave-protagonists,3
54,5-stars,1
56,buddy-reads-with-jay,1
58,my-faves,1
60,2023；adult；arc,3
61,disappointment；fantasy,2
65,fantasy,1
66,upcoming-releases,1
67,found-family；lgbtqia；magic,3
70,fantasy,1
72,fall-of-fantasy；released-2023,2
73,cover；ebooks；fav-author,3
74,audience-adult；format-audiobook；genre-fantasy,3
75,netgalley；read-in-2023,2
78,fantasy；young-adult,2
79,arc,1
80,favorites,1
82,dnf-but-i-may-try-again,1
84,2024；bookclub；fantasy,3
85,2023-anticipated-release；dystopian；fantasys-aka-my-ultimate-fave-genre,3
86,angefangene-reihen；kurzmeinung；mein-bücherregal,3
88,anticipated-releases,1
90,2023,1
91,the-bookshelf,1
92,arc-s-netgalley-and-edelweiss；fantastico-fantastics-scifilicious；i-m-so-excited-to-read-this,3
93,2023；3-stars；audiobook,3
95,2023-faves；five-stars-amazing；read-arcs,3
97,2023-read；fantasy；favourite-books,3
100,action；adult；adventure,3
102,audiobooks,1
104,audio,1
105,2023,1
106,favorites,1
107,bookshelf；e-books,2
108,fantasy,1
109,shop-on-your-own-shelves-2024,1
110,genre-high-fantasy；genre-historical-fiction；genre-urban-fantasy,3
111,fantasy；general-fiction,2
114,waiting,1
119,2023-releases；adult-new-adult；fantasy,3
123,favorites,1
128,favorites,1
129,2023；audio；books-i-own,3
130,5-star-reads；bisexual-disasters；fantasy-gays,3
133,2023,1
134,2023；fantasy,2
138,first-in-series,1
139,upcoming,1
140,favourites,1
143,reviews,1
144,2023-reads,1
146,2024-favorites；physical-books,2
147,arcs,1
151,adult；all-time-favourites；fantasy,3
156,2023；arcs,2
157,arc,1
160,fav-fantasy,1
161,not-owned,1
162,own-physical-copy；own-signed-books,2
163,best-of-2023,1
167,adult-fantasy；read-2023,2
176,favorites；favorites-2023,2
178,october-23,1
179,fantasy,1
180,favorites；owed-read-prints,2
182,2023-favourites；adventure；fantasy,3
186,1-2023-releases；2-adult；3-sff,3
187,2023-favorite-reads；arc；favorite,3
188,2023-reads；fantasy,2
189,come-out-already；fantasy；lgbtqiap,3
191,2023-books；2023-library；october-2023,3
192,mt-bookpile-2023,1
194,adult；z-2023-releases-tbr,2
196,2023-pub-date；5-star-fantasy；adult,3
197,fantasy；fiction；lgbt,3
201,4-star-reads；adult-fiction；books-i-own,3
202,2023-releases；best-covers；best-of-2024,3
203,earc；fantasy；in-english,3
205,2023-faves；physically-owned-read-books,2
207,2023,1
210,2slgbtqia；bad-woman-ily；fantasy,3
213,i-love-them-your-honor；read-in-2024,2
215,2024；audiobook；borrowed,3
216,10-best-books-of-2024；4-5-stars；fantasy,3
221,favorites,1
225,2023-releases；favorites；in-love-with-the-writing,3
226,2023-releases；arc；fantasy,3
228,favorites；hardback；read-owned,3
230,own,1
232,2023-reads；five-star-reads,2
239,2023-release；adventure；arc,3
245,5-star；epic-otp；found-family,3
247,owned,1
248,magic,1
249,beautifulcovers；read-in-2024,2
250,2023-most-anticipated,1
252,fantasy,1
257,2023；favourites；physical-bookshelf,3
262,fantasy；read-2023,2
268,otherworld-fantasy,1
271,arcs-or-review-copies；read-in-2023；released-2023,3
272,2023；adult-fiction；e-books,3
274,1-lgbt-queer-rep；4-fantasy,2
276,3-75-stars；english-read；pub-2023,3
280,my-5-star-reads,1
281,finished-audiobooks,1
286,2024-tbr；best-of-2024,2
290,2023-five-star-reads,1
294,arc；fantasy；favorites,3
295,fantasy-paranormal；fiction；historical-fiction,3
296,fantaasia-paranormaalne；ilukirjandus；lemmik,3
299,2023-reads,1
