Row,Tags,Tag_Count
0,detective；f-f；novella,3
2,delightful；i-doff-my-hat-to-your-cleverness；mystery-i-guess,3
4,2022-read；arcs；lgbtq,3
6,sci-fi,1
7,absolute-favourites；detectives；off-world,3
9,arc；ebook-owned；physical-owned,3
10,arc；environment；ff-romance,3
11,group-challenge,1
12,lgbtq；tor-tordotcom,2
13,2023-books；science-fiction,2
15,giveaways,1
16,american；fiction；mystery-thriller,3
18,f-sf-for-adults；novellas,2
19,2022；2023,2
20,audiobooks；fiction；science-fiction,3
21,favorites-2023；favorites-all-time；novella,3
25,21st-century；american-literature；queer-lit,3
26,arc,1
28,novella-novellette；queer；whodunit,3
29,lgbtqia；mystery；romance,3
30,2024,1
31,4-stars；lgbtq；novella,3
32,zread-1-scifi,1
34,nebula-eligible-2023,1
37,bingo-2023；lgbt-f-f；novella,3
38,netgalley-arc；tor,2
39,at-slo-paso-bg-pa；fantasy；friend-recos,3
40,sf-f-goodies,1
41,_libby-ebook；_library-ebook,2
42,2023_5_star,1
43,2-point-5；adult-lit；aoc-et-al,3
44,2023-read；own；own-hardcover,3
45,mystery；queer-interest；sff,3
47,2024；nebula；novella,3
50,audiobook；dropped；novella,3
52,authors-of-color；lgbtqia-mc；scifi,3
53,physical-tbr,1
55,arcs；space-settings,2
56,arc；lgbt；mystery,3
57,f-f；lgbtqia；mystery-thriller,3
58,sci-fi,1
60,audio-books；group_sword-and-laser；read-in-2023,3
61,crime；sapphic；sci-fi,3
62,2023-read；4-star；fantasy-and-scifi,3
65,2023；read-for-review,2
70,bechdel-test；first-person；lgbt,3
73,13-moons；aty-2024；detective,3
74,badass-women；character-driven；lgbt,3
76,ebk,1
79,acquiredㅡlibrary；authorㅡfemale；authorㅡpoc,3
80,2023,1
81,2024-reading-challenge；lgbtq；mystery-suspense,3
84,book-bingo-reading-challenges；cozy-fantasy；lgbtqia,3
85,det-myst；f-f-and-nm-nm；sci-fi,3
86,adult；dystopian-post-apocalyptic；novellas,3
89,arc；best-of-2022；net-galley,3
91,detective；mystery,2
93,mystery；net-galley；romance,3
94,lgbtqia；post-apocalyptic；sci-fi-current,3
99,2023；cover-love；cozy-comfort-reads,3
102,2023_all；2023_novellas,2
103,2023-reads,1
104,2023-reads,1
106,jayme-loves-mystery,1
107,lgbtqia-author-or-protag；murder-mystery；sci-fi,3
108,mystery-thriller-crime；sci-fi,2
109,lgbtq；lgbtq-sci-fi-fantasy,2
113,audiobooks,1
114,ebook-collection-kindle；f-f；im-besitz,3
115,book-club；mystery；novella,3
118,for-the-girls；novellas-my-beloved；queer-collection,3
120,hugo-nominate；mystery；sf,3
121,1-audible-plus；2023-release；audiobook,3
122,science-fiction,1
123,holmesian；lgbt-rep；mystery,3
124,2023-reviews,1
126,space,1
130,2023；subscription,2
131,fiction；spec-fic,2
132,net-galley,1
133,2023；latinx-reads,2
134,authors-of-color；mystery；sci-fi,3
136,lgbtq；netgalley；sci-fi,3
138,2023-books；fall-2023；lgtbq,3
140,arcs；arcs-ng；whodunnits,3
141,arcs,1
142,fiction,1
144,arcs；lgbtq；sapphic,3
145,2-star；2023-releases；age-adult,3
146,2023,1
147,2slgbtq；arcs；fiction-mystery,3
149,arcs,1
150,fantasy-scifi,1
151,2023；mystery；novella,3
152,sapphic,1
153,booktube-made-me-read-it；latin-authors；lgbtqia,3
154,lgbtq；mystery-and-thrillers；science-fiction,3
155,scifi,1
156,2023-read,1
162,chewy；clean；pace,3
163,cli-fi；colony-on-a-alien-world；eco-sci-fi,3
164,audiobook,1
166,chars-i-relate-to；mystery；novella-short-story,3
172,mystery；s-f,2
176,2023-reads；sapphic,2
177,mystery-thriller；science-fiction,2
179,audible-plus；audiobook；novella,3
180,2023-release；aoc；apocalypse-dystopia,3
182,books-read-in-2023；lgbt；mystery,3
183,2023；audiobook；kindle,3
186,novella,1
188,own-kindle；read-novella；read-scifi,3
189,lgbtq,1
192,2023-releases；latinx-reads；mystery-thriller,3
195,3-star；ab；adult,3
196,2023；owned,2
199,lgbt；mystery；sci-fi,3
200,readin2023,1
201,read-2023,1
203,glbtq；mystery；science-speculative-fic,3
204,library；novella；science-fiction,3
206,science-fiction,1
207,fiction；lgbtq；novella,3
212,2023；audiobook-d,2
215,pride-2023,1
216,queerio,1
217,2-star-books；lgbt；mystery,3
219,2023；audiobook；mystery,3
221,finished-in-2023,1
223,physical-bookshelf,1
224,wlw,1
225,2023-release；audio；lgbtqia,3
226,adult；lgbtqia；mystery,3
227,dnf,1
228,lgbtqia；sci-fi,2
229,lgbtq-rep；novellas；sci-fi,3
231,2024；aty24；audio-books,3
236,adult；audiobook；novella,3
238,100-200-pages；read-in-2023；science-fiction,3
239,mystery-or-crime；novellas；queer-rep,3
240,2023；listened-to-audio,2
242,mystery；sci-fiandfantasy,2
245,dnf,1
247,adult；library；mystery,3
252,3-star-books；audio-books；fiction,3
255,noir；science-fiction,2
256,audio,1
260,cosy-crime；romance；science-fiction,3
263,arcs；lgbtqia；sci-fi,3
264,queer；sapphic；sci-fi,3
265,fic-sci-fi；lgbtq,2
268,arc；latinx-authors；queer-lit,3
269,audiobook；women-nb,2
270,queer；short-stories,2
271,about-women；audio；lgbtqia,3
272,2022-series-tbr；2023；2023-read,3
274,lgbtqa-rep；science-fiction,2
275,arc-review；audiobooks；best-books-read-in-2023,3
276,2023；mystery；novella,3
277,2023,1
278,2023；library；mystery,3
280,audiobook；crime-fiction；mystery,3
284,queer；read-2023,2
285,2023-s-l-laser；read-in-2023；science-fiction,3
290,climate-change；dark-academia；mystery,3
294,arc；mystery；netgalley,3
295,3-stars；adult-lit；arcs,3
297,latine-creator；latine-mc；sapphic,3
