Row,Tags,Tag_Count
0,giveaways,1
3,netgalley；science-fiction,2
4,ng2023,1
6,2022；better-reading；netgalley,3
8,2023-netgalley；2023-reads；dystopia,3
9,goodreads-giveaways-won,1
10,2022；arc-netgalley；sci-fi,3
12,greatly-appreciated；z_2023-alphabetical,2
14,2023-read,1
15,dystopian-postapoc；fiction；romance,3
16,alternating-view-points；another-ctry-book-or-author；apocalyptic-dystopac,3
17,favourite；science-fiction-fantasy,2
18,netgalley-books,1
19,antarctica；apocalyptic；dystopia-or-utopia,3
20,fiction；scfi,2
25,dystopian；netgalley；sci-fi,3
29,eco-fiction；published-2023；sci-fi,3
30,favourites；won-arc,2
33,2023；apocalyptic；fiction,3
34,netgalley-reviewcopy,1
37,netgalley,1
41,2022-netgalley-challenge；2023-release,2
47,audiobook；completed-2024；tob-2024-longlist,3
48,favorites,1
56,2023；sci-fi-fantasy,2
57,fiction；giveaways；mystery-thrill,3
59,fiction-historical；library-books,2
60,adult；dystopia；owned,3
61,kindle-read；read-2024,2
62,giveaways,1
66,books-i-quit-reading；giveaway-wins,2
69,own,1
70,arc；netgalley,2
80,arcs-giveaway；dystopia；fiction,3
82,netgalley,1
85,black；green；pink,3
86,2023；arc；contemporary,3
89,2024,1
90,dnf-did-not-finish,1
94,fiction,1
98,2023-netgalley-reads,1
100,giveaways,1
101,fantasy-sci_fi；post-apocalyptic-dystopian,2
102,audiobook；currently-reading-podcast,2
108,library；tournament-of-books-rooster,2
118,tournament-of-books-2024,1
119,tob-2024,1
120,audiobook；dystopian；fiction,3
128,february-2024,1
142,artemiscomps,1
143,audiobooks-read；sci-fi,2
145,aliens；audio；dystopian-and-post-apocalyptic,3
147,library-book,1
148,dystopia-and-apocalypse；science-fiction,2
150,2023；science-fiction,2
156,librarybooks,1
157,sci-fi,1
158,favorite；giveaway,2
160,audiobook-reads；came-across-myself-look-interesting；library,3
169,2023；gr-winner,2
170,2023-read；science-fiction；tournament-of-books,3
174,dystopia,1
176,books-read-in-2024,1
189,2023-most-anticipated；2023-read-in；fiction,3
198,science-fiction-fantasy,1
200,science-fiction,1
202,cli-fi；dystopian；postcolonial,3
209,fiction；sci-fi,2
210,favourites,1
213,sci-fi,1
221,audiobooks,1
232,fiction；romance；sci-fi,3
233,library；tob-2024,2
238,netgalley,1
246,fantasy；international；life,3
247,fiction；speculative-fiction,2
248,aliens；apocalyptic；death,3
249,apocalyptic-post-apocalyptic；science-fiction,2
250,giveaways-won,1
253,audio；lgbtqia；tob,3
278,antarctica；science-fiction,2
279,fiction-sf-fantasy,1
281,audiobook；contemporary-fiction；did-not-finish,3
283,currently-reading-podcast；laura-tremaine,2
292,netgalley,1
298,giveaways,1
299,dnf；science-fiction,2
