Row,Tags,Tag_Count
0,adult；adult-sff；fiction,3
1,3-stars；couldn-t-wait-to-read；eh,3
2,audiobooks；bookstagram-made-me-do-it；buddy-reads,3
3,to-buy,1
7,2023-favorites；5-star-reads；found-families,3
9,2023-release；adult,2
12,2023-reads；adult；fantasy,3
13,alp-books,1
14,all-time-favorites,1
16,adult；crime-mystery；leigh-bardugo,3
18,favorites；hardcover,2
19,tied-in-a-౨ৎ,1
21,dark-academia-vibes；fantasy-urban；favorites,3
22,faves,1
25,adult；dark；demons,3
26,desperately-want-to-read,1
27,adult-and-new-adult；beasts-monsters-demons；magic-spells-superpowers,3
28,from-publisher-or-author；october-is-spooky；review-pending,3
29,adult；fantasy,2
30,books-in-my-library,1
32,2023-releases；adult；dark,3
35,arcs；love,2
36,adult；fantasy；fiction,3
37,best-audiobook-recs；fave-dark-academia；favorites,3
38,fantasy；fiction；horror,3
39,5-stars；favorites-2023,2
40,3-favorites；characters-that-i-love；friendships-and-co-that-i-love,3
41,releases-in-2023；spooky-fall-vibes,2
42,2023_reads；angst；dark_academia,3
44,fantasy,1
47,fantasy；favorites；otp-to-end-all-otps,3
52,2021-releases；2023-releases；contemporary,3
54,scifi-fantasy,1
57,supernatural-paranormal,1
59,2024-shelf；academy-college-university；all-time-favs,3
60,fantasy；middle-book-slog；read-in-2023,3
61,simply-marvelous,1
62,favorites,1
63,contemporary；fantasy；fiction,3
64,anticipated-2023-releases,1
65,fantasy；paranormal,2
66,came-out-in-2023；fantasy；favorites,3
67,actually-good-protagonist；almost-loved；book-bf-gf,3
68,favorites；have-made-me-cry,2
70,2023-reads；coverly-love；crime-mystery,3
71,reviewed-reads,1
72,2023,1
73,really-excited-about；to-be-released；to-be-released-on-january,3
75,4-stars；adult；auto-buy-authors,3
78,need-it-now,1
79,academia；adult；found-family,3
82,2023；2023-reads；esteemed-favorites,3
83,4-and-half-to-5-stars-stellar；fantasy-urban-fantasy；read-women-2023-challenge,3
84,2023；coming-soon；fantasy-frenemies,3
86,2023-reads；achillean；bipoc-mc,3
87,vampires,1
89,10s-the-books；2023-favourites；angels-and-demons,3
90,2023；campus-dark-academia；reviewed,3
91,library-book；paperback,2
92,warte-auf-die-fortsetzung,1
94,2023；favorite-books,2
95,a-cat-is-in-this；bloody-and-gross；class-gender-race,3
96,2023-favorites；2023-read；5-stars,3
97,fab-fours,1
102,2023-read；academia；adult-novels,3
103,dark-academia-vibes；feminist-themes；hot-girl-shit,3
105,fantasy；mystery-thriller-crime,2
109,bury-me-with-these；dark-academia；fantasy,3
113,2023；2023-favorites；adult,3
114,fantasy；full-book-reviews,2
115,2024；botm；dark,3
116,dark-academia；favorites；urban-fantasy,3
119,fantasy；thriller-mystery,2
121,2023；2023-release；adult-fantasy,3
123,anticipated-2023-releases,1
124,2023-releases；arc-books,2
125,adult；contemporary；dark-academia,3
127,series-s-to-finish,1
129,read-in-2023,1
130,2023-releases；books-i-own；favorites,3
134,audiobooks；sci-fi-fantasy,2
137,2023-reads；badass-bitch；dark-academia,3
138,5-star；adult；badassery,3
142,2022-favourites；academia；arc,3
144,academia；fantasy；urban-fantasy,3
146,aty2023；audiobook；fantasy,3
148,anticipating-5-stars-2021,1
150,audiobook,1
151,cant-put-down；color-me-curious；dead-people,3
152,2023-read；2023-release；a-fiction,3
154,absolute-favorites；alternating-pov；awesome-heroines,3
155,men-with-pussy-power,1
158,2023,1
159,college；dark-academy；fantasy,3
163,adult-fantasy；mehhh,2
165,e-books,1
166,dark-academia；fantasy；ghosts,3
167,fantasy,1
170,contemporary-fantasy；mystery-horror,2
171,fantasy,1
172,audiobook；review-copy,2
175,2023-favorites；audiobooks,2
185,2023-favorites,1
187,audience-adult；disabled-authors；format-audiobook,3
191,favorites-of-2024,1
192,bingo-books-across-america-4,1
193,adult；dark；fantasy,3
194,favorites；read_2023,2
195,citazioni；fantasy；libri-tortura-per-quanto-ne-parlano,3
200,2023；5；englisch,3
201,adult-fantasy；read-2023,2
203,4-star-reads；adult-fiction；books-i-own,3
206,badass-females；dark-academia；magic,3
207,2023-releases；favourite-books,2
208,owned,1
211,2023-favorites；adult-fiction；audiobooks,3
216,2023；fantasy,2
220,2023；3-stars；book-box,3
221,most-anticipated-releases,1
222,i-would-die-for-a-copy-of-this-rn,1
224,maze-game-nbrc-1；read-in-2023；urban-fantasy-paranormal,3
225,faves,1
226,fantasy-sci-fi；x2023-reads,2
228,demonios；fantasmas；fantástico,3
230,fantasy；favorites,2
231,4-stars；audiolibri；read-2023,3
232,contemporary；series；ya,3
233,5-stars；found-family；read-in-2023,3
234,2024；adult；fantasy,3
235,campus,1
236,pows-checkout,1
237,fantasy；horror；mystery,3
238,2023；adult-fiction；contemporary,3
239,bury-me-with-these-books；physical-copy,2
241,fantasy-sci-fi,1
245,owned,1
246,2023；borrowed-libby,2
247,fantasy-read,1
251,reviewed-books,1
255,books-i-go-feral-over,1
257,5-stars；action；epic-series,3
259,2023-releases；adult-fiction-nonfiction；books-i-own,3
260,fantasy；favorites,2
263,chosen-one；college-campus；dark-academia,3
264,favorites,1
265,fucking-magical；mystery,2
266,2023-favorites,1
271,adult；audiobook；book-series,3
273,4-stars；adult-fantasy；owned-read,3
276,bad-ass-women；book-boyfriends；favourite-books,3
277,5-star-reads；dark-academia；epic-fantastical,3
278,a-z-challenge；books-i-own；cults,3
280,4-stars；audiobook；g-fantasy,3
282,purchased-2023,1
285,2023-favs,1
286,audiobook；fantasy,2
293,adventure；all-parents-damage-their-children；books-i-own-physical,3
296,2023-reads；adult；fantasy,3
297,2023-reading-list；3rd-person；fantasy,3
