Row,Tags,Tag_Count
0,3-25-stars；netgalley；ng-2023,3
3,favorites；mot-s-library,2
6,2023-read；aces；ebook,3
8,arc-reviews；indie,2
9,arcs,1
11,netgalley；to-be-published,2
14,5-star-hall-of-fame；dark-fantasy；fantasy,3
19,2022-reads,1
21,netgalley,1
22,2023-releases；arcs；netgalley,3
26,netgalley,1
28,favorites,1
30,netgalley,1
31,fantasy；lgbtqia-rep；netgalley,3
32,2022-challenge；netgalley,2
35,arc；stand-alone,2
36,netgalley-arcs,1
37,completed-arcs,1
40,netgalley,1
46,netgalley；ng-group-challenge；own,3
53,netgalley,1
59,arcs-read；indie-read,2
60,arcs,1
69,favorites,1
71,queer-general,1
72,arc；fantasy,2
73,2023-releases；arcs,2
80,fantasy；gender-and-sexuality；mental-health,3
83,dark；dragons；inception,3
84,2023-reads；advanced-reader-copy；all-the-triggers,3
87,netgalley-arcs,1
89,advanced-reader-copy；asexual-representation,2
92,4-star；dragons；fantasy,3
97,netgalley,1
98,fiction；high-fantasy；lbgt-literature,3
99,did-not-finish,1
101,dark-and-grimdark,1
103,arcs,1
106,netgalley,1
107,netgalley-reads,1
111,52；pop,2
123,3-star；most-anticipated-2023,2
124,netgalley,1
126,arc；my-ebooks,2
127,fantasy；queer,2
128,fantasy；net-galley,2
134,debut；fantasy；fiction,3
136,arc-reviews；netgalley,2
137,fantasy,1
139,spfbo9,1
140,fantasy-magic,1
142,arc,1
155,fantastical；indie-favs,2
156,forever-shelf,1
157,too-good-to-define,1
159,arcs；netgalley,2
160,2023,1
161,2023-arcs；aaaaaaaaa；authors,3
162,battle-of-good-vs-evil；fantasy；galleys-and-arcs,3
167,dnf,1
169,fantasy-genre；mental-health-representation；must-read,3
170,5-star-indie-books,1
176,epic-fantasy,1
180,asexual,1
183,e-book,1
188,ebook；review,2
190,arcs；fantasy；read-2023,3
191,favorites,1
192,2023,1
194,netgalley,1
