Row,Tags,Tag_Count
2,2023-read；arcs；fantasy,3
5,2023-reads；achillean；arcs,3
6,lgbtq；libro-fm-library,2
7,2023-releases,1
8,adult-lit；aoc-et-al；bi-or-pan,3
9,2023-books；fantasy；series-caught-up,3
10,adult；arc-netgalley；bi-rep,3
11,all-my-reviews；genre-adult；genre-fantasy,3
13,black-sff；lgbtq-sff；own-it-in-paper,3
16,2023-releases；fantasy；lgbt,3
17,2023-faves；adult-fiction；fantasy,3
18,mar2023,1
20,2023-releases；adult-fiction；arcs-netgalley,3
21,adult；all-time-favorites；arcs,3
22,2023-read；arc；by-black-women,3
23,arcs；fantasy-genre；five-stars,3
25,godly-tier；loc-physically-owned；o-cover-porn,3
26,favorites；sapphic,2
28,arcs；netgalley,2
29,netgalley,1
31,2023-netgalley-reads,1
33,fantasy；page-turner；sapphic,3
35,2023-favourites；2023-releases；arcs,3
40,adult-fantasy；black-authors；lgbt-mc,3
42,swords-sapphics-and-dragons-oh-my,1
44,books-i-own；ebook；fantasy,3
47,fantasia；lgbt；ódio-anticolonial,3
49,2023-reads,1
53,arcs-i-have,1
57,womens-rights-and-womens-wrongs,1
65,my-roman-empire,1
69,adult；book-club；fantasy,3
71,bookshelf,1
73,arcs,1
75,5-star；books-i-own；sapphic,3
76,2023,1
79,favorites,1
82,angsty-energy；badass-and-gay；sci-fi-fantasy,3
83,fiction；for-the-sapphics；free-books-giveaways-arcs,3
86,queer-fantasy-sci-fi,1
88,fantasy；thrillers；why-isn-t-this-a-bloody-movie-yet,3
92,sapphic-fantasy,1
93,physical-i-own,1
95,net-galley,1
101,21st-century-fiction；bought-2024；fantasy,3
105,2023-five-stars,1
106,physical-owned-books,1
108,have-audio；have-physical,2
111,1-language-english；2-books；read-love,3
114,gay；lgbt,2
124,2023-faves；sapphic,2
126,2023-read,1
127,arcs；fiction-fantasy,2
128,sapphic,1
129,action-packed；best-of-2023；disability-rep,3
137,fantasy；netgalley-arc；politics,3
138,q-tbr,1
141,adult；bisexual；high-fantasy,3
145,fantasy；netgalley,2
149,sapphic,1
152,lgbt；wlw-read,2
154,1-2023-releases；3-wlw-rep；4-black-author,3
155,won-via-giveaway,1
156,audio-book；fantasy；read-in-2023,3
158,2023,1
159,2023-arc；2023-release；adult-fantasy,3
160,aty-2023；netgalley；sff-shelf-cleanup-2023,3
162,2023-releases；february-2023-tbr；march-2023-tbr,3
165,finished-in-march-2023；sapphic,2
166,favorite,1
168,fantasy；lgbtq；netgalley,3
170,2023；2023-novels；arcs,3
171,fiction；sci-fi-fantasy；series,3
172,2023；e-book；lgbt,3
176,faves；faves-2023；fiction,3
177,2023-releases；colonialism；fantasy,3
179,adult；disability-rep；fantasy,3
180,arc；butch-and-or-femme,2
181,2023-faves,1
182,fantasy；net-galley；series,3
185,favorites,1
186,kindle；netgalley,2
189,2023；arc；fantasy,3
190,on-my-period-having-a-gay-meltdown；read-2023,2
192,good-lgbt-books,1
193,netgalley,1
195,netgalley-arcs,1
197,books-read-2023,1
198,arcs,1
199,2023-releases；owned-books,2
200,black-spec-scifi；qtpoc-sff；sapphic,3
202,dark-and-grimdark；sapphic,2
207,arc-reads；netgalley,2
209,contemporary-fiction；fantasy；lgbtqia,3
210,black-authors-fiction；disability-and-neurodiversity；fantasy,3
211,fantasy；queer-lit,2
214,novel,1
215,future-release,1
216,queer-sff-read；sapphic-sci-fi-and-fantasy-read,2
218,arcs,1
226,netgalley,1
228,fantasy；lgbt；series,3
230,favorites,1
233,net-galley,1
234,2023-reads；lgbt；magic-to-do,3
235,netgalley；read-in-2023；series-caughtup,3
236,lgbtq,1
237,fantasy-scifi；queer；wlw,3
243,fantasy；fiction；queer,3
244,fantasy；queer,2
245,illumicrate,1
246,authors-of-color；fantasy；lgbtqa,3
247,fantasy,1
253,wlw-journey,1
254,2023-popsugar；bipoc-author；disability-rep,3
256,good-poc-rep；good-queer-rep；priority-reading-list-2023,3
259,netgalley,1
262,2023-books-read,1
264,ebook-owned,1
265,all-time-fav；fantasy；gnc-mc,3
267,favorites；own,2
273,favorites；owned-physical-books,2
275,queer；sáfico-adultas；sapphic,3
276,5-stars；books；favourites,3
282,fantasy；lgbt；romance,3
290,netgalley,1
293,2023-reads,1
297,queer；scifi-fantasy,2
