Row,Tags,Tag_Count
7,newp,1
9,just-fucking-no-period；load-of-wank,2
10,epic-fantasy,1
15,fantasy,1
17,given-up-hope,1
19,epic-fantasy；top-10-series,2
23,fantasy；highly-anticipated,2
29,epic-fantasy；made-me-cry；magic,3
32,fantasy,1
38,can-t-wait,1
44,series-i-need-to-finish；to-be-published,2
45,fantasy,1
51,fantasy,1
52,2014；can-t-wait-books,2
61,not-yet-published；series-next-part,2
67,never-to-be-published；vaporbook,2
111,recommended-to-me,1
112,this-book-will-never-exist,1
121,unreleased,1
133,books-i-d-build-a-shrine-for；must-read-before-i-die,2
139,no-release-date-yet,1
158,series-to-finish,1
165,lazy-writer,1
166,unpublished-series,1
175,fantasy；favorites,2
176,fantasy-or-fantastical,1
185,fantasy；without-cover-yet,2
187,fantasy-love；first-person；give-it-to-me-now,3
193,waiting-for,1
196,most-anticipated,1
201,epic-fantasy；fantasy,2
219,highly-anticipated,1
224,books-i-traversed-time-to-read；firefly-where；fuck-you-time,3
227,20-unknown；epic-and-high-fantasy；future-purchases,3
253,dnf,1
263,unreleased,1
279,will-not-read,1
291,fiction,1
