Row,Tags,Tag_Count
1,2023-books；horror,2
2,et-phone-home；female-lead；horror,3
3,2023-reads；no；sci-fi,3
4,best-final-theys-and-babes；cant-stop-thinking-about-it；favorites,3
5,arcs-read,1
7,from-publisher-or-author；live-through-this；review-pending,3
9,absolutely-loved；arcs；badass-protagonist,3
11,2023-read；arcs；horror,3
13,disappointing-reads；lgbtqia；reviewed-in-2023,3
14,2023-action-adventure-aficionados-c；2023-action-heroine-fans-yearly-cha；adc-reviews,3
15,aliens；horror；robots-and-artificial-intelligence,3
16,black-authors；black-protagonists；favorites,3
17,horror；science-fiction,2
18,horror-adjacent；scifi,2
19,arcs-and-galleys；horror；review-copy,3
22,horror；lgbtq-sff；library-book,3
24,black-authors；lgbtq；tor-tordotcom,3
25,2023-read；novella,2
26,horror；netgalley；sci-fi-fantasy,3
27,reviews,1
29,2023-books；horror；lgbtqia,3
30,goodreads-rec；i-see-you-girl；reddit,3
31,black-author；sci-fi,2
32,science-fiction,1
35,sci-fi,1
36,horror；new-tbp；science-fiction,3
37,bipoc-actor；bipoc-author；sf-f-h,3
38,aliens-normal；fiction-standalone；horror,3
39,horror；novella；sci-fi,3
42,adult-scifi；black-authors；lgbt-mc,3
45,beautiful-prose；bland-protagonist；cliche-storm,3
47,arc-or-galley；favorites；netgalley,3
48,bipoc；lgbtq；sci-fi,3
49,arc；fantasy；group-book-read,3
51,sci-fi,1
52,audiobook；novella；science-fiction,3
53,2023-april-reading-challenges；2023-ha-mount-tbr；2023-wbtm-spooky-bingo,3
54,audiobooks,1
55,audiobooks；lgbtqia,2
56,best-of-2022；horror；netgalley,3
57,science-fiction,1
58,horror-mystery-thriller；short-stories-novellas；the-infinite-library,3
60,horror-halloween-spooky-season；mentalhealth-or-disability；novellas-and-novelettes-90pgs,3
61,4-star；spaaaace,2
64,audiobook；black-audio-narrator；black-women-writers,3
66,horror；sci-fi-speculative,2
68,form-novella；genre-horror；read-in-2023,3
69,2023-reads,1
70,queer-dnf,1
72,2023；anticipated-2023；novella,3
74,fantasy；sci-fi；spooky-mystery-thriller,3
75,authors-of-color；nb-gq-author；scifi,3
78,2023；read-for-review,2
82,audiobook-listens,1
83,lidos-em-2023；sci-fi,2
85,arc；horror；quotes-pulled,3
86,f-f；horror；lgbtqia,3
87,netgalley,1
88,adult；arcs；horror,3
89,horror；lgbtq；sci-fi,3
90,audio-library；audiobook-read；bookopoly-23,3
92,fantasy-scifi；netgalley,2
94,2023；adult；horror,3
95,horror,1
96,horror-aliens；horror-creatures；horror-scifi,3
97,fiction；scfi,2
101,2023；library；popsugar-2023,3
104,horror；review-copy；science-fiction,3
106,space-horror,1
111,own,1
115,2023；horror；novellas,3
117,arc；horror；popsugar-2023,3
120,cover-appreciation；female-lead；horror-adjacent,3
123,arcs；favorites；queer-af,3
124,2023-releases；space-horror,2
125,netgalley,1
128,horror；netgalley-arcs；sci-fi,3
131,2023；audiobook；l-english,3
134,arc；black-heroine；heroine-of-color,3
135,horror；spaceships,2
136,horror；netgalley；sci-fi,3
137,arc；bechdel-yea；creature-feature,3
140,april-23,1
143,audiobook,1
144,audiobooks；horror；lgbtq-stories-and-authors,3
146,audiobook,1
147,netgalley,1
148,2023-netgalley-reads,1
149,horror；science-fiction,2
152,arcs；queer-as-folk,2
153,adult；dystopian；fiction,3
154,fiction-horror；fiction-science-fiction,2
155,horror-or-thriller；sifi-science-fiction,2
158,nebula-eligible-2023,1
160,horror；lgbtq；scifi,3
162,2023-debut；author-of-color；horror,3
165,borrowed-from-library；scifi,2
166,horror,1
167,horror；novella；sci-fi,3
169,23-for-23；black-authors,2
170,2023-reads；fantasy-sci-fi；fiction,3
171,audible,1
172,2024；horror；novella,3
173,2024；read-in-a-day,2
176,audio-book,1
178,horror,1
181,favourites；owned-physical；read-your-shelf-challenge,3
182,4-stars；beautiful-or-unique-prose；favorite-heroines,3
184,audiobooks,1
186,horror；novella；sci-fi,3
187,horror,1
191,action；horror；science-fiction,3
192,read-2024；sci-fi-horror,2
195,ebook-kindle；netgalley；reviewed,3
196,s-l-scifi；sci-fi,2
197,best-reads-of-23；derivative；girls-and-gays-only,3
199,audiobooks；horror；in-spaaace,3
200,2022-challenge-books；kindle-reads；sciencefiction,3
206,horror；read-2023；science-fiction,3
208,audiobooks,1
210,lgbtqiap,1
213,scifi,1
214,books-read-in-2023；horror；lgbt,3
215,adult；favorites；horror,3
219,arcs-read,1
220,horror；lgbtqia；sci-fi,3
226,highly-recommended；horror；lgbtqia,3
228,z-2023-all,1
229,ebook；lgbtqia；science-fiction,3
231,fiction；giveaways；horror,3
235,audio2023；library2023,2
236,horror-light；netgalley；sci-fi,3
237,nss；pages-200-under；powerful-b,3
238,for-blog；lgbt,2
240,alien-invasion；aliens；generation-ships,3
241,fiction；horror；sci-fi,3
242,read-arcs；rep-sapphic,2
243,aliens；fantasy-and-sci-fi；genre-blender,3
244,debut；horror；science-fiction,3
245,aliens；horror；sci-fi,3
246,arcs；dystopian；future,3
248,2023-reads；science-fiction；space,3
252,favorites；horror；sci-fi,3
253,2023-releases,1
258,adult；aliens；androids-cyborgs-robots,3
260,horror；scifi,2
263,2023；audiobook；horror,3
264,arc-reads；book-recs,2
265,2023-reads；horror；novellas,3
266,audiobook；fiction；horror,3
268,author-nonbinary；author-poc；diverse-books,3
270,netgalley-arc-s；science-fiction,2
272,adult；adult-horror；adult-scifi,3
273,2023-release；aliens；horror,3
274,scifi,1
275,arcs；horror；lgbtqia,3
276,netgalley；science-fiction,2
280,brutal；future；futuristic,3
281,2023-releases；essays-novellas-plays-shortstories；horror,3
285,2023,1
286,sci-fi-thriller；space-horror；space-opera,3
289,sci-fi,1
290,horror；science-fiction,2
292,action-adventure；netgalley；science-fiction,3
293,arc；favorites,2
294,sci-fi；writers-of-color,2
296,2023-agents-of-shield；aeldia-2023,2
297,r-fantasy-2023-book-bingo,1
298,adult；horror；lgbqt,3
299,2023；horror；netgalley,3
