Row,Tags,Tag_Count
0,fairy-tale-retellings；fantasy；have-reviewed,3
2,arcs-read,1
3,audiobooki-2024,1
4,arc-physical-copy,1
5,fairy-tale；retelling,2
7,2023-reads,1
8,advance-listening-copy；advanced-reading-copy；fairytale,3
9,horror；netgalley,2
10,fairytale；novella,2
11,audio；fairytale；libby-app,3
12,adult；arc；fae,3
13,fantasy；fiction；literary-fiction,3
14,adult；fantasy；fiction,3
15,2023；absolute-favourites；fantasy,3
16,fairy-tale,1
17,fantasy,1
19,adult；fae；fantasy,3
20,2023；arc；magic,3
21,audiobook；short-reads；x_2023,3
22,adult；fairytale；novella,3
23,adult-fantasy；arc-giveaway-freebie,2
24,fairy-tales,1
27,arc；ebook-owned,2
30,g-fantasy-short；g-retelling,2
33,2024-reads；fantasy；retellings,3
34,2024,1
35,audiobooks；bring-out-yer-dead；fairy-tales,3
36,netgalley；netgalley-2023；reviewed,3
37,2023；fantasy；novella,3
38,fantasy；short-pieces,2
39,2023；fantasy；library-book,3
41,2023-arcs；night-court-buddy-reads,2
42,physical-tbr,1
44,arc；dark-fiction；net-galley,3
45,adc-reviews；arc；evil-children,3
46,all-my-physical-books；fairytale；sleeping-beauty,3
49,2023-reads；4-5-stars；book-boyfriend-material,3
52,fantasy,1
56,arc-s-netgalley-and-edelweiss；fantastico-fantastics-scifilicious,2
57,arc-reviews；shorties,2
60,2023；direct-from-publisher；edelweiss,3
62,favourites；kindle-food；netgalley,3
64,arcs；fairy-tale-based；fantasy,3
65,2023-reads；adult-fantasy；audiobook,3
66,favourites；read2023；specfic,3
68,novella；read-in-2024,2
71,fantasy；novellas；retelling,3
72,arcs-2023；read-2023,2
76,a-little-bit-magic；arcs；blurbs-and-opinions,3
77,arc-netgalley；audiobook；own-ebook,3
79,2023-november-reading-challenges；dark-fantasy；fairy-tales,3
80,arcs-and-galleys；fairy-tales-and-folklore；fantasy,3
81,library-book,1
82,broken-fairy-tale；fantasy,2
86,audiobooks,1
87,fantasy,1
89,fairytales；fantasy；horror,3
90,fairy-tale；fantasy；novella,3
92,2023-release；fantasy；i-own-this,3
95,2024；audiobook；storytel,3
97,2023-read；4-star；classics-myths-retellings,3
101,2023-books；all-time-favorites；fantasy,3
107,ebook；fantasy；favorites,3
109,adult；arcs；fairy-tales-fables-and-retellings,3
111,retellings,1
114,best-of-2023；keepers；sf-f-goodies,3
115,2023-release；arc,2
116,2023-books；2023-library；august-2023,3
117,fairytales；library；novella,3
123,adult；audiobook；fantasy,3
124,fantasy,1
125,2023-reads；fantasy；novella,3
127,fantasy,1
129,august；got-an-arc；reviewed,3
130,animal-besties；bookclubbable；dark-arts-witchiness-otherpowers,3
133,adult-fiction；anticipated-reads；fantasy,3
134,arc；audiobooks,2
135,audiobook-would-recommend；fantasy-paranormal；its-libby-you-freaks,3
136,fantasy；novella；retellings,3
138,arc；audiobook；dark,3
139,2023-releases；adult；fantasy,3
143,fantasy,1
148,audiobook,1
149,2023-reads,1
151,read-fantasy,1
152,science-fiction-and-fantasy,1
153,fairy-tales；fantasy；netgalley,3
154,fantasy；read-2023；retelling,3
155,fantasy；retellings,2
157,fantasy；retold-tales,2
158,4-star-reads；adult-fiction；books-i-own,3
160,fairy-tales；fantasy；horror,3
161,fantasy；short-stories,2
163,alc；audiobooks；netgalley,3
164,fantasy,1
170,1-gold；10-210-pages；2023-buddyreads,3
174,coming-23-08,1
175,comfy；top-2024,2
177,read-2023；released-2023；scribd,3
183,1-2023-releases；2-adult；3-sff,3
186,2023；anticipated-2023,2
188,2024-challenge；2024-uno；5-stars,3
192,2023-reads；2024-reads；adult,3
193,auth-f；sf-f-h；x2023-read,3
194,fantasy；magic；not-on-page,3
198,edelweiss；from-publisher；librofm,3
199,2023top50；excellent；fantasy,3
200,buddy-read；fae；fantasy,3
201,2023；fantasy,2
202,sci-fi-fantasy,1
203,adult；fantasy；retellings,3
205,borrowed-from-library；fairies；fairytales,3
206,2023-releases；audiobook,2
207,books-i-own；curse；dark-fantasy,3
209,fantasy,1
210,five-star-reads,1
211,fantasy,1
212,2024；fantasy；nebula,3
213,fantasy,1
217,favorites；ng,2
219,adult；fantasy-fairy-tales；retellings,3
223,2024；audiobooki,2
224,2023-favorites；favorites；owned,3
232,owned,1
233,fantasy,1
234,2024,1
236,novellas,1
237,cozy-fantasy-scifi；fantasy,2
240,bookclub-suggestions,1
242,fairy-tales；fantasy；favorites,3
244,2023；5stars；brilliant,3
245,faves；faves-2023；fiction,3
247,2023_all-reads；2023_climate；2023_ecotage,3
248,dark-fantasy；folk-lore；novella,3
249,fantasy；novellas,2
251,2023；adult；arc,3
252,edelweiss；fantasy-and-paranormal；folktales-fairytales-mythology,3
254,archives；fantasy；novella,3
255,faeries；fiction；retellings,3
258,fairy-tale-retelling；fantasy,2
259,added；animal-cruelty；animal-death,3
265,arcs,1
266,4-star-reads,1
267,fantasy；magical-realism；nice-try,3
269,audiobooki-2024,1
270,2023-releases,1
271,2023-reads,1
272,fae；fantasy；horror,3
273,2023-reads；advanced-reader-copies,2
274,best-of-2023；favorites；library,3
278,fantasy,1
281,changeling；fantasy；in-one-go,3
282,fantasy-scifi,1
284,book-wives；favorites,2
286,adult-sff；fairytale-esque；fantasy,3
289,fairytale-retold,1
292,fairy-tales；historical-fantasy；popsugar-2023,3
293,2023-reading-challenge；fantasy；short-story-novella,3
295,2023-popsugar-reading-challenge,1
298,books-i-own；fantasy；fiction,3
