Row,Tags,Tag_Count
1,2023,1
2,fantasy,1
4,adult；book-subscription-box；read-in-2023,3
5,2023-reads,1
10,audiobooki-2024,1
11,2023；coming-soon；fantasy-frenemies,3
16,fantasy；portal-fantasy；science-fiction,3
17,libro-fm-library,1
18,audiobook；science-fiction,2
19,2023；me-gustó,2
24,2023-reads；awesome-audio；books-of-my-heart,3
28,fantasy；favorite-characters；hidden-treasures,3
32,science-fiction；tbr-2023,2
33,adult-fantasy,1
34,2023-reads；adult-books；e-books,3
35,jugendbücher；sci-fi,2
36,fantasy,1
38,brujas-brujos-brujería；edad-media；fantasía-celta,3
43,0-repeat-author；1-bought；2-first-books,3
45,fantasy；funny；sci-fi,3
46,audiobooks；fantasy；library,3
50,2024；brandon-sanderson,2
53,addictive；audiobooks；fantasy,3
54,2023-books；local-authors；own-hard-copy,3
55,disappointments；reviews,2
56,physical-books,1
57,scifi-fantasy,1
59,rezensionsexemplar,1
62,reviewed；science-fiction,2
64,fantasy；humor；sci-fi,3
65,fantasy；future；history,3
67,fantasy；man-author；scifi,3
68,2023-reads；science-fiction,2
79,adult-sff；celtic-sff；found-family,3
84,ebook；fbr；read-in-2023,3
86,audiobooks-2023；fantasy；favorites,3
88,2023；brandon-sanderson；have-read-in-english,3
90,reading-challenge-2023,1
92,fantasy；forget-the-space-time-continuum,2
94,audiobook；own-on-kindle；scifi,3
95,fantasy；humor；science-fiction,3
97,sanderson-no-cosmere,1
100,audiobook；fantasy；read-2023,3
103,feel-good；scifi-věcičky；uuups,3
106,2023-book-challenge,1
109,2023,1
110,humor,1
113,adult；adult-sci-fi；scifi,3
120,bookspin；fantasy-fiction；science-fiction,3
125,read-in-2023；release-2023,2
127,fantasy,1
129,apocalyptic-or-post-apocalyptic；fantasy；freaky-supernatural-adventures,3
133,audiobook；fantasy；sci-fi,3
135,brain-candy；fantasy；funny-stuff,3
139,2023；audiobook；fantasy,3
141,owned-hardback,1
144,2023-reads；fantasy；humour-and-comedy,3
146,audiobooked,1
148,neu-in-2024,1
152,escritorio,1
154,пьяный-книжный-клуб,1
155,dual-format-read,1
162,did-not-finish,1
169,read-2023；sci-fi,2
175,2023；audio；books-i-own,3
179,2023；audio-libro；ciencia-ficción,3
185,2023-reads；adult；arc,3
187,audiolibro,1
188,owned；special-edition,2
189,connecticut_yankee；ebook；fantasy,3
191,arc-read-2023；owned；read-the-bookshelf-2023,3
196,books-to-re-read,1
200,audiobook,1
210,read-in-2023,1
211,fantasy；read-2023；science-fiction,3
217,fantasy；science-fiction,2
219,ebooks,1
221,2023-releases；fantasy；science-fiction,3
222,2024-reading-list,1
223,2024-reads；audiobook；buddyreadwithbrandy,3
231,fantasy,1
233,audiobooks；owned；owned-signed,3
234,2023；2023-ng-group-challenge；2023genrechallenge,3
238,english；fiction；science-fiction,3
241,2023；anticipated-2023；kindle-library,3
244,ciencia-ficción；fantasía,2
248,fantasy；fiction,2
252,20xx-sword；audio-book；author-male,3
253,author-sanderson；own-audible；own-kindle,3
255,adventure；alternate-dimensions；ebook,3
256,my-5-star-books,1
257,gods；male-protagonist；parallel-worlds,3
258,sf-fantasy,1
259,audiobooks；read-in-2023,2
264,fantasía,1
265,0reviewed；1fantasy；1science-fiction,3
273,alternate-history；britain-england-london；fairfax-county-library,3
277,fantasy；humor；sci-fi,3
279,science-fiction,1
282,kickstarter；pre-ordered,2
285,audiobook,1
287,2023；books-i-own；scifi,3
290,brandon-sanderson；second-chance,2
293,audio；library-copy；owned-copy,3
297,best-for-16-and-up；great-stand-alone-s,2
