Row,Tags,Tag_Count
0,autism；disability；female-protagonist,3
1,8s；buddy-reads；fae,3
2,fantasy；kindle-ebook；netgalley-booksirens-author-sent,3
3,favorites；netgalley-2022,2
4,2023-2-or-1-star,1
5,arcs；fantasy；found-family,3
7,netgalley,1
8,2023-releases,1
11,disability-rep；fantasy；high-fantasy,3
13,arc；beautiful-writing；books-i-annotated,3
15,2023-read；bipoc-author；black-rep,3
17,audience-young-adult；disabled-authors；favorites,3
19,2023；fantasy；physical-arcs,3
21,arcs；autism-rep；five-star-predictions,3
22,2022-reads；disability-books-i-ve-read,2
23,2022-tbr；autism；fae,3
24,2023；arcs；fantasy,3
25,arcs；favourites,2
26,netgalley,1
28,audiobook；fantasy；netgalley,3
30,fantasy,1
34,audiobook；fantasy；neurodivergence-or-disability-rep,3
35,2023-releases；fantasy；fantasy-2022,3
36,arc-s-netgalley-and-edelweiss；fantastico-fantastics-scifilicious；i-m-so-excited-to-read-this,3
37,3-star-reads；book-club；fantasy,3
38,disability-rep,1
39,won-bookish-first,1
40,fantasy-scifi；neurodiversity；ya-fiction,3
41,2023-favourites,1
45,family-dynamics；fantasy；hetero,3
46,2023-buddy-reads,1
49,fae；fantasy；fave-covers,3
51,half-audio,1
53,fantasy；read-in-2022；young-adult,3
55,2023-releases,1
56,2022；2023；slayed,3
57,comfort-reads；enemies-to-friends；fantasy,3
59,love-love-love,1
63,2022；fantasy；netgalley,3
66,fantasy；young-adult,2
67,fantasy；own-voices；ya,3
71,4-star,1
72,past-arcs,1
73,favorite-authors；the-shelf-of-fame,2
74,2023-netgalley-all-reads-challenge；2023-netgalley-reads；2023-reads,3
75,2023-read；fantasy；thanks-ufl,3
77,2023-releases；arcs；fantasy,3
83,fantasy；young-adult,2
84,netgalley,1
93,fantasy；reviewed-by-contributor；young-adult,3
94,2023-releases,1
95,fantasy；latinx-rep；mythology,3
101,arcs,1
102,coup-de-coeur,1
103,arc-reads；fantasy,2
106,2023-reads；52-books-in-52-weeks-2023；fantasy,3
107,2023-release；fantasy,2
108,arc-review；best-books-read-in-2023；bookishfirst,3
111,anticipated-for-2023；fantasy；i-own,3
112,2022-reads；stars-3,2
114,2023；audio；cs-library,3
116,arcs,1
117,young-adult,1
118,2023；fantasy；for-school,3
121,arc；fantasy；series,3
122,favorites；owned；signed,3
123,arc-not-ark；first-to-read-first-to-review；i-need-more-from-this-writer,3
126,all-time-favs；bookish-first；fat-rep,3
129,arcs；my-list；read-in-2022,3
131,2022-reads；netgalley-arcs,2
133,fantasy；netgalley,2
135,giveaways,1
136,2023；favorites,2
141,arc-books-from-netgalley；giveaway-books；physical-arc-copies,3
145,autistic；fantasy；faves,3
147,never-finished,1
148,2023,1
149,netgalley,1
153,adventure；beauteous-cover；completed-review,3
155,audio；fantasy；ya-lit,3
156,2023,1
158,books-owned；fantasy,2
159,dnf,1
165,challenges-2023；netgalley-arc-reviews-2023；series-challenge-2023,3
173,strong-siblings；thesis-adjacent,2
174,2023；adventure；audiobooks,3
175,2023；fantasy,2
176,mar-23；tbr-2023,2
178,fantasy；neurodivergent,2
179,2023,1
181,2024；speculative-fiction,2
182,2024-spring,1
185,audio-book,1
186,autistic-character；disability；fiction,3
189,disability-rep；fae；netgalley,3
192,2023-release；autistic-author；excellent-female-characters,3
193,2023；audiobook,2
200,audiobooks；fantasy；netgalley,3
203,sff,1
205,favorites；netgalley；ya-fantasy,3
206,arcs；dnf,2
208,arcs；netgalley,2
210,arcs-ive-read；cus-3；disability-mental-health-rep,3
215,english；fantasy；sfida-60-libri,3
216,arcs,1
220,2023-releases；arc；disability-rep,3
221,ableism；alcohol-consumption；blood-and-gore-depiction,3
223,high-fantasy；owned；young-adult,3
225,arc；fae；fantasy,3
229,2023；action；audiobook,3
231,arc；diversity-in-lit；high-fantasy,3
232,yabc-reviews,1
237,blog-tours；fantasy；harlequin-blog-tours,3
238,books-from-2023,1
239,advance-reader-copies,1
240,3-5-stars；adventure；audiobook,3
242,dnf,1
243,action-adventure；bookish-first-giveaways；fantasy,3
246,read-in-2023,1
247,fantasy,1
248,adventure；arcs；drama,3
250,neurodivergent-writers；preordered；ya,3
252,giveaway-arc-reviews,1
254,developed-characters；great；self-discovery,3
263,2023；adventure；disability-rep,3
264,ya,1
267,arcs；own-hardback,2
272,2023-new-releases；autistic-character；fae,3
274,4-stars；arc；fantasy,3
276,arc,1
278,ya-disabilities-rep；ya-materials-read,2
282,arc,1
287,arcs；netgalley,2
288,fantasy；female-protagonist；neuro-divergent-character,3
289,bookishfirst-first-reads,1
290,young-adult,1
293,advanced-copies；did-not-finish,2
294,2023-netgalley,1
298,audio；botb2023；fantasy,3
