Row,Tags,Tag_Count
0,darkly-hilarious；ya-fantasy,2
2,enemies-to-lovers-cat-fishing,1
3,bookstagram-made-me-do-it；from-publisher；netgalley,3
4,best-of-2023,1
6,contemporary-fantasy；mystery-horror,2
7,2023-reads；4-5-stars；books-of-my-heart,3
9,arcs；books-that-speak-to-my-soul；fantasy,3
10,arcs-reviewed；read-in-2023；ya-fantasy,3
11,favs-of-mine；reads-of-2023；worth-reading-again,3
13,2023-reads；fantasy；l,3
15,2023；dystopian；fantasy,3
16,net-galley,1
17,2023-books-i-love；2023-looks-good；5-star-books-22,3
18,favorites,1
19,bleak-ass-heroines；books-i-own；dystopia,3
20,dont-own；fantasy；horror,3
22,fiction-fantasy-sci-fi,1
25,2023；ya,2
26,2023-books,1
27,2023-release；fantasy；favourites,3
30,arc；genre-action；genre-comedy,3
31,fantasy；netgalley；young-adult,3
34,not-released-yet-tbr,1
35,books-i-reviewed,1
36,giveaways-arcs,1
38,2023-releases；arc-books,2
40,netgalley,1
43,2022-reads,1
46,read-in-2023,1
47,2022；fantasy；mystery,3
49,2023-releases；dystopian；fantasy,3
50,audiobook；fantasy；lgbtqia-rep,3
51,fantasy-duology；fantasy-series；v-for-vampires,3
52,arc；netgalley,2
53,arc-or-gifted-copy,1
55,owned-books；want-to-read,2
57,2023,1
58,arc-s-netgalley-and-edelweiss；fantastico-fantastics-scifilicious；young-adult-awesomeness,3
59,mystery-thriller；romantasy；young-adult,3
60,4-star；best-of-2023；crushcrushcrush,3
61,1-2023-releases；2-ya；3-sff,3
62,favourites,1
66,2022-reads；i-actually-laughed-out-loud；paranormal,3
68,arcs,1
69,audience-young-adult；format-ebook；genre-fantasy,3
70,fairyloot-edition；series；series-i-finished,3
71,2023-release；arc-netgalley,2
73,2022-cecilia-has-a-breakdown；arcs；sci-fi-fantasy,3
74,fl,1
76,netgalley；review-copies,2
79,2-star-reads；fantasy；new-author-to-me,3
81,spooky,1
82,fairyloot-2023,1
84,audio；fairyloot-et-al；fantasy,3
85,2023,1
86,books-i-own；fantasy-scifi；read-in-2023,3
89,netgalley；reviews,2
90,2022-netgalley；antiheroes-morallygrey,2
92,e-arc-titles-to-review；edelweiss-grind；tbr-e-books,3
93,2023-releases；anxious-beans；audiobook,3
94,young-adult,1
97,disability；dystopian；fiction,3
103,dark-fantasy；urban-fantasy；ya-mystery,3
104,high-fantasy,1
107,netgalley-arcs,1
109,favorites,1
113,audiobooks,1
115,2023；dark；urban-fantasy,3
116,2023-releases,1
117,owned,1
122,free-netgalley-arcs；genre-fantasy；genre-horror,3
124,2023；bisexual-pansexual；fantasy,3
125,2023-read；fairy-loot；lgbtq,3
126,2023-favorites；arcs；fantasy,3
127,fiction；library-rental-audiobook；sff,3
128,dnf,1
132,2023；arc,2
133,arc-reviews,1
134,books-i-own；fairyloot；signed,3
135,read-in-2023,1
136,arc；physical-owned；urban-fantasy,3
137,own,1
146,fantasy,1
150,library-books,1
153,2023,1
156,audiobooks；fantasy；netgalley-arcs,3
159,arc,1
160,netgalley,1
161,2023；fantasy；ya,3
162,2023；acquired-2023；books-i-own,3
164,horror,1
168,dnf；read-2024,2
170,fairyloot,1
172,2024-reads；4-stars；new-realeases,3
173,2023-releases,1
174,2023-releases；audiobook；ya-fantasy,3
180,2023-anticipated；netgalley,2
181,netgalley-arcs,1
182,netgalley,1
183,2023-releases,1
184,2023；fantasy；romance,3
185,arc；fantasy；read-2023,3
186,2023-releases；arcs-review-copies；fairyloot-ya-2023,3
188,3-stars；audiolibri；read-2023,3
190,adult-horror；netgalley-arcs；poc-rep-side,3
191,fantasy；netgalley；young-adult,3
195,audiobook；fairyloot；physical-copy,3
198,fantasy,1
199,sleep；vampire；young-adult,3
200,dystopian；fairyloot,2
201,book-subscription-box；fantasy；monsters,3
209,arcs；audio-books；fantasy,3
210,audio-book,1
214,audiobook,1
216,fantasy；horror；mystery,3
217,2023-releases；fantasy；urban-fantasy,3
218,adequate-average-alright,1
219,fairyloot-illumicrate-botm；soft-romancce,2
220,2023-year-in-reviews；annoying；fantasy,3
221,netgalley,1
222,read-unhauled,1
224,lgbtqiap,1
226,advanced-reader-copy；genre-fantasy；genre-sci-fi,3
227,2023；action；crime,3
228,edelweiss；read-in-2022,2
229,g-urban-fantasy；th-vampires,2
230,library-book,1
231,audiobooks；netgalley；spice-free,3
232,fantasy；mystery；ya,3
235,2023-reads；fantasy；young-adult,3
236,2023-releases；2024-read；books-that-are-worth-re-reading,3
237,not-bad,1
238,dystopian；owned,2
239,age-young-adult；fantasy；series,3
246,netgalley,1
247,owned,1
248,fantasy；fantasy-bingo；favorites,3
251,arc,1
253,arcs,1
256,netgalley,1
258,2023-books；fairyloot；owned-books,3
261,owned,1
263,fantasy,1
268,fantasy,1
270,favorites,1
273,anticipated-realeases-2023-part-2,1
275,libri-in-lingua,1
280,have-audio；have-physical,2
283,fantasy；my-library,2
288,lus-en-2023,1
291,arc,1
294,2023；arc；e-book,3
296,yaf,1
