Row,Tags,Tag_Count
1,2023-books；fantasy；review-copy,3
2,arcs；dragons；fantasy,3
4,cover-lust；cover-me-teal；dark-fantasy,3
6,2023,1
8,arc；netgalley,2
11,best-of-2023；fantasy,2
14,fantasy,1
15,fantasy,1
16,fantasy,1
18,fantasy,1
19,adult-sff-horror；own；reviewed,3
20,4-stars；adult-lit；fair-folk,3
23,arcs-read；giveaways；liked,3
28,fantasy,1
29,arc-reads；netgalley,2
33,owned,1
37,classic-fantasy,1
38,fantasy,1
39,epic-fantasy,1
40,netgalley,1
45,0reviewed；1fantasy；2novel,3
46,turtle-team,1
49,audiobooks；fantasy；magic,3
57,2023-new-fiction；cooking-with-gas,2
66,pleasure,1
67,dystopian-punk；ebook-kindle；high-fantasy,3
69,arc；on-kindle,2
72,epic-fantasy；fantasy,2
74,fantasy,1
77,arcs-giveaway；fantasy；fiction,3
79,readtoreview,1
81,2023-finished,1
82,physical-owned-books,1
84,epic-fantasy；fantasy；favourites,3
87,fantasy；read-in-2023,2
88,fiction；library-rental-audiobook；own-hardback,3
92,2023-books-read,1
106,500-pages；fantasy；fin,3
110,2023；arc；dragons,3
119,fantasy,1
121,epic-fantasy；fantasy-adult；fiction,3
122,fantasy；net-galley,2
124,2024-reads,1
125,fantasy,1
126,fantasy,1
128,2023；action；adult,3
129,audio-version；fantasy-genre；new-author,3
131,netgalley,1
132,arc；fantasy,2
133,audio-book,1
141,epic-fantasy；high-fantasy；necromancy,3
144,netgalley；sci-fi-fantasy,2
145,fantasy,1
149,fantasy；military,2
152,dark-fantasy；grimdark；horror-fantasy,3
157,high-fantasy,1
159,band-of-rascals；cape-and-sword；fantasy,3
162,first-editions；inkstone-books；numbered,3
163,fantasy-all；paperback-own,2
165,fantasy；kindle；kindle-unlimited,3
167,battleathon-2023,1
169,fantasy,1
176,fantasy,1
185,fantasy,1
190,netgalley,1
195,books-from-giveaways,1
198,read-in-2023,1
207,dnf,1
214,ug,1
216,inkstone,1
219,ebook,1
220,fantasy,1
223,0-stars；2024-reads；adult-books,3
224,2024-tbr,1
229,dystopia；fantasy；horror,3
235,sff-epic-fantasy；sff-fantasy；sff-high-magic,3
236,fantasy,1
238,3-star；dragons；epic-fantasy,3
240,2023-books；arc,2
