Row,Tags,Tag_Count
0,2022-reads；netgalley,2
3,dystopia；ghost-stories；novella,3
4,2024；ebook；science-fiction,3
5,2023-read；novella,2
7,favourites；read2023；short-stories,3
8,5-stars；net-galley；science-fiction,3
9,netgalley；non-pod,2
10,arcs；dystopian；mystery,3
11,arcs；loved-ok；murder-mystery,3
12,bingo-2023；novella；read-in-2023,3
13,favorites；metafiction,2
14,horror；hugo-awards-2024；murder-most-foul,3
15,book-opoly,1
16,short-fiction-zoned,1
17,ai-or-robots；mystery-fail；science-fiction,3
18,haunted-house；science-fiction；speculative-fiction,3
19,2023；netgalley,2
21,crime；detective；mystery,3
22,science-fiction；tbr-2023,2
23,2023-books；2023-ebooks-purchased；may-2023,3
25,dystopian-post-apocalyptic；novellas；science-fiction,3
27,2024,1
28,reviewed；reviewed-2023,2
29,novella；science-fiction；speculative-fiction,3
30,arcs,1
31,2023-dnf；fic-sci-fi；format-novellas,3
33,science-fiction,1
34,fiction；netgalley；sff,3
36,2023-netgalley-reads,1
37,2023-releases；essays-novellas-plays-shortstories；listened,3
44,2023；books-i-own；fiction,3
45,crime；mystery；novellas-and-short-stories,3
46,0reviewed；1science-fiction；1thriller-mystery-suspense,3
47,sf,1
48,i-robot；mystery；science-fiction,3
49,adult-lit；releases-2024；science-fiction,3
50,2023；cover-love；detectives-and-private-eyes,3
52,mystery-detective；science-fiction,2
53,audiobook；horror；novellas,3
54,read-arcs,1
55,fiction-science-fiction；fiction-short-stories-and-novellas,2
56,achetés,1
57,2023；small-press-and-indie；women-authors,3
58,fiction；science-fiction,2
60,dnf,1
62,mystery；novella-short-story；science-fiction,3
63,2023-releases；adult；mystery,3
64,2023-books-read；ebook；novella,3
66,arc,1
69,scifi,1
72,2023；ebook；mystery,3
73,awards-2024；mystery；scifi,3
74,mystery；sci-fi；short-stories,3
75,book-club-tfiq；ebook；horror,3
76,read-in-2023,1
77,mystery；sci-fi；someone-died,3
79,2023-novels-read,1
85,fiction；mystery-thriller；net-galley,3
88,2023；arc；sci-fi,3
90,adult；dystopian；sci-fi,3
93,fantasy；mystery；new-tbp,3
96,arc；lgbtqia；sapphic,3
98,science-fiction；short-work,2
99,2023top50；readathon；scifi-season,3
102,novellas；scifi,2
103,novella；sci-fi,2
107,netgalley；sff,2
111,ebook；fiction；science-fiction,3
115,netgalley,1
116,scifi,1
117,fiction；mystery-suspense；scifi-fantasy-allegory,3
118,book-club,1
119,2024-read；auth-f；bipoc-actor,3
125,fiction；speculative-fiction,2
127,sf,1
129,2024,1
131,ebook；fiction；horror,3
132,2023-reads；advanced-reader-copies,2
135,sci-fi,1
137,arcs；horror；sci-fi,3
139,2023；mystery-thriller；netgalley,3
142,fiction；kindle；sci-fi-fantasy,3
146,hugo-nominees；netgalley,2
147,fantasy,1
149,fiction；june；read_2023,3
154,2023-faves,1
161,adult-fiction；mystery；scifi,3
168,2023-releases,1
170,2024；kindle；novella,3
179,automatic-buy-authors；fucked-up-in-so-many-ways；horror,3
183,gothic；sci-fi,2
185,novella；science-fiction,2
186,haunted-house；kindle；novella,3
193,science-fiction,1
199,sci-fi,1
209,2023-releases；march-2023-tbr,2
212,science-fiction,1
214,read-2023；sci-fantasy；shorts-and-others,3
216,novellas；sci-fi,2
221,tpl-reading-challenge-2023,1
222,laser-challenge,1
223,science-fiction；signed,2
225,2023,1
226,2023-releases,1
234,read-in-2023；science-fiction,2
235,scifi-fantasy,1
239,dystopian-future,1
242,mystery-thriller；science-fiction,2
244,crime；mystery；read-in-2023,3
250,science-fiction；speculative-fiction,2
256,adult；novella；sci-fi,3
259,2024；did-not-finish,2
261,twenty-four,1
262,hugos-2024；read-adult-sf-f；read-mystery,3
263,audios,1
267,2024-novels；grown-up-books；mystery,3
268,adult-sci-fi,1
270,2024-books；c-weird；format-novella,3
271,books-i-own-digital；sci-fi；thriller,3
281,2023-reads,1
284,artificial-intelligence；fiction；haunted-house,3
292,2022,1
293,hugo-reading-2024；i-laugh-in-the-face-of-genre；read-in-2023,3
295,mystery；sci-fi,2
297,2023；owned-digital；short,3
298,audience-adult；genre-mystery-thriller,2
