Row,Tags,Tag_Count
0,3500-23,1
1,fantasy,1
2,booksaboutbooks；fantasy；historical-fiction,3
3,2023-reads；4-5-stars；books-of-my-heart,3
5,2023；netgalley,2
6,2023-releases；fantasy；young-adult,3
8,arc；kindle；netgalley,3
9,fantasy-sci-fi；highlyrecommend,2
11,fantasy；fantasy-urban-fantasy；favorites,3
12,ebook；fantasy,2
16,2023_all；2023_novels；2023_ya,3
18,2023-reading；audiobooks；historical-fantasy,3
19,2023-release；arc-edelweiss,2
21,kids-and-ya；sf-f-h；x2023-read,3
26,bought；fantasy,2
32,australian-fiction；fantasy,2
33,review-copies；ya；year-2022,3
39,adult-books；fantasy；female-characters,3
41,fantasy；historical-fiction；library,3
44,2023-reading-challenge；audiobook；netgalley,3
45,fantasy,1
47,fantasy,1
50,kindle；sci-fi-or-fantasy,2
53,arc-review；best-books-read-in-2023；favorites,3
54,arc；owned-hardback,2
56,netgalley,1
64,alternate-history；audiobook；lgbt-queer,3
67,fantasy；magic,2
68,audiobook；fantasy；young-adult,3
72,historical-fiction；magical-realism；romance,3
74,fantasy；youngadult,2
75,scifi-fantasy；words-on-words-library；young-adult,3
76,fantasy,1
77,fantasy；fictie；own,3
79,chy,1
87,borrowed-from-library；involves-libraries,2
89,audiobooks；fantasy；libby,3
90,2023；cybils-2023；genre-fantasy,3
95,favourites-2023,1
96,fantasy；series,2
100,1980s；aust-2023-pub；australian-author,3
101,fantasy；young-adult,2
102,adventure；alternative-history；arthurian,3
107,continuing-series；fantasy；owned,3
108,2024-read；audiobook；library,3
111,favorites,1
114,arcs；kindle,2
120,teen-reads-12-plus,1
123,alternate-universe；books；books-2023,3
124,2024；urban-fantasy,2
129,contemporary-fantasy；fantasy；mythology-and-fairy-tales,3
131,aussie-authors；books-i-own,2
132,audio；fantasy；need2read-reviews,3
139,rfantasy-bingo-2022；rfantasy-bingo-cool-weapon；rfantasy-bingo-family,3
140,best-for-16-and-up,1
141,2023-books；kindle；netgalley-reviews,3
144,2023；library-book,2
151,aaa-2023；mystery-crime-thriller；paranormal-supernatural-magic,3
152,library-book；sf-fantasy,2
153,books-about-books；urban-fantasy-alternate-history,2
157,classic-fantasy,1
159,magic；sff,2
160,urban-fantasy；young-adult,2
161,alternate-history；edelweiss；fantasy,3
163,books-i-own,1
164,sci-fi-fantasy；young-adult,2
166,adult；audio；crime,3
167,author-aussie-kiwi；fantasy；netgalley,3
170,2023-new-acquisition,1
171,1980s；adult-fiction；alternate-reality,3
173,best-books-read-in-2023,1
177,2023-audiobooks,1
179,audiobooks,1
181,2023-total；series-started,2
187,adult-fiction；folklore-mythology；sci-fi-fantasy,3
188,netgalley,1
190,2023；netgalley,2
192,fantasy-sci-fi-adult；fantasy-ya,2
196,fantasy；urban-fantasy,2
198,favourite-universes；in-the-kindle,2
201,books-owned,1
205,netgalley,1
206,2023,1
208,netgalley,1
212,action；adventure；alternating-points-of-view,3
216,fantasy,1
217,2023-releases；ya-mg,2
219,fict-scifi-fantasy-horror,1
220,2023-releases；audiobooks；fantasy,3
227,adventure；fairy_tales_myth；lgbtq,3
230,arcs-read,1
233,fantasy；ya,2
234,fantasy；mystery；read-2023,3
235,fantasy,1
239,fantasy；fiction；left-handed-booksellers,3
241,fantasy；magical-realism；ya,3
245,alt-universe；historical-fantasy；multi-pov,3
246,2023,1
249,2023；audiobook,2
250,2023,1
253,series；teen-fantasy,2
259,audiobooks,1
264,fantasy-scifi,1
265,audiobooks；fantasy；ya,3
266,own,1
267,children-young-adult；fantasy；historical,3
270,borrowed；fantasy-urban-fantasy；fiction,3
271,bored-now；fantasy,2
273,2023-reading-list,1
274,audiobooks,1
276,read-in-2024,1
278,alternate-history；british；character,3
280,2024；fantasy-novel-research,2
282,own,1
283,audiobooks；fantasy；young-adult,3
