Row,Tags,Tag_Count
0,favorites-sci-fi；reviewed-reads,2
2,audio；netgalley；overdrive,3
3,2023-books；review-copy；science-fiction,3
4,alternate-and-parallel-worlds；arcs-and-galleys；dystopia,3
5,arcs；cleaning-out-the-tbr-closet-2023；dystopian,3
6,science-fiction,1
7,netgalley,1
8,modern-sf；space-opera；space-opera-comps-debut,3
9,cliff-hanger；series-not-done-being-written,2
10,arcs,1
11,alternate-history；bizarre-concepts；eco-sci-fi,3
14,friend-recos；low-priority；science-fiction,3
16,cyberfiction；fantasy；futuristic,3
17,2023-releases；science-fiction,2
19,arc；characters-i-want-to-yell-at；mixed-feelings,3
21,2024-ha-tbr-challenge；adventure；alternate-worlds,3
22,2023；netgalley,2
23,adult；dnf；dystopian,3
27,alternate-history；fiction；scifi,3
29,arc；sf-f-h；x2023-read,3
30,0reviewed；1science-fiction；2novel,3
37,edelweiss；sci-fi,2
39,science-fiction,1
40,netg-edel-author-publisher；reviewed-in-2023；series-ongoing,3
42,award-finalist；ebook；military,3
43,fiction,1
44,science-fiction,1
47,science-fiction,1
48,recommended-by-sfbrp-listeners；reviewed-on-the-sfbrp,2
49,ebook；s-l-laser-2023,2
51,scifi,1
52,adult-sff-horror；arcs-physical；reviewed,3
56,audiobook；science-fiction-adult,2
57,aty-2023；sci-fi,2
60,netgalley,1
65,2023；netgalley；sffh,3
68,arcs；fiction-science-fiction,2
71,science-fiction,1
75,cyberpunk-steampunk-techno-thriller,1
76,recommended,1
79,shreve,1
80,2024；alternate-universes,2
81,2023；audiobooks；borrowed-from-library,3
82,science-fiction,1
84,science-fiction,1
85,science-fiction,1
90,audiobook；british-author；science-fiction,3
93,owned-and-read；read-2023,2
98,dystopia；science-fiction,2
102,favorites,1
103,netgalley,1
106,2023,1
116,cw-character-death；cw-violence；genre-science-fiction,3
120,dystopian；sci-fi,2
122,science-fiction,1
123,listened-to-it,1
124,hardcore-sci-fi,1
127,dystopian；fiction；part-of-a-series,3
128,dnf,1
132,2023-release,1
133,arc；sci-fi,2
135,arc-2023；inkstone；lgbtq,3
138,hard-sci-fi,1
145,science-fiction,1
150,alternate-history；dystopian；netgalley,3
154,kindle；netgalley,2
160,scifi,1
161,ai；aliens；sff,3
166,sci-fi,1
167,r-fantasy-2023-book-bingo,1
168,fiction；science-fiction,2
169,multiverse-ai,1
171,read_in_2024,1
174,2024；sci-fi-and-fantasy,2
178,owned-books；science-fiction,2
189,read-general；recommended-general,2
190,cliffhanger；ebook；multiverse,3
192,sf-fantasy,1
193,audible-owned；audiobook；bingo-2023,3
194,science-fiction,1
198,ebook-owned,1
205,sci-fi,1
210,from-the-library；science-fiction,2
213,arcs-read,1
219,abandoned,1
226,2023-release；i-own-this；sci-fi,3
229,2024；sci-fi,2
231,finished-in-2023,1
233,arcs-2023,1
235,3-5；sf,2
236,american-literature；science-fiction-and-fantasy,2
238,sci-fi,1
246,dnf；ebooks,2
247,sff-hard,1
248,2023,1
260,dystopia；library-book；science-fiction,3
262,audiobook；scifi,2
268,f-scifi-fantasy,1
270,2023；edelweiss-arc；fiction,3
273,sci-fi,1
274,2023-books；5-star；favourites,3
275,adult-fiction；science-fiction,2
276,scifi,1
277,library-book；sf-fantasy,2
279,sf,1
282,sci-fi,1
288,netgalley,1
297,science-fiction,1
