Row,Tags,Tag_Count
3,gifted,1
4,adult；arc；ghosts,3
5,2023-releases,1
6,disappointing-reads；lgbtqia；series-that-went-downhill,3
7,2023；girlboss-thriving；iconic-villains,3
8,netgalley-2023,1
9,2023-favs；2023-reads；5-star,3
10,4-star；adult；earc,3
11,fantasy,1
12,arc,1
15,epic-fantasy；romance；war,3
16,adult-sff；author-bipoc；author-lgbtqia,3
18,achillean；adult-lit；aoc-et-al,3
19,2023-favorites；asian-rep；authors-of-color,3
24,2023-read；alternate-history；arcs,3
25,favorites；sff,2
26,fantasy；historical-fiction；hype,3
27,2023-fantasy-horror；dark-matter；female-nonbinary-authors,3
29,favorites；favourite-23-of-2023,2
31,arcs；lgbtqia；political-intrigue,3
33,1-star；audiobooks-read-in-2023；read-in-2023,3
34,historical-fantasy；political-fantasy；queer-characters,3
35,tbr-2024,1
37,netgalley-arc；tor,2
39,2023；kindle,2
40,alt-history；bloody-and-gross；class-gender-race,3
41,books2024,1
42,2024-priority-list,1
44,2023-books；review-copy；series-complete,3
45,adult；arcs；fantasy,3
47,high-fantasy；historical-fantasy,2
49,2023；24-top-tbr；arcs,3
50,favs-of-2024,1
52,2024-reads；adult；fantasy,3
53,read-in-2024,1
54,2023-releases,1
55,2024-tbr-book,1
56,2023；arc；asian-sff,3
57,china；following-series；historical-novel,3
58,2023-challenge；4-star-goodie；arc,3
59,arc-reviews,1
60,the-stars-around-my-scars,1
62,2023-favorites；all-time-favorites,2
63,achillean；adult；arc-netgalley,3
65,audiobooks；bipoc；favorites-of-2023,3
68,asian；audio-library；audiobook-read,3
71,2024-reads；favorites；five-stars,3
73,2023-releases-radar,1
78,fantasy；fiction；history,3
79,library,1
80,2023-faves；adult；gorgeous-writing,3
82,highly-anticipated,1
84,adult；authors-of-colour；fantasy,3
87,2024-aty；2024-books；2024-top-5,3
90,2023；adult；cried,3
92,2023-favourites；2023-releases,2
93,2023-reads；2023-releases；adult-sff,3
94,bookshelf；favourites；favourites-2023,3
96,fantasy；owned,2
99,reviews,1
100,2023；author-of-color；chansol-might-like,3
102,fantasy；favourites；historical,3
103,audiobook；fantasy；historical-fiction,3
104,asian-authors；audience-adult；format-audiobook,3
105,2024-read；asian；audiobook,3
106,alternate-history；asian-sff；author-signed,3
107,arcs；netgalley,2
108,asian；fantasy；gender-fluid,3
109,achillean；bipoc；lgbt,3
113,faves；faves-2023；fiction,3
117,book-club；fantasy；historical,3
118,favorites,1
119,5-stars；arc；historical-fiction,3
120,21st-century；australian-literature；by-poc,3
121,fantasy；legimibook,2
123,disability-books；fantasy-scifi；historical-fiction,3
126,fantasy；historical-fiction；lgbtqia,3
127,diverse-sff；fantasy；historical,3
128,china；fem-asian-authors；hyphenated-asian,3
130,dark；fantasy；favorites,3
134,womens-rights-and-womens-wrongs,1
140,2023-releases,1
141,lesbian-book-club；lgbtq,2
142,fantasy；historical；lgbtqia,3
143,adult；best-of-2023；fantasy,3
146,2023-release,1
151,favorites；made-me-cry,2
152,next；signed-special-edition,2
153,audio；lgbtqia；poc-author,3
155,all-time-faves；best-of-2023；bipoc-character-or-author,3
156,2023；arcs；released-in-2023,3
157,historical-fantasy,1
158,2023；books-i-own；fantasy,3
160,favorites,1
162,best-fantasy,1
163,adult；arc-or-from-pub；exclusive-edition,3
164,cubes-of-flesh-and-other-grossness；favorites；hugo-reading-2024,3
167,favorites；five-stars；for-the-plot,3
171,narrated-by-natalie-naudus,1
172,favorites,1
174,audiobooks；fantasy；historical,3
175,asian-books；library-books；physical-reads,3
176,fantasy,1
181,2023-books；audiobook-purchased-2023；sept-2023,3
184,fall-tbr,1
185,favorites；netgalley；wishlist,3
186,poc,1
187,age-adult；arcs；fiction-high-fantasy,3
188,adult；fantasy；favourites,3
190,2024_5_star,1
192,time-2023；via-pbz,2
195,cant-wait-to-read；favorites,2
197,fantasy；historical-fiction；net-galley,3
198,love-love-love,1
199,audiobooks；sci-fi-and-fantasy,2
200,big-yell-books；favorites,2
202,absolute-bangers,1
205,2023-most-anticipated；fantasy；fav-characters,3
206,2023-favorites,1
212,the-best；the-lgbtq,2
213,queer,1
215,books-i-own；books-i-recommend；masterpieces,3
216,2023,1
217,2023-releases；adult；asian-rep-or-author,3
218,netgalley,1
221,adult-fiction；audiobooks；fantasy,3
222,fiction-fantasy；fiction-historical,2
224,bipoc-lit；fiction；queer-lit,3
228,has-gay-or-bi-characters；has-non-cis-characters,2
230,2023-reads；fantasy；historical-fiction,3
231,absolute-faves；favorite-series,2
234,2023；2023-releases；adult,3
236,arc-alc；lgbt；owned,3
237,arcs,1
239,audio-text,1
241,mental-anguish-lawsuit-candidates；queer；sff,3
245,2023；queers,2
246,2023,1
247,avril-mai-tbr；noël-23,2
248,arcs,1
254,author-full-body-of-work-read；fantasy；favorites,3
257,book-club,1
258,added；decapitation-and-dismemberment；dysphoria-and-body-dysmorphia,3
262,favourites,1
263,owned,1
264,asian-rep；disability-rep；fantasy,3
265,bipoc-adult-fantasy；most-anticipated-2023；queer-reads,3
268,2023,1
271,2023-read；recs-queer,2
274,fantasy-sci-fi,1
276,dnf,1
278,21st-century；fantasy；fiction,3
284,fantasy；lgbtqia,2
286,diverse-fantasy；low-fantasy,2
287,read-arcs,1
291,favs；queer,2
294,read-2020-to-2023,1
295,audiobooks,1
298,familial；favorites；girlhood,3
299,adult；book-club；e-book,3
