Row,Tags,Tag_Count
1,all-time-favorites；arcs,2
3,adult；arc；dark,3
4,eerie；fairy-tale,2
6,2-stars；netgalley；ng-2023,3
7,adult-and-new-adult；arcs；book-heaven,3
8,audiobooks；bookstagram-made-me-do-it；favorites,3
10,fantasy；netgalley,2
11,netgalley-arc；on-my-kindle,2
12,asian-rep；authors-of-color,2
14,2023,1
15,netgalley-arc,1
16,gothic；magical,2
17,2021；2023；girlboss-thriving,3
19,2023-faves；botm；lgbtq,3
22,2023-reads；favorites；magical-realism,3
23,five-star-reads；goodreadsgiveaway,2
24,adult；bisexual-rep；fairytale,3
26,2023-releases；book-box-2023；books-that-make-me-rant,3
27,2023-releases；adult-fiction；books-with-diversity,3
28,age-new-adult-or-adult；beautiful-art；genre-fantasy-scifi,3
29,fantasy；gothic；read-in-2023,3
30,kindle-kindle-unlimited；netgalley,2
31,adult；gothic；mystery-thriller,3
32,light-fantasy；myths-legends-and-retellings；owned,3
33,2023；abgebrochen,2
34,best-of-2023,1
37,adult-books-read；gothic-grotesqueness；horror-hazes,3
38,arcs；fantasy,2
39,2023_reads；fantasy_romance；gothic,3
40,aapi；my-best-fantasy；netgalley,3
41,fantasy；netgalley-arc,2
44,2023-faves；fave-protagonists；gorgeous-writing,3
46,2023-reads；arc；crime-mystery,3
49,2023；coming-soon；on-deck,3
50,adult；arc；horror,3
52,dark；fairy；fairy-tale,3
53,read-2022,1
56,audiobooks；fabulism-magical-realism-allegory；gothic,3
58,fantasy；physical-arcs；romance,3
59,audiobook；covers-retellings；gothic,3
60,writers-of-color,1
61,dnf；fairyloot-2023；unpopular-opinion,3
65,adult；arcs；five-star-predictions,3
66,lit-fic；mystery；rating-r,3
67,2024-favourites；adult-fantasy；dark-disturbing,3
69,2022-reads；arc-read；audio,3
70,disappointing-reads；lgbtqia；netgalley-edelweiss,3
72,2023-reads；adult-fantasy；audiobook,3
73,favorites,1
75,2023-anticipated-new-releases,1
76,audiobook；fantasy；gothic,3
77,asian-authors；audience-adult；format-physical,3
79,read-in-2024,1
80,a-adult；anticipated-releases；arcs,3
81,ebook；favourites,2
82,2023；adult；fantasy,3
83,2023-reads,1
84,2023-releases；fairyloot；libro-fm,3
85,arc；fantasy；netgalley,3
87,netgalley,1
88,fall-tbr；favorites；gothics,3
90,adult；faeries；fairytale,3
91,once-upon-a-book-club,1
94,3-stars；adult-fantasy；arcs,3
96,adult-contemporary-literary；adult-thriller-mystery；arcs-digital,3
97,good-writing；highly-recommend；lingers-on-my-mind,3
98,3-and-a-half-stars；age-adult；binge-read,3
99,2023-anticipated-release；fantasys-aka-my-ultimate-fave-genre；morally-grey,3
100,new-releases-2023,1
101,2023-releases；adult-sff,2
102,arc,1
103,4-stars；adult-lit；aoc-et-al,3
106,2023；4-stars；adult-fantasy-scifi,3
108,2023-releases；arc-books,2
109,2023-releases；adult；adult-fabulism,3
110,favorites,1
112,audiobooks；fantasy；old-style-gothic,3
113,arcs,1
115,arcs；audiobook,2
116,2023；fantasy；gothic,3
117,1-2023-releases；2-adult；3-mystery-thriller,3
118,adult；books-i-own；can-t-remember-shit,3
120,to-own,1
123,2023；books-i-recommend；fantasy,3
124,lovers-to-enemies,1
126,g-fantasy；gcac-2023；new-releases-2023,3
128,5-stars；fantasy,2
130,arc-2023；fairy-loot；lgbtq,3
133,2023,1
138,adult；fantasy；lgbt,3
139,adult-fantasy；mystery-gothic,2
140,favorites；gothic；retellings,3
141,edelweiss；read-in-2023；skimmidy-skim-skim-skim,3
143,favourites；gothic；sapphic,3
144,2023-read；5-star；fantasy-and-scifi,3
145,fairyloot,1
147,favorites,1
148,fem-asian-authors；hyphenated-asian；netgalley,3
149,2023-releases；audiobooks；favourites-2023,3
151,best-of-2023,1
152,diverse-reads；favorites,2
153,favorites；needed；the-aesthetic,3
156,3-star-reads；adult-fiction；books-i-own,3
158,2023,1
159,ajsjdkfjksj-that-plot-twist；best-standalones；better-than-expected,3
160,2023,1
164,2023-releases；adult-fiction；author-of-colour,3
165,feb-2023；gothic,2
166,adult；arcs；fantasy,3
167,fairyloot,1
168,adult；authors-of-color；fantasy,3
169,gothic,1
171,audiobook；fantasy；female-main-character,3
173,2023-favorites；audiobooks,2
175,all-time-favorites,1
178,2024；lgbtqa,2
181,favorites,1
184,2023-releases；favourite-books；standalones,3
185,adult；arc-netgalley；bi-rep,3
186,adult；fantasy；magical-realism,3
187,2023-favourites；clue,2
188,2023；2023-releases；favorite-authors,3
189,contemporary；cover-luv；favorites,3
190,2023；owned-books,2
191,age-range-adult；author-rep-asian；author-rep-filipino,3
193,2023-favs,1
195,2023-releases；books-i-own；books-read-in-2023,3
196,2023-releases；6-stars,2
197,4-stars；contemporary；fantasy-paranormal,3
198,read-in-2023,1
199,auth-f；bipoc-actor；bipoc-author,3
200,read-2023；tbr-march-2023,2
202,2023-anticipated-releases,1
203,bisexual；gothic；horror,3
204,2023-library-books,1
205,audiobooks；read-in-2023；read-in-english,3
207,2023-reads,1
208,audiobook,1
211,books-i-own；february-2023；tbr-wheel-2023,3
216,4-star；can-i-see-some-id；feeeeels,3
224,przeczytane-we-wrześniu-2023,1
226,dnf,1
230,2023-reads；arcs,2
231,2023-favorites；fairy-tales-for-grownups,2
234,adult-fantasy；booktalk-with-wifey；favorite-books,3
236,2023；adult；arc,3
237,to-reread,1
238,arcs,1
240,january-2023,1
242,2024；me-encantó,2
243,2023-reads；anticipated-2023-releases；arc-reads,3
246,favorites-2022；genre-fantasy；misc-arcs,3
247,2022,1
248,2023-releases；arcs；read-in-2022,3
250,adult；english；friendship-dynamics,3
251,advanced-readers-copy；ebooks；favourites,3
253,gothic-romance,1
254,fantasy；mystery；new-adult,3
255,2023,1
259,netgalley,1
262,5-star；made-me-cry,2
263,fantasy；fiction；horror,3
264,readin2023,1
265,contemporary；fairy-tales；mythology,3
266,fairytale-retellings；fantasy；horror,3
267,fantasy,1
270,top-2024,1
271,4-and-a-half-star-reads；be-gay-do-murder；fantasy-gays,3
272,2023-favorites；all-time-favorites,2
273,goodreadschoice2023,1
274,poc-authors,1
275,kindle,1
277,audiobook；togbc,2
279,read-in-2024,1
281,book-of-the-month-2023,1
284,arcs,1
287,2023-reads；spookoplathon,2
290,fantasy-tbr,1
294,buddy-read-with-mads,1
295,adult；best-of-2023；exclusive-edition,3
297,2023；2023-anticipated-releases；favorites,3
