Row,Tags,Tag_Count
0,adult；adult-sff；fiction,3
1,2023-reads；netgalley,2
2,i-am-not-a-robot；my-library-hardcover；sci-fi,3
4,sci-fi；series,2
5,fun-fun-fun；sff,2
6,from-publisher-or-author；review-pending,2
7,upcoming-releases,1
8,sci-fi,1
10,arc；ebook-owned；physical-owned,3
12,arcs-and-galleys；review-copy；science-fiction,3
14,action-adventure；comedy；part_of_a_series,3
15,arc；dark-fiction；net-galley,3
16,sf；shut-up-and-take-my-money,2
17,dnf-skim-finish；hardback-own；lost-interest,3
19,2023-books；review-copy；science-fiction,3
21,2023-reads；a-smattering-of-lols；arc,3
22,3-stars；science-fiction,2
24,0_wk_read_2023；almost-dnf,2
25,favourites；female-authors；my-1001-books-in-progress,3
27,scifi-fantasy,1
28,science-fiction-thriller,1
29,netgalley；netgalley-2023；reviewed,3
31,sci-fi,1
35,audiobook；sci-fi,2
36,audiobook；x_2023,2
37,audiobook,1
38,2023-reads；no-kissy-kissy；sci-fi,3
42,action；chaste；sci-fi,3
44,adventure；audiobook；marauding-monsters,3
45,makes-my-heart-happy,1
46,science-fiction,1
47,sci-fi,1
48,scifi-speculative,1
49,2023；audiobooks；eagerly-read,3
51,2-stars；favorite-authors；g-sci-fi,3
52,0-series；1-arc-advanced-reader-copies；8-sci-fi,3
53,audiobook；science-fiction,2
54,favorite-2023-reads；galleys；nicole-reads-to-me,3
55,dystopian-post-apocalyptic；favorites；humour,3
56,5-star-favs,1
57,2023-favorites；lgbtqiap-rep；sci-fi,3
58,2024,1
59,2023-releases；science-fiction,2
61,books-read-2023；fantasy-and-sf,2
62,adventure；artificial-intelligence；mystery,3
63,sci-fi；sff-favorites,2
64,audiobook；novella；science-fiction,3
66,2023-reads；s-f,2
68,sci-fi；space,2
69,0-library；science-fiction；series,3
70,sci-fi,1
73,audiobook；books-collected-in-2023；owned,3
74,audible；sci-fi,2
76,sci-fi；tbr-owned；tor,3
77,audiobook,1
78,2023-read；arcs；lgbtq,3
79,adult；netgalley；owned-kindle,3
83,absolutely-loved；badass-protagonist；favorites,3
85,female-author；fiction；kindle,3
86,ai-or-robots；science-fiction,2
87,netgalley；non-pod,2
88,american-21st-c；cyberpunk；fiction,3
92,audiobooks；fiction；science-fiction,3
94,fantasy-scifi,1
95,sci-fi,1
97,4-stars；action；fiction,3
100,anticipated-releases；sci-fi-to-read；sequel-tbr,3
101,sci-fi,1
102,2023,1
103,ebook；humor；science-fiction,3
104,englisch,1
105,sci-fi,1
106,2023；2024,2
107,arc；from-publisher；netgalley,3
108,arc-approval；my-reviews；netgalley,3
109,2020s-decade-releases；2023-0-releases；diversity-lgbtqiap,3
110,audio-book；novella；reading-with-juliane,3
113,sci-fi,1
114,scifi-fantasy,1
118,audiobook；favorite-series；n-kevin-r-free,3
119,here-be-aliens；reviewed；science-fiction,3
120,audiobook-would-recommend；its-libby-you-freaks；sci-fi,3
122,5-stars；i-own-audio；read-in-2023,3
124,arc；audiobooks；lgbtqia,3
125,2023；favorites；women-authors,3
126,best-of-2023；keepers；sf-f-goodies,3
127,2023-favorites；ebook；sci-fi,3
129,audio2023,1
130,2000s；audiobook；own-audiobook,3
131,adult；all-time-favorites；arcs,3
134,award-win-nom；friend-recos；science-fiction,3
136,sci-fi-and-fantasy,1
139,2023；anticipated-2023；favorites,3
140,science-fiction,1
141,scifi,1
142,cyborg；friendship；science-fiction,3
144,audiobook；science-fiction；science-fiction-series,3
148,fantasy；published-2023；sci-fi,3
150,what-i-read-2023,1
152,adventure；colonization；dystopian,3
153,arc-s-netgalley-and-edelweiss,1
155,2023-reads；adult；aliens-spaceships-space,3
156,2023；age-adult；artificial-intelligence,3
158,audio；emotional；library,3
159,i-love-robots,1
160,own-hardcover；queer-aro-ace；read-in-2023,3
162,read-in-2024,1
163,4-stars；audiobooks-read-in-2023；read-in-2023,3
165,adult；read-in-2023；sci-fi,3
167,queer-themes；science-fiction,2
169,favorites；queer-rep；space-or-space-opera,3
170,favorites；own,2
171,science-fiction,1
172,audiobooks,1
175,arc；gays-in-space；nonbinary-genderqueer-fluid,3
178,2023-books-read；arcs-i-own-read；from-trade,3
179,2024-audiobook；audio-books；sci-fi-romance,3
181,2023；modern-sci-fi,2
182,arcs；blurbs-and-opinions；favorites-2023,3
186,all-time-favourites；science-fiction,2
187,colonialism-empire；dystopian；fiction,3
189,2024；sci-fi,2
190,fantasy-science-fiction；queer,2
191,adult；fave-author,2
193,cyberpunk；dystopian；science-fiction,3
196,adult；favourites；queer,3
199,audiobook-adhd-assisted；pretty-covers,2
201,audiobooks；cozy-sff,2
202,2023-reads；audio；fantasy,3
203,2023；audio；sci-fi,3
208,published-since-2000；read-audio；series,3
210,sci-fi,1
211,audiobook；library；science-fiction,3
213,at-axis360；ebook；scifi,3
214,science-fiction,1
215,2023；borrowed；science,3
216,fiction；grownup；sci-fi,3
219,2023,1
220,52books2023；arc；ebook,3
221,chicken-soup-for-the-corona-soul；comfort-food；delightful-swashbuckling-nonsense,3
223,fiction；future；non-humans,3
225,netgalley,1
226,actual-heart-explosion；best-of-2023；forever-favorites,3
229,2023-releases,1
233,2023-books；c-battle-couple；c-competent-people,3
234,adult；favorites；read-in-2023,3
235,ebook；fantasy；fiction-non-romance,3
236,2023-releases,1
237,audio,1
241,audiobook；science-fiction,2
242,2023；audio；sci-fi,3
244,3-star；acquired-bought-new；format-print,3
247,action-adventure；ambassador-diplomat；angst,3
248,books-i-own,1
250,52-bookclub-challenge-2024；library,2
252,audiobook；science-fiction,2
255,fantasy；science-fiction；space,3
256,2023；2023-releases；physical-bookshelf,3
258,audiobook-recs；favorites；favourite-23-of-2023,3
259,fiction；sci-fi,2
260,listened-to；read-2023,2
261,science-fiction,1
262,audiobook,1
264,netgalley；science-fiction,2
265,all-time-favorites；characters-i-would-die-or-kill-for；lgbtq-queer-rep,3
268,physical-tbr,1
270,2024-reads；ace-spectrum；adult,3
271,2023,1
274,dark；science-fiction；space,3
276,banter；cyborgs；no-romance,3
277,adventure；favorites；sci-fi,3
279,lgbtqia；magical-realism-sf-fantasy,2
285,2023-reads；fantasy；favorites,3
286,read-in-2023；sl-laser,2
288,coming-23-11,1
289,2023,1
291,adult-fiction；scifi,2
292,format-series；genre-humor；genre-science-fiction,3
294,light-reading；novella；space-opera,3
295,audiobooks；owned；science-fiction,3
296,bookopoly-2024；buddy-readathon-with-ana；globalni-ciljevi-nastavak-serijala,3
298,five-star-reads；science-fiction,2
299,author-american；female-author；read-original,3
