Row,Tags,Tag_Count
1,best-of-the-decade,1
2,break-the-system,1
3,whip-in-every-page,1
5,great-lore；science-fiction,2
7,conspiracy；feelings-under-microscope,2
8,fantasy；science-fiction,2
9,voice-was-heard,1
11,original；philosophy,2
12,adult；fantasy；genre-mix,3
13,adult；aoc-reading；best-characters,3
14,epic-fantasy；great-worldbuilding,2
16,excellent-worldbuilding,1
17,lyrical；post-apocalyptic,2
18,fantasy；science-fiction-fantasy,2
19,conspiracy,1
21,adventure；science-fiction；scififantasy,3
27,biblical；post-apocalyptic；utopia,3
29,character-fandom,1
30,post-apocalyptic；scifi,2
33,sff,1
34,conspiracy；utopia,2
35,fantasy；lyrical,2
36,science-fiction,1
38,adventure；fantasy,2
39,fantasy；sf；sff,3
45,adventure；science-fiction,2
46,post-apocalyptic,1
52,science-fiction-fantasy,1
58,archaeological-fantasy；asian-fantasy；bible-mythology,3
63,archeological-futuristic；futuristic；scifi-stuff,3
76,fantasy；thriller,2
79,adventure；sf,2
81,adventure；post-apocalyptic；sff,3
83,fantasy；good；myth,3
86,archaeological-fantasy；bible-mythology；final-fantasy,3
88,fantasy；science-fiction,2
98,adventure；asian,2
101,thriller,1
102,scififantasy,1
103,post-apocalyptic,1
105,post-apocalyptic；utopia,2
108,adventure；fantasy；scifi,3
109,fantasy；good；interesting,3
112,asian；myth；sff,3
115,scififantasy,1
116,cyberpunk；epic-science-fiction,2
117,science-fiction,1
120,fantasy,1
121,sff,1
122,science-fantasy,1
125,sf,1
126,science-fiction,1
128,sf,1
129,scifi,1
130,sff,1
132,science-fiction,1
134,post-apocalyptic,1
135,fantasy,1
136,sci-fi,1
154,science-fiction-fantasy,1
172,adventure,1
175,adventure；fantasy；good,3
176,adventure；fantasy,2
177,game-like-characters,1
178,science-fiction-fantasy,1
185,lyrical；science-fiction-fantasy；sff,3
190,science-fiction,1
192,sf,1
194,archaeological,1
209,addictive-voice；fantasy；lyrical,3
215,archaeological；author-illustrated-cover；best-worldbuilding,3
216,fantasy；science-fiction；sff,3
225,classics,1
228,fiction；horror；sff,3
235,asian；best-characters；conspiracy-came-right,3
236,adventure；arc；thriller,3
237,sf；sff,2
238,post-apocalyptic,1
254,lyrical；sci-fi；thought-provoking,3
265,adventure；good；must-read,3
270,fantasy；science-fiction-fantasy；thriller,3
271,fantasy；science-fiction-fantasy；thriller,3
276,post-apocalyptic；science-fiction；scifi,3
277,best；fantasy；good,3
285,fantasy；thriller；thrilling,3
292,adventure；dark；fantasy,3
293,archaeological-fantasy；bible-mythology；futuristic-world,3
299,post-apocalyptic；science-fiction,2
