Row,Tags,Tag_Count
0,4-stars；netgalley；ng-2023,3
1,netgalley-arc；on-my-kindle,2
4,coming-of-age；sci-fi-and-fantasy；ya,3
6,aardvark；class-gender-race；fantasy,3
10,arc；on-kindle,2
11,fantasy；historical,2
12,arc；auth-f；sf-f-h,3
13,tbr-list-2023,1
16,cozy-vibes-fantasy,1
17,5-star；favorites；slice-of-life,3
19,ebook_kindle；fantasy；multi-dimensional,3
22,fantasy-paranormal；fiction；historical-fiction,3
24,at-slo-paso-bg-pa；fantasy；friend-recos,3
27,2023；arc,2
28,2023；fantasy；historical-fiction,3
29,arc；bleak-is-what-coming-of-age-means；books-about-books,3
31,favorites,1
34,fantasy,1
36,arc；fantasy；historical-fiction,3
38,fantasy；read-on-audio,2
39,2024；adultish；magic-and-other-magical-substances,3
42,fantasy,1
43,2022,1
46,adult-fiction；fantasy；very-much-yes,3
48,audio；overdrive,2
51,fantasy；favorite；good-romance,3
52,all-time-favorite-books；my-all-time-favorite-characters；reviewed,3
60,fairytale-folklore；fantasy；historical,3
62,2023-release；arc；fantasy,3
65,2023-releases；fantasy；favorites,3
68,aardvark-book-club；adult-fiction；animals-rabbits,3
69,fantasy；sf-fantasy_bookclub,2
70,netgalley,1
71,audiobooks；set-in-ireland,2
73,historical-fantasy-x1f570；winter-fantasy-book-recs,2
74,2023；fantasy；favorites,3
78,fantasy；historical-fiction；ya,3
80,2023-favourites；fantasy；highly-recommend,3
81,adult-fiction；animal-companions；book-lovers-only,3
82,fantasy；historical-fiction；young-adult,3
89,dark-academia；fantasy；historical-fiction,3
90,2023-reads,1
92,2023-bought；scifi-fantasy,2
99,2023-releases；e-book,2
101,read_in_2023,1
103,netgalley,1
104,magical；ya-mystery；young-adult,3
106,arcs；audio-books；fantasy,3
107,arcs；netgalley；owned,3
114,netgalley,1
117,aardvark-picks,1
120,audiobooks；fantasy；historical-fiction,3
121,fantasy,1
126,arcs；fantasy；fiction,3
144,2024；audiobook,2
147,2023,1
148,family；fantasy；read-in-2023,3
151,action-adventure-thriller；fantasy；gothic,3
152,fiction；historical-fiction；own-paperback,3
155,fantasy；historical；library-audio,3
159,adult-fiction；coming-of-age；fantasy,3
165,2023-books-i-read；adult-fiction；owned-audiobook,3
171,audio-book；ky-book-club；popsugar-2024,3
173,adult；audiobooks,2
179,ya,1
184,adult-slow-burn-character-driven；top-10,2
187,audiobook,1
188,2023-books；5-stars；books-i-own,3
192,books-i-own,1
199,2023-reads；magic-love-and-stars,2
202,2022-reads；2023-reads；arc-giveaways,3
203,2023-arc；2023-release；adult-fantasy,3
205,fantasy-adult,1
208,fantasy,1
209,arc；solid-ya-fantasy；stand-alone,3
210,fantasy-scifi；historical,2
212,2023-releases；audiobook；fantasy-historical,3
215,netgalley,1
217,pretty-fantastic,1
220,2023-favorites,1
224,arcs,1
228,audioreads；awesome-audio-narrator；genre-fantasy,3
230,fantasy,1
232,fav-books-eva,1
235,2023-books,1
238,fantasy,1
241,2023；2023-net-galley-challenge；arcs,3
243,coming-of-age；fantasy；favorites,3
245,2023,1
246,2023-releases,1
250,sff,1
252,2023-releases；adult；arcs,3
253,fantasy,1
254,2023-reads；magic,2
255,2023；audiobook；fantasy,3
256,arcs,1
259,fantasy；historical-fiction；urban-fantasy,3
263,april-2023,1
265,2023-book-challenge；fantasy,2
269,2023-goodreads-challenge；publisher-physical,2
271,audio；fantasy,2
273,fall,1
280,fantasy-sci-fi,1
281,favourites-2023；reviewed,2
283,read-in-2024,1
288,fantasy；fiction；historical-fiction,3
292,2023-reads；alternate-realities；strong-women,3
296,historical-fantasy；suggested-reading,2
297,2024；fantasy；my-books,3
298,botm-2023；botm-2023-challenge,2
