Row,Tags,Tag_Count
0,2023；fantasy；young-adult,3
2,physically-own,1
3,cover-love；fantasy-sci-fi；released-2023,3
6,most-anticipated,1
12,beasts-monsters-demons；curses-betrayals-plot-twists；fae-is-bae,3
13,fae；fantasy；read-in-2023,3
14,fantasy,1
15,2023-releases；booktok-made-me-do-it；disappointed,3
16,holly-black；paranormal-supernatural；reviewed-books,3
17,4-fantastic-stars,1
18,annoying-af-characters；fantasy-romance；meh,3
19,2-stars-wanna-scratch-my-eyes-out；books-read-in-2023；chemistry-nowhere-to-be-found,3
20,best-reads-2023,1
21,3-stars；eh；fantasy,3
22,audiobooks,1
23,2023-releases；drama；fairies-fae,3
24,fantasy；fav,2
25,never-again,1
26,owned,1
27,anticipated-books；owned；priority-tbr,3
28,high-fantasy；ya-fantasy,2
31,2023-anticipated-releases；3-star；annoying-main-characters,3
32,2023,1
33,young-adult-fantasy,1
34,audiobooks；urban-fantasy,2
36,read-in-2024,1
41,favorite；plot-twist-ending；recommended,3
42,fantasy；ya,2
43,fantasy；ya,2
44,2023；fantasy；ya,3
46,actually-gray-characters；fantastic-fae；stock-side-characters,3
47,fantasy；home-library；illumicrate-fairyloot-special-editi,3
48,epic-fantasy；romance；ya,3
49,2023-favourites；owned-books,2
50,2023-favorites；anticipated-2023；fantasy,3
51,2023-releases；faeries；fantasy,3
52,fae-hehehe；fantasy；ongoing-series,3
53,2024-favs；buddy-read；folk-of-the-air-series,3
54,fae；owned-p；owned-tbr,3
55,2023-reads；fantasy；favorites,3
57,2023-3-stars,1
58,awwwwww；ayyyyy；books-to-buy,3
69,4-stars；enemies-to-lovers；fantasy,3
70,books-i-own,1
71,2023-publication；all-time-favourites；books-i-own,3
73,most-anticipated-2023-releases；read-books-i-own,2
74,fantasy-scifi,1
76,10s-the-books；badass-women；book-boyfriends,3
77,audiobook；borrowbox；faeries-fae-and-elves,3
79,genre-action；genre-fantasy；genre-young-adult,3
80,buddy-reads；can-i-throw-this-person-off-a-cliff；disappointing,3
82,fantasy；holly-black,2
86,fae；fantasy；young-adult,3
87,dnf,1
89,2023-favorites,1
94,a-2023-most-anticipated-releases；a-2023-releases,2
96,read-in-2023,1
98,fae；fantasy,2
100,fantasy,1
101,fantasy；favorites；hardcopy,3
102,2023,1
103,fantasy；fiction；young-adult,3
104,physical-bookshelf,1
105,everyone-loved-but-me；fae-fairies；fantasy,3
106,badass-mc；fae；fantasy,3
107,boys-that-i-might-leave-bf-for；fantasy；jaw-dropping,3
108,fantasy；young-adult,2
109,3-stars；fantasy；owned,3
111,books-i-own；fae；fantasy,3
113,reviewed,1
115,love-love-love；series-to-finish,2
117,most-anticipated-books-of-2023,1
118,fantasy；i-actually-own-these；my-fav,3
121,2023；owned,2
123,2024-reads；3-stars-౨ৎ；fantasy,3
125,fantasy,1
128,2023-releases；own；read-2023,3
129,fantasy,1
131,2023-reads；books-i-want-to-reread；fantasy,3
133,fairytales；fantasy；own,3
135,fantasy,1
136,2023；fantastyka；ya,3
138,books-to-reread-if-i-get-amnesia；hottest-characters,2
140,fantasy；hard-copy-reads；own-in-hard-copy,3
141,fantasia；lecturas-2023；romance,3
142,favorites；trash-for-this,2
144,enemies-to-lovers；fantasy；grumpy-sunshine,3
146,fantasy,1
147,2023；christine-s-read,2
150,enemies-to-lovers-cat-fishing,1
152,fantasy；young-adult,2
154,2023-reads；audiobook；ya-sff,3
157,fantasy；give-this-book-to-me-now；young-adult-books,3
158,2023-faves；family-dynamics；fave-protagonists,3
162,all-time-favs；booktok-recs；fae,3
165,favorites,1
166,march,1
167,fantasy；romance；young-adult,3
170,fantasy；ya,2
173,bookbeat,1
174,fantasy；favorites,2
176,books-i-own；fantasy；favorites,3
177,4-star；audiobook；badass-fmc,3
180,3-star-books,1
182,3-star；fantasy-read,2
183,2023-anticipated-release；faerie-folk；fantasys-aka-my-ultimate-fave-genre,3
184,coming-of-age；epic-fantastical,2
186,books-i-own,1
190,fantasy,1
193,2023-releases；ya-fantasy-to-read,2
194,fantasy,1
195,anticipated-reads-of-2023；book-bf；cute-romances,3
196,najlepsze-z-2023；współprace,2
200,read-reviewed-2023,1
201,fantasy；tiktok-made-me-do-it；we-were-friends-until-we-weren-t-an,3
203,fine-fours,1
204,2023-releases；completed-series；reviewed-2023,3
206,2023-releases；books-i-own；highly-recommend,3
207,bookshelf,1
210,read-in-2023,1
221,2023-reads；e-books；fantasy,3
229,fantasy；young-adult,2
230,fantasy；forever-fave,2
231,fantasy,1
236,2023-releases,1
239,2023,1
241,fantasy；physical-books-i-own,2
242,fantasy-i-have-read,1
243,2023；me-encantó,2
246,my-bookshelf,1
248,super-excited,1
252,favourite,1
253,bought,1
255,read-as-ebook,1
261,2023-releases；fantasy；on-app,3
262,favorites,1
264,1st-in-series-to-be-completed；fantasy；read-in-2023,3
265,mam-na-półce,1
268,favorites,1
269,read-in-2023,1
270,2023；fantasy；on-hold,3
275,ending-has-me-in-shambles；kicking-my-feet-n-squealing；t-friends-to-enemies-to-lovers,3
277,buddy-reads；love-love-love；my-best-reviews-hehe,3
284,2024；dnf,2
287,audience-young-adult；format-audiobook；genre-fantasy,3
291,i-think-about-these-everyday,1
292,faes；magic；paranormal,3
294,anticipated；library-tbr,2
296,fantasy-fiction,1
299,2023；fantasy；favourites,3
