Row,Tags,Tag_Count
0,sapphic-fantasy；south-american-fantasy；venezuelan-authors,3
4,arcs,1
7,fantasy-magical-realism；latinx-hispanic；queer,3
8,arc；ebook-owned,2
9,venezuelan-authors,1
21,2023-releases；adult；fantasy,3
24,arcs；books-i-reviewed,2
26,netgalley,1
27,2023；latinx-reads,2
29,netgalley-arcs；not-for-me,2
32,arcs,1
33,illumicrate；read-2023；read-physical-owned,3
34,advanced-reading-copy；bipoc-author；lgbtqai-protagonists,3
35,dnf；illumicrate-and-fairyloot；not-reviewed-2024,3
38,will-read,1
39,dystopian；fairy-tale；fantasy-paranormal,3
41,audio-library；historical-fiction；kissing-books,3
42,fantasy-i-read；netgalley-arc,2
43,2023-read；adult-novels；arcs-received,3
44,best-lgbt；diverse-sff；latine-author-and-characters,3
45,adult；arcs；fairy-tales-fables-and-retellings,3
46,2023-most-anticipated,1
53,fantasy,1
54,reviews,1
58,arcs-finished；audience-adult；format-ebook,3
59,arc,1
61,nates-queer-recs,1
65,arcs-or-review-copies；book-box；read-in-2023,3
67,arc；auth-f；bipoc-actor,3
68,net-galley,1
69,2023-reads,1
70,2023,1
71,fiction；illumicrate；netgalley,3
73,fantasy；illumicrate；queer,3
74,bad-books；fantasy-scifi；queer,3
75,2023-releases；adult-fantasy-by-women-nb,2
76,2024-books；queerly-beloved-book-club,2
80,arc；favorites,2
81,2023；arc；fantasy,3
82,audiobook；illumicrate；physical-copy,3
84,2023-releases；adult-fiction；author-of-colour,3
85,netgalley；sub-box,2
88,best-2023,1
90,2023-books-i-read；adult-fiction；library-book,3
98,2023；arc；favourites,3
99,2023,1
100,books-i-own；my-special-editions,2
101,fantasy；netgalley,2
103,arc；illumicrate,2
104,fantasy；proofs；sapphic,3
110,favorites,1
112,dnfed,1
114,fantasy；netgalley,2
116,adventure；fantasy；female-leads,3
118,arcs-i-have,1
120,netgalley,1
121,2023-release；dnf；series-won-t-finish,3
122,disappointing；dnf；e-arcs,3
131,2023-releases；illumicrate；net-galley,3
132,netgalley,1
134,2023；adult；arc,3
135,books-that-feel-like-tpw,1
136,net-galley,1
141,2023-release；audio；fantasy-sci-fi,3
142,2023,1
143,favorites,1
151,netgalley-reviews,1
153,dnf；illumicrate-edition,2
154,21st-century-fiction；bought2023；fantasy,3
155,author-latinx；genre-fantasy；releases-2023,3
156,arc；books-i-own；netgalley,3
160,also-have-audio；also-have-hardcopy；giveaways-arcs,3
161,2023-reads；arcs,2
162,adult-adult-fantasy；illumicrate,2
165,2023-sff-releases,1
167,netgalley,1
171,21st-century；adult；debut,3
174,arcs；wanted-to-like-it,2
176,own,1
177,adult；fantasy；lgbt,3
179,arc-alc；fantasy；fiction,3
184,2023-releases；audiobook；fantasy,3
187,dnf,1
190,arcs；netgalley,2
192,2023-releases；e-book,2
193,dnf；non-western-fantasy；queer-spectrum,3
194,2023-anticipated-reads,1
195,step-into-fantasy-book-club,1
200,2024-challenge-books；kindle-reads；netgalley-arcs,3
203,fantasy；netgalley,2
205,arc-s；netgalley,2
207,fantasy,1
212,did-not-finish,1
213,100-in-2023；non-western-fantasy,2
216,arc；fantasy；netgalley,3
223,netgalley,1
226,2023-reading-challenge；lgbtq,2
230,netgalley,1
232,fantasy,1
234,fantasy；historical；lgbtq,3
240,queer-rep；spooky-season-reads,2
241,cloud-library,1
242,audio；fantasy；lgbtq,3
243,fantasy；love-stories；new-adult,3
250,keplar-book-club,1
256,illumicrate,1
258,audio,1
259,dnf,1
262,want-to-read-sequel,1
275,best-of-2023,1
280,2023-july-dec；dnf；not-white-dudes-shelf,3
282,lgbtqa；magical-fantasy,2
287,net-galley-arcs,1
291,2023；arcs,2
294,arc,1
295,2024-read-your-shelf-completed；book-box-2023；book-box-illumicrate,3
296,bookshelf；epub-arcs；illumicrate,3
297,2023,1
298,high-fantasy；netgalley；special-editions,3
