Row,Tags,Tag_Count
0,favorites；self-published-and-indie,2
1,2023；coming-soon；fantasy-frenemies,3
2,2023-releases,1
3,adult；audiobook；book-subscription-box,3
8,comfort-reads；favorites,2
10,2023-read；audiobook；fantasy-or-science-fiction,3
11,fantasy,1
20,2020-29；2023；3-star,3
21,on-pause,1
23,fantasía-paranormal-sobrenatural,1
24,ebooks；read-in-2023；tenho,3
26,jan2023,1
29,action；adventure；high-fantasy,3
30,brandon-sanderson；physical-owned,2
34,2020s；fantasy；read-2023,3
41,2023；brandon-sanderson；fantasía-épica,3
42,fantasy,1
44,2-star；2023-anticipated-releases；disappointing,3
45,comfort-reads；fantasy；girl-power,3
47,audiobook；fantasy,2
49,2023-reads；4-5-stars；awesome-audio,3
50,fantasy-epic-high；kidnapped；pirates,3
51,book-of-the-month；paginas-2023；tendencias-2023,3
54,brando-sando；fantasy,2
55,fantasy,1
56,epic-fantasy,1
57,0；bought-2023；owned,3
60,2023,1
61,fantasy；fiction-favorites；pirates,3
62,2023,1
63,05-stars；ad-sf-fantasy；all-time-favorites,3
65,brandon-sanderson；childrens-books；fantasy,3
66,libro-fm-library,1
70,bubbling-under-5-stars；i-am-so-smart-smrt；my-inner-feminist-cries-with-joy,3
71,ya-fantasy,1
72,brandon-sanderson,1
74,2023-reads,1
75,fantasy；fantasy-cozy,2
76,owned-ebook；owned-physical；x-2021-finished,3
81,llegits-2023,1
82,fantasy；hidden-treasures；read-in-2024,3
83,books-i-own；read-in-2023；reviewed,3
84,2023-books；all-time-favorites；fantasy,3
85,read-in-2024；read-kindle,2
86,fantasy；man-author,2
89,2024-favourites；adult-fantasy；animal-companion,3
90,5-stars；danny-faves；reread-tbr,3
91,kindle；physical-book；x_2023,3
92,2023；cosmere；digital,3
93,2023-reads；e-books；fantasy,3
95,favorites,1
97,fantasy；sanderson,2
98,fantasy；kindle；tiene-dragones,3
104,5-stars；brujas；con-gatos,3
106,ciencia-ficción-y-fantasía,1
108,author-sanderson；own-audible；own-hardcover,3
109,2023-anticipated-release；cosmere-world；fantasys-aka-my-ultimate-fave-genre,3
112,rezensionsexemplar,1
113,2023；bff-book-club,2
115,adult-sff；animal-companion；cosmere,3
117,a-adult；f-kindle；read-in-2024,3
118,bookshelf；e-books,2
119,a-4-stars；b-young-adult；c-stand-alone,3
121,audiobooks；cosmere；cozy,3
123,audiobook；bargain；books-collected-in-2023,3
127,audiobook,1
128,favoritos,1
131,audiobooks；audiobooks-2023；fantasy,3
132,adventure；american-authors；aty-in-52-books-2023,3
133,brandon-sanderson；fantasy,2
135,favourites,1
137,fantasy；favorites；romance,3
142,fantasy；favorites,2
147,2023-favorites；couldnt-put-down,2
151,favourites,1
154,fantasy；reviewed,2
155,brandon-sanderson；fantasy-books；fantasy-books-standalone,3
156,favorites-all-time,1
159,audiobook；fantasy,2
162,2023；2024；favorites,3
163,2023；books-i-recommend；fantasy,3
167,2023_books；2023_popsugar,2
170,2023-favorites；omg-that-writing；quest,3
173,cosmere；fantasy,2
175,cover-appreciation；cute-cute-cute；diverse,3
177,popsugar-2024,1
178,epic-fantasy；fantasy；favourites,3
179,ebook；favorites；read-in-2023,3
181,read_in_2023,1
182,5-star-reads；books-i-own；cover-love,3
185,2023；fantasy,2
189,abduction；animals；coming-of-age,3
194,autores；brandon-sanderson；fantasia,3
196,favorites,1
205,2023；audiobooks；ebook,3
206,read-list-2023,1
208,2024；reto-épico-y-mágico-2024,2
209,2023-reads；5-stars；adult-fantasy,3
213,2023,1
214,2023；audiobook；cosmere,3
215,fantasy；fiction,2
216,leídos-2023；popsugar-2023,2
217,audio,1
219,0-repeat-author；1-bought；2-first-books,3
220,ebooks,1
221,fantasy,1
224,2024,1
225,cuentodehadas-o-similar；magia,2
227,ebooks；fantasy；favorites,3
229,fantasy；favoritos,2
234,fantasy-books；top-top-top-favs,2
237,fantasy；great-reads,2
240,stand-alone,1
241,fantasy,1
243,fantasy；high-epic-fantasy,2
244,buddy-reads；favorites,2
247,2023-tbr,1
248,audiolibro；read-2023,2
250,fantasy；favorites,2
252,childrens-middle-grade；fantasy,2
256,cosmere,1
262,9-point-5-or-higher；scifi-fantasy,2
263,fantasy；youth-young-adult-fiction,2
266,sanderson,1
267,fantasy；favorites；keepers,3
268,2023；ebooks；favorite,3
270,read-in-2023,1
274,arc-ebook；audiobook；audiobook-to-read,3
275,next；physical-copy,2
276,2-fantasy-sci-fi,1
284,favourite-books,1
287,2023-tbr；cover-love；own,3
288,2023-novels-read；je-ne-sais-quoi,2
289,books-i-own-read,1
296,fantasy-fantastic,1
299,cafetería-audrey；favorites,2
