Row,Tags,Tag_Count
1,favorites,1
5,2023-releases,1
12,looking-to-buy；looks-interesting,2
14,2023-arc；pre-ordered,2
16,2023-tbr；fantasy；lgbtq,3
17,auth-f；dragons；sf-f-h,3
22,acearo-queer,1
27,2023-read；disability-rep-chronic-pain；mental-illness-anxiety,3
30,library；unfinished,2
33,2023-debuts,1
38,2023-looks-good；got-an-arc,2
39,adult；fantasy；lgbtqia,3
42,2022,1
44,read-2023,1
46,ebook；library,2
47,fantasy,1
52,adventure；dragons；fantasy,3
56,physical,1
59,fantasy；lgbtqia-characters-author,2
60,fantasy；old-protagonists,2
62,arc；fantasy；lgbt-characters,3
63,arcs,1
64,aging；fantasy；fiction,3
65,disability-reads,1
66,dnf,1
67,fantasy-sci-fi；feel-good；lgbtqia,3
70,3-stars；fantasy,2
71,published-in-2023；r-fantasy-2023-bingo,2
76,scifi-fantasy-book,1
88,fantasy,1
92,urban-fantasy,1
93,once-was-enough,1
99,read-fantasy,1
101,didn-t-like-much；dragons；library,3
106,2023-releases；library；physical,3
108,2slgbtq-author；comfort-reads；fantasy-scifi,3
110,fantasy-and-sci-fi；female-authors；fiction,3
111,fantasy,1
113,e-book-library,1
115,fantasy,1
117,lgbtqia,1
118,dragons；fantasy；fiction,3
121,disability-representation；lgbtq-representation；racial-diversity,3
123,dragons；funny；lgbtq,3
124,read-2023,1
128,2023,1
132,library,1
135,asexual-character；gay-character；modern-fantasy,3
142,h,1
146,cozy-fantasy；favorites；recommend-adult,3
148,strong-female-characters,1
149,fantasy；magical-realism；war,3
151,fantasy；humor；lgbtqa,3
161,fiction；queer,2
163,refused-to-finish,1
164,omg-my-friends,1
171,favourites,1
179,cozy-fantasy；senior-protag,2
183,2023-reads；bookshelf,2
187,dnf,1
193,book-list-2023,1
196,fantasy,1
197,read2023；specfic,2
198,arc；for-review,2
199,2023-reads；arcs-from-pubs；lgbtq2ia,3
