Row,Tags,Tag_Count
0,2023-debuts；hapa-authors；mystery-thriller,3
2,arcs-read,1
6,arc；ebook-owned,2
8,2023；from-library,2
9,2023；2023-netgalley-reads；dystopian-fiction,3
10,2023；arc；audio-book,3
12,2023-favorites；arcs,2
13,223-in-2023；action-adventure；artificial-intelligence,3
16,off-world；scifi,2
17,sci-fi,1
18,2023-read；arcs；dystopian,3
19,arc,1
20,science-fiction；stand-alones,2
23,audiobooks；class-gender-race；friendship-and-siblinghood,3
25,6-not-my-cup-of-tea；disappointing-reads；lgbtqia,3
26,authors-of-color；fem-author；lgbtqia-mc,3
27,arc；read-2023；science-fiction,3
30,favorites,1
31,cant-tell-if-ya-or-not；read-in-2023；sci-fi,3
32,audiobooks,1
36,cover-love；fem-asian-authors；hyphenated-asian,3
37,2023；crime；kindle,3
38,aapi-asian-south-southeastern；bipoc-author；mystery,3
40,read-twice-or-more,1
44,adult；authors-of-colour；mystery,3
47,arcs-read；generic-uninspired-fantasy-books,2
48,audiobook；netgalley；science-fiction,3
49,2023-read；4-star；fantasy-and-scifi,3
52,netgallery,1
55,audiobook；favourites；lgbtq,3
57,sci-fi-dnf,1
60,arc-s-netgalley-and-edelweiss,1
61,netgalley,1
62,asian-culture；futuristic；space-sci-fi,3
66,audiobook,1
67,2023；favorites；read-for-review,3
68,arcs；audio,2
74,mystery-thriller；science-fiction,2
75,netgalley,1
82,diversity；science-fiction,2
83,3rd-person-past；adult-fiction；authors-of-color,3
86,sci-fi,1
87,2023-release,1
88,contemporary；fiction；science-fiction,3
89,debut；science-fiction；space,3
91,2023_all-reads；2023_climate；2023_ecotage,3
94,did-not-finish,1
97,2023releases；bipoc-authors,2
99,audiobook；mystery；sci-fi,3
101,dnf,1
102,activism；adventure；biology,3
103,cli-fi；eco-sci-fi；generation-starship-novels,3
104,sf,1
106,added-in-2023,1
107,macmillan-audio-arcs,1
114,beautiful-illustrations-and-cover；mystery-thrillers；science-fiction,3
117,giveaways,1
118,20-books-by-asian-women；2023；bipoc-debuts,3
121,adult；lgbtqia；sci-fi,3
122,sci-fi-fantasy；thriller,2
123,own,1
124,what-i-read-2023,1
125,added；death-of-a-child；infertility,3
127,fiction,1
130,2023；arc；sci-fi,3
131,recommend；sf,2
132,unowned-unread,1
134,favorites,1
135,netgalley,1
137,5-stars,1
138,audiobook；n-sarah-skaer；sci-fi,3
139,asian-books；disability-rep；favorites,3
143,giveaway,1
145,science-fiction,1
148,arc；science-fiction,2
152,science-fiction,1
157,couldn-t-finish,1
158,audiobook；sci-fi；ya,3
159,2023-books-read；audiobook；science-fiction,3
165,arcs；netgalley,2
167,2023-release；aoc；apocalypse-dystopia,3
171,artificial-intelligence；birds；coming-of-age,3
172,2023,1
173,advanced-copy；mystery-thriller；sci-fi,3
174,netgalley,1
176,lgbt；mystery；psychological-thriller,3
177,audiobook,1
180,audiobook；fantasy-scifi；fiction,3
182,fiction；library-rental-audiobook；mystery,3
183,2023-anticipated-reads；arc；goodreads-giveaway,3
184,2024-hugo-eligible；science-fiction；space,3
185,2023,1
187,mystery；netgalley；science-fiction,3
194,best-sff；laaadies,2
198,2023；2024,2
208,audiobook；scifi,2
213,2023；female-author；sci-fi,3
215,audiobook；queer-reads,2
216,science-fiction-fantasy,1
220,audiobook,1
224,favs,1
225,2023；science-fiction,2
226,2023,1
228,2023；science-fiction；thriller,3
230,dnf,1
232,fiction；science-fiction,2
234,2023-novels-read；netgalley,2
236,science-fiction,1
240,adult；sci-fi,2
245,2023,1
247,book-club-potentials,1
249,z_2023；z_locked-room_z；z_murder-mystery_z,3
251,2023-reads；2023-release；adult,3
253,2023,1
257,all-time-favs；science-fiction,2
258,audiobook；bury-me-with-these-books,2
259,2024；audiobooks；author-poc,3
265,audiobooks；booktube-rec,2
269,adult-titles；debut-author；science-fiction,3
271,sci-fi-recs,1
274,2023；audiobook；mystery,3
277,2024-reading-goals；sci-fi-post-apocalytpic,2
280,netgalley,1
283,listened-as-audio；read-as-an-arc,2
288,2023,1
293,audiobook；library-books,2
