Row,Tags,Tag_Count
0,beautiful-cover；dnf-skim-finish；fantasy-all,3
1,netgalley,1
2,arc；audiobooks；libby,3
3,fantasy,1
4,2023；arc；contemporary,3
5,2023；2023-netgalley-challenge；audio-book,3
6,2023-read；alternate-history；arcs,3
7,2023-release；adult；anticipated,3
9,2023-reads,1
13,fiction；netgalley；netgalley-audio,3
14,1-in-a-series；audiobook；fantasy,3
17,audio-books,1
18,2023；audiobooks,2
20,2023-reads；dragon；fantasy,3
21,asian-author；fantasy；group-book-read,3
24,amazing；audio-book,2
25,book-club,1
31,arcs-read；giveaways,2
35,asian-lit；fantastic-fantasies；netgalley-reads,3
36,netgalley,1
41,adult；fantasy；fantasy-elements,3
42,arcs；audio,2
43,authors-of-color；dragons；urban-fantasy,3
49,2023-releases,1
51,arc-read-2023；owned；read-the-bookshelf-2023,3
52,2023-releases,1
55,sci-fi-fantasy,1
58,fantasy,1
63,fantasy；favorites,2
71,netgalley-arcs,1
72,netgalley-2023,1
76,2023-challenge-books；fantasy；kindle-reads,3
77,netgalley,1
85,fantasy,1
97,alternate-world；california；netgalley,3
99,fantasy,1
105,supernatural；urban-fantasy,2
111,netgalley-arc,1
114,fantasy；poc-author；poc-protagonist,3
116,audiobook；did-not-finish；paused,3
123,fantasy,1
126,arc；fantasy,2
128,alternate-reality；crime；family-centric,3
129,b2weird-bookclub；bipoc-adult-fantasy,2
133,fantasy；new-adult,2
134,e-book,1
135,uf,1
139,fantasy；fiction；urban-fantasy,3
140,2023；arcs-alcs-finishedcopies；i-should-ve-dnfd,3
144,2023；arcs,2
147,netgalley,1
155,asia；bipoc-author；fantasy,3
156,contemporary；fantasy,2
157,netgalley,1
159,arc；magic；urban-fantasy,3
160,fave-2023-reads,1
162,arc,1
164,netgalley,1
166,own,1
171,demons；fantasy；urban-fantasy,3
173,netgalley,1
180,arc-reviews,1
182,read-in-2023,1
185,finished-netgalley-arcs,1
189,fantasy；fiction,2
190,fantasy,1
192,giveaways,1
194,urban-fantasy,1
197,contemporary；quotes-pulled；reviewed,3
198,2023-books-read,1
201,2023；audio；fantasy,3
202,2023,1
205,2023-releases；adult；arc,3
206,bipoc；contemporary；fantasy,3
207,giveaway-wins,1
208,action；cult；disaster,3
210,1-or-2-dimensional-characters；bad-decisions；compassionate-heroine,3
213,asian-fantasy,1
214,fantasy；urban-fantasy,2
217,series-to-read,1
218,novel,1
224,asia；china；fantasy,3
225,fantasy；urban-fantasy,2
228,libby,1
232,i-gave-up,1
233,dnf,1
235,audiobook；did-not-finished,2
247,0-2023-read；109-supernatural,2
253,did-not-finish,1
257,urban-fantasy,1
259,urban-fantasy,1
262,arc；audiobooks；ownvoices,3
263,netgalley,1
264,asian-fantasy；fantasy；urban-fantasy,3
265,2023；adrenaline-filled-thrill-ride；adult-swim,3
266,4-star-reads；bamf-ladies；giveaways,3
267,audio；fantasy；giveaways-and-arcs,3
269,arc；audiobook；netgalley,3
271,2023-reads；b2weird；fantasy,3
272,2023；fantasy；fin,3
277,netgalley,1
278,action；adventure；fantasy,3
279,avoid-at-all-costs,1
