Row,Tags,Tag_Count
1,horror；nature-themes；net-galley,3
2,advance-listening-copy；audiobook；gothic-fiction,3
3,mystery；paranormal,2
5,netgalley-2023,1
6,from-publisher-or-author；october-is-spooky；oh-no-biiiiiiirds,3
7,arc；ebook-owned,2
8,0-audiobooks；horror,2
10,gothic-horror,1
11,good-fat-rep,1
12,adult；arc；horror,3
13,adult-books-read；fantastic-fabrications；gothic-grotesqueness,3
14,supernatural-vibes；thank-you-next,2
16,american；contemporary；horror,3
17,horror；netgalley,2
19,audiobook,1
20,2023；horror,2
21,2023；arc；audiobook,3
22,arcs-read,1
23,horror,1
25,feathered-friends；horror,2
27,horror,1
29,2023-books；horror,2
32,2023-tbr；adult；animals,3
34,2023-releases；arcs；horror,3
35,dnf-cuz-nobody-got-time,1
38,arc；books-i-own；compulsive-read,3
39,2023；horror；library-book,3
42,gothic；horror,2
43,arc；dark-fiction；net-galley,3
45,2022-read；arcs；fantasy,3
47,mar2023,1
50,2023-reads；4-5-stars；chick-i-want-to-hang-out-with,3
52,2022；from-publisher-or-author；horror,3
53,2023-releases,1
55,fantasy；horror,2
58,audiobook-own；g-gothic；g-horror,3
59,4-stars；animals；contemporary,3
60,netgalley,1
61,2023；paranormal；waste-of-time,3
62,6s；horror；meh,3
64,2023-pub；2023-read；family-drama,3
65,audio-books；ghosties-haunted-house；library-books,3
66,audiobooks；from-publisher；horror,3
67,2023-releases；horror；renée-recommends,3
69,arc-provided-by-publisher；horror,2
71,fantasy,1
72,audiobook；horror,2
74,books-read-2023；fantasy-and-sf；halloween-bingo-2023,3
75,2023；3-plus；5-star-predictions,3
76,1-star,1
79,ghosty；gothic；horror,3
80,addictive；cozy；gothic,3
81,family；fantasy；fiction,3
82,2023；horror,2
83,contemporary；horror；library,3
86,bbw-heroine；cozy-horror；family-legacy,3
87,2023；contemporary；gothic,3
89,read-in-2023,1
90,arcs-and-galleys；gothic；horror,3
91,fiction；popsugar-challenge-2023,2
93,2023-release,1
96,horror；ms-magazine；netgalley,3
97,netgalley-2023,1
98,bad-moms-club；best-of-2023；haunted-houses,3
100,hauntings-ghosts-and-the-paranormal；horror,2
102,2-star-reads,1
105,2-stars；adult-horror；owned-read,3
107,2024-reads；horror,2
109,2023,1
110,2023；2023-netgalley-challenge；audio-book,3
111,arc-s-netgalley-and-edelweiss；horrororor,2
112,2023_books；netgalley,2
114,april-2023；written-by-women,2
118,horror,1
120,2023；gcac_2024；horror,3
121,horror,1
122,2022,1
124,2023-books；netgalley-arc,2
126,2023；fiction；horror,3
127,arc,1
134,reviewed；reviewed-2023,2
135,adult；contemporary；fantasy,3
136,love,1
137,arc；haunted-houses；horror,3
141,2023-read；4-star；contemporary-fiction,3
142,all-creatures-great-and-small；animal-besties；be-curious,3
143,horror,1
144,horror,1
145,all-parents-damage-their-children；creepy-vibes；family-drama,3
148,chick-lit；comedy；disappointing,3
149,horror-paranormal,1
151,gothic；horror；southern-fiction,3
152,2023；creepy；horror,3
154,2023；books-i-recommend；horror,3
156,audio；thriller,2
157,horrorish,1
160,supernatural,1
162,1-star-hated-it；dnf；forgettable,3
163,arc；egalley；horror,3
164,funny；horror,2
171,fiction；horror；paranormal-supernatural,3
173,read-in-2023,1
176,gothic；life-and-death；myths-and-folklore,3
177,delightful；doorway-people；doorway-place,3
178,audiobook；bechdel-yea；boo-it-s-a-ghost,3
180,horror-fiction；read-in-english,2
185,2023-reads,1
186,2023,1
187,audio；horror；ibook,3
189,arc,1
190,fantasy-horror,1
191,2023-booklist；covers-i-love；fantasy,3
192,arc；kindle；netgalley,3
193,2023；horror,2
195,a-novel；dnf；stand-alone,3
196,archives；horror,2
197,2023-releases；horror,2
202,audio；gothic；southern,3
206,4-stars；i-borrowed-audio；location-small-town-rural,3
211,0-1st-person-her-pov；2023；creepy-in-real-life,3
212,good-but-not-great,1
216,read-2023,1
218,gcac-2024,1
221,horror,1
222,2023-reads；fantasy；horror,3
223,horror,1
224,no-no-no；not-feeling-it；paranormal-supernatural,3
225,adult-fiction,1
227,2023；adult；arc,3
228,arcs；netgalley,2
229,fiction；novellas-short-stories-and-poetry,2
233,dark-magic；family；fantasy,3
234,audience-adult；feelings-atmospheric；feelings-made-me-smile,3
235,2023；fantasy；horror-good-grief,3
237,audiobook；july-2023-reads,2
239,edelweiss-or-netgalley；horror,2
241,netgalley-arc；tor,2
242,fiction,1
247,spooktober-2023；thriller-horror,2
248,fantasy；low-fantasy；mystery-thriller,3
249,horror,1
250,goodreadschoice2023,1
251,2023-releases,1
252,gr-awards；recent,2
255,2023；fantasy；horror,3
264,2023,1
265,2023-releases；fiction；gals,3
270,2023-release；fantasy；horror,3
277,audio-books；fantasy；horror,3
278,listened-to-the-audiobook；zread-in-2023-books,2
283,my-library,1
284,mystery-thriller-horror；will-read-anything-they-write,2
287,2023-releases；e-book,2
294,2023；owned,2
298,2023；audiobook；gothic,3
