Row,Tags,Tag_Count
4,arc-giveaway-freebie；family-domestic-drama；fiction,3
7,horror,1
8,2024-faves；lgbtq,2
10,5-stars-perfect；ambiguous-ending；audio-book,3
11,audiobook；horror；paranormal,3
13,arcs-read；pride-month,2
14,horror；lgbtq；literary-horror,3
15,borrowed,1
17,2023；lgbtq,2
18,horror；lgbtq-sff；purchased-discount-or-free,3
19,2023；2023-netgalley-challenge；direct-from-publisher,3
22,added；blood-and-gore-depiction；child-abuse-and-neglect,3
23,psyche-psychology；vampires-nosferatu,2
24,favorites-2023；july-2023,2
26,2023-reads,1
28,audio；libro-fm；spooky-and-horror-alike,3
31,5-star-reads,1
32,read-2022,1
34,arc-reviewers-copy；fiction；has-a-bunch-of-jerks-in-it,3
38,books-i-ve-reviewed,1
48,horror-mystery-thriller；the-infinite-library,2
50,2023；read-for-review,2
51,bad-moms-club；dysfunctional-family；horror,3
60,my-library,1
64,kindle-read,1
65,library,1
68,favorites,1
73,library,1
76,female-author；fiction；lang-en,3
77,family-drama；horror；netgalley,3
79,horror；june-2023；review-copy,3
82,arc；audio；vampire-or-vampire-adjacent,3
84,2023-releases；diverse-reads；fantasy-sci-fi,3
85,2023；netgalley；netgalley-2023,3
90,f-f；horror；lgbtqia,3
92,books-i-own-that-i-ve-read；four-star-books；glbt,3
96,listened-as-audio；read-as-an-arc,2
101,arcs；own,2
105,2024；2024-favorites；favorites,3
106,read-2024,1
111,favorites,1
117,2024-winter,1
118,horror；vampires,2
124,dnf-not-for-me；fiction；horror,3
128,2023-anticipated；adult-fiction；arc,3
129,2023-horror-read,1
131,macmillan-audio-arcs,1
134,arcs,1
142,2024；absolutely；adult-fiction,3
145,angry-sad-girl-books；angst-is-candy；books-i-tell-everyone-to-read,3
146,horror,1
147,2024；audio-rec；horror,3
148,2023-reads；horror,2
153,arcs,1
157,a-lil-dc-flavour；lgbtqia,2
158,2024,1
160,fiction；horror,2
161,arc；horror；lgbtqia,3
165,2023；2023-summer-reads；audiobook,3
166,2023-pub-date；adult；audiobook,3
167,galley,1
173,arc-reads；book-recs,2
179,2023-releases；2024-reads,2
181,listened-to-audiobook,1
182,supernatural,1
189,dark-romance；goodreads-giveaways；horror,3
201,advancedreadercopies；contemporary；female-authors,3
205,4-star；supernatural,2
206,character-driven；first-person-narrative；fresh-take,3
211,horror,1
216,4-stars；reviewed,2
222,library,1
223,supernatural,1
225,read-in-2023,1
232,yesss,1
235,4-5；horror,2
239,5-for-all；read-in-2024,2
246,vampires-werewolves-zombies,1
247,audio-books；netgalley,2
248,5-star-books；adult；all-time-favorites,3
253,adult-fiction；library-books；supernatural,3
255,popsugar-2023,1
258,2023；blood；gothic,3
259,2023；horror,2
260,fiction,1
263,my-favorites；recommendations,2
264,arcs；mental-health-rep；sci-fi,3
267,read-2024,1
268,2024-read,1
269,audiobooks；read-in-2024,2
277,2023-reads；arcs；audiobook,3
285,lights-out-books,1
288,horror；vampires,2
291,2020s-favorites；2024；fantasy,3
