Row,Tags,Tag_Count
0,ocean-adventure；pirate-fiction；sci-fi-adventure,3
1,2024-3-stars,1
2,books-read-in-2024；ya-dystopian；ya-science-fiction,3
4,2024-arcs,1
5,2024；january-2024；read-for-review,3
9,netgalley；rrrc-2024；ya-surprises-me,3
10,arc-read-2024,1
11,2024；audio；cs-library,3
14,4-star；bipoc；dystopian,3
15,e-arcs,1
16,2024；audience-young-adult；bipoc-narrator,3
17,bipoc；library-audio,2
19,added；anxiety-and-panic-attacks；blood-and-gore-depiction,3
22,arc；own；romance,3
24,arc-reviews；five-star,2
27,netgalley；ya-fantasy,2
28,best-books；fairytale-twist；fantasy,3
34,format-audiobook；genre-ya-sffd；rated-4-stars,3
39,2024,1
41,ebooks；favourites；netgalley,3
42,adventure；apocalyptic；arizona,3
45,2023-reads；action-adventure；asian-pacific,3
46,2024,1
48,fantasy；young-adult,2
50,2024-coyer-unwind；dystopian；new-in-2024,3
51,2024-releases；fantasy；janarcuary-2024,3
54,fantasy,1
55,dystopian-again；family-relationships；fantasy,3
56,2024-great-reads,1
58,young-adult,1
60,netgalley,1
64,barcelona-and-or-spanish-authors；jedi-books；lgbtqia,3
65,2024；2024nbr-jan-feb-march；arcs-alcs-finishedcopies,3
67,adventure-and-survival；dystopian-fiction,2
68,e-book；netgalley,2
71,8th；adventure；distopian,3
76,netgalley,1
82,diverse-reads；family；females-in-fiction,3
87,audiobook,1
90,adventure；dystopia；reviewed-by-mandy-c,3
91,major-character-of-color；major-character-with-disability；major-gay-bi-character,3
93,books-i-own,1
96,aaaaangst；bipoc-author；bipoc-mc,3
98,action-adventure；dystopian-post-apocalyptic；fya-reviewed,3
99,fiction；ya,2
100,2024；dystopian；young-adult,3
102,audible-libby,1
104,2024；kindle；put-down-for-now,3
108,thrillers,1
109,young-adult,1
111,2024,1
113,mock-printz-2024；ya,2
118,dystopian；ya,2
119,audiobooks；bipoc-protagonist；fantasy,3
120,2024-new-releases,1
127,dystopian；ebooks；young-adult,3
129,2024-read；4-star；fantasy,3
132,bipoc；heist；nautical,3
133,audiobooks；netgalley,2
