Row,Tags,Tag_Count
0,science-fiction,1
1,queer；science-fiction,2
2,arc；arc-gifted-book；author-stole-my-heart,3
3,scifi-read,1
4,about-ecology-or-sustainability；about-nature-or-natural-history；audience-adult,3
5,2023-books；science-fiction,2
6,science-fiction,1
7,lgbtq,1
11,2023-sf；female-nonbinary-authors；kindle-google,3
13,2023-read,1
15,dnf,1
16,diane-s-meager-effort；lgbtqia-genderqueer-and-non-binary；libby,3
17,a-jack-in-the-box-pop-surprise；forgot-to-turn-on-the-oven；science-fiction,3
18,at-slo-paso-bg-pa；friend-recos；science-fiction,3
19,artificial-intelligence；environmental；lgbt,3
20,scifi-club-read,1
21,science-fiction,1
24,2023-read；4-star；fantasy-and-scifi,3
25,2022-challenge-books；not-for-me-or-dnfs；sciencefiction,3
26,authors-lgbtqia；cats；sci-fi,3
28,fem-author；scifi；sff-bookshelf,3
29,sci-fi,1
30,sff-group-shelf,1
31,colony-on-a-alien-world；eco-sci-fi；far-future,3
32,4-stars；action；aliens,3
34,sf-f-h；x2023-read,2
36,sff-club,1
37,2024-reads；age-category-adult；format-ebook,3
38,environment；fiction；scifi,3
39,audio-library；audiobook-read；feminist-fiction,3
40,2023-sff-challenge；book-club-gr-sff；science-fiction,3
41,2022；e-book；kindle,3
42,activist；author-signed；own-it-in-paper,3
43,fiction,1
45,2023-2025；form-audiobook；form-ebook,3
48,arc-s-netgalley-and-edelweiss；fantastico-fantastics-scifilicious,2
49,2023-releases；science-fiction,2
50,science-fiction,1
51,favorite；good-reads-giveaways,2
52,artificial-intelligence；capitalism；environmentalism,3
53,bookclub,1
57,fic-sci-fi-fantasy,1
61,dnf,1
65,science-fiction,1
67,dnf,1
69,2023；scifi,2
72,2023-sff-bookshelf-challenge,1
81,reviewed,1
82,2024；owned,2
84,scifi-fantasy,1
89,audiobook；lgbtq；science-fiction,3
91,lgbt；scifi,2
95,2023；read-for-review,2
103,adult-sff-horror；reviewed,2
104,advance-review-copy；cn-death-of-animal；cn-murder,3
106,2023；scifi,2
111,book-club；fiction,2
113,adult；arc-netgalley；dystopian-post-apocalyptic,3
118,ebook；lgbtqia；science-fiction,3
119,sci-fi,1
121,speculative-fiction,1
122,sci-fi,1
123,2023；sci-fi,2
126,2023-releases；adult；audiobook,3
128,alternative-reality；better-idea-than-execution；other-worlds,3
130,2023；sci-fi-and-fantasy,2
131,netgalley-arc,1
133,lost-city-bookclub,1
134,challenge-2023,1
135,wilderness；women-nb,2
138,published2023；scifi-spec,2
139,2023-releases；audiobooks,2
142,2023-1st-quarter；fantasy-sci-fi；giveaways,3
144,action-adventure；library-book；makes-me-think,3
145,lgbtq；politics；racism,3
146,2023；want-to-own,2
149,audiobook-read；just-look-at-that-worldbuilding；read-in-2023,3
150,2023,1
152,usa,1
154,dnf,1
156,bedste-bøger-2023,1
157,in-my-library,1
158,book-club,1
161,commentary；science-fiction,2
164,favorites；sci-fi,2
165,sci-fi,1
168,apl；nebula-nominee；read-in-2024,3
172,disappointed-due-to-the-hype,1
173,ell-gee-bee-tee；read-2023,2
185,read-next,1
190,2024；book-club；fantasy-scifi,3
193,advancedreadercopies；female-authors；fiction,3
197,a-scifi,1
199,2023,1
203,sff,1
211,borrowed；science-fiction,2
212,2023-reads,1
214,audiobook,1
220,2023-actual-finished,1
221,2023-netgalley,1
223,read-in-2024；sci-fi,2
224,adult；science；scifi,3
225,arc；sci-fi,2
226,science-fiction,1
227,optimistic-cozy-sf；sciencefiction,2
228,science-fiction,1
230,2023-reads；popsugar-2023-reading-challenge；science-fiction,3
231,z_science-fiction_z,1
232,owned-but-unread,1
234,saw-it-on-netgalley；scribd-audio-read,2
235,fiction-climate；fiction-science-fiction,2
239,science-fiction,1
240,2023-reads,1
241,reviewed,1
242,2022-read；top-favorites,2
245,fiction；library；science-fiction,3
252,dnfnotme；e,2
255,advanced-reading-copy；science-fiction,2
260,giveaways；queer-reads,2
264,dystopian；future-history；money,3
272,sf-fantasy,1
278,author_nonbinary；book-club_scifi；human-rights,3
280,dnf-lemmed,1
281,2023-releases；arc-reviews,2
282,scifi-fantasy,1
283,posthuman；solarpunk,2
284,novels；queer；sci-fi,3
286,goodread-giveaways；lgbtq；sci-fi,3
288,sci-fi,1
293,macmillan-audio-arcs,1
296,absolutefavorites；ecology；fiction,3
298,ebook；fiction；netgalley,3
