Row,Tags,Tag_Count
0,netgalley,1
2,netgalley-arc,1
3,3-stars；netgalley；ng-2023,3
4,libby,1
5,advanced-reading-copy；historical-fiction；magical-realism,3
7,audiobook；buddy-read；fantasy,3
8,historical-fiction；mystery；paranormal,3
10,netgalley,1
11,marilyn-s-challenge,1
14,barnes-and-noble；favorites；favorites-2023,3
15,2023-03-march；netgalley,2
17,netgalley,1
18,dark-fantasy-and-paranormal；historical-fiction,2
19,creates-questions；creepy；dark,3
20,2022-book-read-fun；2022-netgalley-fun；books-in-2022,3
22,2022；book-club-2023,2
24,ghosts；historical；hoopla-library,3
27,1-fiction,1
28,1870s；dnf；europe-is-a-real-place-which-exists,3
29,darbui；lgbtq,2
31,advance-review-copy,1
32,historical-fiction；mystery,2
33,female-authors；halloween-bingo-2023；historical-fantasy,3
34,2022-reads；netgalley,2
35,advance-readers-copy；read-reviewed-2023,2
36,buddy-reads；challenge-archives；historical-fiction,3
37,my-all-time-faves,1
38,first-reads；kindle,2
44,2023；netgalley-2023,2
46,arc；fiction；history,3
47,historical-fiction；mystery-suspense,2
48,2022；2022-physical；arc,3
49,arc,1
51,2022；favorite-covers；favorites,3
55,3500-2023；mar-23；wom-23,3
56,crime；drama；historical-fiction,3
61,fiction,1
68,historical-fiction；mystery-thriller；netgalley-arc,3
74,2023-reading-challenge；mystery；netgalley,3
76,thrillers-mystery,1
79,2023-netgalley-read；botm-read,2
80,2023-books,1
86,arc；auth-f；x2023-read,3
89,netgalley,1
90,netgalley；netgalley-2023；netgalley-edelweiss-2023,3
91,arc-s-netgalley-and-edelweiss,1
93,2023；netgalley,2
94,bnwork-books；bookclub-barnesnoble；crime-thriller,3
95,physical-arc,1
98,audio；historical-fiction；mystery,3
100,fantasy；historical-fiction；paranormal,3
102,dark-academia；fantasy；halloween,3
104,fantasy；historical-fiction；mystery,3
107,giveaways,1
109,fantasy-paranormal；fiction；historical-fiction,3
110,2023；2023-july,2
116,fantasy；historical-fiction,2
118,fantasy；fiction；historical,3
119,2023-dnf；arc；ebook,3
124,2023-edelweiss,1
125,2023-releases；audiobooks,2
133,fiction,1
137,esotérico,1
138,2023-books,1
139,2023；edelweissplus,2
141,owned,1
142,favorite,1
143,wlw,1
145,2023-books-i-want,1
150,arc；favorites,2
151,fiction；historical-fiction；paranormal-supernatural,3
152,2022；crime；ghosts,3
153,books-i-own-physical-copies-of,1
157,arc；netgalley,2
158,2023_reads,1
159,kindle-books-2023；netgalley；neu-2023,3
161,ebook；read-in-2023,2
163,books-of-the-month；netgallery；owned,3
166,adult-fiction-non-fiction；contemporary；fiction,3
170,audiobook；fantasy；historical-fiction,3
171,2023-books；5000-2023；book-of-the-month,3
173,historical-fiction；lgbtqia,2
175,arc；audiobooks,2
176,historical-fiction,1
178,2023-book-club,1
179,adult-historical-fiction,1
180,mystery；paranormal,2
184,free-netgalley-arcs；genre-fantasy；genre-historical-fic,3
186,netgalley,1
187,2022,1
188,2023；historical；mystery,3
194,i-highly-recommend,1
195,all-things-france；dark-side-of-religion；e-books,3
198,books-i-own,1
200,netgalley；netgalley-2023,2
206,2023-reads；book-of-the-month,2
208,history；lgbt；paranormal,3
212,2023,1
213,buddy-read-with-kay,1
215,2023,1
218,2024-reads；audio-books-read,2
220,adult；audiobook；historical-fiction,3
221,favorites,1
223,2023-releases,1
224,book-i-bought-2023；read-physical-books；read-physical-books-2023,3
230,2023；audiobook；english,3
238,to-buy,1
244,2023b,1
245,2023-reads,1
254,bn-bookclub,1
255,tc2023-uno,1
263,2023；library-books,2
265,books-i-own；historical-fiction；kindle,3
268,lgbtq；mysteries-of-all-kinds；net-galley,3
271,fantasy；gothic；historical-fic,3
272,2023-reads,1
273,nov-2022,1
277,fiction；mystery,2
282,audiobooks,1
286,2023-main-botm-picks,1
287,ghosts,1
288,2023；historical-fiction；lgbt,3
291,kindle；most-anticipated-2023；netgalley,3
