Row,Tags,Tag_Count
0,4-stars；can-t-wait-to-read；diverse,3
1,arc；dark；fantasy,3
2,april-tbr；read-in-2023,2
4,adult；fantasy；owned-p,3
5,review-pending；tor-novellas,2
6,tor-tordotcom,1
7,fantasy；pending-publications,2
8,2023-books；audiobooks；fantasy,3
10,arcs,1
11,arc；ebook-owned,2
12,2022-reads；arcs；e-books,3
13,4-star；elle-series-goal；pn-urban-fantasy,3
14,dueling-with-honor；magical-woods；roses-are-red,3
16,5-star-reads；autumn-reads；melancholic,3
17,2022-reads；arc；contemporary,3
19,fantasy；maze-game-nbrc-1；netgalley-or-publisher,3
20,2023-releases；5-star；favourites,3
21,2023；owned,2
24,fantasy；female-authors；portal-fantasy,3
26,2023,1
28,audiobook；library-book；short-reads,3
29,fantasy；fiction；novellas-and-short-stories,3
30,2023-shelf；fantasy；ya,3
32,audiobook；fantasy；novella,3
34,2022-reads；4-5-stars；books-of-my-heart,3
35,novella；poignant；portal-fantasy,3
37,build-your-library-2022,1
38,novella；portal-fantasy,2
39,read-genre-ya-fantasy,1
40,audiobook；contemporary-fantasy；dark-fantasy,3
41,fantasy-and-paranormal；owned-tbr；sequel-tbr,3
42,arc；audiobooks,2
43,2023-books；fantasy；novellas,3
45,2024,1
49,2023-releases；2023-tbr-cleanup-challenge；country-usa,3
51,ya-doporučení,1
52,2024；favorites；sf-fantasy,3
53,2023-release；adult；fantasy,3
54,fantasy；queer,2
55,2023-releases；audiobooks,2
56,fantasy；favorites-2023；novella,3
58,2023-netgalley-reads；adult；contemporary,3
59,audiobooks；novella；ya-fantasy,3
60,arcs；kindle,2
61,5-stars；arc；fantasy,3
62,2023-reads；5-stars；audiobook,3
65,audiobooks,1
66,books-read-2023；fantasy-and-sf,2
68,g-fantasy；g-ya-na；sg-dark,3
69,audiobooks,1
71,audio2023；coyer-upside-down-2023；coyer-upside-down-chapter-1,3
72,2023；2023-releases,2
74,2023,1
76,2023-highlights；audiobook；bechdel-yea,3
77,2023,1
78,fantasy-sci-fi；short-stories-novellas；the-infinite-library,3
80,reviewed；reviewed-2023,2
84,abuse；fantasy；library-or-borrow,3
85,audio-books；series,2
89,2023-reads；dnf；fiction,3
90,fiction；loved-em；magic-fantasy,3
91,2023-reading-list,1
92,family-issues；mc-female；multiverse,3
93,age-demographics-young-adult；fantasy；fantasy-low,3
94,favorites,1
96,2023-looks-good；23-for-2023；january,3
97,2023-read；to-review；ya-fantasy,3
98,alternate-universe；lgbtq-sff；library-book,3
99,2023；g-fantasía；g-realismo-magico,3
100,fantasy；magical-realism,2
101,archives；fantasy；novella,3
103,fantasy,1
105,audio；dont-own；fantasy,3
109,doors-and-portals；fantasy；short-stories-and-novellas,3
110,2023-releases,1
112,all-time-faves；audible-audiobook；genre-fantasy,3
113,3-star；eb；fantasy,3
118,2023；f-printed-copy；favorites,3
121,2023-most-anticipated；2023-releases,2
122,5-stars,1
123,2022；fantasy；netgalley,3
124,2023-audio；2023-rereads；author-queer,3
125,2023,1
126,children；fantasy；short-stories,3
130,audiobook；magical-realism；ya-fantasy-or-paranormal,3
131,bipoc-character-or-author；lgbtqi-main-or-side-rep-or-author；positive-disability-rep,3
132,4-stars；fantasy-magic-sci-fi-bitch；in-a-series,3
133,2023-releases,1
134,2023-novels-novellas-read；read-2023,2
137,2023_all；2023_novellas,2
138,2023-recommendations；anticipated-2023；fantasy-or-magical-realism,3
139,2024_fantasy；2024_mount_tbr_ha；2024_net-galley,3
140,arc-read-2022,1
142,best,1
143,read-e-book,1
153,2023-faves；adult-fiction；fantasy,3
155,favorites；surreal-or-fabulist；urban-or-paranormal-fantasy,3
156,fantasy_sci-fi；lgbtq；read-2023,3
159,2023-releases；fantasy；read-in-2024,3
162,2023,1
164,2023-release；fantasy；january-2023,3
165,fantasy,1
168,e-novellas；edelweiss；fantasy,3
169,arc；fantasy；lgbt,3
173,the-magic-school-bus,1
174,2022-reads；arc；dark-fantasy,3
175,arc；contemporary；fantasy,3
176,e-arc；fantasy；most-anticipated-2023,3
177,arcs,1
178,2023-books-read；2023-netgalley；favorite-series,3
179,2023-releases,1
182,2023；2024；audible-owned,3
183,fantasy-or-fantastical；young-adult-new-adult,2
185,2023-reads；fantasy；young-adult,3
186,2023；age-young-adult；fantasy,3
192,age-adult；genre-fantasy；to-buy,3
193,2023-releases；adult-fiction-nonfiction；books-in-a-series,3
194,2023-popsugar-challenge；2023-reads；owned-kindle-copy,3
196,fantasy；ya,2
198,2023-reads,1
200,library；sequels-2023；series-current-2023,3
201,2023-release；ebook；read-2023,3
202,fantasy,1
204,favorites,1
205,2023-sword-challenge,1
206,2023；audience-adult；borrowed-from-friends,3
207,adult-fantasy,1
209,audiobook；fantasy；read-2023,3
210,arc；audience-ya；genre-fantasy,3
211,bingo-2022；fantasy；portal-fantasy,3
213,2023-releases；most-anticipated-2023,2
214,2022,1
217,5-stars,1
218,fantasy,1
219,2023；afb；tbd,3
224,2024；jan-2024,2
225,read-and-from-my-2024-tbr,1
227,netgalley,1
228,audio；fantasy；library-book,3
235,my-library；my-library-read,2
237,american；audiobook；books-i-would-reread,3
239,2023-physical,1
240,highhopes2023；tbr2023,2
241,books-published-in-2023,1
242,books-i-own；fantasy；novellas,3
244,fantasy；novella；portal-fantasy,3
247,fantasy,1
249,2023,1
250,sl-sword-2023,1
260,2023；fantasy；favourites,3
262,coming-of-age-n-bildungsroman；down-the-rabbit-hole；fantasy,3
265,2023；fair-folk-and-foul；fantasy,3
266,audio；fantasy；novella,3
271,magical-realism,1
272,audiobooks,1
273,2023-releases；audiobooks,2
275,fantasy；lgbtqia；ya,3
276,2k23-reads；5-star-reads；best-of-2023,3
277,audiobook；favorites；lgbtq,3
278,2023-favourites；family；fantasy,3
285,audiobooks,1
287,arc,1
290,2023-reads；adult；e-books,3
291,library-reads,1
293,favourites；netgalley；ones-i-own,3
294,2023,1
295,3-stars；its-not-you-its-me；read-in-2023,3
298,arc；audiobooks,2
299,2023-release；novella；sci-fi-fantasy,3
