Row,Tags,Tag_Count
2,0-2023-reading-list；4-star-reads；adult-fiction,3
3,arcs-read,1
5,2023-anticipated；sff,2
9,arcs-and-review-copies,1
10,adventure；books-of-the-year-2023；fantasy,3
11,best-audiobook-recs；fave-traditional-fantasy；favorites,3
12,african；fantasy；fun-fun-fun,3
13,anti-heroine；brs-done；fantasy-epic,3
18,fantasy,1
19,2023-reads；genre-fantasy,2
21,netgalley-2023,1
22,all-time-favorites；arcs,2
25,arc；ebook-owned；recommended-to-me,3
26,priority-fantasy-tbr,1
27,2023-4-stars,1
28,physical-tbr,1
29,2023；author-is-nice；coming-soon,3
30,fantasy；favorites；great-worldbuilding,3
31,fantasy；historical-fantasy；muslim-fiction,3
32,adult；disability-rep；fantasy,3
33,audio；br-2023；eurocentrism-begone,3
34,a-cat-is-in-this；alt-history；class-gender-race,3
36,fantasy,1
37,arc；waiting-for-sequel-news,2
38,2023-reads；arab-authored；book-box-read,3
40,2022；acquire-at-all-costs；apocalyptic-land,3
41,g-fantasy-asian；netgalley,2
43,alpha-famale；anti-hero；badass-heroine,3
46,audiobook-life,1
48,favorites,1
49,2023-reads；adult-books；fantasy,3
50,assassins-and-thieves；owned,2
51,2023；2023-releases,2
52,2023-favorites；2023-tbr；favorites,3
54,2024,1
57,lgbtq-representation；medieval-and-middle-ages；mythology-and-legend,3
58,2023；christine-s-read,2
60,2023-read；netgalley,2
61,2024-fantasy；female-nonbinary-authors；fyeahfantasy,3
62,fantasy,1
65,new-releases-2023,1
67,2024；audiobook；historical-fantasy,3
68,audiobook；ebooks-and-kindle；favorites,3
71,4-stars；favorite-authors；g-fantasy,3
72,type-no-romance,1
73,adult；all-time-faves；coolest-settings,3
75,arab；fantasy-scifi,2
76,adventure；nautical；nautical-fantasy,3
82,althist-histfic；folk-fairy-myth,2
85,arcs；immersive；kindle,3
86,audiobook；fairyloot-edition；library,3
89,2023-reads,1
90,fantasy,1
91,adventure；arc；fantasy,3
93,awesome-fantasy；great-female-characters,2
95,2024；me-encantó,2
96,asian-rep；lgbtqiap-rep,2
97,audiobook；fantasy；historical-fiction,3
99,4-stars；a-pirates-life-for-me；achillean-side,3
100,owned_kindle；scifi-club-read,2
103,adult；family-dynamics；fave-protagonists,3
105,2023,1
108,2023-releases；fantasy,2
109,arc；books-i-own-read,2
111,fantasy；favorites-2023；not-western-americentric,3
113,2023-releases；fantasy；renée-recommends,3
119,adult；arc；fantasy,3
120,fantasy；favorites；pirates,3
121,dnf-ed,1
123,2023；adult；poc,3
124,will-they-ever-come,1
125,adult-books-read；adventurous-acuity；fantastic-fabrications,3
128,alternate-history；author-signed；fairyloot,3
129,book-club；fantasy-adult；fantasy-lgbtqia,3
130,audiobook；x_2023,2
131,authors-of-color；fantasy；fem-author,3
132,2023-faves；physically-owned-read-books,2
133,fantasy,1
135,2023-reads；adult；arc,3
137,2023-new-releases,1
138,2023-releases；adult-fiction；cover-love,3
140,2023-read；alternate-history；fantasy,3
141,audio；diane-s-meager-effort；everand-scribd,3
143,adult-fantasy,1
144,favorites,1
146,2023-releases,1
148,2023,1
155,4-stars；read-2023,2
157,action-packed；audiobook；fantasy,3
159,adventure-books；audiobook；read-2023,3
160,audiobook；ebooks-and-kindle；kuwait,3
161,fantasy；read-2023,2
162,fantasy；historical-fiction；rating-r,3
165,2023；faves；special-editions,3
166,5-stars,1
167,mythfairytalefantasy；timesreads,2
172,2023reads；fantasy-scifi；favorites,3
173,complete-list,1
175,5-star-favs,1
177,fantasy,1
180,4-star；ab；adult,3
181,fantasy；female-author；historical-fiction,3
182,2023-publication,1
183,audiobook-would-recommend；fantasy-misc；favorites,3
185,audiobooks；read-in-2023,2
186,adult-lit；adventure-and-mystery；fantasy,3
187,2023-reads,1
188,adventure；arc；badass-heroines,3
189,5-star-reads；epic-fantastical,2
190,comfort-reads,1
192,action-packed；animal-companion；best-friends,3
193,fantasy；fiction；middle-east,3
194,favorites；netgalley,2
195,bookshelf,1
197,fiction-fantasy；netgalley,2
200,2023-releases；to-get-from-the-library,2
201,audio,1
203,on-my-bookshelf；physical-tbr-snapshot-start-2024,2
205,2023；owned；series,3
206,adventure；audiobook；fantasy,3
208,4-stars；fantasy；read-in-english,3
209,2023-goal-1-own-voices；favourites,2
210,adult；audiobook；fantasy,3
211,2023-releases；netgalley,2
215,fantasy-favs；favorite-books-of-all-time；kidnapping,3
216,2023；audio；books-i-own,3
218,2023-releases；5-star；adult,3
221,audiobooks,1
222,4-stars；action；fairy-tale,3
225,cover-love；fantasy；read-2023,3
226,best-of-2023；favourites；most-anticipated-2023,3
232,5-stars；demon；family-theme,3
233,audiobook；fantasy；favorites-of-all-time,3
234,fantasy；hidden-library,2
235,fantasy；viagens,2
236,fantasy,1
237,cover-love；criminal-element；fantastical,3
238,bought-2023；fantasy,2
240,adult；adventure；blog-library,3
243,fantasie,1
246,adult；authors-of-color；fantasy,3
247,fantasy,1
248,adult；arcs；fantasy,3
249,april-23,1
253,fantasy-books；motherhood；top-top-top-favs,3
255,books-i-own；epic-fantasy；found-family,3
256,a-adult；arcs；f-novel,3
257,arcs；netgalley,2
262,netgalley-arc,1
264,5-star-reads,1
266,fantasy；favorites,2
267,my-5-star-books,1
269,adult；dnfs；fantasy,3
271,muslim-author,1
274,2023-fiction；fantasy；historical-sff,3
275,arc；arc-sent-by-publisher；egalley,3
278,2023；lgbtq,2
280,bingo-2023；fantasy；historical,3
282,reviews,1
283,fantasy；historical-fiction；readathons,3
285,2023-reads,1
287,favorites,1
290,lgbtqia-content；so-much-drama-i-love-it；watered-my-crops,3
291,2023-favorites；5-star-reads,2
294,alternate-history；audiobook；fantasy,3
298,2023-2025；form-audiobook；form-ebook,3
299,2023-reads；fantasy；found-family,3
