Row,Tags,Tag_Count
0,sapphic,1
4,best-of-2023；lgbtq；read-in-2023,3
7,published-tbr；the-stars-around-my-scars,2
8,arcs；favourites,2
10,2023；author-is-nice；coming-soon,3
11,2023-reads；fantasy,2
12,2024,1
14,2023-reads；achillean；achillean-mc,3
16,most-anticipated,1
19,2023-releases；fantasy；queer-themes,3
20,fantasy；owned,2
21,1-one-star-books,1
23,9s；badass-women；enemies-to-lovers,3
27,2023；arc；beautiful-writing,3
28,2023-priority-releases；2023-reads；5-star,3
31,2023-faves；adult；family-dynamics,3
33,adult；owned-tbr；queer-leads,3
34,fantasy；feminism；sff-favorites,3
35,fantasy；non-men-authors,2
38,2023；lgbtq,2
39,2023；adult；fantasy,3
40,2023-releases,1
41,ace-books；favorites,2
42,started-but-did-not-finish,1
43,2023-releases；adult-fiction；arcs-netgalley,3
46,2023；favorite-books,2
50,adult-fantasy；read-2023,2
53,souls-like-if-it-farts-on-it；wtf-am-i-reading,2
54,2023-releases,1
56,2023-reads,1
61,all-time-favorites；epic-fantasy；fantasy,3
62,favorites；reviews,2
63,age-adult；fiction-high-fantasy；fiction-queer,3
64,6-star-reads-books-of-my-life；favorites,2
65,achillean；adult；bisexual-rep,3
67,2023-top-ten；favorites,2
70,actual-tbr；audiobook-tbr；fantasy-game,3
75,disappoiments,1
76,2023-read,1
79,earc；fantasy；in-english,3
83,it-should-burn,1
84,bargain；books-collected-in-2023；fantasy,3
85,achillean；adult；bi-rep,3
86,but-make-it-gay；it-s-a-kind-of-magic；read-in-2023,3
88,arc-s-netgalley-and-edelweiss,1
89,2023-releases；arc-books,2
90,favorites,1
92,adulting-is-hard；all-parents-damage-their-children；apocalyptic,3
93,five-stars；lgbtq；sapphic-characters-and-authors,3
94,roman,1
96,2023-favs；all-time-fav；best-fantasy,3
97,favorites,1
100,2023；5-stars；best-books-of-2023,3
102,2023；me-gustó,2
103,2024-creatures-from-folklore-myth；2024-february-reading-challenges；2024-march-reading-challenges,3
105,4-25-stars；english-read；pub-2023,3
110,best-books-i-read-this-decade-2020s；fantasy；want-to-reread,3
111,2022；netgalley,2
117,owned,1
119,2023-fave；800-pages；dragons-or-wyrms,3
120,all-time-favs,1
122,fantasy；fantasy-dragons；fantasy-heroic,3
123,2022-favorites；arc；fantasy,3
128,2023-best-reads；favorites；netgalley,3
129,dragons；fantasy；favourites,3
133,physical-copy；signed-special-edition,2
134,5-star-reads；my-favorites；read-lgbtqia,3
135,arc；fantasy；fiction,3
136,2023；4-stars；adult-fantasy-scifi,3
138,china；dragons；epic,3
139,books-i-own；fantasy；queer-reads,3
140,owned,1
141,abandonado；brujas-brujos-brujería；dragones,3
143,all-time-favorites；fantasy；lgbt,3
144,favourites,1
149,epic；fantasy；female-protagonist,3
150,high-fantasy,1
151,2023-favourites；2023-release；on-my-bookshelf,3
152,2023-new-releases；owned,2
153,2024-tbr,1
154,favourite,1
155,a-r-c-or-review-copy；aro-ace-aspec；badass-mcs,3
158,adventure；american-literature；audiobooks,3
164,buddy-reads,1
165,coming-of-age；fantasy,2
167,4-stars；fantasy；read-in-2023,3
170,2023-owned-read；2023-reads；audio,3
171,2023,1
172,owned,1
173,2022；2023；adult,3
174,sapphic,1
175,fantasy-read,1
176,fantasy；lgbtq-fantasy-rep；owned,3
177,fantasy-favorites,1
179,fantasy；lesbian；lgbt,3
180,2023,1
181,broken-binding；faves；faves-2023,3
182,2023,1
183,high-fantasy；sapphic-romance,2
185,2023；fantasy,2
186,2023,1
192,05-star；2023；favourites-2023,3
193,2023-reads,1
194,all-time-favs,1
195,all-time-favorites,1
198,favorites,1
200,fantasy；favorites,2
203,best-reads-of-24,1
204,sapphic-fantasy,1
205,favorites,1
207,arcs；immersive,2
208,fantasy；favorites；queer-fantasy,3
209,to-buy,1
210,fantasy；favorites,2
214,arc-copies；dragons；favorites,3
217,2022；adult；dragons,3
218,high-fantasy,1
219,2023-releases；read-2023；read-adult,3
220,4stars,1
222,arc-reviews,1
223,fantasy；lgbtqia2s,2
224,2023-reads；adult-fantasy；arc-reviews,3
227,fantasy；magic；mythical-beasties,3
228,5-stars；fiction-fantasy；fiction-series,3
229,ebooks-i-own；owned-unread；read-soon-or-unhaul,3
230,a-adult；anticipated-releases；f-novel,3
231,favs；own；want-to-reread,3
233,all-time-favorites,1
234,fantasy-epic；female-author；female-fronted-fantasy,3
237,fantasy；lgbtq；romance,3
242,2023-04-april,1
244,mythfairytalefantasy；pansing,2
245,chefs-kiss；sapphic-girlies,2
246,fantasy；queer-romance,2
250,2023-favorite-reads；all-time-favorite-books；fantasy-recommendations,3
253,aty-2023；aty-rejects-2023；mini-challenges-2023,3
256,read-2023,1
257,2023,1
259,2024；5-stars；adult,3
260,read-in-2023,1
264,lesbian-sff,1
266,bucket-list-with-dorbz；re-readable,2
267,owned,1
269,2023；audiobooks；dragons,3
273,favorites；yearly-anticipated-2023,2
281,adult；audiobooks,2
283,all-time-faves；fanatasy-sci-fi；sapphic,3
291,2023-read；fantasy；favourite,3
293,23fav；bought23；fantasy,3
297,2023-arcs；fav-fantasy-books-i-recommend,2
298,favorites,1
