Row,Tags,Tag_Count
0,fiction；historical-fiction；netgalley,3
1,netgalley,1
2,netgalley,1
3,audiobooks,1
4,favorites；netgalley,2
5,audio；historical-fiction；kings-and-queens,3
8,4-stars；netgalley,2
11,andrew-varga,1
15,netgalley-arc,1
17,fantasy,1
19,historical-fiction；sci-fi；young-adult,3
21,arc-read-2023,1
25,net-galley,1
26,historical；net-galley；time-travel,3
30,2022-earc,1
34,goodreads-giveaway-wins,1
37,read-since-i-got-goodreads,1
39,netgalley,1
41,high-school-reads,1
43,netgalley-2022,1
44,arc；fantasy；historical-fiction,3
45,historical-fiction；young-adult,2
49,netgalley,1
50,audiobook；netgalley-books,2
60,2022-ng-group-challenge；clyde-s-books；netgalley,3
61,fantasy；netgalley,2
65,arc,1
66,2022,1
68,audiobooks；fantasy-scifi-dystopian-paranormal；historical,3
69,netgalley,1
72,time-travel-books,1
76,netgalley,1
77,historical-fiction；ya,2
78,2023；audiobook；fiction,3
84,arc,1
85,netgalley,1
89,arcs,1
90,favorites,1
91,advance-copies；audiobooks；fantasy,3
92,audio-books；first-reads；ya-fantasy,3
93,arc,1
97,favorites,1
100,netgalley,1
104,arc；audiobook；netgalley,3
115,adventure-fiction；historical-fantasy；historical-fiction,3
120,2022,1
121,time-travel,1
131,audiobook；coming-of-age；netgalley,3
134,own；paper,2
136,arcs-read；indie-read,2
141,2022-books；2023-books；4-star-read,3
149,fantasy；fiction；giveaway-wins,3
151,alternative-reality-romance；contemporary；england,3
152,fantasy；fiction,2
153,2023；canadian-author；family,3
159,giveaways,1
160,arcs,1
167,2024,1
168,zz-2024-feb-new,1
173,adventure；historical-fiction；sci-fi,3
177,arcs-read；irecommend；male-lead,3
179,adventure；atmospheric；audiobook,3
183,historical-fiction；science-fiction；ya-fiction,3
