Row,Tags,Tag_Count
2,2023；arc；audio-book,3
3,adult-fantasy；arc-giveaway-freebie；horror,3
5,american；bi；cosmic-horror,3
6,2023-books；audiobooks；horror,3
7,horror,1
11,arcs-read；buddy-read,2
12,aty2024；audiobook；fantasy,3
13,arc-s-netgalley-and-edelweiss；fantastico-fantastics-scifilicious；horrororor,3
16,2023；audio；bi-sexual,3
17,3-star-reads；arcs；tbr-horror,3
18,arcs-read；i-adore-these,2
22,2023-releases；arc,2
25,2023；2023-netgalley-challenge,2
26,fantasy；horror；lgbt,3
28,2023-releases；2024-read；5-star,3
30,horror,1
31,badass-women；bisexual-mcs；cosmic-horror,3
32,all-time-faves；arcs；read-in-2023,3
33,fantasy；gothic-vibes；horror,3
36,horror,1
38,horror；to-review,2
40,3-star；audiobooks；for-review,3
42,2024-read；auth-f；bipoc-actor,3
43,horror-thriller,1
45,horror；lovecraftian；urban-fantasy,3
47,fantasy；horror,2
48,adult；arc-or-from-pub；audio,3
53,dnf,1
54,macmillan-audio-arcs,1
57,dnf,1
59,horror-mystery-thriller；the-infinite-library,2
61,2023,1
63,fantasy-scifi；netgalley-arc,2
64,dnf,1
70,dnf,1
72,a-horror,1
77,galleys；horror；recc-d,3
81,horror,1
84,archives；horror；queer-lit,3
85,arc-reads；audiobooks,2
93,from-netgalley；horror；read-as-audiobook,3
94,horror；its-so-gay；sci-fi,3
95,2023；audiobooks；borrowed-from-library,3
97,2023-reads；dark-fantasy；fantasy,3
98,saw-it-on-netgalley；scribd-audio-read,2
99,boys-cannot-be-trusted；dark-creepy；fantasy,3
101,abandoned,1
105,arc,1
107,fantasy；favorites；horror,3
115,2024；adult；horror,3
123,good-world-building；lgbtq；netgalley,3
125,finished-in-2023,1
126,general-recommendations,1
129,fantasy-favs；horror-favs,2
135,horror,1
137,2024；audiobook；fiction,3
141,added；domestic-abuse-and-violence；gun-violence,3
143,thank-you-library,1
152,fiction,1
159,fantasy-and-fairy-dust；horror,2
170,netgalley,1
171,arc；fantasy-adult；fantasy-lgbtqia,3
173,bookclub,1
174,corporate-horror；scifi-fantasy,2
178,bingo-2023,1
180,2023；fantasy,2
181,arcs,1
186,2023-reads；horror,2
187,2023；2023-2024-winter-reads,2
188,finished,1
190,2023-reads；fantasy；favorites,3
192,2023-favorite；advanced-reader-copy；cbr15,3
194,audiobook,1
195,books-i-own；fantasy；favorites,3
198,horror,1
199,fantasy；giveaways；horror,3
201,arcs-read-in-2023；read-in-2023；series-finished,3
202,3-or-more-stars；revs,2
211,arc；horror；queer,3
212,horror,1
215,arc-netgalley；fantasy；horror,3
217,favorite；horror,2
220,2023-books,1
221,2023；horror；netgalley,3
223,2023-books-read；audio-books；library,3
225,books-2023；horror；novels,3
227,2023；2024；arc,3
230,netgalley-arc-2023,1
231,favorites,1
232,2023-releases；horror；listened,3
234,a-few-of-my-favourite-things；arc-not-ark；first-to-read-first-to-review,3
243,audio-books,1
248,disgusting；fantasy；horror_but_weird,3
249,fantasy；favorites,2
250,dnf,1
261,audiobook；netgalley-books,2
270,2024-reads；horror；lgbtqia-rep,3
274,the-netgalley-hookup,1
275,2023-shelf；fantasy；horror,3
278,arcs；audio,2
281,queer-lit,1
282,hard-cover；owned,2
286,arc；fantasy；fiction,3
294,horror；queer,2
299,netgalley；to-buy,2
