Row,Tags,Tag_Count
1,horror；mermaids；mythology,3
3,arc-physical-copy,1
4,2-stars；adult；dark,3
5,advance-listening-copy；audiobook；dark-fantasy,3
8,arcs-read,1
10,adult；fantasy；horror,3
11,gifted,1
12,horror,1
13,arc；dark-fiction；tor-nightfire,3
14,audiobooks；challenges-ha-a-z-book-title-23；challenges-wbtm-spooky-bingo-23,3
15,author-of-color；fantasy；horror,3
16,2023-books；horror；review-copy,3
17,2023-reads；from-the-library；genre-fantasy,3
18,good-novels-under-200-pages；horror；lgbtq-representation,3
20,horror,1
21,5-so-so-reads；cover-love；reviewed-in-2023,3
23,audiobook-own；g-fantasy-short；lgbtq,3
24,buddy-read-with-specfic,1
25,arc-provided-by-publisher；authors-of-color；horror,3
26,horror,1
28,lgbtq,1
29,adult-lit；historical-fantasy；horror,3
30,adult；fantasy；horror,3
32,adult；dark-fantasy；fiction,3
35,2023-reads；adult-fantasy；audiobook,3
36,arcs-and-galleys；fantasy；horror,3
41,favesof2023,1
44,audiobooks；bloody-and-gross；fairy-tales,3
45,best-female-protagonists；best-lgbt；diverse-sff,3
46,audiobook；horror,2
47,2023-april-reading-challenges；2023-wbtm-spooky-bingo；dark-fantasy,3
49,horror；novella-novellette；queer,3
50,age-range-adult；author-rep-asian；author-rep-queer,3
52,authors-of-color；lgbtqiap-rep；novellas,3
53,bipoc-latino-asian；horror-thriller；lgbtq,3
55,adc-reviews；arc；body-horror,3
56,2023；from-publisher-or-author；horror,3
57,read-in-2023,1
58,2024-reads；books-i-own,2
62,east-asian；fiction；horror-halloween,3
63,audiobooks；fantasy；horror,3
64,horror；novellas,2
65,best-of-2023；obsessed；pretty-cover,3
66,netgalley-arc；tor,2
67,horror,1
68,2024；5-stars,2
71,kindle；lgqbt；netgalley,3
73,2023-releases；lgbtqia-rep；romance-subplot,3
74,netgalley,1
75,2024,1
76,fantasy；horror,2
77,horror,1
79,favourites,1
80,horror-atmospheric；horror-bizarro；horror-creepykids,3
83,horror；netgalley,2
84,2023；fantasy；horror,3
85,arc；horror,2
86,horror；manic-pixie-girls；myth-retellings,3
87,2023；dark-fantasy,2
88,adult；fantasy；horror,3
89,arc-s-netgalley-and-edelweiss；horrororor,2
91,a-big-steaming-heap-of-wtf-ery；arc-reviewers-copy；fiction,3
94,2023；audiobooks；borrowed-from-library,3
95,2023；audiobook；fantasy,3
99,bingo-2023；fantasy；horror,3
102,bad-woman-ily；fantasy；horror,3
104,horror,1
106,fantasy；horror；top-tier,3
107,finished-in-2023,1
108,dark；dark-fantasy；darkly-whimsical,3
109,bipoc-author；sf-f-h；x2023-read,3
112,fiction,1
113,arc；fantasy-adult；horror,3
114,fantasy；horror,2
119,horror；lgbtq；retellings,3
120,fairy-tales-and-fantasy；favorites；horror-and-gothic-novels,3
121,netgalley-4-stars,1
123,favorites,1
126,audiobook,1
127,horror；netgalley；novella-short-stories,3
129,fantasy；horror,2
133,2023,1
134,terror,1
135,2024-faves；absolutely-amazing；adult,3
136,horror-gothic,1
137,5-star-reviews；advanced-reader-copies；body-horror,3
138,14-horror-fiction,1
140,fairy-tale-retelling；horror；mermaids,3
141,net-galley-and-other-arcs,1
144,2023-reads；adult；borrowed-from-library,3
148,3-stars-meh；dnf；ebooks,3
150,body-horror；folklore；horror,3
153,2024,1
155,like-and-love；personal-jesus；want-to-own-or-already-own,3
158,2023；horror-general；short-stories,3
159,adult-sff；dark-fantasy；lgbt-rep-trans-or-nb,3
160,libby,1
164,2023-top-reads,1
165,adult；audiobooks；companions-novellas,3
168,books-i-own；books-of-horror-recs；fantasy,3
169,5-star-reads,1
170,gore-galore；horror；mermaids-and-sirens,3
172,anak-malaysia；horror；queer,3
173,arc；audiobooks,2
179,2023,1
180,dnf,1
186,arcs；reading-challenge-2023；reviewed,3
187,2023-netgalley-reads；fantasy；fiction,3
188,magic-paranormal；mythology；sci-fi,3
191,favorites,1
195,fantasy；horror-etc,2
197,netgalley；review-copies,2
198,rainbow-reads,1
199,lgbtq-bingo-2023,1
202,best-of-2024,1
203,favorites,1
204,signed-editions,1
211,favorites,1
212,books-i-own；read-in-2023,2
214,fiction；novella；retellings,3
215,2024-read,1
216,folklore；horror；women,3
219,fantasy；horror；novella,3
221,48-for-24；cover-items；discord,3
233,favorites；physical,2
234,dystopian；fairytale-mythology；fantasy,3
236,book-crawl,1
238,favorites,1
241,horror；horror-favs；short-novels,3
243,horror,1
244,2023；arcs；horror-and-spooky,3
249,archives；horror；novella,3
252,best-of-2023,1
253,2023-05-may；asian-authored；horror,3
255,advance-reading-copy；read-in-2023,2
261,ebooks；scribd,2
262,read-in-2023,1
265,2023；not-for-me,2
267,audiobook；library,2
269,read-in-2023,1
270,2024,1
272,adaptation；fantasy-heavy-dark-violent；novella,3
273,libros-cortos,1
274,2024,1
275,favorites,1
276,2023,1
280,fantasy；fiction；horror,3
281,adult；fantasy；horror,3
282,arcs；on-my-shelves；review-copies,3
288,2024；march-reads；queer-horror,3
293,netgalley,1
294,favorites,1
295,my-library,1
296,adult；checked-out-from-library；fantasy,3
