Row,Tags,Tag_Count
2,arc；ebook-owned；physical-owned,3
4,2024-tbr,1
7,fantasy；fiction；indigenous,3
9,2024-releases；arcs；favs,3
11,arc；bipoc-author；black-author,3
16,arcs,1
18,first-nations,1
23,adulting；court-intrigue；disability,3
25,2024；2024-tbr；adult,3
26,anticipated-books,1
28,anticipated-2024,1
29,2024-reads；all_time_faves；anticipated-releases-2024,3
30,2024-favorite；advanced-reader-copy；cbr16,3
31,netgalley-reviewed,1
34,fantasy,1
41,best-audio；fantasy；review-copy,3
42,2024-releases；fantasy,2
50,1；2024；a-2024-1,3
