Row,Tags,Tag_Count
0,mys-sus-mag-2023；netgalley-2023；read-2023,3
1,2023-shelf；sci-fi；science,3
2,audio；netgalley；overdrive,3
3,science-fiction；speculative-fiction,2
5,fiction；science-fiction,2
7,2023；audiobook；sci-fi,3
8,at-slo-paso-bg-pa；friend-recos；science-fiction,3
11,science-fiction,1
12,science_fiction,1
13,climate；disaster；dystopian,3
16,drama；favorites；hard-science,3
27,first-reads,1
28,digital-arc,1
30,sci-fi,1
31,climate；crypto；fiction,3
39,fiction；sci-fi,2
41,2024-hugo-eligible；science-fiction；space-opera,3
43,fiction；hard-sf；library,3
47,science-fiction,1
48,2023,1
50,futurology,1
60,sci-fi；solution-focused,2
61,fiction；technology,2
63,audiobooks；hard-sci-fi；near-future-sf,3
64,scifi-hard-science,1
70,scifi,1
72,2024-pm,1
73,audiobooks；climate-fiction-cli-fi；sci-fi,3
75,abandoned,1
80,fantasy；science-fiction；space,3
84,science-fiction；techno-thriller,2
93,2022；arc；november,3
98,2023,1
102,science-fiction,1
111,audiobook；sci-fi,2
113,listened,1
128,paradigm-stretching,1
130,action-adventure-thriller；science-fiction；series,3
137,favorites,1
139,fiction；science-fiction,2
142,available-at-joondalup,1
147,2024；science-fiction；space,3
148,audiobook；science-fiction；space,3
150,fiction,1
153,author-daniel-suarez；thrillers-sci-fi,2
155,own,1
159,2023；from-library,2
160,book-club-books,1
161,sci-fi-asteroid,1
170,popcorn；read-2023,2
173,fantasy,1
177,didnt-finish,1
181,sciencefiction；thriller,2
187,reading,1
202,export-read-2,1
207,speculative-fiction,1
214,completed,1
217,2023,1
232,sf,1
240,audible,1
244,2023,1
249,scifi,1
250,have-it,1
252,2023,1
253,sci-fi,1
260,audiobook；libby,2
261,fiction；sci-fi；series,3
268,audible；science-fiction；technothriller,3
271,novel；sf,2
277,review-copy；science-fiction-adult,2
280,arcs；fiction；netgalley,3
