Row,Tags,Tag_Count
0,favorites；masterpieces,2
3,5-stars-read；bookshelves-owned；favorites,3
10,favorites,1
11,physical23,1
15,favorite-of-all-time；science-fiction,2
16,beautiful-writing；characters-deserved-better；crazy-ass-villains,3
17,best-of-the-best；fantasy-sci-fi-pnml；kick-ass-heroines,3
18,adventure；dystopian；new-adult,3
19,bookshelf；favourites；favourites-2023,3
20,2023；buddy-reads；favorite-books,3
21,red-rising；sci-fi；space-opera,3
24,2023；audiobook；sci-fi,3
25,read-2023；release-2023,2
27,favorites,1
28,audio-reads,1
30,audiobooks；favorite-of-a-series；favorites,3
32,5-star；most-anticipated-2023,2
35,favorites,1
37,sci-fi,1
40,favorites,1
41,2023；bookclub；fantasy,3
43,2023-favorites；2023-tbr；favorites,3
46,dystopian；favorites；sci-fi,3
48,2023-anticipated-release,1
49,2023,1
52,adult；audio；favorites,3
53,favorites；owned-audible；top10,3
55,2023-reads；all-the-feels；arc,3
56,5-stars；audiobook；favorite-authors,3
57,favs；netgalley；reviews,3
59,anniversary-or-special-editions；autographed；books-i-own,3
62,2024-reads,1
63,2023-read；sci-fi,2
69,favorites,1
71,best-of-2023；sci-fi,2
72,all-timefavorites；dragons；own,3
73,series-next-part,1
78,favorites,1
81,format_available；format_owned_ebook；format_owned_phys,3
86,best-of-2023,1
89,2023-reads,1
91,contemporary-fiction；dystopian；grimdark,3
93,2023-reading-challenge,1
97,best-books-ever-written；favorites,2
99,2023-read；favorites,2
100,science-fiction,1
102,audiobook,1
103,5-star-review；books-to-buy；kindle,3
105,favorites；sci-fi,2
108,for-review；read-2023；sci-fi,3
115,favorites；top-tier,2
119,red-rising,1
120,all-my-physical-books,1
122,read-2023；science-fiction,2
123,favorites,1
124,2023-releases；audiobooks；favourites-2023,3
135,favorites,1
136,books-collected-in-2023；gift-somebody-loves-me；owned,3
138,2023,1
140,books-on-my-shelf；bookstore-kalk；favourites-6-stars,3
141,2023,1
143,audiobook；beautifully-written；buddy-read,3
146,favorites；have-made-me-cry,2
148,2023；favorites；space,3
158,2023-favorites,1
164,digital-arc,1
168,adult；science-fiction；wanna-be-friends-with-protagonist,3
173,5-stars；fantasy-and-sci-fi；i-cried,3
174,science-fiction,1
175,2023；audiobook；fantasy,3
176,best-of-2023；sci-fi,2
182,2024；2024-five-star-read；owned-books,3
185,read-in-2024；sci-fi,2
187,2023-reads；favorites,2
191,faves；science-fiction,2
192,2023,1
200,favorites,1
202,2023-favourites；fantasy；horror,3
203,science-fantasy,1
204,favorites,1
205,2023；audio；books-i-own,3
208,author-male；color-black；over-600-pages,3
213,favourites；science-fiction,2
216,2022-releases；physical-tbr,2
217,2023,1
224,action；favorite-books；sci-fi,3
227,2023-reads；anxiety-inducing；favorites,3
228,2023-reads；buddy-reads；favorites,3
230,dark；epic；favorites,3
232,cry；favorites,2
234,fantasy；fiction；hard-to-put-down,3
235,read-in-2023,1
237,ebk,1
241,2023-releases；beautiful-covers；highly-anticipated,3
242,gold-star-authors-fantasy；read-again；top-20-books-series,3
246,fantasy-sci-fi,1
247,2023；fantasy；fiction,3
254,favorites；read-2024；scifi,3
255,adult；between-3-and-4-stars；male-pov,3
264,2023-5-star-reads；favorites；owned-audiobooks,3
265,sci-fi,1
268,owned,1
277,favorites,1
279,favorites,1
280,top-shelf,1
283,2023,1
285,1st-printing-1st-edition；bought-in-2023；own-hardcover,3
294,my-favorite-books,1
296,all-the-feels；audiobooks-to-try；books-i-own,3
297,new-adult；new-adult-dystopia,2
