Row,Tags,Tag_Count
0,netgalley-arc,1
2,arc-reviews；fantasy-romance；nope,3
4,2023,1
5,adult；arcs；chloe-gong,3
6,1-star-electric-chair；2023-challenge；adult-na,3
7,2023；author-is-nice；coming-soon,3
9,deep-sigh；it-was-eh；too-stupid-to-live,3
10,2023-reads；adult；arcs,3
11,the-stars-around-my-scars,1
18,2023-reads,1
19,bookstagram-made-me-do-it；from-publisher；netgalley,3
20,dnf-skim-finish；hardback-own；unhauled,3
21,adult；authors-of-colour；bad,3
28,dystopia；romance,2
30,2023-release,1
31,aapi；g-retelling；historical-romance,3
32,fantasy；releases-2023,2
35,arc,1
36,netgalley,1
37,2023-reads；magic-love-and-stars,2
42,escapers,1
43,arcs-netgalley-giveaways-to-review；covers-retellings；fantasy,3
45,arcs,1
46,2023-most-anticipated；adult-fantasy；bipoc-authors,3
47,adult；gorgeous-writing；high-fantasy,3
50,asian-rep,1
53,a-real-review；arc,2
54,2023-anticipated-release；dnf-might-get-to-it-sometime-later；wanted-to-enjoy-but-didn-t,3
58,not-released；will-sell-soul-or-kidney-for,2
59,2023,1
60,own-read-adult,1
63,arcs-finished-copy；physical-tbr,2
66,bookbeat,1
68,badass-queens；blech-insta-love；retellings,3
69,ann-liang-and-chloe-gong-shrine；cause-of-my-unraveling；divine-feminine-rage,3
70,fantasy；favorites,2
71,2023-reads；favorite-authors,2
72,2023-releases,1
73,read-as-galley,1
74,2023；3rd-person-pov；botm,3
75,audiobooks,1
76,adult；arc；audiobook,3
78,arcs-finished；asian-authors；audience-adult,3
79,audiobook；read-2023,2
84,owned-physical,1
85,1-2023-releases；2-adult；3-sff,3
86,age-adult；arcs；fiction-dystopian,3
87,2023；favorites,2
88,adult-fantasy；read-2023,2
90,netgalley2023,1
91,2023-reads；4-stars；adult,3
93,arc-reviews；fantastic-fantasy-n-where-2-find-em,2
94,2023；arcs,2
95,buddy-reads；love-love-love；retellings,3
96,anticipated-read,1
101,arcs,1
102,1-star；2023；audiobooks,3
104,reviewed,1
105,2023,1
107,2023；authors-of-color,2
108,2024-reads；books-i-own,2
109,dystopian；fantasy；love-these,3
110,arcs,1
111,arc-s-netgalley-and-edelweiss；fantastico-fantastics-scifilicious,2
112,2023；arcs；released-in-2023,3
113,arc；fantasy；read-2023,3
114,b-absolutely-astonishing；b-intoxicating；b-stunning,3
115,2023-releases,1
117,2023-reads；physical-books,2
121,adult-fantasy；fiction；in-english,3
123,favourites,1
125,audio-books,1
127,actual-reviews；favourites；physical-arcs,3
130,2023-2025；form-ebook；genre-fantasy,3
131,2023-releases；adult-fiction；arcs-netgalley,3
132,2023-releases；fairyloot；fairyloot-read,3
133,adult-fantasy-favorites；arcs；asian-authors,3
134,2023-reads；arcs,2
135,2023；fantasy；lgbtqia,3
139,netgalley,1
140,fav-fantasy,1
141,2023；fantasy；tbr-shortlist,3
145,21st-century；dystopia；fantasy,3
148,2023；dnfed-series；fantasy,3
151,2023；adult；arc,3
152,a-adult；arcs；f-novel,3
153,2023-favs；best-fantasy,2
154,best-of-2023；fantasy-adult,2
155,arc；fantasy；rbc,3
156,own,1
157,ahhhhhhhh；dam-i-got-feelings；expectations-at-mt-everest,3
159,audiobook；fantasy；historical-fiction,3
162,fantasy,1
163,august-2023-tbr,1
166,hk,1
168,2023-reads；5-star-reads；fantasy,3
171,audiobooks；bipoc,2
172,physical-books-i-own；read-arcs,2
173,2023,1
180,adult-fantasy,1
182,burn-it,1
187,books-i-own,1
188,asian-rep；badass-queens；may-reread-soon,3
189,9s；adult；badass-women,3
190,2023；5-stars；arc,3
192,2023,1
193,favorites,1
194,netgalley-arcs,1
201,2023-releases,1
202,book-of-the-month；buddy-reads；hardcover,3
203,dystopian；hidden-library；retelling,3
204,2023；audiobooks；fantasy,3
206,fairyloot-and-illumicrate,1
207,4-stars；buddy-reads；favorites,3
210,2023；netgalley,2
211,2023-releases；courtly-drama；fantasy,3
212,favorites,1
214,own,1
219,own,1
221,fantasy；owned,2
222,incomplete-series,1
223,arcs；coming-out-2023；fantasy,3
225,anticipated-2023；enemies-to-lovers；fantasy,3
228,advanced-copy；definitely-going-to-re-read-in-the；fantasy,3
230,2023,1
231,ok-now-its-a-thesis；to-read-soonish,2
233,not-released-yet-tbr,1
236,asian-rep；fantasy；fav-covers,3
239,reviewed；reviewed-2023,2
240,4-star-reads；adult-fiction；books-i-own,3
241,owned,1
242,arc-s；favorites；reviews-in-english,3
244,2023-reading-challenge,1
248,author-of-colour；deadly-game；fantasy,3
250,dnf；fantasy,2
251,2023-netgalley；fantasy-frenemies,2
254,magical-realism-sf-fantasy；young-adult,2
256,24h；5-etoiles；adulte,3
258,books-i-like；books-we-own,2
260,2024；2024-physical-books-read；3-asked-review-cpy-st-martins-press,3
261,2024,1
266,4-star-reads,1
269,new-adult,1
272,2023-done-reading,1
273,arcs；favourites,2
274,books-i-own,1
275,asian-fantasy；forbidden-love；love-triangle,3
277,dnfed,1
278,adult；books-i-own；dystopia,3
279,fairyloot；fiction；library-rental-audiobook,3
280,fairyloot-books,1
283,arc；enemies-to-lovers；gifted,3
284,owned-owlcrate；owned-signed-books；physical-library-read,3
291,my-queens；need-to-continue-series；owned,3
293,feminist；multicultural,2
295,2023-anticipated；fantasy；four-star,3
296,badass-mc；bookclub-read；enemies-to-lovers,3
297,fantasy；read-in-2023,2
298,adult-sff-horror；arcs-digital；own,3
299,2023-release；audiobook；fantasy,3
