Row,Tags,Tag_Count
0,achillean；adult；disability-rep,3
2,gifted-by-publisher,1
3,2023；adult；fantasy,3
7,2023；buddy-read,2
8,arcs-received；fantasy,2
10,books-i-own；fantasy；neu-2023,3
11,five-star,1
14,received-from-net-galley,1
16,acquiredㅡlibrary；authorㅡfemale；characterㅡjewish,3
17,2023；fantasy,2
19,net-galley,1
20,netgalley,1
23,fantasy,1
25,2023-releases；adult-fiction；author-of-colour,3
28,a-long-time-ago；mistaken-identity；netgalley,3
29,2023-favourites；arcs；read-in-2023,3
31,3-stars；achillean；adult-lit,3
34,arc-s；favorites；netgalley,3
35,fantasy；netgalley-arc,2
37,fantasy,1
38,fantasy；historical-fantasy；jewish-stuff,3
40,2023-reads；arcs；specfic,3
41,2023-reads；magic-love-and-stars,2
42,advanced-reading-copy；awesome-girls；best-published-and-read-in-2023,3
45,favorites；netgalley-arcs,2
48,2-star；2023-release；historical-fantasy,3
49,speculative-fiction,1
50,fiction；historical-fiction；netgalley,3
56,chonky-bois；owned,2
57,arcs；netgalley,2
60,paranormal-fantasy,1
61,fantasy；fiction；queer,3
64,queer,1
65,audiobooks,1
66,to-read-now,1
67,giveaways,1
71,giveaways-kensington,1
73,folklore-fantasy；high-fantasy；skittle-squad,3
78,most-anticipated-up-coming,1
83,arc,1
85,lgbtq,1
93,2023；2023-faves；achillean,3
95,fantasy；folklore；historical-fantasy,3
96,2023-books；arc；fantasy,3
97,rural-fantasy,1
99,giveaways,1
100,fantasy；netgalley；part-of-a-series,3
101,audiobook；fantasy-scifi-spec；jewish-interest,3
103,sampled,1
104,juice,1
106,netgalley,1
108,feb-24-read,1
116,lore-ish,1
124,netgalley-arcs,1
125,4-5-stars；diverse-read；fantasy,3
127,fantasy,1
130,2023books,1
131,fantasy；historical,2
133,netgalley-arc,1
134,2023-challenge-books；fantasy；kindle-reads,3
136,adult；alt-universe；cover-love,3
139,jewish,1
141,cultural；fantasy；lgbtq,3
146,future-home-library,1
150,jewish-lore-fantasy-fairytales,1
151,fantasy；netgalley,2
154,arc；fantasy；received-from-publisher,3
155,21st-century；fantasy；historical,3
160,net-galley,1
162,giveaways；owned,2
168,couldn-t-finish-it,1
169,2024；audiobooks,2
172,2024-arcs；kindle；netgalley,3
175,fantasy；historical-fiction；lgbtqa,3
179,netgalley,1
180,arc,1
181,arc-giveaways,1
183,fantasy；historical；lgbt,3
187,2024；author-female；cover-art-enticing,3
193,reviews,1
194,historical-fantasy；historical-fiction；kensington-between-the-chapters,3
197,kindle；net-galley,2
207,2-star-reads；netgalley-arcs,2
212,a-few-of-my-favourite-things；arc-not-ark；authors-i-adore,3
213,adult；fantasy；favorites,3
216,arcs,1
218,alt-hist-or-au；fantasy；fiction,3
219,arcs,1
226,alternate-history；fantasy；netgalley,3
231,favorites,1
236,what-i-read-2024,1
237,arc；fantasy；read-as-audiobook,3
240,alternnate-history；historical-fiction,2
245,netgalley,1
246,did-not-finish,1
250,fantasy；historical-fiction；netgalley,3
251,fantasy；fiction；giveaways,3
252,giveaways,1
254,first-reads；sci-fi-fantasy,2
263,fantasy,1
265,2023；3-stars；book-bingo-2023,3
268,favourites；jewish,2
277,jewish,1
279,couldn-t-finish,1
290,arc；ebooks；fantasy,3
294,fantasy；favorites,2
296,genre-fantasy；genre-fiction,2
298,2023-dnfs；september-2023-releases,2
299,f-scf-alternative-earth；f-scf-new-worlds；queerio,3
