Row,Tags,Tag_Count
0,2023；arc；sci-fi,3
1,arcs；sci-fi-read,2
4,favorites-sci-fi；reviewed-reads,2
7,2023-releases；sci-fi-speculative,2
11,dnf；sf,2
13,2023-release；ghosts-and-horror；netgalley,3
15,contemporary-fiction；netgalley-arc；speculative-fiction,3
16,ugh,1
19,library,1
22,netgalley,1
23,horror；religion；sci-fi-and-fantasy,3
26,2023-read,1
29,2022；arc,2
30,aventura；ciencia-ficcion；drama,3
31,4-stars；adult-lit；dystopia-sci-fi,3
34,science-fiction；thriller-mystery-horror,2
36,223-in-2023；fiction；oh-the-disappointment,3
39,2023-releases,1
40,fiction；scifi,2
41,science-fiction；terror,2
42,favorites,1
43,adult-lit；deserves-more-hype；favourites-2023,3
50,favorites；sci-fi；top10-2023,3
52,ciencia-ficción,1
56,2023；horror；sci-fi,3
57,biblioteca；británica；ciencia-ficcion,3
59,2023-releases；audiobooks,2
61,creepy；fiction；meh,3
64,fantasy；fiction；horror,3
67,my-kindle-books,1
70,physical,1
73,arcs,1
74,netgalley,1
76,faves,1
77,audible；fiction,2
81,my-5-star-books,1
86,2023,1
90,2023,1
91,ciencia-ficcion,1
92,2023-reading-challenge,1
94,2023,1
95,audiobook；terror,2
97,fiction-read,1
98,2023,1
101,read-2023,1
102,science-fiction,1
105,favorites；modern-sf；sf-half-comps,3
108,owned-physical；read-2023,2
109,adult-scifi；horror,2
112,ardvaark-book-club；goodreadschoice2023,2
115,horror,1
121,dnf,1
123,2024；audiolibro；popsugar-challenge-2024,3
125,horror；science-fiction,2
129,2023,1
139,sci-fi；sffvektor2023,2
140,arc-reviews,1
141,adult-sff-horror；arcs-digital；reviewed,3
145,all-time-favorites,1
147,2023；horror；mmd-2023-srg-list,3
152,arctic-expedition；horror-suspense；it-came-from-beyond,3
153,2023；2023-spring-reads；gcg-book-club,3
154,adventure-peril；epistolary；fantasy,3
157,bookclub-reads；e-books-and-audiobooks；scifi,3
160,2023；adult；sci-fi,3
161,2023；5-stars-wow；fiction,3
162,brr；fiction,2
165,favorites,1
172,dnf；rrrc-2023,2
180,horror；mystery；sci-fi,3
188,2023-read；audiobook；i-got-bored,3
189,books-consumed-2023,1
190,2023releases；horror,2
192,aardvark；shop-on-your-own-shelves-2024,2
196,horror；sci-fi,2
208,2023-most-anticipated；horror；on-shelf,3
211,buy-for-gift；epistolary-novel；horror,3
217,book-club；science-fiction,2
218,netgalley,1
219,adult-fiction-non-fiction；fiction；science-fiction,3
223,favorites,1
226,2023-possible-reads,1
231,fiction；horror；mystery-thriller,3
235,adult；loved-the-cover；mystery,3
239,fiction；horror；thriller,3
241,fave-scifi,1
247,2023-sf,1
248,2023-reads；2023-releases；5-star-reads,3
251,ebook-borrows,1
254,2024；horror,2
259,2023-pub-date；adult；audiobook,3
261,fantasy,1
263,pyramid-book-club,1
264,2024；audiobooks；borrowed-from-library,3
269,5-stars,1
272,favorites-2023；genre-scifi；misc-arcs,3
274,sci-fi,1
276,2023-reads,1
281,fantasy；horror-thriller,2
285,archeological-thriller；fiction-speculative；library,3
286,absolutely-loved；fantasy；fiction,3
288,horror-caves；horror-creatures；horror-scifi,3
292,mystery；read-in-2023；science-fiction,3
293,fantasy；horror；mystery,3
294,sci-fi,1
