Row,Tags,Tag_Count
0,favorites；review-copy,2
1,mine,1
5,adult-fiction；adventure；contemporary-fiction,3
6,2023,1
7,fantasy；favorites；pretty-cover,3
11,arcs；awesome-friendships；cover-lover,3
12,4-5-stars；audiobook；netgalley,3
14,arc-physical-copy；favorites,2
15,audiobook；netgalley,2
18,arc；lgbt,2
20,2023；arc；audiobook,3
22,fab-fours,1
23,3500-23,1
24,continuations-n-retellings；from-publisher-or-author；review-pending,3
25,arc；ebook-owned,2
26,arcs；queer,2
27,books-that-made-me-cry；favourites-2023；read-in-2023,3
29,3-stars-aint-the-devil；audiobook；fantasy,3
31,2023-reads；adult-books；arcs,3
33,arcs；kindle,2
34,3000-lor-shelf-2024；aa；aa-ce,3
35,2023-challenge；audio；fantasy,3
36,2023-anticipated-release；favorite-foreva；i-like-this-books,3
37,2023-faves；adult；arcs,3
40,fantasy；lgbtqia；maze-game-nbrc-1,3
41,1-star-hated-it；audio-book；dnf,3
43,asexuals-demisexuals；audiobook；favorites-2023,3
48,2023-releases；fantasy；renée-recommends,3
49,2023-books；favorites；goodreads-giveaways,3
51,all-time-favorites,1
53,audiobook-own；g-retelling；lgbtq,3
54,dnf,1
55,2023-releases；adult-romance；arc,3
57,loved-it-but-not-feral-rat-level,1
58,2023-reads,1
59,fantasy；lgbtqiap-rep；on-my-bookshelf,3
63,2023-ng-group-challenge；adult-fiction；alcs,3
64,netgalley-2023,1
65,4-stars；dystopian；fiction,3
66,fantasy,1
68,uno2023,1
69,audiobooks；dnf,2
71,adventure-roadtrip；found-family；remixes,3
72,read-in-2023,1
74,adventure；asexuals；audiobook,3
75,apocalyptic-fiction；fantasy；robots-and-artificial-intelligence,3
76,audiobooks；fantasy；fiction,3
77,audiobooks；family；fantasy,3
78,2023；arc；sci-fi,3
80,3-stars；adult-fantasy；arcs,3
82,aty2024；audiobook；family,3
83,lgbtq,1
85,05-stars；ad-lgbtq；ad-sf-fantasy,3
86,2023；lgbtq,2
88,fantasy,1
89,aro-ace-rep；net-galley-and-other-arcs,2
91,science-fiction,1
93,2023；3-stars；audiobook,3
94,distopico；fantasy；qlgbt-queer,3
97,2023；favorite-books,2
101,fantasy；fiction；lgbtq,3
102,2023-reads；4-stars；adult-fantasy,3
103,sci-fi,1
108,2023；best；fantasy,3
110,fantasy；found-family；netgalley,3
111,reviewed；reviewed-2024,2
119,400-plus-pages；fantasy；fiction,3
120,2023-ha-a-z-challenge；2023-ha-tbr-challenge；advanced-review-copy,3
121,alternatieve-leeslijst；international-author；read-in-english,3
122,read-2024,1
124,2023-reads；audiobooks；book-club-pick,3
125,fantasy-scifi；listened；read-in-english,3
129,2023；arcs；lgbtqia-rep,3
132,post-apocalyptic；sci-fi,2
133,2023-ebook；achillean；author-queer,3
136,ebook；netgalley,2
137,mythology-fairytales-and-retellings；queer-themes；science-fiction,3
140,2023-read；fantasy；sci-fi,3
143,3-stars；fantasy-sci-fi-pnml；lgbtq-etc,3
145,owned,1
148,my-books,1
150,best-of-2023；confused-feelings；dawwwwww,3
151,2023-releases；449-pages-or-less；5-stars,3
153,fantasy；favorites；netgalley,3
154,netgalley,1
155,adult-fantasy；science-fiction,2
156,favorites；owned,2
159,fantasy；queer,2
160,fantasy；netgalley；sci-fi-dystopian,3
162,lgbt；standalone,2
164,2023；audiobook；fantasy,3
167,books_english；fantasy；favorites,3
168,favorites,1
172,2023-anticipated-books；favorites,2
174,netgalley；netgalley-audio,2
175,arc-reviews,1
177,2023-releases；adult-fiction；cover-love,3
181,2023,1
182,favorite,1
185,2023-releases；arc-books；favorites,3
187,2023-favs；2023-reads；5-star,3
188,2023reads；fantasy-scifi；favorites,3
190,absolutely-loved；arcs；dystopian,3
192,adult-fantasy；read-2023；sci-fi,3
194,2023-reads；4-star-reads,2
195,4-stars；dystopian；family-centered,3
200,bookclubs,1
203,audiobooks；fantasy；lgbtq,3
205,4-stars；adult,2
211,adult；english；fairyloot,3
213,mondadori；recensione-di-slanif,2
214,2022-book-read-fun；2022-netgalley-fun；books-in-2022,3
216,favorites；read_2023,2
217,netgalley,1
218,lgbtqia；netgalley；read-in-2023,3
219,best-fantasy,1
220,post-apocalyptic；queer-lit；sci-fi,3
222,fantasy；m-m-romance；netgalley-to-read,3
225,fantasy-scifi；lgbtqia；netgalley-arc,3
231,2023-books-i-read；middle-grade-ya-reads,2
233,best-squads；comfort-reads；cute-or-wholesome,3
234,aromantic-asexual-demisexual；fantasy；library-book,3
235,favorites,1
236,5-star-reads,1
240,queerly-beloved；road-trip-liminality；something-magical,3
242,fantasy；lgbtqia；sci-fi,3
246,2023-reading-challenge；spring,2
249,books-2024；cartacei,2
251,fantasy-all-subgenres；lgbtqia；sff-cosy,3
252,2023-reading-challenge；contemporary-fiction；netgalley,3
254,2023-2025；form-audiobook；form-ebook,3
255,arc-netgalley-or-alc；fantasy；lgbtqia,3
256,calling-all-aces；cozy；fantasy,3
257,owned,1
261,2023-best-reads,1
263,100-in-2023,1
264,2023-release；drooled-on-the-cover；lgbtqia,3
268,2-star-hate-me-or-let-me-go；2023,2
270,gae；june-pridereads；own-a-copy,3
272,fantasy；romance；top-reads-2023,3
277,read-in-2023,1
284,arcs；immersive,2
285,4-star-reads；adult-fiction；books-i-own,3
289,read-2023,1
295,2023-owned-read；2023-reads；dystopian,3
299,2023；arcs-read；edelweiss,3
