Row,Tags,Tag_Count
1,arcs；sci-fi,2
2,arcs；favorites,2
3,aliens；audiobook；science-fiction,3
4,advanced-reader-copies；comedy；fantasy,3
6,books-i-own,1
7,aliens；female-authors；first-contact,3
10,2023-books；arc,2
11,2023-reads；audiobook；me-and-fab,3
15,best-of-2023,1
16,arc,1
17,50-in-23；fiction,2
18,arc；best-of-2023；netgalley,3
21,netgalley；sci-fi,2
22,arc-giveaways,1
24,scifi,1
25,2023；e-books；i-cried,3
26,audio,1
27,audiobooks,1
28,2023；adult；sci-fi,3
29,arc；humor；netgalley,3
30,favorites,1
38,humorous；sci-fi,2
40,aliens；audiobook-read；first-contact,3
41,adult；fiction；sci-fi,3
43,alien-space；science-fiction；uplifting,3
44,netgalley,1
45,2020-2030；sci-fi；usa,3
48,sff,1
63,giveaways,1
64,2021-i-didn-t-buy-it-this-year；audiobook；modern-mrs-darcy,3
66,giveaways,1
69,fiction；humor；sci-fi-fantasy,3
75,feel-good-books；fun；quirky-sci-fi,3
79,adult；library；science-fiction,3
83,audiobooks,1
86,fiction；net-galley；scifi,3
87,netgalley,1
88,books-i-can-talk-about；read-in-2023,2
89,4-star-books,1
90,adult-fiction；post-apocalypse；scifi,3
92,netgalley-arcs,1
93,2023；netgalley,2
97,genre-scifi；rating-3-stars；released-2023,3
99,fantasy；science-fiction,2
102,netgalley；science-fiction,2
103,science-fiction,1
104,arc；netgalley,2
105,2023；adult,2
108,my-very-favorites,1
111,2023；apoca-lit-dystopic；arcs,3
113,contemporary-fiction；fiction；library-rental-audiobook,3
116,funny；giveaways,2
118,arc；kindle；netgalley,3
120,owned,1
121,netgalley,1
123,favorites,1
127,fiction；scifi,2
129,audiobooks,1
130,audiobook；library,2
131,arc,1
132,completed-e-arcs,1
134,2023-releases,1
136,science-fiction,1
137,dnf,1
138,sci-fi,1
139,audiobook,1
140,erin-s-2023-challenge,1
149,2023；aliens；cats,3
154,audiobook,1
159,2023,1
162,2023-books；read-in-japan,2
172,read-in-2023,1
180,2023,1
181,june,1
194,2023,1
201,2023；culture；edelweiss-arc,3
203,audiobook；science-fiction,2
205,2023,1
206,own,1
208,favorites；favourites-2023,2
210,audio-books；end-of-the-world,2
213,52；pop,2
219,netgalley,1
224,popsugar-2023-challenge,1
229,2023-faves,1
235,2-stars；2023-new-releases；kinda-bored-kinda-into-it,3
238,adult；scifi,2
239,audiobooks；netgalley,2
241,2023-books；science-fiction,2
243,fiction；science-and-speculative,2
245,kindle；netgalley；sci-fi-mumbo-jumbo,3
248,aliens；contemporary；edelweiss,3
249,3-and-a-half-stars,1
250,books-i-own,1
251,audiobook；libby,2
252,boring,1
254,comp-titles；fantasy-scifi,2
257,giveaways,1
258,2023,1
260,2023-top-ten,1
267,first-reads,1
273,2023-releases；netgalley,2
277,2023-read；ebook；netgalley,3
278,fiction；novel,2
280,giveaway；sci-fi,2
282,contemporary；fantasy；magical-realism,3
284,audiobooks,1
286,2023,1
294,reading-through-2024,1
297,2024-audio,1
298,science-fiction,1
