Row,Tags,Tag_Count
1,arc,1
2,2023-books；review-copy；science-fiction,3
3,2023；arc；asian-sff,3
4,2-stars；achillean；adult-lit,3
5,lgbtq,1
7,advanced-reading-copy；automatic-buy-authors；best-published-and-read-in-2023,3
8,arcs,1
9,amazing-world-building；androids-cyborgs-ai；audiobook,3
10,audiobooks；giveaways-and-arcs；lgbtqia,3
11,fantasy-sci-fi；the-infinite-library,2
12,audio；lgbtq；netgalley,3
13,dnf,1
14,sci-fi；tor,2
15,dnf；dystopian；m-m,3
17,faves；faves-2023；fiction,3
18,queer-dnf；sci-fi-dnf,2
20,arc-reads；netgalley,2
22,fem-asian-authors；hyphenated-asian,2
24,arc；best-of-the-best；epic-queer-fantasy,3
25,2023-reads,1
30,2024-challenge；aliens；fantasy-paranormal,3
32,speculative-fiction,1
34,added-2024；fantasy；lgbtqia,3
35,hayden,1
37,galleys；recc-d；scifi-fantasy,3
38,arc；giveaway,2
43,alternate-worlds；artificial-intelligence；mecha,3
44,arcs,1
45,netgalley；scifi-fantasy,2
46,audio；lgbtq；sci-fi,3
48,arc-s-netgalley-and-edelweiss；fantastico-fantastics-scifilicious,2
50,2023；all-the-death；artificial-intelligence,3
52,2-stars；reviewed,2
57,gay,1
58,elizabeth,1
59,2023-releases,1
61,2023-books-i-love；got-an-arc；june,3
64,advancedreadercopies；female-authors；fiction,3
65,ebook；science-fiction,2
67,genre-scifi；rating-1-star；released-2023,3
72,arcs；audiobook,2
74,giveaways；owned,2
75,arc；gay；gays-in-space,3
79,read-2024；scifi,2
81,lgbtqia-fiction；science-fiction,2
82,queer-stuff,1
83,2-stars；2024；owned,3
85,2023-reads；3-stars；arc,3
86,audiobooks,1
87,science-fiction；tbr-2023,2
88,fantasy-scifi；favorites；queer-stuff,3
94,2023-new；sci-fi,2
98,books-ive-nurtured-wikis-about；queer-recs；queer-trans,3
102,audiobook；content-warning；didn-t-finish,3
104,2023；giveaways,2
105,sci-fi,1
106,diverse-scifi-fantasy；poc-authors；queer-reads,3
108,read-arcs；rep-achillean；rep-misc-queer,3
110,2023；rated-1-star,2
111,artificial-intelligence；audiobook；lgbtq,3
116,sci-fi,1
117,recs-see-notes；speculative-fiction,2
118,omar,1
120,sff,1
123,library-reads；sci-fi-fantasy,2
124,for-blog；lgbt,2
127,science-fiction,1
128,reviewed,1
130,female-nb-gq-2023；not-anglo-2023；read-in-2023,3
132,lgbt；science-fiction,2
133,gay；scifi；the-worst,3
136,arc,1
137,arc；audience-adult；contains-cool-magic-system,3
138,fiction；sci-fi,2
141,upcoming,1
142,immersive；lgbtiq；sci-fi,3
146,adult-fiction；lgbtqia,2
147,2023-releases；july-2023-tbr；june-2023-tbr,3
151,netgalley,1
153,cyborg；dnf；giveaways,3
154,audiobook；fiction；lgbtqia-plus,3
156,sci-fi,1
157,giveaways,1
159,lgbtq；science-fiction,2
162,read-in-2024；science-fiction,2
170,truly-unique-for-better-or-worse,1
171,lgbtqa-rep；science-fiction,2
174,owned；science-fiction,2
175,2023,1
177,disability-rep；lgbtq,2
179,queer-sffh；read-2024,2
187,science-fiction,1
188,2-stelle,1
191,read-2023,1
193,arc；fiction；sci-fi,3
195,fantasy-scifi；queer,2
200,library-book；queer-characters；religion,3
201,favorites,1
203,fiction；lgbt；science-fiction,3
205,2024；best-worldbuilding；gods-myths-monsters,3
206,ai；city；future-tech-alternative-tech,3
207,2023；scifi,2
208,sci-fi,1
209,arcs；audio,2
216,queer-sci-fi,1
219,read-in-2023；science-fiction,2
222,fiction,1
228,assassin；bad-past；bad-present,3
230,giveaways-finished-reading,1
232,rebekah-reads-2023,1
233,fantasy；lgbt；scifi,3
240,arc-reads,1
249,2023,1
253,favorites,1
256,fiction；queer；sci-fi,3
259,science-fiction,1
265,21st-century；cyberpunk；novel,3
272,dnf；netgalley；sci-fi,3
273,2023-publications,1
274,2023-reads；arcs；not-owned,3
277,2023-books-read,1
281,third-person-present,1
282,dnf,1
286,2023,1
291,evil-book-club；reviews；scifi,3
292,couldnt-finish；post-apocalyptic；sci-fi-fantasy,3
294,want-to-finish,1
295,2023-75-52,1
297,queer-rep,1
298,great,1
