Row,Tags,Tag_Count
1,arc；fantasy-romance,2
2,netgalley-arcs,1
3,dont-own；fantasy,2
4,action；adult；adult-fiction,3
5,arc,1
6,fantasy,1
8,4-point-5-stars；library-loan-mlc；read-ebook,3
10,netgalley；netgalley-2023；reviewed,3
12,arcs；favourites；signed-books,3
13,adult；arc-netgalley；fantasy,3
14,second-person-narration,1
15,2023-releases,1
16,adult；bleak-ass-heroines；books-i-own,3
18,arcs,1
22,arcs,1
24,2023-tbr,1
25,2023-releases；netgalley,2
26,owned,1
28,fantasy；fiction；lgbt,3
29,fantasy,1
31,completed-arcs,1
32,2023-releases；adult-fiction；arcs-netgalley,3
36,2023-read；ebook；fantasy,3
37,fantasy；here-be-dragons；lgbtqia,3
40,advanced-reading-copy；assorted-human-magic-users；covers-i-love,3
41,2023-reads；arc-read；couple-to-cheer-for,3
42,disability-mental-health-rep；favourites；queer-books,3
44,2023reads；fantasy-scifi；favorites,3
45,afic；fantasy,2
46,netgalley-reads；underwhelming,2
50,arcs；lgbtq,2
51,books-from-publishers,1
52,netgalley,1
58,fantasy；netgalley-arcs,2
60,fantasy；young-adult,2
63,fantasy,1
64,fantasy；netgalley-arcs,2
71,lgbt,1
73,arcs,1
74,2023；arcs-alcs-finishedcopies,2
76,dragons；most-anticipated-2023,2
80,netgalley,1
81,dnf,1
86,2023；arc；reviewed,3
89,books-i-own；goldsboro；numbered,3
92,fantasy；lgbtqia；netgalley,3
94,4-star；cool-cover；dragons,3
95,abandoned-series,1
97,arcs；owned,2
98,2023；fantasy；lgbt,3
99,dragons-dragons-dragons,1
101,arcs,1
102,lgbtqia；magical-realism-sf-fantasy,2
110,netgalley；netgalley-arcs,2
117,arcs,1
118,april-tbr,1
122,fantasy,1
126,fave-queer-fantasy,1
128,dnf；owned,2
130,fiction；netgalley；sff,3
131,favorites；netgalley,2
133,did-not-finish,1
135,arc,1
136,adult-fantasy；lgbtq,2
138,dragons；fantasy；lgbt,3
141,dnf,1
142,2023；2023-dnf；netgalley,3
143,arcs-alcs-beta；netgalley,2
144,arcs-read；liked,2
146,2023；2023-novels；arcs,3
147,2023-reads,1
149,favorites,1
156,arcs,1
157,2023-releases；e-book,2
161,2023-release；arc-review-copy；d-mlm,3
163,2023；adult；fantasy,3
164,2023；e-book；enemies-to-lovers,3
167,2023-releases；fantasy；lgbtq,3
170,arc,1
172,300-to-500-pgs；fantasy；read-2023,3
173,favorites；my-bookshelf；read-2023,3
175,2023；netgalley-reviews,2
181,e-arcs-netgalley,1
183,2023；arcs,2
194,3-stars；adult；advanced-reading-copy,3
195,netgalley-reviews,1
201,transgress,1
202,dragons；fantasy；lgbtqa,3
206,all-time-favs；queer-love,2
207,fantasy,1
208,arc-read-2023,1
211,arc,1
214,netgalley,1
219,netgalley,1
223,lgbtqa,1
226,400-pages；boy-love；dragons-or-wyrms,3
227,2023,1
229,fantasy；magic,2
230,disabled-characters；fantasy；lgbtq,3
232,chosen-ones；dragons；fantasy,3
236,2023-reads；donated；dragons-not-lizards,3
238,3-star；audiobook；fiction,3
241,2-stars；adult-fantasy；arc,3
244,2024-reads,1
247,arcs；fantasy；romance,3
248,lgbtq,1
251,lgbtqia；novität-2023,2
258,2023-favourites；read-in-2023,2
260,arc；fantasy,2
272,buddy-read-with-zmairia；reviewed,2
275,favourites；read-in-2022；trilogy-in-progress,3
277,faves；queer,2
279,netgalley,1
280,all-time-faves；fantasy-i-love；lgbt-read-recs,3
281,arcs,1
282,2-star；arc；dragons,3
284,favorites,1
285,2023-releases；adult-fantasy；arcs,3
287,dnf,1
289,arc；goldsboro,2
290,hardback；own,2
291,dnf,1
293,arc-s,1
294,2023-read；adult；arc,3
296,favourite；gifted-or-arc；next-book-unreleased,3
297,angst-fest；enemies-to-lovers；have-no-fear-i-am-queer,3
298,arc；fantasy,2
