Row,Tags,Tag_Count
2,all-time-favorites；arcs,2
3,2024,1
7,arc-reviews,1
8,fantasy；gothic-or-gothic-esque；stand-alone-novels,3
9,2024-reads,1
11,2024-shelf；academy-college-university；all-time-favs,3
14,book-subscription-box；fae；fantasy,3
15,2023-reads,1
16,fantasy；romance；ya,3
17,academia；fantasy；gothic,3
18,author-behaving-badly；book-group-reads；fairy-tales,3
19,2-stars；snoozy,2
20,bookstagram-made-me-do-it；from-publisher；hyped,3
22,young-adult-fantasy,1
24,audiobooks；underwhelming,2
28,academic-rivals；read-in-2023,2
29,book-reviews；immersive-atmosphere；reading-taste,3
30,autumn；cold,2
31,books-that-made-me-cry；dark-academia；enby-author,3
32,2023；arc；dark-academia,3
33,arc；illumicrate-books,2
36,dark-academia,1
39,favorites,1
40,2023；fantasy；netgalley-and-edelweiss,3
42,fantasy；ya,2
43,audiobook；library-book；x_2023,3
44,2023-faves；dark-academia；gothic-mystery,3
45,2023-release；bingo-23；how-do-you-do-fellow-teens,3
46,2023-shelf；dark-academia；die-4-you,3
47,dark-academia；hardcover；rivals-to-lovers,3
48,2023-reads；arcs；dark-academia,3
52,best-2024-reads；female-rage；gorgeous-writing,3
53,2023-reads；genre-fantasy；young-adult,3
55,dnf,1
57,2023-faves；academia；fave-protagonists,3
58,bookbeat,1
59,2023-reads,1
61,aged-wine；dueling-with-honor；dusty-fingerprints,3
62,fantasy-and-frens-book-club,1
64,2023；fan-rom,2
65,2023；fantasy,2
67,2024-audiobooks；dark-academia-vibes；fantasy,3
69,book-boyfriends；books-i-own；invisible-string,3
70,2024-reads；5-stars；fantasy,3
71,2023-reads；audiobook；dark-academia,3
72,academia；fall；fantasy,3
73,dark-academia；ya-fantasy,2
80,2023；2023-standouts；arcs,3
82,bookshelf；recs,2
83,favorites,1
84,dark-academia,1
86,4-star-books,1
88,2023-releases；cover-love；fantasy,3
89,2023；arc；dark-academia,3
92,2023-five-star-reads；a-certain-feeling；top-10ish,3
98,fantasy；favorites,2
101,audiobook；dark-academia；ya-fantasy,3
105,audiobook-life,1
107,read-in-2023,1
108,contemporary；fantasy；mystery,3
112,academia-or-library；books-about-books；fae-faeries-fairies,3
113,arcs-gifted；favourites,2
115,high-fantasy,1
117,2023；2023-netgalley-challenge；fantasy,3
118,2023-read；arcs；fantasy,3
119,2023-reads,1
120,mtcba,1
122,4-stars；arcs；dark-academia,3
123,2024；me-encantó,2
124,dnf；fantasy；young-adult,3
127,2023-favs；all-time-fav；best-fantasy,3
128,arc；looooved-it；read-on-edge,3
130,2023；4-stars,2
132,0-repeat-author；1-arc-advanced-reader-copies；2-first-books,3
135,2023-reads；4-star-reads,2
138,2023-reads；arc；assault,3
140,age-young-adult；fiction-high-fantasy；read-2023,3
141,best-of-2024；my-faves,2
142,dark-academy；dark-fantasy；fantasy,3
143,anti-colonial-and-anti-imperialist；books-about-writers；class-gender-race,3
145,cried-like-a-baby,1
146,books-i-wanted-to-love；gothic；life-is-too-short-to-read-this,3
148,2024-reads,1
149,best-reads-2024,1
150,2023；3-stars；arc,3
151,favourites,1
152,favorites,1
155,books-i-own；illumicrate；signed,3
156,dnf,1
160,2024-reads,1
161,read-2024；ya-fantasy,2
162,2023；fantasy-romance；mystical,3
165,fantasy；mystery；romance,3
169,2023；arc；fae,3
170,2023-publication,1
175,dark-academia；owned,2
176,did-not-finish,1
178,2023-reads；arc；illumicrate,3
183,audiobook；fantasy；romance,3
184,dark-academia；mystic,2
187,2023,1
188,comfort；fantasy；favorites,3
189,best-of-2024,1
192,dnf,1
193,read-in-2023,1
196,audiobooks；netgalley,2
198,read-2024,1
200,audiobook；fantasy；ya,3
201,2023,1
203,5-star-reads；fantasy；favorites,3
209,2023-release；dark-academia；historical-fantasy,3
214,favorites,1
215,1-2023-releases；2-ya；3-sff,3
217,2023-reads；4-stars；historical-fantasy,3
218,2023-releases；arcs,2
221,favorites；reviews,2
223,favorite-books,1
224,libros-favoritos,1
227,gothic,1
229,audio-books,1
231,fantasy；mystery-thriller；ridgeline-bookclub,3
232,arc-reviews,1
235,3-star-reads,1
237,fantasy,1
239,arcs；books-i-own,2
240,adventure；dark-academia；gothic,3
241,fae；fantasy；gothic,3
243,2023；author-is-nice；coming-soon,3
247,ebook；mc-i-relate-to；read-2023,3
248,books-i-own；booktok-is-full-of-liars；eehh-could-have-been-worse,3
250,audiobook-listen；disability-and-neurodivergence-rep；fairy-tales-fables-and-retellings,3
253,2023-releases,1
255,fantasía,1
258,2024-reads,1
259,2024；fantasy；ya-novels,3
260,gothic-romance,1
262,dark-academia；horror,2
266,0-ya-closed-door；2023；4-5-stars,3
267,favorites；hardcover,2
268,fae-faerie；fantasy；horror-thriller,3
269,ava-reid；fantasy,2
270,2023；ebook；fall-2023,3
271,academic-rivalry；dark-academia；faeries,3
272,audiobooks,1
273,audiobooks；automnal；us,3
274,my-god-tier-books,1
275,2023-reads；creepy；dark,3
276,faves；faves-2023；fiction,3
284,books-i-own；fae；fantasy,3
288,dnf,1
293,illumicrate；read-2023；reviewed,3
296,not-recommended,1
297,read-2023；ya,2
