Row,Tags,Tag_Count
0,action-adventure；fantasy；romance,3
3,action-adventure；fantasy；indieauthor,3
4,five-stars；ya-adventure；ya-fantasy,3
9,never-stop-recommending,1
16,5-star-reads-fiction；arc-s-that-are-on-my-to-buy-list；book-tour,3
24,multiple-pov-s,1
26,netgalley,1
30,botm-2023；botm-2023-challenge,2
36,arc；books-read-2023；booktours-2023,3
41,2022；arc；top-tier,3
42,action；arc-shelf；assassins,3
46,adventure；american；best-loved,3
50,fantasy-adventure；indie-author；young-adult,3
51,5-stars；fantasy,2
56,adventure；debut；fantasy,3
58,debut；fantasy；indie-author,3
61,booktourgals；fantasy；indie-authors,3
67,arcs；booktours,2
69,book-tour-gals-tours；indie-books；ya-fantasy,3
70,fantasy；instagram-tours；magic-or-witchcraft-or-summoning,3
72,coming-of-age；fantasy,2
75,arcs；own-e-edition,2
77,arc；giveaways；kindle-ebooks,3
82,giveaways,1
83,read-2023,1
88,2023；fantasy；mtmctours,3
108,arc-books,1
133,romatasy,1
137,favorites,1
143,april-2023；fantasy,2
151,indies,1
155,fantasy；fiction,2
165,2023,1
