Row,Tags,Tag_Count
1,fantasy；in-my-home-library；patronaty,3
2,arc；cozy；fantasy,3
3,arcs-and-review-copies,1
7,books-about-books-about-books；from-publisher-or-author；review-pending,3
9,arc；ebook-owned,2
13,arcs；ebooks；fantasy,3
14,fantasy,1
17,2023-books；fantasy,2
18,sffbooksihaveread,1
19,adult；cozy；fantasy,3
20,netgalley,1
23,2023-favs；2023-reads；5-star,3
24,lgbtq,1
26,adult-fantasy；adult-romance；arc-giveaway-freebie,3
28,adult-fantasy,1
30,favorites；science-fiction-fantasy；top-books-of-2023,3
31,books-about-books；fantasy,2
33,2023-faves；adult；all-time-favorites,3
34,netgalley,1
36,audio；fantasy；ryb-mount-tbr,3
37,2023-reads,1
38,physical-tbr,1
39,balked-by-price；chaste；fantasy,3
42,danny-faves,1
44,fantasy；lgbtqia-mc；man-author,3
46,adventure；fairy-tale-vibes；fantasy,3
47,crack-a-smile；cute-animals；fantasy,3
48,2023-reads；adult-books；arcs,3
51,read-in-2023,1
55,favorite-reads-of-2023；favorites,2
57,i-own-this；kel-s-favorites,2
59,2024reads；3-star；author-love,3
60,2023-reads；4-5-stars；chocolate-pms-day-reads,3
63,read2023；specfic,2
64,netgalley；non-pod；romance-adjacent,3
67,2023-reads,1
69,2023-reads；a-smattering-of-lols；arc,3
70,audiobook；fantasy-scifi-spec；lgbtq,3
71,age-adult；lgbt-fantasy；lgbt-orc,3
73,arc；fantasy；fiction,3
75,scifi-fantasy,1
77,adult；audiobook；fantasy,3
78,2024-five-star-reads；am；fantasy-sci-fi-magical-realism,3
79,arc-reviews,1
80,fantasy；found-family；netgalley,3
81,sf-f-h；x2023-read,2
87,2023；books；favorites,3
89,fantasy,1
92,bookshop；f-f；fantasia-epica,3
95,high-fantasy,1
96,fantasy；reviewed,2
97,for-the-love-of-books,1
100,audio-reads,1
101,advance-review-copy,1
102,cozy-fantasy；lgbtqia；sapphic-fantasy,3
103,books-i-own；fantasy；neu-2023,3
105,4-star-reads；adorkable；adult-fiction,3
106,arc-or-gifted；self-help-disguised-as-fiction,2
108,2023,1
109,audiobook；review-copy-net-galley,2
111,audio；feel-good；uuups,3
112,adult-fiction；audiobooks；read-in-my-thirties,3
113,adult；fantasy；lgbtqia-rep,3
114,2023-releases,1
115,audiobook；fantasy,2
116,2023；arc；netgalley,3
119,2023-favourites；2023-releases；arc,3
120,fantasy；ggg-bookshelf；seriesprogress2023,3
122,listened-to-audio,1
123,favorite-self-published；owned-audible,2
125,favourites-of-2023；love-the-cover；read-in-english,3
127,2024-52book-club；2024-uno,2
128,bargain；books-collected-in-2023；fantasy,3
130,action-girl；animals-are-characters；comfort-reads,3
131,books-2024,1
132,bookshelf；favourites-2023,2
135,2023-releases；adult；adult-fantasy,3
136,reviewed；reviewed-2023,2
137,macmillan-audio-arcs,1
138,arcs；netgalley,2
144,2023-releases；on-shelf,2
145,favorites,1
146,2023,1
148,wlw-fantasy,1
149,arcs,1
150,2023,1
151,2023,1
156,2023-booklist；fantasy；lgbt,3
157,audiobook-would-recommend；fantasy-high；fluff-goblins,3
158,2024；fantasy,2
159,high-fantasy,1
160,2023；adult；arcs,3
161,2023；współprace,2
162,absolute-favorites；ebook-library；fantasy,3
163,fantasy；fiction；lgbt,3
164,2023；2023-netgalley-challenge；audio-book,3
168,fantasy,1
172,arc；queer-rep,2
173,fantasy,1
176,ebook,1
178,2024-aty-in-52-books；fantasy；favourites-in-2024,3
182,2023-reads,1
183,lgbtqiap-rep；wlw,2
184,2023-novels-read；2024-novels-read；arc,3
185,readtoreview,1
186,adult-fantasy；read-2023,2
190,2023-books,1
192,2023,1
193,epic_high_fantasy；fantasy,2
194,2023-audio；fantasy；mc-queer,3
198,2023；audience-adult；borrowed-from-friends,3
200,a-fantasy,1
201,2023-reads；fantasy；new-year-releases-2023,3
203,fall-tbr,1
209,2023；cosyfantasy；fantasy,3
210,audio-books；netgalley-books-read；z-2023-books-i-read,3
211,lgbtqia；netgalley,2
215,gelezen-op-kindle,1
216,cozy-mystery；fantasy-scifi；netgalley-arc,3
217,fantasy；lgbtq,2
218,arc；arc-to-read,2
219,2023；advanced-reader-copy；audio-print-combo,3
220,lgbtqia-author-and-or-character-rep；netgalley；series,3
222,fantasy；firstreads；litrpg,3
224,2023-books；fantasy；laugh-out-loud,3
227,2024,1
232,2023,1
233,2024-novel-reading-challenge；best-friendships；comfort-books,3
238,arc；edelweiss-arc；published-2023,3
240,books-written-for-me,1
241,fantasy,1
244,2023；audiobooks；owned,3
250,favorite-lgbtq-books；favorite-sapphic-books；physically-owned-read-books,3
251,priority-tbr,1
252,for-review；read-2023,2
255,have-on-shelf,1
256,2023-favorites；2023-reading-challenge；lgbtq,3
259,ebook；s-l-sword-2024,2
260,2023,1
266,fantasy,1
269,favorites,1
271,2024-buddy-reads；books-i-reviewed；fantasy-pnr-sci-fi,3
272,adult；fantasy；lgbtqia,3
274,actual-books-i-own；j-cozy-fantasy,2
275,epic-fantasy；fantasy；lgbt,3
276,audio2023,1
279,audiobook；netgalley,2
280,favorites,1
282,arc-netgalley-or-alc；audiobook；fantasy,3
283,2023-arc；arc；clean-romance,3
285,2023-reads；arc-read；cosy,3
287,okc；to-enjoy-again,2
289,arcs；audiobooks,2
294,2023-read-your-shelves；fantasy；fiction,3
