Row,Tags,Tag_Count
1,space,1
4,brando-sando；fantasy；young-adult,3
5,i-own-it；read-2023；sci-fi,3
6,2023-releases；i-m-scared-to-read-this；i-need-to-read-this-book,3
7,brandon-sanderson；favorites,2
10,live-and-die-for-the-cover,1
12,science-fiction,1
13,2023；owned,2
14,animal-companion；found-family；military-fiction,3
17,2023-reads；4-5-stars；awesome-audio,3
18,comfort-reads；my-tears-ricochet,2
19,favorites；likely-will-reread；physical-bookshelf,3
20,audiobook；science-fiction,2
21,sci-fi,1
26,aventura-espacial；aventuras；ciencia-ficción,3
27,brandon-sanderson,1
28,challenge-read-the-alphabet-2024；science-fiction；young-adult,3
35,2024；science-fiction；ya,3
37,hurts-so-much；i-would-die-for-this；knees-deep-in-love,3
38,bad-ss-broads；best-of-the-best；owned-and-finished,3
40,lecturas-2023,1
41,arc；on-kindle,2
43,2019-2024；cringe,2
45,favorites；want-to-buy,2
47,fantasy；own-audible；science-fiction,3
49,фант-хорър-артлайн,1
51,a-3-25-stars；b-young-adult；d-science-fiction,3
52,arcs-and-galleys；netgalley；review-copy,3
53,read-2023；sci-fi；ya-fantasy,3
57,2023-releases；physical-owned-books,2
61,action；adventure；dystopian,3
67,2023,1
68,2023-releases；reviewed-2023；ya-sci-fi,3
70,finished-series；science-fiction；the-final-frontier,3
74,here-be-aliens；reviewed；science-fiction,3
75,content-warnings-ya,1
79,sci-fi；young-adult,2
84,awesome-ending；favorites；made-me-tear-up,3
85,2023-anticipated-release；cosmere-world；dystopian,3
86,amazing-sci-fi；e-books；most-memorable-reads-of-2023,3
88,author-publisher-arcs-copies；owned-physical；read-2023,3
94,2023-reviews；genre-sci-fi；pretty-good,3
95,2024-reads,1
98,2023-reads；science-fiction；young-adult,3
99,audio,1
101,novel-own；reviewed,2
103,2023-releases；i-own,2
104,owned；sci-fi；young-adult,3
109,2023,1
110,action-adventures；fantasy；freaky-supernatural-adventures,3
112,romance；sci-fi；young-adult,3
113,buddy-read；sci-fi-space-opera；ya-fantasy,3
116,read-ya,1
117,book-by-brandon-sanderson；enjoyable-book；entertaining-read,3
120,fall-2023；five-stars,2
123,worst-case-scenarios；young-adult,2
125,audiobooks；fantasy；sci-fi,3
126,best-of-2023；owned,2
128,audiobook；romance；science-fiction,3
132,owned-physical；x-2023-finished,2
139,scifi；ya,2
140,fantasy；youth-young-adult-fiction,2
141,read-in-2023；sci-fi；young-adult,3
142,favourite-books,1
144,sci-fi,1
145,2023；arc；books-i-own,3
147,3-stars；audiobooks；science-fiction,3
154,dystopian；found-family；quartet,3
164,fantasy；fiction；sci-fi,3
166,2024,1
168,action-packed；adventure；badass-heroine,3
170,abuse；fantasy,2
174,fantasy；scifi；ya-young-adult,3
176,2023-release；science-fiction,2
177,fbr；read-in-2023,2
179,arc；x23-10-oct,2
182,fantasy,1
186,own,1
187,autobuy-authors；loved-it；read-in-2023,3
192,anticipated-2023-releases；read-in-2023,2
199,owned-audiobook；owned-physical；science-fiction,3
200,netgalley；read-in-2023,2
201,amazon-new；owned；upcoming-releases,3
203,english；fiction；science-fiction,3
204,adventure；fiction；science-fiction,3
214,science-fiction；young-adult,2
226,favs；mine；physical,3
230,own-read,1
237,read-in-2023,1
238,sci-fi,1
241,5-star-books；all-time-favorite-series,2
243,2024；5-stars；fiction,3
244,favorites；will-never-forget,2
250,2023-releases；own,2
251,owned；sci-fi,2
254,owned,1
257,2023-release,1
261,2023,1
262,2023；brandosando；cytoverse,3
263,beautiful-stories；deserve-to-read-again；epic-books,3
264,sf-fantasy；ya-juvenile,2
268,epic-cycle；future；powers,3
274,own-physical-copy,1
276,to-find-buy,1
283,2023,1
285,cried；political；sci-fi,3
286,favorites；sci-fi；ya,3
287,audiobooks；science-fiction；young-adult,3
288,2023-releases,1
291,sci-fi,1
293,mis-favoritos,1
294,2023-releases,1
296,all-things-space；anticipated；unfinished-series,3
297,favs；otp；sci-fic,3
298,24-book-for-2024；priorities-tbr；unfinished-series,3
299,4-stars；aliens；amigos,3
