Row,Tags,Tag_Count
2,favourite-intense；scifi,2
4,netgalley-arc；on-my-kindle,2
6,priority-sff-shelf,1
7,3500-2022,1
9,2023-books；science-fiction,2
10,2022-reads；2023-releases；absolute-favorites,3
11,lgbtq,1
12,2023-reads；achillean；arcs,3
13,adult；arc-netgalley；dystopian-post-apocalyptic,3
14,fantasy-scifi；lgbtqia,2
15,2023-read；arcs；favorites,3
16,found-families；queer；sci-fi,3
18,sf；young-adult-and-middle-grade,2
19,sci-fi,1
20,2024,1
21,netgalley-arc；tor,2
22,lgbtqia；science-fiction,2
23,3-stars；achillean；adult-lit,3
24,anti-colonial-and-anti-imperialist；calling-all-aces；class-gender-race,3
26,arc；illumicrate-books,2
27,2023-read；arc；black-rep,3
28,2023-reads；arc；ebook,3
29,favorites,1
30,2023-read,1
31,2023-reads；adult；aliens,3
32,ai；antihero；dark,3
33,2022-reads；favorites；sapphic,3
34,absolute-favorites；arcs；blurbs-and-opinions,3
35,at-slo-paso-bg-pa；friend-recos；on-reserve,3
37,2023-read；ebook；netgalley,3
39,r-fantasy-2023-bingo；sff,2
40,space-opera,1
43,dnf,1
44,1-2023-releases；2-adult；3-sff,3
47,2023；scifi,2
48,speculative-fiction,1
49,alternate-universe；five-star；lgbtq-sff,3
50,2023；lgbt；sci-fi,3
51,arc-s-netgalley-and-edelweiss；fantastico-fantastics-scifilicious；i-m-so-excited-to-read-this,3
52,2023-most-anticipated；2023-releases；a-adult,3
54,lgbtqia；science-fiction,2
55,queer-themes；science-fiction,2
58,2024-reads；bingo-2024；science-fiction,3
60,advanced-reading-copy；best-published-and-read-in-2023；best-published-in-2023,3
61,2023-books-i-love；2023-looks-good；april,3
63,2023；read-for-review,2
66,favorites；summer-reading-2022,2
69,2023-read；fantasy-and-scifi；lgbtqiap,3
71,really-good,1
72,audio23,1
74,ebook；queer；science-fiction,3
75,genre-war；i-genre-worldview；read-in-2023,3
77,fantasy；sci-fi；space,3
78,science-fiction；tbr-2023,2
79,2023；arc-and-review-copies；science-fiction,3
80,favourites；owned,2
84,2022-releases,1
85,audiobooks；ebooks；science-fiction,3
86,2023；arc；reviewed,3
87,2023-releases；adult-fiction；arcs-netgalley,3
89,2023；adult；arc,3
90,2023；arc；sci-fi,3
91,5-star,1
94,lgbtq；lgbtq-sff；my-reviews,3
96,21st-century；brit-lit；lgbtqa,3
98,adult-sff-horror；arcs-physical；reviewed,3
99,arcs；illumicrate,2
100,adult；favorites；lgbtq,3
101,science-fiction,1
102,genre-adventure-or-travel；genre-sci-fi；setting-space-or-spaceship,3
105,2023,1
106,favorites；science-fiction,2
109,2023-releases；audiobook；authors-lgbtqia,3
110,arcs；netgalley,2
113,elizabeth,1
116,book-club-books,1
118,dafuq-did-i-just-read；sci-fi,2
119,book-club；lgbtqia,2
121,owned-copies,1
123,dystopian；fantasy；fiction,3
125,2023；earc,2
126,good-sci-fi-and-dystopia,1
127,arc,1
128,aliens；femalewriter；sf,3
129,its-so-gay；sci-fi,2
131,action-adventure；adult；dystopia,3
132,favorites；read-in-2023；sci-fi,3
134,2023-pub；gen-sci-fi-or-dystopia；netgalley,3
137,arcs；ownd；queer-af,3
139,book-bingo-reading-challenges；lgbtqia；library-book,3
140,favorites,1
141,queer-characters；sci-fi,2
144,sapphic；sff,2
146,science-fiction,1
147,physical-copy；signed-special-edition,2
151,scifi-recs；summer-book-bingo-2023,2
152,quiltbag-characters；spec-fic,2
153,received-arcs,1
154,fiction；sf,2
155,2023-release；apocalypse-dystopia；lgbtq,3
156,queer-rep；scifi,2
157,2023；dystopia；grit,3
158,queer；sci-fi,2
159,lgbt；science-fiction；sf-fantasy,3
160,2023brs,1
162,lgbtqi-rep；sci-fi,2
163,2023-books-i-read；adult-fiction；owned-audiobook,3
165,audiobooked；lgbtq-rep；recommended-to-me,3
166,anticipated-2023,1
171,queer；sff,2
173,2023；lgbt-characters；science-fiction,3
174,2023-owned-read；2023-reads；sci-fi,3
175,2023；audiobook；cw-abuse,3
179,sophomore-year,1
181,lgbtq-bingo-2023,1
187,favorites；nypl-committee；queer,3
190,5-star；owned-physical；sci-fi,3
194,ebook；i-love-my-library；race-and-class,3
198,favourites,1
200,arcs-read；best-audiobooks；book-box,3
201,2023-faves；absolutely-amazing；adult,3
202,lgbtq；netgalley；science-fiction,3
204,netgalley,1
212,summer-23-tbr,1
213,2023-reads；lgbtq；sci-fi,3
214,illumicrate-edition；science-fiction,2
216,favorites-2023；queer；to-review,3
217,fantasy-and-sci-fi；queer,2
219,science-fiction,1
222,sci-fi-fantasy,1
223,adult；aliens；borgs-bots-and-ai,3
228,admirable；dystopian-lit；science-fiction,3
229,fantasy-sci-fi,1
230,2024,1
232,read-arcs；rep-achillean；rep-misc-queer,3
234,favorites,1
235,2023；e-arc；favorites,3
238,2023,1
240,netgalley,1
241,fiction；on_kobo,2
242,animalschildrenwereharmedinthisbook；brain-and-mental-health,2
243,faves；faves-2023；fiction,3
244,2023；it-s-complicated；owned-hard-copy,3
245,favorites；fiction；lgbtqia,3
246,lgbt-plus；sci-fi,2
248,hugo-nebula2024,1
250,ff-author-going-pro；lgbt；science-fiction,3
251,apocalyptic；causes-book-hangover；dystopian,3
252,dystopian；fairfax-county-library；speculative-fiction,3
253,2023-goodreads-challenge；other-giveaways；owned-physical,3
254,owned,1
255,2023；science-fiction,2
257,scifi；tbr-2023,2
259,sf-f-h；x2023-read,2
261,fda；queer；sf-f,3
262,illumicrate,1
263,netgalley,1
268,favorites,1
269,2023-priority,1
271,sci-fi,1
274,lgbtq；sci-fi,2
276,arcs；audiobooks,2
280,2023,1
285,2023；a-n-book-club；girls-who-lean-in,3
286,2024；audio；queer,3
289,books-i-own；books-i-own-have-read；scifi,3
290,genre-scifi；library-book；queer-books,3
294,dystopian；post-apocalyptic；sci-fi,3
296,sci-fi,1
299,pub-2023,1
