Row,Tags,Tag_Count
0,2022-faves；tor-tordotcom,2
2,2023-books；fantasy,2
3,f-sf-for-adults；novellas,2
4,abandon-ship,1
5,3-stars；fantasy；portal-fantasy,3
6,fantasy,1
7,contemporary-fantasy；fantasy；undulating-undulation,3
9,3-stars-and-a-half；fantasy；new-releases-2023,3
10,dnf,1
11,fantasy,1
13,dragons；fantasy；interesting-ladies,3
14,2023；fantasy；science-fiction,3
15,dragons；machalo-bingo-2024；machalo-tbr-2024,3
16,ebook；fantasy,2
17,fantasy,1
23,2023；anticipated-2023；novella,3
25,achillean-side；adult-lit；east-asian-characters,3
26,dnf,1
28,diverse-lit；fantasy；grownup-books,3
29,arc-s-netgalley-and-edelweiss；fantastico-fantastics-scifilicious,2
31,2023,1
33,fantasy；read-2023,2
34,fiction；netgalley；sff,3
38,fantasy-sci-fi；short-stories-novellas；the-infinite-library,3
40,science-fiction,1
42,fantasy,1
44,fantasy；female-mc；sci-fi,3
46,alternate-worlds；dragons；fantasy,3
49,2023-releases；publisher-torbit-tor；read-2023-in-2023,3
51,netgalley-read；read-in-2022,2
52,not-my-cup-of-tea；read-sci-fi,2
53,2023-dnf；anticipated-2023；fic-sff,3
55,40-plus-lead；fantasy,2
56,2023-prose,1
58,borrow-from-library,1
61,2024,1
62,epic-queer-fantasy；lgbt；novella,3
63,short-stories-novellas-under-300pgs,1
64,novella-novellette,1
68,2023,1
71,priority-complete,1
73,netgalley,1
74,giveaways,1
76,2022；earc,2
77,ebooks,1
79,owned-books；review-copies,2
81,contemporary-fantasy；dragons；non-binary-representation,3
82,lgbt-fantasy,1
85,fantasy；first-reads；giveaways,3
87,other-reviews,1
88,scifi-fantasy,1
90,2022-favorite；advanced-reader-copy；cbr14,3
91,ebook；fantasy,2
94,goodreads-giveaway-books,1
97,one-star-or-five-stars,1
98,netgalley；read-round-the-usa-2023,2
102,2023-books-read,1
104,2023,1
105,5-stars,1
107,netgalley,1
109,2023；fantasy；lgbtqia,3
112,2024,1
124,ebook-owned,1
125,advancedreadercopies；fantasy；female-authors,3
142,fantasy,1
143,adult-fantasy,1
148,2023；adult-fantasy；adult-fiction,3
149,realm-hopping,1
150,contemporary-fantasy；fantasy；novella,3
152,sf-fantasy,1
153,novellas；science-fiction-fantasy,2
157,gifted,1
159,sf-fantasy,1
161,fantasy,1
162,fantastical；thrill-reads,2
165,read-in-2023,1
166,want-to-read-2023,1
174,giveaways,1
176,adult-fiction；arc；fantasy,3
177,2023；fantasy；favorites,3
182,2023,1
183,fantasy,1
185,dragons；fantasy；fiction,3
189,2023-challenge-books；fantasy；kindle-reads,3
191,author-femme；genre-fantasy；genre-science-fiction,3
193,physical-tbr,1
199,older,1
201,fantasy；genre-benders,2
202,adult；adventure；alternative-world,3
203,fantasy,1
208,2023；anticipated-2023,2
209,2023；adult-fantasy,2
210,fantasy；lgbt,2
218,4-5-stars；book-challenge；dragons,3
219,dragons；family；family-community,3
220,speculative-fiction,1
222,badass-moms；fantasy；library,3
226,fantasy,1
227,2023；sff,2
228,fantasy,1
230,novella-anthology；sf-fantasy,2
231,interesting,1
233,adult-fiction；dragons；fantasy,3
235,2023；fantasy,2
237,great-ladies；queer-protag；sff,3
240,fantasy,1
242,fantasy；sci-fi,2
243,tbr-2023,1
244,preordered,1
250,dnf；fantasy；fiction,3
251,fantasy,1
252,library；north-america-u-s；sf-fantasy,3
253,library-2023,1
254,2023-books-read；fantasy；feminisim,3
259,kindle-read,1
262,2023-read,1
267,2023；library,2
268,magic-sf-f；sf-and-fantasy,2
270,library,1
273,fiction,1
274,owned-books,1
275,2023-books；novella；sci-fi,3
276,2023-release；fantasy,2
280,library-books,1
281,2024,1
285,fantasy,1
286,fantasy；zz-2023-books,2
291,adventure；fantasy；novella,3
292,2023,1
294,2023；advanced-readers-copy；arc,3
295,2023-reads；2023-variety；52-books-in-52-weeks-2023,3
