Row,Tags,Tag_Count
0,arc,1
1,2023-releases；adult-romance；arc,3
2,adult；family-dynamics；fave-protagonists,3
3,historical-fantasy；m-m；romance,3
4,favourites-2024；illumicrate-edition；read-in-2024,3
5,2024-the-year-of-weird-smut,1
6,anticipated-releases；fantasy-to-read；historical-fiction-to-read,3
7,queer；romance,2
9,lgbtq,1
13,f-sf-for-adults；fiction-for-adults；romantic-fantasy,3
14,4-point-25-stars；library-loan-mlc；read-ebook,3
15,genre-fantasy；genre-historical；genre-mm-romance,3
16,fanta；romance；unstraight,3
17,best-of-2023；cover-items；historical,3
18,fantasy-scifi；lgbtqia,2
20,2023-11-november,1
23,audiobook；fantasy；m-m,3
24,2023-releases；fantasy,2
25,2023-releases；5-star；age-adult,3
27,fantasy-romance；historical-fantasy；historical-romance,3
31,achillean；adult-lit；bi-or-pan,3
33,2023-read；alternate-history；arcs,3
36,2023-top-favourites；all-time-favourites,2
37,netgalley；romance-adjacent,2
38,angst-rating-2,1
42,2024；library-book；mm-romance,3
43,mm-historical；mm-kink；mm-not-usa-based,3
44,2023-faves；buddy-read；hijinx-galore,3
46,historical-fiction；lgbtq-fantasy-rep,2
47,fantasy；mm,2
48,aar；arc；fantasy-urban-fantasy,3
49,2023；adult；arc,3
51,library,1
52,age-gap；bad-first-impression；bdsm,3
55,top-10-of-2023,1
57,favourite-characters；favourites-of-2024,2
58,bought-2023；fantasy；kindle,3
60,fairy-tale-magic,1
61,favorites-of-2023；queer,2
62,advance-reading-copy；queer；read-in-2023,3
63,fantasy-romance；historical；lgbtqia,3
64,audiobook；bisexual-main-character；fantasy,3
65,action-adventure-mm；age-gap-or-power-differential-mm；british-mm,3
66,bingo-2023；fantasy；lgbt,3
71,arc,1
72,historical-romance；urban-fantasy,2
73,2023-release；arc,2
75,audiobooks；illumicrate；lgbtqia,3
76,alternate-history；five-star；lgbtq-sff,3
77,banter-101；historical-fiction；my-personal-faves,3
79,jay,1
80,4-star；found-family；lgbtqia,3
81,fantasy；queer-fantasy；queer-rep,3
83,arc；audiobook；fantasy,3
84,5-star-reads；6-stars-tbh；fantasy-scifi,3
85,arc；queer-lit,2
86,faves；faves-2023；fiction,3
87,read-in-2023；romances-i-love,2
89,2023,1
90,2023；adult；historical-fantasy,3
91,adult；band-of-misfits；cover-love,3
92,advanced-reading-copy；assorted-human-magic-users；automatic-buy-authors,3
94,cover-love；criminal-element；fanfic-positive,3
95,genre-romance-fantasy；genre-romance-historical；hero-faves,3
96,historical-fiction；r-fantasy-2023-bingo；romance,3
98,2024,1
99,2024；audio；bi-sexual,3
100,fantasy；fantasy-romance；historical-fantasy,3
101,2023-reading-challenge；autumn,2
103,2023-reading-challenge；lgbtq,2
104,arc；books-i-own-read；queer,3
106,arcs,1
109,library；tor,2
113,fantasy；historical；lgbt,3
114,netgalley；netgalley-audio,2
115,2023-releases；on-shelf,2
119,edelweiss；recc-d；scifi-fantasy,3
121,arcs-drcs；queer-stuff,2
122,3-fmt-f-novel；f-historical；f-queer,3
123,2023-to-read；ongoing-series；physical-tbr,3
124,fantasy；fantasy-romance；lgbtq,3
125,adult；cover-love；dual-pov,3
126,historical；queer-romance；urban-fantasy,3
128,fantasy；waaaaaiting,2
129,books-i-own,1
133,fantasy；historical-fiction,2
136,4-star；ab；adult,3
137,2024-reading-challenge,1
141,2023；arc；lgbtq,3
142,favorites,1
145,fantasy；queer；romance,3
149,fantasy；ghosts；historical-fiction,3
150,adult；english；fantasy,3
153,lgbtqia-content；so-much-drama-i-love-it；watered-my-crops,3
156,2023,1
157,owned,1
158,adult-fiction-and-fantasy；favorites,2
159,favorite-books-of-2023,1
160,2023；fantasy；historical,3
161,queer；read-in-2024,2
162,best-of-2023；best-of-fiction；preordered,3
164,historical-romances；lgbt,2
172,2024-series-and-sequels；fantasy,2
174,arcs；lgbt；read-2023,3
175,2023,1
176,earc；fantasy；in-english,3
177,achillean；sapphic-side,2
178,read-in-2023,1
179,fantasy-scifi；historical；lgbtq,3
181,2023-favourites；fantasy；historical,3
183,netgally,1
184,ace-appropriations；fiction-historical；genre-curious,3
185,fantasy；historical；romance,3
188,arcs,1
190,netgalley,1
192,5-star；mitt-bibliotek,2
193,arcs,1
194,audiobook-via-netgalley；four-and-a-half-stars；historical-fantasy,3
195,historical-fiction；lgbtqia；science-fiction,3
199,2023-reads,1
202,books-i-own；illumicrate；signed,3
205,romance,1
206,arcs,1
208,queer-fantasy；queer-historical-fiction,2
214,2023,1
218,queer-lit；romantic-reads；strange-worlds,3
222,on-my-shelves,1
223,2023；a-kind-of-magic；hijinks,3
224,arc,1
227,2024-read；auth-f；sf-f-h,3
229,audiobooks；fae；fantasy,3
230,adult-romance；disability-rep；friendships-goals,3
231,adult-fiction；audiobooks；fantasy,3
232,all-time-favorites；fantasy；historical,3
233,2023；adult-fiction；audiobook,3
235,2024-favorites,1
237,2023-most-anticipated；fantasy；romance,3
238,arc；audiobook,2
242,adult；fantasy；lgbtq,3
246,did-not-finish,1
247,2023；fantasy；queer,3
251,aaaaangst；alt-history；disability,3
253,fantasy；faves；gay-af,3
256,audio；lgbtq；owned,3
259,1-owned；adult；favorites-2023,3
262,gay-romance；historical-gays；magical-gays,3
263,fantasy-myth,1
267,novel,1
271,achillean；adult；fantasy,3
273,2024；top-shelf-baby,2
281,godly-tier；loc-arcs；o-comfort-crowd,3
291,fantasy,1
293,fantasy；historical-fiction；lgbtqi-rep,3
