Row,Tags,Tag_Count
2,2023-reads；netgalley,2
3,fantasy；my-library-kindle；represent,3
4,2023-read；arc；author-i-like,3
5,2023-reads；fantasy；vampires,3
6,2023-releases,1
7,3500-2022,1
8,2-stars；cool-cover；dnf-skim-finish,3
9,adult；arc；demons,3
10,epic-fantasy,1
11,fantasy-modern,1
14,arcs-and-galleys；fantasy；magic,3
16,all-time-favorites；arcs,2
17,arc；ebook-owned,2
18,fantasy-to-read,1
20,0-repeat-author；1-arc-advanced-reader-copies；2-first-books,3
21,2023-books；fantasy,2
22,2023；boredom-fest；cure-for-insomnia,3
23,4-stars；achillean；adult-lit,3
24,adult；fantasy；owned-a,3
26,netgalley；netgalley-2023；reviewed,3
28,audiobook；x_2023,2
30,2024-reading-list；fantasy；female-authors,3
32,fantasy；single-pov,2
33,fantasy,1
34,fantasy,1
35,abandon-ship,1
36,archives；fantasy；queer-lit,3
37,fantasy,1
39,2023-reads；brutal；chick-i-want-to-hang-out-with,3
40,at-slo-paso-bg-pa；fantasy；friend-recos,3
42,netgalley,1
45,dnf；ebook_kindle；fantasy,3
47,fantasy,1
48,2023-favorites；ebook；fantasy,3
50,arcs,1
52,2023-action-adventure-aficionados-c；2023-action-heroine-fans-yearly-cha；2023-dhasg-general-challenge,3
53,2023-read；alternate-history；fantasy,3
54,audiobooks；fantasy；library,3
57,arc；fantasy,2
58,kindle-tbr,1
59,2023_all-reads；2023_climate；2023_decades_ha,3
61,books-i-own；fantasy；science-fiction,3
62,anti-colonial-and-anti-imperialist；class-gender-race；espionage,3
63,arcs；not-my-cup-of-tea；unfinished,3
68,arc-reviews,1
69,arc；fantasy；fantasy-high,3
70,netgalley；non-pod,2
73,2023-releases,1
74,books-read-2023；fantasy-and-sf,2
75,2023-booklist；covers-i-love；fantasy,3
76,arc；audio-book；dark-fantasy,3
77,fantasy；paranormal；sci-fi,3
79,audiobook；cover-love；demons,3
80,absolutely-loved；arcs；badass-protagonist,3
81,2023；arcs-alcs-finishedcopies；dnf,3
83,fantasy,1
84,2024-read；fantasy,2
85,nebula-eligible-2023,1
86,ebook；fantasy,2
88,fantasy,1
90,female-author；fiction；lang-en,3
91,2023,1
93,f；fantasy；net-g,3
94,fantasy；queer-themes,2
95,audio-book,1
97,audiobook；fantasy,2
98,adult-fantasy；audiobooks；lgbtq,3
99,commerical-fiction；fantasy；lgbtqia2s,3
101,bingo-2023；fantasy；read-in-2023,3
104,fantasy；historical；library,3
106,audiobook；fantasy,2
110,arc-s-netgalley-and-edelweiss；fantastico-fantastics-scifilicious,2
111,january-24,1
112,arc；fantasy,2
113,arcs；blurbs-and-opinions；favorites-2023,3
115,fantasy,1
118,adult-fantasy；read-2023,2
119,2023,1
120,hello-darkness-my-old-friend；so-much-drama-i-love-it,2
121,back-and-forth-in-time；e-library-books；fantasy,3
124,arc；netgalley,2
125,arc；audiobooks；illumicrate,3
127,all-the-books-i-m-reading-atm；arc；fantasy,3
129,court-intrigue；demons；epic-fantasy,3
130,readtoreview,1
131,2023；fantasy；netgalley,3
133,2023,1
134,books-collected-in-2023；fantasy；owned,3
137,fantasy,1
138,fantasy；queer；stand-alones,3
139,books-i-own；illumicrate；signed,3
140,52bookclub-2023；netgalley,2
141,arcs；netgalley,2
142,fanta；unstraight,2
143,2024；fantasy；nebula,3
144,fiction；illumicrate；own-hardback,3
146,21st-century；did-not-finish；read-in-english,3
149,angels-demons；arc；asexual,3
150,arc；gays-with-dragons；lgbtqia,3
151,fantasy,1
154,2023-arcs,1
155,fantasy,1
159,2023；non-romance；pnr-scifi-fantasy,3
160,2023；4-star-read；52-books-2023,3
169,machalo-buddy-read,1
171,2023；audiobook；fantasy,3
176,auth-f；sf-f-h；x2023-read,3
178,lgbtqia；magical-realism-sf-fantasy,2
179,gay-bi-lesbian-ace,1
180,fantasy,1
181,adventure-roadtrip；found-family；this-made-me-incandescently-happy,3
182,2023；arc,2
183,achillean-rep；fantasy；found-family,3
184,2023-aty-in-52-books；dystopia；fantasy,3
185,audiobook；buddy-read；fantasy,3
188,on-hold-at-the-library,1
190,2023；arcs-read-and-to-read；fantasy,3
191,fantasy；pocmaincharacters；queer-characters,3
193,fantasy-paranormal；fiction；mystery,3
194,fantasy；list-of-48；my-kindle,3
195,2023；in-english；owned-book,3
196,fantasy,1
197,sci-fi-fantasy；tisane,2
199,fantasy；mystery；paranormal,3
200,fantasy,1
202,supernatural-paranormal,1
203,antiphemeral；illumicrate,2
204,arc；women-authors,2
208,netgalley,1
209,ebook；fantasy；maps,3
217,fantasy,1
219,2023,1
221,2023-cecilia-is-having-a-time；couldn-t-finish；illumicrate,3
222,fantasy；it-s-not-you-it-s-me,2
224,own；pows-checkout,2
229,2023-releases；abilities-magic；adult-fantasy,3
230,dnf,1
232,lgbt-rep；memory-as-central-theme；moral-greyness,3
234,fantasy；lgbt；protagonist-of-colour,3
236,dnf,1
238,audiobook,1
239,r-2023-releases,1
240,ebook；fantasy,2
242,arc-s-to-review,1
243,read-in-2023；wanted-to-like-but-didnt,2
244,fantasy；magic；science-fiction,3
246,fantasy；read-2023,2
247,2023；2023-around-the-year-in-52-books；2023-release,3
249,fave-of-all-time,1
250,fantasy；net-galley-reads,2
253,giveaways,1
257,fantasy,1
259,my-favorites,1
260,not-for-me,1
261,arcs；favorites；ownd,3
262,arc；audio-libro,2
265,2023；audio-book；demons,3
267,adult；arcs；audiobook-listen,3
268,05-may-2023,1
269,2023-tbr；adult；fantasy,3
271,2023-favorites；giveaways-arcs,2
275,fiction-fantasy,1
276,2023-books-read；audiobook；demon,3
277,to-recommend,1
282,adult；epic-fantasy；family,3
285,arc,1
286,fantasy-recs；for-the-gays,2
287,audiobook；netgalley,2
289,2023-books；c-competent-people,2
290,abandoned；adult；adult-fantasy,3
291,2023-priority,1
293,multiple-copies；signed；special-editions,3
294,illumicrate；read-2023；read-physical-owned,3
297,2023-books-i-read；sci-fi,2
299,2023,1
