Row,Tags,Tag_Count
0,2023-sapphic；f-f-adventure-fantasy；f-f-mainstream,3
1,netgalley-2022,1
2,2023；fantasy-sci-fi；published-in-2023,3
3,feminist-topics；sapphic,2
4,2023-releases；age-adult；genre-fantasy,3
5,egyptian-women,1
6,arcs；fantasy；lgbt,3
8,adult；arc；audiobook,3
12,2022-read；fantasy；lgbtq,3
13,2023-books；fantasy,2
14,netgalley,1
15,2023-releases；adult-fiction；arcs-netgalley,3
16,advanced-reading-copy；bipoc-author；lgbtqai-protagonists,3
17,2023tbr；fairytales-themes；fantasy,3
20,fantasy,1
21,2022；favorites,2
22,arcs；disability-and-neurodivergence-rep；fantasy,3
28,asian-authors；audience-adult；format-audiobook,3
29,arc-netgalley；bought-or-received,2
31,2023；netgalley-2023,2
33,arcs；fantasy；lgbtq,3
34,dnf,1
37,arcs,1
38,arcs,1
40,favorites,1
41,looking-forward-to-read-asap,1
43,2-stars；achillean-side；adult-lit,3
44,fantasy,1
45,adult-sff-horror；arcs-physical；reviewed,3
47,adult；arc-netgalley；bi-rep,3
49,fantasy；lgbtqa；romance,3
50,asian-rep；black-rep；fantasy,3
52,arc；fantasy,2
54,2023,1
56,abuse-cw-tw；all-parents-damage-their-children；audiobook-read-to-meee,3
58,netgalley；reviews,2
60,2022-into-the-forest-challenge；2023-release；2nd-world-fantasy,3
61,2023-pub；audio-read；b-i-poc-authors,3
62,arcs,1
63,fantasy；ff；z-author-poc,3
64,favourites；owned,2
65,2023；bought；bought-given-2023,3
67,2023-sf-fantasy；around-the-world2023；poc2023,3
68,21st-century-fiction；bought2023；queer,3
70,2023；fantasy；ya,3
75,dnf,1
77,asian-rep；audiobook；bi-pan-rep,3
79,arc,1
83,arcs；lgbt-rep；scifi-fantasy-adult,3
86,2023-releases；genre-adult-fantasy；genre-bisexuals,3
87,2023；adult；fantasy,3
88,fiction；netgalley；sff,3
91,arc；bipoc；fantasy,3
92,2023；2023_uno；cliffhanger,3
96,fantasy；lgbtq；netgalley,3
97,favorites,1
99,2023-books-read；ebook；fantasy,3
100,audiobook；books-i-own,2
102,received-arcs,1
105,2023-releases,1
106,arcs；lgbtq,2
108,fantasy；lgbt；sci-fi,3
109,fantasy；freaky-supernatural-adventures；thrillers,3
113,arc-review；audiobooks；from-publisher,3
115,2-bleh；2023,2
118,2023-anticipated；fantasy；four-star,3
124,2023,1
125,chewy；h2o,2
127,fantasy；lgbtq,2
137,best-of-2023；character-heavy；fantasy,3
140,fff,1
141,black-girl-magic；black-women；fantasy,3
142,otherworld-fantasy,1
145,2023；fantasy；female-author,3
146,favorites,1
148,dnf；fantasy；historical-fiction,3
149,swana,1
151,2023,1
152,fantasy；feminism,2
154,2023-releases；3-stars；audiobook,3
157,i-guess-i-read-it,1
158,fantasy；owned；read-2023,3
163,series-i-finished,1
165,audiobook；continue-this-series；f-f-and-nm-nm,3
166,lgbt-sapphic,1
168,gay-bi-lesbian-ace,1
171,3-stars,1
172,2024-reads；three-and-a-half-star,2
175,2023-reads,1
176,adult；characters-of-colour；fantasy,3
179,bi；fantasy,2
180,adult,1
181,sapphic,1
183,reviewed,1
184,audio；read-fantasy；reviewed,3
185,2023-releases；netgalley-arcs；rainbow-flag-emoji,3
187,africa；author-of-color；fantasy,3
190,physical-owned-books,1
192,2023-release,1
196,2023-releases；audiobooks,2
199,lgbtqap；physical-read；read-2023,3
200,fantasy-sci-fi；lady-authors；queer-books,3
201,fantasy；justice；novels,3
202,fantasy,1
204,2023-anticipated-releases；fantasy,2
205,2023-releases；adult；arc,3
206,scifi-fantasy,1
207,fantasy,1
208,lgbt-stories,1
209,actual-book-with-pages-and-everythi；fantasy；kindle,3
211,netgalley,1
212,2023-read；fantasy；race-and-gender,3
214,2023；bisexual-rep；sapphic,3
217,2023-reads,1
220,audiobook；fantasy；feminist,3
224,broken-binding,1
225,arc,1
227,author-female；author-poc；diverse-books,3
228,fantasy,1
229,netgalley,1
232,lgbt；read2023,2
236,2023-releases,1
239,arcs,1
243,sapphic-mc,1
244,favorites；favorites-2022；netgalley,3
247,feminist；lgbtqia；sapphic,3
248,fantasy；lgbtqa-rep,2
249,2022-arc；2023-arc；2023-release,3
258,sapphic,1
261,dnf,1
262,netgalley；queer-lit；sff,3
263,audiobooks,1
265,fantasy,1
267,2023-releases,1
268,read-owned；signed-books,2
271,african-american；audio；lgbtq,3
277,2023,1
281,fantasy；favorites；sex-feminism,3
284,2023；bookclub-fantasy；fantasy,3
289,2024,1
291,arc,1
292,audiobook；fantasy,2
293,2023-books-i-read；adult-fiction；owned-audiobook,3
294,2023,1
295,2023；e-book；lgbt,3
298,ebook；netgalley-arc；scifi-fantasy,3
