Row,Tags,Tag_Count
0,all-time-favorites；arcs,2
1,adult；adult-horror；fiction,3
4,creepy；fairy-tale；gothic,3
5,2023-read；arc；audiobook,3
7,2023-reads,1
9,3-stars；audiobook；netgalley,3
13,fantasy；fiction,2
14,2024-reads,1
15,1-star-hated-it；audio-book；author-world,3
19,2023；fantasy,2
21,ng2023,1
23,review-copies,1
24,most-anticipated,1
25,advance-listening-copy；fantasy；gothic-fiction,3
27,contemporary；fantasy；ghosts,3
28,favourites；horror；romance,3
31,favorites,1
34,from-publisher；netgalley,2
35,2023-and-me,1
36,2023；fantasy；favorites,3
37,2023-reads；adult-books；fantasy,3
38,2023-reads；achillean；achillean-mc,3
41,5-stars；animals；contemporary,3
42,adult；fantasy；march-tbr,3
45,adult-books-read；fantastic-fabrications；gothic-grotesqueness,3
46,adult-fantasy；adult-romance；arc-giveaway-freebie,3
51,best-books-i-ve-ever-read；horror；literary,3
52,2023-reads；a-smattering-of-lols；arc,3
54,horror,1
56,favorites；gorgeous-prose；gothic-lovely-gothicness,3
57,2023；adult；fantasy,3
58,a-cat-is-in-this；class-gender-race；creature-feature,3
59,2023-reads；audiobook,2
60,academia；adult；family-dynamics,3
61,2023-faves；gothic-mystery；scorpios-will-enjoy,3
64,audiobooks；booksaboutbooks；fairytales,3
65,2023；5-stars；mystical,3
66,arc-reviews,1
69,favorites,1
70,2023-reads；anticipated-2023-releases；arc-reads,3
72,physical-books,1
74,hardcover,1
75,netgalley-arc,1
76,age-adult；arcs；fiction-horror,3
80,arc；fantasy；fiction,3
82,adult-that-feels-ya,1
83,2023-reads,1
84,arc；fantasy；haunted-houses,3
85,favorites,1
86,2slgbtqia；bad-woman-ily；fantasy,3
87,dnf,1
88,adult；bisexual-rep；fantasy,3
89,2023-reads,1
90,2023-reads；aty-reading-challenge-2023；best-book-boyfriend,3
91,2023；2023-netgalley-challenge；audio-book,3
92,faves；faves-2023；fiction,3
93,fantasy；gothic；horror,3
94,cover-deserves-nobel-peace-prize,1
97,horror,1
104,4-stars；adult-horror；arcs,3
105,arcs-and-galleys；fantasy；gothic,3
106,favorites,1
109,2023；books-i-recommend；fantasy,3
110,rural-fantasy；sapphic-characters,2
112,arc-netgalley-or-alc；audiobook；fantasy,3
114,contemporary；found-family；gothic,3
115,arc,1
117,read-2023；ya-fantasy,2
118,audiobook；library-ebook；own-print,3
122,fantasy；goodreads-choice-awards；horror,3
124,gothic-romance,1
125,3-star-reads；contemporary；fantasy,3
129,2023-read-your-shelves；fantasy；fiction,3
133,dnf-hated,1
134,all-my-physical-books,1
135,botm；dnf,2
136,18-and-above；already-on-kindle-shelf；authors-with-no-book-rights,3
137,best-folklore；favourite-books；gothic,3
140,arcs,1
143,arcs-received；fantasy,2
146,2023-reads,1
147,2023,1
148,2023；4-star；fantasy,3
149,2023-releases；adult-fiction；arcs-netgalley,3
150,adult；arc；audiobook,3
153,magical-realism；mystery；new-books-in-2023,3
154,netgalley,1
156,arc；fantasy；gothic,3
157,library,1
158,fantasy；ya,2
164,reviewed；reviewed-2023,2
165,horror,1
166,adult；arc-netgalley；bi-rep,3
167,fantasy；low-fantasy；mystery-thriller,3
168,disappoiments,1
171,fantasy-scifi；netgalley-arc,2
175,5-star；favourite；full-reviews,3
176,arcs；netgalley,2
179,adulting-is-hard；all-parents-damage-their-children；books-i-own-physical,3
181,fantasy；thriller,2
184,my-library,1
189,arc；fantasy-adult；fantasy-lgbtqia,3
190,audiobooks,1
192,archives；horror,2
202,2023；audiobooks；fantasy,3
203,2023；lgbtqa,2
206,fantasy；gothic；horror,3
207,home-library；read-english；read-fantasy,3
208,chronic-illness-disability；favorites；gothic,3
209,low-fantasy,1
211,book-of-the-month；dark；fantasy,3
216,arcs,1
217,ewngchallenge,1
218,dark-academia；fantasy；horror,3
220,ebooks,1
221,2024-reads；bingo-2023；fantasy,3
222,fantasy；lgbtqia-characters-author；supernatural,3
223,52in52-2024；a-z-2024,2
224,2023,1
229,2023-faves；favorite-lgbtq-books；physically-owned-read-books,3
233,books-i-own；favorites；my-special-editions,3
234,adult-fantasy；horror；owlcrate,3
240,2023；anticipated-2023；favorites,3
243,2023；audio；contemporary,3
244,atmospheric-vibes；books-i-reviewed；multiple-povs,3
246,2023-books,1
248,netgalley,1
249,arc；audiobook；gothic,3
250,netgalley；non-pod,2
252,2023-faves；read-arcs,2
254,fantasy；horror,2
255,adult,1
256,all-the-rest；fantasy-general；gen-fiction,3
260,fairy-stories；horror；sf-f,3
262,2024-reads；books-that-i-loved；ebook,3
267,2023-releases；2024-reads；adult-mystery,3
268,favorites；gothic；historical-context,3
269,2024-reads；physical-books,2
270,2023；adult；arc,3
273,fantasy,1
282,audiobook；cover-siren；npr-2023,3
283,00-bookshelf-physical；5-stars；f_2024-favorites,3
286,books-i-own-read；queer,2
292,para-dystopian-sci-fi-fantasy,1
293,buddy-read；traveling-book,2
294,booktok；fantasy-and-scifi；gothic,3
296,horror,1
298,2023-reading-challenge,1
