Row,Tags,Tag_Count
0,fantasy,1
2,arcs；favorites,2
4,fantasy,1
5,arc,1
7,books-in-my-library,1
9,read-in-2023,1
11,2023-2-or-1-star,1
12,5s；bored-to-tears；buddy-reads,3
15,arc,1
16,2023；5-stars-read；fan-rom,3
19,2024；netgalley-and-edelweiss,2
20,march-2023,1
28,2023-anticipated,1
30,arcs-from-polish-publisher,1
33,arc；fantasy；fiction,3
34,netgalley,1
36,3-stars；g-fantasy；g-ya-na,3
37,2023-releases；adult-fantasy；found-family,3
39,arc；chosen-ones；intrigue,3
40,arcs,1
41,2023；fantasy；review-books-arcs,3
44,kindle-library；my-fiction-library,2
46,1-star；achillean；adult-lit,3
47,2024,1
50,illumicrate-and-fairyloot；shop-on-your-own-shelves-2024,2
51,actually-good-enemies-to-lovers；lovers-to-enemies,2
52,2023；2023-netgalley-challenge；fantasy,3
54,2024；fantasy；favourites,3
55,arcs-and-galleys；fantasy；magic,3
57,favorites,1
59,fantasy,1
60,adult；books-i-own；can-t-remember-shit,3
62,arc-review；shooketh-history-nerd,2
63,2023；adult；audiobook,3
64,04-stars；got-2024；own-a-copy,3
65,fantasy；historical-fantasy；netgalley,3
66,2023-most-anticipated；fantasy；gothic,3
69,adult；arc；enemies-to-lovers,3
70,arcs-finished；audience-adult；format-ebook,3
71,2022；arcs,2
72,fall-tbr；religiopolitical-sff,2
75,all-my-physical-books；new-adult,2
76,fantasy；romance,2
77,arcs；necromancy；scifi-fantasy-adult,3
79,2023-anticipated-release；fantasys-aka-my-ultimate-fave-genre；morally-grey,3
80,adult-fantasy；book-subscritpions；nope,3
84,favorites,1
86,3rd-person；i-own；netgalley-arc,3
87,2023-reads,1
89,arcs；fantasy；owned,3
90,3-star-reads,1
92,adult-fantasy；netgalley,2
94,fantasy；fantasy-paranormal-romance；library,3
103,netgalley；netgalley-2022；reviewed,3
104,2023-releases；arc-books,2
105,arcs；netgalley,2
110,fantasy-scifi；netgalley-arc,2
111,2023；rtc,2
113,2slgbtqia；bad-woman-ily；fantasy,3
114,4-stars；fantasy-paranormal；fiction,3
118,adult；blog-library；english,3
120,2024；fantasy,2
122,dark-fantasy,1
124,ehhh-to-lovers；enemies-to-lovers；favorites,3
126,2024,1
129,2022-releases；2023-releases；arcs,3
132,physical-copy,1
133,2024-books-read；coming-of-age；fantasy,3
136,2023；arcs；physical,3
138,author-signed；drug-related；fairyloot,3
139,2023,1
142,d-n-f,1
145,awful-male-protagonist；did-not-finish；fantasy,3
146,2023；fantasy；romance,3
147,netgalley；review-copies,2
148,arcs,1
150,adult；booktalkwithwifey；fantasy,3
151,favorites；multiple-copies；special-editions,3
153,2023-releases；adult-fiction；cover-love,3
155,2024,1
156,audiobooks,1
162,books-i-love,1
167,2023；fantasy；netgalley-arc,3
171,arcs,1
176,2023-releases；fantasy-ya；favorites,3
178,2022-books-reviewed-for-netgalley,1
183,own；read-2023；se-fairyloot,3
186,own-libro-fm,1
187,2023；audiobooks；fantasy,3
190,21st-century；fantasy；new-adult,3
191,audio；fantasy；fantasy-romance,3
192,reviews,1
198,arcs；netgalley,2
199,favorites,1
200,2023-releases；fantasy,2
202,2023-releases；courtly-drama；fantasy,3
206,adult-fantasy；booktalk-with-wifey；favorite-books,3
211,arc；netgalley,2
213,arcs-or-review-copies；book-box；read-in-2023,3
216,2023-reading-challenge,1
217,physical-tbr,1
220,book-club,1
221,dnf；fantasy-romance,2
222,books-i-own-read,1
223,2023-releases-i-want-to-read,1
227,netgalley,1
229,books-i-love,1
230,my-bookshelf；read-in-2024,2
234,read-2023,1
237,arcs；fantasy,2
238,2023；a；best-2023,3
240,sci-fi-fantasy；series,2
244,christie-community-library,1
245,fantasy,1
249,2023；adult；dnf,3
251,books-i-own；fantasy-romance,2
252,bodies-in-my-shelves；my-gothic-horror-self,2
254,2023,1
259,2023-releases,1
260,fantasy,1
262,adult-fantasy；arcs-net-galley；historical-fantasy,3
268,fantasy；netgalley,2
269,owned,1
271,arcs；fantasy-sci-fi；young-adult,3
272,favorites,1
273,adult-fantasy；arcs；reviews,3
275,arcs,1
277,arc；fantasy；read-in-2023,3
279,2023-books-i-read；adult-fiction；owned-audiobook,3
280,adult；ebook；fantasy,3
281,arc-netgalley,1
282,audiobook；fmc-ladies-got-skills；genre-fantasy,3
287,arc；clean-ish；fantasy,3
288,fairyloot-books,1
293,dark-fantasy；fantasy；fiction,3
294,fantasy,1
296,2023-reads；arcs,2
297,fairyloot；fantasy；fiction,3
299,2023-reads,1
