Row,Tags,Tag_Count
0,2023-releases；arcs-to-read；fantasy-to-read,3
1,favourites；physically-own,2
3,cozy；epistolary；fae,3
4,2024-books,1
5,dnf,1
6,2023；adult-fantasy,2
7,2023；cozy,2
9,2024-reads,1
10,2023-read；audiobook；fantasy-or-science-fiction,3
11,books-in-my-library,1
12,4-25-stars；netgalley；ng-2023,3
13,fantasy-romance,1
15,favorites,1
16,ebooks；paranormal-supernatural；romance,3
17,fiction-genre-sff-historical；owned-in-arc-ebook；rating-4-point-5,3
20,arcs；favorites,2
21,fantasy,1
22,fantasy；historical,2
24,fairyloot-2022；unpopular-opinion,2
25,magical-realism；retelling-fairytale；romance,3
28,2024；book-club；fantasy,3
32,arc；fantasy；favorites,3
33,2023,1
36,2023；cozy-lugar-feliz；fantasía,3
38,adult；fantasy；fiction,3
41,read-in-2023,1
42,fall-tbr,1
43,2023；2023-net-galley-challenge；arcs,3
44,adult；fantasy；january-tbr,3
45,fantasy；unfinished-series,2
48,audiobooks；favourites,2
49,2022-read；2023-read；alternate-history,3
51,arc,1
52,fantasy；wheel-8,2
53,fantasy,1
54,rezensionsexemplar,1
55,2023-releases；fantasy；on-app,3
56,3-point-25-stars；library-loan-mlc；read-ebook,3
58,2024-books,1
60,2022-reads；adult；arc,3
61,addictive；books-about-writers；class-gender-race,3
62,2024-reads；apple-of-my-eye；eternal-on-the-mind,3
66,physical-owned,1
67,audiobooks；fairytales；fantasy,3
68,2023-releases；adult-na；faeries,3
71,2023-favourites；2023-reads；contemporary,3
73,audio；fantasy,2
74,5-star；adult；audiobook,3
76,fantasy-and-frens-book-club,1
77,5-star；adult；fantasy,3
78,2023；fantasy；netgalley-and-edelweiss,3
80,netgalley,1
81,1st-in-series-to-be-completed；fantasy；not-my-cup-of-tea,3
83,five-stars-reads,1
85,2023-releases；5-stars；badass-herione,3
86,4-stars；fantasy；friends-to-lovers,3
88,still-think-about,1
90,a-dog-is-in-this；addictive；anglophilia,3
91,3-stars；book-boyfriends；fantasy-sci-fi-pnml,3
92,genre-action；genre-fantasy；genre-historical-fiction,3
93,fantasy；favorites；read-in-2023,3
94,covergasm；did-not-see-that-coming；insta-love-lust-attraction,3
95,about-this；added-to-my-kindle-fire；beautiful-jacket-cover,3
96,read-in-2023,1
97,e-books,1
100,fantasy,1
101,beautiful-writing；god-tier-fantasy,2
103,2024-shelf；all-time-favs；cozy,3
106,audiobook-life,1
107,academia；cozy；fae,3
108,2023-faves；academia；adult,3
109,2023-releases,1
111,fae；fantasy；netgalley,3
112,magical,1
113,blur-rating；favorites；my-favorite-covers,3
114,three,1
115,book-about-books；educator；epistolary-element,3
116,fantasy；rating-pg,2
117,cozy-fantasy；favorites,2
118,owned,1
119,book-boyfriends；books-i-own,2
120,2024-read-all-the-books-11；audiobook；fantasy,3
121,arcs-and-galleys；fae；fantasy,3
125,adult；arc；fantasy,3
127,1-highest-recommendation；arc-review,2
129,comfort-reads；fae；favorites,3
130,book-talk-with-wifey,1
131,audible；own；paperback,3
132,5-stars,1
134,dnf-might-get-to-it-sometime-later；enemies-to-lovers；faerie-folk,3
136,romance-adjacent,1
137,favorites,1
140,aged-wine；growing-flowers,2
141,8s；adult；fae,3
142,_moved-in-2023；01_bookshelf；a-adult,3
143,buddy-read-book-club-read；diane-s-meager-effort；fantasy,3
146,2023,1
147,adult；faeries；fairytale,3
148,fantasy；fem-author；sff-bookshelf,3
150,favorites,1
153,2023；adult；fantasy,3
155,light-academia-cottagecore；love-is-real,2
156,favourites,1
162,read-in-2023,1
163,0-0-goodreads-gaming；0-hyped；1-borrowed,3
164,historical-fantasy-x1f570；winter-fantasy-book-recs,2
165,2022-netgalley-reads；2022-reads；fantasy,3
170,adult；comfy；fantasy,3
172,best-of-2022；close-to-my-heart；fairytales-and-folklore,3
174,best-of-2023,1
175,library-print,1
176,fairyloot-edition；favourites-2023；read-in-2023,3
177,arcs；bury-me-with-these-books；physical-copy,3
178,adult；books-i-own；cozy-fantasy,3
179,arc-s-netgalley-and-edelweiss；fantastico-fantastics-scifilicious,2
181,arc；favorites；physical-library,3
182,dnf,1
186,enemies-to-lovers；fantasy；fiction,3
189,novel-owned；novel-owned-se,2
190,wishlist-3,1
192,cozy-warm-fuzzy-slice-of-life；fae-elves；fantasy-na-adult,3
193,fairy-tale；fantasy；historical,3
196,favorites,1
197,f-sf-for-adults；fiction-for-adults；romantic-fantasy,3
198,2023-books；audiobooks；historical-fantasy,3
199,2023-releases；adult-fiction；cover-love,3
200,cozy-vibes-fantasy,1
201,favorites,1
202,fae；fantasy；historical-fantasy,3
203,all-time-favourites,1
205,fae-magic；fantasy；historical-fantasy,3
207,my-loves,1
209,fantasy；read-in-2023；reviewed,3
212,2023-releases；fantasy；historical,3
214,fantasy；romance,2
215,library；netgalley；read-in-2023,3
216,2022-read-your-shelves；fantasy；fiction,3
220,2023；me-encantó,2
222,favorites,1
224,romantasy；ya,2
227,bury-me-with-these；cozy-read-starter-pack；history-of-magic,3
228,dnf,1
229,reviewed；reviewed-2023,2
231,fav-fantasy,1
233,2023-releases；fantasy；series,3
234,5-stars,1
235,authors-on-probation；avoid-it-like-it-is-poison-ivy；books-with-1-star,3
236,2022-read；arc-2022；fairy-loot,3
238,2023；2023-books-hauled,2
239,physically-own,1
240,arcs-finished；audience-adult；format-ebook,3
241,2023-01-january；netgalley,2
242,circebookclub；ebook；favorites,3
243,fantasy,1
245,favorites,1
246,2023-reads；audiobooks；fantasy,3
248,unfinished-series-bc-ash-and-sash,1
249,cover-love；fantasy；favorites,3
250,2023-books；all-time-favorites；fantasy,3
251,2023-releases；adult；adult-fabulism,3
252,these-books-define-me,1
253,2024-favorites,1
256,buddy-read；fantasy,2
261,2024；4-stars；adult-fiction,3
263,2023-reads；4-star-reads；owned-books,3
264,1-star-or-dnf；adult；advanced-reader-copy,3
265,favorites,1
266,favorites；libby,2
267,audiobook；cozy-reads；favorites,3
268,2022,1
270,fae；fantasy；owned,3
272,books-i-own；fantasy,2
274,cozy-af；fantasy-that-became-my-personality；here-for-the-heroine,3
275,1-2023-releases；2-adult；3-sff,3
276,2023；least-favorite-books,2
277,2022；fantasy；netgalley,3
280,adult；fantasy,2
281,physical-library,1
283,4-stars；adult；characters-that-live-in-my-heart,3
287,pc,1
290,3stars,1
291,fantasy-or-sci-fi；kindle-read-done-finito；reviewed-by-me,3
292,favourites-2023,1
296,fantasy；favourites；good-friendship,3
297,books-i-listened-to；favorites,2
298,adult；adult-fantasy；fantasy,3
