Row,Tags,Tag_Count
0,2023-reads；netgalley,2
1,2023-books；review-copy；science-fiction,3
3,favorites-sci-fi；reviewed-reads,2
5,2024-reads,1
6,sci-fi；sff-favorites,2
8,sci-fi；space-opera,2
9,netgalley,1
12,fantasy；science-fiction,2
15,science-fiction,1
19,sci-fi,1
23,2023；british；favorites,3
24,e-book；mai-23,2
25,si-fi,1
28,read-in-2023；sci-fi,2
30,absolute-favorites；arc-s-to-review,2
32,books-collected-in-2023；owned；physical-copy,3
33,2023；2024,2
36,science-fiction,1
38,g-scifi；x-library；y-rating-4,3
39,2023；best-of-2023；sci-fi,3
44,adventure；animal-stories；biology,3
45,favourites；science-fiction,2
46,ebook；science-fiction,2
48,adventure；ebook；hard-science-fiction,3
49,sci-fi,1
60,002-aventuras；007-sci-fi；008-space-opera,3
72,cosmic-shit；doomed-sailors；science-fiction,3
73,fantasy-sf,1
79,read-in-2023；series-completed,2
88,owned-and-read；read-2023,2
91,sci-fi-fantasy,1
93,great-relationships,1
100,fall-2023,1
102,sf,1
104,2024；apocalyptic；sci-fi,3
111,fiction；science-fiction,2
121,science-fiction,1
129,scifi,1
133,alien-biology；alien-technology；aliens,3
135,best-of-2023；completed-arcs,2
139,novels；scifi,2
140,arcs；fiction-science-fiction,2
149,auto-buy-authors；british-irish-authors；male,3
150,favorite-books,1
152,best-for-18-and-up,1
153,2023-releases,1
156,action；adventure；space-opera,3
158,2023-favorite；advanced-reader-copy；cbr15,3
159,scifi-fantasy,1
165,science-fiction-1,1
176,owned,1
178,aliens；sff；worldbuilding,3
187,ebook-kindle；netgalley；reviewed,3
188,sci-fi,1
197,space-opera,1
200,sci-fi,1
205,2023-books,1
207,sci-fi-done,1
210,sci-fi,1
213,space-opera,1
214,action-scifi,1
215,sci-fi,1
229,2023-shelf；sci-fi；space-opera,3
232,format_available；format_owned_phys；g_scifi,3
234,science-fiction,1
239,sf-fantasy,1
240,science-fiction,1
241,2024；after-retirement；science-fiction,3
243,sci-fi,1
250,science-fiction-and-fantasy,1
253,audio-book；reading-with-juliane；reviewed-on-the-sfbrp,3
255,2024；kobo,2
262,netgalley,1
267,sci-fi,1
274,sci-fi,1
277,adventurous,1
279,specfic-scifi,1
287,my-library,1
