Row,Tags,Tag_Count
0,fantasy；novella,2
1,arc；fantasy；giveaways,3
3,2023-favorites；authors-of-color；black-rep,3
4,black-authors；tor-tordotcom,2
5,2023-books；fantasy,2
6,libby,1
7,favourites-2023；wishlist-for-later,2
9,2023；fantasy,2
12,2022；african；netgalley,3
13,arc；fantasy；fantasy-high,3
14,arc-netgalley；fantasy；short-fiction,3
16,nebula-eligible-2023,1
17,adult-book-teen-interest；dystopian；scifan,3
18,african；fantasy；novella,3
20,fantasy；magical-realism；novellas,3
22,2024top50；fantasy；good-series,3
26,2024-favorites；ebook；fantasy,3
27,2024-read；5-star；fantasy-and-scifi,3
28,2024；fantasy,2
31,always_on_my_mind；fantasy；favourites,3
32,adult-lit；black-representation；deserves-more-hype,3
34,fantasy；novella,2
37,arcs,1
38,2023；read-for-review,2
41,arcs；reviewed,2
42,owned,1
44,favorites；novellas,2
45,2023-debuts；sff,2
46,2023；arc；fantasy,3
47,2023-reads；2023-releases；adult-sff,3
48,arcs,1
49,2023_all；2023_novellas,2
52,read-in-2023,1
56,2023；quick-reads,2
57,favorites,1
58,arcs；kindle,2
59,fantasy-sci-fi；favorites,2
60,2023-52-book-club-challenge,1
62,home-library；trad-interests,2
63,2023-releases,1
67,arcs；blurbs-and-opinions；grownup-swords-and-lasers,3
68,2022-reads；arc；black-voices,3
69,fantasy,1
72,blk,1
74,fantasy,1
75,fiction-fantasy；fiction-short-stories-and-novellas,2
76,4-stars,1
78,1-i-am-seeing-stars；2023,2
79,amazing-books-i-ve-annotated；fantasy,2
82,2023；fantasy；fiction,3
83,short-stories-novellas-under-300pgs,1
85,2023；novellas,2
87,fantasy,1
88,arc；novella,2
89,fantasy,1
91,dnf,1
92,first-reads,1
94,fantasy,1
95,bittersweet；conspiracy-theories；dark,3
96,2020-2022；fantasy；novella,3
101,environment；fantasy；mythology,3
102,2023-releases；adult-fantasy；arcs,3
105,books-i-own；ebooks,2
106,fantasy；favorites；net-galley,3
109,adult；fantasy；novellas-and-shorts,3
114,favorite-books；favorite-fantasy-books；favorites-of-2023,3
116,fantasy,1
117,arc；giveaway,2
119,africa；fantasy；ya,3
125,fantasy,1
128,advancedreadercopies；authors-of-color；fantasy,3
129,2022；adult；arc,3
133,z-2023,1
134,black-author；fantasy,2
135,fantasy；published2023；shortfiction,3
136,2023,1
137,fantasy；novella,2
143,bipoc-authors；sl-sword-2023,2
152,novella,1
153,all-time-favorites；like-a-poem；short-books,3
157,2024-reads；4-star；authors-of-color,3
159,b-i-poc-authors；fantasy；novella,3
163,2024-books-read；fantasy；middle-eastern,3
166,favorites,1
167,fantasy；read-in-2022,2
168,b2weird-bookclub；bipoc-debuts-2023,2
179,2022-into-the-forest-challenge；2023-release；2nd-world-fantasy,3
183,fantasy,1
185,fantasy；science-fiction,2
190,2022-new-read；event-comiccon-2022；finished-dystopian-apocalypse,3
191,2023-reads；fantasy,2
194,fantasy；favorite-books,2
195,physical-format,1
196,2022-reads；atmospheric；fable,3
197,netgalley；non-tradotti,2
198,2023-read；advanced-reader-copy；fantasy-fiction,3
200,author-to-watch；borrowed；fantasy,3
203,2023-anticipated-releases；african-fantasy；fantasy,3
206,f-sf,1
207,favorites,1
210,african；fantasy；library-read,3
211,adult-fiction；africa；authors-of-color,3
214,fantasy,1
218,books-from-2023,1
219,allegories-and-metaphors；black-authors；booktube-made-me-read-it,3
222,want-to-read-but-not-bought,1
223,netgalley-arcs；really-enjoyed,2
224,2020s；fantasy；fiction,3
230,netgalley；sff,2
231,want-to-read-2023,1
232,adult-fantasy；novellas,2
234,arc；covet-these-covers；fantasy,3
236,adventure；african-fantasy；contemporay-african-literature,3
238,advanced-reader-copies；coming-of-age；fantasy-series,3
243,2023-reads；arcs,2
244,2023；library；novella,3
245,fantasy,1
247,arc-list,1
248,author-of-color；fantasy；high-fantasy,3
249,enjoyable,1
251,author-of-color；black-author；fantasy,3
252,fantasy；speculative-fiction,2
254,coming-of-age；fantasy-and-sci-fi；r2023-in-2023,3
262,i-need-more；library-finds,2
263,arc；fantasy,2
264,netgalley-arc；novella,2
275,awesome-cover；disappointed；diverse-fiction,3
276,2023-releases；anthologies-and-short-stories；debuts,3
279,fantasy；sci-fi；short-stories-essays,3
283,fantasy；series-in-progress,2
285,2023；genre-scifi-fantasy；read-physical,3
295,2023,1
296,fantasy,1
297,african-lit；fantasy；novella,3
299,fantasy；novellas,2
