Row,Tags,Tag_Count
0,2023-reads,1
2,read-2023,1
3,adult；animals；fiction,3
4,2020-29；2023；4-star,3
5,arc；dark-fiction；humor,3
7,adult；contemporary；humour,3
8,humorous-fiction,1
9,2023；fantasy；library-book,3
11,judged-by-its-cover；you-must-read-this,2
12,netgalley,1
13,audiobooks；fantasy；laughing-out-loud,3
14,hugo-awards-2024,1
15,all-reads-challenge-2023,1
16,animals；arcs-and-galleys；fantasy,3
17,0-browsing；1-arc-advanced-reader-copies；2-first-books,3
18,ebook；netgalley-arc；ryb-mount-tbr,3
19,2023-reads；books-of-my-heart；super-sidekicks,3
20,action；fiction；young-adult,3
21,2023；netgalley；superheroes,3
22,halloween-bingo-2023；if-i-could-talk-to-the-animals；mad-scientists-and-evil-geniuses,3
23,arc；read-books-2023；speculative-fiction,3
26,at-slo-paso-bg-pa；cats；fantasy,3
27,audio；fbr；read-in-2023,3
28,fantasy-buddy-reads-2023；review-copy-net-galley,2
29,2023-read；alternate-history；arcs,3
30,american；fantasy；goodreads-made-me-do-it,3
31,2023-books；audiobooks；own-audible,3
35,fantasy,1
36,arc-reviews；shorties,2
38,adventure；audiobook；black-humour,3
39,cats；ggg-bookshelf；sci-fi,3
40,2023；arc,2
41,liburrrrrry-book；read-in-2023；you-had-me-at-hello,3
43,audio；science-fiction,2
44,humor；reviewed；science-fiction,3
45,fantasy；science-fiction,2
47,2023；reviewed,2
50,audiobook；short-reads；x_2023,3
51,genre-sci-fi；source-library-ebook,2
52,2023；2023-netgalley-challenge；humor,3
56,series-2023；wheel-of-music,2
58,llegits-2023,1
59,2023；arc；march,3
62,sci-fi,1
63,humor；sci-fi,2
64,2024；humor；science-fiction,3
67,23-read；audiobooks,2
68,books-owned；sci-fi-fantasy,2
71,popcorn,1
72,reviewed；reviewed-2023,2
76,american；american-authors；fantasy,3
77,2024,1
78,2023-ha-tbr-challenge；animal-characters；dark-humor,3
79,2023；books-i-recommend；funny-reads,3
80,lines-of-gold；love-this；surprise,3
84,american-21st-c；fiction；novels,3
85,contemporary；family；netgalley,3
87,favorites,1
90,2023；2024；fantasy,3
91,2023-reading-challenge；autumn,2
94,sci-fi,1
97,2023,1
99,assassins；audible-listens；biopunk,3
104,favorites,1
106,humorous-literature；read-in-english；thrillers,3
108,2023-releases；2024-read；publisher-torbit-tor,3
109,2024-challenge；4-stars；animals,3
110,2023-looks-good；23-for-2023；got-an-arc,3
111,20xx-laser；audio-book；author-male,3
112,fiction,1
113,2023-reads,1
115,sci-fi-and-fantasy,1
116,sci-fi；suspense,2
121,favorites,1
122,2024-monster-mash；2024-mount-tbr；read-in-2024,3
124,2024；sci-fi,2
128,dnf,1
131,2024-reading-challenge；need-to-buy,2
138,fiction,1
139,arc；sci-fi,2
140,audiobooks,1
145,dark-humor；fantasy-or-magical-realism；fiction,3
147,library-books,1
148,2023-reads；audible；sci-fi,3
153,arc-s-netgalley-and-edelweiss；fantastico-fantastics-scifilicious；i-m-so-excited-to-read-this,3
154,audiobooks；best-of-2023；gorgeous-cover,3
156,dnf,1
157,didn-t-finish；supes,2
161,book-clubs；ebook,2
164,2023；fantasy,2
165,favorites,1
170,52-book-club-2024,1
171,borrowed；fiction；kindle,3
174,5-stars；read-in-2023；sci-fi,3
175,genre-scifi；rating-3-stars；released-2023,3
178,2024；animals；humor,3
185,science-fiction-and-fantasy,1
186,fantasy；sci-fy,2
188,sci-fi,1
189,2024,1
191,1-own；2-audible；3-recom,3
192,format_available；format_owned_phys；g_scifi,3
193,1-owned；2023-release；audiobook,3
196,humour；science-fiction,2
197,contemporary-fiction；science-fiction,2
200,bundle,1
203,2023；anticipated-2023,2
205,2024；audiobook；covers,3
206,giveaways,1
207,ebook；general-fiction；humor,3
209,sci-fi,1
211,science-fiction,1
212,sci-fi-fantasy,1
213,audiobook,1
215,sci-fi-fantasy-dystopia,1
216,2023-releases；all-time-favorite-reads,2
217,585,1
219,arc；dnf,2
223,book-cult-reads,1
225,adult；audio；fiction,3
227,2023；audiobooked；favorites,3
234,2024-novels-novellas-read；2024-sp-arc；read-2024,3
237,fiction；netgalley；science-fiction,3
238,4-stars；adult-fiction；sci-fi,3
239,2024-book-bingo；eric；fantasy,3
247,2023-books；2023-library；october-2023,3
252,wishlist,1
254,scalzi；scifi,2
256,2024；book-club,2
257,general；read-in-2024,2
260,audiobook；favorites,2
261,2023；audiobook；general-fiction,3
267,2023-anticipated-releases,1
268,creepy-cool-covers；kindle；sci-fi-mumbo-jumbo,3
272,audio2023,1
273,adventure；fiction；humorous-writing,3
279,fantasy；fiction；humor,3
282,2023-release；fantasy；science-fiction,3
284,arc-netgalley；z-2023-all,2
287,funny；science-fiction-fantasy,2
288,science-fiction,1
290,cute-pets；male-protagonist；no-romance,3
292,fantasy-sci-fi；the-infinite-library,2
293,z2023,1
296,favorites；science-fiction,2
297,read-in-2023,1
299,2023；favorites；fiction,3
