Row,Tags,Tag_Count
1,4-stars；kindle-unlimited,2
2,2023-reads；clean；fantasy,3
12,ku,1
13,2023,1
14,read-but-don-t-own,1
15,arc；romantasy；ya-fantasy,3
16,2023-read；2023-releases；air-awakens-related,3
19,books-i-own；ebook-copies,2
22,coverlicious；fantasy-romance；personal-library,3
23,2023,1
25,2023-indie；2023-review,2
29,favorites,1
31,buy-physical-form,1
33,all-time-favorites,1
38,arc；book-tour-books；my-ebooks,3
52,arc；favorites；owned-books,3
66,arc-ing-it-up,1
71,2023,1
76,2023；fantasy；sent-to-me,3
77,arc；fantasy；young-adult,3
84,fantasy-sci-fi,1
106,library,1
116,ya-fantasy,1
124,2023-reads；arc；fantasy,3
128,need-now,1
142,readin2023,1
144,owned,1
154,2023,1
158,fantasy；young-adult,2
160,favorite-book-series,1
164,favorites,1
170,2023；fantasy；kindle-unlimited,3
179,all-time-favourites,1
