Row,Tags,Tag_Count
0,arcs-read,1
1,black-authors,1
4,2023；fantasía,2
5,2023；tbr-soon,2
6,2023；arc；own,3
8,audio-books；netgalley-books-read；z-2023-books-i-read,3
10,young-adult,1
11,magical-house；wbtm-authors；worlds-beyond-the-margins,3
12,fiction-fantasy,1
13,arc；bipoc-actor；bipoc-author,3
14,bipoc-author；black-african-afro-diaspora；middle-grade-late-elementary,3
15,favorites；net-galley,2
17,arc；family；fantasy,3
19,arcs；netgalley,2
20,middle-grade；netgalley-arcs,2
23,2023；arcs-alcs-finishedcopies,2
26,2023-books；2023-library；august-2023,3
27,3-star-books；male-authors；middle-grade,3
28,50-poc；childrens；cybils-judge-2023,3
30,2023；lib2023,2
33,3-and-a-half-stars；fantasy；magical-realism,3
36,fantasy；free-arcs；middle-grade,3
39,arcs；e-book；fantasy,3
42,2023-releases；middle-grade；netgalley-arcs,3
45,netgalley-2023,1
47,arcs；audiobook,2
51,2023-challenge-books；fantasy；middle-grade,3
54,lyrc-2025,1
56,arc,1
57,sf-and-fantasy,1
58,giveaway,1
59,ebook；fantasy；fiction,3
61,added-2023；arcs-i-got,2
63,2023-finished；4-stars；arc,3
65,ebook；netgalley-arc；scifi-fantasy,3
67,4-recommended,1
69,adventure；children-s-books；fantasy,3
72,middle-grades；netgalley-prereads；sci-fi-fantasy,3
73,arc；books-i-don-t-own；netgalley,3
77,netgalley,1
78,africa；childrensbooks；diverse-read,3
79,2023-favorites；2023-netgalley,2
82,fairy-folk-myths；mid-grade,2
83,middle-grade-fiction,1
85,netgalley,1
86,2023；arcs-read-and-to-read；diverse-reads,3
89,fantasy；young-adult,2
94,arcs-read,1
97,e-books；fantasy,2
98,fantasy；middle-grade；unfinished-series,3
99,hugos-2024；read-childrens,2
101,arcs；black-authors；childrens-fantasy,3
105,africa；coming-of-age；fairy-tales,3
106,arc；disappointing；ebook,3
117,12-14；black；fantasy,3
118,2023-reads；audiobook；fantasy,3
119,africa；arcs；fantasy,3
124,2023；fantasy；middle-grade,3
125,arc；giveaway,2
127,fantasy；mg,2
129,middle-grade；staff-recommendations,2
131,fantasy；middle-grade；read-as-audiobook,3
133,2023,1
134,audiobook,1
137,arc,1
139,children-s-lit；fantasy,2
141,2023release-july；fantasy；goodreads-giveaway,3
142,children-schapterbooks；diversebooks；fantasy,3
145,books-read-in-2024；books-set-in-africa；middle-grades,3
148,2023-read,1
155,african；alaconvention2023；arc-unedited-proof,3
156,2023；adventure；childrens-books,3
158,fiction,1
163,common-sense-review,1
171,fantasy；middle-grade,2
173,2023-reading-challenge；black-experience；blackoweentm-2023,3
176,giveaway；middle-grade；mythology,3
180,netgalley,1
183,giveaway-entries,1
185,netgalley,1
186,fantasy；juvenile-or-ya,2
187,fantasy；middle-grade,2
188,arc,1
