Row,Tags,Tag_Count
1,2023；amazing-series；audible,3
2,2023-reads；4-5-stars；book-boyfriend-material,3
3,netgalley-or-publisher；read-in-2023；ttx,3
5,netgalley；netgalley-2023；reviewed,3
7,fae-fairy；fantasy；female-authors,3
8,arc；netgalley,2
9,2024-reads；baa-baa-black-sheep；because-i-have-to-finish-the-series,3
10,2023；arc；netgalley,3
11,2023；2023-royalty-vs-commoner；finished-sept-23,3
12,fantasy；favorite-characters；sequels-and-series,3
13,audio2023,1
14,2023；audio-book；fae,3
15,galleys-arcs；netgalley,2
19,urban-fantasy,1
21,arc；urban-fantasy,2
22,urban-fantasy,1
23,urban-fantasy,1
24,arc-approval；my-reviews；netgalley,3
27,2023-release；arc-netgalley,2
31,arc；fairy-tales；horror-dark-fantasy,3
33,netgalley-2024；reviewed-in-words,2
37,favorites；october-daye-chronological；vwf-5-stars-2023,3
41,2023-reads；fae；fantasy,3
42,fantasy；october-daye-series；seanan-mcguire,3
45,2023；urban-fantasy,2
46,2023；fairy-tales；fantasy,3
50,arc-sept-2023；fantasy；favourite,3
53,2023,1
55,reading-challenge-2023,1
59,2023-books,1
64,2023-books；book-series-seanan-mcguire；fantasy,3
67,2024；audiobooks；urban-fantasy,3
68,2023；faeries；paranormal,3
72,contemporary-fantasy；fantasy；found-family,3
73,arc；sci-fi-fantasy-horror,2
74,2024,1
75,2023-reads；arc；ebook,3
76,5-0-star；a-adult；c-arcs,3
77,alternate-reality；didn-t-like-much；fae-and-faerie,3
79,adventure；cats；fae,3
80,3-meh,1
81,2023；urban-fantasy,2
83,scifi-fantasy,1
86,2023；fair-folk-and-foul；fantasy,3
89,fiction；lgbtqia；owned,3
90,elves；fae；faerie,3
94,2023-reads；fantasy；mystery,3
95,alternate-history；fairies；family-drama,3
97,sf-fantasy,1
98,17th-book-in-series；auto-read-author；auto-read-series,3
100,2023-pub-date；adult；audiobook,3
101,netgalley,1
104,netgalley；urban-fantasy,2
109,sf-fantasy,1
110,urban-fantasy,1
117,2023-reads；anticipated-new-release；messed-my-heart-up,3
118,fantasy；owned；urban-fantasy,3
122,2023；fantasy；urban-fantasy,3
127,fae-tale；family-found；fantasy,3
130,new-releases,1
132,2023；fae；magic,3
138,lgbtqia,1
139,contemporary-fantasy；fantasy；reviewed,3
142,urban-fantasy,1
144,2023-all；2023-new；format-ebook,3
147,advance-reader-copies；faeries,2
151,read-in-2023,1
152,urban-fantasy,1
153,2023；american-literature；fantasy,3
155,audio；digital；fae,3
162,2023-shelf；fantasy；urban-fantasy,3
163,sf-fantasy,1
164,fantasy；foundfamily；loved-it,3
170,fae-fiction；tf-series-caughtup,2
178,arc；sword-challenge,2
183,contemporary-fantasy；fantasy；magical-realism,3
188,favorites；need-to-buy；read-again,3
189,2023；fantasy；series-challenge-2023,3
190,magical-realism；paranormal；read-in-2023,3
193,contemporary；fantasy,2
194,read-2023,1
196,fantasy-and-sci-fi,1
198,2024,1
199,seanan-mcguire,1
201,2023-books-read,1
209,fantasy；favorite-books,2
214,fantasy；fantasy-contemporary,2
217,2023；library,2
218,class-series-continuation；read-2023；shelf-fantasy-syfy,3
220,fantasy；intriguing-reads；mystery,3
223,2024；favorite-fantasy,2
227,netgalley；urban-fantasy,2
228,fantasía-urbana,1
229,favorites；it-s-queer-and-it-slaps；urban-fantasy,3
239,3-stars；all-things-supernatural；ebooks,3
240,fiction-about-giftedness；own-other；sf-f,3
242,series；speculative-fiction,2
243,urban-fantasy,1
245,2023,1
246,owned,1
247,impatiently-waiting,1
248,ebook-not-lendable；library-book；urban-fantasy,3
249,2010s；alternate-history；amnesia,3
251,2-audiobook；2020s-reads；5-stars,3
255,2023；arc；ebook,3
257,2023,1
258,2023-new；fantasy-modern-urban,2
260,2023-books；fantasy；meh,3
261,audible-plus；audiobooks,2
263,top-reads,1
264,favourites；own；urban-fantasy,3
266,lgbt-read,1
268,books-for-2023；urban-fantasy,2
274,faeries；urban-fantasy,2
276,fairies；fantasy；female-mc,3
277,audio；fantasy；read-aloud-with-hubby,3
279,2023,1
289,ebook；from-the-library,2
290,read-in-2023,1
293,read-in-2023,1
294,aty-2023；read-in-2023,2
297,2023；digital；library,3
