Row,Tags,Tag_Count
0,arcs-and-review-copies；favorites；masterpieces,3
1,୨୧-they-survived-the-great-war；a-2023-favorites；a-m-o-r-t-e-n-t-i-a,3
2,2023-books,1
3,adult；fantasy；read-in-2023,3
6,2023-favorites；epic-fantasy；high-fantasy,3
7,arcs,1
9,favorites,1
13,5-stars；danny-faves；reread-tbr,3
15,f-fantasy；r-5-star,2
17,best-of-2023；fantasy-adult；fantasy-highfantasy,3
18,fantasy；favorites,2
19,恋の予感；adult-sff；animal-companion,3
22,2024-reads；adult-books；fantasy,3
24,2023-read；fantasy-or-science-fiction；favorite-2023,3
26,2023-reads；and-you-get-5-stars；favorites,3
28,2023-books；fantasy；series-caught-up,3
29,favorites,1
32,fantasy；read-2023；release-2023,3
33,dont-own；fantasy；favorites,3
37,2023-releases；favourites-2023,2
38,favorite-books,1
39,all-time-favorites,1
40,2024；buddy-read；fantasy,3
43,arcs-and-galleys；epic；fantasy,3
44,6-stars；best-reads-2024；fantasy,3
47,2024-favorites；2024-tbr,2
48,2024-five-star-reads,1
49,dark-academia,1
53,2024-best；5-stars；god-tier,3
54,fantasy；five-stars；read-in-2023,3
55,books-i-own,1
56,top-books-check-them-out,1
59,a-game-is-afoot；addictive；anti-colonial-and-anti-imperialist,3
60,netgalley,1
61,all-my-physical-books,1
62,read-in-2024,1
63,favourites,1
64,2023；fantasy-recommendations；favs,3
66,cover-appreciation；favorites,2
67,epic-fantasy,1
68,fantasy；favorites-2023,2
72,5-star-reads,1
74,2024_reads,1
75,dark-academia；owned,2
76,fantasy；favorites,2
78,fantasy,1
80,books-collected-in-2023；fantasy；owned,3
83,5-stars；adult-fantasy；all-time-favorites,3
85,arc-s-netgalley-and-edelweiss；fantastico-fantastics-scifilicious,2
86,2023-reads；5-stars；adult-fantasy,3
87,dnf,1
88,favorites,1
89,audiobooks；fantasy；school-and-academia-stories,3
90,books-i-own-read,1
93,2023-reads,1
97,audio-books,1
100,favourites,1
101,fantasy；man-author,2
103,fantasy；favorite-series,2
104,2024-tbr；audiobooks；continuing-series,3
105,fantasy；series,2
106,fantasy,1
110,high-fantasy,1
114,adult-lit；fantasy,2
115,dark-academia；priority-tbr,2
117,fantasy；series,2
119,dnf；fantasy,2
121,2024-read；fantasy；favourite-books,3
122,favorites,1
124,fantasy；want-to-own,2
128,fantasy,1
132,2023-favorites；favorites；gifted,3
134,fantasy,1
135,2023-favorite-reads,1
136,2023；all-time-favorites,2
137,favorites,1
140,adult；fantasy,2
141,reviewed；reviewed-2023,2
142,my-favorite-books-read-so-far,1
143,adult；audiobook；fantasy,3
144,buddy-read,1
147,best-of-2023,1
150,my-beloved,1
152,favs,1
153,all-time-favorites,1
154,2024-favorites,1
155,2024-faves,1
156,text-2023,1
157,fantasy；favorites,2
158,dark-academia；fantasy；high-epic-fantasy,3
159,favorites；owned-audible；top10,3
162,5-stars；audiobooks-read-in-2023；favorites,3
164,favorites；i-need；priority,3
165,faves,1
169,4-stars,1
175,best-of-2023,1
178,2024；bookclub；fantasy,3
180,fantastika,1
181,exclusive-or-special-editions；fantasy；favorites,3
184,fantasy；favourite-series,2
189,fantasy,1
190,book-and-audio；favorites,2
193,adult；fantasy,2
194,2023-booklist；eye-roll-worthy；fantasy,3
195,own,1
197,favorite-fantasy,1
198,greatest-hits,1
199,own；series-to-continue；want-to-reread,3
200,fantasy,1
201,2024-read；favorites,2
205,2023；2023-faves；2023-releases-read,3
206,2023-releases；favorites；read-2023,3
207,5-stars；adult；bestof-2023,3
208,favorites,1
210,3-star；audiobooks；whats-the-fuss-about,3
211,2024；favorites,2
214,0reviewed；1fantasy；2novel,3
217,2023-releases；fantasy；fiction,3
221,2023-reads；abuse；book-buddy-non-recs,3
222,2023-favs；best-fantasy,2
226,dnf,1
228,fantasy；fiction；magic,3
230,fantasy,1
232,my-5-stars-of-2024,1
233,2024-reads；books-i-own,2
236,2024-reading-challenge；need-to-buy,2
237,favorites,1
246,fantasy-romantasy；fave-part-of-a-series,2
247,favorites,1
250,2024；audio；fantasy,3
251,2023-best-reads；favorites；netgalley,3
252,high-fantasy,1
256,2023；absolute-favs；the-goods,3
259,fantasy,1
262,sci-fi-fantasy,1
263,kindle-reads；library-books,2
265,fantasy-maybe,1
272,2023-tbr,1
273,favorites,1
274,all-time-faves；audio-books,2
277,5-star-reads,1
281,2024-reads；fantasy,2
283,2023-08-august,1
290,2024-tbr；amazing-world-building；fantasy,3
295,classics；fantasy,2
297,favorites,1
