Row,Tags,Tag_Count
0,2023,1
4,adult；fantasy；magic,3
7,sanderson,1
8,audiobook；epic-fantasy；fantasy,3
13,ciencia-ficción-y-fantasía,1
15,2023-reads；4-5-stars；awesome-audio,3
16,x-2021-finished；x-2023-finished,2
17,fantasy,1
19,brandon-sanderson；physical-owned,2
20,sanderson；science-fiction,2
22,disappointments；fantasy；read-in-2024,3
23,2023-reads；adult-books；e-books,3
25,libro-fm-library,1
26,epic-fantasy,1
27,author-sanderson；own-audible；own-kindle,3
35,a-3-25-stars；b-adult；c-stand-alone,3
36,2023-reads；science-fiction,2
37,still-think-about,1
38,adult-sff；cosmere；self-published-sff,3
44,2023,1
51,fantasy；man-author,2
52,read-in-2023,1
53,reading-challenge-2024,1
54,cosmere；fantasy；hype,3
56,fantasy,1
57,fantàstica；sci-fi,2
60,fantasy；kindle,2
62,fantasy；reviewed,2
63,fantasy,1
65,2023,1
68,scifi-fantasy,1
73,favorite-stand-alones,1
75,2023；audio-libro；cosmere,3
87,my-5-star-books,1
93,0-repeat-author；1-bought；8-sci-fi,3
95,fantasy；read-2023；science-fiction,3
102,2023；5-of-5-would-read-again,2
103,2023,1
104,fantasy,1
106,audiobooks-2023；fantasy；fiction,3
107,buddy-read；cosmere；epic-or-high-fantasy,3
111,2023-reads；fantasy,2
114,adult-adult-fantasy；brandon-sanderson-to-buy；buy-when-available,3
115,2023；audio；books-i-own,3
116,2023-reviews；pretty-good；rated-5-stars,3
120,fantasy；sci-fi,2
124,2023；brandon-sanderson；have-read-in-english,3
125,a-casa；ebook,2
126,ebook；fantasy；illustrated,3
130,0reviewed；1fantasy；1science-fiction,3
150,age-adult；f-novel；fantasy,3
151,kindle；x_2024,2
157,best-for-16-and-up；books-i-love,2
161,fantasy,1
165,2024-reads,1
167,physical-books,1
169,read-in-2023,1
175,owned；read-the-bookshelf-2023,2
179,fantasy；fiction,2
180,kindle,1
183,cosmere,1
185,brandosando,1
190,2023；fantasy；indie-fiction,3
192,fantasy,1
193,2023,1
198,cosmere,1
200,cosmere；tbr-2023,2
204,brandon-sanderson；fantasia；ficção-científica,3
205,audio；calibre；fantasy,3
208,fantasy；science-fiction,2
210,fantasy；fiction,2
215,2023；dystopian；fantasy,3
219,librería-lesbiana-la-curva,1
221,2023-10-oct-tbr,1
223,fantasy,1
233,fantasy；sci-fi,2
234,high-fantasy,1
235,beautiful-illustrations-and-cover；books-i-own；fantasy,3
236,2024,1
240,2024,1
244,estantería-tbr,1
260,fiction；sf,2
264,2023；e-library；fantasy,3
265,adult；best-reads-of-2023；fantasy,3
266,epic-fantasy；fantasy；sci-fi,3
267,2023；cosmere；fantasy,3
269,2023,1
274,ebook；mine；physical,3
275,2023,1
276,kindle-reads；library-books,2
278,read-in-2023,1
281,favourites,1
284,science-fiction,1
294,cosmere-read,1
295,2023；fantasy；to-reread,3
