Row,Tags,Tag_Count
0,arcs-read,1
3,audio；beautiful-cover；dnf-skim-finish,3
5,2020；2021；favorites,3
8,all-time-favs,1
14,arcs；lgbt-rep；physically-owned,3
18,netgalley,1
20,2023-blog；blog-books；faeries-or-goblins,3
23,2024-reads,1
24,unhaul；with-review,2
25,chosen-ones；fae；forbidden-love,3
32,2023；fantasy-ya,2
35,read-in-2024,1
37,fantasy；young-adult,2
38,arcs-and-giveaways；autumn-spooky-vibes；book-baes,3
42,2022-reads；arc-giveaways,2
43,fantasy,1
44,arc；fantasy；romance,3
47,2024；fantasy；queer,3
51,2023-releases,1
54,christie-community-library,1
58,fantasy-ya,1
62,favorites；stand-outs-of-2023,2
64,favs,1
65,buddy-reads-book-clubs,1
66,ew-its-another-love-triangle；owned,2
67,ya-fantasy,1
71,2023；adventure；audiobook,3
72,favorites；read2023,2
75,2023,1
82,audio-book；fae；sirens,3
84,read-2023,1
85,favorites,1
89,2023,1
96,2023-release；arc-netgalley；young-adult-fantasy,3
97,2023；fantasy；lgbtq,3
98,dnf,1
99,audio-books；first-reads；lgbtqia2s-representation,3
100,read-in-2022；ya,2
104,action；arc；fantasy,3
106,audiobooks；ya；ya-fantasy,3
110,beautiful-covers；found-family；most-anticipated-reads-2023,3
113,2022；arcs,2
114,2023-popsugar-reading-challenge；3-stars；beautiful-cover,3
117,ya,1
120,2023-releases；on-my-bookshelf；queer,3
122,2023,1
127,arc；b23；dnf,3
128,borrowed-from-library,1
131,fantasy；young-adult,2
133,arcs；fantasy-adventure；pride-month,3
136,2023-releases；favorites；owned,3
137,blog-tour；finished-copy；for-review,3
144,classic-fantasy；magical-creatures；strange-magic,3
145,favs,1
150,favs,1
151,3-stars；adventure；audiobook,3
153,2023,1
156,february23,1
159,arcs,1
162,fantasy；supernatural,2
165,arcs-edelweiss-netgalley；audio；young-adult,3
171,debut-novel；series,2
177,netgalley,1
178,book-i-own；fantasy；new-adult,3
181,books-that-stole-my-heart,1
187,netgalley,1
188,books-i-ve-read-in-2023,1
196,cat-white-young-adult；genre-white-lead-fantasy；plus-size,3
203,5-star-reads,1
207,young-adult；young-adult-fantasy,2
216,dnf,1
218,fantasy,1
222,books-i-own,1
230,2023,1
232,5stars；best-of-2023,2
234,fantasy-must-reads,1
241,fantasy；witchy-reads,2
249,fantasy；romance,2
250,age-young-adult；genre-fantasy；releases-2023,3
252,fantasy,1
255,2023-reads；release-2023,2
256,fantasy；romance；romantasy,3
259,2022,1
261,2023-reads,1
263,nttbf,1
266,fantasy；strong-female-lead；young-adult,3
273,curvy-girl-mcs,1
293,netgalley；possible-comps,2
298,2023-top-reads,1
