Row,Tags,Tag_Count
1,arc-giveaway-freebie；asian-rep；ya-fantasy,3
4,arcs-read；indie-read；liked,3
7,arcs-finished；asian-authors；audience-young-adult,3
8,audiobook-only；fantasy-sci-fi-supernatural；in-english,3
10,arc,1
12,2023；arcs-alcs-finishedcopies；pinoy-pride,3
13,biracial-characters；contemporary-romance；love-these,3
15,arc-reads；dystopian-fiction；fantasy,3
16,age-range-young-adult；author-rep-asian；author-rep-filipino,3
19,2023-reads；4-star-reads；arcs,3
26,fiction；magic-realism；netgalley,3
27,arcs,1
31,2023-tbr；fantasy；fiction,3
33,netgalley,1
43,alc；netgalley；would-not-rec,3
44,netgalley,1
50,5-not-recommended；x-filipino-authors,2
53,arcs；favourites；netgalley,3
56,fantasy；favorites,2
57,audiobook；netgalley,2
58,arcs；favorite-stories；my-5-star-reviews,3
60,netgalley；retelling；reviewed,3
62,2023-reads；fantasy,2
63,arc；book-tour-books；my-ebooks,3
66,dark-fantasy；fantasy；romance,3
67,faves,1
69,arc；cover-love；filipino,3
72,netgalley,1
73,zz-abuseptsdtrauma-fic-read；zz-bevfoodfic-read；zz-culturalheritagefic-read,3
75,arcs,1
77,4-and-half-stars；mythology；retellings,3
85,favorites,1
101,netgalley,1
110,2023-reads,1
125,read-ebook,1
132,netgalley,1
135,2024；2024-audiobook,2
137,netgalley；netgalley-audio-books,2
142,retelling；ya,2
144,bipoc,1
146,2024-books,1
150,arcs,1
151,arcs,1
152,arc；audiobooks；contemporary-fiction,3
153,january-2024,1
158,2024-reads,1
160,2024-reads；netgalley-titles,2
161,netgalley,1
163,5-star-indie-books,1
165,adventure；asian；bilingual,3
173,arc-books,1
177,arc；netgalley,2
204,arcs-betas,1
208,audiobooks；netgalley,2
213,2024-read,1
220,letture-del-2023,1
221,2023,1
222,fantasy；magic-inclusion；romance,3
233,netgalley,1
236,arc-copy,1
244,fantasy,1
245,2023,1
246,netgalley,1
248,arcs,1
250,2023；arc-reading,2
253,2023-release；arc-review-copy；e-asian,3
256,2023-books,1
257,2023；arc-2023,2
259,feb-23-reads,1
