Row,Tags,Tag_Count
2,fantasy,1
4,2024；dnf；fantasy-romance,3
6,2023-reads；genre-fantasy,2
7,actually-good-enemies-to-lovers；favorites,2
8,arcs；books-that-speak-to-my-soul；fantasy,3
11,debuts；fantasy；friendships,3
12,muslim-author,1
13,adult；all-time-fav；diverse,3
15,physical-owned；recommended-to-me,2
16,arcs；owned,2
17,2023-releases,1
19,2023-favourites；2023-releases；arcs,3
20,arc；illumicrate-books,2
21,2023-books；fantasy；series-caught-up,3
22,fantasy；favorites；romance,3
23,arc-reviews,1
25,arcs；fantasy,2
26,libro-fm-library,1
28,historical-fantasy,1
29,arcs,1
30,2023-reads,1
31,favorite-couple；favorites；love-love-love,3
32,books-i-own；fantasy；kindle-unlimited,3
33,arab-rep；arcs,2
34,1-gold；501-plus-pages；arcs,3
36,best-reads-2023；fantasy；owned,3
38,adult-books-read；fantastic-fabrications,2
39,dnf,1
41,2023-reads；2023-releases；arcs,3
42,2023-read；adult-novels；arcs-received,3
45,arc-reviews,1
46,arc；on-kindle,2
47,half-starsies；illumicrate-and-fairyloot；shop-on-your-own-shelves-2024,3
48,audiobooks,1
52,arcs-read；book-box；colonizer-romance,3
53,2023-series,1
54,arcs,1
56,arcs；aspec-rep；best-books-of-2023,3
57,arc-netgalley；awesome-heroines；could-read-over-and-over-again,3
60,fantasy；for-review；read-2023,3
62,unfinished-series-bc-ash-and-sash,1
64,adult；arcs；fantasy,3
65,fairyloot-and-illumicrate,1
66,2023-releases；adult-fiction；arcs-netgalley,3
69,action-adventure；cruel-hero；dark-fantasy,3
70,2023-netgalley,1
72,arcs；audiobooks；booktok-told-me-to,3
73,2023-releases；adult-fantasy；arcs,3
74,enemies-to-lovers；fantasy-paranormal-romance；forbidden-love,3
78,author-boolist；dork-not-dark；mf,3
79,4-star-reads,1
81,audiobook；ebooks-and-kindle,2
83,audiobooks；hall-of-fame,2
86,arcs-or-review-copies；book-box；read-in-2023,3
87,2024-tbr；adult；arcs,3
88,favorites,1
90,fantasy；favorites-2023,2
92,2023-reads,1
93,2023-reads；clean；fantasy,3
94,illumicrate；read-2023；read-physical-owned,3
96,2023；arcs-alcs-finishedcopies；i-should-ve-dnfd,3
97,reviewed,1
99,5-star；favourite；full-reviews,3
103,2023-releases,1
104,favourites,1
105,ebook；fantasy；maps,3
107,fantasy；romance,2
109,audiobooks；fantasy；favorites,3
111,2023；adult；arc,3
113,2024,1
118,2024；other-book-clubs；personal-library,3
119,arcs,1
120,books-i-own；booktok-is-full-of-liars；got-a-black-magic-booklist,3
125,read-owned-physical,1
126,2023；adult；arab-vibes,3
129,dnf,1
132,4-stars；enemies-to-lovers；fantasy,3
135,2-stars；adult；fantasy-sci-fi,3
137,2023-anticipated-releases；african-fantasy；arcs-advanced-reader-copies,3
138,favourites；owned-physical；read-your-shelf-challenge,3
140,all-time-favourites,1
141,fantasyromance；favorites-elite；poc-fantasy,3
143,adventure；awwwness；fantasy,3
144,2023-reads；arcs,2
146,emotional-scars-trauma；enemies-to-lovers；fighting,3
147,2024-popsugar；2024-reads；2024-vwf-dirty-dozen,3
149,arc-review；audiobooks；best-books-read-in-2024,3
151,2023-favourites；all-time-favourites；arc-reads-2023,3
152,books-i-own；fantasy-scifi；read-in-2023,3
153,2023-reads；arc；illumicrate,3
154,2023-favorites；adult；enemies-to-lovers,3
160,2023,1
161,dnf-or-didnt-like；high-fantasy,2
162,added；blood-and-gore-depiction；child-abuse-and-neglect,3
166,2023-fantasy-releases；2023-releases；fantasy,3
170,holy-crap；september-2023；um-what,3
175,2023；adult-sff,2
179,enemies-to-lovers；fav；hidden-identity,3
184,fiction；netgalley；sff,3
186,2023；5-stars-fantasy；audiobook,3
187,2023；arc；eng,3
188,2023；audio；cs-library,3
189,magic,1
191,2023；4-star；adult,3
192,2023；fantasy；netgalley-and-edelweiss,3
194,bipoc-author；fantasy-romance；released-in-2023,3
196,2023-books-read；enemies-to-lovers；fantasy,3
198,arcs,1
204,2023；adult；buddy-reads,3
206,favorites；net-galley；reviewed,3
207,favorites,1
208,fantasy；netgalley,2
212,diversity；fantasy；favourites,3
213,not-for-me,1
216,arcs；netgalley,2
220,books-i-own,1
225,enemies-to-lovers；fantasy-favs；forbidden-romance,3
226,best-of-2023,1
227,2023；book-box,2
233,read-in-2024,1
234,2023；arc,2
235,djinn-jinn-tales,1
237,poc-authors；read-2023,2
239,fantasy,1
241,2024；fantasy-dystopian-sci-fi；favorites,3
246,bipoc-adult-fantasy；bipoc-debuts-2023；most-anticipated-2023,3
248,2023；released-in-2023,2
253,i-own-it,1
254,2023,1
263,best-fantasy；best-romance；biancas,3
264,read-physical；special-editions,2
265,middle-east-based-books,1
270,bipoc-authored；books-2024；fantasy-faves,3
274,top-favorites-2024,1
275,2024-reads；audiobooks,2
278,physical-library,1
279,fantasy,1
285,2023；fantasy,2
289,fantasy；fiction；slow-burn,3
290,enemies-to-lovers；fantasy；slow-burn,3
292,best-of-2023,1
294,adult-fantasy,1
296,2023,1
