Row,Tags,Tag_Count
1,family-secrets；forced-proximity；magical-realism,3
2,adult；all-time-fav；enemies-to-lovers,3
3,fantasy,1
4,0-1st-person-dual-multi；2023；adventure,3
5,fantasy；fantasy-romance；healer,3
8,adult-fantasy；fantasy；fantasy-romance,3
10,2024；adult-fantasy；book-chemistry,3
11,adult；fantasy；romance,3
14,2023；arc；fantasy,3
17,adult-fantasy；fantasy；fantasy-romance,3
18,adult；fantasy；romance,3
22,adult；adult-fantasy；fantasy,3
24,fantasy,1
25,arcs,1
28,books-that-feel-made-for-me；favorites,2
37,arcs,1
39,favorite-2023,1
41,2023-reads,1
47,2023；arc；fantasy,3
48,fantasy；fantasy-romance；witches,3
49,adult；epic；fantasy,3
51,arcs,1
52,arcs,1
57,fantasy；favorites；make-me-cry,3
60,arcs-read；fantasy-ya；independent,3
66,favorites；out-2023,2
68,library,1
71,kindle-unlimited,1
74,2023-reads；4-stars,2
83,cringe,1
84,court-politics；fantasy；rom-1-fantasy,3
93,favs；kindle,2
97,fantasy；romance,2
108,fantasy；fantasy-romance；reviewed,3
109,abuse；damaged；enemies-to-lovers,3
110,2024；4-and-a-half-stars；characters,3
111,favorites,1
112,all-time-fav；betrayal；fantasy,3
113,it-was-ok；meh,2
122,2023-releases；books-i-own；fantasy,3
125,fantasy；kindle-unlimited；romance,3
128,great-opening-lines；not-spicy,2
129,arc,1
131,2023；fantasy；really-good,3
132,baby；favourites,2
133,arc；kindle,2
138,all-about-the-angst；beautiful-writing；emotional-rollercoaster,3
144,kindle-tbr；to-buy,2
151,fantastical；romance,2
152,2023-reads,1
155,owned-books；romance；self-published,3
168,2023-reads；favorites-of-2023,2
169,favorites,1
173,enemies-to-lovers；fantasy；overnight-club,3
175,fantasy-and-dystopian；recommended-for-me；romance,3
180,2023-releases；arcs；around-the-year-in-52-books-2023,3
187,5-star；ku-authors,2
189,giveaways,1
190,beautiful；favorites,2
193,2023-reads；4-stars；rushed-ending,3
197,instagram-made-me,1
200,fantasy,1
201,enemies-to-lovers；standalone,2
206,favorite-books；get-physical-copy,2
207,2023；april；arc,3
210,kindle-unlimited,1
213,2024,1
218,2023,1
222,books-i-own,1
232,witchy-vibes,1
235,fantasy-paranormal；favorites；romance,3
236,2023,1
243,fantasy；gifted；read-in-2023,3
248,fantasy-no-bull；witch-rom,2
254,5-stars；faves-of-2023；from-ames-public-library,3
255,fantasy,1
267,dark；enemy-to-lover；hero-a-jerk,3
277,adult-fiction；fantasy；poison,3
280,ifa-fantasy,1
284,kindle-unlimited,1
296,dnf,1
