Row,Tags,Tag_Count
2,arcs-netgalley-giveaways-to-review；folklore-myths-legends-fairy-tales；urban-fantasy,3
4,nlt,1
7,adult-fantasy-favorites；all-time-favorites；arcs,3
9,arc；asian-author；asian-mc,3
10,arcs-and-galleys；fantasy；magic,3
11,2023-books；fantasy；review-copy,3
12,arcs,1
13,audiobook；book-club-2023；did-not-finish,3
14,adult；adult-fiction；contemporary-romance,3
15,2023-read；asian；chinese-american,3
16,2024；to-be-reevaluated,2
18,arc；fantasy；fantasy-elves,3
21,edelweiss,1
22,1-2023-releases；2-adult；3-sff,3
23,netgalley；paranormal-fantasy；paranormal-romance,3
24,fantasy；netgalley；romance,3
25,4-stars；action；fantasy-paranormal,3
26,adult；contemporary；fantasy,3
27,2023；fantasy；netgalley,3
28,2023；arc；asian-sff,3
30,sff-romance,1
32,age-gap-paranormal；artist-or-photographer；bedside-vigil,3
35,read-in-2023,1
36,fantasy,1
39,arcs-finished；asian-authors；audience-adult,3
40,aapi-books；fantasy-scifi；ya-fiction,3
41,female-main-characters；happily-ever-after；main-characters-of-color,3
42,netgalley,1
43,didnt-finish；netgalley,2
44,arc,1
46,fiction-fantasy,1
47,asian-american；chinese；fantasy,3
50,2023-reads,1
51,chinese-mythology；elves；family-dynamic,3
53,arc-received,1
54,fantasy；mythological-fiction；read-2023,3
55,fantasy；inclusion-diversity-mcs；libby,3
57,2023-read,1
58,audiobook,1
60,audiobooks,1
62,fantasy；poc-author；poc-protagonist,3
63,netgalley,1
65,mythic-fiction；netgalley；romance,3
66,e-book；netgalley,2
67,ebook；lgbtqia；paranormal-romance,3
71,2023-arcs,1
72,read_in_2023,1
73,arcs,1
74,2024-reads；love-ya-ll-fest-24-tbr,2
75,paranormal-fantasía,1
76,arcs；authors-of-color-my-beloved,2
78,arcs,1
79,dnf-gave-up；fantasy-scifi-spec；net-galley,3
82,2023；cute；fantasy-folklore-mythology,3
83,fantasy；queer-lit；romance,3
84,fantasy-sci-fi,1
85,books-2023；china；fantasy,3
86,adult-books；asian-characters；audiobooks,3
87,romance；speculative-fiction,2
92,2023；adult-fiction；fantasy-sci-fi,3
94,1-reviewed；book-club-books；fantasy,3
96,fantasy；romance-pnr-or-fantasy,2
101,adult-romance；arc；asian,3
104,audio；library；romance,3
105,awesome-girls；best-published-and-read-in-2023；best-published-in-2023,3
106,fantasy；romance；urban-fantasy,3
107,2023-most-anticipated；fantasy,2
109,2023-releases；a-adult；author-of-color,3
111,2024；24-audio；book-club-reads,3
115,netgalley,1
116,2022-reads；bipoc；fantasy,3
117,standalones,1
119,contemporary；elves；fairies,3
122,fantasia；netgalley,2
123,fantasy；paranormal-romance；urban-fantasy,3
125,2023-releases,1
131,fantasy；romance,2
132,trashy-book-club,1
133,asian-american-author；ass-kick-heroine；assasin-killer,3
135,2023,1
136,2022-best-of；4b-silver；netgalley,3
137,contemporary；fantasy；wish-i-dnf,3
138,asian-inspired-fantasy；fantasy；magic,3
143,netgalley,1
146,reviewed,1
147,arc；on-kindle,2
149,fantasy；netgalley；romance,3
150,supernatural-urban-fantasy,1
151,angst；fantasy；feel-good,3
153,netgalley,1
156,fantasy；novels；romance,3
157,2023-release；arc-review-copy；d-mspec,3
160,netgalley,1
161,favorites,1
163,adult；asia；family-siblings,3
164,caretaker-alpha；cinnamon-roll；fae,3
168,2023-challenge-books；fantasy；netgalley-arcs,3
170,love-yall-fest；netgalley；print-shelf,3
172,romantic-fantasy-sweet-escape,1
173,netgalley-arcs,1
174,fantasy-romance；netgalley,2
175,3-75-stars；read-2023,2
177,2023-favorites；had-capital-t-thoughts；pov-third-person-dual,3
178,arc,1
181,books-i-own,1
184,3-stars；adult；fantasy,3
185,read-in-2023,1
188,2023-reads；advanced-reader-copies；authors-of-color,3
190,2023；romance-fantasy,2
191,abuse；age-gap；artist-writer,3
192,arc；netgalley,2
193,audiobooks,1
198,2023,1
199,arc,1
200,fantasy,1
203,bipoc-author；fantasy-romance；lgbt,3
204,fantasy,1
206,asian-lit；mythology；paranormal,3
207,big-idea；priority-complete,2
208,2020s；novels；read-in-2023,3
209,bipoc-representation；on-the-blog；queer-representation,3
211,2023-releases；dnf,2
212,kindle-books,1
213,adventure；alternate-world；fairy-fae,3
217,2023-releases；audiobook；fantasy,3
218,fantasy；romance；spooky-mystery-thriller,3
220,adult；cover-love；dual-pov,3
221,asian-fantasy,1
222,netgalley,1
225,arcs；paranormal-romance,2
228,smut-coven-read,1
232,fantasy；netgalley；romance,3
237,fantasy；fiction；romance,3
240,did-not-finish；magical-fantasy,2
242,2023-reads；netgalley-arcs,2
250,authors-of-color；fairies-and-fae；urban-fantasy,3
252,fantasy；romance；urban-fantasy,3
253,audiobook,1
254,fantasy；fiction,2
256,2023-releases,1
264,mt-bookpile-2023,1
267,character-magic-user；character-working-woman；genre-romance,3
270,fantasy,1
275,fantasy；fiction,2
279,adult-reads；library-loans；paranormal-and-supernatural,3
284,2024；fantasy；libby-2024,3
286,2023-spring,1
289,2023-read,1
291,2023；adult；arc,3
293,english,1
294,2slgbtq-author；asian-author；bipoc-author,3
295,2023,1
296,2023；library,2
