Row,Tags,Tag_Count
0,fantasy；female-lead；friend-recommended,3
1,fantasy；historical,2
4,lgbtq,1
5,2023-reads；arcs；bipoc-author,3
6,adventure；fantasy；favourite,3
7,asian-rep；authors-of-color；lgbtqiap-rep,3
8,2023-books；fantasy；review-copy,3
10,2023-read；asian；fiction,3
11,arc-reviews,1
13,netgalley,1
14,authors-of-color；fantasy；fem-author,3
16,first-reads；staff-picks,2
20,favorites；queer-sff；wbtm-bookopoly,3
21,2023；arc；asian-sff,3
22,2024-read；arcs；fairy-tale-based,3
23,aapi-asian-south-southeastern；bipoc-author；historical-fiction,3
24,g-sff；s-ff,2
26,arc,1
27,audio-books,1
28,netgalley；r-fantasy-2023-bingo；retellings,3
30,asian-sff；china-historical；lgbtq-sff,3
31,2023；audiobooks,2
32,fantasy,1
33,chinease；fantasy,2
34,march-24,1
38,2023-releases；adult-fiction；arcs-netgalley,3
39,arcs-and-galleys；fantasy；historical-fiction,3
40,nebula-eligible-2023,1
41,2023-releases；adult-fantasy；arcs,3
45,2024；borrowed；chinese,3
46,read-2024,1
47,2024-fantasy；asian-sff-authors；female-nonbinary-authors,3
48,faves；faves-2023；fiction,3
49,female-author；fiction；lang-en,3
50,fantasy；lieberry,2
51,2023-reads,1
53,fantasy；fiction；historical,3
54,activism；adventure；culture,3
55,netgalley；non-pod,2
57,23-five-stars,1
59,all-time-favorites；favorites-23；to-buy,3
60,empire-adventure-stories；gender-spectrum；protagonists-of-colour,3
61,audiobook-read-to-meee；tbr-fantasy；tbr-queer,3
62,owned,1
64,adult；fantasy；found-families,3
66,2023；arcs；favorites,3
67,favorites,1
68,audiobooks；lgbtqia；netgalley,3
70,netgalley,1
73,hugo-poss-2024,1
74,2023-releases；arcs；audio-books,3
75,arc；english；lgbt-rep,3
76,audio；fantasy；historical,3
82,adult-fiction；fantasy；owned,3
83,arc；fantasy；historical-fiction,3
84,arcs；fiction-fantasy,2
85,arc；fantasy；queer-fiction,3
88,2024-aty；2024-machalo-tbr；2024-msbbt,3
89,netgalley,1
92,2023-favorites；fantasy；lgbtqia,3
93,2023,1
94,2023-releases；arcs-read；asian-female-authors,3
95,netgalley-arcs,1
96,2023-arc；2023-release；adult-fantasy,3
98,netgalley；wishlist,2
99,2023-new；aapi-authors；arc,3
102,arc；lgbtq；netgalley,3
103,advanced-reader-copies；epic-fantasy；fairy-tale-and-folklore-novels,3
104,netgalley-arc,1
105,2023-review-copy,1
114,elizabeth,1
115,audiobooks,1
116,netgalley,1
121,arc-2023；audiobook-2023；content-warning,3
123,netgalley,1
126,arc-s-netgalley-and-edelweiss,1
127,2023-releases,1
132,historical-fantasy,1
134,fantasy,1
135,added；body-modifications；cannibalism,3
136,beautiful-covers,1
137,fantasy；fantasy-adult-read；lgbt,3
141,2023；magical-realism,2
142,novel,1
145,nates-queer-recs,1
147,2023-release；dnf,2
151,read-2023,1
154,fantasy；lgbtq,2
160,epic-fantasy；fantasy；tbr-2023,3
161,diverse-reads；historical-fiction,2
163,netgalley-arc,1
164,author-of-color；fantasy；historical-fiction,3
166,i-m-here-for-the-dragons,1
167,fantasy；physical-tbr,2
168,favorites,1
169,arc,1
175,fantasy,1
176,reviewed-books,1
179,lesbian-sapphic-wlnb-character；lgbtqiap2s-rep；poc-bipoc-character,3
180,fantasy；historical,2
182,female-nb-gq-2023；not-anglo-2023；read-in-2023,3
184,netgalley,1
186,own,1
187,own,1
192,audiobook；netgalley,2
193,fantasy-sci-fi,1
194,2023-release；arc-review-copy；e-asian,3
196,lgbtq；trans-rep,2
198,2023-challenge-books；fantasy；kindle-reads,3
200,arcs,1
202,reviewed,1
205,netgalleys,1
207,read-lgbtq,1
209,netgalley,1
211,adult；fantasy；lgbtqia,3
212,pride-book-tours,1
214,netgalley；queer-lit；sff,3
217,arcs,1
218,2023-reads；arcs,2
222,gender-swapped-retellings；middle-aged-protag,2
224,2023-release；age-adult；amazing-covers,3
226,netgalley-arcs,1
229,arc；audiobook,2
235,fantasy；fiction；historical-fiction,3
238,aaa-2023；historical-fiction；sci-fi-fantasy-horror,3
240,fantasy；historical-fantasy；lgbt,3
241,arc,1
244,fantasy；fiction,2
246,fantasy；myth-retelling,2
248,fantasy；high-fantasy；historical-fiction,3
254,fantasy,1
257,queer,1
262,lgbtqia,1
264,netgalley,1
265,2023；adventure；lgbt,3
268,giveaway-win,1
270,fiction；historical-ish；sf-f,3
272,did-not-finish；rebekah-reads-2024,2
277,2023,1
280,21st-century；fantasy,2
283,2024-shelf；fantasy,2
284,aloud,1
286,collection-arc-2023；genre-fantasy,2
287,2023-faves；read-2023,2
288,covers-to-die-for；e-arc,2
295,aty-2023；prerelease,2
297,fantasy,1
299,2023-fiction；2023-reading-challenge；fiction,3
