Row,Tags,Tag_Count
1,arcs-read,1
3,2-star；dragons；queer,3
6,fantasy,1
7,fantasy；love-triangle；queer,3
8,challenge-winter-22-23；genre-fiction；genre-historical-fiction,3
10,fantasy；young-adult,2
11,fantasy；netgalley,2
14,2023-read；bipoc-author；black-rep,3
16,2022-reads；fantasy；female-protagonist,3
17,5-stars；arc；coming-of-age,3
18,arc-s-netgalley-and-edelweiss；fantastico-fantastics-scifilicious；lgbtq,3
20,bipoc-actor；bipoc-author；sf-f-h,3
21,dragon-books；historical-fiction；lgbtq,3
22,adult；fantasy,2
24,2023；fantasy；ya,3
25,2023,1
26,diverse；fantasy；fucking_five_stars,3
27,2023-read；alternate-history；arcs,3
28,fantasy；fiction；lgbt,3
29,2023；booksubscription；favorites,3
30,arcs-read；favorites；liked,3
32,net-galley,1
33,arc-team-reviews；ballantine-del-rey；blackgoose-is-one-to-watch,3
34,audiobooks,1
36,animal-love；bipoc-authors；bipoc-rep,3
37,fantasy,1
38,arc；bipoc-authors；netgalley,3
40,aboriginal-indigenous-native；alt-history；anti-colonial-and-anti-imperialist,3
41,audiobook；library-borrow；queer,3
42,vier-sterne,1
43,bi-mc；fantasy；sapphic-mc,3
45,fantasy；historical-fiction；lgbt,3
46,5-stars；lgbtq-fantasy-rep；readathons,3
47,all-time-favorites；arcs；disability-and-neurodivergence-rep,3
48,advanced-reading-copy；automatic-buy-authors；awesome-girls,3
51,2023；5-stars,2
52,favorites；queer；race-racism,3
53,2023；ttx,2
55,favorites,1
56,fantasy；fiction；grownup,3
57,2023-read-your-shelves；authors-of-color；fantasy,3
58,2023-reads,1
61,2024；4-stars；audiobooks,3
63,2024；faves,2
64,new-reads-2023,1
65,aty-2923；debut-novel；diverse-characters,3
68,loved,1
69,favourites,1
70,arcs；fantasy；lgbtq,3
71,z_read-2023,1
72,arc；fantasy；quotes-pulled,3
74,would-give-more-than-5-if-possible,1
78,2023-into-the-forest-challenge；2023-release；2nd-world-fantasy,3
79,arcs；netgalley,2
82,my-library,1
83,alternate-history；arc；fantasy,3
84,bipoc-author-protag；fantasy；favorite,3
87,2023-favourite-reads,1
92,favorites-of-2023,1
97,cozy；lgbtq；multicultural,3
100,netgalley-arcs,1
101,2024；fantasy；steampunk,3
102,fiction；library-rental-audiobook；own-paperback,3
104,2023-reads；advanced-reader-copies；authors-of-color,3
105,indigenous,1
106,2023；arcs,2
107,favorites,1
108,fantasy,1
109,a-particular-kind-of-research；lgbt；made-ya-think,3
110,fantasy；good-poc-rep；good-queer-rep,3
111,book-bingo-2023,1
112,audiobooks；young-adult,2
115,fantasy,1
119,all-things-queer；dragons-gryphons-and-wyverns-oh-my；historical-fiction-and-fantasy,3
120,own-a-copy,1
122,book-shelves,1
124,books-i-recommend；fantasy；historical-fiction,3
126,novels,1
127,owned,1
129,wishlist,1
131,2023；all-time-favorites,2
136,2023,1
138,fantasy；indigenous,2
139,my-5-star-reads,1
142,2023-favs；best-fantasy；best-ya,3
143,2024-reads；2024-series-reads；audiobooks,3
144,2023；audio；author-indigenous,3
147,favorites；netgalley-2022,2
149,audible-book；author-of-color；fantasy,3
152,2023-reads；best-2023；dragon-era,3
155,2023；arcs-read-and-to-read；diverse-reads,3
157,alternate-history；alternate-worlds；colonialism,3
158,debuts；fantasy-scifi；indigenous-authors,3
159,read-again,1
161,my-god-tier-reads,1
162,2023,1
163,book-lovers-club-reads；fantasy；owned-books,3
166,2023-favorites；favorite-female-characters；native-rep,3
167,52in2024；alt-history；colonialism,3
168,fantasy；fantasy-series；read-in-2023,3
170,dragons；fantasyish-sci-fi,2
174,2023-debut；audiobook；character-driven,3
176,fantasy；favorites,2
179,adventure；botb-book-club；fantasy,3
180,netgalley,1
183,2023-goodreads-challenge；netgalley,2
184,unfinished-series,1
186,arc-2023,1
189,kindle；netgalley；own,3
193,fantasy；marginalized,2
194,2-star；bingo-2023,2
203,book-club-and-buddy-reads；library-borrow；series-yeeted,3
205,audiobook；fantasy；lgbtq,3
208,physical-owned-books,1
215,2023-favorite-reads；2023-reads,2
218,book-club；diverse-reads；epic-saga,3
219,2024-ridiculous-reading-challenge；disability-and-neurodiversity；fantasy,3
224,transition-ya-to-adult,1
232,2023-new-books,1
233,2023-books；adult；favorites,3
234,books-i-own-physically；fantasy；favorites,3
235,fantasy,1
236,queer-and-bipoc,1
237,archive-2023,1
238,bipoc-author；fantasy；indigenous,3
240,fantasy,1
242,books-of-2024,1
244,sapphic,1
246,favoritesreadin2024；get-on-my-own-shelves,2
248,hugos-2024；read-adult-sf-f,2
254,favorites；indigenous；lgbtq,3
259,fantasy；historical-fiction,2
261,arcs；fantasy；historical-fiction,3
262,eagerly-expecting；indigenous-literature；lgbtqia-literature,3
265,netgalley-arcs,1
266,2023,1
267,adult；book-club-picks；fantasy,3
269,2023；dnf,2
274,adult；fantasy；library,3
277,fantasy；lgbtq；native-americans,3
285,2024；ebook；fantasy,3
286,added；colonialism-and-colonization；death-of-a-parent,3
295,ya,1
296,fantasy；young-adult,2
