Row,Tags,Tag_Count
0,fantasy,1
1,fantasy；historical；reviewed,3
4,g-fantasy-asian；historical-fantasy；netgalley,3
5,2023-books；fantasy；review-copy,3
6,kindle-tbr,1
8,fantasy,1
12,arcs-and-galleys；fantasy；historical-fiction,3
15,arc-reviews,1
18,netgalley,1
22,beautiful-covers；disappointing；historic-fantasy,3
23,fiction；gifted；historical-fiction,3
25,favorite-fantasy-and-sci-fi,1
26,arcs,1
27,books-i-own；broken-binding；numbered,3
28,fantasy；historical-fiction；physical-books,3
30,historical-fiction,1
33,2023；netgalley,2
43,read-in-2023,1
45,adult-sff-horror；arcs-physical；reviewed,3
49,historical-fiction,1
50,arcs,1
56,received-for-review,1
63,arcs-giveaway；fantasy；fiction,3
64,earc；netgalley,2
68,favorites,1
69,2023；arc；fantasy,3
72,sapphic-mc,1
75,arc,1
78,2023-challenge-books；fantasy；kindle-reads,3
79,reviewed,1
85,2-stelle,1
86,netgalley,1
87,arcs；three,2
89,netgalley,1
91,2023-releases；arcs；asian-inspired-fantasy,3
99,also-have-hardcopy；giveaways-arcs,2
105,2023-anticipated-releases；arcs-advanced-reader-copies；fantasy,3
109,physical-arcs-pr,1
111,arc-books,1
112,netgalley,1
115,2023,1
125,my-shelves,1
126,netgallery,1
130,2023-reading-challenge；fantasy；favourites,3
131,cloud-library,1
138,fantasy,1
142,arcs；fantasy；lgbt,3
147,2023；dark-and-delicious；fantasy,3
150,arcs,1
151,historical-fiction；sff,2
152,2023,1
156,favourites,1
158,court-intrigue；culture；fantasy,3
161,historical-fantasy,1
162,netgalley,1
167,collection-the-broken-binding；genre-fantasy,2
168,fantasy,1
170,4-star；assassins；fantasy,3
171,netgalley,1
