Row,Tags,Tag_Count
0,arcs-and-review-copies,1
3,arc,1
4,adult-fantasy；animal-companion；characters-worth-rooting-for,3
5,2023；arcs,2
6,2023-books；fantasy；review-copy,3
7,authors-of-color；lgbtqiap-rep；wlw,3
8,2023-read；arcs；fantasy,3
9,2022-releases；adult-sff；author-bipoc,3
11,arc-reviews,1
12,0-hyped；1-arc-advanced-reader-copies；2-new-author,3
13,2023-reads；adult-books；e-books,3
14,fantasy；favorites；ya,3
15,g-fantasy-finished；netgalley,2
16,arcs,1
17,fantasy,1
18,2023-books；arcs；books-with-ships,3
20,2023,1
22,arc-netgalley；own-print,2
24,fantasy,1
27,epic-fantasy,1
29,2023-reads；3-stars；adult-fantasy,3
30,2023；ebook；fantasy,3
34,epic-fantasy；fantasy；magic,3
36,2023；asian-inspired；fantasy,3
38,2023-fiction；epic-fantasy；fantasy,3
39,2023-anticipated-releases,1
40,diverse-reads；fiction；series,3
43,2023-releases；arc；audiobook,3
45,adult；asian-literature；fantasy,3
46,arc-read-2023；over500club2023,2
52,arcs；immersive；kindle,3
55,buddy-read-with-mads,1
56,fantasy,1
57,2023-releases；adult；audiobook,3
59,2023-anticipated；best-of-2023；epic-fantasy,3
61,bipoc-character-or-author；dual-format-read；lgbtqi-main-or-side-rep-or-author,3
62,bookshelf,1
64,netgalley-arc,1
65,2024,1
67,arcs-i-have；books-i-own,2
68,arcs-or-review-copies；read-in-2023；released-2023,3
69,arcs；netgalley,2
70,2023,1
71,own-the-book,1
72,arcs；owned-ebook,2
73,2024-reads；fantasy-scifi,2
74,best-fantasy,1
76,book-club；fantasy；queer-themes,3
80,fantasy,1
81,adult-adult-fantasy,1
82,2022-tbr；2023-arcs,2
83,audiobook；fantasy-adult,2
84,2023-reads；2023-releases；adult-sff,3
87,reviews,1
88,2023；arc；fantasy,3
90,2023；administration-fantasy；adventure,3
93,netgalley,1
96,arcs-ebooks-netgalley,1
98,2022-sff-releases,1
102,2023-books；adult；lgbt,3
104,2023-tbr,1
106,fantasy；goodreads-giveaways-wins,2
112,favorite-books-read-in-2023,1
117,favourite；five-stars；read-in-english,3
119,2023-pub；adult；english-read,3
129,2023-releases,1
130,2023；fantasy,2
131,2023-releases,1
132,lgbt；reviewed,2
134,to-buy-paperback,1
138,faves；faves-2023；fiction,3
142,2023-releases；adult-fantasy；arcs,3
143,2023,1
147,4-star-rating,1
150,arcs；lgbt-rep；scifi-fantasy-adult,3
151,adventure-time；all-the-fantasy；asian-author,3
156,speculative-fiction,1
157,2023,1
160,fantasy,1
161,read-in-2023,1
162,reviewed,1
163,audiobook；net-galley；reviewed,3
164,reviews_2023,1
166,continuation；court-politics；cute-pets,3
167,fantasy,1
168,fantasy；high-fantasy,2
169,audiobook,1
174,wlw,1
175,buddy-reads,1
178,queer-fantasy-sci-fi,1
179,2023-reads；fantasy；lgbtqia-rep,3
185,animal-companions；completed-series；dragons,3
186,netgalley,1
187,arc-reads；netgalley；spooky-season,3
191,net-galley,1
198,2023-releases；fantasy,2
199,arcs；netgalley,2
201,2023-audio；author-bipoc；bipoc,3
209,asian-fantasy；trilogy,2
215,2023,1
222,3-star-reads；adult；fantasy,3
225,2023-reads,1
228,2023-favourites；fantasy；favourites,3
231,2023-releases；audiobook,2
241,fantasy,1
244,currently-posess,1
245,2023-releases；2024,2
247,fantasy；gay_rep,2
256,lgbtq,1
257,favorites；queer-stuff；read-as-arc,3
262,dnf,1
265,2023-reads；4-stars；arc,3
266,2023-releases；adult-fantasy-by-women-nb,2
271,adult；fantasy,2
273,arc；fantasy；read-2023,3
276,audio-books；net-galley-review,2
281,2023,1
290,adulte；couleurs；plus-de-500-p,3
294,lgbtq-ya,1
295,fantasy,1
298,classic-fantasy,1
299,fantasy,1
