Row,Tags,Tag_Count
2,fantasy；kindle-ebook,2
8,adult；fantasy；jennifer-l-armentrout,3
9,2023-releases；adult；dark,3
14,fantasy,1
15,23-books,1
17,2023-most-excited-releases；adult-fantasy-dystopian；dark-heavy-themes,3
18,fantasy；romantasy,2
20,2-star；disappointing；fantasy,3
21,alphaholes；badass-leading-ladies；bloody-times,3
24,fantasy；physically-own；side-plot-romance,3
25,2-5-stars-food-s-lacking-flavour；3-stars-dat-shit-was-ok-but-average；books-read-in-2023,3
26,fm-romance；paranormal-romance,2
28,2023；arc；review,3
34,5-stars,1
35,arcs；bad-boys-i-love；creatures-dragons,3
36,blood-and-ash-f-cked-my-life,1
38,fantasy-romance-tbr,1
39,2023-faves；a-own；annotated,3
45,dnf,1
46,fantasy,1
56,fantasy,1
67,books-i-own,1
69,5-stars,1
70,2023；fantasy,2
76,tbr-list,1
77,2023,1
78,fantasy；favorites；na,3
80,fantasia；granujas；libros-fuera-de-inglaterra,3
84,audible；audio-books；read-in-2023,3
90,adult；age-gap；enemies-to-lovers,3
92,beautiful-covers；fantasy；romance,3
93,arcs,1
95,i-love-to-complain；rtc,2
96,fantasy-romance,1
97,unnecessary-sequel,1
98,mf-reads,1
105,fantasy；found-family,2
107,paranormal-fantasía；read-2023,2
112,fantasy；romance；unpublished,3
114,owned,1
115,bought,1
117,2023-favorites；alpha；emotional,3
125,2024,1
134,2023-on-goodreads,1
138,arc；fantasy；romantic,3
139,ebook,1
146,2023-tbr,1
148,read-in-2023,1
152,2023；favorites,2
155,2023；4-stars；review-books,3
163,2023；new-adult-fantasy,2
172,disappointing；fantasy；romance,3
176,favorites-2023；series-2023,2
193,unfinished-series-started,1
195,2023-read,1
197,dnf,1
201,anticipated-2023,1
204,2023-audiobook-reads；2023-digital-reads,2
205,close-to-my-heart；fantasy；favorite,3
206,fantasy；own-physical,2
208,lc,1
209,tb-bought,1
212,adult；fantasía；romance,3
213,all-time-favs；fav-series,2
217,2023,1
220,read-in-2023,1
221,kindle；owned-books,2
233,2023；5-star-reads,2
236,adventure；age-demographics-new-adult；fantasy,3
239,fantasy；read-in-english,2
241,shelfs,1
242,arcs；ebooks-i-own,2
247,2023-5-star-reads,1
253,1-star；english-read；pub-2023,3
260,arcs；ebooks-i-own,2
261,2023；audiobooks；fantasy-paranormal-pnr,3
266,arc,1
273,2023；fiction；kindle,3
276,4-star-reads；adult-fiction；books-i-own,3
281,2023；adult-reads；audiobooks,3
293,collected,1
294,my-actual-bookshelves,1
297,favourites,1
298,books-on-my-ereader；read-in-english；to-read-in-2023,3
299,2023-releases,1
