Row,Tags,Tag_Count
2,a-song-of-ice-and-fire；baby-its-cold-outside,2
3,adult；epic-fantasy；series-to-complete,3
5,dragons；game-of-thrones；series,3
6,fantasy-modern,1
7,to-buy,1
14,fantasy；media-tie-in,2
15,fantasy,1
19,adult；dark；fantasy,3
20,immagetchoo,1
26,graphomania-my-love,1
27,fantasía；lo-necesito；sagas,3
30,books-in-unfinished-series；thisbookwilarrivewithmyfirstgrandch,2
31,fantasy-and-or-paranormal；high-expectations；historical-fiction,3
33,fantasy,1
35,dark；dragons；fantasy,3
41,fantasy,1
43,upcoming-releases,1
45,i-did-my-waiting-12-years-of-it；unreleased；want-it-now,3
47,fantasy,1
48,fantasy,1
50,hell-yeh-to-read-books；smell-the-pages,2
54,dragons；epic-fantasy；werewolves,3
55,asoiaf；fantasy,2
61,adult；fantasy；series-in-progress,3
63,high-priority,1
65,to-be-published-no-date,1
69,fantasy-grimdark,1
73,fantasy,1
77,waiting-for-publication,1
78,george-r-r-martin；other-worlds,2
86,adult-fantasy,1
87,30-before-30；5-star-predictions；high-priority,3
89,classics；fantasy；favorites,3
96,fantasy,1
97,adult；fantasy,2
100,can-t-wait-books,1
111,adventure；scifi-fantasy；series-world-of-ice-and-fire,3
112,2015；wishlist-priority,2
113,george-rr-martin,1
116,dark-fantasy-and-paranormal；dramarama,2
119,highly-anticipated,1
120,favorites；most-anticipated,2
124,book-to-screen；if-you-dont-give-me-this-right-now；my-body-is-ready,3
130,have-to-wait-till-2015-not-sure-if,1
136,not-yet-released,1
137,fantasy,1
140,not-out-yet；to-pre-order,2
154,unknown-release-date,1
155,adult；fantasy,2
157,los-nunca-publicados,1
162,not-out-yet；series-in-process；series-tbr-shelf,3
163,upcoming,1
172,author-not-to-be-anticipated,1
179,sci-fi-fantasy,1
186,fantasy,1
193,fantasy,1
195,awaiting-release,1
201,novels,1
205,books-that-make-me-go-whoa；general-good-books；itching-to-read-these,3
206,adult；fantasy-high；swords-shields,3
209,fantasy；high-epic-and-low-fantasy；want-need,3
221,never-will-be-able-to-read,1
222,fantasy,1
224,can-t-wait,1
226,fantasy,1
231,saw-the-show-movie；top-priority,2
248,pre-reviewed；wishlist,2
249,cannotwait；will-lose-mind-before-it-comes-out,2
253,reviewed,1
255,dragons；fantasy；kick-ass-characters,3
256,fantasy,1
257,fantasy,1
258,fantasy；high-fantasy,2
261,epic；fantasy；favorite-authors,3
263,fantasy,1
264,fantasy；no-date；publication-2072,3
278,martin-george-r-r,1
292,fantasy,1
297,fantasy；wishlist,2
