Row,Tags,Tag_Count
9,arc-reviews,1
10,2023-releases；adult-fantasy；arcs,3
13,fantasy；lgbtq；mythology,3
15,lgbt-plus；mythology,2
21,fantasy；netgalley,2
25,netgalley,1
26,i-read-for-free,1
28,2023-releases；adult；f-f-romance,3
30,lgbtqi-rep；mythology；retellings,3
33,dragons；mythical-magical-creatures；retellings,3
35,fantasy；mythology,2
43,mythology；queer-romance,2
44,badass-wowen；en；fxf,3
52,2023；arc；ebooks,3
58,rural-fantasy；sapphic-characters,2
59,2023tbr；mythology；netgalley,3
61,fantasy；historical-fantasy；mythology,3
62,fantasy；historical-fantasy,2
63,2023,1
78,norse-fantasy,1
83,romance,1
88,borrowed；fantasy；queer,3
89,netgalley,1
92,netgalley,1
96,ebook；netgalley,2
102,2023-tbr；23-feb-tbr,2
103,fantasy；netgalley；netgalley2023,3
106,novel,1
107,home-shelf,1
111,adult-fiction；arcs；fantasy,3
114,2023；arcs；audiobooks,3
120,fantasy；indigenous-people；multiple-generations,3
121,abandoned；sf,2
123,netgalley,1
131,fantasy；historical-fiction；lgbtqia2s,3
143,read-2023,1
146,adult；audiobooks,2
148,fantasy,1
160,arcs；fantasy；historical-fantasy,3
163,dnf,1
164,2024-reads；dnf,2
165,netgalley,1
172,kindlebooks；netgalley；young-adult,3
173,arcs；fantasy；historical,3
