Row,Tags,Tag_Count
0,fantasy-sf；series-i-like,2
1,battle-of-wits；fantasy,2
2,anticipated-releases,1
4,fantasy,1
5,audio；buddy-reads；fantasy,3
7,fantasy,1
9,fantasy；gentleman-bastard-sequence,2
10,need-to-read-now,1
13,anticipated-releases；gentleman-bastard,2
14,books-i-need-to-buy；fantasy；series,3
17,fantasy,1
18,wating-4-the-sequel,1
20,maybe,1
24,epic-fantasy；nyp,2
25,must-reads,1
27,2024-reads；2024-summer,2
29,fantasy；top-priority-to-read,2
30,fantasy-tbr；most-anticipated；series-to-finish,3
35,general-buy-as-soon-as-possible；general-i-must-own-this-very-soon；general-must-buy-immediately-next,3
43,not-out-yet,1
45,fantasy,1
46,most-anticipated,1
57,not_yet_available,1
64,crime,1
66,con-artists-pirates-and-thieves；fantasy；mission-quest-things,3
75,2018-books,1
77,series-i-need-to-finish,1
87,fantasy；fantasy-heist-and-thieves,2
90,favourite-author；favourite-series；i-would-drop-everything-for-you,3
91,crime；fantasy-unread；favorite-author,3
93,anticipated-read,1
94,00-mini-review；wishlist,2
98,unknown-release-date；upcoming-books,2
100,order-immediately,1
101,fantasy；series,2
104,most-anticipated,1
108,to-buy,1
