Row,Tags,Tag_Count
0,2023-release；arc；banter-and-wit,3
4,2022-toread,1
5,adult；arcs-sent-by-publishers-authors；fantasy,3
6,2023-releases；netgalley,2
7,2023,1
9,epic-fantasy；family；fantasy,3
10,2023-reads,1
12,arcs；netgalley,2
13,fantasy；too-much,2
14,arc-reviews,1
16,2023-releases；arc；audiobook,3
19,adult；all-time-favorites；arcs,3
20,2023-releases；requested,2
22,favorites-of-all-time,1
23,reviews；x-2023,2
25,romance；sf-f-goodies,2
28,arc；favorite-author；favorite-series,3
33,fantasy；fantasy-heist-and-thieves,2
35,favourites；owned,2
36,2023；audiobooks,2
37,fantasy；next-in-a-series,2
42,fantasy,1
43,2023-reads；arcs；specfic,3
45,2023-releases；august-2023-tbr,2
46,fantasy；fiction；lgbt,3
47,ebook-kindle；high-fantasy；netgalley,3
52,2023；adult；audiobook,3
53,genre-sff-epic-fantasy；rep-queer,2
55,fanta,1
61,2023,1
64,2023-releases,1
69,2023-releases；adult-fantasy；arcs,3
73,arc；favorites；netgalley,3
74,2023-releases；listened；netgalley-arcs,3
82,2023；2023-top-books,2
84,2023；adult；arc,3
91,amazon-new；owned；upcoming-releases,3
94,adult；fantasy,2
95,fantasy,1
97,fantasy；favorites；high-fantasy,3
100,fantasy,1
102,owned,1
105,audiobooks_read；fantasy-2023；fantasy-read,3
106,audiobook；brick；fantasy,3
107,2023；arc；net-galley,3
109,favorites；minibooks,2
113,2023-releases；fantasy,2
114,5-stars；fantasy；lgbtq-characters-or-rep,3
120,2023-releases,1
121,adored；orbit-books,2
122,2023-reads；favorites；five-stars,3
124,owned；tbr-pile,2
126,2023-favourites；2023-reads；arcs,3
130,2023；mc-queer-rep；not-ya,3
132,fantasy,1
140,fantasy,1
141,2023-read,1
142,2023-reads；best-of-2023；fantasy,3
146,favorites；netgalley,2
147,audiobooks-i-listened-to,1
148,fantasy,1
151,adult-fantasy-historical-mystery,1
153,fantasy；romance,2
155,fantasy,1
158,2023-books-read,1
161,arc；auth-f；sf-f-h,3
162,audio-read；favorites,2
165,good-fantasy,1
166,adult；fantasy；physically-owned,3
171,arcs,1
172,2023；oh-that-cover；those-beautiful-things-on-my-shelf,3
173,2023；kindle；netgalley,3
176,5-stars；greatest-hits；home-library,3
188,fantasy；favorites；tbr-2023,3
189,fantasy,1
191,adult；cover-love；fantasy,3
197,2023；favorites-and-or-s-tier；worldbuilding-love,3
198,4-star；adult；english,3
214,favourites；owned,2
225,authors-i-follow；fantasy；favorites,3
230,read-2024,1
233,fantasy；favourites；thieves,3
234,tr-next-in-series,1
239,currently-in-library,1
245,2023-books-read,1
246,physical-wanted,1
250,2023；favourite；queer,3
253,sf-fantasy,1
254,favorites；queer,2
256,audio-books,1
261,fantasy,1
263,cape-and-sword；comfort-classics；conspiracy,3
266,adult-fiction；high-fantasy；romance,3
275,fantasy；fantasy-romance；ghosts,3
276,audiobook；fantasy；favorites,3
280,audiobooks,1
290,fantasy；high-fantasy,2
296,owned；physical-tbr,2
