Reviewer,Review Count,Followers,Rating,Date,Tags,Likes,Content
Jess,335,,5,"May 9, 2023",2022-faves；arc；read-2022,8,"Bang Bang Bodhisattva is outside of my usual reading tastes, but I utterly adored it. I loved the mashed-up combination of cyberpunk and detective noir thriller, and the many tropes related to them. This was just such an engaging read - the interactions between Kiera and Herrera were both comical and touching. The book is peppered with references and one-liners that made me laugh aloud. I would be very keen to read more tales set in this world, and centring around these characters. The conclusion perhaps wasn't as satisfying as I hoped it would be, but the journey to get there was wonderful.4.5 stars rounded up to 5.Thanks to Rebellion and Netgalley for the ARC."
Peter,677,23,4,"November 22, 2022",,5,"This enjoyable read, futuristic PI thriller which starts at pace, and never lets up. Missing person, murder, twists and turns. The book also contains an interesting story line about LGBQ+ issues. This is integral to the story, rather than as in many books these days that seem to drop in the odd character to be PC. Thank you to Rebellion Publishing and NetGalley for the ARC. The views expressed are all mine, freely given."
Deepti,194,,3,"March 31, 2023",,5,"[7.2/10] is a thriller about an unlikely duo hunting down a murderer, while they are being framed for the murder! The story is set in a cyber capitalistic future where androids and cyber-augmented humans live together. I found the world the author built enticing– I wish we had more time to explore the world. I also found the dynamic between humans and androids interesting and wish we could learn more about their relationships. Both protagonists were well-written and had a lot of depth, additionally, the chemistry between them and the growth of their relationship was heartwarming to watch. The pacing throughout the book was solid, and the reveal was unexpected with just enough foreshadowing that it didn’t seem like the author just made something up. 	My main gripe with this book was that while there were cool elements to this book, the mystery itself was just not enticing enough to draw you in. I felt like I was being shuffled from one misadventure to another only to forget the real reason we were on this journey was that it was a murder mystery. The book was enjoyable while reading, but the mystery was missing the allure that causes one to stay up in the early hours of the night to find out what happens next. I also urge the publishers to send out ARCs that are properly formatted and finalized. While the format did not factor into my rating, the format made the book feel like it was an early draft, rather than a polished ARC.Overall, a solid debut and I will keep a lookout for more works by the author. I hope we can see more books in this dystopian futuristic setting."
Kay,1677,17,4,"January 6, 2023",,3,"(3.5 rounded up to 4.0.)I loved this blurb and I have read cyberpunk detective noir books previously, so I thought this would be right up my street. I'm afraid I gave up at 77%. I was enjoying it very much to begin with, as it was fast and frantic and I was pulled right along, however as the story progressed, I started to feel completely overwhelmed by the use of gaming references which I didn't understand. I felt I was spending more time Googling things than actually reading. I'm not the target audience and I'm too old for a lot of the references. (It would appear that I'm a Luddite like the character, Angel Herrera!)This is a cyberpunky detective noir with a good twisty-turny storyline, and it's very well written. The world building is excellent too and the LGBTQ+ issues - and the characters and Kiera's support polycule - felt true and real.The storyline concerns old-world Private Investigator, Angel Herrera, who finds his missing ex-best-friend murdered. The dead man is also Kiera Umehara's pro-bono attorney. Their only clue is a stick of Nag Champa incense at the scene... Why would something used for meditation and purification be found next to a murdered man? Kiera and Herrera are an odd couple indeed, but I felt they complement each other big style. They both have skills needed and you should never underestimate an oldie!Please, do not let my DNF put you off as you may enjoy this more than I did. Despite not finishing the book, I can tell that this is an author to keep your eye on for the future.I chose this ARC from a selection on NetGalley. I voluntarily, and honestly, read and reviewed this work. All opinions are my own. My thanks to the publisher, NetGalley, and the author."
Owen Blacker,84,46,5,"July 29, 2023",advance-review-copy；cn-homophobia；cn-murder,4,"Omg this is amazing. A cyberpunk noir whodunit thriller with a trans protagonist and an ace protagonist, shitty violent cops and a capitalism-continued-getting-worse increasingly-fascist near-future. The author described it in an  as:Funny, clever and a conclusion I absolutely did not see coming. This absolutely needs to be made into a TV miniseries and I definitely need to read more in this world. I’ve read a lot a good début novels but this is just exceptional.Hopefully I’ll expand this review more sometime soon but I wanted to get something published while the ending is fresh in my mind — especially given we've just tripped into publication day. ! 🤍🩷🩵🤎🖤❤️🧡💛💚💙💜 I should draw people’s attention to the content notes in my shelf-tags.I received a free copy from NetGalley in exchange for an honest review."
Nicole Meiklejohn,42,1,4,"February 18, 2024",lgbtqia；peak-aesthetics；poly-love,3,"is like holding a lit firework in your hands. It is punchy, it is vibrant, it is constant heat. I loved seeing a noir thriller in a neon cyberpunk setting with a memorable and diverse cast of characters (who all have an incredible sense of style and showcase a variety of queer experiences). I absolutely devoured this over a business trip and thoroughly enjoyed myself. All that said, I think the reference-heavy narration style of one of the main characters, Kiera, may put off some readers. The target audience definitely feels like readers who are queer gamers currently between the ages of 25 – 38, so I’m not sure how well this will go over with folks outside of that demographic (or how this book will age given the numerous and specific references). But, if you are looking for an action-packed, sci-fi murder mystery story with a large cast of diverse LGBTQIA+ characters, this is for you!Trigger Warnings: violence, homophobia, transphobia/deadnaming, racism, police brutality, sexual assault, suicide and self-harm.Now, .This is a book that doesn’t hold back and really dives into a lot of subjects that may make readers uncomfortable (hence the list of trigger warnings above). Through doing so, this story makes a lot of poignant and relevant social observations and drives home the reality of various struggles, like getting gender-affirming medical care in a system created to work against you or the injustice of the prison system or how landlords will monetarily corner you solely due to your sexual orientation. It gets gritty, as that is a necessary piece of cyberpunk and noir genres, but to also shine a light on those relatable atrocities.  also showcases healthy, emotional communication and support between characters. The most prominent one that comes to mind is when Jinx says, “Don’t start beating yourself up, okay?... I can’t comfort me  you right now.”I loved the polycule and was so glad to see polyamorous characters in a successful relationship. However, I do wish a little more was done regarding the rift between Kiera and Jinx. Jinx’s struggles just seemed to get very sidelined with not a lot more than an exchange of “are we cool? Yeah? Cool.” The cyberpunk setting also lends itself to interrogating consciousness, especially with people heavily replacing their bodies with cybernetic parts (especially to access the internet) and with how androids can be “tethered” or “untethered.” They can have independent thoughts and personalities, but only when they are removed from the computer systems that limit them. We also see this in how suicide is handled in the story with Kiera, Lana, and Miette. “[Kiera]  to survive this mess, so she could play a fucking video game. How stupid was that? Well, whatever. It worked when she was suicidal.”“The note said [Lana had] come out to her parents and they’d kicked her out. That’s why she’d come over to my place all of a sudden. We didn’t know anyone who could vouch for her for a place to live—we all had garbage Liberty. She said she wouldn’t be able to afford HRT and support herself. It was all just too much. It was easier to be dead.”Miette: “I only powered off because I saw no way out of my situation. I want to continue, if there’s some way I can continue safely.” It showcases similar feelings around life and begs the question, is consciousness simply the desire to be alive? The story also interrogates race and ethnicity in a world where you can get surgery to completely change your bone structure, skin, and hair to become someone else entirely. Angel Herrera does this to get blonde hair, white skin, and legally changes his name to Michael Jones. It is an alias to hide himself, yes, but he also talks, albeit briefly, about how much easier it is to move through the world as a white man. However, he also restates over and over throughout the book how he is  a white man despite all of these physical and legal changes he made. It’s not who he is and is not his culture, it is a mask he has adopted for self-protection. On the other side we have Kiera Umehara who is white-presenting and half-Japanese, thinking “She wished, not for the first time, that she hadn’t wandered away from teaching herself Japanese at home for the third time; and that her immigrant grandmother hadn’t had the language beaten out of her almost a century ago, so Kiera would’ve been taught to speak it as a toddler.” Kiera and Hererra both showcase how whiteness imposes itself between a person and their own ethnicity. And, of course, this book deals with the various aspects of gender, the legal and medical struggles of trans people, the violence of deadnaming, body dysmorphia, gender-affirming treatment by others, and the euphoria that comes from the outside and inside being in harmony. One of the most striking moments of euphoria is when Kiera and Nile are dancing, “While Nile tugged her closer, Kiera realized she had never done this as a girl before—go dancing. And someone had asked … [She] felt for once like maybe she owned herself a little. She felt desired and desirable. She felt like a .”It showcases the delight of others treating you how you feel about yourself, furthered by Nile calling Kiera a “good girl” while they have sex. It’s easy to see why Kiera feel in love with Nile and why there was such a connection between them, how there was a mutual feeling of “being seen.” So, it also makes sense as to why Kiera feels so betrayed when the truth of Nile comes to light: formerly Bradley Carson and Marina and Kolyat along with all of the atrocities that each committed. I was very glad when Kiera said, “Life isn’t , dude, you can’t just roll a new character and disappear and ignore all the  you did.” Because what Nile is doing is a toxic cycle. Nile telling Kiera they were going to kill her and that they cut off their own hand instead out of love for Kiera is totally fucked and toxic. Talk about cycles of abuse. Kiera does still have some sympathy for Nile, saying, “I think you need a lot of help, dude. But I don’t know what to do. I can’t just tell you to turn around and take us to the police. They’re not gonna fucking get you help.” Those lingering feelings for what they used to have and that sympathy is what leads Kiera to kill a cop, letting Nile get away. With consciousness being a prominent theme of the book, Nile’s situation brings up questions of “what does resurrection look like in this cyberpunk world?” and “can someone be absolved of past sins if they die, awake again, and completely change what they look like and what their name is?” At what point are you no longer who you used to be? And the exchange with Kiera reinforces that, no, those past crimes are still yours, but asks: what does it look like to actually get help with that? The latter being a question that doesn’t get answered, the story opting for an ambiguous ending more typical for the noir or cyberpunk genres.Where I think this book falters is that there’s a lot going on at a neck-breaking speed, so it’s hard to keep up with the mystery itself. It even feels like the characters are more often simply fighting for survival, so figuring out the mystery often comes second to the action scenes and the fight to live. Kiera and Herrera aren’t even really the ones who figure it out in the end, either. It’s Nile rescuing Kiera from prison and telling Kiera about their past that gives us the final pieces. The only thing Kiera and Hererra figure out, well, with Flynn, is the use of the incense and the definition of “bodhisattva,” which I didn’t think was necessary, and then Vicky Von Braun hand waves everything away so that Kiera and Hererra don’t get framed for everything.Even with that, I really enjoyed this read and look forward to reading more of Aubrey Wood’s work."
Lata,4078,228,4,"July 22, 2023",arc；auth-f；bipoc-author,3,"Aubrey Wood's writing is exuberant and fast-paced in this story set in 2032 in the city of New Carson. The story entails two people radically different from one another, transgender hacker Kiera Umehara, and private detective, and former police officer, Angel Herrera, having to chase down a murderer.Before they even get to this case, author Wood gives us a sense of the time period through Keira's life: it's clearly a terrible place to be if, like Kiera, you are struggling financially. She works an endless series of mundane, small jobs, which she hates, so she can keep making payments on the apartment she shares with Sky and Jinx (the three are in a relationship together), accumulate enough money to get surgery, and constantly battles to be treated as a woman.Angel Herrera is an old school cop, not really up with a lot of technology, which is why he employs Kiera to help him on his cases. When one of his cases results in shots fired and Kiera's nose broken, she tells him she wants out. But money concerns has her agreeing to one last job for him, which entails finding an absent husband, Malcolm, who coincidentally happens to be Angel's former partner when they were on the force, and is now Kiera's pro bono lawyer. When Kiera and Angel find Malcolm dead with a stick of incense left behind by the killer, this makes them suspects in the eyes of the police. Angel and Kiera decide to investigate to remove them from consideration as suspects, and this only brings them into a tangled case with many twists and turns that has political implications.The story is a little confusing to follow, and sometimes seems to have almost too much happening and too fast, but the relationship between Kiera and Angel develops organically and entertainingly. I do wish that Kiera had acted more like her stated age than someone who felt much younger. It's a quibble, but it would have made the story work much better, and the relationship even more meaningful if she hadn't seemed so very young all the time.I did like however, how wonderfully varied the characters were, as well as how having cybernetic implants and/or prosthetics was just a normal part of life. In fact, society has progressed in this time to the point that not being a cyborg would make life difficult to totally unlivable. Aside from the often frenetic storytelling, I liked this book, and the central relationship was what kept me reading.Thank you to Netgalley and to Rebellion for this ARC in exchange for my review."
Spad53,225,2,5,"February 5, 2024",,3,"I had to check when this one was written, 2023, yet it felt like it was from the nineties. Not in a bad way, it sort of reminded of William Gibson, very noir, very computerish, and with dialogue that was hard to understand. The big difference from the nineties was the LGBT angle, the main character is trans, and the whole gender thing is quite mixed up, and to be honest hard to follow. But it doesn’t matter really, since this is a detective story with SF and cyber punk twists (lots of them). I felt quite breathless coming to the end. The only reason I didn’t rank it as a five, was the stupid scene where she hacked a computer virtually in the shape of a knight and fought a dragon, I think the same thing happened in Gibson’s sprawl series, as an old programmer (IT security expert even), I just hate it. Never mind.To sum up, yes I loved it./NeilPS. I changed my mind and gave it a five anyway!"
Eliane Boey,,13,5,"April 29, 2023",,3,"BBB is a genre-crossing wild ride. Herrera and Kiera make a voicey and very readable buddy/rookie-and-old-hand pairing, cracking the case of a missing friend that grows into something larger than Kiera's job description as a hacker for hire, and Herrera's need to avenge his best friend. Seedy Carson City, peopled by doubtful dames, emancipated androids, and other colourful characters comes alive in Wood's immersive and incisive prose, which leaves this reader definitely keen on reading another story in her world. This book reads like both noir and cyberpunk rebooted and synthesised, with representation (yay!) and very relevant social observations. Herrera and Kiera's dynamic shows how the disillusions and alienation of noir has nurtured cyberpunk, and as a lover of both genres, their friendship is a huge part of what kept me riveted to the page. This book is just fun. Highly recommend."
Terri Jones,2389,44,5,"June 22, 2023",,3,"Well. That was unique. This is a near-future, old-school PI and jacked-in sidekick, dystopian, neonpunk roller-coaster of a murder mystery. It was the prose style that hooked me and kept me reading, but also the inclusiveness and diversity versus the cops as bad guys and the privileged as bad guys, but also the characters were good, too. It's got a lot going for it if you enjoy the prose, is what I'm saying. I nearly never care about the mystery so much as how the characters navigate the plot, but I also approve of whodunnit. And why. Satisfying beginning to end. Really glad I gave it a chance."
Annarella,13,143,5,"March 31, 2023",,3,"A cyberpunk technothriller that made me laugh, kept guessing. I had a lot of fun and thoroughly enjoyed this crazy story with a cast of well thought and interesting characters.A well plotted story that I recommend.Many thanks to the publisher for this arc, all opinions are mine"
Ian Mond,587,92,,"May 6, 2023",,3,"Entertaining fusion of cyberpunk and noir (though one could argue that cyberpunk is inherently noir-ish). It’s set in California in an accelerated version of 2032 which features extensive body modifications and androids. Our protagonists are Kiera, a trans-woman who barely makes ends meet gigging out her hacking skills, and Angel, the troglodyte ex-cop now cos-playing as Philip Marlowe, trenchcoat and all, who makes use of Kiera’s services. Everything goes pear-shaped when a mutual acquaintance is found dead and they're blamed for the murder. The novel is saturated with pop culture references which, when coupled with Wood’s accelerated future, makes for an uneasy, disorientating pairing. I’m not sure if I liked it or not, but I did think it was an interesting authorial choice. One thing it does show is that technology will not lead us to a utopia but, rather depressingly, will provide other opportunities for the rich to ignore or, worse, subjugate the marginalised. What I did like - nay love - was the odd couple relationship between Kiera and Angel. Yes, it’s a familiar trope, the clashing of generations, the tension between new and old, but when coupled with Wood’s wicked sense of humour and great ear for dialogue, you can’t help but fall in love with these two. The peripheral characters are also lovely, especially Kiera’s polycule and the plot takes some interesting swerves that I didn’t see coming. I really enjoyed this book and I hope to see more from Wood."
Payal,,47,2,"May 10, 2023",,3,"I really tried, but ran out of patience with this book. A fast-paced story. . . in which nothing happens. I guess it’s for the world-building, but it felt like a whole lot of pop tech jargon thrown in, some short, sharp conversations, and a decent bit of description, without the story moving as fast as one would have liked. I liked Kiera’s character, as well as Angel Hererra, and loved the depiction of queer, poly characters, but the story, not so much. (Review copy from NetGalley)"
Mel,3329,222,5,"February 5, 2024",21st-century-fiction；bought-2024；cyberpunk,2,"The queer, trans, poly cyberpunk noir mystery of my dreams! There was something just utterly brilliant about this book. A cyberpunk world in the near future 20 years ahead, with old school cyber implants used in a modern way. In a fascist dystopia, which isn't very different from the world today. It felt very real. The characters were great, their relationships realistic. The geek content super high. I utterly adored this."
Cailin,32,5,2,"January 24, 2023",,2,"I found fault with a few things in this book, so I'll save what I appreciated for the very end. For now, sit back and enjoy (or don't; I can't tell you what to do) my unvarnished opinion. The most subjective of my gripes: the dialogue, along with the narration, to a lesser extent, was quippy to the point of being unrealistic. Almost all the dialogue felt forced to me in a ""hello fellow kids"" way even though I think the author is not much older than I am. My biggest problem with this style of dialogue is that it undercut any emotional vulnerability in the narrative. Many dramatic moments were peppered with quips and one liners that took me out of empathizing with the characters and back to rolling my eyes at the dialogue. I also found the plot kind of hard to believe. The main characters, especially Angel, the PI, came across as kind of incompetent, except I don't think they were written to be that way. I also found it very hard to believe that in a plot involving multiple murders, no kind of forensics was ever brought up except to incriminate Kiera. Nobody found any DNA evidence or unique fibers at the crime scene? Nobody thought to use this to frame anyone? I expected more from a high tech cyberpunk setting. I was also underwhelmed by the antagonists. I dislike the police as much as the next person, but the antagonist came off as a mustache twirling cartoon villain to me. I think that by focusing on one awful individual, the narrative fails to examine the systemic and cultural reasons why that kind of awfulness is allowed to propagate within the police force. IMO this is a pretty big missed opportunity. My largest issue with this book is the juxtaposition of Buddhism with the incredibly violent motives of one character. To preface this, I am not Buddhist, but I did run my concerns by an ex-Buddhist friend of mine and they agreed. Buddhist ideology explicitly condemns violence against living things, but there is one character in this book who uses Buddhist ideals as either motivation or justification (I'm not sure which; this character made no sense to me) for murder. I don't know what the author's religion is, if any, so I make no claims of appropriation, only that the Buddhism involved in this book, whether or not the narrative condemns the actions of the character in question, misrepresents the religion. At first, I was happy to see poly rep in this book, but that rep came hand in hand with the sort of smug poly superiority that I, a non-monogamous person, can't stand. Let's not make constant digs at monogamous people please. Being poly doesn't make one an inherently better person, it just means we approach romantic relationships differently. I did, however, appreciate that this book didn't shy away from having a queer (this is the term I am comfortable with; if the author dislikes it, please someone let me know so that I can edit this review accordingly) villain. Too often, authors, especially queer authors, are pressured into writing only good, perfect queer characters, which in turn holds us irl to an impossible standard. Even if I didn't like the story overall, I appreciate that the author took the time and care to write a cast of realistically imperfect queer people. Thanks to NetGalley and Solaris/Rebellion for providing me with an ARC in exchange for my honest review."
Kate,172,5,5,"May 1, 2023",,2,Cyber punk crime noir novel? Yes. Femme Fatale? Yes. Smoking detective with a trench coat? Yes. Fascinating characters with realistically portrayed relationships? Yes. Personal book of the month? Yes. Everything I never knew I wanted? Yes.Should you read this book? Yes.
jocelyn,167,19,2,"March 29, 2023",,3,"Bang Band Bodhisattva was heavy with gritty, electric cyberpunk vibes, full of cybernetic mods and advanced tech and cut with comedy. Plus, there's gays doing crime, escaping crime, and solving crime! It explores themes of capitalistic exploitation as well as queerness in such a world. The cast is full of LGBTQ+ characters, including our main heroine, a (chaotic) trans woman in a poly relationship. However, despite the interesting premise and ideas, I think this was as far as the good points go.The dialogue came across really overtop and snarky. It was entertaining at times, but it dominated so much of the text to the point that I couldn't relate to or feel for any of the characters. They just came across ridiculous and unreal to me, so it wasn't something I personally enjoyed. That could certainly just be a me thing though.The overall plot also did not thrill me like I would have expected for what was supposed to be a cyberpunk mystery. The story was fairly slow and meandering, and it felt like it took an eternity for anything to happen. For example, the concept related to the main title does not become relevant until the end. It is not hinted at all throughout the novel, and rather seemed to come out of nowhere so the reveal had no impact.Long story short, I was bored the entire time because I wasn't at all invested in the characters or the plot, but if you're just here for a fun time, this book may still work for you!(will be posting on other sites closer to publication date)"
Peter Baran,646,47,5,"August 26, 2023",,2,"Cyberpunk is now middle-aged, Neuromancer was 1984, and arguably comics had been playing in this realm much earlier. A lot of the aesthetic of cyberpunk is also knocked off of Blade Runner, at least the neon streets are. Which makes Bang Bang Bodhisattva a rather nostalgic throwback. Its even set in 2032, without any sense that this is really our future, but is certainly the future the early cyberpunk writers were toying with. Blend a bit of Snowcrash in, and we have the kind of framework for a cyberpunk world that we can then throw all of today's angst into: instant canceling, gender-fluidity, the tightest of gig economies. Cyberpunk was only ever the window dressing really, usually for some kind of noir detective or a conspiracy theory to be unraveled. Aubrey Wood is not the first person to tie noir with cyberpunk, but her joyful buddy movie of a book does nicely tie together a hardboiled 'tec with a fresh-faced hacker and throws all the right shapes with it. Both leads have a distinctive point of view, both are fun to spend time with even while the bitterness invades the older character, and anxiety overwhelms the younger. Throw in endless slang and micro-concepts to do the world building and this actually feels like an almost cosily comforting return to the best of fun cyberpunk. And as for the mystery at the heart of it, it works in that most tantalizing way, making you flip back pages for the clues in plain site for the denouement you didn't expect. A snappy fun read."
Danai Christopoulou,,40,5,"February 3, 2023",,2,"An exhilarating cyberpunk, techno-noir whodunnit!I will preface this by saying I'm not a gamer or a coder, so there were a lot of references that flew over my head, but even so, this was a super enjoyable, fast-paced read. I found the world Aubrey Wood has built fascinating, from the descriptions of how tech and VR are integrated, to the discussions about AI autonomy, and the sombering snippets about the political climate and what it means for human rights (particularly for queer and gender-non-conforming people). As for the characters, Kiera, Sky and Angel have my whole heart. As for the murder mystery itself? I really did not see that coming. It was bonkers, in the best way possible. Now, I would like more books set in that world, please and thank you, with Kiera and Angel solving mysteries together (because I really want to know how their relationship evolves after—but no, shush, spoilers). Thank you to Rebellion Publishing and NetGalley for the ARC in exchange for an honest review."
Erin,53,11,5,"March 7, 2024",favorites；trans-vibes；trans-women,1,"proper queer cyberpunk story centering a 30s something trans woman loser (affectionate)cracking it open really helped re-energize my own enthusiasm for writingto give the pitch: it's a cyberpunk noir thriller following down on her luck 30s something transwoman Kiera, trying to raise enough money to raise her polycule's social score so they aren't evicted from their apartment. in the wrong place at the wrong time, Kiera and her on-again off-again friend/employer Angel Herrera, a luddite private investigator, are framed for two separate murders. they have to work together to avoid the fascist police in order to clear their names and find the real killer.i loved this book. It's fast-paced, heartfelt, and sincerely queer. It feels like proper cyberpunk but free of all the weird anti-Asian and ableism that plagues the common cultural conception of 'classic' cyberpunk while keeping the scathing critique of capitalism with a picture of a future that's more of a fun-house mirror of our present."
Rebecca Johnson,142,,4,"January 13, 2024",lgbtq-authors；lgbtq-content；police-procedural,1,"To categorize broadly, this is a fun, fast-paced odd-couple buddy book with a terrific female protagonist. But it’s so much more than that and I’m not sure I can do the author’s accomplishment justice here from my cis-het-suburban-middle-aged-mom perspective, but I’ll try. Each character on the surface seems pretty straightforward and simple at first, which pushes the murder mystery frame-job front and center to draw the reader in to the plot. As the plot progresses, though, the nuances and complexities and joys of the characters’ lives sneak into the forefront and you can’t help but get caught up in those elements. I don’t want to get more detailed so as not to spoil the experience for first time readers. As they say, representation matters, and this book is rich with it: trans characters, polyamory that works, cyberpunks, gamers, even a jaded middle-aged old fart. Highly recommend!"
Caroline,464,,3,"November 4, 2023",2023；girlhood-womenhood-gender；lgbt,1,"3.5 stars | A fun and compulsively readable queer cyberpunk noir mystery. The excellent, thoughtful worldbuilding is definitely the best part. It is clearly a debut novel, though—the mystery itself is clumsily constructed, with a disappointing solve, and while the dialogue was punchy enough to get a few laughs out of me, I couldn't remember a single line as soon as I finished the book. I'm also not a fan of the way Aubrey Wood mentioned in an interview that the characters are modeled on herself and the people she knows, and I totally see that. Kiera and her friends are very relatable—I know lots of people like them!—and that gives them an endearing everyperson quality, but they lack the development or interiority to truly be memorable. This book needed to be thought through a bit more, but Wood has a ton of potential as a writer that I hope she lives up to."
Joanna,1164,21,4,"January 5, 2024",bookfort-books；books-with-science；corporate-scifi,1,"4+ All the trappings of a high octane sci fi noir. Great pacing, relatable protagonist, snappy dialogue. Meticulous near future world building But at the same there’s real poetry in some of Keira’s meditative sequences. Sometimes the writer’s enthusiasm overpowers stylistic concerns, which is why this missed the 5 rating, but still pretty great. I really appreciated the way the protagonist’s trans identity was an important part of the narrative but not their only defining quality."
Pam Sartain,556,8,4,"August 19, 2023",,1,"My review:⭐⭐⭐⭐This has 2 points of view, Kiera, who is a trans female, and Angel, whose tone is very noir detective!This has a multiple characters who are LGBTQ+, and different relationships. It's set 20 years in the future, and the technology is very cyber punk!It's a really good detective story, with lots of twists. I was given this book in exchange for an unbiased review, so my thanks to NetGalley and to Rebellion."
Bene Vogt,343,3,2,"October 13, 2023",,1,"This took me a lot longer than I expected a queer cyberpunk noir novel of less than 400 pages to take me and I was annoyed more often than amused or enthralled. I also found myself thinking a lot about how there’s going to be essays and books written in a few years about the damage fucking READY PLAYER ONE did to the Sci Fi genre. On the other hand I’m definitely going to pick up whatever Aubrey Wood writes next, because there’s undeniable talent evident on the page, I just wish Wood’s and my priorities were more aligned. About thirty percent of this book are quippy references to 80s and 90s pop culture, mostly voiced by a person under 30 year in the year 2032, which was enough to crash any immersion I had anyway, counting the account of people in my age obsessed with the cinema of the 1950s so deep they speak almost exclusively in allusions to it. And all the other characters get each and every one of them!If that sounds slightly annoying rather than madness inducing, sure, but the book does that while being so lazy on world building that I was at no point sure if the cop on the protagonists’ heels was just gruff or permanently violating civil rights, which really isn’t something any novel not set in the present should leave open. Also, the resolution essentially cheats so it fails as a murder mystery. Ah well, the action scenes kicked like Fred Dobs and the dialogue (unending anachronistic and implausible references excepted) was almost Paul Muni smooth, and not every book can be Stalag 17."
Liz,90,,5,"May 14, 2023",,1,"Seriously great near-future cyberpunk. I preordered almost entirely on the strength of the title alone, and boy did it deliver. Slick, horrible, and funny at the same time."
J. Corvine,,15,5,"December 17, 2023",,2,"Do you love snotty, big-mouthed characters? Snappy banter? Having way too much fun, yet being taken seriously? Noir? Cyberpunk? An interrogation of gender, autonomy, identity and self-determination? C'mon, I wouldn't ask if I didn't wanna know. Anyway, the answer is to read BANG BANG BODHISATTVA. Aubrey Wood plays with our near future and our not-so-distant past. She skewers the outrageous-yet-commonplace infringements on our privacy, autonomy, and safety and the absurd barrage of information with the accompanying illusion of choice we're subjected to daily. I muttered ""fuck"" in awful realization more than once. It feels fucking prophetic at times. Then there's the moments of internet archaeology, the unsettling reminder that we leave pieces of ourselves behind wherever we go, even online, no matter who we move on to be. Every character, right down to those in-and-out of a scene, is distinct and sharply drawn. Kiera and Angel are the perfect pair of idiots to follow around. There is nothing cloying or saccharine about their relationship, but neither are their moments of genuine connection slapped out of the reader's grasp by snark. BANG BANG BODHISATTVA is terrific, hotheaded, messy, sexy, stupid fun with an earnest, beating heart. It made me feel loved and feared for in a world that hates me. It gave me a glimpse of something I long for. It's something beautiful and genuine and real in this cynical, piece-of-shit world. It's a hell of a good read."
Hampus - HamKiss,7,2,4,"March 20, 2023",,1,"I got this book as an ARC on NetGalley, thanks to rebellion publishing.First and foremost, that cover!!!This book was so fun! Like laugh out loud fun at times. But it's not a comedy, and it's not just sunshine and rainbows. The book is a cyberpunk murder mystery/PI story set in a kind of dystopia world in the year 2033. An age where president elections are done by games, elfears and orc fangs are commonplace and where everyone has a smartphone in their eye. The book never holds back and is kind of vulgar and in your face, which I love. For example, in the first couple of pages, one character lets out a groan that gets compared to ""someone bottoming for the first time.""The main character is trans, and a big part of the book is about identity, both linked to gender but also to like ""is this what my life has come down to."" These questions and themes make the book stand out in that it's not just a pi/murder story.I enjoyed the world building. The futuristic kind of dystopian world felt realistic and in a very scary way plausible (I hope to god that 2033 turns out better in real life).The murder mystery part of the story was exciting, and it kept me on my toes, I had a couple of suspects, but I think that would be spoilers."
Kay,31,,5,"June 10, 2023",,1,"Cyberpunk is back, baby!"
SteveRv,122,,1,"October 5, 2023",,1,"The writing and plotting was excellent and I like the authors chops. But, I must be just getting to old but I just couldn’t deal with all of the transgender story line."
Peter,630,24,4,"September 12, 2023",,,"Kiera's a hacker just trying to earn a living in Carson City. But when a job leads her to the murder scene of someone she knows, she finds the cops are keen to close the case... by blaming her, and the private detective that employed her.I often have fun with a bit of cyberpunk, although at the same time often I'm turned off by what's possibly considered one of the defining characteristics of the subgenre... characters I don't root for. This book, thankfully, is one of the exceptions... which isn't to say either of them are perfect, but I enjoyed the peek into their lives and their interactions.Perhaps more specifically, I really enjoyed that it's fairly grounded as Sci-Fi stories go. The character's being framed, sure, but it's not some conspiracy that goes around the world that she has to unravel, it's more local corruption and laziness and she just happens to be the one involved. The fate of the world doesn't depend on her, just her own, and that's enough. Cyberpunk books are more prone to the street-level stories, but, especially in novel form, I find they still regularly veer into 'events that effect the entire world' type tales. I like those stories too, but sometimes I just like reading about people and their more-or-less ordinary problems in an unusual world, and in this book, it works perfectly for me. The plot was reasonably straightforward (save a bit towards the end), a few twists I predicted but wasn't disappointed that I did because they made sense. It was engaging, had some interesting speculative thoughts on the near future and the present (as much of SF is really commenting on that using the twisted mirror of the future), and it's a book where a person takes a break from the chaos of their life to dip back into a video game they used to play a long time ago and it's both not plot critical and still interesting character work that, to me, remains entertaining and revealing. That's kind of impressive.If I have a complaint, I'd suppose it's this. The book's set probably about 10 years in the future but... the timeframe really doesn't work for me, in a couple different directions at once. Firstly, there's some technological and social developments that I think happened way too fast. Not a huge problem, and again, if the author set it a decade or two later, I'd just roll with it. Except that would exacerbate the other problem, in that it uses a fair bit of pop-culture references. And specifically, since one of the main characters is somewhat older than the other, they make use of the dynamic where the older one is unfamiliar with the references the younger one makes and takes some ribbing for it. Which is fun, except... I'm about the same age, now, as the older character is, and pretty much every reference that he doesn't get, I get. Some of them I feel are out of date now. And the older references he does make... well, some of them are from before I was born, which is fine, since people can be interested in that sort of thing, but... like, both of them seem pretty up on them, which is a little weird. If you set closer to the modern day, the problem goes away, but that exacerbates the first problem. So it's sort of in a weird place. It's still not a huge problem, but I guess I gotta complain about something. Overall, I'd rate the book in the high three-stars range, which makes it an easy round-up to four, and I'd happily follow these characters in a future book, or check something else out by the author if it ran up my alley."
Paromjit,2917,254000,4,"April 20, 2023",crime-fiction；dystopian；humour-comic-fiction,39,"Aubrey Wood writes a frenetically paced cyberpunk murder mystery featuring a pair of chalk and cheese protagonists, set in 2032 in the dystopian city of New Carson. Oddly enough, given I am far from the forefront of digital technology, and a gamer I am definitely not, there were many aspects I did enjoy. Ex-NCPD cop, Angel Herrera, is an old fashioned PI who hires 30 year old transgender hacker Keira Umehara, to help on his cases. She is struggling financially, living with the threat of being thrown out of her home she shares with Sky and Jinx, fighting for her sense of identity in a world that makes this difficult, with some insisting on referring to her as Mr and Kyle. The author does a great job in his world building and building the wide array of characters he creates.It all begins with a bang as Angel aims to get photographs of a cheating partner, only for Keira to be shocked at the level of violence and brutality facing them, they are shot at on numerous occasions in a situation that descends into crazed out of control mayhem. Angel has his hand damaged and Keira has her nose broken, no wonder she tells Angel to never call her again, but money issues have her accompanying him on a case where he is attempting to locate lawyer Malcolm Hobbes, also his ex-cop partner, for his wife Glory. However, they discover him murdered, having just been throttled so hard that his throat caved in, with Keira not realising the victim was her pro bono lawyer, who was trying to get her name changed. The only clue is a stick of Nag Champa incense, as the police are called, with Detective David Flynn entering the scene. As Keira finds herself a suspect, she and Angel investigate.There is imagination, madness, murders, danger, twists and a plot that meanders as a protective Angel and Keira's relationship develops. I have to admit the frantic pacing on occasion was a little too much for me, but I persisted because I liked both Angel and Keira, and the LGBT+ issues and themes that include identity, relationships and friendship. Additionally, I am confused as to why Wood has Keira at 30 come across as so much younger, the characterisation would have worked considerably better if she had been under 20. A mostly enjoyable, entertaining and fun read where perhaps the pacing needed to slow down a little to focus on characters and the mystery more. Many thanks to the publisher for an ARC."
Kate Sibson,118,6,4,"May 11, 2023",,,"A cyberpunk crime noir set in the near future, Bang Bang Bodhisattva has a lot to say. Kiera is a low level hacker who uses her skills to fix things. Mainly. She is also sometimes employed by Angel Herrera, a private detective, to get into places they shouldn't. The plot revolves around the murder of Angels ex-bestfriend, who is also Kiera's lawyer. Framed for his murder, they must stay ahead of the law while clearing their names. There is a lot going on in this novel. Set in 2032, capitalism has won the day. Housing is determined by your social score (rating and reviews of jobs done). Cybernetics are commonplace in a society where it is easier to replace than to fix. Set in Carson City, it feels seedy and gritty, lending an atmosphere of 1940's black and white noir films. In this setting, the author maintains a steady stream of social commentary, detailing all the wrongs in this society. It could be awful, but it is actually done pretty well here. It meshes with the plot rather than sitting aside from it. Another area of prominence is gender and LGBT+ issues. Kiera is trans, living in a polycule. During the book, she has to deal with transphobia, being deadnamed and misgendered on a regular basis. Again, this is set in the near future and the state of play today makes this feel very believable. Other aspects of the story include a buddy cop relationship between Kiera and Angel. Kiera is a very social, outgoing 30 year old whereas Angel is a grumpy outdated ex-cop. This gives a 1970's buddy cop series feeling to it - older, wiser cop with the knowledge and the wise-cracking sidekick who can't help ribbing the other for being out of date. This was enjoyable and I liked how their relationship progressed. My only complaint was Keira herself. Although she states (several times) that she is thirty, she comes across as much younger. If I didn't know, I would put her at 20, max, especially in her speech. She comes across as a bit immature and silly at times. I'm not sure if that was part of the commentary but it didn't always work. I felt that it was the relationships that mattered most here. In the end, the mystery almost takes a back step to this, and the reveal almost doesn't matter. The pacing feels slightly wonky in parts but generally it works well. An enjoyable adventure in the near future. I received a free copy from the Publishers via NetGalley in exchange for an honest review. Thank you"
S.J. Higbee,,38,5,"June 2, 2023",,,"It’s extremely difficult to write near future convincingly or well. But Wood makes a very good stab at it. I loved the dystopian feel of the world, which has clearly gone to hell in a handcart frighteningly fast. But the grittiness of the daily grind and trying to make ends meet was overlaid by Kiera’s touchingly vulnerable character. I could see why Herrera tends to act like a parent towards her.The relationship between the pair is often the narrative engine that powers this exuberant read, so it’s important that I cared about what happens to both of them. And I did. I liked the fact that everyone introduced themselves alongside their preferred pronouns – it certainly rings true when I listen to what matters to my grandson and his friends. I also enjoyed the nuances around sexual relationships, from the sleazy and abusive right through to sweet cuddles and kisses. Not that a great deal of emphasis is particularly placed upon the range of sexuality – but it twines through and around the story as part of the worldbuilding. Like the odd fusion of foods and emphasis on cheap fast foods, which always seem to be the staple of private investigators in this genre.I thoroughly enjoyed the worldbuilding. It’s particularly important in this sub-genre as it also provides the mood music by setting the overall tone of narrative. While the story is peppered with tragic deaths that matter to at least one of the protagonists and there is a fair amount of violence throughout – this isn’t a grim read. There’s too much snark and humour, especially between Kiera and Angel. Though I also enjoyed much of repartee aimed at Detective Flynn. Overall, this is a boisterous book, full of energy that pings off the page and took me with it. I’d love to read another book in this world – there’s plenty of mileage in the characters and I highly recommend this one for fans of futuristic detective noir in a cyberpunk setting. While I obtained an arc of Bang Bang Bodhisattva from the publishers via Netgalley, the opinions I have expressed are unbiased and my own.9/10"
Tim Hicks,1614,123,3,"August 27, 2023",science-fiction,1,"I loved it. I hated it. I admire Wood's gumption and imagination in creating it. But I can't get past ""what the hell did I just read?"" It's not a very good book in several ways, but it leaves an impact like a bruise.Everything in the ending can sort of be tied back to what we were told before. It's a stretch, but Wood has worked it out as carefully as Agatha Christie ever did. We're in an unusual future that *could* be our world's. The just-two-genders thing is gone, baby, gone, and people don't have to have human bodies. Those who do often choose to cut off a hand and replace it with something special-purpose. I would have liked a little more explanation of that. We have dialogue that's seriously out of sync with the world in which it occurs. We have enough multivalent sex to put some readers off, and also slow the plot to a crawl that almost made me DNF. But then we kicked the murder plot back into gear and away we went. I must have missed the explanation of how/why Nile appears and Jinx is instantly friendzoned. Was Kiera meandreamed after all? As we started to discover who the killer was, my what-the-hell alarm went off, and I was *this* close to throwing the book across the room. I still don't feel we got an explanation of WHY and HOW things developed as they did, and I can't say more without spoilering. And that last discovery by Angel, well, that's just an author playing games with the reader. Traditional murder mysteries don't do that, but boy howdy, this sure ain't a trad MM, is it? For a first novel, this is astonishing, and I will look for future stuff from Wood."
Nom On Books,108,,5,"May 24, 2023",,,"Is it weird that my favourite song at the moment that doesn't exist and I've never heard it? This book has an irresistible narrative that is equal parts fun, traumatising and bizarre. Like, I want to be back running around the city and hiding from cop-dogs with Kiera. The world created in this book is so much of my literal nightmares it’s unreal, but it was so beautifully (and horrifyingly) put together. You learn so much about who these characters are, and they are written in so much detail. Like, full technicolour with all their flaws and strengths that make you get the warm fuzzies. So much of the magic in this book was the human (and android) interaction and I can’t talk about it here as I don’t want to ruin any moment of reading this for anyone. I 100% couldn't predict anything that was going to happen which I think speaks to the strange nature of the plot or world that nothing really seems like it ‘couldn’t happen’ but my lack of disbelief or annoyance with that speaks to the brilliant writing. It was so real and entirely off the wall at the same time. I felt like clues were being dropped throughout but I couldn’t quite add them together coherently. And, some moments were just so poignant and sad; and others made me so happy. Yet all of it was so grounded in this reality and the one we are creating from here; the author using the events of the past few years and current social narratives and difficulties as a bridge into this cyber hell. In summary. Read it. It’s fantastic."
Nico,307,3,4,"May 25, 2023",,,"The mystery at the heart of this is quite good, and it not only features trans/lgbt characters, but requires them. A lot of the world is well-drawn, things like the repeal of the right to have a lawyer present when you get arrested. I really liked the dystopian politics and how they shaped the way the investigators had to work. Theres also a lot of interesting stuff around the intersection of trans politics and android politics: what bodies mean, who people are, etc. Overall, a solid, enjoyable mystery. My only complaint is that the MC’s narrative style feels outdated for a novel set in a cyberpunk future. She uses slang like “doneski” and “outie five thousand.” Her cultural touchstones are all from the 1980s and 90s, like Haruki Murakami, Die Hard, and the Sega Dreamcast. She’s supposed to be a hip young woman in futuristic 2032, and she sounds like an elder millennial in real-world 2010. That might sound nitpicky, but I feel like cyberpunk novels rely heavily on coolness, especially in terms of style. The dated real-world elements just pulled me out of the narrative a few too many times."
Venneh,1084,17,5,"May 27, 2023",,,"When the book starts with an ACAB quote winkingly misatrributed to Star Trek, you know you're in for a good time. This is an incredibly fun, queer, ever so slightly in the future cyberpunk noir that features a middle age guy still trying to deal with the fact that maybe the institutions he thought would protect him won't so much, a young trans girl hacker trying to scrape by and make a living in a hypercapitalist hellscape who are both on a gig job together and get drawn into Something Bigger. There is some degree of Very Internet that might rub some people wrong (streamers, meme usage, off brand WoW), but it adds to the near future hellscape. What I find most fascinating here is the scale of what Kiera ends up involved in because of one party and that Jamie actually gets to learn stuff about himself (like being introduced to the concept of asexuality and dating someone in a polycule) while also learning just how much the future can suck. (Also, big ups to Ms. Wood for writing Chrono Trigger fanfic back in the day!) This was just a fantastic, fun, joyful read, and definitely highly recommended."
Peter,5,,5,"July 18, 2023",cyberpunk；favorites,,"There's a lot that I could say about Bang Bang Bodhisattva. To say the least, I thought it was good. Really, good. I'm giving it 5/5 and I do sincerely mean that.At no point in the story did I find myself getting bored and even when I wasn't reading it I was thinking about reading it, which is always something that I love to see happen. Kierra and Angel are excellent protagonists, and I enjoyed both of their perspectives. They're very different in a lot of ways and similar in others, and I think they play off each other well, to the point that if Aubrey Wood wanted to make a series out of this I'd be happy to see it because I like them that much. The other characters were also well written and I think worked well with the main duo.The world itself is interesting, cyberpunk near future with some very clear signs that it's supposed to be our near future: I'm not sure how well a number of the pop-culture references will hold up but I feel they worked great here as a means of getting to know both of our main characters.I will say that the work left me feeling a little hollow at the end, but in the good way that happens when you know a story has affected you."
Krista,75,,4,"December 26, 2023",crime；cyberpunk；detective,,"This cyberpunk novel starts off with the titular ""bang!"" and features Kiera, a hacker+ for hire, trans woman, who is ""30 not 15"", and Angel Herrera, a crusty, somewhat paternal detective who isn't Sam Spade but might want to be. The Bogart and Blade Runner references are lampshaded here with a bunch of pop culture references that make this 2032 set novel feel more like an cyberpunked out version of contemporary Earth than the usual dystopic ambiguously near future of a lot of cyberpunk. Kiera's in a healthy poly relationship with Sky & Jinx, which is good because the shit really starts to rain down on her and she needs their support. The book stays third person, but alternates, mostly by chapter, from Kiera's perspective to Angel's and back. Content warning in the book for Kiera being misgendered, repeatedly by an ongoing antagonist. The action is snappy and despite the darkness things stay hopeful for the protagonists for most of the book. I had a hard time with how things resolved for one of the supporting cast, and to say more than that's part of what makes life messy would lead to spoilers."
Mary,481,6,2,"July 29, 2023",could-not-finish；science-fiction,,"If I had been able to read the entire thing, I'd most likely give it 1 star, but I feel that would be a bit unfair b/c I stopped 1/3 of the way in and then skipped to the last few chapters just to see what happened. Turns out, if you skip 65% of the book you can read the end and seem to have missed very little! That kinda says something about what was in the middle. I find that often I am not that interested in near-future cyberpunk that doesn't include anything too far off from what we live in now. This was that, as well as essentially a murder mystery. Nothing to see here really. I agree with other reviewers that the dialogue was super snarky & did not endear me to any characters. So - uninteresting plot and characters I don't care about. I wonder if the fact that they are all LGBTQ and/or poly is supposed to be the thing that makes the reader care. If so, that didn't work for me. Someone else said the cops were like cartoon characters, and I would say that may be true of all the characters."
Chad Cunningham,405,5,4,"March 27, 2023",2023-netgalley；2023-queer-fiction；2023-science-fiction,1,"I got me a copy of this book from NetGalley in exchange for a review. Here it is. Cyberpunk chock full of queer characters, cherry-flavored drinks, red herrings, and murky backstories. Bang Bang Bodhisattva is a good ride. Angel and Keira need to find out who has been killing people. Detective Flynn is a transphobic jackass trying to pin everything on them. And what the heck is up with Nile? I enjoyed this book quite a bit. The queerness of this book was a welcome respite from the absolutely bonkers awfulness sweeping the nation right now. And I always enjoy a story with near-future tech that you can almost imagine yourself getting in the next couple of years. The novel isn't perfect. The middle is a touch long and the ending meanders. But the characters are great, the setting is believable, and the plotting is solid."
Dan Chapman,28,,5,"May 9, 2023",,,"I knew this was going to be a good read from the first line! It wasn't entirely what I was expecting (which is a good thing), it's a great mix of anime cyberpunk violence and gritty film noir odd couple. I also went through this book not knowing what the title meant, but it was explained towards the end and I'm glad I didn't know beforehand or I might have guessed the ending. The trans main character slots perfectly into the dystopian cyberpunk trope, and I'm hoping more books incorporate this in the future. The ending feels like it's been left open for a sequel so I've got my fingers crossed for that!"
A,306,3,3,"May 22, 2023",,,"I almost DNFed this book in the first few pages. I found the voice felt over the top in a forced way, and not all the references and jokes were landing. But there were a few moments of comedy (and the blurb intrigued me) so I decided to push on and ended up finding this quite a fun read. The voice was still a bit much for me at times, and there was a tendency to drop dialogue tags in the back-and-forth between the two MCs, and I would lose track of who was speaking. I liked the capitalist hellscape world-building, and I think the author did a great job of portraying different queer experiences. The pace was good, and I didn't really find that any parts of the investigation dragged. I would read more from this author, and about this world."
Crane,38,21,3,"August 10, 2023",,1,"This was a book which started better than it finished. The tone and  were great! It did a really good job of feeling like it was riffing on traditional noir movies.The problem is that it fell apart towards the end. Plus, after the actual denoument proper, the writer shoves in a little ""BUT CONFLICT BREWS IN CASE I WANT TO WRITE A SEQUEL!"" coda, which I find irritating on principle."
Tellulah Darling,,375,5,"June 10, 2023",books-i-adore,,"This book had me at ""edgy, queer cyberpunk detective mystery"" and didn't let up until I'd finished the last sentence. The pop culture references reminded me of Ready Player One, the cyberpunk had shades of WIlliam Gibson, the noir evoked Dashiell Hammett, and all of it was a glorious mashup that was 100 percent, a page-turning, roller coaster of a ride. I highly recommend it!"
Aiko,20,,5,"June 19, 2023",favorites；read-but-don-t-have-and-want,1,"- Wow wow queer cyberpunk noir murder mystery/techno-thriller extravaganza – what a whirlwind. - I think I am in love? - The protagonists have my heart. - Only finished this like... 10 minutes ago. So funny, and beautiful, and tragic. Could not put this down.- I do not regret getting this from the library, but yes, I will be purchasing a copy for my own keeping."
Stevie Carroll,,25,4,"July 29, 2023",reviewed-elsewhere,,"Previously reviewed on :I don’t read a lot of cyberpunk, even though the aesthetic appeals to me, mainly because I see few recommendations for books in the genre that feature queer characters. Likewise, I don’t read as much noir as I’d like for similar reasons. So when I started seeing mentions of this mash-up of the two with its trans and polyamorous protagonist, I was very keen to get my hands on a copy. It certainly delivered hugely on diversity, with representation of a wide range of marginalised groups eking out a living in a near-future city, where tech enhancements are near universal and the police are more or less a private militia for the rich and powerful.Kiera Umehara is a trans woman living in an open trio with two other radical queers, all of whom work in the gig economy, although one of them, Jinx, aspires to become a big-name influencer. When their social score drops and they are threatened with eviction from their apartment because of it, Kiera is forced to team up with Angel Herrera, the cop turned PI she swore she’d never work with again after their last job ended in a fistfight. Herrera has been hired by his ex-wife to track down the former colleague she left him for, now working as a lawyer, and coincidentally representing Kiera in her fight to get legal recognition of her chosen name.The pair soon find their man – dead – and when Kiera takes a break from work to attend a party with Jinx, she ends up falling for a fellow guest, who promptly also vanishes with all clues pointing to the presumed kidnapping having been committed by the same person(s) that killed her lawyer. Kiera and Herrera find themselves under suspicion (cue racism and misgendering from the cops) and have to race to solve both cases before they end up being jailed for the crimes they are investigating – and more – because this is a criminal web with links to the highest levels of local politics.I enjoyed this book a lot; although it was clunky in places and set in a future that seemed to have diverged from our present at least twenty years ago, the amount of trans and queer representation more than made up for that, in my opinion. It was a rare joy to come across a novel with a fully functional polyamorous relationship at its heart and where all the conflict came from factors outside that relationship.Another book I want to reread when I have the time to savour it, and another author I want to read more from as her career and writing progresses."
Ravi,233,1,,"July 27, 2023",,,"for all certain authors like to harp about """"""squeecore"""""" writers, you'd think i'd be able to tell their work apart. the voice was just not for me; somehow felt worse than the mcu in one-liner density. that said, i can see and respect the vision, and my review shouldn't discourage giving this book a try"
q-bert,31,1,4,"February 2, 2024",,,"A murder mystery in a futuristic Californian city-scape. Definitely more heavy sci-fi than I’ve read before, but the second I learned the MC was transfemme, I had to read it. Overall great story! Some confusing parts here and there, but a great stand alone story with a twist (at least for me) ending."
Siavahda,,170,5,"May 31, 2023",automatic-buy-authors；awesome-girls；best-of-the-decade-2020-2029,,"I love it, I love this, I cannot believe one book made me cry AND laugh this hard, why is this not on the bestseller lists, I will write a proper review when I get literally any of my brain back because MIND BLOWN BY ALL THE AWESOME!!!"
Bethany,509,,5,"June 11, 2023",,,"4.5* A rip-roaring cyberbunk noir set in a world that (unfortunately) feels all too socially and politically real. The two main characters leap off the page, and I hope there will be a sequel given how it ends."
Ryan Mishap,3475,68,4,"November 19, 2023",mystery-crime,,You have to stick with this for sizeable reading chunks in order to immerse--especially if you are old like me and not saturated in video games and surrounded by the digital amniotic fluid younger generations float in--but the pay off is worth it because you get a cracking noir sci-fi tale.
Catherine Siemann,1159,33,4,"December 20, 2023",,1,"The cyberpunk future really is just around the corner. As someone who read Neuromancer shortly after it came out, this book reminds me of just how old I am (I absolutely identified with Angel), but also this is the world my students and younger colleagues inhabit. Read it."
Jake,21,,5,"December 30, 2023",,,"Ye gods, this book was so perfect. Devoured it in one sitting, cancelled my plans and stayed up till 3am because the thought of moving away from Kiera for even a second was excruciating.Perfectly driven, brilliantly funny, can't wait for Aubrey's next book!"
Jen,173,17,4,"March 6, 2023",available-kindle,1,This was a lot of fun.
Loyd,2,1,2,"September 1, 2023",dropped,,DNF. Couldn't get past the unbelievable actions of the heroes and the fact that the story felt like its whole point was to string you along to a page count needed rather than a sound ending.
Caitlin,2535,32,4,"September 20, 2023",,,"Difficult cyberpunk future, murder, frame-ups, and terrible gigs -- but it's not all bad -- there's humor, love, and support. Also cool tech, gender affirming moments, and interesting characters."
Jamie Nelson,39,2,4,"November 21, 2023",,,Fast-paced cyberpunk detective noir with a trans protagonist. I'd like to read more stories in the adventures of Keira and Angel.
Craig Kevorkian,11,,5,"December 23, 2023",,,I loved this. I had an incredibly hard time putting this down. A noir thriller from the true future. I'm looking forward to exploring more of Wood's writing.
Liz,1085,5,3,"April 15, 2024",,,"This was a fun cyber noir, though I found myself having less attention for it as the story went on."
El,126,3,5,"November 15, 2023",,,"I've said before in my reviews, giving five stars is not about perfection for me, it's about a book really grabbing my attention, or making me emotionally invested, or being unputdownable... Aubrey Wood's debut novel was absolutely unputdownable for me. It filled me with queer joy, all the while serving up one of my favourite things - detective work mixed with magic, or in this case sci-fi, all in a well-imagined near-future dystopia. The characters felt well thought out and the story was fast-paced and never dull. If I hadn't been busy with other things I would easily have blasted through this in a matter of hours because it just drew me in and kept me wanting more. Highly recommended!"
Ronronia Adramelek,392,8,5,"August 30, 2023",,,"Novela de detectives ciberpunk que le dará urticaria a la gente que aborrece «los pronombres» o cualquier tipo de diversidad. Kiera es una mujer trans y poly, con una familia deliciosa. Herrera es un detective ex policía y la figura paterna que cualquiera querría si no fuera por su tendencia a meterte líos que implican que te disparen. Las interacciones entre ambos son entre tiernas, cómicas y desesperantes. El misterio está bien y el género detectivesco permite mostrar detalles de una sociedad en la que cualquiera puede cambiar su físico a voluntad si tiene dinero para pagárselo. Muy maja, HOYGAN."
