Reviewer,Review Count,Followers,Rating,Date,Tags,Likes,Content
Jane,1,,5,"August 16, 2023",,2,"A fantasy tale of a young girl’s personal discovery of pixie hood, the challenges she faces when confronted by the discovery of illegal mining operations and dark unseen forces. Thirty-two compact chapters full of subtleties and sub plots that make the narrative come alive. The main character is instantly likeable, and the story is both enjoyable and uplifting. Recommended for teens and older."
Cheri Arthur,3,,5,"July 7, 2023",favorites,1,This is a really fun read even for adults. I loved the characters and the details about the history and her turning into a pixie as described so sweetly. I could see in my mind the beautiful forest and her writing style is beautiful. A great first book. HIghly recommend it!
Tz,1,,5,"October 10, 2023",,,"The Awakening is a captivating read that seamlessly blends the ordinary with the extraordinary. The author has created a world that is both familiar and fantastical, making it easy for readers to immerse themselves in Poppy’s journey. The characters are well-developed, and the plot is engaging, with a perfect balance of suspense and revelation. The environmental themes are thought-provoking, adding another layer of depth to the story. This book is a must-read for those who enjoy tales of magic, courage, and self-discovery. I eagerly await the next installment in this enchanting series."
Keith,1,,5,"September 19, 2023",,2,This is a lengthy well written story that I enjoyed whole heartedly. The I loved the main character and found her very relatable. The pacing of the story was great as well seeing as I tend to read a couple of lines and stop however I found this very easy to continue straight to the end. Thankyou Maya keep up the good work.
