Reviewer,Review Count,Followers,Rating,Date,Tags,Likes,Content
Caroline | BooktokEnthusiast,357,88,4,"April 10, 2023",,18,"A solid ending to a great paranormal reverse harem series. This series had heavy Greek mythology influences, which made it fairly unique. I thought that the world-building was terrific, and all of the characters were very well-developed. I loved the addition of T in this book--he was just so lonely and kind of funny/sassy. I continued to love the Spartoi, especially having Wild be their general. Sometimes the Gods made me a little confused, but I mostly liked the God storyline. In this book, Bullet continued to be my favorite. He is so freaking adorable and hilarious. I will also always have a soft spot for Riot, as Grace's first mate. I still think that the first 2 books of this series were probably the best. Wild and Dare's books were both just a little slow/dragged the plot out for awhile. I gave this book 4 stars instead of 5 stars because I was disappointed with how long the 5 main characters were separated in this. Grace finally reunited with ONE of her mates, Wild, at 52% into the book. Dare and Bullet found each other around ~70%ish. The 5 characters weren't all back together until like the last 15% of the book. I missed all of their group scenes and interactions. Because they were separated for so long, there was a lot more inner monologue throughout this book in each POV chapter. The ending was bittersweet with Bullet, but it made sense. It's kind of cute seeing him relearn everything and he's no longer suffering or pained by all of his old powers. I also thought it was satisfying seeing the main characters go back to Milton and having Grace reprimand her old town of agathos. It was cute that 2 of her dads self-bonded to each other.I was a little annoyed by the Mercy POV chapters in this book because I really don't care about Mercy, but I understand why they were necessary. It was awesome that Wild's no-speaking curse was transferred to Grace's evil mom, Faith. Overall, it was still a great series that I would recommend as a must read to any reverse harem/paranormal romance readers."
My_Strange_Reading,585,91,3,"April 25, 2024",2024-reading-challenge；chick-lit；lgbtqa-friendly,6,"I’m on a kick of writing reviews for a full series because my current thinking is if the first book is awesome, but the series sucks, you can get sucked in for no reason, so I’m trying to put the review as whole and then rate the books individually to help 🤷🏻‍♀️I really enjoyed the series. It was much more hopeful, loving and fun than I thought it would be. Imagine that living amongst us today are both agathos and daimons. Beings whose soul purpose is to either help humanity or guide them to destruction. Our girl, Grace, is an agathos—Born to be the embodiment of all things good and pure and righteous BUT her main “purpose” in life has been to find her “bonded” and now at 25 everyone in her community just assumes she is broken, and then she meets Riot (a Daimon) and her whole world flips upside down. I loved how clearly planned and thought out this series was. Could it have done with some editing? Absolutely, but overall, everything that happened in what becomes a mythological epic story makes sense to the characters and the original structure of the story. Run Riot: ⭐️⭐️⭐️⭐️Silver Bullet: ⭐️⭐️ (slower plot)Wild Game: ⭐️⭐️⭐️Dare Not: ⭐️⭐️ (couldn’t figure out the point)Saving Grace: ⭐️⭐️⭐️ (would have been 4 if the ‘separation trope’ didn’t exist for more than half of the novel) Overall series rating: ⭐️⭐️⭐️ HEA. Content/Trigger Warning: clear purity culture/religious theology allegory, reverse harem relationship, MMF relationship within the harem; religious sacrifice, ceremonies etc. super steamy scenes for all characters."
AvidReader,1271,258,5,"June 23, 2023",,6,"That’s how a conclusion should look like! What an epic finale for this amazing series. I would not go to the details and spoil, just go and read it!—Greek mythology.—unique world.—Agathos x Daimons—forbidden romance — Reverse Harem—fantastically written, amazing & funny character and solid plot. —safe, kindle Unlimited and not standalone. This series will always have a special place in my heart. P.s T is one of my favourite character in the whole series. The humour in this book was 🤌🤌🤌!"
Angel,882,12,1,"May 16, 2023",,5,"""489,807 words later, the State of Grace series is finished!"" OMFG! I COULDN'T AGREE MORE!This series started out OKAY but as it dragged on and on and onnnnnnnn I lost interest and struggled to finish it.This last book was so much worse in the boring scale...And if you read my reviews, you know I try to be nice but this series is so long winded and BORING.There was some good smut but even that had it's meh moments.I suggest this series of your sleeping pills are not doing IT for you."
Cat Hoffpauir,1594,158,4,"June 29, 2023",monster-pnr-fantasy；why-choose,4,"4.5 stars. So. Yes. But also…no? Yes. I liked it. It was a semi satisfying ending. But no, because I wanted more from a few characters? Like. Bullet’s whole situation was like reset and we don’t get to see any of the work that goes into that situation. (I’m being vague to avoid spoilers lol) Plus, Wild and Bullet? Where’s the growth there? It’s left at like a crush level of building on page but at the end they’re solid? Rude. But then everything else was really nice? I don’t know. I liked the series, and this ending fine but it wasn’t a favorite.🤷🏻‍♀️"
Zen,2147,,3,"April 17, 2023",2023-reads；angels-and-demons；apocalyptic,4,"I liked this series less the longer it went on. I will admit to skimming parts of this book, too. Although I am glad everyone ended up happy, this wasn't my favorite series by this author."
Poppy || Monster Lover,1011,145,5,"September 4, 2023",educated-fmc；fast-burn；fated-mate,3,"I have to say, I was a bit concerned about how all the stuff with Bullet was going to work out, but the solution was great.The story as a whole was really interesting and the world building, yes even including the Greek gods, was impeccable. The author was true to the characteristics of the tempestuous gods and the required sacrifices for anything the characters needed. The agathos and daimons were a unique addition that brought a good spin on the whole thing. The environment Grace grew up in hit home with me; a culty community with rigid roles and off definitions of right and wrong. I loved watching her grow into herself while still having the trauma be a part of her.Spice: 4/5Triggers: violence/gore, grief, death, genocide, natural disasters, child abuse (off page)"
Holly M,358,7,5,"April 9, 2023",,3,I mean I’m crying. I have such beef with the final books in series because they never wrap up well or give us enough time but this one finished with purpose and let us see that everything was going to be okay 🫶 one of my most anticipated series to read of 2023 and I was not disappointed
Cee,2719,136,4,"April 11, 2023",2023-books；buddy-group-read；fantasy,3,Absolutely amazing series and I honestly had no idea when I started Run Riot the story would end up going this direction. 100% looking forward to Mercy's story!!
Kei ♡ ,207,5,5,"April 11, 2023",2023-reads；greek-mythology；mythology-inspired,2,"Ahhh, the State of Grace series has finally come to an end and my emotions are all over the place. I love and care for these characters so deeply, I'm very happy to see them reach their hea, but sad to know it's over. Everything picks up exactly after the heartbreaking and life changing events of book 4. Grace and the guys each have their own missions and challenges to face. The separation between them is brutal and long, but it felt necessary. They each had an important role to play. Grace finds her courage, Riot finds his potential, Wild finds his redemption, Dare finds his place, and Bullet— my sweet Bullet, he finds his peace. The twists and turns were fun and unexpected. It was an adventure from start to finish and I could not put it down. It wrapped everything up in a beautifully bittersweet way. I did love spending more time in the underworld with the gods and other beings. Thanatos completely stole my heart in the few scenes he showed up in. I will literally get on my knees to manifest the possibilty of Colette giving him his own book someday. 🧎‍♀️ I wish the book was longer, or that we got some extended bonus epilogues because I wanted more of them together at the end. To see some glimpses of the futures that Bullet saw earlier in the series, only including the things he couldn't see. My heart is not ready to let go. I'm going to miss this series and these characters so much. Maybe we will one day be blessed with some bonus content. 🥹🩷I am however very excited that there will be some more books in this world following up with some of the side characters! I am dying to know how things will work out for them."
Gregorio Santiago,136,2,3,"June 6, 2023",,2,"DNF at 30%. It is the last book, I expected more. We really aren't learning that much more, even though at this point in a 5 book series, I would hope for more insight. The POVs read the same, other than Bullet's. I might come back to this to find out what happened. I read all the other books back to back, so maybe that is why. It felt like as it went on, the quality decreased."
Christina,361,4,4,"April 30, 2024",fantasy-favorites；favorite-why-choose,2,"4.25⭐️ I love how everything wrapped up super nicely for the series. I kind of wish Grace was able to confront her mom, but what happened to her was exactly what she deserved. I really loved this series as a whole and re-reading everything leading up to the final book release was just as enjoyable as reading it the first time."
KC,64,2,4,"June 25, 2023",,1,"I loved the story, the world building, the character development and the overall plot - heavily influenced by Greek mythology. I also loved the dynamics between characters and the banter injected some much need humour.Although I loved all those aspects, I did find that the story was drawn out and my interest did fade in book 4. I pushed through to finish the series because I wanted to know what happened but it didn't grip me quite like the beginning."
Dreia Wells,,432,5,"April 5, 2023",,1,"It was the ending I was hoping for and then some. I want to cry!! I didn’t want this series to end, I enjoyed their journey so much! This book was superb!! I don’t want to give it away but I will miss Grace, Riot, Wild, Bullet and Dare. Especially Riot!! My favorite! Colette master storytelling as usual!! I wish there was more!! Bravo!!"
Rebecca & Will,29,,5,"April 16, 2023",,1,"This was honestly the best way to end this series. I loved the push and pull between the character’s morals and the general sacrifices they made to be together again. My only wish is that I would have been able to read all the books in succession instead of waiting for the releases because it made the storyline slightly choppy and harder to keep track of but the writing was amazing and the action, adventure and character development were *chefs kiss*…. Really wish more of the books I read this year were like this."
Giulia,39,,5,"January 2, 2023",,1,"What can I say? 5 stars, I already trust Colette to give us an amazing ending for this series"
laura,113,,2,"November 20, 2023",,1,"2 ⭐️: 1 for Bullet and 1 for Greek Mythology I think this is the first reverse harem Ive read where the protagonist isnt the main character of the story and honestly I couldn’t care less about herThe characters:Bullet is clearly the only one with a good storyDare couldnt be more insignificantRiot started off pretty well on the first book but just turned out boring through the series Wild had potential but it was wasted I loved Grace in the first book but she just kept getting boring as the author started to focus more on BulletThe plot: I really liked the greek mythology vibes, but it felt more like an information dumpthe different povs with second characters really annoyed me"
Bibliophilic Kitten ,465,,4,"May 22, 2023",,,"So, I wanted to wait and review this series as a whole. Mostly because I would finish one book and immediately start the next, like ""Oops"". But anyway, the series started off kind of slow. I understand the need for world building, but we were ""told"" a lot of things instead of ""shown."" I hate that. 😒 I also struggled to like Grace at first. She was a doormat and had zero backbone. I get that she was basically brainwashed that way, but I was worried that pattern would continue and she wouldn't completely grow out of it. Then we meet Riot and Bullet. I love them. I love all her guys. ❤️ We finally start to see Grace grow into her potential, and I'm really rooting for her. I enjoyed the slow burn. There was a lot of plot to get through that didn't need to be overshadowed by my girl's sexual awakening. I felt so bad for Bullet during the majority of the books. He got the short end of the stick so often, and he forced himself to be okay with that and not waste precious time on negative emotions.Wild had to grow on me, tbh. He was your typical self-sacrificing alpha hero who tried to make decisions for everyone (Grace) based on what he thought was best. I liked that he couldn't communicate normally, but I was surprised no one bothered to learn ASL until Grace entered the picture? Especially his employees. It's a useful, SILENT strategy when you're dealing with opposition (battlefield). My sweet Dare was another who just couldn't catch a break. It didn't help that everyone basically knew he was Grace's 4th bond, and yet he was STILL basically left behind. They could have kept him in the loop and communicated better. He was constantly calling them because he would hear things through the grapevine instead of from his friends. That was so shitty. He was alone a lot of the time. Just waiting to be needed, basically. I enjoyed the plot. It kept me interested after the initial world building. There was plenty of angst, but the romance between Grace and her bonded was gradual enough to be believable, considering what was going on around them. I was disappointed with the ending. I wanted to see a few confrontations after the Resurrection. Riot and his dad. Wild and his dad. (Probably the same ""proud papa"" scenario.) Grace and her family in Maine. Grace and her mother. I can't wait for Mercy's story. I want to check on Dice and how he's doing. Will the Spatori find bonds? 🤔 What about Versailis (sp?) and his gang? I feel like I've been left hanging."
Vivi,246,,5,"October 15, 2023",,,"5* + fav's listI don't even know how to put into words how much I loved the conclusion to this series. This was absolutely my favorite book in all of them, it had so much action and adventure. The mythology aspects were all over the place and it took me a minute to be able to figure everything out, but it was worth it. I adored how each one of the protagonists had its own path and their own journey to complete in order to become a hero. Each of them had their moment to shine and I was dying to know what would happen and how it would all work in the end. And thankfully, it was an great ending that did not disappoint or take away from the amazing experience that it is this series.It's kind of hard to explain this whole story, because it's one hell of a journey for all the characters. It starts off kind of small, with very few complications and then everything starts to escalate to ginormous levels. I don't think I can describe all the feelings that this series brought me. It had all kind of different things happening. The beginning felt so mild if compared to the end, but those smaller moments needed to happen so we could get to the big things. It was really incredible to see how far each of the characters came and how they grew together, becoming the extraordinary heroes that we hoped. All the protagonists were enthralling and captivating from the beginning, but they surpassed all my expectations by the final chapters and I loved all the surprises. I just wish we had gotten a little more from the other background characters. There were a lot of unfinished business from those on the side of the main story and I kind of hope we can get more answers in the future.This was my first full series by Colette Rhodes and was an absolute astounding success. The only previous book I had read from her was very nice, but this series is so much more. I really wish more people would read it and get to experience this incredible story. I'm honestly hoping we can get more books and stories in this magnificent world that the author created, it had such different new concepts that basically demand to be further explored. I'm a big sucker for greek mythology, so this was such a blast for me. It was like the New Adult version of Percy Jackson, but with a female main heroine and her harem of exceptional heroes. It's a very easy recommendation to anyone who loves well developed stories with enrapturing characters."
Carol Rupprecht,724,14,5,"April 23, 2023",,,"Well, I don't know what to really say. It's the final book of the State of Grace series and I don't think I've ever been this satisfied with the end of a series before. Colette Rhodes is such a wonderful writer. Every book always draws me in so easily and keeps me on edge the entire time. This series was no different in that way, but I felt more for this series. Grace and her daimons were some of my favorite characters I've read about. They were so relatable and I adored the message they represented as a group and through their journey. This book was the perfect example of how a prophecy can be deciphered and taken to mean different things. What the group originally thought was completely flipped on its head in this book, throwing things off, yet setting them on track at the same time. It was an adventure for sure and it was exciting to see what mission each member of the group was set to do as they were separated. The Second Age of Heroes indeed. Grace and her guys really showed how set apart they were from the other agathos and daimons with their quests, showing compassion, loyalty, and determination to their cause. You really go through all the emotions in this book. With bonds severed, it brought on a lot of different possibilities and what ifs. Would the love still be there without that bond bringing them together? Would there be an opportunity to flee and start anew? Of course, there was never a question with Grace and her daimons, but you see what those broken bonds do allow now that no one is being forced to be together because of the bonds. Sometimes the Fates are wrong. But the beautiful thing to see was how strong the connection between Grace and her men was even with the bonds broken. Because it wasn't just the pull of the soul bonds that kept this group together, it was the creation of a family, the closeness of friendship, and the devotion that had to one another. An unconditional love, whether it be romantic or platonic. This group had been through so much together and the ending they got was even more perfect than I had hoped it to be. Highly recommend this series."
Tiffany,24,,4,"April 11, 2023",,,"The final novel in the State of Grace series follows Grace, Bullet, Dare, Riot, and Wild as they finally battle Gaia for the fate of world… kind of.When I tell you I loved this series, I loved this series. However, this book was the weakest and the one I struggled the most to finish.PROS1. Grace. Grace is a great FMC. As an agothos, she leans slightly on the goody/goody characterization, but she shows depth and growth throughout the series. In the final story, we believe that Grace is deserving of the Prophetis title. She’s brave, fierce, kind, and well aware of her flaws. A well-rounded, genuine character. 2. Dare, Wild and Riot. Dare is a character I felt least connected to because he joined so late in the game. This book gave us more of his personality. We also see all three become heroes, and again they deserve the title.3. The Gods. I’ve always been fascinated by Greek mythology. It was great to see these mythological beings in this contemporary story. 4. Grace’s mom. She gets what she deserves.CONS1. POV. There were pov’s from the main five and from Grace’s cousin Mercy(she will be getting a series in the future so I assumed that’s why). It was hard to follow the storylines with the constant shifting of perspectives. Also, I really didn’t care about Mercy at this point in time. 2. Bullet. This one is more subjective. Bullet has been my favorite character throughout this entire series. I still love this character. However, I’m devastated of everything he lost. It makes sense for the story and his character, and I love that roles are reversed for him and Grace. But it just hurts my heart and I can’t. 3. Storyline. A lot happens, but the structure and pacing throw me off to the point I had to flip back to previous chapters to remind myself what was happening to who. It was a lot in a short book.Overall, I still love this series. I think the characters are well -rounded and well-written with an interesting storyline. 3.5/5 ⭐️ 3.0/5 🌶️"
Tes,339,3,3,"April 10, 2023",death；fated-bonds-soul-mates；ghosts,,"Characters: 4/5Steaminess: 2/5Story: 3/5Pacing: 3/5World-building: 4/5 - I want to start off by saying that Colette deserves gold stars for recapping each subsequent book in this series as part of the foreword. I made the mistake of starting this series prior to it being completed. I will typically avoid that because I become disconnected with the characters, their struggles, their emotions, etc. Keeping this in mind, my heart just wasn't in it for this finale and I mostly read it because I wanted closure. Character-wise, this finale was very difficult to enjoy for me because the characters were separated for the majority of it and therefore their interactions with each other (which was what I most enjoyed up until this point) were so few and far between. I think that really is where this one fell flat for me. Their limited encounters were enjoyable and their HEA was fitting but up until that point it was mostly inner monologues and it bored me. Story-wise.... it was ok. I enjoy mythology a lot and always have found it to be interesting . It was the reason I even picked up this series in the first place. I just wish there was more there too. Again, time with the Gods and such was so limited. It was mostly agatho/daemon struggles between themselves. I didn't find it enjoyable. Lastly, the world-building - I can't really complain too much here. It felt like it's own time and place which is exactly as it should. It wasn't anything crazy innovative but the settings were clear and catered well to the story. Truth is, I just wanted a little more from this. I wanted more between the MCs and I wanted more from the mythology aspect of it. I didn't hate any of it, but I didn't love any of it either and that's why I'm sticking with my (likely overly harsh) rating."
Samantha,1469,24,4,"April 12, 2023",mm；mythology；reverse-harem,,"This final book has a much different feel from the first three books (though a little more similar to Dare's book). We get a few chapters from POVs we haven't before, giving us little glimpses that give even more depth to the overall story. Going into this book, expecting less romance but more action and heroism, is the smartest move. Our MCs don't spend a lot of time together. Instead they each have their own roles to play to fulfill the prophecy and usher in a new world. Yes, I miss the romance of the first few books, especially because this IS a RH series. But because the overarching plotline of the series was so interesting, I pushed past that to just enjoy the characters. This book was also a lot funnier than the others. A lot went on and so much of it was fraught and put our MCs through the emotional wringer. But Bullet's ""new"" persona was even funnier than before. Riot on the haunted island was hilarious. I do wish our MCs spent more time together. I wish there had been more on-page between Bullet and Wild because I adore mm. I'm glad the author plans to write about Mercy in this *new world* because I want to see how things have changed, and I hope she can be redeemed."
faythetraveler,168,,5,"April 13, 2023",,,"First and foremost  It's been great to follow the journey of these characters from the start and I loved how the story wrapped up! , and it was probably because I am obsessed with Olympian gods and we definitely get a fair amount of scenes in which they appear in all their glory. I always judge a book a little by the way it portraits Olympian gods, especially when it's very different from the original myths, but I loved how Colette made sure to show the important glimpses of them, at the same time keeping the book focused on the main characters and their journey. , and I could not put it down.I highly recommend this series to the all lovers of:- paranormal romance- reverse harem/ #whychoose- Greek mythology - adventurous plots - abused Earth and nature - humans interacting with Gods - revolution/war"
Sarah D,742,1,5,"December 19, 2023",,,"This was a great finale, and I couldn’t help but feel that this book held the story that the author wanted to tell when she conceived the series. And it was a struggle to get through the first four books to this gem. I would not have stuck it out if I didn’t like pretty much every other thing I’ve read by Colette Rhodes.This book had a heroes journey for everyone and brought each character full circle. It also featured the Greek Pantheon as a whole.We also saw the least of Grace, since everyone splits up, which is part of why this one is the best of the series. From start to finish, Grace is plain and dull like oatmeal. Her time with T is amusing, but the least fun of the hero journeys.I’m left with the thought that if I could force a rewrite of this series, it would be shorter and would focus way more on telling the stories of the individual characters and Grace would somehow be less boring."
onthebooksel,320,378,5,"April 27, 2023",2-ebook-read；3-favorites；3-lgbt,3,"*screams* I can't believe I finished the series. Yes I KNOW I only started it in February and it's April now so I really didn't have to wait that long, however when I first started reading the books I had thought that this would be a more smut focused series and I was thankfully wrong. While at the moment I was a needy little whore who just wanted to read fmc's getting dicked down I clearly took issue with Grace being Grace and hated it.Rereading really solidified the world building, the creativity, the character growth, and just how long Rhodes was planning this series.Overall I really enjoyed this last addition to the series, I cried a few times for Bullet and Rogue while they were doing their things. I thoroughly enjoyed how fucking PETTY Thanatos is. Especially to Faith, I thought I had a demon spawn mother? Faith knocked my mom down from worst mother to second worst mother. I'm so pleased with how everything turned out (even the Bullet situation) and I'll definitely be back so I can be in this world again. And let this be a lesson to everyone out there reading this that re-reading can help you change your mind on something you didn't like/agree with."
Marisa,750,33,4,"April 30, 2023",,,"This. Has. Been. A. Journey. I don’t think I have been so dedicated to a series in awhile and it was very much worth it. From book 1 to 5 I feel like these characters have become close friends. With some series I need a refresher or I’ll forget some parts but I could remember everything in these books. While I’m sad this journey has ended, it was a well deserved HEA. I was even happier to learn that there is going to be a spin-off so we can visit some of those beloved character again. A lot happened in this book, and while many questions were answered, I feel there is still more to be told.This felt like a slower book, even though storylines were being concluded and we had some epic battles. It’s a lot to take in and there are a lot of characters and different storylines happening at the same time. It did come together cohesively at the end but be sure to pay attention.I loved these characters and I’m so happy I was able to follow their journeys. Congratulations Colette on another well done series!3.5/5"
Gabrielle Hurley,107,2,3,"April 20, 2023",,,"3/5 stars ⭐️ Wanted to like this as much as the other books but it ended up just being okay.I’m glad that Grace, Wild, Riot, Bullet, and Dare finally got the ending they deserved! We finally wrapped up everything and the epilogues were satisfying. Grace had some really nice character development throughout the series and I’m glad she’s more comfortable & confident with herself. The issues though that I had with this book was the fact that the main characters were split up for almost the entirety of the book. I mean I get it but we’ve been focusing on Grace being the one to stop Gaia and fulfill the prophecy but her chapters had her doing nothing to really achieve that goal. The guys were more of the key players in getting there. Also the “battle” between the Spartoi and Gaia’s followers fell a bit short for me. Gaias followers were literally throwing rocks😒, I wanted more action but it is what it is🤷🏼‍♀️. Spice: 🌶🌶"
Stephanie Simons,204,,3,"October 18, 2023",,,"I really enjoyed this book, and the series as a whole. This book did well in tying up the series and bringing it to a close. One thing I really appreciated is the final chapter, when they are at the beach. I had almost forgotten about Bullet showing Grace the future and what happened, so it was a nice reminder to the first book. I will admit that I didn't think there was anything particularly special about this book compared to the others. Don't get me wrong - I really enjoyed it. But I honestly can't think of anything else to say about it. It was a nice ending; let's leave it at that.This series was definitely worth the read, and it was nice seeing another side of the author's writing."
Froggy,626,21,5,"April 9, 2023",,,What an ending!!! I love how the story all came together and although there is an HEA it’s not necessarily all sunshine and rainbows (how could it be after the irreversible damage that Gaia and Nyx did in the last book?). I felt like Colette balanced the ‘reality’ of the situation with the fantasy and romance in a really nice what. I love the Greek mythology references and the way she was able to weave a unique tale out of ancient lore and still give it those qualities of an epic tale. This whole series is truly artful. I also loved the tidbits we got of Mercy’s story that hint at a spin-off series in the future!
Sim,4,,5,"April 20, 2023",,,"Before I started reading this series, I was a little squirmish about the ""reverse harem"" aspect of it but five books later I'm so glad I picked it up anyway. I loved the characters, the world-building and the wonderful not perfect protagonist. Saving Grace picks up all the loose threads and finishes this series off beautifully. Even without any Hamilton quotes, I couldn't put this book down and I loved how vulnerable the characters were in the face of loss, grief, and battle. the addition of T was such a lovely aspect and I also loved that not only our characters have evolved but also the gods. Overall, it is a perfect ending to a perfect story."
Gabrielle,44,,5,"December 3, 2023",reads-of-2023,,"The most beautiful conclusion for the most beautiful of characters. The last book was a slower read for me than the first four but I think I just wasn’t ready for the story to end. The development of all the characters from the beginning of their stories, the bond they produced with one another, their found family… CHEF’S KISS. I also loved the religious trauma aspect of it and how Grace really had to deconstruct her beliefs of origin. I’m so proud of her for ushering in a new age of heroes. The mythology was so well integrated. I’m a fan!!"
Persephone,84,4,5,"March 28, 2024",,,"Ugh, I’d read 5 more books of this lot. The mental imagery of Wild in actual battle made me feel, well, wild. Innocent Bullet is adorable and perfect, no notes. Dare is still deliciously sweet, Riot is as perfect as ever. Grace is a badass queen who deserves everything she got in the end. (Positive)The justice on faith was PERFECTION. Creed and Chance made my heart happy. Overall, the writing was beautiful, the character arcs graceful, and I loved the ending. This series is a beautiful ode to found family, forgiveness, growth, healing from trauma, and orgies. I wish we had gotten a reunion scene with Mercy, but everything else was so perfect I’m not even mad."
Lamia Watson,14,,5,"April 10, 2023",,,"I read the first 2 books and loved them. This is one series I continually checked back for, and I can honestly say I’m glad I did.Grace was a little annoying, with how self sacrificing she is, but her guys balanced it out.I’ve laughed out loud and cried ugly tears throughout this series. The ending was great, although I would love to know what happened with Mercy. I hope she gets Dice back, and I hope she gets to keep Harbor.I mean she was a dumb kid, she shouldn’t have to suffer forever."
Kara L Rice,6,,5,"April 28, 2023",,,"I said this is my first review—I almost didn’t read the first book. It wasn’t my usual reading topic. But I pushed through the first half and I was hooked! I hate that it’s the end. I will not lie—I cried and laughed a lot during this series. I love that Grace wasn’t “perfect” and Bullet, Riot, Wild, and Dare weren’t “bad.” I love the connections with each of them. Her mother was horrible—and her punishment fit her crimes. I highly recommend this series. Thank you for a great series Colette!"
KayCeeReads,1057,,,"May 8, 2023",,,"There was much I liked about this series. A single book semi dedicated to each member of the harem really allowed for relationship building. Each book also had a recap in the beginning. Every author should be required to do this.Unfortunately, this final book didn't capture my interest. The characters were split up through most of it. Way too many new characters/gods were added along with all of their motivations. Tbh, I quit reading at 50%, tried to skim to the end, tried to read the epilogues but found I didn't care.Overall I'm glad I read the series."
The Dark Nook,96,,5,"May 27, 2023",re-read,,"Seriously Colette!!Be warned...Colette likes to play with your feels!! You have no idea what this series has done to me!! I couldn't put it down, like at all!! I had to know what happened. It has been a long time since I have gotten this emotionally invested!!However, I will forgive you and we can remain friends. It's not the ending I was dreading or the HEA I was hoping, but it was a good ending anyway!!This is a great series to read if you like RH. This series as defiantly made it in my top 5 RH!! <3Congrats Colette! You made a die hard fan out of me! :)"
Jeanne Miller,3,,4,"July 26, 2023",,,"This was the last book in the State of Grace Series. I loved the first three of this series. The last two book were good; I do not know my mythology very well and had a hard time knowing which god was which. I also had to return to the page to know what each gift was from time to time. That being said I love the ending, all the characters and I even cried. To bring so many emotions when reading a series is quite an accomplishment. I would highly recommend reading it and it is in my top 10 series favorites."
Cali,869,14,3,"February 7, 2024",ku；reverse-harem,,This series was ok. It had a slow start and there was definitely an uneven distribution of screen time between the harem members (I still never really cared about Dare). I did really like Bullet's character and I wish there was at least one scene with just him and Wild. I also liked that there was a lot of growth for Grace and it didn't happen abruptly. The scope also grew a lot from a lonely agathos fighting against her family and community to fulfilling a prophecy and releasing gods from the underworld and being the savior of the world.
Mary Rose,590,26,5,"April 9, 2023",25-aged-characters；arc；fated,,"I'm sad to see Grace's story come to an end! I loved watching her grow from a timid Agathos into a loud and proud woman who wasn't afraid to protect herself and her loved ones. The situation with Bullet was bittersweet (won't say more so it won't spoil anything), but it fit with their circumstances. I would have loved to see more of the HEA after the resolution, and maybe we'll get a bonus epilogue someday. That would be cool. This series is a must read!"
Jamie Stahl,269,12,4,"April 12, 2023",,,"This series hooked me from the very beginning. The evolution of Grace from a shy outcast who doesn't fit in anywhere to a strong leader who forges her own family through love, friendship, and compassion. Every adversity thrown at her and her soul bonds simply serves to strengthen her and their bonds to each other. While this series may be complete, I know there is more to come from this world and can't wait!"
Bingeworthy Book Blog,390,6,5,"April 12, 2023",,,"I really enjoyed reading the conclusion to this series’s. It’s a little bittersweet but coming to the end of a series that has characters and world building that you really enjoy usually is. Thankfully, the author has plans for a spin-off featuring Mercy, so I’ll definitely be reading that and hoping that we see a few familiar characters in her books as well. This book wraps up the series beautifully."
Jenny,845,1,4,"May 21, 2023",,,"For what started as two simple beings Agathos and daemons.Twists all through the series with a Greek mythology throughout. It’s an adventure in itself, a war between worlds, a innocent Agathos woman who turns herself around and becomes the woman the (prophetis) that the gods and goddesses had planned all along. Book 5 was emotional and definitely tested Grace (FMC) and her bonded for sure."
Sheryl,114,,5,"May 23, 2023",,,"I went into this series thinking it would be standard RH with a paranormal twist. Same plot, same characters, just change a few things and go from there. Boy was I wrong. These books are so good. Like really good. They're dark in places and hopeful in others but always well thought and executed. They were the surprise of the year read for me in the best ways."
Maria,34,,2,"July 25, 2023",,,"Would probably give this book 2.5 stars. I liked the overall story. The books did feel very repetitive where not much was going on until you hit somewhere around the 50% mark. I almost DNF this book because the prior book ended on a big event and then this book did not start with the same energy. Each book had its own flow but and individually worked fine, the series itself did not have the same flow and pattern. Would probably not read again."
Crys,54,,2,"January 23, 2024",,,"So disappointed. This series had so much potential, but was entirely too long, too slow, and after five books there are still unanswered questions. For as much time as I invested forcing myself to keep reading, I wish I had given up at book two. This book specifically spent too much time trying to be cute and funny and it didn’t match the tone of the overall story. I’m really very sad I read this series."
Rowan Klotzbach,4,,3,"April 11, 2024",,,"I just felt like there were a lot of loose ends. How did viper end up being important, they kept talking about it but honestly he was just a supporting character. Bullet kept saying he was important for their future, but we never saw it. Whatever happened to dice? They touch on Mercy at the very end but also didn’t really conclude it either. I don’t know the series was a fun read, but this last book kind of fell short for me."
Emily,57,,2,"April 12, 2024",,,"LOVED this series, but what KILLED it for me is that Bullet PERMANENTLY lost his memories. 30 years worth, 25 of which where EVERY DAY was spent with Grace in the dreamworld. If it was a temporary loss and they had found some sort of solution or loophole, even in just the epilogue, I would have said this is my favorite series, but that decision by the author broke my heart and I cannot bring myself the read the series again."
Marissa,76,,5,"April 9, 2023",,,"This was truly one of the best series I think I’ve read in the why choose genre. I did a reread of the entire thing as I needed to remember everything. And I loved every minute of it. Seeing Grace, Wild, Dare, Riot and of course Bullet’s story end was everything I didn’t know I needed from a book. Thank you Colette for writing an amazing story."
Calista,3,1,5,"April 9, 2023",,,"I was waiting with the date of this book release on my calendar. Thank goodness it fell on a Saturday. I spent the entire day binge reading every word of this book. From the drama, tears and of course an amazing ending (with more updates in another series coming) it was well worth the wait!"
Imani,167,2,5,"April 10, 2023",,,"I have enjoyed this series so much, and this ending was near perfect. I have really enjoyed getting to know the characters, and the world building was so real and relatable. I would definitely suggest this series and it has more than earned 5 of 5 stars. It was hard waiting for each book to come out but it was worth it."
Trina Santiago,231,,5,"April 21, 2023",,,"Grace’s journey from Auburn to the World is an Amazing trip! With Riot, Bullet, Wild and Dare making everything more tempting. Add in all the villains and the Gods to the mix and you have a series that is full to the brim with tears, laughter, strife and last but not least Wonder!!"
Kaitlyn Rosenbaum,55,,5,"April 23, 2023",,,"Probably one of the best good vs evil, higher powers, questions of humanity, RH, and general fantasy series I've read in a while. Great multi-POV, plot twists, and tying of loose ends. Definitely recommend the entire series and probably anything else this woman has written."
Chen,149,10,3,"June 19, 2023",,,"(Overall series review: no spoilers)This series had me hooked. I’d read Bonds that Tie previously and found the story lacking/repetitive but this. I found I was attached to characters, loved the link to Greek mythology, it wasn’t repetitive. I’m not normally a fan on Insta-bonds but I didn’t mind this too much."
Amanda Anderson,102,3,5,"July 24, 2023",,,"What can I say? This was my first RH series and I’ve been delaying finishing it forever because I really enjoyed the world I was thrust into, and the memorable characters therein. I love the idea of fated mates, and really got interested in their world. Plus, how can you NOT be curious about a RH starring a *virgin* as FMC? Yes her dialogue was cringy, but that aside, she really grows throughout the series and I’m sad to leave these characters behind. Rating: ⭐️ ⭐️⭐️⭐️⭐️ 5/5Burn: 🔥🔥🔥Darkness: 🖤🖤Spice: 🌶️🌶️🌶️Ending: resolved- you decidePOV: All main characters tell their POV"
Carley Whitehead,224,19,3,"July 29, 2023",,,"The series as a whole gets 3.5 I think? But my attention had severely dropped off by halfway through the fourth book and just kept dropping. It didn’t help that in this one, the main characters are all separated for most of the book.Also not that spicy surprisingly. However, it had a very interesting world and unique take on Greek mythology."
Kyra,23,15,5,"February 19, 2024",,,I have such a book hangover after this series. It was SO good. In my opinion a completely new take on the gods and goddesses / demon and angels storyline. I ADORED the romance and found myself holding my breath in anticipation of what would come next quite often. I will 100% be re-reading this down the line.
Jacqueline,517,4,5,"March 24, 2024",,,"Dear author - you’re stomping on my heart here.  Man oh man I thought “Dare Not” was an assault on my heart but this, this was something else. This author is skilled, slightly evil, but oh so skilled. I have loved this entire series 5 star reads all the way through and I don’t hand out the those easily but this series most definitely deserves them. Amazing series.Go read it5⭐️"
Kristin Malfatti,15,,4,"April 9, 2024",,,"I really enjoyed this series. The last book for some reason was the hardest for me to get through and probably took me the longest to read out of any book. I did love the characters, they all went through so many challenges and heartaches and they all grew so much. I like that everything was wrapped up nicely. I would recommend this series for sure"
Ashlee,10,,5,"April 10, 2023",,,"This was the most perfect and beautiful ending to an amazing emotional ride. I've cried, laughed and loved following the steps of Grace and her bonded. I'm sad to see it end but so happy to have experienced it."
A R Lines,320,1,5,"April 12, 2023",,,I’ve followed this series book by book and each one had me hooked and craving the next one. I’m so happy how this ended. I love Grace and I love her men so much. I was so worried about what would happen with Bullet but everything worked out just right. T was a surprise and I love him as Grace’s friend.10/10 highly recommend this whole series.
Danielle,25,2,5,"April 11, 2023",,,When I tell you I CRIED. I CRIEEEEDDD. What a great way to end the series. I'm glad the author mentioned writing a story for Mercy because I feel like there was so much left unsaid there. This story could have been twice as long and I would still feel like it could be longer.
Mindy Mcginnis,257,2,5,"April 13, 2023",,,I truly enjoyed this series. The characters were awesome. No whiny mfc or alphaholes here. The layers and progression of the story were fluid and Well written. Loved this love story. Just read it already!!
Meka Isom,97,9,5,"April 26, 2023",,,I got so hooked on these characters. This a great series to be. So much going on and to having cast of characters intertwining with the story expounding the story. Oh so good
Tegan,320,2,5,"May 20, 2023",,,Great ending to the all storylines. Yes there may be something in the works for Mercy but we'll have to wait and see. It is definitely spicy at times but also the world building and plot was amazing and completely pulled me in.
Ivy Seablom,314,,5,"May 21, 2023",,,"This series took me by surprise but in such a good way. Well written with complex storylines, character development, and world building. I was hooked the entire way through and cried at times that tugged at my heartstrings. 10/10 recommend!!"
Katja,335,15,3,"June 1, 2023",,,"The State of Grace series is one of those that tend to drag on, but the ending makes it all worth it. While Saving Grace wasn't what I expected, I liked how the plot unraveled.There is a lot of information dumped on you in this one, so if you're not used to reading books like that, this one probably won't be the one for you. I was a bit confused with the scenery changes, as each character ended up on a different end, that was the part that I didn't like very much. While the aspect of it is appealing, I feel it could have been done better.I loved seeing Mercy's story, but I would prefer if the writer just focus on our main character, because jumping to Mercy's POV seemed like a filler and I didn't like that. Overall, this is a decent series. It starts off amazing and then it drags a bit, but the ending is good. If you are looking for an easy reverse harem read then you should check out this series."
Bethany Shaw,241,3,5,"June 6, 2023",,,"A lovely happy ending after quite the adventure! Low spice, high adventure! So many problems to solve! Grace and her bonded have a lot on their plates and they have many more obstacles to overcome."
Shaina,3,,5,"June 21, 2023",,,So different from other RHs Ive read. I was looking for a story to get sucked into. I laughed and cried and totally enjoyed all the stream. Definitely a new favorite series!
Corinne Mahkewa,9,1,5,"June 21, 2023",,,"This story was incredible, heart wrenching, frustrating, and also satisfying. Poignant and captivating. Man, I cannot even believe I finished this! What a freakin journey. Colette is an icon. READ THIS RIGHT MEOW!"
Krysta  Hoover,9,,5,"July 10, 2023",,,"I devoured this last and final book. There were so many twists and turns, I couldn’t foresee how this would wrap up. I’m so glad it ended on a great note. I laughed, I cried, I never wanted it to end!"
Victoria Gill,127,2,5,"July 29, 2023",,,Greek.myth RHI liked it a different take on on RH without being too much more spice maybe needed but a really good story all five books in the series need to be read
remy ,3,,5,"April 8, 2023",,,this series made me weep and i no longer know what to do with myself now that it's over. 10/10 would absolutely recommend
Kellie Patnella,576,8,5,"April 11, 2023",,,"Dang what a fantastic ending to a wonderful series. Love Grace, her men and how everything wrapped up in the end."
Kayleigh henderson,993,,5,"April 11, 2023",,,An amazing ending to a great series of books. It didn’t go the way I thought it would but it’s was so good. I loved the Greek mythology throughout. Would definitely recommend.
Syd Fox,212,,5,"April 11, 2023",,,cried like a baby at numerous parts oh my god it ruined my soul and made me whole again
Kelly,21,,5,"April 12, 2023",,,I loved this whole series! Thank you for creating a wonderful world and story line to get lost in and enjoy!
Natalie Elsholz,57,,5,"April 13, 2023",,,"I’m so sad this series is over. I love this ending, it’s perfect for the characters after everything they’ve been through."
Kitch,244,,4,"April 17, 2023",2023,,Such a good series. I loved the journey and the heavy Greek god influence. The world building was amazing and the HEA was well deserved.
Heather Gilbert,1564,71,5,"April 29, 2023",,,"And full circle - solid ending, multiple epilogues with a satisfying conclusion to the impossible problems.  I’d like to see the next steps for Mercy though."
C,513,51,3,"May 8, 2023",,,The way this story draggedddddddd.
laura,10,,5,"May 25, 2023",,,This story was an emotional Rollercoaster that I plan to ride again. Excellent series. I'm sad it had to end.
Grace,240,,5,"May 26, 2023",,,4.5
Rachael thompson,12,,5,"June 2, 2023",,,Totally did not spend the last 2 days chewing my way through the entire series and ignoring all housework 🙈I could not put these books down!
TAG,326,2,5,"June 26, 2023",2023,,Great ending to an fabulous series. Looking forward to follow up stories in this universe.
Mel,134,,4,"August 15, 2023",,,Randomly strong ending for a series
Christine Lee,25,,5,"August 21, 2023",,,"This is officially a C Rhodes stan account. I put off reading this book until now solely because I didn’t want the series to end. It was a great read, and I just had so much fun with the characters."
Melanie,1240,,4,"August 25, 2023",,,I am so very sad to see this storyline come to an end. I absolutely fell in love with the characters.
Rachel Thompson,84,1,4,"September 19, 2023",,,4.5 - entertaining series from start to finish. I laughed and cried and lost a little sleep. Nice mythology perspective too. Glad I read this.
Virginia,111,17,4,"October 6, 2023",,,Every book I've read by Colette Rhodes makes me want to devour the rest of their books. I highly recommend the State of Grace series as I could not put it down ... AHHHH INCREDIBLE!
Sommer,634,16,4,"October 28, 2023",,,I'm only slightly disappointed we didn't get an epilogue from each of the guys but this was a good ending
Anita Galli,37,,2,"November 5, 2023",,,"This series could have been two books with much better spice or no spice because the awkward spice throughout the ENTIRE series was 👎Five books dragged out the story, heavy saturation of inner dialogue. Very annoying but I liked the premise so that’s why I finished it."
Angela,2102,10,4,"December 3, 2023",,,There were some tears in this one. But I am happy either way how things turned out. Not thrilled how some stories were left open ended
meggyjelly,1,,5,"December 15, 2023",2023,,quite literally the best series i have read this year
Tay,413,46,4,"December 18, 2023",,,3.5⭐️ 2🌶️
Kevin McMillan,759,3,5,"January 20, 2024",,,I am so sad that 5hese books are done but boy did I enjoy them. I cannot waitbto read more books by Ms rhodes.
Annette Mackie,4,,3,"January 22, 2024",,,I loved reading this series but ending with this as the last book was mehh.. There was so much potential to end the series a different way.
Kristi-Lea,17,,,"February 6, 2024",dnf,,Soft DNF @ 35%. I’ll probably try again later.
Ellie,10,1,3,"February 6, 2024",,,3.5⭐️
Lauren Richardson,14,,5,"February 6, 2024",,,Loved this whole series.
Sophie Harris,3,,5,"February 18, 2024",,,"Such an interesting concept, great world building, drama, a complicated love story, and a touch of smut. Would highly recommend"
_pagesturning,250,,4,"February 26, 2024",,,"This gave me so many ZA 7 and 8 vibes, but better, I don't know how to explain it.The chaos was everything. Great freaking ending."
Paula,242,80,4,"April 18, 2024",,,RTC
Katelyn Rodrigue,78,,2,"April 19, 2024",,,I hate-read this series and I’m not mad about it
Violette,159,3,2,"January 2, 2024",fantasy；why-choose,1,"I definitely power-read through this one to get to the end. Should I have dnfed at the end of book 2? Probably. But I love Colette Rhodes and I’m always thinking “maybe this is going to get better. Maybe it’ll pick up in the next book.”Well let me tell you: no. It’s not. And this book was the hardest to be interested in (although I finally had Dare in the plot / story).Overall, the ending is not worth going through the 5 books. I thought I was going to try Dead of Spring after this but I think I need a serious break from mythology right now."
Karlie,38,,4,"March 20, 2024",,,what an interesting way to write about a religious cult. i've never been a fan of why choose but the story line of this book kept me going and i actually enjoyed it as a whole
Eren,187,12,5,"August 23, 2023",,,It’s so crazy to me that this series is over…Like what am i supposed to do know?? from the moment i started reading Run Riot i KNEW this was gonna be a new favorite series of mine. and i was not left disappointed at all. This book was wild but in the best way. i love Grace and all her men so much and after everything they go threw they finally get their happily ever after. Grace and her men truly get put to the test in the book and i couldn’t of been more happy with the end results. if you have started this series yet you absolutely should it was amazing.🥹🫶🏼🫶🏼
DettaDrake,168,7,5,"April 23, 2023",,,"Almost all of Colette’s books are an instant hit for me, and this one was no exception. It got me out of a serious bookslump! Everything works out beautifully in this book, everyone has a role to play and plays it to perfection. What I love most about it, is that although there is a prophecy, there is bad stuff happening,… we also get to see these beloved characters just spending time with each other. Even though the ending is a bit more on the simple side for a prophecy resolution (which I personally love), you can feel this is the way it was always supposed to end, and I in particular loved how there wasn’t needless suffering, everything had a goal!"
