Reviewer,Review Count,Followers,Rating,Date,Tags,Likes,Content
Bonnie Sogoloff,371,4,4,"August 3, 2023",,2,The second of a trilogy leaves one hanging. Michael better get going in the third!
Eric Gibson,,9,3,"April 5, 2024",,1,"Just calling it science fiction is doing it an injustice and putting it in front of the wrong audience. This isn't a traditional science fiction novel, and while there are things to be commended about that, it could use a bit of the Golden Age wonder. It kept the hard sci-fi, heroes solving problems and countering threats in a technological adventure, but missed the psychological depth to its characterization.My point is that this will be gobbled up by fans of the techno-thriller though it isn't so cookie-cutter as those can be. Its greatest strength, the rapid fire action and fast pace, will also be considered its greatest weakness by fans hungry for world-building. It feels as if the pace doesn't slow down enough to foreshadow events, even character development has to occur in the gaps between actions sequences. Many of those spaces are used to recap aspects of the previous book, and though this is rather well done, it seems to help crowd out other aspects of the narrative. There's a lot of reaching into a pack to grab a high tech item, or remembering a technique or password that was only mentioned in the sentence before. None of it will matter in the face of the relentless action, if that's your thing, but it personally left me feeling disconnected from the heroes. All in all, Bland has some writing chops and it's well edited. Otherwise I would have dropped it like a ticking zap grenade. I think the right reader will love the series."
Ling Fu Wylie,9,2,5,"September 4, 2023",,1,"To be clear, I am not a sci-fy reader. But this is not a sci-fy story. This has things in the future that are truly possible, I even see some of it happening now!! It is a fast paced read that is so enjoyable!! You better be writing right now Michael, I will hound you until you finish the third book!!!"
"A Look Inside: Books, Movies & Music ",369,43,5,"October 15, 2023",,,"""The Price of Rebellion"" by Michael C. Bland, the second compelling installment in The Price Of Series, is a thrilling and thought-provoking dystopian novel that stands on its own while continuing the gripping narrative from the first book. Set in a gripping 2047, this story delves into the unsettling truth about a corrupted government, technological manipulation, and one man's journey to reveal these deceptions.In a world where trust has eroded, Dray Quintero is a captivating protagonist who embarks on a quest for justice, uncovering the shocking revelation that those in power have deceitfully taken on false identities and manipulated the population. Bland's storytelling mastery shines through Dray's character, a resilient and compelling figure who is driven by a deep desire to avenge his daughter's death and free his nation from this oppressive regime.The heart of the story lies in the power of revelation and rebellion. Dray's courageous decision to expose the hidden dangers of mandated implants to his fellow citizens serves as a catalyst for a burgeoning rebellion. Bland skillfully crafts an intricate and suspenseful narrative as the rebellion takes shape, with the characters facing tremendous risks and consequences as they challenge the oppressive regime. The novel navigates these complexities with precision, ensuring that the reader is fully immersed in the high-stakes battle for truth and freedom.As the rebellion unfolds, the story takes a series of surprising turns, and Dray's quest for justice leads to a discovery that could change the very fabric of the nation. Bland masterfully balances the personal and political as Dray confronts choices that will affect not only his family but also the entire country. The moral and ethical dilemmas he grapples with add depth and authenticity to his character, making his journey all the more compelling.""The Price of Rebellion"" is a brilliant exploration of loyalty, truth, and the enduring human spirit. Michael C. Bland's ability to blend complex societal issues with deeply engaging characters and a suspenseful narrative is truly remarkable. The novel invites readers to ponder the implications of government deception and the consequences of rebellion, all while delivering an electrifying and emotional rollercoaster of a story.""The Price of Rebellion"" is a riveting addition to The Price Of Series, but it stands firmly on its own as a compelling and impactful dystopian novel. Michael C. Bland's storytelling acumen shines brightly in this thought-provoking and suspenseful narrative. This book is a testament to the enduring power of truth and the sacrifices individuals are willing to make for the sake of justice. It is a must-read for fans of dystopian fiction, offering an unforgettable journey through the heart and soul of rebellion."
Book Reviewer,2419,207,5,"October 10, 2023",,,"Embarking on a tantalizing journey into the cataclysmic future of the United States, The Price of Rebellion orchestrates a symphony of subversion, betrayal, and unimaginable bravery. Renowned inventor Dray Quintero unearths a chilling revelation about the fabric of the U.S. government — elected officials maliciously supplanted by insidious impersonators who wield control through a pervasive surveillance network birthed from Dray's own ingenuity, albeit intended for disparate purposes.A rebellion snowballs as Dray, undeterred by the risks, broadcasts the sinister truth to an unwitting nation, imploring citizens to reclaim their usurped liberty. The tide of rebellion swells, with Dray melding into the dissident waves. Still, the impersonators retaliate, unleashing a tyrannical maelstrom of genetically enhanced agents, omnipresent drones, and an all-seeing surveillance tool embedded within every citizen.Through Michael C. Bland's vivid dystopian tapestry, set in the technologically advanced America of 2047, readers will find themselves ensnared in a narrative that mirrors the Orwellian spectacle of an omniscient government. The second installment in ""The Price Of"" trilogy seamlessly interweaves gripping, pulse-quickening action with moments of poignant vulnerability, offering an atmospheric exploration of resistance and moral dilemma.Bland masterfully employs a rich yet accessible detailing that furnishes an immersive reading experience without cascading into the tedious abyss of technical jargon prevalent in the sci-fi genre. His narrative cadence harmoniously balances rapid-fire action with meticulously unfurling scenes, enabling readers to take in the emotional and ethical complexities of the unfolding drama.From its inception, The Price of Rebellion promises a vortex of tension, stakes, and relentless momentum. With deft narrative prowess, Bland ensures that this promise materializes into a simultaneously exhilarating and thought-provoking read. He introduces heart-stopping predicaments, evoking an unyielding grip of anticipation, ensuring readers are inexorably drawn through every twist and turn of this electrifying tale.In this enthralling literary journey, join Dray and the rebels as they navigate the treacherous waters of defiance against a seemingly insurmountable adversary, exploring not just the external battle against tyrannical dominion but also the internal struggle of choosing between the familial ties that bind and the moral obligation of rebellion.In The Price of Rebellion, Bland delivers a stellar sequel and intensifies the reader's eagerness for the concluding installment, where the final cost of rebellion will, with bated breath, be revealed."
LitPick Book Reviews,796,29,5,"March 10, 2023",,,"The Price of Rebellion by Michael C. Bland is a touching story about the fight for the truth. Wicked people had taken over the government, and they had access to everyone's privacy due to a forehead implant which was initially implanted in people to control crime rate . Dray, after finding out the truth of the matter some time ago, decided to fight against ""The Agents,"" the new power in authority over the country. The story started with Dray and his team trying to find out the nodes' location as these nodes are channels through which the government sends information to everyone's implant, so everyone could see the truth as his previous broadcast failed its purpose to make people know the truth. This soon led to as series of encounters, near death experiences, new protective weapons, and also hard choices along the way. Dray, who had to join a group of rebels, seemed to go against his leaders directives when he felt that innocent people would get harmed. Taking some decisions on his own painted him a threat to Lafontaine's leadership. Lafontaine was the head of one of the clans of rebels, so at a point, Dray was fighting both internal and external forces.Opinion: This book was well-written, the choice of words in sync, and it started with a prelude which seemed like a puzzle at the beginning but made sense while flipping through the pages. Although the book was written in the near future, it is still relatable. Dray, the main character, is a man who has his own goal at heart. This same trait is shown in one of his daughters, Raven, as both strove to see that they achieved their goals no matter the odds. The tone of the book is serious and not playful. It is suspense-filled, piquing curiosity as questions swirl around my mind. If you're looking for a book that involves science, an adventurous book with a hint of romance, and also if you don't mind bloody or violent scenes, then I highly recommend this book to you. Even though I was a bit disappointed at how the book ended, I rate this book 5 out of 5. The book ended on the note of it being continued, hinting at it being a series. An example of an excellent science fiction book."
Pallavi Sareen,,79,4,"August 22, 2023",,,"The Price of Rebellion really packs a punch. From the first page itself, it will bombast you with major plot points and it just goes uphill from there. This is a sci-fi thriller series that follows the adventures of Dray Quintero, a brilliant inventor who is willing to do anything to protect people from a corrupt government that misused technology he helped create.Even though this is the second book in the series, it reads like a standalone so the author gives you enough context to make you feel like you aren’t missing anything. In this book, Dray is on the run, but this time with new allies. The rebellion has existed before Dray decided to follow the path of his inner conscience, despite it tearing his family apart. But they are a great support structure, especially in times of strict surveillance. In most dystopian novels, this element of states, governments or controlling powers using surveillance, breaching every individual’s privacy and misusing it is quite common. But that is mainly because it is also relatable. Compare it with today’s time, when everything has become digital and the traces we have online stores in servers overseas, makes it all seem less dystopian and more realistic.The Price of Rebellion is a fast-paced and action-packed book that will keep you on the edge of your seat. The author does a great job of creating a believable and immersive futuristic world, where technology has advanced but society has regressed. The book also explores some themes that are relevant to our current times, such as the role of technology in our lives, the ethics of scientific innovation, the power of government and corporations, and the importance of freedom and justice. It was an entertaining and thought-provoking book that will appeal to fans of sci-fi thrillers and dystopian novels. It is also full of action so you will not be bored even for a moment, what with new plot twists and something new happening in every chapter!"
Mary,,66,5,"August 27, 2023",,,"Six weeks ago, Dray Quintero announced to the world that the technology he created had been turned against the American people and that the leadership they thought they knew had been surreptitiously replaced by nefarious forces. Now, Dray is on the run, hiding out with a small collection of rebels as they brace for an inevitable conflict with the Agency and its seemingly endless resources. Despite their lack of numbers, the rebels are determined to emerge victorious, and it is up to Dray to lead his compatriots to victory without losing too many along the way.This is the second book in the Price of Trilogy, and it follows a foundational story that explains exactly what happened in the United States to lead to this dystopian future. At the beginning of this book, readers find a brief introduction from Dray and a detailed timeline of events, which helps to both remind readers of the first story what happened before, and also to welcome new readers who have not experienced the first installment. Once the story begins, it launches immediately into high stakes action and adventure, and every moment is more precarious than the last.Though the primary character is an adult with a solid career behind him, this story appeals to both young adults and older readers alike. The writing is compelling and focuses primarily on dialogue and action, though enough backstory is woven into the narrative to anchor readers in the events that came before. Occasional strong language and violence appear within the text, but the overall nature of the storytelling is focused on the relationships between the characters and how they work together to secure ongoing survival for them and subsequent generations. This is a riveting, futuristic tale that prepares readers to launch easily into the trilogy’s conclusion."
William Bentrim,,69,4,"April 7, 2023",,,"The Price of Rebellion by Michael C. BlandBland projects a future where the population has been wired with cerebral implants allowing the government to constantly surveil them. Dray Quintero is an engineer who designed and invented some of the technology that enables the government to do ubiquitous surveillance. He reevaluated his work and tried to reverse it, which led to his rebelling. The rebellion existed before Dray entered it so he was not a policy-level leader. His diving into the rebellion has led to his separation from his wife and the destruction of his family. Raven, his elder daughter, joins him in the rebellion. The story has a wealth of action with a lot of interpersonal angst. Dray doesn’t play well with others and he and his daughter also butt heads. I enjoyed the book and shudder at Bland’s projected future. I have some issues with it though. I have a son who is a mechanical engineer with a plethora of patents. Mechanical engineers can do wonders but Dray seems to be able to repair highly sophisticated devices with paperclips and super glue. There seems to be a disconnect between reality and future reality. I guess things could progress to a point where repairs can be done in the field under stress but it appears technology is going the other way. No repair, just abandon something if it breaks. It may be nitpicking. I also don’t like cliff hangers. I like series but I like each book to provide a modicum of closure. I still enjoyed the book and recommend it."
Anca Antoci,,118,5,"September 18, 2023",dystopian,,"In this chilling future, a nefarious government has seized control, wielding unprecedented power through a forehead implant initially designed for crime prevention but now used to invade the privacy of every citizen. It’s a thought-provoking concept, to say the least.Now, I should mention that “The Price of Rebellion” is the second book in a series. However, fear not if you haven’t read the first one; Bland has your back. He provides a concise introduction from our ingenious inventor protagonist, Dray Quintero, and a detailed timeline of past events. It’s a considerate touch, ensuring both returning readers and newcomers are on the same page.The story wastes no time, catapulting us into a whirlwind of high-stakes action and suspense that keeps you perched on the edge of your seat. Dray, once again on the run, finds himself with newfound allies, the stalwart rebellion. Their presence is a comforting bulwark in a world under constant surveillance.While the theme of invasive surveillance and its consequences is a familiar one in dystopian literature, Bland navigates it with finesse, making it all too relatable in our tech-centric reality.Beyond the pulse-pounding action, Bland explores profound themes that resonate with our modern world, including the role of technology, the ethics of scientific innovation, and the balance of power between government and corporations. These layers of depth add substance to an already thrilling narrative.Read more at"
Lisa,108,7,4,"June 18, 2023",,,The Price of Rebellion is the second book of what seems will be a trilogy. It takes place in a future in which the government has slyly begun to spy on Americans via technology that they convinced all were necessary to life. I liked the concept because though it sounds like it could never happen yet here we are all attached to our phones which is capturing all kind of data about us. The heroes are Dray and his daughter Raven. Dray accidentally started a rebellion and he and his daughter are leading a group of rebels to accomplish the mission of freeing the citizens of this surveillance. I enjoyed this book for the most part. This is not my typical genre of book so I did get a little lost at times with the technical components of the story. I like Dray as the lead - he is likable and relatable as an accidental hero. I also loved that several women play an equally important role in the resistance.Thank you to Books Forward for an advance copy of this book in exchange for an honest review.
Dorothy8,7,,5,"December 14, 2023",,,"This book is exciting, and fast paced. It is a combination of Science Fiction and Political Commentary. This is the second book in the series ""The Price of ..."" The third book is just about ready to come out."
Katy,1999,193,,"May 26, 2023",goodreads_giveaways,,I received my copy free through Goodreads Giveaways
Pamela,117,,4,"May 30, 2023",,,Goodreads Giveaway Win
Jeff Parsons,,9,5,"July 24, 2023",,,"I like this book! People have always worried about too much government control. Imagine how easy this could happen under the guise of public safety. Many people would willingly sacrifice their freedom for safety. They wouldn’t even notice it has gone too far until it was too late, especially when the government controls the flow of information. However, there will always be those people who fight back – hence, the plot of this book set in the not too distant future. The sci-fi story is interesting, engaging, plausible, and terrifying: augmented people, robots, hi-tech, complete government control, mysteries upon mysteries of a strange new world that is still unnervingly familiar. The dark ending is a great setup for the next book – it’s always darkest before the dawn."
