Reviewer,Review Count,Followers,Rating,Date,Tags,Likes,Content
Stephanie ☾,457,76,,"November 15, 2023",,77,"✨UPDATE 2I believe DP 4 isn't being released sooner than ZA 9, so after April 2024... 😭"
Aplis,546,43,,"February 12, 2023",,39,"I'm marking this as ""read"" because I can't write a review on my phone if I don't. It's been so freaking long since I finished the third book in this series and now I'm officially PISSED THE F OFF. Can the authors stop releasing their damn zodiac books and just end this series?! Is that too much to ask for??? I'm not even asking for multiple books. Maybe end it in a book. Just one book for this series! I get that authors write books for series that are more popular but damn even the less popular books still have fans like us."
Alexa Rogers,5,,,"March 12, 2022",,11,need this to come out asap omggg obessed with this series
Trinity,4,2,1,"July 6, 2023",,9,I've been waiting for this book to come out for almost 2 years now. Really disappointed it hasn't even been titled or anything. Loved the first 3 books and probably will love this one but very upset they are continuing so many other books but not this one
Rebecca Sierp,2,1,,"June 22, 2022",,8,"I can't wait for this book. Seriously, I read the first 3 within a week. Forget binge watching, I've been binge reading!"
Rachelle Daynard,1,1,5,"July 3, 2022",,7,The way they left us cliffhanging.....murder! I'm on pins and needles....biting my fingernails...ranting and raving...I want to pull a Misery & tie them to the computer and force writing.
melsartofbooks,60,4,5,"December 13, 2022",,4,LETS SAY I FINISHED BOOK 3 AND AM NOT OKAY COUNTING THE DAYS TILL WE GET AN ANNOUNCEMENT FOR BOOK 4
Sara,50,2,,"February 21, 2023",,3,I need this book NOW!!!!! I started out my love affair with these authors with dark fae. Loved it and started the zodiac series. Loving that and just finished book 8 before starting the darkmore series because I would rather finish a series as a whole than have to wait for ages to finish it. I am loving the darkmore series so much more than zodiac though. I swear if the last book of darkmore doesn't come out before they publish book 9 of zodiac I will go postal.
Haven Noelle,1,,5,"March 17, 2023",,3,I need the next books! They are supposed to release the fourth book this year and the last one next year!!! I NEED them! That cliffhanger left me bawling! GIVE ME THE BOOKS AND GIVE ROARY BACK HIS ORDER!!!
Vania (semi-hiatus),214,19,,"October 21, 2023",,2,The twisted sisters need to wrap up  ASAP because I  how this spin-off series ends 😭
SakuraReader,485,1,4,"November 19, 2022",,1,This is my rate expectation based on thw previous ones.I NEED it and wish I could erase all the story off my head to restart again
Ciara Richards,31,,5,"January 22, 2024",,1,I read that the sisters are going to release this soon after ZA9 (May 2024) due to the connections/spoilers. Anyone have firm confirmation of that?
macy casper,1,,1,"April 8, 2024",,,"Marking this book as read so I can comment. I am incredibly infuriated that it’s been so long without even an update as to when we’ll get a new book. It’s really dumb of the authors to continue new series and start new series and stuff without finishing the series they’re currently working on. I get that ZA is more popular, but still. It’s almost a disservice to their fans. And at this point I’m not even sure I want to continue reading their series because what’s the point of we have to wait three years just for a book announcement? Really. Fucking. Upset."
Christina,42,,,"February 6, 2024",,,I'm going to have to re-read this series by the time the next book comes out.I remember I loved all the others but the authors have kind of waited so long that I don't think many people will remember where the series left off.Hope it comes out soon!
Hannah,1,,3,"February 5, 2024",,,"Please put out book 4 soon!! It has been years and I'm still looking forward to this book. Honestly, we are waiting longer than it takes for movie releases."
