Reviewer,Review Count,Followers,Rating,Date,Tags,Likes,Content
Wanda Pedersen,2022,421,3,"July 22, 2023",fantasy；female-authors；public-library,16,"3.5 starsReading Prompt: Fantasy novel that involves a quest  Virtual 12 sided dice roll: 3The book begins with an homage to Prometheus, as Clea and her helpers rescue the wizard Ithrazel, who has been chained to a mountain in another dimension for 75 years, where huge eagles tear him to pieces every day, he heals overnight, rinse and repeat. Once they have rescued their wizard, the party of four resembles a Dungeons and Dragons adventuring party. Graywillow, a Goddess worshipper with magical talents, is the cleric. Clea, our Iron Princess, is the fighter. I guess that leaves poor old Hamo, the shepherd, as their rogue. He seems more like a faithful dog than a rogue (at least until late in the book…).Clea is striving to do the best she can for the people of her world. Her father is the ruler of their area and he is committed to mining of adamis. This includes enslaving portions of his own population and aligning with the Crystal Mages, the only magic workers whose talents continue to work in a world flooded with adamine. Strange beasts are rising from the waters of the mines and the waterways to destroy the mining villages and Clea is desperate to protect her people. She is also terrified for her young half-brother, who is just coming into his magical powers—she is convinced that the Crystal Mages have secret plans for him. The novel follows a typical fantasy plot line. Clea is a worthy ruler, disowned by dear old dad, but beloved by the downtrodden. Ithrazel is bitter and grumpy, but he recognizes her potential and returns to her side repeatedly. It was pretty obvious where everything was headed, but the journey was entertaining. Barbara Hambly has written other novels that I have enjoyed, prompting me to request that our library order this newest offering. This one appears to be a stand alone, but I can see where there is potential to continue the tale. Perhaps if this book is successful there will be further adventures of Clea and her crew."
Siavahda,,170,3,"April 10, 2023",assorted-human-magic-users；automatic-buy-authors；awesome-girls,14,"Didn't love this as I expected to - I think in large part because I adore Hambly's power of description, and she didn't give herself many beautiful things to write about this time. Less jewels and gorgeous dragons and the wonder of spellcasting, and more monsters (in human and non-human form) instead. It also doesn't really work as a standalone - the ending actually lists all the things that still have to be dealt with! - so I'm unclear on whether Hambly intends this as the start of a series?Was slow to get going, but once things got moving in the second half of the book I couldn't put it down.What I REALLY hated was the completely unnecessary reveal that the two biggest (and male) villains are lovers. It was literally a single sentence, it was irrelevant to absolutely everything, but it was squeezed in just to make sure we knew that the only queer characters were the Very Bad Guys.Which I don't get, because Hambly has had (minor) queer rep before and it's been perfectly fine or even lovely, so I don't know what the deal was here."
Ron,,151,4,"May 22, 2023",ebook；fantasy；maps,4,Excellent medieval fantasy. Titular protagonist and perhaps-washed-up wizard alternate as point of view characters. Good character building; engaging transfers of focus; believable contrast between inner self and outer. Adverse first half story/data dump ratio.Creative turns of the phrase. Suggests rather than tells. Respects readers’ intelligence. Innovative avoidance of profanity. A good read.
Margaret E.,21,,5,"March 5, 2023",,1,"I'm always interested in Barbara Hambly's work, and this book did not disappoint. The setup and the problems in this world, and for the characters, were interesting and not quite the usual.. I also enjoyed how she brought the book to a satisfying close while still leaving some avenues for further exploration"
William Leight,756,16,4,"January 3, 2024",,1,"[Probably 3.5 stars really][mild spoilers that you will probably figure out anyway]After many years wandering in the (relatively more remunerative) wilderness of historical mystery (to be fair, I've recently started reading the mysteries and they're pretty good) Hambly has returned to fantasy. Or rather, since she's been writing Edwardian Era vampire mysteries, as well as novellas and stories set in the universes of her 80s and 90s fantasy series, she has returned to novel-length secondary-world fantasy. And it's pretty good, though I don't think that it matches her best work from when she was a fantasy writer only. Part of the problem may well be that ""The Iron Princess"" is a one-off, rather than the start of a series: it occasionally gives the impression of being overstuffed, as if Hambly was trying to get in everything since anything she left out likely wasn't going to get another chance at appearing in print. The other problem is that ""The Iron Princess"" is an allegory of colonialism and climate change, and it only really gets the first one of those right. The setting is quite good, although the setup, with the Twilight Lands ruled over by powerful conquerors who arrived from a lone island, seems clearly copied from the Second Age of Middle-Earth. Tolkien even wrote of the evil Black Numenoreans, who landed in Middle-Earth and set up kingdoms where they ruled cruelly over the locals: Hambly seems to have taken this idea and given it a modern touch by adding the presence of a natural resource for the invaders to exploit, the element adamis. Adamis is used by the Crystal Mages to work magic, but other mages, who aren't dependent on adamis, find that their spells are failing, and also Lovecraftian horrors are starting to appear out of nowhere and eat villages: the reader will not be surprised to learn that these things are connected. The analogy between fossil fuels and adamis, and climate change and terrible monsters, is clear, but it doesn't really work: the difficult in combating climate change lies precisely in the fact that it doesn't come to a climax, as we get here when the horrors start showing up everywhere and attacking everybody. If Hambly really wanted to make the analogy work, then only the Crystal Mages, with their adamis-enhanced magic, would be able to keep off the monsters, and they, and indeed many other people who saw adamis as their only hope of a good life, or any life at all, would be all in favor of continuing to extract it. But perhaps that would be too depressing for what is already a downer of a book: the model of colonialism here is the Belgian Congo, full-throated extractivism with almost no concern for the lives of those affected (though at least nobody is using ears as currency), so brutality and inhumanity permeates the setting. Our heroes are not exactly cheerful types, either. Ithrazel the Cursed, who destroyed a city and was subsequently given Prometheus's punishment, is one of the protagonists: he is rescued from eternally having his liver eaten by Clea, the titular princess, whose sobriquet reflects her grimness of outlook. Perhaps in the end that's my real complaint: in the old days, Hambly protagonists weren't always so serious, even if their situations were equally bad. (Maybe this is the influence of Benjamin January, who is a great protagonist but doesn't have much of a sense of humor.) At any rate, if you're new to Hambly I would probably recommend starting with ""Dragonsbane"" or ""The Ladies of Mandrigyn"" instead: Hambly fans will have already read this book, of course."
Priscilla,6,,2,"May 9, 2023",,1,"I want to enjoy Hambly's writing. I really, really do. This is the third book of hers that I've read (second that I've finished), and despite the fact that I love the genres of science fiction and fantasy, I find that I struggle to enjoy her work. An article I read on her style described it as ""abstract and elliptic,"" and I would agree. She tends to feel like she's rambling, and so my mind wanders. I honestly love the plot of The Iron Princess. Mystery. Political Intrigue. A love story in the midst of chaos. Enemies to friends. But did I find the book compelling? No. I had to will myself to pay attention and finish it, re-reading pages that'd I'd realized I'd completely zoned out on.Here's an example from the first chapter: ""They said in the villages that what the travelers heard, thin and distant from the high bare crags of the Desolate Mountains at certain times of the day, were the screams of a god."" It's like... she's dragging out the point. It's got to be the way my brain works or a personal preference. So, take my review with a grain of salt."
Stephanie Dyer,169,,5,"July 12, 2023",,,"Clea’s world is changing. The magic is changing, spells go wrong for all the world’s mages except those of the Crystal Mages whose magic depends on adamine. Worse, mysterious beasts have risen and are destroying towns. She needs a mage whose magic is untainted by the problems of her world so she travels to an alternate world to retrieve a wizard who has been imprisoned there for 75 years. Ithrazel the Cursed . Aided by a local shepherd, Hamo, she manages to free Ithrazel and they return to their own world, Hamo following them uninvited. While Ithrazel wants nothing to do with saving the world Clea is forming an alliance of workers, thieves and others to overcome both the monsters and those, like her father, whose power and wealth is based on adamine and the slavery used to mine it.This is a rich world with interesting characters. Clea is both a princess as well a thief, assasin and accomplished swordswoman due to her father declaring her illegitimate at age 8 and sending her to prison. Ithrazel deals with the guilt of his past actions that saw him sent to that alternate would and Hamo is in love with Clea, enough to leave his world behind to follow her but is it really love or the result of a love spell cast on to him to ensure he would help Clea free Ithrazel. We have magic, and reluctant heroes, political intrigue, and a plot that keeps the reader eagerly turning the page to see what happens next. While the story has a satisfying ending I would be interested in what comes next for all these characters. Recommended."
Meggie,491,61,3,"April 4, 2023",borrowed；fantasy；fiction,1,"I was excited for a (surprise) new fantasy novel from Barbara Hambly--I don't think she's written one set in a new universe since the mid-2000s?--but I found my final verdict of  was There's an interesting foundation here, but there's also way too much worldbuilding and names and places, to the extent that I found it hard to keep track of everything. Clea wants to save the Twilight kindred without starting an outright war against the Bright Islanders/Easterlings but she also wants to make sure the Crystal Mages don't get their hands on her little brother, Ithrazel wants to figure out what happened in the intervening 75 years and why he has missing memories, Graywillow is sweet and Hamo is a surprisingly smart hunk, the Crystal Mages are bad and ~*~other stuff~*~, there are creepy monsters on the loose...I could continue but I won't.My ebook also seemed to be strangely formatted: either Hambly would jump into another character's POV without warning, or my copy was missing some pivotal line spacing.I would be up for a book 2, but there was a lot to process here."
Linda,926,7,4,"July 10, 2023",fantasy；fiction,,"This turned out to be a good book but it did take me some time to get into it. Clea is the second daughter of a merchant prince and her life has been very up and down. She was dearly loved by her father until the age of 5 when her father got rid of her mother (by having her killed for enchanting him) and she was imprisoned. Her life has been one of being acknowledged by her father and also thrown on the streets and learning many skills from a master criminal. Altho she has no magical skills she does come from a magical family and she is recognized as someone who can lead people.As her world becomes increasingly polluted and the ordinary people enslaved and made to dig for a substance that increases the magic of the highest mages, Clea seeks out help. The help involves rescuing a mage that has been imprisoned for 75 years in hopes that he can help her. The world building is what makes the story a little intricate to get into but once the pieces start falling into place, it’s hard to put the book down."
May,216,1,4,"October 5, 2023",fantasy,1,"I have loved all of Barbara Hambly's books, and this one (a standalone book) is no exception. The author is excellent at world-building and has a deft approach to explaining the rules under which the world operates without actually explaining them. (This is an underrated skill when writing fantasy.) The adventure/world-building/conflict in this book tends to overshadow the romance aspect, but that is characteristic of all of her books. The book delves into realistic societal and systemic conflicts while integrating magic and fantasy elements. The characters, especially the main character, are well developed.I am a devoted fan of the author and am always eager to read her books. This book is no exception, and I highly recommend it."
Nicole Luiken,,165,5,"March 23, 2023",ebook；sf-fantasy,,"It was great to read a new fantasy novel by Barbara Hambly. While I also enjoy her mystery novels (especially the James Asher series with vampires) fantasy is my personal preference. Strong beginning chapter catapulted me into an interesting plot, and fascinating characters pulled me along--long-lived wizard Ithrazel coming home after decades in exile, Clea with her ties to the nobility and the slave class and the underworld of thieves and assassins. I especially loved the subplot around out-of-place shepherd Hamo."
Jacqie,1749,94,2,"August 1, 2023",didnt-finish,1,"No one is more disappointed than I am that I couldn't rate this book higher. I am a big fan of Barbara Hambly from back to the 80's. I love her attention to detail, vivid settings, historical accuracy and realistic, complicated characters. This one just didn't grab me. It felt like I was reading along the surface of something instead of sinking into it. There was a lot of info-dumping about the setting(s) and politics but the characters themselves weren't that fascinating. I didn't care why the rescue happened or about the person who was doing the rescuing or her motivation."
Bill,69,1,4,"April 8, 2024",,,"A well told fantasy story that was not was I was expecting. It started off with Prometheus myth retelling with a dark origin, and ventured into a fantasy world where magic is changing. And dangerous. Hambly didn't fall into her prior pattern of aging wizard/young female companion. I particularly enjoyed the lead character, who is a modern fantasy hero, who does the right thing. It's nice to see the ecology of magic being a significant consideration, and I'll leave it there to avoid certain spoilers."
Lorraine,102,2,5,"March 16, 2023",,,"I've yet to read a book by Barbara Namely that I didn't love, and The Iron Princess is no exception. Full of excitement, intrigue, and well-defined characters, I was glued to the book until the end. As the very human heroes battled against creatures of horror as well as the evil of men, I was pulled into the story as if I were a part of it. The ending was very satisfying, but left room for speculation about the future."
Robert Pierson,286,3,3,"April 3, 2023",,,This book took me longer than I expected it to because of work I’d have to say it was all right it’s not the best fantasy book I’ve read but it’s far from the worst if you’re reading who’s in the epic long for saga fantasies this might not be your book but if you’re looking to get into fantasy or looking for a quick read this would actually work pretty well I thought everything was just OK but not really my cup of tea.
Janet Dietzman,2,,4,"April 29, 2024",,,"Not my favorite BH, but enjoyable, none the less. A trifle convoluted and confusing - a good editorial review might have helped clear up some of the confusion made by sudden changes in point of view, and in the (sadly) ever present editorial errors wrought by depending on an AI to catch improper grammatical usages (he instead of she) that a thinking person would recognize instantly."
Prescott,202,,4,"April 13, 2023",,,Many of her fantasy books involve portals.Magical portals from one planet to another. We are never told if they are alternate Earths or different planets. Some don't connect to Earth. All of the other planets have magic.Her portal books often include non-humanoid life. Creatures that tend to harm humans.
Flewts,981,5,3,"May 6, 2023",,,"To be honest, I got bored. Many novels follow this formula.... strong female lead, magic gone awry, bad things and people coming at them, must fight to overcome... there was nothing wrong with this book, I just have read many similar things. Eventually I just jumped to the last couple of chapters, and I didn't feel like I missed a thing."
Eleanor,93,,3,"May 27, 2023",ebook；own-read,,"This was alright but did not hook me the way most of Hambly’s stories do. It has a lot in common with Time of the Dark in feel and tone. I’m not sure why it didn’t hook me as well as usual.Well written, strong environmental analogy, interesting setting and premise. Very ‘classic Hambly’ themes. Just, somehow for me ‘meh’…"
Eric,155,3,4,"July 18, 2023",fantasy；mystery；romance,,"This is a really enjoyable read - an inventive world suffering from its own consequences, several interrelated mysteries, romance (although it's not the focus of the book, as is normal for Hambly), and descriptive, well-written prose. The only reason I didn't give it 5 stars is because there just isn't a ton of character growth; most of them stay pretty static over the course of the book."
Sterling Golder,1,,5,"July 29, 2023",,,Humbly is once again masterful in weaving a complicated story and making you care about the characters. This may not be her best work but it is very good and you do care what happens. You do have to stay with the story to keep everyone straight but it is worth hang g in there.
JW USA,1000,,2,"November 8, 2023",,,"This has all the elements,ents I normally like. Strong female lead. Interesting crew. Some grey moral choices. Normally I really enjoy complex world building. This took it to new level with information dumps and factions and history. I really didn’t enjoy it. But if you really the first few chapters and love the style you’ll rate this a five."
River,35,5,5,"March 5, 2023",,,Such a joy to have a new fantasy book form Barbara Hambly after all this time. I love her Benjamin January books dearly but I’ve missed her particular way of conjuring great fantasy worlds and characters. She doesn’t miss.
Rachel Calow,2,,5,"March 6, 2023",,,"This is such a wonderfully crafted intricate story. Like her older works, this is one where you are transported into a world We're 1st impressions are not with they seem. A thoroughly enjoyable story. Now I want more."
Menzie Chase,23,3,5,"March 7, 2023",,,"I love this author’s world-building, and the way she fleshes out her characters. I’ve read everything she’s ever written, and I hope this book spawns a sequel; I’d love to read more in this world."
Tara N,3,,5,"June 11, 2023",,,"Strong characters and a great plot. Places I hope to visit again, the smell and feel of them described as though she’s been there. Hoping for a sequel."
Ray,87,,4,"July 5, 2023",,,"Hamby has a likable and driven heroine, in an interesting world. However, this book isn’t her best. It is a fairly straightforward hero’s journey, with some well drawn companion characters."
Cathie,3,,5,"August 29, 2023",,,"A moving tale of good, evil, magik and dark heroes. Characters are developed well, so that you hope in their power to overcome.As a person with a vivid imagination, I did not need all the description that the author providedAnd yet, this was a story I did not want to end:)"
Laura,276,,,"September 15, 2023",,,"There are too many bizarre names of people places and things, and I’m confused. Additionally, the run-on sentences with so many commas and then a section in the middle dashed off, I just can’t do it."
John,1702,54,4,"December 7, 2023",sf-fantasy,,"The magic was hard to work out, and I thought there was much too much introspection, particularly on the part of the old wizard….but once the plot kicked into gear the story moved along smartly enough. And it wasn’t a terrible thing to have a protagonist who’s kind as well as tough."
L & J  Ross,165,1,4,"April 30, 2023",,,interesting plot line of what may be a series...
Jennifer Fiscus,66,,2,"June 11, 2023",,,"Sometimes fantasy books get too wrapped up in descriptiveness and lore and it just takes away from the overall story, this is an example"
Cheryl,394,,3,"June 24, 2023",,,A slow start because I got too much information too early in the story. It got better.
James,3553,25,2,"July 12, 2023",fantasy；fiction；skimmed,,"Couldn't finish it, it's dark and a bit old school and I wasn't in the right mood."
Patricia,43,,5,"July 15, 2023",,,A great book. I found its flavor reminiscent of the Carwash trilogy. Barbara Hamely never disappoints. I highly recommend it.
Mai,2371,5,3,"August 6, 2023",,,Rather disappointing. I love all of Barbara Hambly's books and I waited eagerly for this one and then just had a super hard time getting through it. Very sad.
Katy Lovejoy,5594,5,4,"October 16, 2023",,,Kind of reminds me of Tamara pierces works only for older people
Stuart Macmartin,676,4,3,"November 2, 2023",fantasy；kobo-plus；read-in-2023,,"I expected more from this author. The story was ok, the magic interesting, the twists ok. But I didn’t take to the constant exposition. Made for a slow read."
Mark Slauter,,19,1,"November 21, 2023",,,"I like the story idea, but couldn't get into it."
Jessica Lerbs,389,4,5,"December 26, 2023",,,"A very fun, exciting stand-alone by a favorite author!"
Lara,2573,140,5,"December 27, 2023",fantasy,,"As always, Barbara Hambly writes exceptional fantasy. I would follow Clea into the mouth of a zai. Granted, with some trembling, but still."
KMKB,262,,3,"January 6, 2024",,,"Strong heroine, interesting world building, and magic with an undercurrent of mystery all helped me enjoy this book."
Shelley,238,,3,"January 25, 2024",overdrive-books；read-in-2024,,2 1/2 stars rounded up because I like the author. Just didn’t grab my attention.
Susan Hintz-Epstein,2,,5,"February 15, 2024",,,"This book was an enjoyable read, with well formed characters, and just my type of fantasy. I highly recommend it."
John,57,,4,"April 7, 2024",,,"An oft ignored princess, rescues a legendary wizard because back home, magic has changed and not for the good, but will he help her?"
Annette,574,19,4,"October 7, 2023",2023,,"Really good, this author is a very good writer."
Marylebone,101,,2,"July 16, 2023",,,Okay but something of a disappointment. Remembered liking many of Hambly's books in the past so was interested to see she had something brand new out. But this didn't live up to expectations.
Emily,108,3,2,"April 17, 2023",,,"too many ideas and characters and plot points packed into too few pages - kept it shallow and confusing. There were some interesting ideas there, but no time to let them live and breath and become real, so it was just frenetic and you weren't invested in an outcome beyond ""good people good, bad people bad, monsters bad. kill bad people, kill monsters = good. romance? sure shoehorn it in bc a princess (??) needs a boyfriend"""
Maddy Barone,,229,5,"April 3, 2023",,1,"I have had a few weeks to let this sink in. I loved it. It was classic Barbara Hambly fantasy. When I read a Hambly book I expect 3-dimensional characters, a tight plot, vivid descriptions of the setting and secure story-telling. What I mean by 'secure story telling' is that the author never loses my interest and her world, whether imaginary or historical, follows rules that make sense. I can depend on her to tell the story in a way that makes me care about the characters and outcome. I don't worry that her fantasy world will closely resemble 21st century American except when she remembers to toss in some medieval-esque language or scenery. Barbara Hambly is far too good a story teller -and scholar!- to make her world a faint background. Her setting is an integral part of the story, but she paints it effortlessly.This is all a bit vague, because I don't want to give spoilers. If you enjoy fantasy, please do yourself a favor and get this book!"
