Reviewer,Review Count,Followers,Rating,Date,Tags,Likes,Content
Elena Rodríguez,801,450,2,"July 1, 2023",,14,"No sé qué pensar, la verdad. Me ha dejado un poco en shock esta novela, pero aun así me la terminé porque soy una dramas y me puede el salseo. No me esperaba yo que este señor fuese más “monstruo” de los que estoy acostumbrada a leer y eso no me gustó. Admito incluso que muchas escenas no me las quería imaginar, una parte de mi incluso quería imaginarse Davy Jones (que incluso seguro que me hubiera gustado así) pero no. Desde un punto de vista de novela me quedo con este libro, pero desde un punto de vista “monstruo” me quedo con el del primer libro. Eso sí el tercero es de un dragón y ya de perdidos al río…."
djreads,172,143,4,"March 18, 2024",spicy-novellas,9,"— ♡ 4 starswhy was a tentacle monster sweeter than any man i’ve ever encountered in my entire life? and the way he cared and loved melody but also destroyed her in the bed? chefs kiss𝙩𝙧𝙤𝙥𝙚𝙨 : insta-love, insta-lust, pwp"
Dora,449,33,1,"March 14, 2023",gimmie-that-monster-dick,4,I don't know what happened between the first book and this one... Cause the latter was no fun at all.The writing was very bad and chemistry between the two leads was non-existent - the kraken dude was beyond annoying with his insta devotion tbh 🤷🏻‍♀️
Emily Logan,69,1,4,"January 18, 2023",,3,"*Beta Reader*I was lucky enough to be a beta reader for this novella. Can I just say you all are in for a treat. As always, this book came in hot and did not disappoint. And as per usual, the spice was amazing. The storyline was perfect. I think it had the perfect mix of spice and story. Melody and Zalenyk are probably one of the best couples I’ve read about in this genre. This was a great part 2 in this novella series. It’s a perfect little smutty monster romance and I think these novellas are perfect for anyone who wants to dip their toes into monster romance."
Ava,1074,1495,4,"January 22, 2023",2023-reads；tentacles,2,"If you want a short and hot monster romance, you would totally pick this one up!The heroine gets sold to a Kraken king in exchange for her father's many debts. And this Kraken will do anything to convince this woman that she is his. It was a grand little read!!I was a BETA reader and read a copy of this book early for an honest review :)"
Archives of Jina,517,191,4,"January 19, 2023",,2,"*Beta Reader*Can’t say much because spoilers but this was great! If you’re looking for some tentacle love and something short? This is it. Since it’s a novella, the romance does move quickly but sometimes you need that in my option. The sex scenes were PURE FIRE. I enjoyed them throughly and they made me realize I need to read more about tentacles as soon as possible."
LilleLoui98,133,2,3,"May 23, 2023",,1,"A kiss from a kraken af Charlotte Swan Forleden dag så jeg et meme på en af de mange smuthood sider jeg følger på diverse digitale platforme. Memet handlede om noget i ‘MF’ (monster-fu**er)- verdenen, og efter at have smugkigget lidt i kommentarfelterne, lyder det som noget jeg simpelthen må prøve at læse. Og det har jeg gjort nu… Jeg vil sige, jeg kun har dyppet tæerne. Og jeg vil ikke udelukke at gå længere ud end blot vandkanten. Så min dør står på klem, så at sige 😅 Novellen handler om et havvæsen, der tager en kvinde fra hendes familie, da faren har indgået en aftale han ikke kunne holde. Så Kraken tager kvinden med hjem til hans rige i havet, og mod al forventning (obviously not 💁🏼‍♀️) forelsker hun sig i havvæsenet.Men… igennem hele historien, følte jeg at jeg har læst den her før… i dansk undervisning… i folkeskolen. Bortset fra, at det selvfølgelig ikke er den. For i den æder havvæsenet kvinden, og teknisk set gør han det også her, bare ikke helt på samme måde 🐱🥵😂Historien var fin nok, men det lyder som en gentagelse af et gammelt folkeeventyr, hvor der så nu bare er knaldet et par lumre bagtanker og et væld af adjektiver der beskriver meget detaljeret hvor hvor meget de vil have hinanden.Det var helt klart en bog med masser af smut, og det var også tydeligt, at det var fokuspunktet for novellen. A kiss from a kraken af Charlotte Swan får 3/5 stjerner ⭐️⭐️⭐️ for historien, plot og skrivestil og 4/5 🌶️🌶️🌶️🌶️"
Sarah  S,18,2,2,"June 27, 2023",,1,"Monster romance with spice, sign me up always! I enjoyed the previous novella and thought I'd try this one.I was a little disappointed with this story. It felt really rushed, even for a novella. Wasn't a fan of the characters falling madly into after a few days, I like a little more dialog and more relationship development. The spice scenes were good but not as good as the first story. I feel the author has only scratched the surface of this world she has created, I'd love to see this story as a novel!"
Megantron Luna,8,1,5,"April 25, 2023",,1,monster smut at its finest
Cecelia&#x1f408;‍⬛,86,3,4,"June 30, 2023",,1,Love some good tentacles.
Audrey S,581,8,3,"January 29, 2023",,1,"standard tentacle monster romance. pretty face paced, enjoyed the smut, but the ending felt too crammed in."
Ronni Spring,130,2,4,"April 9, 2023",,1,"You know, for a smutty novella these are written really well 🤌🏽"
brooklyn,121,5,3,"July 25, 2023",monster-lovin,1,this was so silly and mindless im CACKLING
olivia&#x1f4d6; (to infinity & books),140,5,4,"February 25, 2023",fantasy；monster-romance；novella,1,"my first kraken experience tbh. I never understood why kraken romance books were a thing. But I get it now 🤭🐙I think this is better then ‘a kiss from a demon’ personally, I liked our kraken’s devotion, protectiveness and his possessive manor. I prefer Zalenyk to Asgorath 🫣. now it’s only a novella so don’t expect plot. the plot is minor, this is pure smutty goodness. I give it 4 stars because I overal though this was a solid novella, despite it only being 8 chapters it was well thought out."
Chynna Fosko,16,2,1,"January 29, 2023",,1,"DNF which is crazy because this book is only 90 pages. TikTok recommended this one and man is it badly written. 😝 Story rushed, book full of run-on sentences, and highly cringey. I definitely do not recommend this one."
Marie,14,2,5,"January 23, 2023",,,"5/5 ⭐️⭐️⭐️⭐️ Based off as this is my first ocean monster romance I’ve ever read, this is really a great quick read! If you love monsters in general, the ocean, and overall primal smutty energy, you NEED to read this book! Tropes & Kinks: Breeding Kink, Degradation, Praise, Virgin, Monster Romance, Insta-Love, Insta-Lust, Extra-Tentacles, Double Penetration, Size Difference, Bondage, Brat/Brat Tamer CW/TW: Dubcon, Kidnapping, Violence, Gore, Death of a Parent (mentioned, not on page), DrowningDual POV⚠️I’m a mood reader (hence why I read the book at 2am😅🥴) .⚠️This review is an ARC and has my honest review of Kiss From A Kraken. As someone who has barely scratched the surface with monster romances I was searching for a plot; what was it you ask? Basically Melody (FMC) realized she’d have a more exciting and way better sex life with the Zalenyk (MMC) than the misogynistic prince her father wanted her to marry, and decided to live with one of the powerful entity’s in a fantasy ocean palace while living the rest of her days with no remorse and adventure . Whenever they had sexy time it was fucking MINT👌🏽🥵I have only read werewolf and vampire romances (90s gal heyyyy), so this ocean smut was very new to me. It did get me wondering how they did it, but the author certainly excelled in describing HOW. Woweeee! Did my eyes pop and mouth gasp when it got spicy!  There is a scene where she got taken and Zalenyk came to rescue her. The action wasn’t really there for me. The crew could’ve had a bloodier , more torturous death than just being drowned. It would have been cool to see how Melody could’ve been badass in that chapter, her IDGAF attitude toward men easily could’ve been a great addition to her kicking some ass when she got kidnapped. Understandably it’s a short story but I couldn’t help but feel the story didn’t really have balance . I still look for comedy , drama, and/ or some action in a romance book, however this had little to none that really sparked anything in my noggin that’d remember the chapters it was attached to. It was mostly smut, which isn’t a bad thing in my view, but if you’re looking for more drama towards the other characters it’s not really there. Love at first sight MMC isn’t my thing, but I do see that since he is a god of the ocean that there’s a primal energy to it, and he’s very dominant in bed and very protective of her , it did make me thirsty for Z🤣. Biggest con ever on my end🥺; not starting with her monster series sooner and not reading book one. Because it does entail The Demon from The Woods which would’ve been great for me to realize “hey it’s a crossover, neato!”. So Kiss From A Demon is my next TBR! I actually enjoyed Kiss From a Kraken enough to want to jump into her other books! 4/5 🌶️🌶️🌶️🌶️The author has taken lots of opportunities to get into the spicy times. You want smut? You got it. Literally every chapter I ready there was an opportunity that was grabbed. I felt like every corner of the palace needs a good wash and I felt bad for the servants; but not really🤣. I did wish we had that sex scene when they were in the springs because I am a fan of sex in water 🤣 but it does make your imagination run amuck afterward."
Ani,327,3,1,"March 4, 2024",,,"I am sorry...but whatttt???I mean, I knew that it is the length of a novella. But the romance is as insta as it can get. Zalenyk, the Kraken of the sea, comes to capture Melody's father as he took more than he needed (I still don't know how exactly this works). There he meets Melody and decides that she is going to be his bride and captures her instead. It's a novella. True. But the plot pacing is unrealistically fast at best and choppy at worst.I also didn't like Melody's character much. She had that not-like-other-girls vibe going on who had a ""fire"" in them but would call out master to a stranger in bed because she is too horny. And of course, as a woman, by embracing her oversexuality she is taking control. Cue the freaking eyeroll🙄🙄🙄Thank you. Next!I really really really do NOT want to assume anything! But it's difficult for my human brain not to follow patterns😬😬😬. And I kinda feel that the author MAY have some unresolved issues especially with a parental figure. But what do I know?🤷🏻‍♀️🤷🏻‍♀️🤷🏻‍♀️There's also a subtle man hater vibe that I got. It kinda gave me the ick, to be honest. And what was up with those filler characters of sailors at the end? Apparently, stealing from them is fair and absolutely okay but exchanging your late wife's possession for wealth so that your child does not starve is a grievous crime. Each to one's own, I guess🤨😐😐Now, you can say that the purpose of this novella is to deliver plain smut so the plot needs to take a backseat. But even then it failed to do any of the stuff that monster romance is known for. For one, the spicy scenes were straight up hard to imagine by the description. Especially in the last chapter, the size difference is literally impossible for me to overlook. And the thing that really brought down the book for me is how the smut is written. It felt like a script for a cheap porn video. It didn't feel like erotica that will get you hot or bothered or even make you mildly interested to go on. At times, I felt my eyes blurr despite it being a novella-sized book🥱🥱🥱Don't get me wrong. I liked the previous book fairly well. Like, it wasn't the greatest book ever but it wasn't the worst book I've read either. But this one just took the cake😮‍💨😮‍💨😮‍💨So, in a nutshell, can we please get something unique and new next time? Cause I am getting bored of this cliché stereotypical romances with these recurring themes?😒😒😒"
Cynthia,234,13,4,"January 25, 2023",,,"I would like to thank the author for providing me with an ARC of the book in exchange for an honest review.I don't know what Charlotte puts in her books but it is addicting. All jokes aside. I really enjoyed this latest novella for a couple of reasons.To begin with, I really enjoyed the backstory that we got on Melody and who she is individually before being taken by the Kraken. It was quite tragic seeing the neglect from her father and it certainly made us root for the Kraken even more.This one had more of a developing relationship between our two main characters. Melody began as totally afraid and apprehensive of Zalenyk's intentions and so it felt more satisfying when they finally decided to get closer to one another. Melody was well within her right to react that It wasn't just like BAM smut off the bat and I appreciate easing us into it even a little bit.I also feel like Zalenyk was so incredibly sweet with Melody and he honestly had me giggling as well as blushing at a lot of the things he said. Zalenyk was nothing but gentle and understanding with Melody from the get go so it most definitely softened me to him.The magic used in the story and world building in that sense was actually really freaking cool. That is literally what I have typed in my reading notes exactly. I have personally always found the ocean terrifying, but with a sweet Kraken to dote on me I honestly wouldn't mind exploring the ocean.Lastly, on to the smut. This was quite an experience to say the least. I am still new to monster romances and so the whole time I was trying to picture things and I definitely let out a couple of gasps lol. But like I said this was a fun learning experience and I did have fun reading this.I would recommend this to people looking for a short sweet and spicy monster romance in between books that are on the heavier side."
Utena,681,22,1,"February 8, 2024",adult；book-series；dark,,"I was on the fence when I finished this book because I have come to love Kraken romances (and yes, I like tentacle porn and yes I will place the blame on anime and manga for this. LOL). Yet, there seemed to be something missing when it came to this novel. While I did enjoy its predecessor, this one seemed to lack the chemistry between the characters. Chemistry, especially in short romances, has always managed to have a spark there between the characters. Something that you could feel between them but this one seemed to lack it. Plus, add in the insta-love on the male lead's half and this just did not seem to mash well together. This one had the potential but the execution just was not there to make this book a favorite of mine. Still, it was an enjoyable read and I did appreciate the unique plot and twist on the Kraken romance genre. The world-building was well done and the author's writing style was engaging. I just wish there had been a bit more depth to the characters and their relationship. Hopefully, the next book in the series will bring back that spark that was missing in this one..5/5 |  |  |  |  |  |  |"
Imani Chestnut,164,12,4,"June 30, 2023",,,"“You’re mine, sweet one.” He gently pulls my chin down and a slippery tentacle takes a shallow thrust into my mouth. I cannot scream, I cannot move all I can do is stand there. One sucker attaches to my tongue and that is the last thing I remember before my shaking knees finally give out, and I plunge into the waiting darkness.//I am strangely finding myself just a tad enamored and attached to this series, I'm not gonna lie. I thought Zalenyk was so cute in this, truly. The same could be said for Melody once she let herself let him in, and stopped pushing him away like all of the other men in her life.I don't know, I think one of the reasons why I like this series is because it reminds me that love doesn't have to be this soul-tearing thing all of the time. It can be as simple as just having someone else see you and understand you. Sometimes, that is enough.//“I’m Melody, by the way. I should’ve asked earlier, but what is your name? I assume you were not born, Kraken of the Darksea?” I ask. He is quiet for a moment and I fear he is not going to tell me but then he opens his mouth. “My name is Zalenyk, sweet one. No one has called me that in centuries.”“Zalenyk.” I like the way it tastes on my tongue. His tentacles shiver at my utterance of it, he seems to like me saying it as well. “Zalenyk you saved me.”"
Ashley Dang,1449,,5,"April 24, 2023",,,"Melody yearns for the simple life she use to have before her father suddenly became wealthy and is now consumed with it.... to the point where he is forcing her to get married to a horrible man. Melody wants no part of it but then suddenly the Kraken of the Darksea appears and says he’s come to collect from her father who has stolen from him and what he wants is Melody. Melody is traded by her father, his life for hers and she is absolutely livid. She is then taken to the palace of the Kraken where he tells her that he wants her for a bride and that she is the most precious thing to him. Melody’s entire lie is now turned upside down, going from being neglected and unheard to suddenly being taken care of and protected by her new living situation. For the first time in her life Melody now has someone who listens to her, takes cate of her, and puts her needs before their own and now she finds that maybe this is the perfect change she needed. I love this serious period, if you like monster romances then this is the perfect book to read. Seriously its so good."
Edith0817,1404,18,4,"January 27, 2023",,,"3.5 stars * Hero(s) - 3/5* Heroine(s) - 4/5* Secondary Characters - 3/5* Plot/Storyline - 3/5* Romance/Steam - 3/5* Drama/Conflict/Angst - 4/5* Worldbuilding/Atmosphere - 4/5* Writing Style - 4/5The CW/TW was not listed on the front, only a link (which was not connecting on my kindle for whatever reason. Tentacles are not my favorite but I really liked ""A Kiss From a Demon"" and I love how these characters are connected. Bit short, so there was not much storytelling, mainly smut, but I am a monsterlover, so I'm content with that. Can't wait for the next book, as I love love dragons. I'm happily volunteer as BETA read *wink wink*"
tayyturningpaiges ,101,2,4,"January 18, 2023",,,"*I was lucky enough to be able to beta read this book by the author, but my thoughts are solely my own.*I really enjoyed this. It's no secret that I've been obsessed with everything she has written, and this is no different. I mean, who doesn't love smut with tentacles? Probably normal people, but hey, that's not what we're going for here 😂 all jokes aside, I loved every bit of it. I loved the relationship, the backstory, and the story as a whole. You can see growth as the author continues to publish books, and I'm excited to see where she goes next!"
Aisling,487,14,4,"January 23, 2023",arc；beta,,"This is a short and sweet read that I absolutely loved. I haven’t read the first book in this series yet (A Kiss from a Demon) but I will be reading that soon. Melody’s life used to be completely different. Her and her father were very poor, he was a fisher man with poor luck. But that changed overnight, and so did her father. The man who once taught her to be strong and independent became greedy and used his daughter as a pawn for more wealth. When the Kraken interrupts a party because her father stole from him, he gives her away to the monster to save himself. But the kraken is not nearly as monstrous as the men he would have married her to, in fact this maybe the best thing that could have happened."
katherine,139,19,2,"January 28, 2023",arcs,,"I didn’t really enjoy this one purely because of how fast paced it was and although it is intended to be a novella, I wish there was more time to develop the plot and relationship - saw some potential there. Plus I had a book pet peeve of HEAs saying ily too soon I don’t know if that ps up your alley then this is the perfect book for you.Overall not bad but I do love this author so I am excited for the next release!"
Assh,494,1,4,"February 14, 2023",serie-complete,,"4 Stars ⭐⭐⭐⭐ Excellente nouvelle, bien-sûr faut le lire en prenant compte que c'est pas un roman.Comme l'a dit l'auteur, * Il s'agit d'une nouvelle de moins de 20 000 mots sur un monstre et un humain qui est tout en épice et non en intrigue* Et ça l'était, beaucoup de scène épicé et une toute petite intrigue (très petite).Romance monstre entre un Kraken avec des tentacules et des ventouses, et, une petite humaine vierge."
jennifer | offmyredcarpet,408,17,4,"March 14, 2023",2023；2023-indie；dom-brat,,"3.5 // Erotic monster romance novella. Human woman is given to the Kraken by her father to pay for his stealing more from the sea than his share. Her anger subsides when she realizes it saves her from being married off to a brute. Though the kraken wants her as payment, he also wants her to desire him and give of herself in her own time. He doesn’t have to wait long. HEAMore spice than plot. All the kinks: degradation, praise, breeding, size difference, bondage, DP."
Maggie May,764,10,2,"April 15, 2023",,,Very poorly written. This book is full of awkward sentences with the author seemingly forgetting the subject halfway through or changing verb tense mid-sentence. There are a few incidences of wrong words used. The characters are all over the place with no coherent personality. Even in the sex scenes they can’t decide what they want or feel. The last minute crisis comes out of nowhere and makes no sense. It’s odd because the first book didn’t have these problems.
Sophie,9,,4,"February 18, 2023",,,"I read this one in one sitting just after i finished the first one. It was very sweet and i loved all the tentacles he uses on her. Hes very protective and possessive of her. And when he tells her that shes his, he also says that he'll wait until shes begging for him. Which i find sweet of him.I recommend that you read the first one before you start with the second one."
Juliette Brandman,154,1,5,"March 4, 2023",,,The sweetest Novella🤩 this author is getting better with each piece she adds! I was obsessed with thisAll the out of pocket spice I love it was sooooo sexyThe two main characters feel connected and with the insta love sometimes it can feel not genuine but I really didn’t feel that here 🌶🌶🌶🌶- also great use of master and kink
R1vana,439,8,2,"March 10, 2023",adult；alien；kindle-ebook,,"Instalove romance between a half human & half kraken Ml and a human Fl.2.5I did not enjoy this as much as the first one since there are almost practically the same subplot.The smut is also the same.I am happy to see the main couple from the first book appearing in this one.And based of the epilogue, it seems that there may be a third book with a dragon as the Ml."
Jenn,20,,1,"June 26, 2023",,,DNF’d despite the fact that it was only like 90 pages and I had already paid for it. I tried so hard to push through but I made it 60% and would’ve rather gouged my eyes out than read the rest. Idk if all monster romance is like this but I refuse to find out. I disliked the first book but bought the two as a bundle so I really tried to push through. Nope just nope.
Emzy Strong,358,1,5,"March 30, 2024",,,"This is a fantastic read. The world building is beautifully done. The characters are wonderful and have such an amazing depth to them. I love the twists that the author works into their work and how it keeps you guessing. I definitely received the beauty and the beast feel, hitch is my favorite fairytale. I absolutely adored this book."
Hope,29,,4,"April 14, 2024",,,"I'm a big supporter of ""gentleman in the streets, freak in the sheets"" type of books. The MMC is possessive without being controlling and is obsessed with his woman. This is not a book you read for the plot. This is a book you read when you need a spicy interlude between books. There is a plot, but that is not the point of the book."
Paisley,53,2,4,"January 17, 2023",,,Beta read this short kraken novella and loved it! It was a short spicy read with minimal plot and mostly focused on the two main characters (aka just smut which was 10/10) There was good buildup in their relationship and they had great banter and respect for each other.
Destiny Kimmel - Gomez,35,,3,"January 18, 2023",,,I don’t think I was expecting the insta-love of the situation and some things felt very rushed. The book itself is very good and I love the plot but I feel it could be much more and should span over a longer time! A quick little smutty read though and so many good quotes from daddy Zalenyk! 🥵
Erica G.,150,2,5,"January 21, 2023",,,*Beta Reader*Another Amazing Monster Romance by Charlotte Swan! Our MCs are perfect! Need a quick fix for your spicy monster romance addiction? This is it! The story is great and the spicy is phenomenal!
Bella,193,1,4,"January 23, 2023",,,Love love I can't stress this enough like all her books leaving me way more .The smut was definitely so good . Loved zalenyk's possessiveness and protectiveness. Also loved how they were both inexperienced and learnt to navigate it together.❤️❤️❤️❤️
Cheyenne,161,4,5,"April 19, 2023",,,"I like this one too, but more than the first one ! A little more plot and action and the spice was good too. I’m never sure how I’m going to react with the different monster techniques 😂 . Then ending was so good."
Beth,64,2,2,"May 15, 2023",,,"This… was not it. Sure, I get it was supposed to be a short, get-your-jollies moment. The writing was sub-par, I wanted tentacles so at least I got those. Probably won’t be reading the rest of these books."
Zoe,244,,3,"August 31, 2023",erotica；first-love；insta-claim,,"3.5 stars, but rounded down. I didn't enjoy this book as much as the first one. Not really sure why, because usually I eat that kraken shit up (no pun intended), but something about this was just meh."
Cassidy Kruckeberg,35,,3,"October 18, 2023",,,"The very quick love/devotion between the two leads took me out of the story; I mean, seriously, she hates him for 0.2 seconds the next she's begging to be near him. Overall, it was fine. It was an interesting change of pace from the books I normally read (spicy or otherwise)"
Helena,105,,1,"November 26, 2023",,,"DNF - I liked the first one enough but this one was ... Terrible. There was no spark, no romance and the whole thing just felt cold and dead and devoid of spiciness. I didn't connect with either lead and couldn't finish it. Ugh."
Megan Windsor,156,,2,"December 29, 2023",,,"Not much different from the last; however, there is far less of a storyline IMO. Basically the story goes as follows:Shitty fisherman is a far shittier father, and the remainder of the story is simply Stockholm syndrome with tentacles."
Julia Larson,15,,4,"March 2, 2024",,,I honestly love Charlotte Swan. It’s perfect little smut novellas with Fantasy. I just wish she was more descriptive of what the Kraken looked like cause i was confused af trying to picture it. A Kiss from a Demon was way better. But i still enjoyed this
Lani,51,,4,"April 21, 2024",,,"THE SPICE WAS SPICING. these little novellas are a guilty pleasure omg, i’m loving the little story between the two characters involved and the POSSESSIVENESS the kraken have over melody!! definitely one of my favorite series ever"
Samii,53,6,4,"January 23, 2023",,,"This book is 90 pages long and uses the word “tentacles” 150 times 🫣🥵So if you’re looking for plot, it’s a pass. If you’re looking for tentacles, this book is for you."
Helene,154,1,5,"February 13, 2023",,,"Short tentacle smut with no plot, as announced at the beginning - you get what you expect ;)"
shrey,343,5,4,"February 19, 2023",,,I LOVE MONSTER FUCKINGsmut rating 🌶️🌶️🌶️: 4/5plot rating 📝📝📝: 4/5 overall book rating ⭐️⭐️⭐️: 4/5
Female Reader,83,,5,"February 20, 2023",,,Short with good spice
Ellyn   → Allonsythornraxx,1273,153,3,"February 23, 2023",2023-releases-read,,23/02/20233 ⭐️A bit too fast paced and some of the language caught me off guard at the start but this was still a fun time.
Amanda Stover,389,2,3,"March 25, 2023",,,Best way to put it. A good little smut novella. And this kraken is a big marshmallow.
Gia Forestal,24,1,4,"April 3, 2023",,,BRUHHH TtteeEetTttaaAcccCLlleeEssSss<-(tentacles)😂!!!!
Corina Blas,51,,4,"April 6, 2023",,,"Diving in my second monster romance, got to say I do like it! Am so new this, am still open to anything. This story was good, in very spicy! 🌶️🌶️🌶️🌶️"
Rika,192,1,5,"April 12, 2023",,,Who knew Tentacles can be this interesting 🤔🧐.
Holly ,162,1,3,"April 21, 2023",,,This was good!! It wasn’t as great as the first one for me but just because of different kinks/likes.. still a great smutty kraken novella
Pretzel Biscuit,764,,3,"April 23, 2023",fairy-tales；fantasy-mid；fiction,,3.5
Lisa ,14,2,1,"May 5, 2023",jail,,It reads like a Davy Jones Fanfiction on Wattpad 🐙
Kylee Nickerson,51,1,1,"May 17, 2023",,,I was soooooooo disappointed. It feels icky.
Andreia Piedade  Freitas,191,,4,"May 21, 2023",,,🌶️🌶️🌶️🌶️(🌶️)
gabs,17,,5,"May 24, 2023",favorites,,"I love this series, cant wait for the dragon book 😈"
jasmine smith,41,,4,"May 25, 2023",booktalk；dark-fantasies；demons,,Not as spicy as book 1 but still a great read 😜
Tiffany Morris,6,,3,"June 12, 2023",,,Very underdeveloped plot was not what I thought it would be. Not sure the characters were well developed either for the story.
Nina,194,,3,"June 16, 2023",,,Weird man
Tia,607,,,"June 27, 2023",,,This one just wasn’t as good as the first one:/
Liz,138,,4,"June 30, 2023",,,"I mean, it's a tentacle bonanza. Need I say more?"
Natalie,2,,1,"July 4, 2023",,,"Not sure if it’s a kindle glitch, but there are errors on almost every page. Spelling, grammar, syntax, you name it. Very distracting."
Devynn Buck,126,8,4,"July 6, 2023",,,"Come on, you're not reading monster romance for the plot.This was just as filthy as I expected."
Izzy,105,1,4,"July 6, 2023",,,3.5⭐️
Cassidy,197,,3,"July 8, 2023",,,Just straight monster smut.
Emily Hansen,71,3,3,"July 21, 2023",,,This one was kindve a lot for me but still good lmao
Yara flores,383,3,4,"August 21, 2023",,,Esta saga vale mucho la pena para sacarte de un bloqueo lector! Me ha encantado!
Erin,12,,4,"August 28, 2023",,,"Book is all smut, but I love it."
Mélina ,53,,4,"September 27, 2023",,,i shoudnt have like it as much as i did...
Alexandra.readss,51,,3,"October 3, 2023",,,🌶️🌶️🌶️🌶️I read it for the smut 👌
littlemissdraco,162,,4,"October 3, 2023",,,Hot tentacle sex … that’s it … beautiful monster fuckin lol
Stephanie Mendez,61,,2,"October 8, 2023",,,⭐2.5🌶️4.0A quick Sunday read.
Lilly,55,,4,"October 11, 2023",,,"I liked the demon one just slightly more, but I still loved this! The ending was great. Again, all smut no plot but that’s okay :)"
Lex,26,,3,"November 12, 2023",,,Tentacles porn 🐙
Laura Rodriguez,6,,3,"March 17, 2024",,,"Same topic and very similar to the A Kiss of a Demon, both stories connected with a few lines at the very end."
Lesly Meyers-Gelin,61,1,3,"April 17, 2024",,,…tentacles 😵‍💫
C. Mtz,12,,4,"April 21, 2024",read-on-paperback,,"Short read, enjoyed reading it. Can’t wait to read the next one."
Lei Brown,7,,3,"March 1, 2024",,,"Short and sweet, I always love these little glimpses into other worlds."
Jackie,34,,2,"February 16, 2024",,,They’re all the same. Also…. No lube butt stuff is ok for your first sexual experience??? Why??? I get it’s smut and unrealistic but idk the language of some of these plus all the anal stuff just made me have to put down the less than 100 page books more than once.
Sienna King,24,,3,"February 28, 2024",,,"Book Review:Maybe it was just me but I felt like some stuff was contradictory in the story. Better than the first book but still felt like something was missing. I didn't feel like the description of the Kraken was that great left a lot up to imagination, which can be nice but it just got confusing to know if he was in his Kraken form or humanoid form. Series review:I hate the names she chooses they don't roll of the tongue very nicely. Some info is unnecessary. Some of the books will be missing some visual details so I sometimes get confused about whats actually happening in the scene. I don't get why the main character in every single book had to be a virgin before each of the monsters. All the books are the same story just with different details and characters. I do like how they stories all connected together."
Alex,43,12,4,"May 24, 2023",,,"Ah another amazing novella. Flawlessly tied into the first book in the series and added to the worldbuilding. Also fit so much delicious smut into a short book, always a fav for me. The horny vibes were on point and my tentacle kink was well satisfied. Definitely recommend if you love tentacles and D/s vibes!"
Shelby,19,,4,"April 16, 2023",,,"I got to read the beta copy! It’s a spicy little novella with an absolute cinnamon roll of a Kraken, what more could you want!"
Lauren Pringle,19,,5,"October 14, 2023",,,So good! I love this series!
Kayla,65,3,5,"April 27, 2024",,,"Tentacle fun time, but make it short and so freakin sweet🫶🏼"
EnderQueen,2,,5,"March 29, 2024",,,Just got done reading the book and the Epilogue immediately made me scream😱😱😱😱
