Reviewer,Review Count,Followers,Rating,Date,Tags,Likes,Content
Lilyya ♡,342,2091,4,"June 23, 2023",arc,1,"the writing is so polished and immaculate that it was refreshing to be immersed in a well described and graphically outlined world’s building after the last books that I’ve read. plus,  is not what i can refer to as  therefore, it was reinvigorating, as well, to tiptoe outside-a little- from it. -that was terrorizing the citizens of a small town-. our main character, , is one of the rare mortals  that can communicate with dragons and speak fluently their language --. she is hired by the town to try and negotiate with  by trying to find a compromise before the dragon commits more damages to the town and its population. the fight becomes more personal to Lotte when the  dragon takes her mother as an hostage.; two teenagers who try to navigate between their undeniable pull and attraction for one another and the responsibilities that sixteen year old girls shouldn’t have to deal with. their own family dramas consist on  because of an atrocious lack of parenting and adulting. I love both girls.  is a tenacious, brave girl and such an aspiring female lead.  makes some irrational and questionable decisions throughout the book but the more we dive into the story the more we understand that she is  and  by some malicious side characters. at the end, she and Lotte form a beautiful bond that starts as friends to bloom into something ,  from what the plot line and some characters throw as indices. frankly, it doesn’t tarnish the course of the story and events in any ways. on the contrary, it makes you comprehend and dissect in a better angle Maryse’s character.~•~*~•~•~•~•~me totally forgetting that i have arcs to read part 727833. anyway, there’s dragon lesbians and here we go😋"
Vee,1552,463,,"June 25, 2023",,,we all know the girl is the dragon but I am here for the dragon lesbians
Brend,543,872,3,"March 9, 2024",,6,"It was fun but I had issues I'll tell you about once I'm done being a servant to capitalism (when my shift ends)I never did; but I remember one:If computers do not exist in your book, do NOT use the word ''okay''"
Jess (oracle_of_madness),881,80,4,"June 21, 2023",arc-s-netgalley-and-edelweiss；fantastico-fantastics-scifilicious；lgbtq,4,"Sapphic romance and dragons? Yes, please!I enjoyed this one, but it somewhat fell a bit flat for me. I really struggled with it feeling a bit too ya. I just wish the characters could have been a bit deeper, I suppose.The story is really interesting. The mc speaking in dragon-tongue and working with a dragon throughout this plot was very cool. I do think that I would be more excited about this one if there was more action happening. Overall, a satisfying read!Out June 27, 2023! Thank you, Netgalley and Publisher, for this Arc!!"
Dr. Andy,2529,239,4,"June 13, 2023",disability-rep-loss-of-limb；queer-af；queer-rep-demi,4,"I really enjoyed this one! Also the cover change is freaking gorgeous.I think most of the characters are white, but there were not any skin/ethnic markers from what I remember."
Samantha,322,8,4,"July 18, 2023",,3,"I was pleasantly surprised by this Sapphic YA Fantasy tale. I'm always a sucker for books about dragons and quests so I was thoroughly entertained throughout my read. Hollis' worldbuilding and creativity wasn't too outlandish to make me scoff which is a bad habit of mine when I read fantasy or paranormal story. That alone really impressed. Thank you to Entangled Publishing, LLC, Entangled: Teen, and NetGalley for providing an eARC for a honest review."
Charles,47,,1,"March 3, 2024",,,Haven't come across a high fantasy F/F novel with this much potential in a while. I can only hope it lives up to it.
Mere,1113,34,4,"May 18, 2023",past-arcs,,"Thank you to Entangled for an ARC of this book!Things I LovedsapphicDRAGONSDRAGONSgood side charactersHello my gorgeous beautiful sapphic dragon loving friends. This book was adorable to the extreme. I enjoyed every minute of it. Hollis has a great and engaging writing style, and the whole book flowed very well. All aspects of queerness were integrated very well, we had a non-binary character, our main characters were sapphic, but it was done so naturally. It wasn't the focal point of the book, it was just apart of it, which I loved.This was definitely a different take on dragons, ones I hadn't seen before, and I liked that. Lotte is an excellent main character -- her character arc was fabulous. Even the side characters were nicely developed. One of the things about the plot was obvious, however, it didn't detract from the overall story, because while there was an action based plot, much of this book was character driven and about the choices they do and don't make. There was a tiny bit of gore in this book, but not too much. There were also quite a few parts that deal with parental trauma and childhood trauma. Having not experienced those things, I can't say as to the accuracy, but they do play a part in the story of our characters. Overall, this was a well crafted standalone book about two girls who fall in love while a dragon is terrorizing a town."
Michelle,64,8,3,"June 15, 2023",,,"had a really interesting premise, but I was disappointed with the execution. For starters, I was expecting a lot more out of the dragons. There’s really just one main dragon that stays in its lair for the majority of the book and I was expecting to see more dragons and dragon behaviour.It was nice to see a different take on dragons, with the main character being a Dragontongue and having a more diplomatic role, but the way it was done really stagnated the plot. There wasn’t a whole lot for the characters to actually do since their main objective was just negotiating with the dragon. There was a lot of dialogue with not much in the way of world building or action for most of the book. I might not have minded this too much if I hadn’t figured out the main plot twist 30% of the way in and then struggled to find anything else to keep me going. I felt like I could’ve skipped the whole middle section and jumped ahead to the reveal without missing anything.I enjoyed the romance aspect of the book, but Maryse really wasn’t my favourite character. Lotte trusted her, but she really didn’t seem to deserve it at times and never fully made up for some of the things she did.*Thank you to Netgalley and the publisher for providing me with an ARC in exchange for an honest review."
EM Harding,,17,5,"July 14, 2023",indie-authors,,"4.5 rounded up.There are very few categories of second world fantasy that grab my attention, but when Erica Hollis reached out to offer me and ARC of Hearts Forged in Dragon Fire one word in particular stood out … dragons. What can I say? I’m an horrendous Welsh stereotype. I see giant flying lizards in the title and I commit. And never have I been more grateful for my innate dragon related compulsions because this book was fab.In a world where dragons consume gold, the resource that humans have foolishly chosen as currency, being gifted with the ability to talk to dragons is treasured. Lotte Meer might only be sixteen, but she’s already made a name for herself as a dragonstongue, working as a successful dragon/human mediator, with a few gnarly burn scars to prove it. So it makes sense when she’s approached by the townsguard of Morwassen’s Pass to deal with their dragon problem. What doesn’t make sense is anything that this particular dragon does. He’s set up his hoard in the abandoned castle that towers above the town, and is demanding the people bring him a regular tithe of riches, or he’ll huff and he’ll puff and he’ll burn their homes to the ground. It’s unheard of, but if Lotte’s going to get paid, or indeed survive this job, she must get to the bottom of why the dragon is behaving this way and figure out a way to move him on without getting anyone killed. Or, anyone else, anyway.As mentioned above, the dragons sold Hearts Forged in Dragon Fire to me, but I wasn’t quite aware of how amazing they were actually going to be. I actually cannot stress this enough, the dragons in this book were fantastic. Hollis makes use of bits of inventive dragon lore that I had never seen before, including specific elements of dragon language (as a linguist I was fascinated by the fact that the dragons used “we” instead of “I”) and, of course, the fact that these dragons don’t just hoard gold because they’re big scaly magpies and coins are shiny, but rely on it for sustenance. And Hollis doesn’t dump this information on you in chunks of exposition; it’s woven into the Lotte’s interactions with the creatures, shaping the world and giving each encounter its own personality. From typical forest dragons, hiding in caves and avoiding humans like the plague, to urbanite dragons, who choose to dwell amongst the bustling populus of Morwassen’s Pass in gambling halls and street side trees where they can stealthily collect what they need to eat, every dragon is unique and you will remember every single one. My only complaint is that I could have read a thousand more interactions with these creatures, but that’s really not a complaint now, is it?The extent of the mystery element in Hearts Forged was also a very welcome surprise. It was fun to see a dragon book take a typical quest and turn it into a question: why is this dragon doing this? Why does he keep making bigger and bigger demands of the town? Did I figure out where the story was headed about 30% of the way through? Of course, I did (my brain is wired to look for hints and foreshadowing now, I’m sorry), but I had one hell of a ride watching the characters pick up information and try to piece together the clues themselves. I also love the little thrill of having my suspicions confirmed, inch by inch, and looking to see if I can predict exactly how everything is going to play out, so figuring things out early is never a negative in my book. Plus, did I mention the dragons? Because when you’re investigating dragon problems, you get to talk to dragons like it’s freakin’ CSI Lonely Mountain. I just … I had a blast with this one, okay?I want to give a special mention to the side characters in this adventure, as well. I loved Scyler’s big sibling energy, and Danil’s “chill in a storm, but I will bite your ankles if you hurt the love of my life” vibe. They were perfect, and absolute couple goals. Hollis did a really great job of making the background characters pop throughout, and I think a lot of readers will quite like to see more of these two in particular, which is always a sign you’ve done the job right.As for the romance element, which is a big part of the original blurb for Hearts Forged … I think as a YA sapphic romance, it’s really lovely. It’s cute and sweet, with a tiny touch of angst that makes it feel exactly right for a couple of teenagers who are still figuring out what relationships should and shouldn’t look like (both romantic and familial). And Hollis does the unusual and welcome thing of having the conflict in their relationship resolve in a fairly organic way, rather than prolonging the angst long past where you’d normally find mutual understanding.My only issue here really was that there was just something missing from love interest Maryse’s character for me. I liked her initially; she was loveable and interesting, and I enjoyed the fact that Lotte had to work to be her friend. But, without being spoilery, I just wanted a scooch more oomph at the end, something that rounded out her character arc. Instead, it’s sort of left to happen off page, which I guess is representative of real life. However, in something this fantastical and otherwise perfect, it just didn’t land quite how I wanted it to. For others, though, it might feel right on the mark.In summation, if you think dragons are the frick-frackling best and want something with a juicy mystery at it’s core and a touch of budding teenage romance, Hearts Forged in Dragon Fire by Erica Hollis is the book for you and why are you still here go buy yourself a copy now*. Now, I’m off to live in the vague hope that Hollis decides to turn this obvious standalone into a procedural series where Lotte gets to travel around with Maryse and solve dragon crimes. Hwyl fawr ❤*This book does have a bit of graphic violence, character and creature death, injury, and parental trauma, so be wary if those things are triggering for you."
Nicole,144,26,3,"December 5, 2023",3-star-reads；fantasy-gays；heckin-dragons,2,"Sigh, this sounded neat but it left me wanting.The GoodTheres a cool evil dragon—awesome. Classic greedy dragon motivations.There’s little non binary dragons which is awesome and unique. Love to see that different creatures think of themselves differently and not necessarily as humans do.Theres queer rep EVERYWHERE. Everyone is queer. Love it. Skylar is an awesome character and I very much enjoyed their wit and courage and general everything.But…despite this, I don’t know. It fell a little flat. The Not as GoodIt felt fairly predictable at parts—which isn’t always a bad thing…only when it feels like I immediately know where the plot is going. The relationship with our two FMCs felt, not forced persay , but in the beginning she thought the other girl hated her…but then the next scene they had they were basically buddies who were secretly pining. Felt out of nowhere. Dropped the ILY at the end after only, what a month or knowing each other? Nah. Too insta lovey for me.This isn’t to say it was a bad book—just mid."
Ashlyn,1188,49,3,"June 10, 2023",,,"Get ready for a spoiler free rant because I have strong feelings about this book. So let me start off with that I was convinced I was going to give this book 2 stars the first 65% of the book. It was so slow and dragged on so much. However, the pacing in the last part really picked up, which made me bump it up to three stars.This book is VERY dialogue heavy. For a fantasy novel, I was hoping for less dialogue and more world-building, but I did not get that at all. There was pretty much no descriptions of what anything looked like, what the main character's feels and emotions were, and nothing about how the world really worked except for like three pages. On top of it being dialogue heavy, which isn't always a bad thing, the dialogue was just poor. I didn't get any emotions from it whatsoever, and I felt like the conversations, especially the ones where they were talking about their feelings, was very superficial. It was clear that this is a debut novel, and not in a good way.Something else that bothered me was that I didn't realize one of the characters was a they until the end of the book. I thought they were a he for the majority of it and then finally at the end found out that they were a they. And I'm not saying that I didn't want them to be a they or anything like that. It's more of the fact that I wish I was told in the beginning of the story when I met the character. But no, I pretty much went the entire book not knowing an important thing about them. Maybe it was just me and I missed it?? But I would think I would have caught onto that fact sooner if it was brought up, especially since the character was in the book a lot. Unless the author changed this about them part way through the book and it needs to be edited still. That could be the case, but as of my eARC, this is seriously concerning that I didn't know this until the end. Let's also not forget that the main plot twist in the book was slightly predictable. I pretty much gathered what was going on before it was revealed, and that was a little disappointing to me. I wish their was going to be a bigger WOW factor in this one, but guessing what I guessed, it just wasn't surprising when I got to it. And this is just a personal preference, but I was hoping more for the dragons not to be the ""bad guys"" in this story. I was hoping for a book that the people were working alongside the dragons. This being said, I don't read what the book is about before I dive in to give me an element of surprise, so I'm sure this was mentioned in the blurb. Again, probably just a me thing, so don't take this as a means to not read the book.Now that's not to say that the book was terrible and you shouldn't read it. This book might be for you. You might love a dialogue heavy fantasy world with a F/F relationship. As I mentioned, the pacing did pick up a lot at the end, making me enjoy the ending (even though I was rolling my eyes at everything everyone said), so that was a plus for me. However, I overall wished this one had a little more world building and the dialogue/descriptions that gave me more emotions."
DB (DB's Guide to the Galaxy),300,64,2,"September 5, 2023",2023-releases；cover-love；dragons,1,"When I started this I thought I would love it. Everything about this (the cover/synopsis) should’ve given me all the reason to love it and devour it in one or two sittings. Except it took me days to finally finish the book and I didn’t have a good time throughout. Since I juggle multiple reads, if I’m not super interested in a book, I tend to take longer to read it. However, this is under 300 pages, so I should’ve read this in like 2 sittings.I only cared for two (supporting) characters. If the book would’ve followed them instead of Lotte and Maryse, I would’ve (maybe) rated it higher. I found them both to be annoying and boring. Even when they were in danger or got hurt – I wasn’t interested in it. The book is very dialogue-heavy – which I’m not bothered by in the slightest because I love dialogue – but since I didn’t care for most of the characters – I was less interested in that.I saw the plot twist coming a mile away and I was annoyed because of how it all led up to it and then everything afterwards. I think one of the biggest issues I had was the pacing and the plot twists. It was so incredible slow – and remember, it’s under 300 pages. It should’ve flown by. But it didn’t. A plot twist would happen and I’d look at the percentage and think “really? At this %?” like why are you putting a big plot twist at like 60% in the book?I really wanted to like the book and I did really like the whole Dragon Tongue thing and I was interested in that. It was just everything else that wasn’t working for me."
Domo,142,16,5,"September 23, 2023",,1,"I absolutely loved this and couldn't put it down. The characters were amazing the plot was perfect. Uhhh I can't wait till this is out in the world so I have someone to talk to!!Merged review:Sure cute queer romance with elements of magic and mystery. Full of twists, turns, lies, and found family."
Tralyn,139,8,4,"June 26, 2023",,,"I was invited to read Hearts Forged in Dragon Fire by Erica Hollis. Thank you to Entangled Teen for inviting me and for the gifted e-arc. I thoroughly enjoyed this book!Lotte has a rare ability. She’s a dragontongue and can communicate with dragons. She uses her ability to be a kind of liaison between the dragons and humans, hopefully keeping a peaceful existence between the two. Her latest job, however, proves to be unlike any other she’s had, and it’s much more dangerous.Talk about dysfunctional families. This book has a couple of the most difficult I’ve seen lately. There’s jealousy, parents not really wanting to be parents, secrets that change the lives of everyone around them, and very strained relationships. But, there is also love, loyalty, and strong bonds.There is a dragon that is basically holding an entire town hostage, bleeding the townspeople dry of all their wealth It has a cruel temper and a secret that no one will believe. There are so many life lessons in this part of the story. Like how being greedy, power-hungry, and completely self-obsessed affects the world around you and how all those things will eventually consume you.Maryse agrees to help Lotte when they find out that the dragon is holding Lotte’s estranged mother prisoner in the castle. Their new friendship starts to become something more. But when secrets are revealed, you wonder if anyone is going to get a happily-ever-after.When the story goes where you know it’s heading, even though it’s the only way this could go, it’s heartbreaking. I love the ending, though, because it leaves a bright new beginning in its wake.The characters are well-written. The LGBTQ+ relationships are a natural part of the story (as they should be) and not just thrown in because it’s popular. You will love Lotte and Maryse’s journey, both their individual journeys and their journey together. And, there are characters that you will hate. I like the old world aspect to the fantasy as well. The world the author created feels like someplace we should be able to find on a map somewhere.Hearts Forged in Dragon Fire is just a really good story. I highly recommend it to fans of YA fantasy, LGBTQ+ fantasy romance, found family, family drama, high fantasy, sapphic romance, and dragons."
Laura Bowie,345,,5,"April 10, 2023",,1,"I voluntarily read and reviewed an advanced copy of this book. All thoughts and opinions are my own.I am all about the Dragons and I love that this has a little bit of everything. Two lesbian teens falling for each other, family drama, morally grey characters and just so much more. Pre order this now if you can you won’t regret it."
Steph,116,,5,"October 7, 2023",,1,"Thank you to Entangled Publishing, LLC, Entangled: Teen, and NetGalley!CWs: Parental abandonment, parental abuse, eye gore, maiming, familial murderingI enjoyed the newer spin on dragons; while I know that there are surely other books where dragons eat gold, this is the first one I recall reading. Lotte is a dragonspeaker, able to speak dragontongue as easily as her own native language, a rare gift that comes in handy for her living. Though sixteen and reading somewhat older, the tone of the book is still accessible and fast-paced enough for teens to enjoy. There’s enough character to make the world feel more filled out— magical items are rare because they fade with time, no one knows the king of the land personally, other villages don’t much seem interested, the different types of dragons, and familial stories can just be…. well, stories.I enjoyed the slow build of a relationship between Lotte and Maryse, though I was waiting for Lotte to slowly notice the novel’s twist. I also cared about the other characters: Scyler (nonbinary!), Danil, Juna, Vikker, and Anneke, who felt fleshed-out in their own right.I will definitely be recommending this for an easy read!"
J,17,1249,5,"March 3, 2023",2023-release；c-dragons；cx,1,"I love this book so much.Talking dragons, complex family relationships, and two chaotic lesbian teens falling for each other is everything I want in a Fantasy! Erica has the special gift to make worlds feel so lively and fleshed out. The fantasy bureaucracy is so entertaining and the supporting cast is a delight. This book has the range to make you cower in fear, swoon, and occasionally also stare at the wall and wonder what on earth you just read [complimentary]. If you like your YA Fantasy-heavy, your stories a little more small scale than the end of the world, your characters morally grey, and your girls very very gay and crushing hard, this is the one. This book also contains one of the most moving and relatable passages on disability I have ever read and I cannot wait for other people to see this. Throw it a preorder if you can, it is so worth it."
Katherine Bichler,,172,4,"June 1, 2023",arcs-from-publishers；fantasy,,"⭐️⭐️⭐️⭐️4/5 STARSThis is a YA fantasy with a sapphic romance. ✅Things to expect:F/F romanceLGBTQI representation DragonsMagical artifactsHumans talking to dragonsAdventure Found family  Synopsis:  In a world where dragons exist, Lotte, a dragontongue, is hired to help rid a town of a monstrous dragon terrorizing the citizens.  This was a fun standalone YA fantasy about dragons. I enjoyed the world building and adventure. There is a sweet sapphic romance subplot. The twist was predictable with a lot of foreshadowing, but well done. My favorite part was Lottie’s ability to talk to dragons. I wish there was more plot about that with other dragons as it was really interesting and fun. For a debut novel, this was great and I will read more from this author in the future! Thank you Entangled Teen for the ARC! 🐉"
Zoë,463,8,5,"June 23, 2023",,1,"Hearts Forged in Dragon Fire is an entertaining read. The story read slower and the story pacing was steady. There were some twists and betrayals. The romance was slow building, and developed realisticly. There was great character relationship development. There is a great cast of diverse characters. There are characters to root for and characters to dislike. I felt the ending was both bittersweet and satisfying. Overall, Heart Forged in Dragon Fire was very well written. I would recommend Hearts Forged in Dragon Fire to readers who enjoy YA Romance and YA Urban Fantasy featuring Dragons, and to readers who enjoy a steadier plot pacing."
Lauren,13,2,5,"July 7, 2023",dragons；ea；easy-read,,"I loved this cozy fantasy! If you love dragons, warm taverns, quirky characters, and found family, here’s your new read! The main character has the rare ability to speak to dragons (called a dragontongue), and sets out to help a town being ravaged by one. Lotte meets a variety of interesting characters along the way on her journey to help the town with their dragon problem, and even finds some romance for the first time ever! The dragons are super quirky, they eat precious metals and have varying personality traits. This is a great inclusive YA novel! I read it in 2 days, so if you’re looking for a nice easy fantasy read that’s fast paced, look no further!"
Tia,207,5,5,"May 30, 2023",arcs；entangled-reads；owned,,Pub Date: 06/26/23CW: (none noticeable to me)DRAGONS!!!! Omg thank you Entangled for sending me this arc I absolutely loved this one. I read the first chapter and I knew I was done for. THIS BOOK THIS FUCKIN BOOK. SOOOOOO GOOD. THE CHARACTERS THE PLOT THE RELATIONSHIPS THE CONCEPT THIS WAS PERFECTION. Like literally the first page HOOKEd me and DIDNT LET GO. It’s been a hot minute since that’s happened. I am so honored to have been able to read an eARC of this book cause you already bet imma get a copy on its birthday.
Katie Cole,17,2,5,"June 30, 2023",,,Officially in my dragon era! This book was a breath of fresh air. The characters and relationships were perfect and the the creativity of this story was magnificent. Erica Hollis drags you in and keeps your attention going with the band of characters. You connect to all of them and I'd love to continue reading them in the future. Note to all - not a spicy book but definitely some longing. It was a great blend of both.
Jenna Deaton,327,6,5,"October 7, 2023",,1,I loved literally everything about this title. Hearts Forged in Dragon Fire is a fairly fast paced fantasy story with the terrifying majesty of dragons paired well to the strength of human adaptability. While marketed to me as a Young Adult story I do believe this book works well for general audiences and will be trying to get some physical copies pulled in at my book store. ***The sapphic story elements were a nice surprise as well**
Lupe Gonzales,16,,5,"June 26, 2023",,,"I voluntarily read and reviewed an advanced copy of this book. All thoughts and opinions are my own The characters were amazing the plot was perfect. It was a fun adventure filled with dragons and and a little bit of romance. I really enjoy books that are filled with fantasy, and adventure. I give this book 5 ⭐️ Thanks again for the ARC"
Tiffany,116,10,5,"June 29, 2023",,1,"Hearts Forged in Dragon Fire by Erica Hollis This is one of the most enjoyable books I read in awhile. It's imaginative and amazing, great book! Love Love!I just reviewed Hearts Forged in Dragon Fire by Erica Hollis. #HeartsForgedinDragonFire #NetGalley[]"
caroline,18,,3,"January 2, 2024",,,"I’ve been holding out on how to review this one because (idk) I’m not too sure how I feel about Hearts Forged in Dragon Fire.First off, the LGBTQ+ rep! Generally, whenever I encounter LGBTQ+ in books, it often lacks actual chemistry between the partners and/or forced. I was genuinely surprised at how smoothly it was integrated. The chemistry and ups-downs between Lotte and Maryse were, to say the least, intriguing.A bit TMI here, but I don’t read much LGBTQ+ rep books so I obviously don’t have much material to compare Hearts Forged in Dragon Fire with in that aspect.Back on topic, as the book is meant to be YA (I haven’t seen low-on-romance-high-on-adventure-YA in ages!), I liked how Lotte really had to work up her relationship with Maryse, and that it wasn’t part of 80% of the plot like most YA books I encounter are built. Teeny-tiny little pain for me was that it felt a bit rushed in the end.Second off, I ended up figuring out where the plot was headed about 30% through the book and it somewhat felt like a chore to push through the story. But! I still enjoyed following Lotte’s journey and how her crew walked their way through their quest.And lastly, let’s not forget about the world building! The information wasn’t dumped on us like a bucket of ice at the beginning (woohoo!) and we slowly learn about their world through interactions and subtle descriptions throughout the story. What really kept me sucked into the world of Hearts Forged in Dragon Fire was the author’s different approach and concept surrounding the dragons. They’re now gold eating lizards and (like most languages of our world) use certain words differently (like the use of “we” instead of “I”).All things considered, I still give this book 3-stars because, even through all the good stuff, the main intrigue being spilled 30% through the story has made reading this quite a chore, and to put this simply, I’m here for the dragons (I would’ve loved more dragon interactions!) and the mystery more than anything.Thanks to NetGalley and the publisher for the ARC! All opinions are my own"
Ra! 	ʕ •̀ ω •́ ʔ,301,166,3,"July 10, 2023",arcs；fantasy-paranormal；lgbtq,,"I adore all things sapphic and dragon so I was so excited to read this book! Lotte is an decent lead. I found the concept of a dragon-tongue to be very interesting as well as her complex relationship with her mother. I liked how Lotte and Maryse's relationship developed. They both were adultified at a young age and had their own complex family issues. They understood and cared for each other and slowly let their guards down. I loved that these dragons lived off of gold. Most modern dragon books don't feature their connection to gold hoards so I really appreciated it. I liked the concept of different species of dragons and their subtle differences. The plot itself was fun once the twist and subsequent secrets were revealed. It didn't know how it was going to be resolved which was fun.Though Lottie is a teenager, often wished she had more strength to her character. I wanted to like Maryse individually more than I actually did. I understand her and where she was coming from and the motivation behind some of her actions but ultimately it was all her own selfishness. I think overall this book lacked emotional depth and making me truly care and feel attached to these characters and therefore the biggest emotional parts of this book felt surface level. I just found some of their reasoning and through processes were a bit naive and silly. Like yes, killing is bad but does that mean a dragon gets to harm anyone it wants and hold a whole city hostage? The book does try to discuss this internal struggle but doesn't do it too well. I also guessed the mystery around Ker'kachin super early on so when it was revealed it had no impact. Ebook — NetgalleyI give this book a"
Paula Lopes,170,5,4,"June 26, 2023",,,"In a world with dying magic and dragons, a city is held hostage to a thief dragon, set on tormenting every coin out of them.A teenager gifted with understanding Dragontongue is hired to mediate the conflict. While manoeuvring the large city, the City Guard and possible young love, she finds the family she never really had before.But will she be able to find a peaceful way to end the torment and help everyone at the same time, preventing any more loss of life? In this beautifully built world, Lotte is one of the few Dragontongues, and even in her young age, she carries a lot of responsibility. Dealing with dragons is not easy and this time, it’s harder than usual.The adventure of a lifetime turns dangerous and even deadly while Lotte tries to mediate with a thief of a dragon, while dealing with an array of emotions that would hinder any adult. From teen sapphic love to a line up of terrible parents, new friendships and old trauma. This story has it all, while fantasy and dragons go hand in hand with the emotional drama of crappy family and new family, of lies and betrayals, and gory dragon chow. The pace is slow but steady, giving us time to fall inlove with many characters and absolutely despise others. The “twist” is foreshadowed and not much of a surprise, but it does hinder the story, in fact, it gives the reader time to understand what surrounds it and explain actions and emotions. This story was a ride, sometimes thrilling, sometimes scary, sometimes sad, but in the end it all falls together. And I’ll be sitting pretty awaiting a Scyler novella or even just a bonus chapters because they won my heart from the very start and i want so much more!I am thankful to Entangled and NetGalley for the ARC provided and the hours of fun. This review is my own, my thought and emotions, thankfully with no dragon injuries!"
gwendalyn _books_,1015,45,4,"May 15, 2023",,,"Hearts Forged in Dragon Fireby Erica HollisPub Date: 26 Jun 2023For fans of Abigail Owen and Samantha Shannon comes a breathtaking, energetic novel where the only way to defeat a dragon is to outsmart it…Most dragontongues don’t live long enough to learn from their mistakes. Lotte Meer is luckier than most, surviving long enough to communicate with the fierce, sullen, and temperamental dragons who are not above enjoying a human as a light snack. And she has the scars to prove it.Now a massive, foul-tempered dragon has taken over the town of Morwassen's Pass, taking the citizens hostage. As long as they bring him their gold and treasure, he won’t reduce their city to a smoking heap of ash and death. Only, the treasure is running out and Lotte—with the help of sharp-tongued, unbelievably cute Maryse Basvaan—is their last and only hope.But this dragon is more cunning—and more cruel—than any other. Not only is he holding Lotte’s estranged mom captive, but he has a taste for betrayal…and somehow he’s stricken some kind of secret deal with the girl who’s already gone and stolen Lotte’s heart.Lotte won’t fail. She can’t."
Katy,244,14,4,"June 11, 2023",,,"I came for the sapphic aspect coupled with dragons - I stayed for the well-written characters and the unexpected mystery/thriller aspect. Kudos to the author for this queer fantasy/romance that blurs lines between multiple genres. While a piece of the “mystery” aspect was pretty obvious, that didn’t detract from the story for me as it was just so interesting and done so well. I feel like this one grappled with the concept of how money can corrupt easily and how greed can change someone into a monster capable of horrendous acts. This one also deals with some tougher topics like trauma and parental abandonment/neglect. There were also some scenes that were a bit brutal with some gore - that didn’t bother me but I figure I’d be upfront about it here for any potential readers that might be bothered by it. Thank you to NetGalley and Entangled for the opportunity to read the e-arc. All opinions are my own."
Vi,419,,2,"September 21, 2023",,,After Fourth Wing I was in a funk and needed more dragon books. I went into this blind and it was a decent read though on the slow pace side as there was a lot of information and fluff. I loved the dragontongue and skill to talking to dragons. I enjoyed the little scene with the baby dragons and couldn’t wait for more but it dragged till the end.The plot twist with dragon transformation was interesting but execution could have been better. I unfortunately did not gravitate towards any character. Bantering was barely there. Quite a dry read. This story also has a sapphic flare to it but after reading Samantha Shannon work with Priory of the Orange tree it did not feel as natural and quite forced down that I did not care for. Overall it was a good attempt. Thank you Entangled Teen for this ARC for an honest review. I wish I loved it more but I’m sure someone will enjoy this
Elana,,112,3,"February 29, 2024",,1,"2.5 stars rounded up, because the dragons were unique...not that we got very much of them. I liked the interactions with the miniature dragons, and I liked Ker'Kachin I think my biggest gripe was the fact that around the 50% mark, every character began making the most unbelievably dumb decisions. This frustratingly poor decision-making continued right up until the end. I also felt like every time healthy boundaries were almost set for Lotte , the writing then made it seem like setting those boundaries was the wrong choice.Overall, this was a disappointing and frustrating read."
Grace,684,7,4,"August 3, 2023",2023；e-book；lgbt,,"3.5going to start off by addressing the elephant in the room that is the enemies to lovers label on the website for the tropes in this book?? enemies to lovers??? one of these girls is a bit grumpy at the beginning at best and that’s about it, we’re not talking enemies. now that that’s out of the way, this book was a fun little read and i really did enjoy both of the main girls in this book. also i’m giving myself bonus points because i guessed the big plot twist of this book quite early on which never normally happens so i’m impressed with myself. but yeah, this is a fun little read with sapphic and dragons, so if you’re looking for a fun YA fantasy to kill a few hours this is a good choice."
CR,3438,33,3,"December 4, 2023",,,For a book called Hearts Forged in DRAGON Fire this really didn't have as many dragons as I was hoping for. People have told me that this is what to read next after Fourth Wing and Iron Flame and well after reading this I kind of want to slap them upside the head and ask them WTF this is NOTHING like those two books. This story lacked world building and real character development but the romance was petty good. I liked the LGBTQ elements of the story. But overall it lacked direction and execution. I think this is going to be one of those stories that you either love it or hate it. If we get anymore books set in this world I do not think I would pick it up. And I am not sure if I will try anymore books by this author.
Stephanie Morris,24,7,3,"June 14, 2023",,,"I loved the way that the main character could speak to dragons and I would’ve loved even more interactions like that throughout the story. I also loved the LGBTQ representation in these characters!On the flip side, I was so close to DNFing this book. I figured out the “twist” at 25% and then everything dragged and dragged while I waited for it to be revealed. It felt like we were dancing around the plot with little hints throughout when it felt so obvious to me. Eventually, I just wanted to skip to the end which is never good. Overall, this is an enjoyable read and does paint a fun fantasy setting with plenty of dragons (who doesn’t love that?)!"
Charlotte,350,19,3,"July 24, 2023",,,"Dragons and a YA sapphic fantasy? It's a match that is meant to be! This was a read that dove into some deep parental relationship themes that could very easily be relatable for a large portion of the YA crowd. A great read that led us through some mystery and complex themes of relationships within families, at times I wished this story was aimed more in the NA or adult audience because I craved the deeper connections and some more mature dissections of the themes that are present throughout. Overall, it keeps the attention and holds a fabulous cast of characters."
Barbara Dougherty Evans,650,35,4,"August 24, 2023",,,"Thank you to Entangled Teen & Netgalley granting me a copy in exchange for an honest review. All opinions are my own.Really enjoyed the story. Felt the characters could haveve been a bit more developed. I did enjoy Maryse and Lotte, but would have enjoyed more if their story.A bit more mystery in the plot would have been nice. Felt to much was revealed to soon. It was a fun book to read. The book cover is beautiful and who doesn't live dragons?Overall recommend"
Emma,64,4,4,"May 18, 2023",,,"Thank you netgalley and the publishers for letting me read this book. I really enjoyed this book, it took me a little while to get into but once I was there it was a great read. The characters got a little getting use to put I got them in the end, over all this a great book and I would recommend it to fantasy fans. 4 stars."
Katie Dossett,2,1,4,"June 12, 2023",,,"I really enjoyed this book from start to end. This book started off pretty easy. Definitely YA. Very clear and easy to follow. Very predictable for the most part, but there were times I had no idea where the story was going. I loved the way the dragons were depicted and the thought of seeing miniature dragons around town made me happy. It did have some very dark parts and topics."
Lindy Dierks,400,4,4,"July 7, 2023",,,"I wasn’t sure if I would like this story or not. YA and FF aren’t my usual type of ready. I was very pleasantly surprised. I requested for the dragons, and I wasn’t disappointed. This book was well written with a very fun unique plot. The characters were well developed. Overall, a very enjoyable read. Huge thanks to Entangled publishing and Netgalley for allowing to read and review this book."
Bookish Heidi,1350,22,4,"January 8, 2024",,,"I enjoyed the storyline of this one, but it read really, really YA. The dragon-tongue and communicating with dragons was awesome and with a bit more fleshing out, this could have been a really great read. Giving it grace since it's a debut. Loved the Sapphic romance aspect as well."
Shannon Dunaway,123,,4,"May 23, 2023",,,"Thanks to NetGalley for an ARC of this book. This book was a fun adventure filled with dragons and romance. This book is great if you enjoy books filled with fantasy, romance, and adventure."
Samantha,504,44,3,"August 17, 2023",,,"*I voluntarily read and reviewed an advanced copy of this book. All thoughts and opinions are my own.*A cute and fun YA romp with stakes much higher than they seem. Lotte is a dragontongue, one of those few individuals *lucky* enough to be able to communicate with the dragons that roam her country. She’s hired to negotiate with one particularly tricky dragon currently holding the biggest city in the land for ransom, demanding a tithe from its population that grows exponentially each week, so much so that people are starving just to avoid making the dragon angry. What Lotte encounters is a dragon like no other, hoarding more wealth than you could possibly imagine, refusing to bend an inch. There’s definitely more than meets the eye to the situation and it’s Lotte’s responsibility to figure it out.This was a quick, engaging read! There was a lot less action and dragons than the synopsis led me to believe, and instead a great deal more focus on family dynamics, political moves, and the gush of first love; neither a bad thing, just certainly subverting expectations based on what was advertised. The overall vibe was youth youth youth, so I’d initially recommend it for a younger YA crowd – except for certain scenes that contained such descriptive gore I found myself (a twenty-something) cringing at the violently graphic pictures they created. The romance was lovely and sweet, if underdeveloped and initiated by a case of insta-attraction. I didn’t quite care but I didn’t not care either. This is a very talky book. People talk a lot a lot a lot, far more than they need to at times. But the twists were surprising and I found myself wanting to know how everything would figure itself out, so this was a 2.5/3 star read for me. I liked it, but it could have gone further, too.Content warning: graphic depictions of death and injury, gore.*Special thanks to the publisher and NetGalley for providing an e-arc in exchange for a fair and honest review!*"
ReadKnitHoard,2903,49,,"January 6, 2024",,,SPTB #596
Adina Cooper,10,3,5,"October 17, 2023",,1,"Hearts Forged in Dragon Fire is a well-written and exciting young adult fantasy novel. Hollis does a masterful job of creating a believable and immersive world, and her characters are complex and relatable."
Rachel,177,6,4,"June 9, 2023",,,"Hearts Forged in Dragon Fire by Erica Hollis⭐⭐⭐.5/5🌶️/4*Thank you to NetGalley and Entangled Publishing for providing me with a copy of this book! Release date is June 26, 2023!*Lotte Meer is a Dragontongue, a special and rare individual who can speak to dragons. Even though she's only 16 years old, she's being called upon to try and save a city full of hundred of thousands of people. A large dragon has taken up residence in an old abandoned castle. He forces the town to pay a weekly tithe and has tasked them with finding a magical object or else he'll burn down the town. Lotte's job is to try and negotiate peace with the dragon, but this dragon isn't like any other she's met before. Where did this mysterious dragon come from, and what secrets is he hiding?Simply put, enjoyed it, but I didn't feel that all consuming need to read it. It's a YA book, and I could definitely tell that, yet at the same time there were passages that seemed too graphic for me. Some of the violent acts were described in a way that made me feel a little nauseous. They also dropped quite a few ""F-words,"" which doesn't bother me, but also seemed excessive for a book targeted at YA. On the flip side, the romance was too juvenile. It was a lesbian love story, which I don't have much experience reading, but it just seemed sooo innocent, and not necessarily in a good way. I loved the relationship the two built together, but it didn't really ever seem to work up to romance, they just felt like really good friends. Speaking of friends, I loved the characters of Skylar (nonbinary) and Danil. They helped make the story enjoyable, although they felt designed older than that actually were (19ish). Like, they referred to lot as ""kid"" in multiple scenarios. I'm 30, and I don't go around calling teenagers ""kid"". That's minor though. Overall, I really loved the take on dragons and the story itself was interesting enough! I predicted the twists all ahead of time, but I still liked it. It had a happy ending and I'm not sure the author's plan, but it seems like it can be read as a standalone. If you're a huge dragon fan, I'd recommend this, but if you're looking for a great fantasy romance, I'd probably give this a pass."
Jenna,32,,5,"April 18, 2023",enthralling；fantasy；fast-paced,,"Best YA Sapphic Romance Fantasy I've Ever Read!... Actually, Best Fantasy I've Ever Read!!**I voluntarily read and reviewed an advanced copy of this book. All thoughts and opinions are my own**I was really excited when I was approved to read this book in advance on Net Galley. I inhaled the entire story in one day and could not put it down. I really didn't even want to stop to eat. The world-building in this young adult fantasy novel pulled me in from the beginning. We're in a land where dragons exist and only a few humans can speak their language. Dragons need gold, silver and jewels to eat, and in this land that has mostly worked out, though the dragons are thinning out as the humans expand. There's a great line early on in the book that laments that fact that humans use for money the same things that dragons need to eat. But most dragons only need to eat once a year, and if you leave their hoard alone they mostly leave you alone.Lotte Meer may only be sixteen, but she's one of the few Dragontongue's left. A natural born talent, she's been honing it to feed herself and her nana since she was sixteen. Lotte's one of those characters that pulls you in right away. She's got a healthy respect for dragons, is a protector by nature, has some parent issues and has a fun, slightly sarcastic first person voice that carries the whole book from quiet to more suspenseful moments. When Lotte's enlisted to leave her country home for a job in a nearby city she's convinced she can reason with the dragon terrorizing the people. But this dragon doesn't behave like other dragons. He's huge, vicious and holding the whole city captive--draining their wealth, destroying other dragons and taking human lives. All while demanding a magical object. Lotte tries to reason with him, while falling in love with the cunning near-criminal Maryse. Lotte's discoveries about her own background and family, paired with her new love interest's vindictive brother and the looming threat of the dragon make this compelling story one part fantasy, one part sapphic romance, one part coming of age and one part thriller. The combination is enthralling."
Nicholas (was Allison),390,22,4,"September 3, 2023",got-from-the-library；lgbt-and-similar,,"Notes: This book is a classic fantasy story with dragons and it’s also an f/f romance, so I really liked it. I also enjoyed that this book includes a separate dragon language (Dragontongue) and stuff about dragons in it that most books don’t have. The writing style is very descriptive, so I could tell what was always happening in this. I rather enjoyed reading this story because of the fantasy elements in it, so it was simple for me to understand. However, this book would probably be on the older side of young adult novels. I’m adding  for family abandonment, family issues, emotional neglect, and violence. This book contains dark content, and I would advise anyone going in to be prepared for that. One of my favorite characters in this book is Maryse, because of how strong she is. She is a survivor, which is very obvious in the way her character is written. You have to be brave enough to talk to dragons in this book, and that’s what her job in this story is. This book revolves around a lot of conflicts in the plot, and she excels in getting through them. The romance is a slow burn, though it’s an extremely heavy one. Lotte is a lesbian, and I felt like how that was handled in the story (given it’s not modern-day) was accurate. The relationship is very pleasant, so that was entertaining to read about. Lotte is a good narrator, as this book is written solely from her point of view. She is fierce and an excellent communicator. She is also extremely smart and knows multiple languages. I thought that reading her story was rather pleasant, and I would recommend it to anyone who’s looking for more of a darker fantasy book."
gabriela gutierrez,78,5,2,"September 18, 2023",,,2.5
Kaylee Dolat,,12,4,"May 29, 2023",,,"This book is an ARC provided by NetGalley in exchange for my honest review.SPOILERS AHEADWith a title like this it has to be awesome and involve some dragons, right?Lotte is a young woman that has been gifted with the DragonTongue. That's right. She has the ability to speak and understand dragons. It's a pretty important gift to help mediate issues that pop up between humans and the dragons that still roam this fantasy world. Even though Lotte can speak with dragons, she comes from a broken home. Her father died at a young age and her mother completely lost it when he did. She effectively abandoned her daughter with her own mother and ran away. So when an opportunity arrives to make a lot of money with her role as a DragonTongue, Lotte takes it. She travels to a big city in the hopes of calming down an angry dragon that has taken it hostage. This book had a wide variety of everything in it. It had magical artifacts, a young girl's ambitions of being better, an angry family reunion, and a lesbian romance. It was slightly predictable with her lover's father being the dragon in the end. Also with the personality and gold lust of a dragon taking root in a human host.What I enjoyed the most were the littler interactions that Lotte had with the dragons. I preferred reading about her interacting with the smaller house dragons and such than I did her more notable interactions with the one holding the city hostage. Overall, I enjoyed the storytelling and world building and it left me wanting to see a little more than the rushed resolution."
Becca,117,4,4,"June 5, 2023",,,"Hearts Forged in Dragon Fire is a sapphic YA fantasy novel by Erica Hollis which follows the adventures of dragontongue, Lotte Meer. When a dangerous dragon takes the town of Morwassen's Pass hostage Lotte is the only one who stands a chance of talking him down. The task isn't easy when the dragon could gobble her up in one bite at the slightest misstep. Lotte will have to use all her wit and courage if she wants to stop this dragon or let it kill everyone she's come to care about. I was very excited at the premise of this novel! I don't know what it is lately with dragon-centered novels in the limelight again but I love it! And adding a sapphic romance onto that is just icing on the cake! I did really enjoy this novel. I thought the descriptions of the setting were described very well and I could practically picture myself there with Lotte and crew! The world felt very vibrant like I was stepping into a colorful anime or something. The sapphic romance was very cute to read about, Lotte and her love interest pining away at each other for a lot of the book. I do have to admit that I guessed the big twist halfway through. I'm not sure if it was predictable or if I'm just a good guesser! But it was still interesting to read about the characters figuring out the twist on their own. All in all, I think everyone who's looking for a good dragon-filled sapphic book should definitely check out Hearts Forged in Dragon Fire! Thank you to Entangled Teen for an eARC copy of this novel. All thoughts and opinions contained within this review are my own."
Nat_json,135,5,,"June 10, 2023",arc；netgalley,,"Since I choose to DFN this book, I will not be giving it a star rating as I didn’t fully read this book. I will say that I love the premise, I love the sapphic relationship and one of our main side characters uses they them pronouns, which I love seeing the representation. But when you first get into the story, you can kind of get thrown in to where they’re already on the road, and then you get to find out more about our characters, which is a premise that I just never loved. Basically, our main character is a dragon tongue which means that she can talk to dragons and just has this innately born power within her. In a couple cities over there’s a dragon who is taking over the capital and is making everyone pay a tile in gold, which is what dragons eat in this world. So the city finds this girl and brings her in to try to have a peace treaty with this dragon so basically, the only way for this dragon to leave is for him to get some sort of magical artifact. And that’s honestly where I stopped reading because I could see where the story was going and honestly I didn’t love the authors writing style. As I’ve been trying to DNF books quicker and I got about 10% into this book when I chose to DNF it. I just wasn’t excited to keep reading about these characters and to go on that adventure with them. I definitely think that a lot of people will really love and enjoy this book, but it just wasn’t for me."
Chelsea,48,,4,"June 3, 2023",,,"Hearts Forged in Dragon Fire by Erica Hollis⭐️⭐️⭐️⭐️/5Lotte is one of the last dragontongues in existence. When a stubborn dragon takes up residence in a city making demands, she’s the only one who can talk to it. This dragon is unlike any other she’s met. Upon arriving, Lotte finds so much in this city. Including family secrets, her hardest task yet, and a girl who Lotte can’t help but fall for.Thank you so much to Entangled Publishing for giving me an ARC copy of this book!This book is a sapphic YA romantasy with a slowburn romance. The world building is high fantasy. We’re seeing the world through our 16 year old main character’s eyes.Dragons have been in recently! I’ve been on a dragon kick since Fourth Wing came out. When I saw this one, I had to read it. I think being a dragontongue is so cool! I love this idea so much and I wish I could talk to dragons!I’m the kind of person to theorize when reading & I caught on to the plot twist. If you’re the kind of person who doesn’t like being able to predict the plot this may not be for you.Overall, I loved this book & I’m happy for it to be my first June read! This book comes out June 26, 2023. Thank you again Entangled for this ARC copy!"
TC Rittenhouse,524,7,4,"November 16, 2023",2023-books；advanced-reader；lgbtqia,,"Thank you to NetGalley and Entangled Teen for the free eARC. This is my honest opinion.I loved the premise of this book and the characters were interesting, the fact that Lotte is a dragon speaker is lovely. I loved the different dragons that Lotte came across. The mystery and dealing with the dragon that has taken the city hostage at times seemed to be a little ham-fisted, but there were still twists and turns that I enjoyed working out. I loved the representation of the differing sexualities and gender identities in the book and the fact that the society was open and accepting of it. This is a very young adult book, with no discussions about anything more than kissing, making this great for younger teens. And romance is kind of a side plot line, not one of the main ones. There is a lot of discussions regarding families - both good, bad, and everything in between, which plays a much larger role in the main plot lines of the story.4 out of 5 stars, recommended for younger teens who want talking dragons."
Lit Shit Podcast,853,6,4,"July 13, 2023",,,This book was good. I'm giving it some grace as it is a debut book. I think that the writing was well done and it kept my attention. The story overall was good but I think we could have cut some out and with a shorter book have been great. I enjoyed Lotte and Maryse as characters and really appreciate the LGTQIA+ representation that wasn't just added to cover a base but was thoughtfully integrated in a more holistic natural sense. Overall I feel like this book just suffered some from an identity crisis of whether it was young or older YA. The characters overall are young with the FMC 16 but they were acting like adults which was just weird to me especially when you have side characters only a couple years older calling them kiddos. Some editing was needed for that. The dragon aspect was well done and I enjoyed that new take and getting to meet the smaller dragons. I would have liked them to be incorporated more in general or in fighting back but that's alright.Staci Mcintyre wrote this review for lit shit.
Ky,9,3,3,"June 24, 2023",2023,,"(Thank you to @netgalley for providing me with an eARC in exchange for a review.)This book was cute, but not a favorite. The premise is that Lotte, a girl who can speak with dragons, is tasked with trying to meditate between a local city and this enormous dragon who has been scaring the city into bringing him money and treasure.My pros:- cute sapphics- background queer and nonbinary rep- interesting take on dragons that I haven't seen before- exploration into family dynamics and toxic relationshipsAll of those things were great. But when it came to execution, I found the book pretty transparent. The main plot twist I predicted from like 20%, in addition to another plot point later in the book. Nothing much happened in the book, either - it was really slow moving, almost like delaying the actual plot so that it would reach novel-length. It was a lot more about character development, which I did enjoy, but books can do both, y'know?"
Elaine - Splashes Into Books,3657,119,3,"June 28, 2023",2023；adventure；dragon,,"A very different fantasy adventure and romanceWhere a dragon is holding a town, not giving it a chance.Instead it is demanding their gold and treasureCan teen dragontongue, Lottie Meer, get its measure?The town have sent to ask for her aid,Agreeing a sum that she will be paid.The dragon is cruel, even other dragons flee,Can she save the town - read the book to see!A cunning, narcissistic, despot dragon, so sly,And Lottie who can't believably tell a lie....With treasure and time running outCan Lottie determine what this is all about?With family dramas and secrets to uncover,The dragon's mission and purpose to discover,Along with F/F romance - if only they dare -And some others who really don't care.With the people's lives at stake, will she lose or win?What an adventure for this teen heroine!For my complementary copy, I say thank you,As I share with you this, my honest review."
Staci McIntyre,513,3,4,"July 13, 2023",,,This book was good. I'm giving it some grace as it is a debut book. I think that the writing was well done and it kept my attention. The story overall was good but I think we could have cut some out and with a shorter book have been great. I enjoyed Lotte and Maryse as characters and really appreciate the LGTQIA+ representation that wasn't just added to cover a base but was thoughtfully integrated in a more holistic natural sense. Overall I feel like this book just suffered some from an identity crisis of whether it was young or older YA. The characters overall are young with the FMC 16 but they were acting like adults which was just weird to me especially when you have side characters only a couple years older calling them kiddos. Some editing was needed for that. The dragon aspect was well done and I enjoyed that new take and getting to meet the smaller dragons. I would have liked them to be incorporated more in general or in fighting back but that's alright.
Mandy Beyers,,72,4,"June 23, 2023",fantasy；netgalley；young-adult,,"This sapphic YA fantasy follows a young Dragontongue named Lotte Meer as she travels from her small town to the big city where a dragon is acting very strangely. As she speaks to the dragon hording the city's wealth and other smaller dragons she speaks to along the way, she finds both a mystery to uncover and another young woman with family issues that she befriends.Lotte and Maryse both struggle with parental abandonment and family issues, which is one of the similarities that pull them towards each other. The unraveling of the strangeness of the dragon's behavior and the raveling of the girls' affections keep pace with each other throughout the story. I enjoyed the side characters as much as the main characters, especially Scy and Anneke. And of course, there are dragons!Thank you to the publisher and Netgalley for my review copy."
Diane McConnell,1431,4,4,"October 22, 2023",netgalley-arc,,Dragons and difficult families!Dragontongue Lotte Meer didn’t like talking with dragons but it was the way she supported her grandmother after her dad died and her mother left for Morwassen's Pass never to heard from again. She had been hired by Morwassen's Pass to find out why the dragon was keeping the town hostage by forcing them to give him tribute and to find a magical item.But nothing is as it seems in Morwassen's Pass unless she gets help from Maryse Basvaan especially when she finds out that the dragon has her estranged mother hostage in the derelict castle. But nothing is as seems in Morwassen's Pass!Hearts Forged in Dragon Fire is light on the romance but heavy on the difficult family relationships.I voluntarily read and reviewed an advanced copy of this book from the author and NetGalley. All thoughts and opinions are my own.
Anna A,10,1,4,"June 26, 2023",,,"Erica Hollis brings us into a realm where magic seems to only exist in rare artifacts and dragons. Lotte Meer, 16, is one of the few and very rare Dragontongue who spreak Draken. Lotte helps as a liason between humankind and dragonkind. But it’s a very dangerous job. When things don’t work, the “Dragontongue usually gets burned alive or torn to shreds”. Lotte gets asked to negotiate between a bad-tempered dragon and the town of Morwassen’s Pass or they’ll suffer a fiery death. Will Lotte be able to mediate this situation or will this town be burned to ashes?I thoroughly enjoyed Hearts Forged in Dragon Fire. Lotte’s and Maryse’s family backstories feel only too familiar. Wish there were less heroes forged through traumas and tragedies. Thank you to Net Gallery and Entangled Publishing for reading the ARC!"
Mycoton32,4854,72,4,"June 29, 2023",,,"En bref, j'ai beaucoup aimé le contexte et les personnages, je voulais avoir les réponses à mes questions et c'est ce que nous apporte le final. Entre temps, on a un soupçon de dragon, de secret, d'histoire de famille et de sentiments qui font que même si on ne s'ennuie pas vraiment, le rythme n'est pas toujours de la partie, du moins pour moi. Je m'attendais à un peu plus de la présence du dragon qui au final ne fait que réclamer toujours plus d'or et un objet que Lotte ne comprend pas... mais tout va finir par s'éclaircir et on peut enfin saisir les tenants et les aboutissants de l'intrigue. Le dénouement est vraiment chouette, un peu violent mais aussi qui nous donne le sourire et on les quitte d'une jolie manière.15/20 -"
Rachel,162,6,4,"May 24, 2023",,,"This is an adventurous story about a young woman who can speak to drangons in their own language. She is hired by a townsguard to try to speak reason to a new dragon who is greedy and threatening their city. With thr crown leaving the little city on their own. She is their only hope at ending this dragons greedy actions. But there is more to this than Lotte is prepared for and with time running out She is running out of options to end this peacefully. With secrets being revealed and her crush on a girl in the city her choices become clouded. The city and the people within are depending on her, but can she accomplish this impossible job or will it be for nothing? Full of twists turns shock and awe moments this book brings a soft burn romance and adventure right to your finger tips."
LeeAnn,1412,2,4,"July 16, 2023",,,"""The most important thing to do before approaching a dragon is to establish yourself as a total non-threat.""Lotte is the kind of hero we all want to be.Smart, but also snarky & sarcastic.Fearless, but also broken.Lucky, but also hardworking.Definitely not a damsel in distress, but also not above being rescued (or doing the rescuing).And up against a dragon that even his own kind despise. With a hidden identity I didn't expect. It's always fun to find a queernorm and dragon-norm world to play in.""No matter how many times you watch it, there's nothing quite like a dragon in flight.""Must be why I keep reading dragon books! 🐲"
KDRBCK,6272,43,4,"May 11, 2023",14-24,,"With Hearts Forged in Dragon Fire and author Erica Hollis brings Entangled Teen a new and fresh face.This is a LGBT PNR read and tells Lotte's story.Lotte Meer is a dragontongue, able to communicate with Dragons. They're dangerous creatrures and she has the scars to prove it. When the citicens of a town hold by a dragon, Lotte is their last hope. Help comes in form of Marys Basvaan. Together they take a stand against the cunning lindworm. A fast paced read, full of unexpected twists and turns, this book had me in suspense from start til the last page."
FS Meurinne,,123,4,"June 10, 2023",2023；arc；dragon,,"Oh my gosh, this book was excellent! It had a unique queer romance that wasn't the sole focus, dragons with a twist, fascinating worldbuilding, complex family dynamics, and more. Erica Hollis nailed it! The dragons were so cool, and the side characters were a delight. Plus, the LGBTQ+ representation was spot-on. I couldn't put it down! If you're into YA Fantasy with morally grey characters and a lot of gayness, this is the book for you. And there's this great passage about disability. I devoured it in one day. Just fantastic!"
Dannie Lynn Fountain,,42,5,"May 13, 2023",,1,"This book was absolutely wonderful! Cautious queer romance (that isn't the central part of the queer characters' identity), a new twist on dragons within the context of fantasy, interesting worldbuilding, complicated family relationships, and more. You would think this was a lot to pack into one book, but Erica Hollis does it flawlessly. 10/10 recommend! Thank you to NetGalley and the publisher for the free advance copy."
Kerry,114,49,4,"June 25, 2023",,,I just can’t get enough of books with dragons.This was a fun sapphic fantasy story that I devoured in 2 days. There’s a lot of twists and turns (somewhat predictable but it was enjoyable regardless)This has many gasp worthy moments and the writing is easy to digest. I found the first 30% a little clunky and didn’t hook me right away but after that it really picked up. Thank you Entangled Teen for the ARC ♥️
Kayceeisbookish,134,,4,"May 16, 2023",,,"A beautiful fantasy with dragons! I loved the dragon speech element to the story. This almost had an air of mystery about it, which kept my interest. I do wish some of the characters felt a little less ""flat"" so that when things happened to them, some more emotion would be invoked from readers. Overall, it was a really enjoyable read, and I would highly recommend it."
Natasha Washabaugh ,26,2,4,"June 6, 2023",,,"For all my sapphic dragon loving babies, this one is for you! This book has a different take on dragons that I actually enjoyed. It’s a cozy read, very engaging and it features two female characters who fall in love. There is some talk about childhood trauma which shapes the characters so check your TW’s."
Rebecca Levin,14,,5,"June 29, 2023",,1,This book was so well written. I totally enjoyed the story. It was different than any of the other fantasy/dragon books I’ve recently been obsessed with and that’s what made it so great. It was definitely a 5 star ⭐️ read for me and one I will definitely read more than once because of how much I enjoyed it.
why.gab.y,5,,5,"July 9, 2023",,,dragons check sapphic check instant 5* (but fr it was vvvvvvv good regardless)
Anslie⭐,57,1,4,"April 14, 2024",,,4⭐
