Reviewer,Review Count,Followers,Rating,Date,Tags,Likes,Content
Laura..devouring books like crumpets,1645,98,4,"January 17, 2023",enemies-to-lovers；paranormal-romance；romance,7,"Im four starring it as i try to avoid reverse Harem.... and there was nothing to let me know it was.Still as always Quinn Blackbirds writing is Moreish as we dive back into the world of Dark and light Fae, this time from a Halfling who grew up in the Fae world....Some characters make an appearance from other books set in this world but it can easily be read as a standalone"
Imara219,320,16,3,"September 3, 2023",,,"Lacking originalityThe story synopsis reveals nothing of the actual story 😑. A murky blurb and plot summary means I don't know the rules to the story I am reading. Is this actually a romance or just a fae short story? Is this a dark romance? Who are the love interests? If I had more info, I would never have wasted time reading it. I decided to read because it's listed as a short story, and I figured quickly I would know what the story was about. It takes until 50% before you learn:🧚‍♀️ the FMC, Skye, is 19. I seriously believed she was on the eve of her 21st birthday based on dialogue in the first chapter. I don't read books with teenage main characters. I already knew I was going to DNF once that nugget dropped. However, it wasn't an immediate DNF. I read the last couple of chapters but still was disappointed by the story notes.🧚‍♀️ the first 51% of the story is building Skye's relationships. We see her strained relationship with her mother, her odd hate/crush relationship with her male cousin (it's unclear if he's the main love interest by this point), her torturous relationship with her brothers and cousins. We learn the lore of the land and catch a silver of deception....is her brother a junkie traitor? Is her mother a sly fox? It all becomes interwoven with the story of this immature child marrying the dark princes and becoming queen....because of course. It wouldn't be a fae story without a teenage FMC.🧚‍♀️ the story is told all through Skye's pov, and it's lacking at times. It makes the focus seem like this is a regular fantasy story about a teenage potential queen. Same ole, same ole. It seemed the tale was going to be about the mistreated halfling ascending. The author's ideas about female vs. male rulers were....something.🧚‍♀️ this is actually an MFM story. You find out closer to 51% mark. Right before I thought it was possibly, MF just had zero idea of who the male love interest was going to be. I was disappointed by this revelation. 😔The story wasn't for me. Skye was written with immature smirks and pouts. I was only going to keep reading as if it was a regular fairytale, but as a main love interest in a romance, she's disappointing and lacks originality. It's an NA fantasy, and I truly wish it was labeled as such. The ending is abrupt, but I'm sure it's to persuade the reader to continue the other books. The pacing of the story was off."
Alicia Newns,11,,2,"January 7, 2024",,,"Don't even know why I bothered. Was way too rushed, even for a Novella. Skye going from hated the princes one second, and having a threeway with them the next. The Spice was good, but thats about it. Wasn't the best written book ive ever read. Suppose it ticked another book off for the goal.The spice was the only thing it had going for it."
The Aqua Pisces,241,6,5,"March 9, 2023",,,This short story was part of an Anthology book series. I love pretty much all of Quinn Blackbird’s Fae World. I wish she would pick up from this point of the Fae World she writes 📝 Highly recommend this short story.
Cindy MacDougall,134,1,5,"April 4, 2023",,,Such great imagination good stories. Her dark Faes are really fascinating. She has a new one coming out this year can’t wait.
