Reviewer,Review Count,Followers,Rating,Date,Tags,Likes,Content
Sarina,,87,5,"January 28, 2024",,10,"Author’s Note: This book is the 2nd of the series set in the Four Cities, a post apocalyptic Utopia where memories are erased in the name of peace. It reads, however, like a standalone as I intend my books in this series to be. You can even read this before RESET, the first book. Each is a story about love—in all its glory, complexity, sweetness, and pain. This one centers around the marriage of two passionate, idealistic people. A lovers-to-enemies-to-? story perhaps.PRESET is the most difficult and intricate story I’ve ever wrestled with, in both character development and plot. I began it in 2019, paused and restarted it many times in between writing two other books (and a few half written ones), and finished editing it in the summer of 2022 during a year of personal loss. But the fact that this book required me to grow and age alongside it doesn’t make me upset. It made me better. I’m beyond grateful you’ve chosen to spend your precious time with Eli and Eleanor, the Planner and the Crone—creators of the Four Cities. I hope I did them justice."
Shannon  Miz,1267,1069,5,"May 30, 2023",2023；read-for-review,3,"4.5*I really enjoyed the author’s first book in this world, Reset. I mean clearly, otherwise I’d not have requested this one, eh? Anyway, this is a prequel if we’re being technical, but it can be read as a standalone. Regardless of HOW you read it, you should read it because it’s pretty great. I enjoyed the story in Reset, but the emotional side of Preset took the whole series to the next level. I was already invested in this world which proposes the thought provoking concept of literally resetting your life. But NOW. Now I am wholly invested in the characters, and I am even MORE invested in the world building since I understand the hugely emotional impetus that lead to it. Bottom Line: I cannot wait for more of this series! The world is so thought provoking, and now I’m all in on the characters too."
Dante Bravo,51,6,5,"May 23, 2023",,2,"What a delightful mindfuck of a book.Thank you to the publishers at Blackstone publishing for a chance to read the ARC in exchange for a review! Honestly, I’m still recovering from some of the revelations of this book. I can’t wait to get my hands on Reset to understand the world of the four cities more in depth. This book hurt so good. Please go read it; if you have no idea what’s happening for a bit of the book, that’s fine. The story didn’t click for me until 80% through the book but once it did, it destroyed me. Finally, even though there’s a lot of play with memory and perceptions of reality, I’d actually say that the story feels more like Children of Men meets Eternal Sunshine of the Spotless Mind, set in a post apocalyptic world."
Matthew Bell,3,,5,"May 22, 2023",,,"""Preset"" is the prequel to ""Reset"". It builds the world that ""Reset"" lives in. But it's not just building a world for stories to exist in; it's building a reality that you will simultaneously occupy and suspect. I've said it before and it remains truer now than ever: Sarina Dahlan is an author that defies definition. To call her Sci-Fi is an insult to the truth she speaks about the human condition. To call her Fantasy is an insult to the reality that she can absolutely rip your heart out of your chest and the tears from your eyes. To call her Fiction is to ignore the fact that every one of her characters exists within every one of us.The Four Cities post war identity unfolds page after page as we learn the story of the doomed lovers that created it. From idealistic young newly-weds to adversaries on humanity's preservation. Dahlan's characters teach us deep truths about what people will do to survive and thrive through the harshest of circumstances, even going so far as to wage asymmetric warfare in a battleground that is not as it seems. ""Preset"" is a masterclass in misdirection as an intricate web unravels revealing the devastating truth Dahlan points out: We are more likely to question the laws of physics than our own perceptions of reality."
Jana (HokuGirlReads),481,92,,"May 23, 2023",,,"This dystopian sci-fi book follows the end of the rest of the world via bombs. It’s described in such a way that was so heartbreaking. This futuristic world that was created and maintained by Eli, Eleanor and his team is such an interesting take on how we could/ would survive. The story follows a love story of Eli and Eleanor with both current events and their history of their romance in flash backs to both the making of this new world as well as Eleanor and Eli’s start, their love story. The mystery behind what Eleanor is worried about and what drove a wedge between her and Eli is what really had me curious and on the edge. The twist at the end is quite a huge twist. This book can be read on its own even though it’s a prequel to Reset."
USOM,2741,265,,"November 30, 2023",,,"Preset, Dahlan's prequel to Reset, is about love, memory, and resistance. It's deeply devoted to discussing what will tip the scales. If we have everything, what would it take for us to turn? Would it be the shattering of the illusion of what we have? Would it be the secrets in our other options? Preset took me back to the dystopian days full of medical experimentation, ethics for the 'greater good', and control in the face of danger."
Leslie,244,1,3,"June 2, 2023",,,Better than average scifi.
Melissa Overby,191,3,5,"June 10, 2023",,,What a great dystopian read! It was really immersive and atmospheric. I highly recommend this for dystopia fans.
Brenda,37,3,1,"December 9, 2023",,,"Dystopian, bleak, and sad"
Shannon Haynes,24,1,5,"September 13, 2023",,,"Whatever you do, keep reading. There truly is a clever twist that brings it all into focus!"
Jenni,341,,4,"December 15, 2023",,,"Interesting look back into the origin of the Four Cities, and the lives of Eleanor and Eli. I always find it a little hard to go backwards in a story to a prequel, but when the prequel is written afterwards then I feel the need to go in the published order. This one goes back in time pretty far, beginning shortly after Eleanor has run away from Eli to join the Resistance movement. Her goal is to find her friend, John Chang, who appears to have been Eli’s partner in the time when Eli was incepting the Four Cities.It's basically a back and forth between Eleanor's experience on the side fighting for personal freedoms and Eli's experience controlling everyone. The twist at the end rounded me up to 4 stars from 3.5. I am looking forward to seeing what comes in Freeset! Hoping it's towards the future again. I like the concept of known memory wiping better versus the more shady stuff that was a part of this one."
Stacy C,8,,5,"January 31, 2023",,,"I absolutely loved Reset, which Preset is the prequel to, so I was excited to get my hands on this ARC. It did not disappoint!Dahlan once again works magic with her prose. It has such a dreamy quality. You can fall into the words and almost forget the apocalyptic world where these characters are fighting to forge their new lives. Preset is deeply emotional and deeply thoughtful. Heartwarming and heartbreaking. The characters, Eleanor and Eli and so many of the side characters, will live with you long after you have finished their story.Thank you to NetGalley and Blackstone for the opportunity."
Jennifer Givhan,,419,5,"February 28, 2023",,,"What risks will we take to hold onto each other and ourselves, this elegant and ethereal novel asks. Through her sage storytelling, Sarina Dahlan richly weaves philosophy, science, and dystopia through the complexities of the human psyche, relationships, and the desire to protect what we hold dearest. This dazzling prequel clutches its secrets tightly as seeds in the palm, cleverly scattering them for us enchanted readers to follow until the novel’s bittersweet end, which, of course, is only the beginning. PRESET offers a trenchant meditation on what we both lose and gain when we choose to remember."
Caroline Fowler Davis,3,4,5,"May 23, 2023",,,"This book is so beautifully written and the story, oh my. I loved the world and characters. Such a relevant conversation to have right now— the trade off between choice and freedom vs control and peace. I could emphasize with everyone’s decisions, even the villain’s, which makes their struggles all the more painful. And the plot twists 🤯🥰 this book left me stunned and wanting to retread it immediately!!"
Kristy,,34,5,"December 21, 2022",dystopian；sci-fi-fantasy,,"Preset grabs you by the heart and doesn't let go until it's wrung every emotion dry. Sarina Dahlan has a gift for weaving fresh post-apocalyptic worlds that capture the imagination in the most beautiful and tragic of ways. As a prequel to Reset, Preset is a startling exploration into what it means to live, love, and lose. I won't soon be able to forget Eleanor and Eli, and I don't want to."
Haley,294,2,5,"January 17, 2023",netgalley,,"I absolutely loved Reset, so I was thrilled to be able to read its prequel, Preset. Finding out how the world of Reset began, plus the personal history of its creators, was very satisfying. There was mystery, danger, love and a huge twist in this story! Excellent Sci Fi page turner!Thank you to NetGalley and Blackstone Publishing for access to this arc."
