Reviewer,Review Count,Followers,Rating,Date,Tags,Likes,Content
InLoveWithWords,8,5,5,"March 11, 2024",,10,"Feels like the classic fantasy's I would read in my childhood. Deeply imagined medieval world filled with morally gray characters and unguessable plot twists. Politics and war, love and sacrifice intertwining with the complex histories of the people. Great development of the magic system and the interconnecting of all the regions of the map including outside of the Empire. Some of my favorite parts of the book were the characters back stories and the tales of legends. Great Adventure series!"
Jessica Greene,9,3,5,"November 13, 2023",,11,"I am in love!!! Huge fan of the slow burn! The book picks up where we left off in The Cavalier and it is a nonstop adventure (chefs kiss). Mordon is my absolute favorite character. His story is a tearjerker, a heart burner and a triumph rolled into one (more than obsessed at this point). I might have stared at the cover a little too long haha😅. Loved the rumloks🐺. There was so much more information on these unique creatures💖. Draven and Kasdeya, well I don't know it says about me, but their moments in this book were sick in an awesome way! This story is so layered and so deep, really great writing by the author for sure. Creative world with an updated map for book two. Great character development and dynamics. I can't forget to mention General Zenrelius... something more is going on with him. Bad ass Coralie was awesome, Velamir the Hero from the first book stole my heart again, Natassa was as inspirational as always and Jax...let's just say my heart is crying. Really enjoyed this book❤️‍🔥. Thank you to the author for an ARC in exchange for my honest review. Looking forward to the next installment."
Pachakhan,2,,5,"January 21, 2024",adventure；fantasy；indie-author,9,"Once again, I had a fun time buddy reading with my wife. I'm pretty sure she read with me because I bought her a coffee each time. I believe that's why our reading pace was so slow. My wife said it was because of all my unrelenting fan based questions, and I cannot deny that I have a thirst for details. I was so excited for book two's journey and really enjoyed it. Probably even more than book one, but it's too close to call. Excellent action and epic battles along with great banter and character development. Mordon was very cool. Definitely wouldn't want to be up against him in battle. Loved Lissa, flipping over Jax, wide eyed over Draven and mouth dropped at Kasdeya. If you read about them, you know what I mean. Might have cried but, that's just a rumor. Overall, The General was a really cool continuation of the adventure from book one. If I had money, I would make this into a movie. I should probably stop buying coffees. If you like fantasy adventure, this series is calling your name!"
Crystal Larmanov,11,,5,"November 11, 2023",,9,"Continuing the adventure with the second book of the Heroes of the Empire young adult fantasy series. Full of action and adventure, this book did not disappoint. Heart is on fire with the slow burn relationships and morally grey characters. Great lore being developed and loved the medieval world and the unique aesthetics. Rooted for some characters that I probably shouldn't have and entranced by some other unscrupulous characters but, maybe I'm being affected by a Lure ;) Fast paced read that kept me hooked until the end and wanting more.Thank you to the publisher and author for the ARC copy in exchange for an honest review."
Stacy,8,,5,"December 2, 2023",action-adventure；fantasy；indieauthor,8,"LOVED Book Two! It starts off with a bang and doesn't stop. Filled with conflicted characters and their compelling stories. Loved how the author spotlighted a different ""Hero of the Empire"" while maintaining the story's flow with the same characters from book 1. The details in the lives of the characters, their backstories and the way they all connected is just amazing. This book will be a definite reread for me. The author made me literally cry, laugh and root for characters I didn't expect to enjoy so much. There is a great world map and character guide which is placed at the beginning. The world building expanded as well as an engaging ""search for the golden crown/prophecy fulfillment"" plot. Revenge, medieval battles, overcoming ones faults, slow burn romance, unique magic system, and finding ones place in all this themes. I could recommend this book to any lover of ya fiction, fantasy or adventure. I bought my copy on Amazon. If you like character driven stories than this one is for you."
(old.enough.for.fairytales),544,301,5,"January 19, 2024",,6,"This is book two in the Heroes of the Empire series and I’m here to tell you that I enjoyed it just as much as book one. It’s an epic fantasy with multi-POV and a slowwwwburn romance filled with SO MUCH angst…which we love 😍 it’s got the academy setting a la An Ember in the Ashes & Fourth Wing, and is perfect for fans if We Hunt the Flame. Thanks to the author for gifting me a copy. All thoughts and opinions are my own."
Sumbul Saleem Arsalan,40,5,5,"November 29, 2023",,6,"""Hands Down""This one is really amazing! The story picks up right where it left off in the last one. This might be the longest review I've ever written because there's so much to appreciate.Firstly, let's talk about the plot. It's super fresh, and I haven't read a story like this before. So, you can't guess what happens next.Now, onto the characters, from Velamir to Winston, everyone has their own story, and it's well told. Even though there are lots of characters, you won't get confused. The world-building and the storyline are strong for each person. Israh seems like a master at developing characters.The whole book was like a roller coaster for me. I usually don't cry while reading, but that wasn't the case here. The deaths were written so well, and I cried a lot. The hidden secrets were revealed excellently. The truth about Prolus was shocking; I didn't see it coming until I noticed something and realized I was right about it. The cliffhanger was unexpected, and now I'm eagerly waiting for what happens next.Thank you for the ARC against an honest review."
Reader Views,2986,156,5,"February 7, 2024",,5,"I recently read the first book in this series, “Heroes of the Empire Book 1: The Cavalier” because I thought it looked interesting and I was right, it was phenomenal. I was, therefore, so excited to be asked to review the second book in this series by Israh Azizi and I have to say I was in no way disappointed. The second book is even better than the first and I loved every single page of it.“Heroes of the Empire Book 2: The General” brings back all our favorite characters as they continue on their quest to save the kingdom. In this installment, while all the characters are included (thank goodness), the story revolves mostly around two of them. First, there is Mordon, a man who spent his entire life trying to live up to his father’s expectations and suddenly learns this man he always wanted to impress is not who Mordon thought he was. As Mordon is captured by the enemy he is forced to test everything he believes in.Then there is Coraline, a princess who is trying to keep her kingdom and its people together as they are attacked by the enemy. As she attempts to deal with her grief over the death of her beloved uncle and is thrust into being Queen, holding the responsibility for all of these people in her hands, Coraline turns to those people inside her castle whom everyone despises and believes are conspiring against them. Coraline sends them on a journey that may turn the course of the war or may kill them all.I must say, before anything else, that to really understand what is going on then you must read book one first. The second in the series picks up right where the first book left off and you will want to be familiar with the characters and the storyline before delving into this installment. “Heroes of the Empire Book 2: The General” starts off full of action from the very beginning and never stops. The writing in the story is outstanding. This author really knows how to create a world for her readers to enjoy. The writing is descriptive and well done. You will feel as though you are there in the enemy camp, in the castle, or in the woods facing evil right along with the characters. I love the dialogue, the storyline, and the slow building of various romances between the characters even as they focus on surviving and winning.Each of the characters in this story is so well-developed. All the stories that begin in the first installment surrounding the lives of each of these characters are expanded in book 2 and they are even more flushed out and real to the reader. Each character has a backstory which is explained to the reader with just the right amount of detail. When those backstories implode, as some of them do right at the beginning of book two, watching the characters attempt to figure out who they really are and what they really believe in is just a thrill. The men and women are complex, well-written, and people that the reader will really come to care about.I cannot recommend “Heroes of the Empire Book 2: The General” highly enough to readers who love a strong fantasy story. It will not matter if you are an adult or a young adult, this storyline and the characters will wrap themselves around you and pull you right in. I cannot tell you how excited I am to read the next in this series to see what happens. I hope this wonderful writer is working diligently for all her new fans and we will see the next book very soon (no pressure at all is intended). Definitely 5 Stars!!"
Samantha Howard-Els,,2,5,"January 17, 2024",,5,"Wow! I loved the first book in this series, which took me by surprise, but I love the second book even more.The characters have such great depth to them and each one is battling demons from their past, which lead to some regretful decisions and some very testing moments for each.Israh manages to weave in the most intricate details from the past, that we find pop up later on in the story and make you think oh! What’s going to happen now? What will they do? Who’s going to find out? Let alone some of the surprising twists along the way. I have to admit I didn’t actually see the twist with Prolus and I loved it.I won’t spoil anything.This is turning into one of my favourite series, I cannot wait to read what happens next, I am fully invested in this."
Adam Lancaster,9,,5,"November 22, 2023",,5,"A page turning adventure! Was eager to continue the Heroes of the Empire journey and was not disappointed. Enjoyable character driven story involving awesome political and family dynamics filled with conflict and struggles. Plenty of gripping action and combat layered with morally grey decisions. Overall, an addictive and re-readable YA Fantasy. Thank you to the author and the publisher for allowing me to ARC read the book for an honest review."
Tom Silverstien,5,2,5,"November 11, 2023",,4,"The General is the second book in the Heroes of the Empire series by author Israh Azizi. This sequel is quite possibly my most anticipated read for this year. I could not access it on Netgalley this time, but I managed to obtain an ARC from the author.First things first, the prose. The author's writing had grown substantially as I noticed the difference between this book and the first one. I commend the author for that growth. Now, on to the pros and cons. Negative news first, as always.Multiple points of view are my favorite type of book to read because the reader is able to see into more than one character's mind. As this was not a negative for me, some readers may be distracted by the number of characters especially if they are not familiar with fantasy literature. There were many characters in this book, but a useful character guide is found at the beginning and can be easily referred to for those readers who have difficulty remembering. There was character loss and of course it affected me, which is another nod to the authors writing. And although, it was saddening to see them leave the series because of the deep attachment the author sold me on, it was satisfying to see some meet their demise.The book ends on a cliffhanger. Although, it isn't as drastic of an ending as the first book, but it still has you holding tight to your seat.ProsThe character development was fascinating to read. I enjoyed learning more about the characters, even the villains who may have been the greatest aspects of the book.I also relished the world building. I feel a deeper connection to the world as the characters share tales of old with each other, truly can't express how much this extra reminiscing made this book feel like a fantasy from my youth. The poetic impact of the pembin moon was a fantastic addition as well as the Sovorian tale of Rasdor.Speaking previously of cliffhangers, nearly every chapter ended in one, propelling me to continue reading. It was a masterful tactic by the author which I enjoyed.I am now drawn into this series and eagerly awaiting the next installment, or any future novel produced by this author.Much gratitude to the author for the ARC in return for genuine feedback."
K Mart Vet,660,26,5,"March 25, 2024",booktours,3,"If you know me, you'll know that I'm a huge fan of several things: character-driven books, more nuanced villainous characters, political intrigue, and YA books that aren't afraid to tackle deeper topics. And bonus - this one is indie and diverse! This delivers a gripping second installment that propels readers deeper into a world fraught with betrayal, secrets, and political intrigue. Building upon the foundations laid in the first book, Azizi deftly navigates the complexities of power, loyalty, and the effects of war on the human condition, weaving a narrative that is as compelling as it is thought-provoking. Azizi masterfully maintains a sense of tension and suspense throughout, ensuring that the pace is consistent throughout. She wastes no time in thrusting her characters into the heart of the action and keeping us there. One of the novel's greatest strengths lies in its characters, who are portrayed with depth, nuance, and authenticity. Each character is imbued with their own motivations, flaws, and vulnerabilities, making them feel both relatable and compelling. Azizi's portrayal of the characters' emotional responses feels authentic and grounded in their experiences. Even if we don't actually LIKE that character, we can understand them and we can FEEL for them. They all feel like fully realized individuals whose actions and decisions carry weight and consequence. Despite the challenges inherent in juggling numerous POVs, Azizi manages to strike a delicate balance, ensuring that each character receives the attention and development they deserve.This is an incredibly emotionally resonant novel that showcases Israh Azizi's talent for crafting compelling characters and intricate plots. I am reeling and need the next book asap, please.This review is based on a complimentary pre-released copy and it is voluntary. Thanks to the author, the publisher, and R&R Booktours."
Shali,43,5,5,"February 9, 2024",,3,"ℍ𝕖𝕣𝕠𝕖𝕤 𝕠𝕗 𝕥𝕙𝕖 𝔼𝕞𝕡𝕚𝕣𝕖: 𝔹𝕠𝕠𝕜 𝟙: 𝕋𝕙𝕖 ℂ𝕒𝕧𝕒𝕝𝕚𝕖𝕣𝔹𝕪 𝕀𝕤𝕣𝕒𝕙 𝔸𝕫𝕚𝕫𝕚💡📖🚨Make sure to read Heroes of the Empire: Book 1: The CavalierBy Israh Azizi There is a map of the world the author created. (for books 1 and 2) Follow along an epic adventure with the characters in the book through the Karalik Empire. At the beginning of the book, there's a pronunciation and character guide for reference. I love that the author included this page in the book. The guide helped me stay on track in case I needed to refresh my mind about a certain character. 𝓜𝔂 𝓻𝓮𝓿𝓲𝓮𝔀:💭🗣️Wow!! I was not ready for all the plot twists and unexpected events that occurred in Heroes of the Empire #2 (book 2) The General by Israh Azizi.💭📖I picked up where I left off from book 1, just as I remembered. I'll make this review brief so more readers will read this amazing book series of Heroes of the Empire!! I recommend reading book 1 first!! I was heartbroken, shocked, sad, and angry, I was feeling all the emotions reading this book. Natassa is a badass!! She’s my ultimate favorite character. Courage is abundant in these characters. They are warriors who represent pride, love, and power!! There were sacrifices made, unexpected deaths, betrayal, romance, and a whole lotta combat!! I felt like I was immersed in the medieval era. As if I was transported to a whole new world built in fantasy, the Dark Ages. A world I imagine myself being part of with all the amazing characters in it. I highly recommend reading this book!! Heroes of the Empire: Book 2: The General By Iz is one of the most intriguing and heart-stoppingly exciting, and thrilling YA fantasy books I've read. A 5-star read for me!! ✨🤩✨💯🙌🎊𝓒𝓻𝓮𝓭𝓲𝓽𝓼:🌟Thank you author Israh Azizi, for the opportunity to read the ARC digital e-book copy. 🌟Thank you @lovebooktours for the digital e-book copy. Instagram @israh_azizi@lovebookstours #Ad  #LBTCrew #Bookstagram #FreeReviewTikTok@israhazizi@lovebookstoursHeroes of the Empire #2 The General by Israh AziziGenre: YA FantasyFormat: Digital e-bookShop: Amazon e-book, kindle, paperback or hardcover. Pages: 488Publication date: November 22, 2023📖𝕿𝖍𝖊 𝕭𝖑𝖚𝖗𝖇:THE EMPIRE IS CRUMBLING, AND THEFATE OF A KINGDOM RESTS IN THEIR HANDS.Mordon dedicated his life to his father; his only dream was to prove himself worthy of Verin's general. But with the ruthless Tariqin attack comes a brutal awakening. Captured by enemy forces and dragged into a war camp full of the people he was trained to kill, his hopes of proving himself worthy are dashed to pieces. When the enemy offers him a chance for a grand future, he's faced with a test that stretches him beyond his limits. Coralie's burden has never been heavier. After the Dark Lord Prolus's recent assault and her uncle's declining health, it is up to her to keep her kingdom together. The inevitable return of the Tariqin army lurks at their doorstep and her time is running short. Coralie turns to the newest residents of Verintown for assistance. Branded traitors and hated by many in the castle, they may very well be her downfall. Using their pledge for change in her favor, she tasks them with a mission most would consider a death sentence. Two determined warriors separated by a river of blood. Mordon must risk everything to become the man he yearns to be, and Coralie must fight to become the queen she was born to be.🌟𝔸𝕓𝕠𝕦𝕥 𝕥𝕙𝕖 𝔸𝕦𝕥𝕙𝕠𝕣:Israh Azizi resides in the land of ten thousand lakes with her family and five cats. Since she was a little girl she has been a lover of words and fanciful tales. It was her dream to one day share a story of her own with the world. With sheer determination, lots of love, and a decent amount of caffeine, she managed to make that dream come true. Besides reading and writing, she has a dizzying number of hobbies, some of which include bossing around her younger siblings, experimenting with new baking recipes, and playing board games with her family and close friends. When life’s plot twists don’t cross her path and her fingers aren’t dancing across the keyboard building a fantastical adventure, she can usually be found in a quiet corner with a good book and a steaming cup of coffee."
BookDragonSoyl,4,,5,"February 5, 2024",,3,Excellent second book in this fantasy adventure series!
CiCi | bookameme,361,29,5,"December 2, 2023",,3,"This was a fun and exciting book filled with action and drama. There were multiple POVs which gave a lot of insight into the complicated dilemmas in this story. I loved the way the characters related to one another and the snarky relationships between them. This is a very exciting and well written story with great banter.The characters are richly developed with extensive backstories and motivations. The plot drives the story forward and is flushed out with multiple perspectives. The book is well edited and easy to read while being fast paced with high action sequences that left me on the edge of my seat.⚜️ Tragic⚜️ Rich Backstories⚜️ Exciting Battles & Fights⚜️ Close FriendshipsThis is book 2 and has POVs from the MCs in book 1.War, Violence & Gore, DeathYoung AdultCharacter Dev: 5 💙💙💙💙💙/5Genre: Epic Fantasy📕Tropes: Swords & Sorcery, Coming of Age, Royal Dilemmas, Comrades in Arms📘POV: Multi💃🏻🕺"
Robyne Hunt,165,10,5,"December 24, 2023",,2,"ℂ𝕠𝕟𝕧𝕚𝕟𝕔𝕚𝕟𝕘 𝕪𝕠𝕦 𝕥𝕠 𝕣𝕖𝕒𝕕 𝑯𝒆𝒓𝒐𝒆𝒔 𝒐𝒇 𝒕𝒉𝒆 𝑬𝒎𝒑𝒊𝒓𝒆 𝑩𝒐𝒐𝒌 2: 𝑻𝒉𝒆 𝑮𝒆𝒏𝒆𝒓𝒂𝒍 𝒃𝒚 𝑰𝒔𝒓𝒂𝒉 𝑨𝒛𝒊𝒛𝒊.𝟏. 𝐓𝐡𝐞𝐫𝐞 𝐢𝐬 𝐚 𝐌𝐀𝐏! Listen, I know how much you SJM fans and fantasy lovers love your map, and both books 1 & 2 have one! This is a big deal so it gets to be number one. 𝟐. 𝐂𝐡𝐚𝐩𝐭𝐞𝐫 𝐚𝐫𝐭𝐰𝐨𝐫𝐤. Look at that beauty. Every time you finish a chapter and start a new one, you get to see this beaut. 𝟑. 𝐖𝐚𝐫 𝐚𝐧𝐝 𝐥𝐨𝐯𝐞, 𝐧𝐨𝐭 𝐭𝐡𝐞 𝐨𝐭𝐡𝐞𝐫 𝐰𝐚𝐲 𝐚𝐫𝐨𝐮𝐧𝐝. Yes, there is romance but it’s not the whole plot in these stories. There is war, strife, grief, and death. 𝟒. 𝐂𝐨𝐮𝐫𝐚𝐠𝐞𝐨𝐮𝐬 𝐰𝐨𝐦𝐞𝐧! Sometimes, we want our women to be warriors, and in this book, they are tough, courageous, and resilient."
Alizareadsalatte,9,,5,"February 16, 2024",,2,Must read fantasy adventure! Great sequel!
Chiara | wordsbychiara,524,348,4,"January 20, 2024",book-tour-gals-tours；indie-books；ya-fantasy,1,"It felt so great to be back in the world of Heroes of the Empire! This is a YA series that is perfect for readers of  or  in terms of action and slow burning romance, but that definitely leans close to the exquisite political intrigue of books such as the .In this sequel, I was very pleased to see that the author further distanced herself from the academy setting that characterized the beginning of the first book, and instead fully leaned into the political intricasies of her plot. There were so many betrayals and shocking twists happening from very early on in the book! The multiple POV narration allows the reader a full picture of the story, and the chance to really dive into the inner turmoils of the characters, which was especially interesting when faced with some of their more questionable actions. Without getting into spoilers, I will say that some of my favorite characters to follow this time around were Mordon and Coralie. Mordon is a true morally gray character, constantly torn between his desire for greatness and the equally strong need to be a man worthy of Coralie. The glimpses into their first interactions were perfect! They are my favorite romance of the series.My guilty pleasure chapters, however, were Kasdeya's and Draven's (and I fully blame my dark romance obsession for this). These two were  and ruthless, but so fascinating. And I have to say that Draven is revealing himself to be quite an interesting character that might reserve some surprises in the future books.Overall, a solid sequel filled with action and political schemings! Admittedly, since the story picks up where the previous book left off, I needed time to reconnect with the plot and the characters. But once I did, the obsession returned in full force! Cannot wait for the sequel. The cliffie made me scream, be warned!"
Dana McKenzie,140,12,5,"April 26, 2024",,1,"This book is absolutely beautiful, I mean just look at the cover, it’s gorgeous. I love that it has a map of the Empire and the surrounding territories. It also has a pronunciation and character guide. It’s truly helpful and I referred back to it multiple times while reading the book. If that alone wasn’t enough to draw you in, Israh Azizi’s world building will!! I was completely sucked in Kingdoms, rebellions, academies, empires, wars, morally gray characters. I could not wait to dive into this one after how much I love the first book. Everything picked up, right where book one ended. So I definitely recommend that you read The Cavalier first, and trust me you will love it. Mordon, good gracious get ready to fall in love with this man! Romantasy is pushing up on my favorite genre. The sweet, slow burn that Israh has written is top tier! I am going to dub Israh as Queen of the cliffhangers.. I have no clue when book 3 will be released but you best believe I will be watching and waiting. I absolutely love her writing style and just how you get lost in the book. Phenomenal series, I highly recommend you , your mom, your best friend, your cousin.. literally everyone should read it."
Thais • tata.lifepages •,494,883,5,"January 2, 2024",,1,"Review 4.5 stars!This series is perfect for fans of An Ember in the Ashes, it has dark fantasy elements such as war, an oppressive empire, an academy for training soldiers, rebellions and betrayals.The story is told in multiple POV between the different characters spread out across the different kingdoms. Book 2 continues right where the first one ended and I was happy to see, that just like the first book, the fluidity and fast pace of the authors writing style shines again in the sequel! 😍 it’s not so often I find a fantasy series that is so layered, so rich and and well developed, and most importantly, the lush worldbuilding does not deter the flow of the story at all! This series has a perfect combination of plot and characters. Even with the multiple changes of points of view between the chapters, we follow each character with gripping intensity! Natassa and Kasdeya were my favourite chapters to read. At first I had to reread the ending of book 2 to set myself again since it was some months since I read it, and I often used the glossary and map at the start of the book to remember what each name meant so I definitely recommend using those. Thank you to the author for gifting me a copy for review"
RedReviews4You,395,8,5,"March 29, 2024",,1,"This series is so amazing! I love this as an adult and I think any teen will fall into this world and not want to leave. Azizi has put so much attention into crafting this world that it truly feels as if it exists on the edge of reality. With plot, characters, and conflict have all the detail, subtlies and naunces that allow each character react to a situation before them as an individual, The General adds more complexity, backstory, and connections that further developed their motivation and drive so I could predict what each would do -- now that's what makes a fictional world really come alive for me. To be honest I was a little apprehensive if The General would live up to high standard set by The Cavalier, but Azizi has truly shown that Heroes of the Empire is a Series that will stand on its own and continue to develop with each book as an outstanding fantasy adventure series. With just enough slow burn romance to draw me and further add complexity, this is a book any reader will fall into!"
Library  For Fairies ,634,11,4,"November 19, 2023",,1,"I was so excited for book 2 and now I'm sad I have to wait for the next installment! First of all, I was so happy to return to this world and deep diver into it. I loved learning more about the characters and I was even sad at some loss we had in the story. I will say, there are quite a few people in this story and I know it can confuse readers (there is multiple POVs as well, which I like) but Israh did include a character guide at the beginning to help you along. I think the writing was better (and it was already good) and I think our plot is more captivating as well. I think Israh does a great job of getting you hooked early and keeping a hold on you. Also... That cliffhanger? Wowww."
Brooke,257,6,5,"December 11, 2023",5-star-reads-fiction；book-tour；trophy-copy-needed,,"'The General' starts off just as the last book ends, with the Tariqin assault thwarted for the time being, and dangerous and shocking truths coming to light, the fate of Verin is close to crumbling. Mordon has spent his life chasing his father's approval, longing for his acceptance and pride, but when his whole life is thrown upside down, he finds himself captured in the enemy camp, alongside the very people he's been honed to kill. However, when the General offers him a future full of power and acceptance, he has to decide whether to embrace the darkest parts of himself, and bend his entire personality and morals to grip hold of the small sliver of hope just within his grasp. Coralie, now has the entire kingdom of Verin's eyes upon her, after Lord Prolus's ruthless and brutal attack, and her uncles life on a precipice, she must make some of the hardest and heaviest decisions of her life as regent. But with a traitor amongst her people, Coralie must turn to the two most hated people within the Kingdoms, traitors in their own right, in the hopes of rescuing Mordon and finding a way to defeat the Tariqin's before their inevitable attack.This starts off with a , throwing some absolute zinger plot twists right off the bat that had me in an absolute chokehold, I could not put it down once I'd started. There are so many character's to journey to follow in this one, but it's done so smoothly, it doesn't take away from the immersion. These deeper immersions into the characters beings, personalities and lives, not only added further depth to the plot but also the world as a whole, which was truly astounding. I genuinely cannot get over how much of a master Israh is at her craft, I'm always so completely blown away whenever I pick up one of her books, because I just know it's going to evoke every emotion possible and glue me to every page. After a life changing revelation comes to pass, Velamir finds his whole life turned upside down, his morals and his identity all come into question, but what doesn't change is his unwavering compassion for others, and his drive to always strive to do the right thing in every situation. Velamir is wise beyond his years, and a natural born leader, his bravery is unparalleled, never shying away from a fight especially if it's to protect someone innocent. It was also so wonderful to see this vulnerable, more soft side to him, and watching his blossoming affection for Natassa was so beautiful to see.Mordon has had one of the biggest shocks of his life, not quite knowing where he belongs, and struggling with this deep, unrelenting bitter resentment he now holds for everyone. Determined to do what he needs to, to escape the clutches of the enemy, and carve a new path for himself, even if it means embracing the darkest, sinister and most ruthless parts of himself. I loved delving deeper into Mordon's character, there's something about him that is so beguiling and entrancing, he has a fierce spirit, and hides any warmth he possesses under an intimidating and cold exterior. Facing some of his biggest challenges yet, his character really shines in this one, and I. am. here. for. it. Coralie, now the princess regent of Verin, feels like she's suffocating under the weight of her people's strain, their fear and her own deep losses. Fighting against the council who are determined to ease her out of decisions, Coralie has to dig deep, and emanate the regal Princess they all expect. Strong, brave and fierce, I adored how empowering Coralie is, so resilient she refuses to back down from any fight or challenge that arises with unwavering wit, and her incredible ability to put men back in her place is elite. Natassa, now under the guise of her previous handmaiden Kasdeya, now has he own journey to tread, one that could be her most dangerous yet. The women in this world are just absolute powerhouses, the way they just shut men down is unmatched. It was really beautiful to watch Natassa letting herself be free, no longer seen as the princess of the empire, she can finally be the hard-headed, stubborn, and strong woman that she's always had to hide. Natassa is one of the most empowering and inspiring women in fiction, she knows how to boost morale, and uses her powerful and impactful words to incite hope in those around her, and motivate them to fight for their lives and their kingdom. She is truly just such an astounding character.It was also so intriguing to see Honzio's perspective, after the last book, it shows just how much depth and complexity there is to each character. He's constantly finding small ways to rebel against his father, and despises his behaviour towards others, he just wants peace and to rid the world of his father's vile and disgusting personality. It was so wonderful to see a warm and compassionate side to him, making small but powerful and impactful acts to protect the innocents always at the brunt of Emperor Malus's wrath.Also, Draven and Kasdeya's storyline.... that was intense. It was so heart-pounding, thrilling, and twisted but in an addictive way. You're never quite sure which game they'll play with each other next, to one up the other. Both stubborn, hard-headed, and have a darkness that sometimes consumes their entire being, two of the best suited enemies to face off with each other for sure. This series shows the true and horrific extents of war, and the anguish, complexity, and manipulation that comes into play. This is a coming of age story, with some astounding, impactful and complex characters, who are just trying to survive and fight for what they think is right, to achieve the long sought after peace the realm needs. Gritty, dark, gory but realistic, this series is heart-pounding, evocative and profoundly moving with devastating and shocking twists and betrayals. This series seamlessly transports you into this gritty but lushly crafted world, I'll never get over the beautiful and smooth writing and world building, it's insane. The growth of the characters and the emotional challenges they face was astounding, you can feel everything they feel, and it was beautiful to watch them come into their own, but also so devastating watching them lose pieces of themselves in this incessant war, and having to harden their resolves to protect the people they love. Also, the slow burn tension and love woven throughout the story was gorgeously done, it shows how powerful love really is, how much of a beacon of hope this can be in the most perilous of times, and can blossom under any circumstances. I can't rave enough about this series it is so tragically, beautifully and complexly human. Get ready to have your heart torn out and shattered all at once, I was full on gasping and pacing, this series is truly one of the greatest high fantasy fiction I've ever read, and I can't wait for book three."
Cait (cait.the.bookworm),118,4,5,"December 9, 2023",,1,"I enjoyed this as much as the first book in the series. It's so good to be reunited with these characters and to see how they face new challenges, betrayals, and destiny. They each have had a lot of character growth which is impressive given the vast number of characters in which we get perspectives from. I did particularly like the numerous parallels between folklore and the lives of the men of this story. The amount of swapped babies was a fun twist. Krea is once again such a fun character, I truly do love how loyal she is through it all. She did not deserve what happened to her. And neither did Jax.Mordon was really going through it this book and I felt so bad for him. I do absolutely love the connection he has with the rumloks though. I am envious of his ability to connect with them. I love seeing the connection between Natassa and Velamir develop in this book!I absolutely cannot wait for the third installment of this series!"
Amorina Carlton,,23,5,"December 4, 2023",,1,"The second book in the Heroes of the Empire saga picks up from the frustrating, but delightful, cliffhanger the author left us with in the first book. So I recommend reading that one first.So this author doesn’t want to make it at all possible for you to not read the next book in her series. She left us with another epic cliffhanger. The first book was epic, and this one was even better. She hit her stride with writing and storytelling. If you’re a fan of romantasy (which I didn’t know I was) you’re going to love this. So far, at least, it’s not super spicy though – so if that’s what you’re looking for, keep looking. But sweet, slow-burn romance, this is your story.You will pick a favorite couple, I have no doubt. But though I started not liking at least one of the main characters they all grew on me eventually. This story does a great job of showing how complicated human life is. Also, how complicated it is to figure out which side is the right side. Who is the monster, and who is the hero? As the old saying goes, “The victor writes the history books.” Watching it unfold like this hones in on that point, which I’m sure is no accident. Fantasy stories are rife with political and social commentary, and she has done a great job of that while not hitting us over the head with it. Xenophobia, racism, sexism, social class struggles and so much more are battled in the lives of the characters.I couldn’t put this one down, and it left me with a book hangover. The kind where you can’t shake the world you were in, and now the real world and other book worlds just feel wrong for a bit. Israh Azizi deserves a special spot on your bookshelf alongside your favorite fantasy authors. I can't wait for the next one! Hopefully, she writes faster than that famous fantasy guy.Who’s It For?First off, if you read the first book, I don’t see how you could not read this one. That cliffhanger made it impossible for me to not pick up this one. But in general, if you enjoy “Game of Thrones” or similar fantasy or “romantasy” stories, you’ll like this book.Content Warning: Violence, Suicide Attempt, Murder, Pregnancy Loss, Domestic Abuse, Betrayal, Infidelity, Hate speech, Adult Language, Adult Situations, Kidnapping."
DarkFantasyReviews,872,26,5,"April 27, 2024",,,"""Heroes of the Empire Book 2: The General"" picks up where the first book left off, following Mordon and Coralie as they navigate the challenges facing their kingdom. Mordon is in for a rude awakening after an unexpected attack, while Coralie is forced to rely on some unlikely allies to help protect her people. The characters in this book really come to life, with Mordon's transformation and Coralie's evolution feeling genuine and relatable. Israh Azizi does a great job with character development, making them memorable and the story engaging.Azizi's writing is so smooth and exciting, it'll have you glued to the pages! He manages to pack in all the details without slowing things down. It's amazing how he keeps things clear even with such a crazy story. The themes of duty, honor, and sacrifice really hit home, and his use of foreshadowing and vivid descriptions really bring everything to life.The pacing of this book is just right, mixing action with some deep thinking from the characters. The story flows naturally and it's easy to read, so it's great for readers of all ages, especially teens who love adventure stories. ""The General"" is a great follow-up to the first book, showing off Azizi's skills at crafting a captivating world. The characters are well-developed, the writing sucks you in, and the mix of adventure and fantasy is spot on.If you're into books with strong characters and cool world-building, you should definitely check out ""Heroes of the Empire Book 2: The General."" It's a great mix of escapism and deeper themes, making it a must-read for fantasy lovers. Israh Azizi really nails it with this one, balancing epic fantasy action with some thought-provoking insights on leadership and war. Whether you're a returning fan or new to the series, you'll be hooked by the detailed storytelling and interesting characters."
amanda_coffee_books,551,15,5,"December 9, 2023",books-read-2023；booktours-2023；favorite-books-2023,,Let me start off by saying this book is absolutely amazing. Just like book one this book didn’t disappoint me. The characters and the world picked up where book one left off. If you haven’t read book 1. You need to read book 1. I don’t want to give to much away if you haven’t read book one. But you will not be disappointed. I think I said this in my review for book 1. But I usually don’t read fantasy. But these two books took my heart ate it and spit it out. This book took me a little bit long. But I wasn’t rushing through this tragic and heartbreaking story. And the twists and secrets and other things I don’t want to spoil. OMG Each chapter had me saying what the heck. Now I love different POV for each chapter. I have to say there are characters from book one that still have my heart in this book. I think my hold for these characters are super strong and special. Chapter 48 broke me and took me down a dark place. Tears 😭 Loved the love slow love interest. Which I thought I read review somewhere. That it was with two completely different characters. But I am glad it didn’t turn out the way the review said. I did end up buying ebook version too. That ending and the epilogue what a cliffhanger. I really hope don’t have to say goodbye to my favorite characters in book 3. But then again didn’t see a lot twist and turns like I did in this book.Highly recommend this book. A 2023 favorite for sure!!!Thank to the author and lovebooktours for this amazing opportunity to read such absolutely amazing book. With amazing characters and world.
Meigan,1237,72,4,"March 29, 2024",,,"I adored this first book in this series when I read it last year, and I’m pleased to say that I love this one just as much, if not more. THE GENERAL continues the story of an empire on the brink of collapse. This story focuses on Mordon and his role in trying to save the kingdom and the people within it. We get a lot of his backstory and I loved getting to know his history and the events that shaped who he is today.⁣⁣We see some returning characters and some new ones as well, which I’m hoping we see again in the next book. The world this time around has expanded, as the characters traverse parts of it that were only mentioned in book 1, and everything about this second installment feels bigger, richer, and more intricate. I adore how meticulously the author has crafted this world, and the fantastic and unique magic system is just as intricate as the world is. This installment is definitely more plot-heavy as things get more serious concerning the overarching storyline, and there were quite a few tense moments that kept me turning the pages. There’s also a lot of heartbreak that will pull on even the strongest of heartstings, but there are also some bright spots that help lighten things up a bit. ⁣⁣Bottom line, a fantastic continuation of the Heroes of the Empire series, and I can’t wait for the next one. Definitely pick this one up if you’re a fan of:⁣⁣⁣⁣⁣⁣⁣⁣⁣➽ Adventure⁣⁣⁣⁣⁣⁣⁣⁣➽ Epic fantasy ⁣⁣⁣⁣⁣⁣⁣⁣➽ Quest to save a kingdom ⁣⁣⁣⁣⁣⁣⁣⁣➽ Chosen one ⁣⁣⁣⁣⁣⁣⁣⁣➽ Fantastic group of friends/heroes ⁣⁣⁣⁣⁣⁣⁣⁣➽ Danger⁣⁣⁣⁣⁣⁣⁣⁣➽ Political intrigue ⁣"
Alexandria Williams,271,36,5,"March 27, 2024",book-tours,,"✨BOOK TOUR✨The Empire is crumbling, and the fate of a kingdom rests in their hands. 📖: Heroes of the Empire: The General 🖋️: Israh Azizi⭐️: 5 of 5Tropes & Themes:⚔️Enemies to lovers👑Royalty/court🖤Morally grey⚔️Slow burn👑Medieval world🖤Magic⚔️Multi POV⚠️: Please check the warnings as this book may not be suitable for all readers. As always, protect your mental health.Mordon has always wanted to please his father and receive his praise. But when an attack occurs. Secrets are revealed and his whole world will change.🤯He receives an opportunity that most would take in his situation. Coralie must race against the clock to save the kingdom. So she seeks the residents of Verintown for help. Will Mordon take the opportunity? Can Coralie save the kingdom in time? Find out in Heroes of the Empire: The General We pick right up where things left off in The Cavalier and the action never stops!🔥🔥From the epic battles, the secrets, the hilarious banter, revenge, and jaw-dropping twists!!! I thought book one was amazing but this one is even better. Like how? I need book three!! The characters. I loved how so much was shared about each one. Knowing their stories made me connect and love them. Villains need love too. They all have their struggles going on from their past. Velamir and Mordon share my heart. I just can’t help but love them! What are you waiting for? Go grab the series now!!!🔥As always, my review is my opinion and thoughts."
C.D. McKenna,,51,5,"November 28, 2023",,3,"*Spoil Free Review*Where to begin?I would sell my soul for Mordon – his storyline is both tragic and addictive. Now that we got that out of the way (along with my love for this man), the story is absolutely phenomenal. We pick up right after The Cavalier (Book 1) and the author leaves nothing unturned. Azizi did a lot of world building in this second installment – from lore to politics to morally grey, she took a deep dive and hoped you were buckled in for the ride. The writing is flawless and the world enchanting. I love love love the gritty yet charming tone of Azizi’s work. The complexity of this world is easy to follow and it does nothing but add a significant amount of layering and depth to the world that Azizi has built. Azizi has a beautiful skill in weaving together emotional connections with each character introduced—I found myself committed to every single one, regardless of their motives, and to me, this is incredible writing. I love a story that sells even the villains—to me, that is true fantasy and character development.Did I mention a darn good cliffhanger? I’m a sucker for those. Both books 1 and 2 by Azizi are beautifully written. Each one unique in their own right, yet still connected as a whole. Well done, Azizi! I am so impressed and so excited for the next installment 😊"
Sonja Charters,1235,75,4,"December 7, 2023",,,"This is the second book in the Heroes of the Empire series and you may remember that I reviewed book 1 - The Cavalier - just a few weeks ago....so I was really excited to dive in and continue the journey. This story continues straight on from where we left off in book 1 and the action kicks in right away, plunging us back into the world and the battles we left behind. It was easy to become immediately immersed again being familiar with the place and peoples, but I feel that it would definitely benefit you to read book 1 first as there are obviously recurring characters and development of a well laid plot! We meet a fair few new characters and it started to get a little complex as we were dealing with Mordon being behind enemy lines for some of the time. However, the storyline was exciting and fast-paced again which had me hooked to the end. The world building continues throughout this book which adds more layers to what we have already learned and gives this world a real depth and once again is woven into the storyline perfectly so that it never becomes too stodgy. I'm not always the biggest fan of fantasy novels but have to say that this was really well written and an enjoyable read. Leaving us on another cliffhanger - I'm definitely going to continue the journey and can't wait for book 3."
Elle,38,8,5,"April 25, 2024",,,"“𝘐 𝘴𝘦𝘯𝘥 𝘺𝘰𝘶 𝘵𝘰 𝘸𝘢𝘳. 𝘙𝘦𝘵𝘶𝘳𝘯 𝘸𝘪𝘵𝘩 𝘱𝘦𝘢𝘤𝘦. 𝘐 𝘴𝘦𝘯𝘥 𝘺𝘰𝘶 𝘵𝘰 𝘥𝘦𝘢𝘵𝘩’𝘴 𝘥𝘰𝘰𝘳. 𝘙𝘦𝘵𝘶𝘳𝘯 𝘸𝘪𝘵𝘩 𝘴𝘸𝘰𝘳𝘥 𝘴𝘩𝘦𝘢𝘵𝘩𝘦𝘥.”𝘑𝘢𝘹𝘰𝘯, baby. Come back to me. I swear, I love every character in this book, even the ones who hurt me. Not Jax, he would never hurt me, but my heart hurts for him. 𝙂𝙞𝙫𝙚 𝙢𝙮 𝙗𝙖𝙗𝙮 𝙖 𝙗𝙧𝙚𝙖𝙠 𝙄𝙨𝙧𝙖𝙝. Just like the first book, this one was a tumultuous adventure of twists and turns. Suspense, angst, heartbreak, betrayal. Did I mention the twists. 𝘐 𝘥𝘪𝘥 𝘕𝘖𝘛 𝘴𝘦𝘦 𝘵𝘩𝘢𝘵 𝘤𝘰𝘮𝘪𝘯𝘨. Any of it. I’m flabbergasted. And then there was the introduction of new characters and civilizations, and the expansion on the world building — all of which were so seamless and brilliantly done. Not once did it feel overwhelming or daunting, and while it made the story that much more complex, it was a great addition to the intricacies of the story that make it so incredible.I said it for the last one, and I’ll say it again. This book was intriguing, explosive, suspenseful, horrifying, beautiful, and left me wanting so much more. Because like, another cliffhanger. ✨𝘌𝘹𝘤𝘶𝘴𝘦 𝘮𝘦 𝘸𝘩𝘪𝘭𝘦 𝘐 𝘨𝘰 𝘤𝘳𝘺 𝘪𝘯 𝘵𝘩𝘦 𝘤𝘰𝘳𝘯𝘦𝘳 𝘢𝘯𝘥 𝘱𝘳𝘢𝘺 𝘵𝘰 𝘸𝘩𝘰𝘦𝘷𝘦𝘳 𝘯𝘦𝘦𝘥 𝘣𝘦 𝘵𝘰 𝘨𝘦𝘵 𝘣𝘰𝘰𝘬 𝘵𝘩𝘳𝘦𝘦 ✨𝗚𝗘𝗡𝗥𝗘: 𝔶𝔬𝔲𝔫𝔤 𝔞𝔡𝔲𝔩𝔱 𝔣𝔞𝔫𝔱𝔞𝔰𝔶𝗧𝗥𝗢𝗣𝗘𝗦:🖤 morally gray mcs👥 doppelgängers✨ hidden powers💋 damsel in distress👑 political/royal intrigue🗡️ medieval world🔥 slow burn🪄 unique magic system"
Poppy,121,22,4,"March 8, 2024",2023；arc,,"4.5 stars.Be warned, the following is spoilerish if you haven't read the first book. The General delivered more action, betrayal and side switching. I loved the messiness. People were really dropping dead left and right Game of Thrones style. These books have some of the best plot twists I've seen in a while. I really couldn't rely on my prior knowledge, nothing was how I thought it was.I also couldn't dislike any of the characters anymore because they were too fascinating. Except maybe Velamir, ever the perfect hero. A bit too perfect.It's the Empire vs Dark Lord Prolus. Except The Empire isn't all that great either, so it's the gang (I'm just glad they finally ended up together, RIP the ones that didn't make it) vs Prolus who's their current bigger threat. However, more are arising…I'm a bit disappointed that certain characters got killed off, Especially Kasdeya. I did not like her at the end of the first book, but I have to give it to her, she had agency, and it was kind of admirable. Furthermore, I also think sensitivity readers might be beneficial.Nevertheless, I will be looking forward to the next book in this series.Many thanks to the author for the eArc."
Shani’s Shelves,344,35,4,"April 25, 2024",,,"My rating: ⭐️⭐️⭐️⭐️Spice level: 0 🌶️Read if you like: ▫️multiple POV▫️epic fantasy ▫️warring kingdoms and politics▫️magic and prophecyThis book was just as good as the first one. It draws you in with the awesome cover, detailed pronunciation guide, and excellent map, but you stay for the non-stop adventure, layered storytelling, and engaging writing.The characters are well developed and have great dynamics with each other. They are both relatable and realistic, and I was equally invested in all of them, their character arcs, and their storylines. My favorite was Mordon, which shouldn’t shock anyone. He’s flawed and morally grey, but is also protective and is trying to be a good person. I also love Velamir. He’s your typical good guy, honorable, knight in shining armor, but who doesn’t like that? I adore how the heroines are written in this series. They are strong, know how to fight, and are frequently the ones saving the world. This book offers character driven storytelling with high stakes, epic adventures, backstabbing, court politics, and shocking reveals. I had a great time reading it!Thank you to Hazels Book Tours and Israh Azizi for the gifted copy. I received it for free, and am leaving this review voluntarily."
Country Mama,586,23,4,"April 19, 2024",,,"I was a fan of the first book in the series so I wanted to read the second book. This book starts where the last book ends, which I was happy that it didn’t skip time like some books do😉 The story is like the last book where there is a lot of action and am emotional journey like the last book. Also slow burn romances! I am a HUGE fan of slow burn romances and this book does not disappoint.This book follows a new cast of characters and some of the old characters as well. I loved the author’s way of setting up the world again in this book and also they do a great job with the characters and descriptions of them also. The action is fast paced and the story is always moving, which I loved!This story revolves around Mordon and Coraline. Mordon is learning that he doesn’t want to be who he thinks he should be. And Coraline is a princess trying to rule her kingdom and also has to become queen of the kingdom. I love these two characters and can not wait for the next book!I highly recommend this read to fantasy readers!"
Alyson Hill,51,,4,"December 28, 2023",,,"4.5⭐️I read the first book back in February and gave it a shiny 5-star review. I loved everything about it, and the cliffhanger just about unalived me when I had to wait to find out what happened. The second book starts just as the first ended, and I was hanging on to every word! The betrayals and trickery in this book alone!!! 🤯There was so much fighting and trust and misplaced trust and people being unalived. Good characters, just GONE! It hurt to read about them, though I loved it all the same. I definitely didn't see the twist coming, and now I have to wait for the third book to find out what happens next!! I love series like this, don't you? There was more romance in this one, and I was for all of them ❤️ I can't wait to see where the next book takes my fave characters, Natasha, Velamir, Jax, Coralie, Mordon, and Honzio. Thank you so much to the author for writing this book and creating this universe"
Casey Hayes,247,41,4,"March 28, 2024",,,"I was provided a copy of this title for free and am leaving this review voluntarily. All thoughts and opinions are my own.In similar fashion to The Cavalier, Book two of Israh Azizi’s Heroes of the Empire series took me hugely by surprise, and only served to fuel my newfound obsession with the series and that NEED to continue that I mentioned in my review for the first book. Buckle in for another fast-paced whirlwind adventure! The General is chock full of plot twists, political intrigue, and so much more, offering return readers another glimpse at the characters from the first book and introducing or allowing us to better get to know others. We pick up pretty exactly where we left off in The Cavalier and, after a doozy of a journey, find ourselves ending up on another steep cliff hanger, so be prepared to hang on tight while we await the next installment! Thank you to the author & R&R Book Tours for my copy!"
Caity Smith,14,,5,"April 23, 2024",,,"Wow, I thoroughly enjoyed this sequel! As I pointed out in the first novel, I absolutely love the medieval theme and world. I felt this novel gave a lot more depth/connection through the world building via the politics and connections of all the different regions which I enjoyed! I also love when sequels pick right back up from the first book as it creates a cohesive transition. Israh is an amazing writer and is able to layer the story so well and balance all the different aspects of a the novel (slow burn romance, adventure, and a character driven storyline). I enjoyed the character development throughout the novel and the action was thrilling throughout (loved those epic battle scenes). Thank you to Hazel’s Booktour and the author for a copy of this book to review. I would 100% recommend this series to all YA fantasy lovers!"
Priscilla | Books Imperfect Condition,109,10,5,"December 13, 2023",,,"After reading book 1 earlier this year I just had to review book 2. For me, this was a nice companion to book 1 for sure. It’s YA Fantasy at its finest, its an action-packed, unforgettable ride. The epic cover design and intricate book ornaments are done really well. What’s more, Azizi has the ability to take readers through the entire gambit of emotions, a true emotional roller coaster. The slow burn of the relationships is such a contrast to the speed of the plot and I am here for it. In a time where morally gray characters have become the norm, these characters are not gray for the sake of being gray, their actions drive the plot. Overall, Heroes of the Empire Book 2: The General, was excellent from cover to cover, a solid fantasy story."
Robin.Bookish.Escape,64,1,4,"March 25, 2024",epic-fantasy,,"I fell in love with the first book in this series that when the opportunity to read the second one presented itself, I couldn’t get it fast enough. This story picks up right were the first book left off and definitely does NOT have second book syndrome. Beautifully curated character backstories that will leave you breathless. Action packed, slow burn YA romance that is set in a medieval world that delivers adventure, difficult decisions, politics and a stunning magic system.The characters soar to new heights and face unseen twists and turns that swill have your heart racing. Follow Mordon, General Zenrelius, Coralie, Velamir, Natassa and Jax through their journeys and you will not be disappointed!"
ms.lefty_journal ,33,,4,"April 27, 2024",,,"This is the part two of the heroes of the empire series, and the standard of the book is maintained. Kudos to the author for that. The story is built so deep that there is a whole new world created for just this book and the readers don’t have to imagine anything on their own. This the kind of series that gives you the adrenaline rush to turn the pages quickly to see what happens next because of the anxiety it builds. The importance given to each character is worth mentioning. I do recommend this book to anyone who likes to start reading fantasy. Expecting for more sequels from the author.I received a complimentary copy of this book from the author and Hazels Book Tours in exchange for a read and review."
Hannah,186,4,5,"December 8, 2023",,1,"Get ready, because man is this a wild ride. I really enjoyed Book #1 in Heroes of the Empire series, The Cavalier, so I jumped at the chance to get my hands on the next book in the series. The General picks up right where we left off in book number one. These pages are filled with nonstop action, hidden secrets, edge of your seat moments, and characters you just can’t help but root for. Azizi’s storytelling ability really shines here and I can’t wait to see what she has in store for us next. Pick this one up if you like:-Character driven fantasy -Strong character development-Action packed fantasy -Heartfelt, emotional moments -Unique magic system"
Cristy (Quinnbook) ,37,4,5,"December 14, 2023",2023-reads,,"What a sequel! I read the first book back in July, just after my birthday, and I couldn't stop raving about it. Its sequel The General was quite possibly one of the best sequels I've read this year. Loved that the story picked up right where the first book ended and was immediately sucked in the world again. The attention to detail the author had for each character was incredible. Israh Azizi's is such a talented author. She has created a world full of adventure, magic, and, of course, all the romance. I knew I was in for a treat, and it did not disappoint. Highly, highly recommend this series if you love characters with amazing back stories, political intrigue, and lots and lots of twists and turns."
Candice Willman,362,71,4,"February 2, 2024",,,"We pick up right where we left off in book one. If you love epic fantasy books with massive world building, you’re going to love this series. Lush and beautiful writing. Definitely for fans of An Ember in the Ashes. Book 2 focuses a lot more on two other characters while still having the characters from book one.This book had many twists and turns. And be prepared for some emotions. I can’t wait for book 3. Medieval battles, epic magic, romance and royalty. While also following a journey of self discovery and finding ones self during all the chaos. I loved Mordon still hardcore. Did I mention morally grey characters?"
Red Book Review ,311,23,4,"April 4, 2024",,1,"The General is the second book in the Heroes of the Empire series and is a YA series that is so well done. This picks up right where book 1, The Cavalier left off and we immediately get immersed again into the people and places of this book. The book has action, great characters, betrayal and so many twist and turns that will have you turning pages till the very end. I highly enjoyed this sequel and would highly recommend this to other readers if they read the first book and if you have not read any of these books yet you definitely need to. Thank you to Hazel's Book Tours and the author for this book in exchange of my review of The General."
Lauren Couchman,258,8,5,"December 12, 2023",,,This book picked up right where book 1 left off (which was quite the cliffhanger!) I loved getting back to the familiar characters and places.The book includes a character list which also gives the pronunciations of all the names (I don’t have to make it up in my head). There is also a map…who doesn’t like a map?There are twists and turns in the novel just like in the first book. This isn’t usually my go to genre but just like the first book I absolutely loved it and would recommend to everyone!
Batwoman,483,3,5,"December 31, 2023",,1,"I really really enjoyed reading this book. Definitely wish I would have read book one first because there are some really amazing characters I would have liked to know better. So I will definitely be looking into this authors books from now on. I absolutely loved having the multiple points of views so I didn't missing any of the action. Which started right away, and sucked me into the story where I didn't want to put it down. Seriously can't wait to get my hands on the next book with the ending too! I would definitely recommend for epic fantasy lovers."
Rebecca Blue,2,,5,"February 18, 2024",,,"Heroes of the Empire Book 2: The General takes readers on a gripping journey through a war-torn empire where morality is tested and loyalties are shattered. In this emotionally charged sequel, the protagonist's transformation from hero to antagonist is masterfully portrayed, weaving a tale of beauty amidst the chaos of war. Full of unexpected twists and turns, this sequel captivates from start to finish, leaving readers eagerly awaiting the next installment. Congratulations Israh Azizi on crafting another masterpiece."
Riss &#x1faf6;&#x1f3fb;☕️,588,14,4,"March 25, 2024",,,"The General is book two in the Heroes of the Empire series and is a YA fantasy read. This is perfect for fans of epic fantasy and characters that will take you on an adventure. The story itself will capture your attention immediately! I highly recommend that you read book one before diving into this one to know all of the details and not miss out on the story. I loved the multiple POVs in each chapter, Mordon and Coralie are two great characters that I enjoyed reading more about. I loved every bit the author wrote and cannot wait for more!"
Nimalee  Ravi,410,13,5,"December 5, 2023",,,Another fantastic work by Azizi. This is the second0 book in the series and picks up right where we left in the first book. It's so good to be able to see the characters back in action and reading their own storyline. Mordon and Velamir's characters are definitely my favourite. I think one of the main strengths is the phenomenal world building and the attention to detail. I absolutely loved page turner. Highly recommend this book and this series.
Hannah McQueen,39,1,5,"March 26, 2024",,,"The General Author: Israh AziziBooks: 2nd in series Genre: YA Fantasy Rating: ⭐️⭐️⭐️⭐️Tropes:🖤 Enemies to lovers 🖤 Royalty/court🖤 Morally grey🖤 Slow burn 🖤 Medieval world🖤 Magic🖤 Dual POVThis book is an amazing continuation in this series. I love the beautiful way the author intertwines the magic system, history, romance, unique creatures and court politics. And the characters, I absolutely adore them!! So beautifully detailed and filled me with so many emotions!!"
Jenn Z,80,2,5,"March 27, 2024",,,If you thought book 1 was good prepare yourself for book 2 its fanatically heartbreaking 💔and after that shocker in book 1 you need to find out the twists that happen in 2 plus its a 5 ⭐️ read for sure
Lindsey,59,,5,"April 6, 2024",giveaway-books；want-to-re-read,,"Goodreads giveaway winner / free book review:Great fantasy book, hard to put down. Will likely pick up the 1st book.Kindle e-book on IOS.Used Spoken content accessibility tool with English Australian voice Matilda Premium to listen to this book."
Humaira,13,,5,"April 19, 2024",books-i-wish-i-could-forget；favorites；killer-covers,,"Israh is a real mageMagic flows in her veinsThen through her mindTo her booksShe's broken a part of me and I love her for it..Hats of to Israh, she did it again!"
AsimaB,134,1,4,"March 22, 2024",,,3.5🌟🌟🌟.🌠
Bogdan,5,1,1,"January 15, 2024",,,"don't buy into the ratings, this book is trash. it's is so badly written it can hardly be called literature at all. it's the fantasy equivalent of tommy wisseau's ""the room"", full with soapy drivel and idiotic characters. there is nothing original or fun about this book. in fact the entire series is garbage so don't waste your time with this."
Alex,14,5,4,"January 19, 2024",,,"Book 2 of this epic fantasy series is once again set in a war-torn kingdom where soldiers rage in battle, princes duel in jousts, and magic (called Shadows) is a sought after and feared talent. The political landscape continues to evolve in this book, with the war between the tyrannical Emperor and dark Lord further complicated by other opposing forces (both inside and outside the kingdom) trying to steal power. Coming off the back of the HUGE cliff-hanger at the end of book 1, I was desperate to find out the who, what and where’s that led to that massive plot twist. Thankfully, after a little helpful background, we get straight into it and re-join our main characters back in the castle tower. We then proceed to follow a selection of characters as they deal with the ramifications of that event and endeavour to survive and influence the outcome of this terrible war.The list of primary POVs has changed since book 1, bringing in new characters and perspectives, which is both interesting and helps us to better understand the motivations and actions portrayed. Perhaps it was familiarity after reading book 1 so recently, but I found a significant improvement in the ease of following the number of characters and their perspectives. In my opinion, this book flows far more easily that book 1 and required almost no use of the glossary for me to keep up. I have also gotten used to whiplash from the continuous baby cliff-hangers at the end of every chapter created by the multiple POVs (my main grumble with the last book). All of which culminate into a massive revelation at the end. My only criticism of book 2 in this series is once again minor. In my opinion (perhaps having read too much romantasy) the affection between some of the characters develops a little rapidly and changes their behaviour in a way that is a little inconsistent with the amount of time they have spent with each other. Perhaps it is because the two primary relationships are so beautifully portrayed and developed that the sudden relationships between the secondary characters are a little jarring. They nevertheless achieve their purpose as suitable plot devices, but it did make my head spin in places. Overall, I once again loved this story and would highly recommend it to both fantasy readers and romantasy lovers who are looking for a soft landing in the more conventional fantasy genre. For transparency, I received this as an e-ARC and enjoyed it enough to write a review. I look forward to supporting the author in the development and promotion of this thrilling story."
