Reviewer,Review Count,Followers,Rating,Date,Tags,Likes,Content
Khalid Abdul-Mumin,252,182,5,"April 10, 2024",favorites-fantasy；favorites-of-all-time；reviewed-reads,52,"This and plenty more awesome reviews posted on: He's as relentless as ever before in this second installment to the great progression fantasy offering from Mr. Tucker, .After a series of unfortunate events that leads the group of misfit Immortal Great Souls to serious catastrophies, they nevertheless emerge transformed into various ascendent levels with our main protagonist shaping up to be a real power to reckon with as the plot unfolds through the rest of the books to come.As with the first book, the world-building is phenomenal and is greatly expanded upon with the introduction of numerous other characters and terrifying monsters from beyond, reminiscent of Eldritch horrors of the Lovecraftian mythos that adds plenty more flavor to the gist of our plot and I'm really loving where it's going.Epic battle scenes, awesome and amazing magic and progression system coupled with a mystical world lore... for fans of this genre and fantasy that contains fantasmagoric world-building and out-of-this world magic"
Graeme Rodaughan,,389,5,"March 15, 2024",epic-fantasy,22,"Secondary character Nox is always fun, and so is this book.The first novel,  was an awesome read and this is even better. This story is modern epic fantasy at the top of the genre. Sanderson, Fiest, Erikson, Tucker ... all awesome story tellers.Marvelously inventive, logically coherent, brilliantly told. I'm left wanting to find out what happens next to Scorio and his friends (those that survive!!!).Go out and read this series.I'm starting the third book today."
Garrett Hill,8,1,5,"April 3, 2023",,16,"The first 30-40% of the book was a sort of drag, and I couldn’t quite pinpoint where it was heading. Where was the advancement and adventure I craved from the first novel of the series? It was a slow build, sure, but boy oh boy did it set up for the last 50% of the book. I couldn’t put it down. It was worth it. This book was the perfect refresher from all the half-assed, quick released web novels that have been coming out as of late. This is going to be one of my favorite reads of 2023 for sure."
Joel Heiser,7,1,3,"April 2, 2023",,14,"Having enjoyed reading the first book in this series, I was looking forward to the further adventures of Scorio and company. Plot wise I found the book enjoyable and full of drama, big events and many ups and downs, and the ending was decently satisfying. I do however have one major criticism, and that is that this book is absolutely riddled with errors. I don’t think I can even recall the last book I read that was this badly edited. It’s horrendous. Every page has at least one or two spelling errors or misplaced words, where is looks like the author had started writing a sentence one way, then switched gears to write it in another way. Every. Single. Page. It’s incredibly jarring and it gives the impression that the book was churned out in haste and with very minimal checking of work. I mean, we’re living in the age of highly advanced digital assistants and AI, so there’s really no excuse. Even running things through Grammerly would have been sufficient to catch most of the errors. Authors…please check your work, or have someone else do it for you."
Stephen Tillett,1,2,5,"March 31, 2023",,12,"The Rascor Plains by Phil TuckerJust to give you an idea of how much I was looking forward to the next edition of The Immortal Great Souls saga. I was halfway through a Lindsay Broker book (she is one of my go to sci-fi authors) which I was enjoying when offered the opportunity as an ARC reader to review the Rascor Plains. Diving straight into the book was like coming home, it felt like meeting up with old friends, and I had enjoyed the development style from reading Bastion. Watching Scorio, Naomi and friends develop their skills and relationships, as they travelled through the dangers of the plains. Once again fascinated by Nox as a character when they meet up again. The storyline twist and turns and there are so many surprises I lost count. The descriptive ability of the author kept me totally engaged as I watched the story develop. The actions builds as you read on and the ending does not disappoint, it was a masterpiece of ending one book and leaving you begging for the next. Can’t wait to see where Phil takes us next and I for one will be there with great expectations"
Mark,,108,5,"April 5, 2023",fantasy；litrpg,12,The Rascor Plains lived up to all the promise I saw in Bastion and then some. The Immortal Great Souls has become a new favourite series and i can't wait to see where Tucker takes us next as we travel with Scorio on his epic journey to discover the 'truth' of Hell.
Reading Hag,32,3,5,"April 1, 2023",,7,"Scorio and the crew are back once again for the continuation of their epic adventures. This book absolutely does not disappoint. Hang on for another wild ride with plenty of twists and turns. I am going to make the assumption that you read Bastion, which is what brings you here. If you’re anything like me, then Bastion has quickly become one of your favorite books. The Rascor planes is an excellent continuation of the story. We see continued character growth, and development. Although there are bumps and bruises along the way. We watch our friends gain new powers as they level up. I appreciate how organic the leveling up throughout this series has been. It is not as ungainly, as it is seems in some other litRPG‘s Their relationships also grow as they face challenges and difficulties. I am trying not to give anything away. But I will say that I do hope some relationships will mend. While Jova has never been one of my favorites, I did hold out hope for her in this book. I am anxious to see where her character goes within the story. Also, Leonis and Lianshi. I adore them. And I genuinely hope they continue to be a big presence in the next book although I am having my doubts. I also appreciated the appearance of characters from early on in Bastion…Nox. That I wasn’t sure we would see again. Overall I thoroughly enjoyed this book and look forward to next one. Phil has solidified his place as one of my favorite authors. I should also note that I received this story as an ACR reader. I had four days to read and review this book. And I had no trouble doing so. It was such an easy story to get into and binge."
Sean T. Forster,24,3,2,"May 22, 2023",,6,"I feel that Phil Tucker feels like the world is out to get him and is translating that bitterness into Scorio's story. There are a lot of incomprehensible things going on through the story that just don't even begin to make sense when you get through the points of it, such as big ole lies by a cut throat amoral group to pander to good ole perfect moral mr accountability Scorio. But what's more is that no matter what it is that Scorio does, no one ever starts to treat him better. Everything is massive hypocrisy, massive mistreatment, massive penal colony, manipulation and torture. And Scorio is about as bright as a bag of rocks. If you do bother with this and get to 56% you'll see exactly what I mean. The very FIRST conclusion to be drawn is the last one reached by Scorio. But, plot armor. Gotta keep him naive even after 7 months of brutal hell and pain as everyone continues to abuse him and refuses to treat him well. I mean, open your eyes man, seems pretty clear all the fed nonsense to bring you there was a clear lie. But WHY lie to him? For Jova? For the extremely flimsy thread of ""package deal"" when they sorta are just kinda walking the same direction and barely talk or know each other? These master minds that manipulate so thoroughly their 40 followers get in on the conspiracy for directly acting towards this 1 person and gaslighting him and his 3 friends of the crew to mislead them of supposed good intentions, lying so thoroughly about how wonderful they are for 7 freaking months? That many people that are that amoral and thuggish wouldn't begin to hold up a conspiracy for more than a week.In every rag review that kills me, it is the psychology, when things can not hold up to a simple occams razor, and the psychology gets absurd and unbelievable, that's when I have to drop the 1 or 2 star reviews. Especially when it seems the author is just venting their own bitterness at the unfairness of the world. Every story needs conflict. But unending nonstop bitter vitriolic hypocritical nonsensical mistreatment by everyone save 2 or 3 all but powerless sidekicks that sort of are kind of there? Come. On. And the one shoulder shrugs that EVERYONE does. Individuals have idiosyncrasies. If EVERYONE does a one shoulder shrug, it's just a shrug. Seeking a word count? A page number amount? Filling in as much as possible with silly descriptors? There was also a rule in creative writing and composition my teachers instructed, keep the vocabulary to the widest audience reach possible, but Phil is trying for PhD grad level where he constantly has to define the words or descriptors so anyone has a clue what he just said. Things you would have to be an anthropologist or archaeologist to know, a geologist to know, just extremely specialized words. I have been reading high level fantasy and fiction all my life, and this just feels like trying to impress himself. Like I said in my review of his first book, it's like he has an SAT thesaurus out as he writes. And chooses the most obscure word, then adds the defining description and contextualizes it, creating a totally unnecessary paragraph that distracts from the scene and flow.I continue with the story because at the HEART of it, its a decent STORY, but the author's bitterness, victimhood, endless hypocrisy and just lack of balance in acts, the impossibility of tasks gets in the WAY of it. FOCUS."
PunkHazard,79,4,5,"April 7, 2023",best-of-2023,4,"Holy mother of all the hells and the furies of the Gods this book was amazing. Like orgasmic amazing. Like I am vibrating with anxiety and adrenaline. This book is the reason I read fantasy; this book is why I am glad I picked up reading books in the first place. If I don’t read another good book for the rest of the year, 2023 is still legendary for me. Plot, Characters, Action/magic system, perfection. Plot: Where do I even begin? While the book was amazing, most would seem to agree that there wasn’t much happening for a good portion in the middle. The first 100 pages were amazing with all the students hunting our group, cool powers and adrenaline inducing moments. After that it slowed down considerably with their meeting with the underground leaders, their journey across the Rascor plains, the rain wall and eventually to the fiery shoals. Them getting attacked by 6 fiends and saved by the White queen was exciting but then it slowed down again up until the Crucible. That’s not to say that stuff wasn’t engaging, because it was, it really was. It set the groundwork for so much to come later. The house politics, the White Queens accord being subverted, the betrayal, fighting with the manticore members and getting to know them for Scorio to eventually fight and kill them. None of it would have been as cathartic as it was without that first half of the book setting all that up.With that being said, nothing could have prepared me for that second half. From the moment Scorio was thrown in that crucible it was like Crack. My heart broke seeing Scorio in that state for that long (2 years! I did not see that coming), I haven't seen such a well done and emotionally exhausting “torture” scene since I read the second Great Coats book. I could feel his internal agony bleeding off the page. Kudos to Phil Tucker for communicating that visceral and raw state of his mental and emotional state.When he started funneling that Gold mana I literally did a fist pump in the middle of work. I was so giddy and excited. His advancement to Flame Vault made me hop up and down. The wings were a little smaller in scale than I was expecting (compared to Jova) but I still really liked it. I think it was a nice touch and really matched his general demon vibe and aesthetic. Then we started the Hunt. The best scene in the book was just seeing Scorio so overcome with rage and fury mercilessly hunting down Manticore and those that wronged him. It was so cathartic to see Devalos melt in lava, Evelyn fall helplessly after talking so much shit and begging for her life, and the others run for their lives at the sight of Scorio. The scene of Scorio attacking the castle with the rod and their subsequent escape and pursuit was my favorite part. The action was on point, the tension was raised to the max and it was just unabashedly awesome! His reunion with Noami after 2 years after everything that happened made me cry. No joke, tears rolled down my cheeks. Leonis and Liashi?!?! I did not know Phil Tucker was that brutal!! Characters: Scorio: What can I say that hasn’t been said already? I love this man. I support and care about everything he does. Even in the first book I empathize with his thoughts, rage, pain and happiness. When Jova was telling him not to be so happy about his success and even though he agreed that he let it go to his head, I never felt that way. I was happy for him regardless (though I knew it couldn’t last). If Scorio said he wanted to burn the whole world down I would support him, I trust his heart and instincts that much. I love a good revenge story so seeing him lose himself in his hatred and killing intent felt so good. Leonis and Liashi: Are you kidding me?! I did not see their deaths coming at all!! I cried and denied it to my last breath. Even seeing the tombstone didn’t convince me. I could not stop thinking about it for the rest of the night. And the end where Scorio had to accept that they are different people after being reborn broke my heart all over again. It’s so sad and unfair. The last book ended with 7 people in the group and this one ended with 2, That’s almost too much to bear. It was nice to finally see their tomb spark powers and I hope we do see more of them, I will miss their group friendship. Jova: Fuck her. Like for real. At first, I thought she was tricked or lied to about Leonis and Liashis’s death and once she saw Scorio again she would immediately defect back to his side. But no, the SOB doubled down and attacked Scorio and Naomi, defended Dameon and even chased them down through a giant storm Rain wall. She went all out on her betrayal, and I will never forgive her. Even her attitude before that pissed me off. How she kept referring to saving all of Bastion as a “pet project” and all that “You’re not the man I thought you were '' bs. Her head was so far up her ass that it was ridiculous. I was so happy Scorio didn’t want to travel with her again. Phil Tucker really knows how to make you hate someone. Manticore: I have seen some people complain that they were just mustache twirling villains but I liked them. All of them had enough personality and presence to make them stand out in their own right. I think Evelyn’s betrayal hurt the most because I thought she was so pleasant at first. Her talking shit then begging for mercy a second later was fun though. Same with Davalos trying to reason with Scorio. My favorite was Ydrielle’s death and seeing Dameon constantly run like a little bitch from someone 2 levels lower than him. It felt so good.Praximor: Untimely a great villain.I honestly believe him when he says he cares about raising the next generation of great souls. I also believe he’s delusional about his role in it. He's sadistic, cruel, manipulative and strangely engaging to watch. His fight at the end and death was so cool and well done to me. The culmination of everything we’ve been through. Admittedly I was surprised to see him die so soon but I get it's time to move on to larger threats. I will miss him thoughAction/Magic system:Hands down my favorite part of any fantasy story. I am just in awe of Phil Tucker's imagination and attention to detail regarding all the different abilities. I was floored by how each and every ability we saw felt multifaceted with its own strengths and weaknesses. Like any random character that Scorio took down could be the protagonist of their own story and not just some group of people shooting generic fire balls. I’m talking about blades that cut only flesh and not bone, fireworks that spray glass shards, boomerang attacks that double back, sandstone giants, shattering the air, winged lion riders and so so so so many more. I could go all day listing all the varied and cool abilities we saw. It is so impressive and why this series is so fun to read.Another aspect I really like is how there are abilities that weren’t strictly combat related, I don't think we saw any of that in the first book. I’ve made the HunterxHunter comparison before but this really feels like that. It also helps with scaling in my opinion, instead of bigger and bigger explosions, we get to see more nuance and compatibility in the fights. It made sense why a Pyre lady with no offensive ability would be scared of someone on a lower rank who is a purely savage fighter. It makes the interactions and confrontations harder to guess the outcome of even if the ranks don’t match up. I like that dynamic more than most other progression fantasy series I’ve read. I think it does it better then even CradleLastly I want to talk about just how multi-faceted combat is. Like I mentioned above it's not just about bigger fire power. There is so much when it comes to fights, there's Mana quality, mana quantity, mana control, shrouds, individual abilities, saturation of the body, heart depth and reactivity and most of all creativity. We saw this in the first book but being able to see so many more abilities and fights in this book really highlighted how well thought out everything is.World Building:I don’t have much to say here but not because I didn't enjoy the world, I definitely did. It was so amazing and expansive. I honestly didn’t think we would get to see as much as we did. Hell is truly a wonder and it makes me so excited to see the rest of it. I think my favorite world building aspect was the floating islands. Also can’t wait to see the Iron Weald and Last rock and fight against the Blood Ox. Super long review as usual but I love this book. The Immortal Great souls is my favorite series of all time along with Cradle and Dungeon Crawler Carl."
Ethan Stokes,9,1,5,"April 5, 2023",,4,"Great book, starts slow like the first one but then the story falls with a rush into a golden pit full of surprises and sweet vengeance. One note: The author really needs to have more proofreading done to fix some of the spelling errors. Great second book can’t wait for the third."
Connor Sewing,2,24,5,"April 5, 2023",,3,It’s been a while since I read Bastion but after I got back into this book I could not put it down. My only problem now is having to wait for the next one.
Reaper Hound,557,7,4,"November 21, 2023",2023-reads；audiobook；litrpg-progression-cultivation,2,4.75
Matt,2,1,5,"April 9, 2023",,2,"Phil Tucker has done it yet again. Easily as good as Bastion, perfectly paced and leaves you craving more of Scorio’s trials."
Samuel F,2,,3,"April 14, 2023",,2,"Lots of spelling errors and strange grammar.Would have enjoyed the book more without the use of f**k, sexual jokes and promotion of pronouns.Decent plot but somewhat predictable, would be nice if Scorio had some long-term disadvantages as every problem now feels like he just resolves it and moves upwards (except Leonis/Lianshi)."
Anthony Mele,3,,4,"June 14, 2023",,1,"The lack of an editor is the only thing keeping this from a five star book. Especially near the end. The book's pacing felt a bit slow, but I'll forgive it for the ending being spectacular. I hated to be pulled out of such an amazing ending because of constant misplaced words/characters warping to places they weren't previously. Was too jarring."
Jez Cajiao,,289,5,"May 4, 2023",,1,"This was even better than the first book, which is one of my favorites. Phil you’re a hell of an author and I can’t wait for the third book! Anyone that’s in any doubt about this series? Give it half an hour. You’ll be hooked!"
Ash,210,6,4,"November 17, 2023",,1,"It was a bit slow to start, but the last half was so good!! I can’t wait to see where the story goes!!"
ShandyT,92,2,4,"November 27, 2023",reviewed,1,"Needed an editor—Nick Podehl no doubt did his best to smooth over all the errors in his narration, but even he couldn't do anything about the instances where characters' names were mixed up.Not a bad book, though. It moved a lot more briskly than the first one, and I found myself hooked."
Chip,858,52,4,"May 13, 2023",fantasy,1,3.5
Jason Humphries,34,2,5,"February 13, 2024",,,"I really like progression fantasy so this book really hit the spot for me. Here's my list of dislikes, followed by likes:The first half of this book was the driest, most unmemorable slog ever. I pushed my audiobook speed up to 2x and it was still a slog (I would have gone faster but beyond 2x some of the voices were unintelligible). This series has always been excessively wordy, requiring 3-4 times as many words as any other author to explain anything, but at least in the previous book things kept happening. Luckily the second half of the book was better in every way.Spoilers from here---------------------This book really focused on how Scorio had lost his drive and was struggling to find it again. This is... not a very fun topic for a progression fantasy. Usually the reason the main character is the main character is that they are the most insanely motivated person on the planet. So in this book we are forced to watch Scorio do nothing for advancement for nearly half the book. It was rough. Also, it wasn't resolved. He never figured out a way to be consistently motivated, he just decided to kill a bunch of people. I'm worried the next book is going to do the same thing and have him struggle to have any motivation.Scorio is a huge idiot. I am not faulting him for falling into the trap, because that plot was ridiculously convoluted. Scorio is an idiot because he never thinks through the next step of any plan. He spends the entire book blindly stumbling forward. Someone tells him to spend 6 months crushing rocks by hand? Sure why not. He won't even question it. Then when he gets out of the crucible he is still an advancement level lower than all his enemies but he just immediately starts charging at the nearest ones every chance he gets. He never even asked anyone how to advance to dread blaze. He was probably right on the cusp of advancement after perfecting his heart but he never even thought about it.One of my main gripes is, how come everyone in this universe delights in causing others pain? Outside of Leonis and Lianshi, every person in the series has talked about the pleasure they get in causing their enemies pain. It's really weird. Is that just part of being an immortal great soul?Scorio got totally screwed over for his flame-vault upgrade. Wings? Other people got stuff like levitating all rocks. Higher levels seem to give you flight anyway so the wings will be completely useless later on. Basically like strapping a big target to your back.Scorio is the luckiest person alive. The number of times he blunders his way directly in to a one-in-a-million solution is incredible. At some point the series is going to have to address his luck factor. If there isn't some omniscient being guiding him to every solution then this book is full of plot holes. His enemies drop him into a lava-pit, but the case that they seal him in happens to be the perfect unheard-of method for advancement and heart healing? Oh come on! Also, shout out to Naomi for being about half as lucky as him. Finding an unprecedented way to re-forge your body in silver? lol, sounds about right.Ok, so it's really easy to write about problems with this book but here are some of the things I liked:- Leonis and Lianshi getting rebooted. And they're dating now? And both Tomb Sparks? And not Scorio's friends? What an upgrade!- The Crucible. It was totally a Deus Ex Machina, but I still really liked it. Turning a death sentence into advancement is a classic move. Plus the heart perfection and re-forged golden body were cool.- Finally taking down Praximar! It's all been leading up to this, and the final battle totally delivered.- I like Nox the toad better than any of the other characters.- The worldbuilding is really fun. They clearly aren't in hell, but instead are an invasive species on a foreign planet. This book didn't really advance this part of the worldbuilding, but it will be fun when the ax finally drops. - The murder-spree of a second half of this book was great.- I'm glad Scorio didn't forgive Jova, she did some horrible stuff."
Sundeep,,11,4,"April 20, 2023",,,"In preparation for ""The Rascor Plains"", I reread Bastion last weekend. There's also a recap at the start of this book, along with a list of power levels and current stage for main characters.The book picked right from where it ended in the first book — Scorio, Leonis, Lianshi, Naomi along with Jova, Zala and Juniper fleeing the academy. Political ploys came into fore immediately with the Pyre Lady from House Kraken cornering them. And then, the washed out students were set loose in an attempt to catch Scorio and others — though some of them did have impressive powers to briefly give trouble, it didn't make sense that Praximar didn't send instructors or his own House agents. Especially given what Praximar did later on.Anyway, the streets being rife with riots, Scorio killed a House enforcer and managed to convince the rebellion leaders to give him ten days for finding a peaceful solution (asking The Queen to intervene). After a brief meeting with Feiyan, Helena and Memek, they were on the way to the Rascor Plains led by the mysterious Manticore group.I had loved the other worldly nature of Bastion and things were even more weird outside — the ash lands (which I think will play a role in a future novel), rain wall, flying islands, the whale ships, powerful fiends, etc.Speaking of fiends, despite the presence of two Dread Blazes, the group were in dire trouble. The Queen came and rescued them, which I thought was suspicious — turns out it was due to her preeminence. The fiends were an increasing concern in recent months too.More politics at the Fiery Shoals (along with more amazing worldbuilding) and The Queen's solution for Bastion seemed a good compromise for the time being. Would be interesting to see if Kyrie's research into fiends would play a role in the later books.While Scorio was on a high about bringing peace, Praximar had something sinister brewing and Jova lost her high opinion of Scorio. The team game was interesting, especially getting a look at the powers of Manticore at play. The party afterwards didn't go well, with Ravenna cornering Scorio in yet more political play. It was great to meet Nox again, who continues to be a huge source of interesting tidbits.Finally, the team departed from Bastion again and this time to the Chasm in the plains. Yet another amazing piece of worldbuilding and full of mysteries. I was excited about the training to come, but that turned out to be the start of dark events. Five months of hard labour for Scorio and Naomi to get rid of coal in their bodies was brutal to read. What I couldn't believe was that Leonis and Lianshi let them get depressed. Of course, it didn't help that Jova advanced to Flame Vault.And then came the betrayal, which I caught on just before the artifact was deployed. And when Scorio was pushed into the gold crucible, I knew it would turn out to be a blessing for him in the end. Again, I was surprised that they didn't outright kill Scorio. Perhaps it is something to do with the lucky wind (mentioned in an earlier chapter by one of the Manticore Dread Blazes, wonder if that'll come up again).The chapters covering two years of Scorio in the crucible got really depressing to read. Among the positives were mending his damaged heart, body now tempered by gold mana and advancement to Flame Vault.At first, it was cathartic to read about Scorio going about his revenge and overcoming the Manticore Dread Blaze (with help from Pyre Lady Moira). But it became depressing to read when it continued, right till the end of the book. Somehow, Naomi escaping the execution was both believable and unbelievable. She too advanced somewhat similar to Scorio's time in the crucible, making use of silver mana in the Chasm. Their plan to bring down the flying island was insane, but somehow they managed to escape — probably because Dameon chose to flee instead of staying to fight. Wonder if Scorio will someday retrieve the rod.Back to Bastion again. It was interesting to see Dameon and instructor Whip utilizing their powers. Dameon's trap ended up succeeding. A lot of powers described in this book reminded me strongly of Worm by Wildbow.Poor Scorio, got trapped in the same way again. But Praximar didn't learn and foolishy threw him in the basement that so happened to host Pyre Lady Druanna as well. Scorio burning coal to call for Nox was cool (and foreshadowed earlier). I didn't get how Nox was able to overcome the coffin trap when powerful gold fiends couldn't.It was good to see Lianshi and Leonis again, reborn and Tomb Spark already. But ultimately the group is no longer close like it was in the first book, which was a very sad outcome.Jova joined Scorio again and together they managed to give Praximar a scare. When Iron Tyrant was called, I thought that perhaps he would take care of Praximar. However, Scorio managed to kill someone two levels above — really pushing the limits here, but then Scorio had managed to distract Imogen in the first book too.So overall, this was a good follow up. But personally, a touch too dark (to be fair, that was to be expected) and especially the loss of group comradeship soured my enjoyment."
Andrey Lukyanenko,278,7,5,"March 31, 2023",,1,"I received this book as an ARC reader, and in exchange, I offer my honest appraisal. This novel is a progression fantasy set within a hellish realm, replete with a fascinating cast of characters. It employs a softer progression system as opposed to the rigid mechanics often found in RPGs. Our heroes hone their skills, fortify their foundations, and achieve breakthroughs upon reaching certain milestones.As the first book concluded, we were left with a large group of heroes that continued to grow. It is only natural that it becomes challenging to maintain focus on such a vast array of characters. Thus, the narrative eventually narrows its attention to several key protagonists.Regarding the development of our heroes:* Since the beginning, I have remained detached from the stories of Leonis and Lianshi. While their changing roles evoke a hint of sadness, I'm okay with these changes;* Jova's character is well-written and evoked strong emotions in me: I didn't like her in the first book, and my dislike has only grown. I find her personality off-putting;* I'm pleased that Naomi has managed to overcome some of her lingering resentments, and I'm excited to see her progress in both her character and her skills;* Scorio, as in the previous book, faced numerous challenges but consistently exceeded expectations. Reading about his mental state and its changes was genuinely engaging. I'm curious to see how far he'll go on his own before joining a new faction;An intriguing aspect of the story arises from Jova's observation that Scorio has lost his motivation and ceased training. This raises an interesting question for consideration. In some tales, protagonists train relentlessly, devoting nearly all their time to self-improvement; in others, the main characters excel under pressure but allow themselves moments of respite. I believe it is essential to strike a balance, for nothing can function at peak performance indefinitely without succumbing to wear and tear.The novel's midpoint delivered a series of events that served as my highlight. While I anticipated that something significant would transpire, these events' sheer scale and gravity exceeded my expectations. The author masterfully executed and foreshadowed these occurrences, making for an enthralling reading experience.The inclusion of a specific, familiar ally in the climactic battle was a delightful touch.I cannot help but ponder the ramifications of Scorio's decision at the novel's conclusion. Surely, one cannot decline such an offer without facing the consequences.In summary, I thoroughly enjoyed this book and eagerly await the opportunity to continue following our heroes' journeys in the subsequent books."
Kenny Gould,,9,5,"May 15, 2023",,,"This review was originally published on my blog, Gould's Guides. Check it out  for more fantasy reviews!If you’re here, you’ve probably read Phil Tucker’s , the first book in the Immortal Great Souls series. Like almost everyone else, you probably enjoyed it. In Bastion, the first book of the Immortal Great Souls series, author Phil Tucker showed us a fantastic setting (Hell) and a unique progression system where every character had a different power that spoke to his or her personality. This sequel to Bastion—The Rascor Plains—takes everything people loved about the first book and adds even more fight scenes, lies, and betrayals to create one of the most exciting progression fantasy novels to come out so far this year. Scorio is a Great Soul, destined to an endless cycle of death and rebirth. After the events of Bastion, in which Scorio pissed off virtually every powerful entity at a magical school called the Academy, The Rascor Plains opens with him and his friends running for their lives. This group includes several fan favorites from Bastion, including Jova Spark, an enemy-turned-friend and one of the most powerful students at the Academy besides Scorio himself, as well as Naomi, Lianshi, Leonis, Juniper, and Zala.Out of their element--and their league--Scorio and his crew put their trust in the mysterious House Manticore, a group with no allegiance to the four corrupt houses that dominated the city of Bastion. But as Scorio quickly learns, looks can be deceiving. Because in Hell, even your friends can lie. If you enjoyed solid Will Wight’s Cradle series, or  by Bryce O’Connor and Luke Chmilenko, you’ll love Bastion and The Rascor Plains. Although this isn’t a Bastion review, Iron Prince is an especially fitting comp for that book, because both Iron Prince and Bastion take place at schools and deal with themes of betrayal.The best comp for The Rascor Plains is Bastion, which is almost silly to say—a sequel should be similar to the book that comes before it, right? Well, sure. But how often have you read a book, loved it, and been disappointed by what comes next? I’m looking at you, Wheel of Time! But Bastion had so many great elements, and The Rascor Plains continues to build on the characters, setting, and themes in a cohesive, well-paced narrative. Fans of Bastion lauded the book’s characters and their unique powers that speak to some element of their personality, and The Rascor Plains continues to showcase and expand on some of the more unique powers acquired by Scorio and his friends. As a genre, progression fantasy follows a character through a series of predetermined stages, with the character gaining increased powers and capabilities at each stage. In The Rascor Plains, it was a joy watching Scorio and his friends continue to advance. I not only loved seeing their new powers in action, but also enjoyed seeing characters who have advanced far beyond them, and wondering what Scorio and company will look like once they hit those further stages of development. The other piece I’ll highlight here is the world. The city of Bastion feels so expansive that Tucker could’ve used it as a setting for an entire series, but we get an entirely new setting in The Rascor Plains, and these are just two locations in a series that will have at least eight more volumes. I’m excited to explore the other parts of this world, as the books have hinted at locations and creatures that make the most dangerous settings and enemies of the first two volumes look like kittens. Honestly? Not a ton. If anything, though, I’d say that Tucker gave us *too much*. I’d need six more hands to count the number of times we see the characters match powers in some awesome battle (that’s a non-spoiler book-related joke for those who have finished).“What?” you say. “Isn’t that a good thing? How is that a critique?” Hear me out. Throughout this marathon of a book, there were three or four points where readers got *huge* payoffs. I won’t spoil anything, but at each of these points, I thought, *This would be a great place for the story to end.* But no! Tucker kept going. By the end of the book, I was breathless. I was almost mad at Tucker for not splitting this into two or three books because I wanted him to take more of my money. The story was so good and the characters and the world so richly developed (especially for the genre!) I would’ve happily bought a second, third, or even a fourth book to support Tucker’s work.Is this critique just a compliment? Certainly. But that’s because this book rocked. Did I enjoy the book? Yes. Was I entertained? Yes. Was I so entertained that I would’ve chosen The Rascor Plains over another form of entertainment at a similar cost? 100%, yes. I’d give this one a 9/10. Well done, Mr. Tucker! I can't wait for the next one."
Jordan,594,11,5,"April 15, 2023",,,"Added the spoiler tag to be safe but I'll keep things vauge all the same. So despite loving this book, I wasnt totally invested in the begining. I think as a reader we 100% knew there was going to be some kind of betryal coming from Praximar, although the form it took was great and suprising. What I'm trying to say is I was waiting for the other shoe to drop from far too early and not actually taking the story in, plus it was reminding me of Sol + Praximar where Scorio raised things only to be brought back down again. I think I probably owe this book a reread.However while that all sounds negative none of it was bad and its really all on me and my brain not letting things go, I really got pulled in around the halfway mark. The whole gold thing was great, and I'm delightied that I had an inkling about the wings, it just fits the whole motif. The revenge scenes were incredibly satisfying and I think we all got to enjoy something we've waited for since book 1. There was some negatives in the form of editing, suprising as I usually find the author's books to be pretty tight. There was a lot going on though and some names got mixed up in some fight scenes , I had to go back and reread those scenes thinking I'd gotten something confused. Overall not a big deal. Not badly written or a negative on the author, these are my own negatives, but I did feel the progress in regards to Lianshi and Leonis was while very world appropriate and quite clever, also quite bitter. In that regard Jova's character had quite the disapointing arc, spot on for the character we've seen but after the conclusion of the last book and some comments made early in this one I was suprised by her choices. I think theres a lot of room for this character and I thought Scorio's end decision was great. It think if theres future contact it might brings things in a great circle, but we'll have to see how that plays out. The author once again leaves the reader dangling for more and the end of his Immortal series book and I am very much looking forward to more. If this review sounded overal negative, this book was still a 5 star read and I promise if you enjoyed Bastion (I strongly suggest you do) then I promise you'll enjoy The Rascor Plains."
Charles L.,9,1,4,"June 3, 2023",,1,"This book has simultaneously the some of the most mediocre and best writing in the entire genre of fiction. The first half was a complete snoozefest, like a run-of-the-mill teen adventure book. What kept my hopes up was the hilariously transparent foreshadowing, with characters raising obvious deathflags like ""Life couldn't be any better"". Oh boy did I not expect exactly  terrible things would get.Phil Tucker has mastered the art of tension and stakes. Scorio and friends suffer some of the worst torment possible only to then rise against all odds with sheer grit and hatred, and I was absolutely enraptured.However, there are some glaring issues. The book seemed like an uncorrected first draft. There would be spelling mistakes galore, and the power ranks keep getting mixed up, like what the heck is a dread vault? Jova Spike suddenly turned into Jova Spark for a couple chapters too. 99% of these can be resolved with just one readthrough by anyone with a decent proficiency of English.Furthermore, it was really strange how the main villains suddenly became two-dimensional caricatures in the second half, but I guess their over-the-top evil actually helped make it more cathartic when the revenge happens.It really is a miracle that Phil Tucker can churn out amazing content so consistently, but I really hope that there is a higher standard of quality control in the future. However, even with all those problems in mind, this book deserves at least a 4.5/5 from me, and I would strongly recommend it to anyone who loves fantasy."
Kevin,37,,5,"April 21, 2023",,,"I'm a PT fan. The worlds Phil creates are deep, and dense, with multiple storylines. Rascoe Plains is book two from Bastion (I suggest you read that review first). We find Scorio in a good spot - shockingly! Things are going his way and he's actually a hero (WTH???) To be honest, I had difficulty reading the book's first quarter. Everything was going Scorio's way - it was kind of boring - BUT very important. The rest of the book was what we've grown to expect. Yes, there is betrayal and yes, Scorio finds a way not just to survive, but to thrive. The difference - you'll never guess how or what. And that is what makes Phil's books stand out. He creates worlds no one has written about. There are no dragons, elves, or fairies - this is hell! However, his definition of hell is not what we read in the Bible. Sure, there is fire and brimstone, and yes the characters have some horrific traits, but nothing is unholy. He could have called this world Zorkan and it would be the same. The point, while Scorio, Namomi, and Nox the Imperial Ghost Toad live there, they all have souls and care for each other. However, when they die, they are reborn at a later time - maybe not Nox?As I said, this series is unlike anything you've read. There are so many pieces and people moving around, with so many twists - you will be unable to put it down. Once again, my only regret is having to wait for book three. When the series ends - I look forward to starting from book 1 and finishing to the end.Highly recommend is an understatement."
James Olinde,4,1,5,"April 2, 2023",,,"I received this book as an ARC reader, and in exchange, I offer my honest appraisal. The Rascor Plains (Immortal Great Souls Book 2) continues the story of Scorio and his friends and acquaintances as he progresses from the limited confines of the City of Bastion to the Rascor Plains and the much larger challenges and opportunities it provides. In book one of this series, Bastion, we learn that Scorio Great Soul, a powerful being that is reincarnated multiple times. Great Souls reincarnate and only have a vague feeling of their previous lives and if they're luck, can find writings from their past to inform them of what lives they've lived. Unfortunately for Scorio, he is also a Red Lister. Red Listers are known and infamous for something from their past and are scorned when discovered. Scorio is forced to live initially in an unforgiving underworld until he manages to break out. Book 1 is a tale of progression in what we now know is the somewhat limited scope and scale of the city of Bastion.This book (Rascor Plains) significantly expands not only the scope of the world, but also Scorio and his friend's understanding of just how much they still have to learn and grow. I won't give away any spoilers as I thoroughly enjoyed discovering them myself. I will simply say that the characters growth is significant and the imagination of Phil Tucker is impressive. He finds a way to write engagingly while describing an intriguing and detailed world that I haven't imagined before."
Shaun,1,1,5,"April 2, 2023",,2,"I absolutely loved the first book, Bastion, it felt like a super unique take on the progression fantasy genre. From the incredibly imaginative world to the main character, Scorio, who manages to overcome setback after setback to become stronger.The second book, The Rascor Plains takes the adventure to a different level. The book still has the fast-paced feel, but there are is a lot more time spent on Scorio’s growth as an individual, rather than the growth of the overall team like it was in the first book. I appreciated the expanded worldbuilding, from flying whales to rainstorms to deep chasms that make me think of anime like “Made in the Abyss”, it was super imaginative and helped me feel more engrossed in the book. I felt that some of the naivety of Scorio is starting to be eroded and he is becoming much more adjusted to the world, but at times I did feel like there was a bit more plot armor for Scorio than in the first book. Sometimes it just felt like he never learned his lesson, until he finally understands at the end of the book that he really needs to be smart about who he trusts. I can’t wait for the next book and seeing more of the world and the very well earned power ups that Scorio and his friends will experience. Side note: This is a big book, but wow does it feel short, because it is so engrossing and the struggles feel so real. Highly recommend! I received an Advanced Reader Copy (ARC) in exchange for my honest opinion."
Edozack95,9,,5,"April 25, 2023",,1,"A sequel that is miles ahead of the first book!I read the first book of this series, and I liked it. In the Progression Fantasy genre, it was a gem, but it was still missing something. And boy, this book found that thing, and it shows. A lot. For everyone reading this review, stop, go read the book and then come back, you're going to thank me, it's just perfect. I'll try not to make spoilers, because boy, there are some BIG spoilers. We left Scorio and his friends with a difficult path ahead,  so the book starts from that exact point. At the start, the pacing is frantic, putting the reader in the heat of the moment. From there the pacing is perfect, when the characters need more room to breathe, the authors let things go more slowly, while hidden under sight things are growing, and boom, it's an avalanche. If I liked Scorio in the first book, in this one he grows a lot, not just in power (it's Progression Fantasy, it's expected), but as a character. This book went beyond everything I was expecting, I think that it's a strong candidate for my best read of 2023 (the other strong candidate is the new books of James Islington, but we will see). Pro-EverythingCon- Just a little nitpick, I hated how a character behaved, I found it's just a little I don't know, strange"
Apellön,6,,5,"December 2, 2023",,,"**Title: A Smart Unveiling of a growing web ***Rating: 4.8 star*The second book adeptly builds on the first, slowly expanding the universe while building a more complex plot. My expectations on that side were not misplaced. Though i wished we could have “seen” more , the writer added few cards to his desk and played them well. It frustrating but it also teasing at the world's vast potential. In a way sometime the writer like in book 1 seems to take a little too much time on some details while there is still so much to learn and do.. but its so well made that i cant really complain. The narrative's depth sparks both frustration and awe… i wonder if its going to be a 10-12 book series? Scorio is still interesting, strong and reliable but also a little lacking ? I mean his skillset is fairly ordinary compared to some - and it adds authenticity, making his story more relatable. I feel all the characters are relevant. And overall had a great read and wish for more ! Where is he gonna go ? Be ? And yes im still waiting for him to kick even more “butts” and gather his army/kingdom building style and idk conquer not only land , and prestige but also truths and mysteries. Wich seems the way the story is heading overall with nice twist and turns."
Leslie Baptiste,1010,11,4,"May 18, 2023",,,"First of all, I like the story a lot. It’s very good, very long and very fast paced. The MC has a lot of character introspection, but not enough on the nightmare lady she needs some introspection of her own. I’m glad the MC and Naomi are back together because they are a team and they belong together in this book. I know there may be a chance of a slow burn romance, which I can’t stand either do or do not there is no try. The only other issue I have with the book is that the MC is too weak. He always gets his butt handed to him, get reduced to a meat shield, and is on the verge of death before he succeeds, don’t particularly care for that in books that I read. Like my characters to kick butt and take names. Besides that it’s a great story. eagerly awaiting the next book to see where Scorio and Naomi wind up. Can’t wait."
Rex Schrader,11,3,5,"April 12, 2023",,,"I love this book on two levels:Firstly, the language is beautiful and evocative. The typical progression fantasy or LitRPG novel tends to be written by amateur authors, and it shows. Tucker, on the other hand, is practically lyrical in his prose. I had to use my e-reader's dictionary functionality a few times to look up words, which is unusual, because I read a LOT.Secondly, Tucker really knows how to set up high stakes and tension. Yes, on many occasions the MC gets to kick ass, but he is DEFINITELY not the biggest fish in the ocean. He and his friends are surrounded by schemers and people more devious and powerful then them. The tension can be exquisite, the falls devastating, and the climb back up so delightful.Just a great story!"
Daniel Lubarsky,7,,5,"March 25, 2024",,,"This series is earning its place in my Mount Rushmore of fantasy series. Book 2 follows up a phenomenal book 1 and does not disappoint. At the beginning you get lulled into comfort and getting away from the tenacity you saw from Scorio in book 1, which initially made me question where all the exciting elements from book 1 were. But you come to find that it was all intentional, every part of the book had purpose, and by half way through it felt like you had a personal stake into the revenge and vengeance arc. Just all around this series continues to hint and show greater powers, stronger enemies, and new territories to explore which continues to suck you back into this world. Absolutely ecstatic for book 3 and the rest of the series"
Superuser,51,,5,"April 16, 2023",,,"There were times while reading this book where I could not but think of it as a work of art. The plot is so elegantly executed that you are literally left smiling at the sheer brilliance og it. The world speaks to your imagination and your inner eye is always picturing this alien and foreign world. I absolutely love this book. I would change only one thing. Starting with an action scene after a one year wait is not a good start. Its better to get back into the feel for the story and its characters before the well written action. Please, please give us the next book soon."
Cynthia Harley-Khudair,13,1,5,"April 22, 2023",,,"The Rascor Plains picks up right at the end of book one. It started out as a fast paced racehorse and ended in a spectacular fashion. This book moved at a much faster pace than book one. It had some expected twists and others that left me scratching my head going .... WTF???!!!! Definitely a five star read!If you enjoyed the first book you will definitely enjoy this installment. I highly recommend it. If you haven't read the first book, read it. You won't be able to follow and enjoy the story as much if you try to pick it up now.I am trying to patiently wait for book 3. Thanks Phil!!!!"
TwoMoreYears,117,1,5,"April 30, 2023",,,"The world of Bastion is a unique one in the progression fantasy genre and Rascor Plains does a great job of really bringing it to life through Scorio's adventures. I was a bit disappointed to leave the academy at the end of Bastion but the follow up really did knock it out of the park and I find myself wanting to visit the floating islands, Last Rock, or any other number of places we've only been told about so far. There are so many things I want to say about Scorio or Naomi, or any number of characters both new and known from book 1, but I don't know how to do so without spoiling the book. If you enjoyed Bastion at all I think you'll love this book. An easy recommend to fans of the genre."
Nicholas Soileau,5,,5,"April 2, 2023",,,"The Rascor Plains builds on sn already captivating story. One I hit the 40ish percent point, I literally could not put it down and read until 4am to see the conclusion. The only bad thing about this sequel to Bastion is that it wasn’t near long enough and the wait for book 3 will be torturous. This book made me feel like I was struggling with Scorio from page one and I was as emotional as him when the ending happened. When a book both makes me feel extremely strong feelings and is unable to be put down? That’s why I gave it five stars."
Al Davidson,,17,5,"April 22, 2023",,,"I enjoyed Bastion, but The Rascor Plaines is a solid 5-stars. It did start out a little slow. Scorio, having achieved his current goals, found himself lost. But not for long, and when the story ramped up, it ramped up to 11. Surprising twists I didn't see coming, but were perfect. How he ended up healing is heart and tempering was masterful. I definitely didn't see that coming. Scorio is a fantastic main character. Villains have believable motivations. Other characters are excellent. Definitely reading book #3, but not sure how Phil Tucker will top this one."
Emile Leiba,34,1,5,"May 2, 2023",,,"This one has it all, highs, lows, points were it lulls you into a false sense of complacency and then drops you off the edge of a cliff! One of the best written books I’ve read in a while and I literally read fiction every day of the year! I have thoroughly enjoyed the growth and development of the characters and the way the relationships have ebbed and flowed; sometimes pregnant with promise and at other times barren of emotion. I would definitely recommend this series and await the next installment with bated breath!"
Tyler Craig,2,1,5,"May 20, 2023",,,"Listen, if you’re taking the time to read this comment please hear me out. Halfway through the first book I said out loud to my friends “this author is doing the thing I hate the most…I am not sure I’m going to read the next book” Phil Tucker proceeds to not only take me on the wildest emotional roller coaster of my literary life. He also made me realize there is still originality out there. The ability he possesses to take what I’ve read a million times and present it in the most refreshing way is brilliant. PLEASE…PLEASE just keep reading!"
Lisa,38,,5,"June 5, 2023",,,Phil Tucker is now one of my favorite authors. His writing is mature and he is very detailed and articulate. The editing in this series is also meticulous. I think I might have spotted one mistake. The characters became very endearing and I wanted to be with them every moment. Scorio is a lot like us in making mistakes but acknowledging them and striving for better. His loyalty to his friends and his rise in powers made him my favorite hero. I can't wait to see more adventures with him!
Sam Edgar,26,,5,"July 3, 2023",,,"Loved it! Not for the faint of heart (or those with claustrophobia). Having been intoduced to Mr. Tucker's work only a few days ago by reading Bastion, I was immediately hooked! The Rascor Plains takes us a bit deeper into this world, further develops characters introduced at the end of Bastion, and does so at about mach 9.Like Bastion, The Rascal Plains moves very quick, taking adequate time to reveal Hell in all its glory, and to add layers onto characters we came to know in the first book.Highly recommended. Can't wait for Book 3."
Joe Collins,638,2,5,"October 7, 2023",2023-reading-challenge；fantasy；magic,,"Was a very good book until the halfway point, and then it got amazing and only kept that up. Great action, set things up well at the beginning to pay off later and the worldbuilding was awesome as well.Scorio being betrayed by Manticore, thrown in the gold mana pit but coming out stronger was the turning point. Still found it a little tough to believe he could kill Praxitor (?) Given how high above scorio he was, but it made some sense. Now it's just scorio and Naomi headed for the next level of Hell"
J C,1,1,4,"April 1, 2023",,1,"I received a copy of the ARC in exchange for a review.I found this to be an enjoyable book, picking up well from where the previous book left off. The book follows the genre with interesting development and progress, though at times I have looked at the power rankings and felt the ceiling has been set too high. Otherwise the story has some interesting plotlines, fun characters and plenty of levelling up. I'd recommend it if you enjoyed the first book!"
Mary Joyce,2,1,5,"April 2, 2023",,,"I read this book as an arc. It was really good! For me... it started a bit slow... but if you get through the first half it has a lot of action. I'm not going to give any spoilers but Scorio really goes through it this book. Even though he makes a lot of gains, he has so many losses. He tries to let go of his anger and that really doesn't work well for him. I can't wait for the next book to see if he gets back some of what he lost."
addicted reader,35,1,4,"April 8, 2023",,,"I was getting really tired of scorio's constant defeats. At about 75% I told myself I was gonna give up this book if scorio didn't have something positive happen quick. The last 25% of the book was amazing! Scorio finally got some revenge. I will be impatiently waiting on book 3 now, but scorio better kick some ass! I'm not gonna read him failing every dang chapter like this one."
Danny Moody,1148,6,5,"April 10, 2023",,,"Where the first book was a roller coaster, this book takes forever to get started. The characters in the book even recognized it. A third of the way through the book, Jova calls our MC out for not doing anything to improve himself. He thinks he is doing great for some reason. The first half of the book is filled with getting beat up, running away and testing their strength against much stronger people. The second half gets better but you have to get past the first half first."
Travis Neuman,192,2,5,"April 11, 2023",,,I’m starting to think the author hates his MC. Scorio is relentless and flawed in the most perfect way. His life is what I imagine Job’s was like; with everything repeatedly being taken from him. Yet he overcomes and is stronger for each catastrophe. Amazing series and read. Just the tip of the iceberg and can’t wait to see the wider world and how our MC progresses.
Christian,25,3,5,"April 16, 2023",,,"Honestly, i loved it just as much as the first. I feel like it could have used some more trimming. Some passages/descriptions are just straight repetitive. Like for the first half of the book each time scoria transforms it uses the same sentences and elaborates on his form. And the repetitive/exaggerated descriptions of people and places just get a little nauseating after a while. But! I love the concept and story telling over all."
Patrick Samphire,,173,5,"April 27, 2023",self-published,1,"This one shot to the top of my reading list as soon as I saw it was out, and it didn't disappoint. This is an enormously epic progression fantasy in an original, cool setting. There are lots of mysteries ongoing and I can't wait for the next book.My only complaint would be that I wish it had had one more pass to smooth out the writing in a few places, but I understand that books have to be done at some point and there are diminishing returns on rounds of edits."
Andrew J.,3,,5,"May 7, 2023",,,"Phil Tucker's books are all mind-bendingly clever and compelling. If you enjoy progression fantasy, his books are must-read. This second volume of the Great Souls series builds on Bastion, the first volume, by fleshing out the characters, amping the action, and pushing the action into a raging torrent. Scorio's journey beyond the city of Bastion into the surface of the planet is a non-stop stampede of discovery, growth, accomplishment, betrayal, and danger.Buckle up and enjoy."
Drew,9,7,5,"May 16, 2023",,,"Rich language, fantastic and internally consistent world even down to remembering to include details of the setting like spilled soup during a fight scene. Excellent institutionalized amnesia storyline. Plenty of room for more adventure, and an overarching plot that lurks ever in the shadows. Power and pettiness and humanity on a super powered setting."
Keith Clauson,59,1,5,"May 17, 2023",,,"This is a giant chunk of great entertainment. For the most part, when the MC stops being basically an embarrassment, it was hard to put down. There's a little bit of missed romance and without spoilers, a plot hole that came out of nowhere and resolved different than my likings or expectations, but that is part of what makes a good book - emotion, plot, character development - this book has it in spades!"
William Howe,1534,63,5,"May 26, 2023",,,"There’s some good stuff. Twists that are only predictable in hindsight, fierce combat, and villains vanquished.But it seems a bit overwrought. Everybody’s special powers fail before blind rage, people only move up in consistent steps as directed by the narrative, and the bad guys who should be geniuses are actually idiots.I don’t know if I want to continue. This is very angry and depressive."
Eli Wayne Smith,7,,5,"January 13, 2024",,,"Phil Tucker makes books that are hard to put down. The Rascor Plains is an emotional rollercoaster, that's full of interesting highs and lows, with a bittersweet ending, making me eager to read the next.Phil, if you read reviews, Thanks for taking the time to write this one. Your world building is imaginative and interesting, and I can't wait to learn more about it on the other side."
Matthew spratte,6,,5,"January 21, 2024",,,As a fellow writer I'm in awe of how much suffering Phil was willing to inflict on his MC this time around but boy did he bounce back stronger each time. Absolutely riveting story and again I feel that i came away a better writer and also very entertained. Also when my MC is in his pit of despair wishing for death I'll remind him to thank Phil Tucker lmao
Setia,20,,5,"February 12, 2024",progression-fantasy,,"Much much better than book 1. This book doesn’t nearly have the fluff book 1 has. I’m kind of nervous for book 3 since it’s longer than book 1 was. For reference, this book (book 2) was about 200 pages shorter than the other books. And one of my biggest issues with book 1 was the pacing, there was just a LOT of the story where nothing was happening. This book doesn’t suffer from those issues, the times where the story does slow seem relevant, and they don’t drag."
Jay Miller,4,,5,"April 1, 2024",,,"This is the second book of this series I have read. I enthusiastically recommend both to readers of this genre. I am a senior citizen who started reading Greek mythology as a preteen. I have been reading science fiction and high fantasy for pleasure for close to 70 years and seldom leave reviews. With this series I have ranked Mr Tucker highly among the authors I have read who include Tolkien, Asimov and many others of the best in this genre."
Anton Jernberg,93,2,5,"April 11, 2024",,,"Loved it. Almost as good as the first, but the almost is probably because I am biased towards training arcs, which (understandably) had a larger presence in the first book.There are a bunch of spelling errors throughout the book, which is fair since Phil is a self published author and might not have access to editors to the same degree as publisher backed authors. It was a bit annoying, but that was all it was. Annoying. It didn't ruin the book in the slightest"
Vivek Satyasi,104,,5,"April 7, 2023",,,"I really loved this book. There are many typos, but they are due to an error in the copy uploaded to Kindle. Don’t be put off by this however. While I like the entire book, the second half really kicks things into high gear and I was hooked into Scorio’s journey. Read and you won’t regret it!"
Jason,12,,5,"April 9, 2023",,,"I didn’t put this book downs. I started lastNight, fell asleep with it in my hand and continued reading when I awoke. AWESOME, nonstop action and growth in this one!!! Bastion was awesome, but there was a lot of setting the stage - not on this one. Stage is set and DAMN!!! Great installment, Phil - hurry up with Book 3"
Tyler,2,,4,"April 9, 2023",,,"Fun story, but would greatly benefit from some editing. I enjoyed the plot and overall structure, but there were many misspellings, incorrect names, and even jumbled up ranks (dread vault instead of flame vault or dread blaze, etc.). I really hope these issues are resolved before the audiobook release or the listeners will be very confused."
Henry Le,2,,5,"April 9, 2023",,,"Not much more to say, I could not have predicted where this story went if you asked me after finishing the first in the series.At first I felt that there was a bit of filler at the start of the book, but while it was a little slow to get going, it only made the end all the sweeter."
sharayu gaikwad,7,,5,"April 10, 2023",,,"The story continues just as heroically. I have but one complaint- editing. This is not the first book recently released that suffers from the lack of proper editing. Has Amazon reduced the number of editors so drastically? Please, instead of selling online books for nearly free, pay some good editors."
Reuben,16,1,4,"April 10, 2023",,,"The first 50% of this book was so slow, I almost dropped it a few times. While the last 50% was good enough that I will definitely read the next one. I thought that the author uses sentences that are way too long, that I get lost in the descriptions of the world. It then just became a empty world, making the plot seem even slower."
Greg Todd,42,,4,"April 15, 2023",,,"I enjoy Tucker's characters and writing style. However, the poor editing was really distracting. In addition, Naomi's two years in the chasm was apparently done without food. Still, I read both books and enjoyed them immensely. The characters are fun, flawed and varied. I already follow Phil Tucker Andi look forward to his next novel."
Josh Wagner,2,,5,"April 18, 2023",,,Loved This book! I liked it better than the first. I feel the author listened to his critics and took out a lot of overly detailed fat he had in the first. I just hope we don’t have to wait two years for the third book to come out! This is why I hate reading unfinished series.
Aziz Rupawala,32,19,4,"April 24, 2023",favourites,,"Rating: 4.5Wow!! This book was just as good as the first one, the only difference being at the end of the first book I was happy here it's more of a bittersweet feeling. Hopefully at the end of all of this Scorio gets his happy ending. Really excited for the next book, hopefully it's just as good."
Matthew,7,,5,"April 25, 2023",,,First half was misleading and I was getting bored. The second half picked up the pace and answered the questions that I had. Since the second half was so good I can count the first half as a slow burn. Overall even better than the first book. I hope their story continues to the end!
Kelly Flynn,23,6,5,"April 27, 2023",,,"The first book in this series was amazing, and the second has continued this trend! Well written with more action and intrigue than last time. I am also enjoying how the characters are being developed.I was in a hurry to get to the end but also reluctant to finish as now I must wait for the next book."
William Ruys,8,,4,"May 26, 2023",,,"It's not Cradle but it's close. If you want to turn off your brain, get drip fed interesting lore, and read about people with weird powers beating each other up here you go. It's the kind of book you read on your phone when your eyes are yelling at you to go to sleep but you read through the blurry vision anyway."
HDCharles,25,1,4,"July 21, 2023",,,"Great with a single significant flaw.first, the good:its a tough balance to strike between success and failure for the characters in a story. Most people don't want a story that will make them feel miserable but there also needs to be stakes. Some stories, like Star Wars, end one book/movie on a low note, so it can end on a high note. But its rare for a story arc to complete, for the characters to find both success and failure and it not being clear whether one outweighed the other. Phil Tucker achieves this and the book is richer and more enjoyable for it. At a high level the book was as awesome as the first and this added dimension only made it better, but there's one aspect that drags it down.Although Scorio is the MC, a big part of book 1 revolved around Jova Spike and its a bit similar in book 2 but this time her characterization was all over the place. Not enough for me to dislike the book, but enough that i actually knocked it down from a 5 star to a 4. My feelings about Jova....Spoilers:Her untimely death is both provocative and intentionally arousing but more than that i just wanted a buffer line between the spoiler warning and the actual spoiler and I can't help myself. Ok, for real this time. She goes from being a clear ally and friend, to distant ally, to outright enemy then back and its not really clear to me why. Her motivations don't make a ton of sense to me. I get that she gets pissed as Scorio, (though the thing about her being dissapointed about him doing manual labor and being left behind is stupid though since he didn't have a choice) then, theoretically she's honeypotted into standing by Manticore after the betrayal, but that type of subterfuge and cloak and dagger bs seems exactly the type of clan politics she seems to have wanted to avoid in all her lives and its unclear why now she's just going with the flow, especially when she isn't getting the answers she wanted. I think the assumption is supposed to be she saw more profit by staying on a winning team that was about to head deeper into hell, which she wanted anyway, which makes some sense, still a huge jump, but I can get past that. However, when Scorio and Naomi return for revenge, idk why she's suddenly their enemy instead of being like....yeah you guys are rather justified in your anger, fair play. When the actual machinations and politicking come back to waste her time, isn't that literally what she's been worried about getting embroiled in all her lives? Why get involved, she could have just left to join the iron tyrant or something when Manticore started getting carved up. Then after that she actually joins them, making another huge leap that I don't really get. Its like anytime anything happens, she just goes along with whoever is nearby, which seems almost antithetical to how her character is described thus far, how'd she avoid joining the companies in her previous lives if she's this weak willed? Its like her character went from strong, independent badass to ...Harry Potter's wormtail. Its one thing to have no morals, its another to ping pong back and forth for like no reason."
John,12,1,5,"September 4, 2023",,,"I was happy to see this genre finally inflict some consequences on a protagonist for constantly breaking all the rules. I'm cautiously optimistic that book 3 will bring more focus onto secondary characters, because this one was seriously lacking in that. It's set up for some good development, though."
Romaric,114,4,5,"September 9, 2023",,,"Simply majestic!!It starts a little slow like the previous book but make no mistake once everything is set up, everything proceeds at just a majestic pace... This series manages the highs of crandle in just two books it is simply unbelievable... Now I am just looking forward to the next adventure of Scorio."
Sa'id,265,5,5,"October 6, 2023",,,"I found ""The Rascor Plains"" by Phil Tucker to be a compelling read, particularly because of its action-packed scenes and the high level of character mortality. While some of the subplots felt a bit thin, I'm optimistic they might be more fleshed out in the broader context of the series. I'm looking forward to reading the next installment to see how things unfold."
Brett Shand,105,1,5,"October 21, 2023",,,"Even better than the first book. The first half was a bit slow but I devoured the second half. Lots of power ups and good combat sequences, plot twists and betrayals. Loved it. This book seems to be more dark and violent with more adult themes than the first, which is good since it literally takes place in hell."
Greg Ho,18,,,"November 8, 2023",,,This is really really good. The writing is amazing. A work of art. The plot is twisty and turny and well thought out. I lost a bunch of sleep because I couldn't put it down. This fills the gap for me that Will Wight left behind after Cradle ended.
Di Nguyen,5,,5,"April 6, 2023",,,"The misunderstandings and miscommunications around page 270 almost made me drop the book, but I'm glad I didn't - the following chapters kept me glued."
William Harrison,6,,5,"April 7, 2023",,,"A genuinely great book with a compelling plot. There are a lot of seemingly dire situations where the protagonist has to face overwhelming odds and I found my heart racing as my read feverishly through these portions. Difficult to put it down, as well"
ryan kemner,22,,5,"April 8, 2023",,,The beginning of the book was... admittedly hard to get through. But I powered through it and it was worth it! I will say that the ending of this book made me both happy and sad.
Logan Hartman,53,,5,"April 9, 2023",,,I love this series. I cannot wait to read more of it. Great character development. The way this books ends just weaves so many cool threads together and leaves all the right questions unanswered.
Adam Davis,110,2,5,"April 10, 2023",,,"This is by far my favorite series currently being written. I’ve read both books in shit two days apiece. Which is saying something, since each is 800+ pages."
Paul Clendenen,2,,5,"April 13, 2023",,,"A fantastic follow up to an already amazing first entry. Scorio and gang’s journey for improvement, answers and revenge starts slow, but builds to a crescendo that left me unable to put it down."
Matthew,7,2,5,"April 13, 2023",,,This series is really well written. Some other series in this genre are plainly stupid but the character development and plot as well as the main characters progression here are really well done.
Neil Jesko,5,,5,"April 16, 2023",,,"I appreciate the story. It’s well thought out, intriguing, and dynamic. I hope to see some romance fleshed out before the end of the series but it’s a great read"
Mayiwa Lori,5,,5,"April 16, 2023",,,"Simply amazing. Even better than the first book! Couldn't put it down until the last page. Can't wait for book 3. Get this book, you will not regret it"
John B,132,2,5,"April 21, 2023",,,Excellent follow-up from book one! I'm liking the progression of the MC from book one to this book. Few interesting twists and turns that you won't see coming. Story also had a nice flow to it and am looking forward to the next book.
DreadFae,12,,5,"April 24, 2023",,,Takes some balls to write such a risky sequel. Pulled it off beautifully while addressing the largest concern coming into this.
Lindsay Wood,1,3,5,"June 26, 2023",,,"It took me awhile to get into it and remember what happened in (Bastion- book 1), although there was a nice book 1 summary at the start of this book to help.After about 25% through I couldn’t put it down.Can’t wait for book 3!"
Christina A,6,,5,"August 29, 2023",,,"I am loving this series and can not wait for the audio book. I also look forward to reading the next book in this series in November. I highly recommend this series, Phil Tucker doesn't disappoint."
Mehrnoush Akbari,2,,,"January 5, 2024",,,"Couldn't resist diving into this one right after finishing the first book. Hoping for that same gripping storyline, and it didn't let me down! The character development stayed solid, and now I'm eagerly anticipating the next book."
James D Fletcher,23,,5,"January 15, 2024",,,Phil Tucker has created well written and enjoyable series. The world of Hell and the characters are fascinating. I can't wait for the next drop in his series!
Alesay,94,9,3,"January 25, 2024",,,"DNF. This book isn't necessarily bad; it's just had a bit too much suffering for me. Also, the MC isn't the brightest, though I applaud his determination. Unfortunately, I had no desire to continue reading this book. Maybe later, I'll pick it back up again."
Alex,89,15,3,"February 24, 2024",fantasy,,"If I could, I'd give this three ratings: 3 stars for the first half of the book (which is mostly set up), 4 stars for the revenge arc in the second half, and finally 5 stars for Nox the Imperial Ghost Toad himself."
Naveen J,10,,5,"April 22, 2024",,,"Second half of the book took on so much speed. Could not put the book down until I finished the book. I am not sure if I'm imagining it, but there seemed to be some shout outs to Will Weight's Cradle. Immediately on to the third book."
Laeth George,51,,5,"April 5, 2023",,,"A tremendous sequel to the great first book. Plot and character growth are both satisfying, with plenty to look forward to. Excited for book 3!"
Ahern Family,13,,5,"April 6, 2023",,,Loved this follow up to a book. Can’t wait for the next one. Hope it doesn’t take to long to
Matthew Miller,33,,5,"April 8, 2023",,,"Started out a little slow, but halfway it really takes off. I rarely give 5 stars, but this book deserves every one."
Ian Carr,125,,4,"April 9, 2023",,,Competent progression fantasy with an interesting world and surprisingly cohesive plot. Could have used a copy editor
Andrew,61,,5,"April 9, 2023",,,This series is incredible. The magic system is amazing and seemingly limitless. The plot and storyline is great. I can’t wait to see where it goes next!
Andy,77,,3,"April 10, 2023",,1,"Second half was good. But tons of errors throughout, and plenty of content that could have been cut without losing anything. Enjoyable overall."
Evan Watkins,2,,5,"April 12, 2023",,,"An outstanding sequel to Bastion. I thoroughly enjoyed this book, learning more about this fascinating world. I hope there are many more books to this epic series and I cannot wait for the next one 🤞"
Shay Hayden,66,,5,"April 14, 2023",,,I was very thrilled when I found out this book released. Been needing a sequel for a while now.It did not disappoint!
Laura H WIlkinson,2,1,5,"April 16, 2023",,,"I loved Bastion. Loved the world building, the pace, the story, the relationships… This is better, deeper. Enjoy the fun!"
Ryan,2,,5,"April 16, 2023",,,Enjoyed the book enought to excuse the lack of editing (particularly in the last several chapters)
George Rokkos,152,1,5,"April 16, 2023",,,What an amazing book. I could not put it down. I really enjoyed the characters and world building. I can not wait to see more of this series. I want to thank the author for such an amazing book.
Bender,430,45,5,"April 20, 2023",litrpg；western-fantasy,1,Really good continuation from Book 1. Taut pacing and solid plotting from start to end. The progression is done very well and I'm so eagerly awaiting Book 3.
Edward Keith,2,,5,"April 20, 2023",,,"Love the charactors,, the action is non-stop, really looking forward to book 3. I highly recommend the ""Immortal Great Souls Series."""
Darien Taylor,1,1,5,"April 21, 2023",,,"The second book only expands on the already amazing, frustrating, and mysterious world of hell. A satisfying continuation of Scorio's story!"
James DeRuyter,1,,5,"April 21, 2023",,,Amazing second installment makes me very excited about the 3rd book My son who is 11 is also reading this and is enjoying it immensely
Derius,2,,4,"April 22, 2023",,,I enjoyed this book and wish to see more . The MC always learns the hard way.Some parts did upset me but it takes nothing from the book. If any thing it adds more
Alex Templeman,19,,5,"April 27, 2023",,,An excellent addition in the journey of Scorios. Well executed with plenty to look forward to in future installments. Thank you for the book
shawn,2,,4,"May 6, 2023",,,"The story is great but the grammatical errors proved to be distracting. A couple, I can ignore but the sheer number of them made me start looking on every page."
Krish,30,1,5,"May 6, 2023",,,This needs more attention. Most promising progression series since Cradle
Matsidi Lionel  Kekane,83,1,5,"May 17, 2023",,,I loved it I need more.
Merritt Hicks,4,3,5,"May 24, 2023",,,Book one and the first half of book 2 are a bit of a slog. The pacing is a little rough. But the payoff is worth it. Stick with it and you’ll be rewarded.
Alex,76,2,5,"May 29, 2023",2023-read,,"The beginning is a little slow but once the story gets going, it doesn't let up."
Ian,865,13,3,"June 19, 2023",,,Does the thing.
Marshall Elijah,2,,5,"June 26, 2023",,,Love this book. Great character development! When is the third coming out?? I can't wait.
Dawna Raidmae,70,,5,"July 9, 2023",,,What an amazing read! The brutality and wondrous epic that is this book should not be missed. I do so hope that the series continues!
Rex,172,,5,"July 11, 2023",,,I have waited so long for this book and it finally came out and it did not disappoint. Great book from a great mind.
Quinn Vollmer,1,,4,"July 15, 2023",,,First half was a slow burner but glad I kept reading because it really picked up later on can't wait for book 3.
Adam Nash,46,,5,"September 3, 2023",,,So this book expanded on the last and got bigger quick. Lots of surprises and lots of stuff I didnt see coming. Great job on this book
Okan Bülbül,2,,3,"September 5, 2023",,,"Good story, but the book needs editing. Grammatical errors, discontinuities, story gaps everywhere. Seems rushed."
Kamila Kiel,17,17,5,"September 9, 2023",,,It took a long time for the book to come out but it was so worth it. No to wait for the next 1 please hurry.
Scott Estrella,,,5,"September 10, 2023",,,A fitting end to a fun tale. This is my Favorite work of Phil’s. His vision of hell is unique and ponderous. Loved it!
Adam Bogucki,1,,5,"September 19, 2023",,,Great read - can't wait for part three
Ryan Gillis,7,,4,"September 22, 2023",,,"Not as fun a the first one, but I'm sure I'll keep going."
Michael Mason-D'Croz,555,7,5,"September 23, 2023",,,"Fantastic second book. Some twists, some tragedy, lots of growth, and a satisfying conclusion. Can’t wait for the next one."
Kimberly,253,,5,"September 29, 2023",,,"I couldn't put it down. Half as long as Bastion, but just as exciting. I can't wait until the next one."
Greg,229,,4,"October 2, 2023",,,Not a bad story. Skip the self pity parts and it a good story. I’ll continue this series.
Spencer Huddleston,2,,5,"October 4, 2023",,,"Not a perfect read, but a really enthralling story. Leaves you wanting to absorb more of the tale like a great soul does mana…when is the next book out? :)"
An Phú,109,1,5,"October 16, 2023",2023-books,,4.75*
Jimmit Shah,403,7,4,"October 27, 2023",,,Slow and disappointing first half overcome by amazing second half
Vulpes,215,,4,"November 1, 2023",,,8/10
Jeremy,2,,5,"November 3, 2023",,,It took me until half way into the book to finally get into the book in which I then finished the book in that day
Josh,268,1,5,"November 28, 2023",,,"It takes a while to get going, but once it does it doesn't stop."
Thomas Rogers,20,,5,"January 3, 2024",,,This series always get me by setting up what look like well done tropes then shattering them. I enjoyed the setup and we figured out enough I’m excited for book 3.
Tyler Kremer,6,,5,"January 3, 2024",,,"Awesome follow up to Bastion. The world building talent of Phil Tucker is incredible. Satisfying, action packed, and heartbreaking. Highly recommend and can’t wait for the next book."
Mehrnaz AkbariQamsari,2,,5,"January 4, 2024",,,I loved the book. I am really looking forward to read the next book. I am literally checking everyday when will be released.
Joey Stettnisch,245,7,4,"January 12, 2024",,,"That was pretty friggin awesome, I love when characters that get screwed over finally get some revenge."
Mikkel,11,,4,"January 19, 2024",,,76/100
Stephen,62,,5,"January 30, 2024",,,Another really excellent book by Tucker.
Nathan Thomson,39,,5,"March 24, 2024",,,This series is phenomenal
Talina,12,,5,"April 10, 2024",,,"Very good series, with interesting world building and characters. Dark. And pretty grim at times. But the actions of allThe characters seem very true to character and with real motivations."
Chris,225,10,4,"April 12, 2024",,,I hate Naomi
Joey David Crowell,1,1,,"April 19, 2024",,,"Fun series, hoping to see a lot more from this author. Feels like he's really hit his stride this book."
Ties,486,27,5,"March 4, 2024",,,"Great follow up to the first book, can't wait to start on the third."
Bekir Kilinc,19,,5,"September 3, 2023",,,Even better than the first one and I didn't think Phil Tucker could do it. Super fun read
Karl,5,,3,"October 13, 2023",,2,"I...liked it...but I was disappointed it wasn't as good as I would have liked it to be.Scorio is angry and...not intelligent. He takes the first offer he's given multiple times without thinking, he doesn't question things. He's really not a very smart character and the only reason things turns out vaguely ok at the end is that a foreshadowed gimmie  is available, but not through smart decisions of any of the characters.That said, putting the above aside, the second half of the book was enjoyably full of action (I understand why the first half was slower), and I still LOVE the world, and I WANT to know what happens next. In that way Phil Tucker has drawn me in, I'm just hoping episode three will see a character who has learned from their mistakes.Oh, and I haven't included this in my rating, but this book seriously needed an editor or proof reader. There are many spelling/grammar issues, and at least one continuity error that I noticed (the trapdoor on the tower).[Edit]: I just finished listening to the audio book, and although I still feel my review is fairly accurate - I'd go up to 3.5 stars, I DID like it - I feel like maybe I was angry or something when I wrote it hahah. Maybe I didn't take into account that Scorio is only a baby when it comes to life experiences, and downplayed how that impacts his actions."
MrG LikesBooks&Booze,112,,4,"February 5, 2024",audio；fantasy,,"This is another book that felt like there were two distinct ""sections"", and one could even argue three, the novel was extremely enjoyable, and there was definitely some supremely satisfying moments throughout the novel.Scorio and his companions continue on their adventures, and we see social justice/advocacy/change, interpersonal relationships, intrigue, betrayal, and brutal combat.We learn more about Scorio's past, and we get to see a plethora of improved powers for the characters we know, and a slew of new characters and powers and seen throughout the novel.Those individuals we love to hate are back, and the hate for them, at least for me, is deepened.Writing reviews without any spoilers for novels that are part of a series becomes increasingly difficult. The author does an amazing job of playing to the nature of the characters, using those aspects to move the story forward.I am excited to see where this goes, and get to see more of hell with Scorio and his companions when the next book in the series comes out, and I hope that will be sooner rather than later."
Vans,96,2,4,"February 14, 2024",,,"You know, I thought I was going to hate this. Instead I'm kind of in a spot where I keep thinking I get to read what happens next and then remember that I finished the book and who knows when I'll get the next one. I don't expect any progression fantasy to be exceptionally deep, but I love how the different lives/finding out about the past changes how characters see each other and the present. And we really haven't even gotten started on the great big mystery of what's actually going on in hell."
Richard,252,1,4,"February 16, 2024",own,,"Another great instalment, progressing our MC. The middle of the book definitely changed this story up and, whilst I feel it was in some ways too happy an ending, it was a great second book and I can't wait for the third (hopefully it'll only be a year or so away). There's a definite potential setup, with lots of loose ends which may come together a bit more in later books."
Akshat Mishra,8,,5,"July 15, 2023",,,"Though this one ended very differently than the first book, i have to say I am nothing but intrigued to see it keep going."
Josh Nejely,19,4,5,"March 7, 2024",,,An extremely satisfying continuation of the great souls' story. I'm excited to continue the tale! The next installation can't happen quickly enough!
Eve,42,4,5,"September 28, 2023",,,"I would like to write a review of why I think this was a brilliant read, but also absolutely no one reads my reviews so the world wouldn't really notice it has missed anything. Read it."
Matthew Mabry,137,5,4,"March 24, 2024",,,An improvement over book 1 because the pacing is much more consistent.
Garrett Dietz,24,,5,"March 2, 2024",,,Really a lot of fun
