Reviewer,Review Count,Followers,Rating,Date,Tags,Likes,Content
Kathleen Baldwin,,884,,"June 4, 2023",books-by-me,15,"I'm so excited! Sanctuary for Seers is going to be here in 10 days!! Preorders are up. Hardbacks will be up soon. There's a Goodreads Giveaway, too! 100 of you will win a copy to take with you on vacation. I just sent out a newsletter to my readers with a link to a private page on my website with an Anime tribute to all the characters of Stranje House. Here's a preview of the Anime Tribute: I love these characters! I'll miss them. I hope you enjoy the ending to this series. Let me know what you think."
Jillian,61,3,4,"June 29, 2023",,3,"I loved where this went! I’ve been waiting for this book for what seems forever and it delivered. I really enjoyed all the character development, especially with Emma. Sera’s story didn’t go quite where I thought it would and that made me love it all the more."
Andi,1358,,3,"June 10, 2023",,3,"I'd like to thank the publisher, author and NetGalley for allowing me a chance at reading the conclusion to this series.So, finally - this is it. Sera's story. I've been really excited to read about her and how she'll wrap this all up. I know her power (?) / talent has been teased for a while, seeing it in full force made this take a step into the supernatural territory.I liked the high stakes / political / action of this book out of all of them. I love that we finally got to see chapters from the view of Miss Stranje. I love that we also got to see romance between her and Capt. Grey. We also got to see how much she cares / dotes on her girls individually. (I want Ming Na to play her if they ever did a movie.)But... if you told me that Sera had a romantic connection or felt like she was meant for her beau? No. I saw no chemistry what-so-ever between them. If anybody she radiated chemistry with it was (sadly) Ghost. He was almost like the yin to her yang. True, he was blinded by his demons and had so much to account for... but wow, their scenes together? That was some good writing. I felt that the beau she ended up with... didn't fully grasp her and the way he was written through the entire book was whiny and meddling. I wanted him to mature and grow up, but his maturity / growth / acceptance of who she was really happened in the very end and it just felt shoved in there because we had to have them end up together. :/ Anyway. I'd really recommend this series to teen girls because I loved them all and I felt the overall story told was fantastic and the romance was good. And while this series had a couple 3 out of 5 star reads, it rounds out to a solid 4 over all."
Lisa Mandina,2036,484,4,"June 19, 2023",,3,"I have loved this series from the very beginning and I was so excited when I heard this book was finally here! And really it did not fail in wrapping up the series. Now, the only complaint I had was that it maybe seemed to be a bit shorter than the others? I feel like it only took place over a few days, which is probably correct. However, it was full of action, and we finally got to learn just what Sera was bringing to the table with her abilities, and what had happened to bring her to this group.I can’t talk a whole lot about what happened, as a lot of it will be spoilers for the rest of the series. However we do get some great looks at Ms. Stranje and her background and feelings in this one, with a few chapters from her point of view. I definitely liked how they wrapped up Ghost’s story. Although I do feel like there was one loose end left open, and I know this is supposed to be the final part of the series. And not only was there a loose end, I almost feel like we could get branch off books from where all our different characters from the past books are ending up.A good ending to one of my favorite series though! Review first posted on ."
Angela,167,17,3,"June 5, 2023",,1,"Thank you NetGalley and Ink Lion Books for the ARC!My adventures with Ms. Stranje's pupils began back in 2016, It is with great pleasure that I share honest feedback on the final installment in the series. Sera has been endlessly fascinating to me throughout the series. Each of Stranje's students have one over arching trait that serves them throughout the series.Georgie is innocence incarnate, sometimes boarding on naivety despite her incredible intellect. Lord Wyatt needs Georgie to remind him there is levity in this life. That the raw wounds of war are softened when you remember to live and love.Tess is strength, she embodies this essence of survival, but also an aching desire to share and receive affection. Tess and Lord Ravencross' story is one the pulses with heat and causes your heart to beat savagely against your chest.Lady Jane is logic. Her unerring ability to look past extraneous detail allows her to strategize up against Napoleon and his henchmen. Mr. Sinclair is the one person who causes Lady Jane to argue against her own logic.Maya represents how one feels life instead of living it. Maya is the only girl who was completely open to the disruption love brings. It was Lord Kinsworth that dallied about waiting until Maya had confidence in herself.And that leaves Sera. To me Sera embodies compassion. In four novels, Sera is the only one who can turn a villain into a redeemable character. I will endeavor to avoid spoilers, but this was the first of the novels to bring about an intoxicating duality to the series. Can one love an enemy? Ms. Stranje tries to teach the girls that hatred is not the opposite of love, no matter how often it is misinterpreted as such. We see pieces of this in ""Exile for Dreamers"".What I love of Sera's story is that Baldwin has changed up her algorithm. Each of the stories before has a clear villain, a clear climax, and a pathway to romance. To be honest, I struggle so much with the regency novels for this reason. Well that and one more. The girls are 16, 17 years old and it's not a happy ending without a husband/suitor. Now remember, I said she changes the algorithm, Baldwin doesn't do away with it completely. However, in this latest novel, Baldwin brings a maturity to the series. It amazes me that each of these girls are so adamant around silly, trivial matters when they're actively engaging in stealth missions and plotting how to counterattack Napoleon. How is it that they think they can break into the Iron Crown's stronghold, but cannot overcome childish insecurities and fears? I digress.""Sanctuary for Seers"" outlines that even in war there is little between the lines of good and evil. Sometimes to win a war it means finding compassion for your enemy and accepting traitorous feelings without guilt or shame. This is the part of the novel that has Sera ensconced as one of my favorites."
MichelleH H,293,5,5,"September 17, 2023",2023-bookshelf,1,"Remarkable storytelling I was gifted this book by the author in a promotional venue and even though it’s somewhat outside my usual reading choices the description really caught my attention. It’s set during the Napoleonic Wars, the English Regency which definitely is my favorite era to read. I was caught up in the beginning of the book with the main characters Sera, and Miss Stranje the unusual girls school headmistress. Sera’s background was immediately sympathetic yet fascinating too. The characters in this story, in the beginning it’s just the girls, the headmistress and a woman who has been captured and being held at the school recovering from wounds received in a battle that happened before this book takes place. There is also a fearful enemy lurking around wanting to rescue their captive. This story brings the war to England’s shores, which obviously ramps up the excitement, and action. At this point more and more names and characters outside the school itself are spoken of and obviously were important people from previous books. This bogged me down somewhat because I realized early on that being part of a series I was somewhere after a whole lot of other stories. I kept reading though and was rewarded over and over. The climax was heart wrenching but triumphant. I will be rereading this book. Now I must start from the beginning. Such a remarkable world building adventure. So much heart, bravery, spiritual uplifting. I believe I read somewhere that this is aimed at young adults but I’m a Septuagenarian and I loved this story. I am familiar with Baldwin’s My Notorious Aunt series which I enjoyed years ago and need to reread. I highly recommend this book with the strong suggestion that you would enjoy it more if you read the series from the beginning, as I will be doing. Because I want to revisit this cast of characters from their beginnings at Stranje House. The Notorious Aunt series (very worthy reading) came out nearly a decade ago, and I believe this series is a more mature writing on the author’s part."
Jenny,349,13,3,"June 3, 2023",book-bingo-selection；books-i-won；british,1,"I started this series four years ago and was so happy to be able to read the final book. Thank you NetGalley for the ARC. Stars - This novel presents a very satisfactory ending to the Stranje house series. We finally get Sera’s story and a HEA for all of the ladies featured. It’s a quick read. Even though I think it’s billed as YA it didn’t feel immature to me. Wishes - I wish the story reminded us more of what has already happened in the series. It’s been a while since we met the characters and I couldn’t always recall everyone’s “powers” and the stories behind their romantic interests. Even a character list would have been helpful. An enjoyable read for me, but not sure it would mean anything to anyone who hasn’t read all of the previous books in the series."
Samantha Hastings,,240,5,"June 16, 2023",,1,"I absolutely devoured the last book in the Stranje House series. Seraphina is called a mouse, but she shows her strength and her power to heal throughout the story. I love how she picks up on little details like Sherlock Holmes, but she also sees demons (so cool). The girl that was abandoned by her family and often overlooked shines when she finally accepts herself and helps others heal from their trauma. Author Kathleen Baldwin does offer the exciting conclusion and final battle this series deserves, but the beauty is in the details. I love all the books in the Stranje House series and I would highly recommend them to teens and adults. #spygirls #adventure #mystery #romance #regency"
Hannah,86,,4,"April 1, 2024",,1,"Okay, this one is definitely the best in the series. The pacing was so much better and the imagery was immaculate. I can't say Sera is my favorite of the girls, but she did a wonderful job. If the rest of the series relied this heavily on God i would have enjoyed it so much more.As it was, I especially loved Ghost's arc. Most books are too scared to show redemption to villains, but this one didn't. It was my favorite part, actually. How God is willing to forgive anyone who asks, no matter how far gone they seemed. Sera's sympathy for him made it even better.The end had me giggling and kicking my feet. I've always preferred romances in period pieces, and this series was no different. I love every love interest in this series and getting to see them all end up together was so sweet. They're all perfect.This wasn't my favorite series at all but i really did like this ending. It had enough action that it didn't fall flat but it also focused on a much more important plot away from the battle and i loved that so much more."
Tara,411,49,5,"June 3, 2023",,1,"Thank you, NetGalley for the ARC. A suspenseful alternative history romance. Representations of women's friendships are fantastic and overall this is a wonderful read."
Caroline,1054,8,4,"May 19, 2023",netgalley,1,"I’m so happy I got to revisit Stranje House in this final installment. There are some truly formidable foes in this series (Ghost, Lady Daneska, Napoleon), but they are nothing compared to the beautiful found family relationships. In addition to Sera’s story, we also get a number of chapters from Miss Emma Stranje’s POV. As I am certainly no longer a teen reader, I found the addition of older, mature Emma’s story a delight.I received a copy of this book from the publisher through NetGalley."
May,826,6,4,"May 18, 2023",,1,"The last book in the Stranje House series. Sera is the seer who can see the future. Can she save her country from Ghost, the enemy helping Napoleon?A terrific alternative history/romance. I love the suspense. It's also nice to read about the other women from the earlier novels. I love the friendship in particular in the series. Truly outstanding.Thanks to the publisher for the arc."
Cameron,133,,4,"December 3, 2023",,1,"I’ve been waiting for this finale forever! I started reading this series in high school, so I’ve been waiting for a minute for the last book. Kathleen Baldwin did a wonderful job tying everything together."
Dawn,12,,5,"November 17, 2023",,1,"My favorite one, maybe tied with the first...."
Angela,167,17,3,"May 29, 2023",,,"Thank you NetGalley and Ink Lion Books for the ARC!My adventures with Ms. Stranje's pupils began back in 2016, It is with great pleasure that I share honest feedback on the final installment in the series. Sera has been endlessly fascinating to me throughout the series. Each of Stranje's students have one over arching trait that serves them throughout the series. Georgie is innocence incarnate, sometimes boarding on naivety despite her incredible intellect. Lord Wyatt needs Georgie to remind him there is levity in this life. That the raw wounds of war are softened when you remember to live and love. Tess is strength, she embodies this essence of survival, but also an aching desire to share and receive affection. Tess and Lord Ravencross' story is one the pulses with heat and causes your heart to beat savagely against your chest. Lady Jane is logic. Her unerring ability to look past extraneous detail allows her to strategize up against Napoleon and his henchmen. Mr. Sinclair is the one person who cause Lady Jane to argue against her own logic. Maya represents how one feels life instead of living it. Maya is the only girl who was completely open to the disruption love brings. It was Lord Kinsworth that dallied about waiting until Maya had confidence in herself. And that leaves Sera. To me Sera embodies compassion. In four novels, Sera is the only one who can turn a villain into a redeemable character. I will endeavor to avoid spoilers, but this was the first of the novels to bring about an intoxicating duality to the series. Can one love an enemy? Ms. Stranje tries to teach the girls that hatred is not the opposite of love, no matter how often it is misinterpreted as such. We see pieces of this in ""Exile for Dreamers"". What I love of Sera's story is that Baldwin has changed up her algorithm. Each of the stories before has a clear villain, a clear climax, and a pathway to romance. To be honest, I struggle so much with the regency novels for this reason. Well that and one more. The girls are 16, 17 years old and it's not a happy ending without a husband/suitor. Now remember, I said she changes the algorithm, Baldwin doesn't do away with it completely. However, in this latest novel, Baldwin brings a maturity to the series. It amazes me that each of these girls are so adamant around silly, trivial matters when they're actively engaging in stealth missions and plotting how to counterattack Napoleon. How is it that they think they can break into the Iron Crown's stronghold, but cannot overcome childish insecurities and fears? I digress. ""Sanctuary for Seers"" outlines that even in war there is little between the lines of good and evil. Sometimes to win a war it means finding compassion for your enemy and accepting traitorous feelings without guilt or shame. This is the part of the novel that has Sera ensconced as one of my favorites."
Kelly,166,,5,"June 16, 2023",arc；ebook；netgalley,,"This book is the 5th book in the Stranje house series. I highly recommend reading the books in order. Each book is presented from one character's point of view in first person. This book is an exception because it is shown both from Sera’s point of view and Ms. Stranje’s. I have loved the series and this book was a fantastic conclusion to the series! In each of the books you have an arc for that character that involves a love interest. Through the whole series there is an overarching arc concerning the war between England and Napoleon’s France. Each of the girls has a gift that makes them an oddity within societies norms of the time. Their parents have disposed of them by giving them over to Ms. Stranje, who is training them to be spies in the war.We pick up right after the end of the 4th book. Napoleon has captured the Prince Regent and has gotten away on his ship. The men are searching for the ship. The women are caring for Lady Daneska who was wounded. Most of the story is told from Sera’s point of view. She uses her keen observation skills and deduction abilities to locate the enemy. In order to confirm her suspicions, she makes a few foolish choices which leads her into a one-on-one confrontation with Ghost, whom she had shot and wounded in book 4.A portion of the book is also told from Ms. Stranje’s point of view. She leads the charge to recover the Prince Regent.I love this series! I love the author's other series!I received an advanced reader copy from netgalley and the publisher."
EP,116,,4,"July 6, 2023",,,"I was so happy to receive an ARC for this book! I realized that it had been too long since I read the earlier books in the series, so I went back and re-read the first four books so I could be ready for the last one and I'm really glad I did! I would have had NO idea what was happening in this book if I hadn't (so take note if it's been a while since you've read the earlier books). I've really enjoyed this series. It gets a little silly and wildly farfetched, but if you've made it to book five, you're all in on the crazy premise anyway and it doesn't detract from the enjoyment of the series as a whole. Suspend your disbelief and enjoy the ride!Sera's story was interesting. I wasn't sure it would be, since she seemed a little boring and such a timid little mouse in the other books, and it was fun and surprising to see that she is, in some ways, the most powerful of all the girls. I would have liked to have seen a little more development of her gift though. I also thought there was almost zero development in the relationship between Sera and her main love interest in this book (more of it seemed to happen in earlier books in the series). There wasn't much there in this book, IMO, and I thought she had much stronger chemistry with [redacted, no spoilers here!]. Those scenes were much more compelling to me. I loved the brief portion of the book narrated by Ms. Stranje. I wish we could have seen more of that. She's amazing!! (tho I did have a moment where I wondered... just how old is this woman?? 35? 55? I don't think the author ever said)My thanks to the publisher for providing an ARC via netgalley in exchange for my honest review."
Trevor Bluth,16,2,5,"July 6, 2023",,,"""”What are you?""His question stings. I've heard it too many times before, aimed at me like a ruthless spear.An accusation.A curse.Only now, for the first time in my life, I know theanswer.What am I?""Loved.""”I’ve loved this series for years and I was ecstatic when Sanctuary for Seers released! This is the final book in The Stranje House series by @kathleen.baldwin. This book brought the story to an end with a final battle between Napoleon and Ghost and the spies of Stranje House. I loved having a reunion of all the characters from the previous book as they worked to defeat Napoleon once and for all. Sera Wyndham sees more than most people. She sees auras and forces of good and evil. Because of her ability, her family has abandoned her so the last thing she wants is for anyone to truly understand her gift. Quentin Chadwick loves Sera despite her secretive nature. Things I loved -Learning more about Sera and her gift! -Quentin! He loves Sera so much and would do anything for her!-Getting a better understanding of Ghost. -The final battle and seeing everything wrap up. -Emma Stranje POV! I was hoping we’d get to see things from her eyes and it was done so well! -It was the perfect ending to this beautiful series! -Everyone got their happy ending! This book is everything I hoped for and more. I loved it! If you love regency, spies, action, and sweet romance then this is a series you cannot pass on!"
Bri C,148,5,4,"June 15, 2023",,,I was given this book by the publisher via Netgalley in return for my honest review.So this series has always been a favorite of mine. I love the historical-ish fiction story vibes it's always had. This one just didn't give that to me. It continues the story but it's been a bit since some of the other girls' stories that I don't entirely remember. So I feel like I was missing a little there as there's very little back tracking. Of course each girl has her own little romance going but Sera's is very lackluster and tainted by other things going on in the plot I don't wish to give away but not loving the small love triangle.Of course it's been a lot of build up to what her special little spy power is. It has a bit of a religious aspect attached to it which I didn't really think was needed. it just kind of changed the vibe for me.We get a small snippet from Ms. Stranje's perspective but I honestly wish she'd gotten her own book. And she technically could've as we still have one rotten soul at large. It does kind of eat at me that this person doesn't really get their just desserts.Overall it was good but I think it could've been a little more powerful ending with complete closure. So I give it 4 ⭐⭐⭐⭐
Country Mama,572,22,3,"August 4, 2023",,,"I would like to say that I liked the series, as the historical romance is a genre that I don't normally read as much as the other genres. I enjoyed Sera's story in this final installment to the series. Sera or Seraphina is the MC in this book. She can take a villain or bad person into a good character in this series. All the girls in the series are about 16-17 years old in these books. This book is from Sera's point of view and then flip flops to Ms. Stranje POV also. The girls are training to be spies in the upcoming wars. And to hear the story from Emma Stranje is really interesting too for the readers. I did not like the romance between her and her boyfriend though. I was king of routing for her and Ghost actually, I felt that they had more chemistry than anyone else that Sera is in contact with. I have to say overall I would definitely recommend this series to girls who are teenagers and a little older as this is right around that age group for the book series. The girls are great friends, and they get along perfectly."
Megara Ryan,284,11,3,"June 24, 2023",1800s；alternate-history；blah-meh-didn-t-like,,"Sadly, I wasn't impressed.And 3 stars is a generous rating.What I liked: - The explanation of Sera's talent - Sera's revelations about herself and her purpose and place in the world - Sera's connection/interactions with Ghost & his redemptionI didn't like most everything else 🙁, but specifically: - The POV switch to Miss Stranje in the third act - How little Daneska was used (and her fate--- I think she deserved a redemption too, and I thought that that was being built up in the last book -  - Everything about Chadwick, especially his blah personality and mistrust/underestimation of Sera - the epilogue--- I usually love a good, sappy, all-ends-tied-up epilogue, but this one managed to fall flat (maybe because I was so disillusioned by the rest of the book) Also Sera and Chadwick had zero chemistry and 🎶Sera and Ghost should've ended up together🎶"
Amy,5782,,5,"June 8, 2023",,,"Sanctuary for Seers is the fifth installment from Kathleen Baldwin's series, Stranje House. Since, this is the first book I have read of the series, I believe it was probably best to read the books in order. However, I still thought this was a fabulous read. I enjoyed reading this magical tale and meeting the ladies of Stranje House. It was an honor to take this adventure and journeying to England to see an alternative reality. I thought it was great. Sanctuary for Seers will be getting a very well deserved five plus stars. I highly recommend it for teen readers enjoy reading fantasy fiction. I would love to read the previous books from the Stranje House series to see what happened before this one. I received a digital copy of Kathleen Baldwin's Sanctuary for Seers from the publisher, but was not required to write a positive review. This review is one hundred percent my own honest opinion."
Patrice,725,46,4,"July 22, 2023",2023-books-read；giveaways-win；historical-historical-romance,,"I thought this was a very well written story with characters that have depth. This was the concluding book in the Stranje House series. Each of the girls/women in this series possess some type of supernatural ability that helps them in their endeavours to protect their ""school"" and each other while also assisting in ""protecting the crown"". There is mystery and intrigue woven into the story and perils that they must face. In addition, they seem to find love while facing death.... All-in-all, a very interesting and intriguing story. I will now have to go and read the previous books in the series....I thank the author and goodreads for including this book in one of their giveaways that I was lucky enough to win."
Raegan Billinger,6,1,3,"July 22, 2023",,,"I won a free copy of this book in the Goodreads giveaway, so I thought it only fair to give a review of this finale of the Stranje House series. Firstly, the romance: I never bought into Sera’s connection with Quentin. It seemed forced to me, especially compared to the others romances in the series. Her connection to Ghost seemed more romantic and genuine, though the author tried to cover that up by saying Sera felt a kinship with him that was “like a brother.” I didn’t buy that excuse at all, and neither did Quentin. The plot and the action were well done, but I wish the author would have tied up loose ends with Lady Daneska instead of ending it with a mystery. Emma and Ethan have my heart, and I’m glad they got their happy ending. I’d rate this a 2.5/5, rounded up to 3."
Michelle,581,11,2,"November 10, 2023",random-fiction,,"2.5 stars. This one was a bit disappointing. I’ve really enjoyed the other books in this series and was looking forward to Sera’s story. What we got though, was a bit of a love triangle and a lot of religion thrown at us. It also all took place over 36 hours or so, other than the epilogue, and I would have appreciated a broader story. There was strong chemistry between Sera and Ghost, and I’m not sure why the author made that happen if she was just going to end it the way she did. And it made me believe in Sera and Chadwick even less. Also, what happened with Daneska? I would have liked some resolution there. I’m happy that everyone else seemed to get a happy ending, and that Napoleon was captured, but I’m still a bit disappointed in the way this series wrapped. Oh well."
D'anah,1665,12,5,"July 6, 2023",,,"Yes. This one was different to all the rest. It's like it took on Sera's nature; strong yet soft hearted. It has a great understated thread of the eternal in it. A true glimpse of heavenly peace and freedom, if you are seeking. I love how the author wrapped it all up nicely at the end. A sad time, for me, as this has truly been a series that spoke to me as none others have. Yes, like family. Cannot recommend the series highly enough. A brilliant adventure from start to finish."
Briana,674,14,4,"June 23, 2023",,,"Initial Thoughts: Lovely conclusion to the story, though I think it could have been longer. I also would have liked a bigger connection between Sera and the love interest (but this may be partially my fault for forgetting some details from the first four books). It's also surprising to me how this series has become increasingly supernatural, something I would not have anticipated from the first book."
Ashley,658,17,4,"July 4, 2023",netgalley,,"I received a complimentary copy of this book. Opinions expressed in this review are completely my own. (via Netgalley)Overall, this was a good, fast action packed read. lol. Only thing I wasn't a fan of was the ""love"" connection between Sera and her chosen partner. I didn't feel any chemistry at all. Though I am kind of bummed it's the end of the series. Surely there is more trouble these girls can help prevent?"
Maddie Neeley,11,,2,"July 26, 2023",cliche-ya；female-lead；first-person-pov,,"I remember reading this series in high school and loving it. Maybe it's just been too long since I read the other books, or maybe it just isn't my thing anymore. Whatever the reason, this book didn't do it for me. I did appreciate the theme of kindness being so important. But the representation of anyone not from England ended up coming off racist, and the romance didn't hit as well as I remember the first few books doing."
CR,3438,33,5,"June 8, 2023",,,AMAZING!! I have loved this series since it started and I am dying for more!!! This series is one of those that just keep getting better and better and I could not put it down. With smart women who do what they like against society this series has become one of my favorites. Being in Seraphina's head with this one was perfect. And I can not wait for more.
Ina,35,,3,"July 6, 2023",2023；historical；mystery,,"I love the characters and this book was a nice finale for the series, but the last two books were still a disappointment because the quality of the editing has dropped dramatically. I have a hard time enjoying a story when bad editing gets in the way.The most puzzling thing in this book was that Mr. Chadwick's first name constantly changes back and forth between ""Quentin"" and ""Quinton"" and I'm amazed how such a mistake hasn't been noticed before? Sometimes it even changes from one paragraph to the next. I've checked on my Kindle and there are 22 occurences for Quinton an 47 for Quentin.Why? How?!"
Shannon Dunaway,123,,5,"July 31, 2023",,,"Thank you to Netgalley for this ARC. I waited for so long for this conclusion of the Stranje House Series, and it did not disappoint. This novel follows Sera who can see things that others cannot as she and her friends fight against Ghost and Napoleon. This book was so great. It has history, magic, and romance. If you enjoy these things then you must read this series."
Melissa,764,10,3,"October 17, 2023",,,"I really liked this series, though this was my least favorite of all the books. Sera’s gift was just a bit too much for me, too spiritistic for my taste. That aside it was good to be able to wrap up the story of Ghost and Napoleon. I will definitely read more of her books."
Laura,86,2,4,"February 23, 2024",interesting,,"I started this one and then stopped halfway through to start the series from the beginning. I really enjoyed it. there is suspense, well drawn characters and a great story line. Good for fantasy lovers."
Bayla,1005,,5,"June 18, 2023",quasi-historical-with-magic,,A wonderful conclusion
Lori Freeland,,26,5,"June 20, 2023",,,"Seraphina's story might be the best yet! I've been excited about this last book, and it doesn't disappoint. Love this whole series so much!"
Anna (The_Reading_Pantry),319,53,5,"July 20, 2023",,,Absolutely loved it!!
Morgan,189,5,5,"July 22, 2023",arc-reviews；five-star,,"I voluntarily read and reviewed an advanced copy of this book. All thoughts and opinions are my own.Sanctuary for Seers by Kathleen Baldwin delivers a thrilling and mature conclusion to the Stranje House series, blending alternate history with Jane Austen's high society. Set in a crumbling England during a war with French forces, the story follows Seraphina Wyndham, a seemingly shy and observant young woman with hidden gifts. As the fate of England hangs in the balance and a dangerous enemy known as Ghost threatens their existence, Sera must confront her own secrets and find the strength to save her country.One of the notable aspects of this book is the maturity it brings to the series compared to its predecessors. The author delves deeper into the complexities of war and explores the fine line between good and evil. The portrayal of compassion for enemies adds a layer of depth to the story, challenging readers to question their own perspectives. The suspense throughout the narrative is well-crafted, keeping readers engaged and eager to unravel the mysteries that lie ahead.The bonds of friendship between the characters shine in Sanctuary for Seers. The camaraderie and support among the girls at Stranje House create a sense of found family, adding warmth and depth to the narrative. It is also satisfying to see the girls from the previous books make appearances, allowing readers to reconnect with familiar characters and witness their growth.The author's descriptive writing brings the characters to life, allowing readers to connect with them on a deeper level. However, one minor drawback is that while the girls display remarkable skills in breaking into the Iron Crown's stronghold, their insecurities and fears sometimes seem to hinder their personal growth, which can come across as somewhat inconsistent.Although the book is fast-paced and thrilling, it would have benefited from a longer length to further explore Sera's relationship progression and witness her personal growth within the group. This would have added more depth to the story and allowed readers to fully appreciate the character's journey.Overall, Sanctuary for Seers delivers a satisfying conclusion to the Stranje House series. Kathleen Baldwin's ability to blend historical elements with adventure and friendship creates an engaging and enjoyable read. Fans of the series will appreciate the maturity brought to this final installment and the strong character development. Sanctuary for Seers is a recommended read for those seeking a blend of historical fiction, suspense, and themes of friendship and personal growth.4.6 rounded up to 5/5."
Nardos,65,,2,"October 23, 2023",,,"Had the perfect basis for an enemies to lovers, forbidden romance, but she ends up with the guy who is so blah???"
