Reviewer,Review Count,Followers,Rating,Date,Tags,Likes,Content
Matt's Fantasy Book Reviews,316,5897,4,"September 7, 2023",,113,
Nicholas Eames,,6068,5,"September 12, 2023",,40,"An epic conclusion to one of my favourite fantasy series ever. If you like humour and/or Pratchett-esque satire, these books are for you. Which isn't to say they're not heartwarming as well, because they most certainly are.Well done, Zack!"
Kristan Dawkins Ludlow,20,2,,"December 3, 2021",,21,Why are there so many reviews for a book that hasn't come out yet?!
Julia,116,3,5,"February 6, 2024",fantasy；magic,7,"This is the final book in the trilogy and I will be sad to say goodbye to the characters I have come to love, the adventures I found exciting and the story truly engaging.It starts off a little slowly and is focused on trade which personally felt like I was reading Billions or some Wall Street book, a little too of it all at once for my personal taste even if it does highlight prejudices in the system. At about 35% in the story does pick up in a really epic way..The characters didn’t come into their own until over a quarter of the way into the story which was a little disappointing. However once through this the fun really began to start. The characters were up to their usual shenanigans, the plot began to make sense and the humour was back for one final major quest.To sum up I think this book is a truly excellent end to the trilogy there’s so much packed into it from fantastic world building, rich characters and an engrossing plot. Featuring lots of humour, adventures, quest, prophecies, backstabbing, friendship, loss and love. The ending wraps up things perfectly and brought me so much joy and happiness. What a ride.."
Dejo,,6,5,"December 16, 2023",,6,"I'd give it more stars if I could.Neither this book nor this series are perfect. They do have flaws, maybe even some missed opportunities.But the parts that are done well (and there's plenty of those) are done really well and completely eclipse everything else.The way Pike makes you laugh and then cry and then laugh again while at the same time not making it seem forced is a show of true writing skill. This is a writer I'm sure to follow in the years to come."
Marie  Chalupová ,203,107,,"June 21, 2023",,6,It's finally confirmed for September 2023!
Josh Angel,406,33,5,"April 11, 2024",,5,"(No Spoilers) My review of the Dark Profit trilogy. Dare I compare this to Terry Pratchett? The Dark Profit Saga (perfectly named) is a satirical take on a D&D-ish Fantasy setting, with sharp humor used to skewer the ridiculousness of Wall Street, corporations, corporate culture, the obscenely wealthy, and a certain con-artist-turned-king with a bad combover. And while there are plenty of laughs to be found, there is also plenty of depth. The endless cruelty of humanity is mirrored by ""Lightlings"" aka Humans, Elves, Dwarves, and various varieties of Halflings/Gnomes. The cruelty is seen through the eyes of the monsters of the realm, aka NPC's, and the author somehow strikes that perfect balance between having a lot to say and not being preachy - an impressive feat. The characters were really what kept me engaged, as the entire cast of characters is unique and lovable in their own way. Even the Purse Kobold, Burt. There's even a few love stories swirling around, but without getting in the way like so many romantasy plots. The trilogy isn't perfect - in fact I'd say it would have been better as a duology - but I'm happy with the time I spent in Arth, and plan to come back and visit again in the future. There is a Kickstarter campaign for physical editions of these books, and they have more than earned a place on my shelves, right next to my Discworld hardcovers. Highly recommend for Terry Pratchett fans, as well as anyone who likes a good chuckle and a hearty helping of satire with their swords and sorcery. Book 1: 4.5 starsBook 2: 4 starsBook 3: 4.5 starsOverall: 4.5 stars"
Avdotja,322,30,5,"January 27, 2024",,5,"Not in a million years would I have thought that this genre would make me laugh out loud and make me cry at the same time. Thrice-cursed Pike, you did it again. Well done."
Stephen Richter,818,31,4,"October 18, 2023",ebook；s-l-sword-2023；spfbo-past,4,"The final book in the Dark Profit Saga should have been a bit shorter. But even with that knock, I enjoyed the final book in this humorous series. Our fearless heroes are split up and defeated. A broken hearted Troll, two Mages unsure of their abilities or their relationship to each other, a berserker dwarf who has failed, and an Elven Ranger battling addiction and regrets. The King is a crook and a usurper.And now a Dragon is feeding on the villagers. or is there? The final book has some pacing issues I did not find in the first two books. As this series added modern economic trends into the Medieval Quest trope, there were a lot of issues to add to the story. Insider trading, hostile takeovers, and a housing crisis are all addressed in this tale. You be glad you took Econ 101. If you are looking for a funny and thoughtful tale, this series is for you."
Susana Imaginário,,78,5,"April 26, 2024",,3,The perfect conclusion to a fantastic series. Highly recommended!
Steve,418,88,5,"September 21, 2023",fantasy,3,"The end of an impressive, enjoyable self-published fantasy trilogy, distinguished by its large serving of satire.Overall, the series has combined classic fantasy elements with a critique of high finance! Almost a Terry Pratchett approach but perhaps with a harder edge to it. The fantasy world features every type of traditional fantasy creature you’ve heard of: dwarves, gnomes, ogres, trolls, dragons, not forgetting humans, and some with magical attributes. There are divisions between these creatures analogous to social or racial ones in our society, the Lightlings and the Shadowkin, which a simpler fantasy might identify with Good and Bad. It’s not so simple here. In summary, officially identified Lightling heroes can go on licensed quests to hunt down shadowkin who are seen as a danger. The more potent Shadowkin, such as dragons, can have substantial treasures, which is what the heroes are really after. This treasure hunting is shown to be a foundation of this hero questing economy. Unusual!Sounds weird, but volume one in the series gets you into this strange worldview very well, showing how this quest for treasure system works, requiring financial backing as well as licenses before any legal quest can commence! It also reveals that the apparent badness of the Shadowkin depends on which side you view them from. Volume two exposes how shaky the foundations are of this economy, with plenty of digs at the financial instruments, sub-prime mortgages, etc., that were responsible for the banks crises some years ago. In this volume the ‘insurance’ against evil events, and enforced by heroes, is shown to be its own form of fantasy. And this is continued in climatic fantasy fashion in volume three where the apparent reconciliation of previously opposing forces is shown to be shallow with a deeply evil source.A rapid overview of the series, but I didn’t want to give away too much about the clever construction of this complex world and the satire that I especially enjoyed. For example, the storyline with bank assets in this fantasy world depending on the size, or even existence, of a large dragon hoard calling to mind the sub-prime nonsense, or Tech company bubbles, in our world. How much is a nation’s wealth dependent on things you can hold in your hand and how much is constructed from ‘guesstimates’ on spreadsheets?There’s some social commentary. Not so much the apparent divisions in the society between different types of fantasy creature but, especially in volume 3, about how the apparent new legal equality between creatures is not worth the paper it’s written on if people’s hearts are not yet there.As a consequence there are sad moments in the story, lives are lost, but overall the story has a lightness, plenty of humour (and irony), spread throughout the tale. I won’t dwell too much on the Terry Pratchett similarity as it’s a long way from a copy of that style, but they share the use of magical, exaggerated fantasy being used as a mirror to our world.Maybe the ending was just too much of a magical climatic conflict than I have a taste for, given the down to earth nature of the lead characters previously.However, my only real whinge is one I make about at least three quarters of fantasy series I read! The lack of a summary of the story so far. I think it’s three years since the previous volume and I’ve read dozens of fantasy books since, so I find a brief summary, a page or two long, and/or a dramatis personae, is often sufficient to nudge my memory back onto the previous storyline. Without this, I had to skim the previous volumes, mainly to pick up on the names of the main characters and their defining features. However, as I said, most fantasy series have this failing as far as I’m concerned.If you’ve not read the previous volumes so far then this won’t be a big deal, and I’m sure you’ll enjoy this series enormously. I’d put it in my top half a dozen fantasy series of recent years. A 5* series, with 4.5* for this final volume."
Akshay,377,,4,"April 27, 2024",,3,"The disgraced hero turned reluctant adventurer, Gorm continues to grapple with his past mistakes and search for redemption. Despite his rough exterior, he possesses a heart of gold and a fierce loyalty to his friends. 
  
    The cunning bard with a silver tongue, Avaria serves as the group's voice of reason and occasional instigator of trouble. Her quick wit and sharp intellect often prove invaluable in navigating the challenges they face. 
  
    A mysterious necromancer with a penchant for dark magic, Richter joins the party on their quest and brings with him a sense of mystery and danger. His motives are unclear, and his presence adds an air of tension to the group dynamic. 
  
    The lovable goblin companion, Grumble provides much-needed comic relief with his antics and misadventures. Despite his small stature, he proves to be a valuable member of the team, with a heart as big as his appetite."
Diane ~Firefly~,2024,77,4,"December 3, 2023",bookclub；fantasy；kindle,2,The end of the trilogyWhat I enjoyed:* Glad to have a conclusion * Gorm * I was glad to finally get the answer about Johan's paladin standing * I was impressed with how the book dealt with racism.What could have been better:* It was very long and very easy to put down
Corey,301,4,4,"March 3, 2024",,2,"An incredible end to an incredible series. The perfect blend of fantasy, tongue-in-cheek humour and realism."
Whisper19,643,,5,"November 23, 2023",,2,"This year I finished Malazan and it is AMAZING. The characters, the worldbuilding, the emotions, the humour, the discussions on big topics! Simply unparalleled. And then I finished this series and I have to say - Malazan has competition for the best series I've read in 2023 to do all of that.This book doesn't quite reach the peak of book 1 but it shows just how much thought went into the entire series. Pike obviously had a plan right from the start, he knew what he wanted to do and he knew very well how to do all of those things. I love this series. Even though I hate Pike for making me cry, AGAIN! I DID NOT SIGN UP FOR THE EMOTIONS! And my cat doesn't appreciate the fact that I woke her up with my swearing towards the end of the book. Other than that - can't wait for more from Pike"
Carlos Torres,7,1,5,"September 10, 2023",,2,Im happy with the end of this great series. I cannot wait to complete the trilogy when the audio book releases.
Shyam,303,1,4,"December 6, 2023",,2,"I really enjoyed this series a lot! Though I think the third book is the weakest of the 3 from a satire / humor perspective, but it also really wraps up the story well."
Nikoleta L.,189,5,5,"December 29, 2023",4-5-stars,2,"If Pike writes it, I’ll buy it and then I’ll read it. The sooner the better. Thank you."
April,32,1,5,"February 11, 2024",2024-24-book-challenge,2,"What. An. Ending. These books were seriously incredible. Hilarious, but also so moving! I may or may not have cried a few times. Please do yourself a favour and go read this series."
Kaustubh Dudhane,535,42,5,"November 11, 2023",,1,"Source: The best epic fantasy trilogy read this year!How many fantasy stories have - a dwarf (who is also a berserker) as a main character- orcs being aggressive sellers- a cigarettes smoking Kobold- a Gnoll who is a financial analyst- a sensitive and gentle and intelligent Troll- multiple super-villains in every book of the trilogy- a typical mid-level manager who knows how to showcase failure as a success- a literal Head of MarketingHardly few and none which I have read till date. In most of the epic fantasy series, we have seen that the world building and magic systems are detailed. In this case, along with these two parameters,  has established a proper economic system based on some of the principals from our world. Due to intricacies and the similarities with respect to our own economics systems, I have loved the way the story is heavily dependent on the financial aspects of the world called Arth. The writing is moderately accessible and hence, the book never feels heavy. Moreover, the book picks up severe pace after 50% and continues to increase the pace on and on. Even though the book takes the first 30% to build up the tension, the payback at the climax is satisfactory. A couple of the Easter Eggs from the first two books really enhance the reading experience. A fantastic book which is highly under-rated!"
André,173,20,4,"February 19, 2024",,1,"The conclusion of the brilliant -trilogy,  actually took a little while to suck me back into the story. Our heroes are dispersed at the beginning, each of them battling with their respective demons instead of battling the big bad. Because that’s what the main character Gorm Ingerson expected to be doing and what most of the readers probably also expected after the ending of the previous book . So, it felt anticlimactic and somewhat disorienting when that did not happen. It takes a while to get (back) to the heart of the story, Pike sometimes seemingly getting a little lost in economical details. But once the story picks up the pace, the chemistry between the characters is back and the humor works its’ very own kind of magic (there are even more of Nove’s Principles).Once again, Pike manages to not only write a very good satire, but a good story, with a lot of heart and wonderful characters. The pacing in  sometimes seems a little off to me, making it a little less smooth than the previous books, and since we are waltzing towards the grand finale with all the different strands of the story coming together, the story is a little more predictable. But that does not make the finale and the whole story any less satisfying.The  really is a great series: It is a witty, sometimes brutal (referring to the satire, not any form of violence), smart, entertaining and heart-warming read that has the potential to make you think about some aspects of todays societies. But even without it, it’s a wonderful story that I can only strongly recommend."
Max Fischer,16,,5,"March 25, 2024",fantasy,1,"A worthy conclusion to the most funny fantasy trilogy I have recently read. Zachary Pike also manages to finish his discussion of themes of social and economic inequalities in a highly compelling way. In short, all three books are worthy to sit on my shelves alongside my Terry Pratchett collection.10 smirking statues out of 10 orc traders. Go read it!"
Stefano G.,251,7,5,"February 21, 2024",,1,"I loved also once again how the story touches on so many societal problems, such as discrimination, racism, unequal distribution of income but also topics of mental struggles such as depression, addiction, or emotional dysregulation. The characters were so much more real because of that, despite them being “not so real” in terms of Elves, Orcs, Gnome’s, Trolls, and more…! :PI particularly liked this passage (Chapter 17), as the character struggles to control her emotions, caused most likely by trauma and unprocessed hurt: This is so well written, and for me beautifully explains the concept of processing emotional pain. As someone that struggles with similar issues, it made me reflect and understand my own difficulties better. I would like to highlight that for me this is a process, and that “letting go” of the pain won’t just happen like that, but it takes time. A good exercise I found is trying to visualize yourself in two instances, the one that is in the now ‘in pain’ and then the one to strive for, which is simply “less in pain”. Then trying to figure out how to get there, without burying the pain but working through it, converting it into forward-pushing energy, using various therapeutical exercises or tools. Of course this is advisable with professional therapists, which I have had the fortune and help to contact, and highly recommend to all."
JoeK,357,5,5,"September 11, 2023",,1,"Well worth the wait. I really loved the book. I probably should have reread the first two (or at least skimmed them) but I was too eager to get back to Arth.I thought the second book in the series had cleared up most of the loose ends, boy was I wrong. This volume was full of surprises. I think it was equal parts humour, action, and emotion, and executed in such a way that my laugh, gasp, and cry cycle were bothering my wife, who has yet to start the first book. I liked the balance between all three, and admire the author's skill in blending them so that I never got bored or felt like I was being preached to (which seems to be happening more and more these days).Minus half a star for all the resurrections in this book. I'm in the George R.R. Marin camp regarding death. If a character dies, it should mean something. Resurrecting a character negates a lot of that. Yes, I play D&D, and Yes, we have a character die and get resurrected almost weekly. Maybe I'm a hypocrite but we're talking about the difference between gaming and great fiction, and many people reading these books may be fantasy/humour enthusiasts who never play RPG games.  encapsulates my thoughts on the book much more succinctly than my review does.."
Dr. T Loves Books,1395,8,4,"October 28, 2023",audience-adult；category-fiction；characters-diverse,1,"Racism: This book focuses more heavily than the others on racism, and a bit on how it intersects with economics. Several different Shadowkin characters discuss how unfairly they are treated, and how systemic forces prevent them from moving up from the lower economic rungs - until a corporation of Shadowkin is able to take advantage of a situation and their own cleverness to corner a market and start to rise up as an economic powerhouse.Diverse: This series offers human characters in various hues, as well as characters who are literally from different races, some of whom get privileges and some who get penalties simply because of what they look like.Economics: As with the other stories in this series, economics plays nearly as much of a role in events as action and adventure. This installment focuses primarily on stock market analysis for profit."
Mara,126,,5,"November 28, 2023",scifi-fantasy-book,1,"This sticks the landing! It feels like every thread laid out from the Orconomics and Son of a Liche has led to Dragonfired, and it is a very satisfying conclusion to the best fantasy satire I've read. The band of heroes are at their most quippy and sarcastic. But they have also been learning to be the best of themselves throughout the trilogy - with a lot of ups and downs and backwards and forwards. In Dragonfired, they are a true team, and I loved seeing them at their best and really become the heroes they want to be.Beyond the hero party, Poldo and Feista really captured my heart and gave voice to things that are hard to talk about. In the end, as much as this series has been a satire on capitalism, it is also a critique of the relationship between racism and capitalism. Not everything is fixed at the end. The big bad may have been felled, and the prophecy complete, but the world isn't fixed so easily. But people try. There is always hope. And that is the biggest thing I got out of the Dark Profit Saga. There is always hope."
Estelle Bowie,23,,5,"October 1, 2023",,1,"This whole series is wonderful, hilarious, poignant and so, so clever. After reading the finale, I immediately started the series over, and the foreshadowing is masterful. Not just seeing how prophecies unfold, but little off the cuff comments that come true. (Possible small spoiler) One instance, Gorm makes a comment on the messy, ubiquitous mating habits of the other races, saying something like, “They would be looking for love in a dragon’s gullet!” Lo’ and behold! :) This series is one I’ll reread and relisten to again and again. (Also- shout out to the narrator of the audible version- he’s spectacular). I can’t recommend this series enough, especially if you play D&D."
Ugo Nwokolo,35,,5,"September 20, 2023",,1,"Thoroughly enjoyed this series. the humor, quips, action, THANE, Path of the Aggressive Seller. Benny Hookhands, Gaist 9 cant believe you pulled off a weaponmaster who never said a Word)Did I mention I loved Thane? You are having a reaction always made me cackle. I re read the 1st 2 books to prep for Dragonfried and I wasn't disappointed.Unique book in the aspect of the financial market involving Heroing. Many points for that. It was a great series. Only quibbles I had was Hrurk (speciesm, racism angle) it seemed a bit heavy handed) I wish Thane didnt have to become Human to be with Kaitha but whatever. All in all, I loved it and reccommend it to all my friends."
Jonathan Lupa,701,6,5,"October 1, 2023",,1,"I. Love. These. Books.They bring together and affection and critique of fantasy/RPG genre, and economics/finance.I think a ton of people would love these books just for the comedy and satire, but if you have attachment to both of the topics above, I suspect you should run not walk to buy this series."
Assaph Mehr,,383,5,"December 12, 2023",,4,"I've enjoyed the first two parts of this trilogy, and was eagerly looking forward to the grand finale.Pike started the Orconomics series as a deep satire, on both fantasy and economics. This continues in this vein, though the focus shifts more toward the epic (which the bard of the group keeps saying, so you've been warned :).It's still a brilliant story, exploring both funny fantasy economics and deep societal issues of injustice, prejudice, and systemic discrimination of the 'other'. This is woven around characters you can empathise with and care for, with a plot that keeps going.I love thought-provoking speculative fiction, and this doesn't disappoint. Though it's less about economics and more about social structures, there's plenty to appreciate and get a chuckle or a wince when you think about our world. The writing style is extremely polished, and Pike absolutely mastered the scene transition and made it an artful that makes you keep on reading.This is book three, the culmination of a trilogy. Though each novel tells a more-or-less self-contained story, there's plenty of references to previous events in the characters lives covered in the previous books. There's a quick glossary at the end, so if it's been a while since you read the previous novels (published 2014 and 2018) it might help with some of the world setup. It shouldn't stop you though, as the books were generally very memorable so even a vague recollection will still render this last installment enjoyable.Felix enjoyed the build-up to the epic confrontation, even though he's not as familiar with our world economic structures that are being mocked. He said something about the immutability on injustice in the general human condition. He did find some of the final confrontation of personified good & evil strange, and vaguely simplistic for an otherwise complex novel.It's fantasy at it's best, and if you enjoyed the previous installments of the Dark Profit Saga (even if you don't fully recall all the details) you are bound to enjoy this one as well. (And if you haven't, start with Orconomics - you won't be disappointed)., author of  - for lovers of Ancient Rome, Murder Mysteries, and Urban Fantasy."
Adam,412,189,5,"July 25, 2023",,7,"is J. Zachary Pike’s exhilarating final entry to the Dark Profit Saga, a fantasy satire that targets capitalism, racism, classism, role-playing games, and many other ripe topics. It concludes the hilarious, incisive, and moving tale of Gorm Ingerson and the Heroes of Destiny and their struggle to overthrow the evils that have corrupted the land of Arth. It is perhaps the most serious of the trilogy, as it tackles heavy themes of love and redemption, duty and honor, and civil rights. Yet the mood is consistently counterbalanced with clever jokes, wordplay, and social commentary that mirrors our own society’s inadequacies. While it never strays too far from the central theme of how money corrupts, the book also successfully lampoons lawyers, business strategies, marketing, and evolving technologies. The commentary never feels forced or shoehorned; one of Pike’s greatest strengths is weaving these topics so tightly into the plot that they feel necessary and pertinent. The characters are one of the book’s greatest strengths. Although there is a wide cast of characters and many points of view, each voice felt distinct and relatable. A silent character is written so well that he conveys some of the most emotional moments using only stares and body language. Almost all character arcs had powerful conclusions, but I’d be remiss if I didn’t mention that one antagonist’s fate was a bit of a letdown. The trilogy seemed to be pointing toward a final confrontation between a Hero and this villain, but it went in a different direction. One of my favorite aspects of the entire series is how well Pike consistently subverts tropes. At various times, I felt comfortable in thinking I knew where it was headed, only to be upended and proven wrong time and time again. There are some truly excellent bait-and-switch moments, many of them infused with laugh-out-loud humor, that made the book a joy to read. I snorted on one page, while being gutted on the next. Excellent stuff. Having been a fan of  since it hit the SPFBO scene years ago, this has been one of my most anticipated series to finish. From the brilliant scene transitions – a series highlight – to the raw moments of Pratchett-like wisdom, Pike has crafted a witty and emotional conclusion to one of the most entertaining fantasy sagas I’ve read. If you’re looking for a series that is humorous, insightful, and pure fun on every page, then pick up the Dark Profit Saga. 4.5/5 stars"
AlfaPeperoni,1,,2,"April 7, 2024",,,"The first book was grate the second one was good the third Dragonfired is just meh.Orconomics had a very compelling settings, it was set at the end of a long fight between two groups vying for dominance. Where one group embodies economics, bureaucracy and industrialization and the other honor, personal strength and tribalism accordingly. And as expected the lightlings are winning. This is made even more interesting where we are introduced to a community of orcs that clearly understand their way of life must change. Duels to the death are economically detrimental for the tribe. Raiding and getting raided is detrimental if you don't win with high probability. Seniority based on personal strength alone is not a good way to choose leaders.Transforming age old traditions and way of living is a monumental task by any measure. And of course no one really likes to share power making the situation even more difficult and complex.But book three Dragonfired decides to take this very complex and compelling setting and drain it into the gutters. Instead of a fight of ideas and ideologies we have a black or white situation. A big bad monster made the lightlings kill the darklings, the darklings are just an oppressed and misunderstood group trying to make ends meet surrounded by racist lightlings with a systemic racist government.In the complex situation a lot of that is also true, the lightling system is oppressive and racist, but that's only half of the story. Would lightlings be better of in a darkling tribes? No. Would the darklings plunder and kill everyone there if they had the means? Of course yes, tribal systems have historically been xenophobic and cruel. So whats the solution? Adaptation and economic prosperity. Will the darklings live in poverty and hardship for a couple of generations? Yes. Will their grandchildren be competitive in lightling society allowing them to prosper? Yes. Is change easy? No. Is it better than living in a tribe? Yes.This change from the very compelling, complex situation to another clearly black or white situation killed the story for me. There is no parody, irony or humor in black or white settings.To make it even worse half of the book is condescending preaching.Its like being show a beautiful and intricate painting made of gray hues but at the same time there is guy shouting at you that it's black or white, simultaneously someone is removing all grays and replacing them with black or white."
Kiro Selanor,665,1,5,"April 26, 2024",,,"Gorm and the rest of the gang are in the doldrums. A few of them have stuck together and kept adventuring, but they're doing humdrum quests that are a big step down from saving the world. The rest left to do their own thing. The mage Jynn started a small Noctomancy school, and the bard Heraldin is trying to get his mates to give him the performance rights to their story.Gorm is very upset that one of the villains from the last book, Johan the Mighty, seems to have got away with his misdeeds. Johan is now the King, a job he got by throwing his predecessor off a giant Eagle. But they don't have proof, so Gorm can only seethe.There's a spate of mysterious fires around Arth, killing people, and it seems to be the work of a dragon. This is quite upsetting if true, because dragons are mighty and no one has seen a dragon in a long time. There's supposed to be a dragon under the mountain where Andarun is situated, but no one knows for sure. The fires seem to be killing a lot of people that may have compromising information about Johan, so the gang decide to investigate. This leads them to infiltrate a mountain stronghold filled with priests, a hilarious undertaking.Johan, who is starting to feel the heat getting closer to him, comes up with a plan to distract the public and discredit our heroes. He announces a quest to go into the dungeons under Andarun, and find and kill the dragon there. But is there actually a dragon? And will our heroes manage to foil Johan's plans?Meanwhile, Duine Poldo and Fiesta Hrurk shoulder the economic storyline, which eventually ties in to the dragon storyline. I've said before that I don't like this aspect of the series as much as the D&D stuff. In this book it's a little better than in the previous one, but still not great.Kaitha, the elf, regrets her reaction when she first saw the troll Thane, who had been protecting her (she shot him in the eye). Now Thane has disappeared and she can't find him. But Thane misses her as well; will the two star-crossed not-lovers reunite?I liked most of this book, it has good adventures and humor. But the ending was one of the weaker parts. The book starts to get into deep lore about the origin of the gods and their squabbles, but I didn't find this interesting. It was too much of an infodump, even if spread across many chapters. I prefer my monsters more down to earth (that makes it easier to chop off their bits with an axe). There's also a small storyline about happenings in the Temple of Al'Matra (where Niln had come from, RIP), which went nowhere."
Evan Martinsen,279,,4,"September 22, 2023",,,"The conclusion to The Dark Profit Saga, Dragonfired is a solid conclusion, though it is missing a little of the magic of the first two books- possibly in large part to the joke angle to the series running out of steam. Fortunately, the actual plot and characters work well enough when taken seriously to carry the economic comedy. It's not that this isn’t a funny book- Pike has fun with names, little asides and generally just goofy scenarios- it's specifically financial jokes that get played into the ground. The path of the aggressive seller is very funny the first few times it is said, but then it gets mentioned another 50 times, and while I guess it is related to the plot, it is still overused. There are tons of jokes that are repeated too often here, and I wish instead of focusing so much on the economic parody, maybe a different target would be focused on here, but this is called the Dark Profit saga so maybe this shouldn’t be too surprising. There are also maybe a few too many story threads here- not that I think any are particularly bad, but the perspective bounces around so much that there are times where the pacing slows to molasses, and seemingly nothing happens with a character for chapters at a time, despite being checked in with a handful of times. This gets better in the second half of the book, but before Gorm gets his inevitable quest for, it feels like spinning wheels a lot of time. Otherwise, Dragonfired is still a delightful read. It is original, has a surprisingly in depth lore for a world built around a few jokes, a deep cast of characters, unique set pieces, and an appropriately epic and satisfying ending. Even if it is overstuffed and loses a little of the magic and freshness of the first two books, this is no doubt a good conclusion. (Grade:8/10)"
Michaela,84,,3,"October 12, 2023",,,"3.5/5Dragonfired was a good conclusion to the fun Dark Profit trilogy. It has been a while since I’ve read the previous books but I was able to pick up all the characters and previous plot lines fairly quickly as the story guides you back into the complex world. The characters each finally concluded their own arcs, some a bit better than others, but their interactions between each other were still full of fun banter and friendship. I think this was one of the better parts of the book for sure and it’s what kept me reading to the end. The story itself did feel like it wore itself down with weaving the satire of an economic market as well as a tropey D&D campaign and I almost wish it would have chosen only one and committed to it rather than still pressing on with both. This was definitely the source of some pacing issues throughout. Overall though it wrapped the story up together and delivered a good ending (though a little drawn out). It was worth the read and I am happy to put this series to rest!"
Viniosity,6,,4,"April 14, 2024",,,"A satisfying ending but I didn't enjoy this one as much as the first two. First, I think the time between books was enough that I forgot a few of the characters and there didn't seem to be any good re-introductions to them or their motivations early on.Second, the transitions are exhausting. Clever, I'm sure, the first several times they're encountered, but even it you aren't a seasoned reader they end up distracting enough to pull you from the story. If the goal was to make the reader groan as if told the same joke for the 1000th time, the author found his tool at the start of every transition. ""How bad could it be?""""Oh, this is going to be really bad."", said the writer.Transitions aside. I did enjoy the book and whether if you've invested in the previous ones or not, I do think the trilogy is worth the effort of reading."
Richard,252,1,4,"October 25, 2023",,,"This book was a strong end to the trilogy. About the only thing I didn't like was the magic was a bit soft and a few things happened at the end which I struggled to justify ""because of magic"". I would rate it 4.5/5That aside, it is filled with easter egg jokes (non-newtonians!) and wrapped up for a fitting and slightly unexpected ending, bringing all the strands of people together from across the series. Looking back, there is a slight suspicion that some key points of the third book may not have been completely planned before the first book was published, but it was still mostly consistent.Enjoyable read."
Eddie,226,11,4,"April 2, 2024",funny,,"I am a massive fan of this series. This was, for me, the weakest entry in it. It was good, it was enjoyable, it felt like a lot of the plot was happening because this was the end of a trilogy and for me, it never felt like a trilogy when reading the first two books. There was of course connected threads, storylines, and worldbuilding and I really enjoyed the creativity on display. The plot was also still enjoyable and the same commentary on politics/economics/finance through a fantasy lens (where else do you get it in the same way) was very much welcome. The writing was, as usual, a treat, but Orconomics is definitely still my favourite of the series. A good book nonetheless."
Gretchen,135,4,,"October 3, 2023",,,"I am super excited!!! Yay! Every few months I check on this series to see if book 3 is out yet. Yippee! I see that there are some book reviews meaning at least some folks have access to it. I checked audible, though, and it’s not listed there yet. I adore the first 2 books. Give me the absolute giggles. The narration is superb. The tones of the voices add humor 10 fold. So, even though there are people who can access a physical copy I’m holding out for the audiobook. Now I just have to cross my fingers and hope that it won’t take too long."
Victor,39,,4,"January 31, 2024",,,"Финалът на The Dark Profit Saga има своите силни моменти (не са много фентъзи книгите, в които някой изобретява Excel), своите емоционални моменти и не малко слаби моменти. Искаше ми се цялата книга да е малко по-стегната, но и тук се виждат отделни глави, които са там само за да може автора да покаже каква хитра идея е имал, без да са особено релевантни към цялостния сюжет.Имаше още много какво да се иска по отнишение на антагонистите и тяхната мотивация, самият финал беше хем разтегелен, хем прибързан.Но прозата на Пайк е топ и това помага да си хване 4-тата звезда."
Daniel,20,,3,"February 3, 2024",,,"Boken och serien var i överlag helt okej. Det är fler saker jag kan säga jag inte tyckte om och iden med att ta varenda trop blev förutsägbar.Däremot fann jag mer i själva karaktärernas berättelse än i karaktärerna själva. Karaktärerna gick igenom problem med diskriminering, drogproblem sedd som värdelös med flera andra problem och arbeta sig igenom det i en boktriologi med mycket humor och räckvidd. Jag måste respektera detta.Jag fann dock inte humorn eller skrivstilen till min smak men kunde ändå gå igenom trilogin den förtjänar att bli läst."
Srikkanth G,193,7,5,"September 13, 2023",,,"Short review: If you have read the first two books, then don't hesitate to pick this one. Everything comes to a close at the end of this trilogy. The criticism I have is that the book ventured into High Fantasy elements and focused less into character relationships and humor that was hallmark of the book. More on this to come soon. Keep reading."
Hetjefken,14,1,4,"September 19, 2023",,,"There were some heavy handed preachy parts which were far too blunt and unsubtle and which dragged on too long, but overall I had a great time with this book. When it hits its stride, it's fantastic, witty and exciting. The contrived romantic drama based on misunderstandings is thankfully also gone in this book.I think the best thing I can say about this is that it reminded me of the best Pratchett books."
Kosta Galabov,95,1,5,"April 15, 2024",,,"It is very difficult to write an impartial review as I absolutely loved this book (and the whole trilogy). I find nothing not to love about it - the characters are great, the story fantastic. The light humor and the elegant parody of real life is so close to Pratchett that is eerie, yet the Zachary Pike has its own style that while close to sir Terry's, is unique and with its own voice.I finished it, and I wish I had more of the story.Amazing book."
William Tracy,,96,4,"November 20, 2023",,,"I've been eager to read this one ever since the second book came out! With this, Pike wraps up his trilogy of D&D, economics, satire, and a lot of other fun things. While it perhaps went a little too long, this story was just as enjoyable as the last two, and finally answers some questions that have been lurking in the background since the first book.Definitely recommended!"
Max Snider,30,,3,"April 21, 2024",,,"A good final chapter to a strange series. It is not as satirically good as the second book, and it struggles to keep itself up based on the story alone. It is still enjoyable but does not have the satirical wit that makes the second book so enjoyable. If you enjoyed the first two books this one should be satisfying."
Seth,28,,4,"April 29, 2024",,,Goddamn this book felt so fucking long. It took me forever to finish and was so repetitive and left you hanging on cliffhangers the entire book until the last one hundred pages or so and by that point I was so fed up with it.Then the last few epilogue chapters ended the series wonderfully.
Daniel Edwards,14,3,5,"October 15, 2023",,,"An exciting finish to a series I really enjoyed. This book took a bit longer to pick up than the previous two, but I was invested in the characters, especially Kaitha and Gorm at this point so I didn't mind."
Patrick,2143,20,4,"November 1, 2023",,,"This was an epic (readers will see the joke there) ending to this trilogy. I didn't see each of the twists coming, which is always a good thing. And ultimately it ends on a positive note. And one I wouldn't have put money on, but it works."
Vignesh Narayanan VC,47,,5,"November 11, 2023",,,This is easily one of the best series I've ever read that lands the ending.Who would've thought an amalgamation of cutthroat modern-day economy in a high fantasy world would be this fun to read!Hope we can get more of Gorm and Co's or Poldo's adventure in the world of Arth in the future.
George,10,1,4,"November 22, 2023",kindle,,"This trilogy has quickly become one of my favorites. It's got tons of puns and D&D references, and takes itself just seriously enough to keep a level of suspense but not so seriously I feel like I have to emotionally prepare to read it after a stressful day at work. Highly recommended."
Adam,4,,5,"December 27, 2023",,,All three of the books in the series are excellent. Pike finishes the series on a strong note! You are rewarded with a satisfying ending but still wanting to hear more about the characters and their adventures. This is a great series and I highly recommend.
Baelin,48,,5,"December 30, 2023",,,"WOW. The last 50% of this book more than made up for the highly mediocre first 50%, and more than made up for the highly mediocre Book 2. This is one of the most satisfying conclusions of any series that I've read in years."
Marisa Gianfortune,60,1,5,"January 18, 2024",,,"I really loved this series. Some of the descriptions towards the end lost me a bit, but overall, I really loved each character and their arcs. The metaphors were strong and I liked them. 4.3/5 rounded up because this book made me cry."
Josh Smith,20,1,5,"April 4, 2024",,,"I have enjoyed this entire trilogy, and this book was no different. I read this one at the same time as my son, and we have spent many hours discussing it. If you haven't read it yet, stop waiting and jump in with both feet. You will not regret it."
Tom Tancredi,109,2,3,"April 8, 2024",,,"Highly recommend the trilogy. I gave it 3 stars because I felt like the ending as a bit convoluted and didn't stick the landing, to my taste. That said, the jokes, the pathos, the characters - all great. Read them all."
Erinn (Graves) Nixon,28,,5,"April 19, 2024",,,"This is one of the most innovative series I have ever read. At each turn it has made me think, laugh, curse, and feel like I am with a great group of friends. If you love adventure stories with heart and you want something a bit different - this is the book series for you."
Davis Pan,4,,5,"September 9, 2023",,,Solid recommend
Rif A. Saurous,172,17,4,"September 12, 2023",,,Delightful ending to the Dark Profit trilogy. Maybe just a little weaker than the first two.
Bogdan,37,,4,"September 18, 2023",,,4.5/5
PhilzuNeide,42,3,4,"September 22, 2023",,,Good book but the ending was a bit disappointing.
Sam,24,9,4,"September 24, 2023",,,"Fun book fun series. Thanks for the laughs, Pike.First 2/3 of the book was three stars. Last third was five stars. So we will give it four."
Ian Hales,11,2,5,"September 29, 2023",,,"Great concussion to a great series. Poignant and amusing. If you love Terry Pratchett, this will satisfy what you've been missing."
Diego,227,3,5,"October 10, 2023",fantasy；humour,,"""I am the fire."""
Matthew Soul,3,,5,"October 15, 2023",,,"Was a little slow to start, but got into its paces. Lovely end to a really good trilogy. Well worth a read."
Phil,10,1,5,"October 20, 2023",,,Great ending to the trilogy. No looses ends. Wish there were more volumes to that story. Read those books you'll have a great time.
Wayne E Layman,2,,5,"October 31, 2023",,,"I've really enjoyed this series.I work in finance, and the intersection of fantasy and modern finance and corporate culture was really well done."
Corwin,11,1,4,"November 3, 2023",,,"A satisfying end to the series. Although, not as good as the previous two books. Somehow, just not as funny as the previous entries but still good."
Gard,421,,5,"November 5, 2023",,,"The perfect ending to a masterfully made trilogy! Mr. Pike, I'd welcome another story set in the same universe."
Paul Harris,161,12,4,"November 17, 2023",,,"A little Deux Ex Machina at the end, but a very enjoyable series with satisfying resolutions for a cast of characters that grew a lot over the course of the series."
Daniel,1,,5,"November 24, 2023",,,Please read this series...it is so good and so funny and so interesting. If you like fantasy and sarcasm and economic turmoil this book is for you
Mary Thompson,15,,5,"November 26, 2023",,,This was an exciting story and an amazing read. A true tale for all ages. I couldn't put it down.
Saarah Ghazi,28,5,5,"December 6, 2023",,,One of the best series I've read. Just finished it and am fighting the urge to start reading it all over again.
Andrew,560,,5,"December 8, 2023",,,An awesome ending to a fantastic tale very cleverly told.
Sruti,9,,4,"January 2, 2024",,,"Dragons and Wall Street - why not? This book could have benefited from some editing, but a great conclusion to the series."
Barbara,1241,5,5,"January 14, 2024",sf,,A moving and thought provoking exploration of the evils of racism and greed - while also being wickedly funny.
Julie,23,1,5,"February 6, 2024",,,"Awesome finale to The Dark Profit Saga. You definitely need to read book 1 first. If you loved books 1 and 2, why haven't you picked this up yet? Go read it! If you haven't read book 1 - does adventuring with a side of dungeon backed derivatives and discussion of the economic consequences of adventuring appeal to you? If so, pick up book one! It's a very fun read, funny in lots of places, but also very serious and thought provoking. Be prepared to read all three though - they are a great series."
Zosia,4,,5,"February 21, 2024",,,"No i to jest fajne kończenie wszystkich wątków. Dziękuję, dobranoc."
Kieran Biggar,3,,5,"April 3, 2024",,,Was such a good series I didn’t want it to end… 😢
Deon Robinson,24,,5,"April 10, 2024",,,"One of the best endings of series i read in a while. The end is so long but so good to. where you want to get answers, but Zack does such a good job at world building, its hard to stop reading"
Kiki Warren,9,,5,"April 12, 2024",,,"This book finishes a series that is filled with humor and wit. There is a lot of tied lore and history, which makes the story richer. Enjoyed the three. Filled with lessons."
Kade Mascarella,70,2,4,"April 13, 2024",,,So fun! Great end to an excellent series.
Caleb,78,,5,"April 14, 2024",,,Great ending!
Tristin Avery,11,,5,"April 19, 2024",,,"I honestly had no clue the series could get any better. I took a little while to finish this book, but that was mostly because I didn't want it to end. Pike did amazing and really clutched it with this entry."
James Tullos,343,1548,4,"April 18, 2024",fun,4,Didn't quite stick the landing.
Sigurd Langseth,7,1,4,"April 26, 2024",,,"Even though it's the third best book of the trilogy, I wholeheartedly recommend this."
Jonas,12,3,5,"September 6, 2023",,,"Great finish to an awesome trilogy! All loose threads tied up in a funny, sad, happy and heartwarming story."
T.O. Munro,,85,5,"August 14, 2023",fantasy-fiction,4,I was lucky enough to get an ARC of the final instalment in Pike's biting satire of all things contemporary sketched out on a canvas of high fantasy.A glorious conclusion with enough ironic humour to satisfy even Nove and his septet of principles of irony.My fuller review will be published on the Fantasy Hive in due course and I'll post a link  when that happens.
James,32,,4,"March 17, 2024",,,"You know how a series can be ruined utterly by its ending? Game of Thrones Season 8 or Usagi Drop are standout examples. Well this does the reverse.This trilogy has been pretty good on the whole, and I've enjoyed each book immensely but they've mostly just been fine.This one on the other hand hits in all the right places and finishes the story with one of the best endings I've read in years. It elevates the previous books.This book really leans on the economics of the trilogy in the best way. It delves deep into the realities of discrimination and systemic problems. Some may say it's not subtle, but also Some Anvils Need To Be Dropped.Honestly, I think I enjoyed this book as a 4 out of 5 stars because that's just how it sits ""for me"", but it and the series are unequivocally 5 stars otherwise. They deserve it. Go read them and understand."
Tobias,267,1,5,"December 6, 2023",,,"Superb. I lost track of the number of times this made me smile, or even full on laugh out loud. At it's core a not overly-subtle morality tale, dissecting our modern woes, but dressed up as a first-class high-fantasy swords and sorcery romp. This has something for everyone, and I can't stress enough how good it is - it is ALMOST as good as Pratchett; there is no higher praise."
