Reviewer,Review Count,Followers,Rating,Date,Tags,Likes,Content
Morgan Moeller,1,,4,"July 29, 2023",2023,,"I absolutely loved this book!! Walker writes the most beautiful, picturesque prose with fiery, passionate characters. It’s an adventure from start to finish and I couldn’t put it down! I never knew what was going to happen next, with so many twists and turns. I loved being taken on such an incredible, heart pounding journey. Definitely would recommend for fans of fantasy and romance! This story will stick with me for a while."
Rebecca,12,,2,"November 27, 2023",,,"I'm sad to say this book did not grab my attention like I hoped it would. The premise was unique and refreshing, but the both the story and romantic plots were far too rushed for me to find any investment or connection with the characters."
Alex Goldenhar,17,2,5,"November 2, 2023",,,"Good God damn. This book doesn’t let up with all the twists and turns and keeps you turning the pages late into the night. Every character is dripping with cool, every time I thought I picked my favorite another character would step in and steal the show. Make sure you curl up in a blanket with a hot chocolate or cider because holy crap this book is cozy. I’ve never wished before that I could get kidnapped by an evil queen and held captive in her chilly palace but this book makes it feel like a getaway retreat, luring you in with its promise of pretty gowns and glamorous balls. You’ll find yourself tasting, hearing, and feeling this frozen world and wishing it would go on and on after the final chapter. Highly recommended"
Shelly,1,1,5,"January 10, 2024",,,MUST READ
