Reviewer,Review Count,Followers,Rating,Date,Tags,Likes,Content
Vanessa Montalban,,92,5,"January 7, 2023",,22,"This story lingered in my mind for years. A constant, steady companion. I really love it. I hope you do too."
Tara Lundmark,70,8,5,"August 16, 2022",,7,"Ofelia and Delfi may be twins, but their personalities are like two sides of a coin. When their plans to use their bruja magic to earn a few bucks telling fortunes over the summer turns sour, strange happenings in their neighborhood leave them no choice but to investigate. Could the dark forces have something to do with their family history in Cuba? It's up to them to find out--and stop it. From page one, you'll fall in love with these sisters and their synergy. Spot-on family and sibling humor, swoony love interests, and creepy chills. This book has it all. I loved it!"
Amanda at Bookish Brews,338,230,,"August 22, 2023",,7,A Latinx Practical Magic? About Cuban American psychics in Miami uncovering a murderous brujo cult? Practical Magic was my comfort movie for so many years growing up. I love love loved the spooky magical energy and women being badasses who rediscover their magic and their sisterhood. I am so excited to see a book inspired by such a comfort movie!!!
Meigan,1237,72,5,"August 1, 2023",,6,"A TALL DARK TROUBLE was a fun and magical story that follows Cuban twins, Delfi and Ofelia, who are planning to spend their summer telling fortunes using their (forbidden) bruja magic. Strange things start happening, their magic isn’t working as it should, and the girls suspect that something in their past may be causing their magic to suffer. With the story’s dual timelines, readers are taken from present-day Miami and transported to 1980s Cuba, where the girls Cuban and family history is explored, and together they work to figure out what happened in the past that’s affecting their present. ⁣⁣This was such a fun story from start to finish. I adored the sisters’ family dynamic and how despite being twins, they couldn’t have been more different. I enjoyed learning about the girls family history and I loved how readers get a little history lesson on Cuba in the 80s. There’s also a bit of romance thrown in along with some thrills and chills, which all blended together to make one fantastic debut. 4.5 stars. Many thanks to @zandoyr and @turnthepagetours for gifting a copy of the book for the tour!"
SpellsBooksandKrystals,280,9,5,"September 12, 2023",,5,"A Tall Dark Trouble is such a delightful book to read. It’s described and categorized as a contemporary YA fantasy/fiction novel with a little magical realism thrown in. I’m going to have to disagree with this categorization. First, it’s definitely fiction. There’s also a little fantasy. However, it is certainly not magical realism. It is much more of a paranormal book that has both contemporary as well as historical fiction. It’s also educational, which honestly might be my favorite part about it.One of the qualms I have about religion (Yes, I dare say religion in this book review) is that it tends to focus on a more monotheistic belief system and the differing sections of said belief system. There usually is very little mention of other belief systems, and when they are mentioned, they are either presented incorrectly or as an opposing belief to the current popular belief system. For example, If I said Voodoo, what is the very first thing that comes to mind? More than likely it’s either curses or the vision of “witch doctor.” But what else do you know? What else do I know?In A Tall Dark Trouble, Vanessa Montalban blends the story of a Cuban-American immigrant family into a tale of struggle to triumph over past traumas all the while giving both a history lesson on Cuba’s political past and an education on the different cultural and religious practices in Cuba and among Cuban culture. We are introduced to the world of the Sanchez sisters. Identical twins Delfi and Lela are recent highschool graduates who live in Miami with their mother. It is a household of financial struggles as well as emotional and mental struggles. Delfi and Lela are witches or brujas, and they keep this secret from their single mother. Why? Probably because their mother is single and doing everything she can to keep the family together since their father is no longer in the picture. (You will get no spoilers out of me.) But, it’s probably also because she is a heavy church-goer and doesn’t want her daughters to be involved in anything related to Santeria or other magical practices. Because of this, Delfi and Lela have to learn about their magical abilities on their own. And, because they have to learn, we get to learn all about Santeria and Regla de Ocha-Ifa with them.The Sanchez sisters are having visions, and what they see disturbs them. Lela fears the visions and wants to shut them off completely. Delfi, however, wants to dive head in. they are identical physically, and in their love for their mother and themselves. But, that is where the similarity stops. While Lela is the quiet, sheepish little cute nerd, Delfi is the bold, outspoken ‘It” girl. They couldn’t be more opposite and completely identifiable from one another. And, this makes them completely lovable. You have no choice but to root for them. Throughout the entire novel Delfi consistently pushes Lela to try and learn how to get a better hold of their abilities while Lela just wants to take a hard pass. It’s completely adorable.However, they are not the only characters in this book that are truly worthy of your love and affection and/or even maybe some strong dislike. The author does a great job with character development. None of the side characters really feel like archetypes. They are each in turn given depth to their character and how they became who they are. Some of the more intriguing characters are Mama Orti and Dona Aura.This book is paced phenomenally. There were no times when I felt that the plot lulled or was rushed. The climax and ending were both evenly paced and the conclusion gave just enough to end the story without going on and on forever. After reading, I was left with a feeling of closure for all the characters involved. It has a happy ending but not a perfectly happy ending. It made sense and matched the feel of the rest of the book.There were a few small issues that I had with the book. And, when i say few, i mean a very small few. There were some points where information was thrown in and didn’t seem to connect with any other parts of the story. For instance, in the conclusion to the story, Delfi mentions that she loves dancing and can now get back to it. I have no recollection of reading that anywhere throughout the book. I could be wrong, but I didn’t remember it while reading. There were a few other instances like this as well.Also, I don’t understand the title. Usually, a tall, dark anything is a man. If that’s the case, what man are we referring to? Gilberto, Rafa, Ethan, or Andres? Or, are the Sanchez women the tall, dark trouble? Or is it the magic or the spirits? If it refers to romance, I feel like the title doesn’t really represent the book. Is there romance in it? Yes, but it isn’t the central theme that I picked up on while reading. Sisterhood and family bonding was the main theme that I saw while reading. It’s even a little bit of coming-of-age story and into your personal power more than a romance. This is a great book. It’s a great positive and educational book that can serve as a great pallet cleanser or energy cleanser. I would definitely recommend reading this book after a hard-hitting book to reset your aura or anytime you just need some familial love and positivity in your life. The witch vibes are strong.5/5Thank you to Vanessa Montalban for providing me with this ARC. I leave this review voluntarily."
Penelope ✈️ theflyawaygirl,101,7,4,"June 7, 2023",netgalley-reviews,5,"For fans of magical fantasy set in interesting locations, this is a book for you. I loved following Ofelia and Delfi through their journey of discovery, as well as learning more about Cuba and it’s culture and history. The book is fantasy with a dual timeline, between modern day Florida and 1980s Cuba. One thing that jarred me slightly - and I may be incorrect, so please do correct me if I am!! - is that the present day timeline appeared to be set in around 2016. However, it’s mentioned a few times that El Comandante (aka Castro) is still alive, which is true, but he was only leader until 2008 from what I could tell, so I was a little confused at some historical details. The Spanish throughout was fairly well done, although I wonder if it may be a little tricky with some words that aren’t really explained with context/translated for any non Spanish speaking readers. Don’t get me wrong, I did love this book and definitely recommend it! I really enjoyed the historical timeline set in Cuba, and I learned a lot about that part of history, with a bonus magical flair. I was also wildly proud of myself for having an inkling about the ‘twist’ that came at the end 👀 pero qué sorpresa If you’re interested in Cuba, historical fantasy, or dual timeline novels, this is one you should have on your tbr![I received an ARC of A Tall Dark Trouble thanks to NetGalley and the publisher. All opinions are, as always, my own]"
Jessie,159,88,5,"August 24, 2023",,4,"Pick up this book ASAP! It’s perfecto for Latinx Spooky Season 🖤💀I adore this story so much that I got a little emotional reading it because of all the drama, mystery, suspense, Spanglish, found family, loyalty, ugh sisterhood! I LOVED IT ALLDual Timeline and multiple POVs set in Cuba 1980 - Miami 2016, ( with a lot of Cuban history but please don’t forget this is fiction, not everything has to match to dates of past events)Delfi and Lela who are twins sisters born from a strong lineage of Santeras were my absolute favorite characters, I love them both on their own way.. What an incredible murder mystery filled with Magia 🖤"
Ines Lozano,30,7,5,"April 3, 2023",,3,I haven’t read a fantasy YA in a long time and this was a great one to break that streak. The multiple timeslines/POVs kept me gripped.
Tris,494,30,4,"August 7, 2023",2023；fantasy；netgalley,3,"a tall dark trouble was a captivating read that had all the enchanting elements i look for in a fantasy book, magic, mystery, family drama, a little romance, murder! the story follows twin sisters lela and delfi in modern-day miami, and anita in 1980s cuba under castro's rule.the twins have been warned to avoid magic due to a family curse that dooms any romantic love for the sanchez women. but when they start having visions of murders, they decide to use their magical abilities to uncover the truth and save lives of fellow witches. and in the past, anita has found herself heir to her mother's powerful coven, a role she is unwilling to accept. while the twins had distinct personalities, i found anita's pov more engaging and her connection to the twins intriguing. none of the romance was at the center of the plot and neither of the romantic interests were particularly...interesting to me anyway.each of the three women discovers her strengths and learns to embrace her power and identity, standing strong against curses and covens that try to hold them back. this debut YA fantasy delves into the challenges faced by three generations of women and seamlessly weaves afro-cuban folklore into its contemporary setting. one thing that could have been improved though are the concepts and terms in spanish that were left here and there without any explanation, they may confuse readers. overall, a great read for those who love stories of magic, strong women, and the power of sisterhood thanks to netgalley and zando projects for this uncorrected proof!"
Inefablesky,19,20,3,"August 14, 2023",2023；published-in-2023,3,"DFN 48%: I swear I gave it a go, but I reckon this book isn't my cup of tea.Upon reading the synopsis of this book, it piqued my interest so much that I was eagerly anticipating its release, and I was thrilled when I got approved for the ARC. However, I was left disappointed and unable to connect with any of the characters.The twins Lela and Delfi Sánchez knew very little about magic due to their mother's prohibition. Moreover, they grapple with the mystery of their past, not understanding why their mother fled and why they're under a family curse: anyone who romantically loves them will be ruined.I believe it could be intriguing for those who are just starting to read fantasy and don't want an overly complex world. In my opinion, there were a few details lacking both in the setting and in getting to know the characters' personalities. I'm not sure if this was just my experience, but while reading, I felt that the plot wasn't moving forward, and that was quite frustrating."
claire,22,,3,"October 19, 2023",,2,3.5 ⭐️
Julie Grybos,21,,2,"September 14, 2023",,2,I wanted to like this so much more.
Ileana Morales,1,4,5,"May 26, 2023",,3,Loved it. I couldn't put it down until the end....
vezzaleggestorie,119,16,4,"July 26, 2023",,1,"""A Tall Dark Trouble"" is a ya contemporary fantasy written by Vanessa Montalban.The story follows 18-year-old twins Lela and Delfi Sanchez, residents of Miami, as they struggle with their mysterious emerging powers. Magic is something to which their family is no stranger, but about which they know very little. The Sanchez women, in fact, are cursed in love. Not unlucky, but really doomed to never be able to fall in love, at least if they do not want to cause the madness of their partners. A dark and arcane curse that originated in the past and followed their family from Cuba to Miami, poisoning any chance of romantic love. Something that prompted their mother to forbid them magic, warning them of the dangers of practicing it. An order the twins cannot comply with, not when their gifts are growing stronger and not when premonitions of an unknown woman in danger begin to haunt them. When the same woman from their visions is found dead on a Miami beach and ominous new images begin to torment them, Delphi and Lela realize they must embrace their powers to save innocent lives. Teaming up with their best friend Ethan and the brooding detective-in-training Andres, the twins discover that someone is targeting witches. Determined to stop the murderer, the girls soon come face to face with the dark secrets of their family's past. Meanwhile, in 1980s Cuba, 18-year-old Anita de Armas whispers to the spirits to have mercy, not for herself but for the victims of her mother's cult. Heir to a powerful yet cruel order, Anita is desperate to rid herself of its power, which manifests itself in inky shadows and the ability to speak to the dead, especially as political tensions rise and her initiation into the cult approaches.I loved this book! I found it to be a bewitching, emotional and evocative read, which enthralled and touched me a lot.The author's writing is something wonderful in my opinion. Evocative, intense and lyrical, I loved it. I sensed a richness in the words, a depth, that really captivated me. The descriptions then are extremely vivid, so much so that I was able to imagine the various places in the story. I sensed a shade of melancholy, at times heartbreaking, that I simply loved. Just as I loved the darker, anguished and and arcane tones present in certain passages of the book. The fast and compelling pace, combined with the presence of short chapters, pushed me to finish it in less than a day!The setting convinced me a lot, especially 1980s Cuba. The whole difficult political, economic and social situation is rendered in a way that I found quite efficient. However in my opinion, the part about Afro-Cuban folklore constitutes the real gem of the book! The numerous references to the Regla de Ocha (otherwise known as Santeria) were super interesting and I confess that it prompted me to seek out more information about it. The presence of some words in Spanish, without explanation, as well as some concepts without information left me a bit puzzled, but in general I enjoyed everything.The plot proceeds briskly, full of events and intrigue, with a dual timeline, between 2016 Florida and 1980s Cuba. The narration takes its time, without sudden acceleration, leading to a result that satisfied me very much. I admit that I identified the solution to the mystery early, however, this did not bother me.I loved Delphi, Lela and Anita, the main characters in the story. Delphi and Lela have their povs in the first person, while Anita's pov is in the third person. I would like to tell more about all of them, but in this case I am afraid of making spoilers unintentionally, so I avoid. However, I can say that I found them beautifully characterized, with wonderful development. I really liked the twins' relationship of Delphi and Lela, as well as the bond with their mother. I appreciated their diversity of character, the fact that they are well distinguishable. Anita, on the other hand, is a girl who has been through a lot, stuck in a terrible situation, to whom I became so attached. The journey they all take in search of their roots, toward self-acceptance, is really emotional.The secondary characters, on the other hand, seemed flat to me. Excluding those in the past, who engaged me quite a bit, those in the present conveyed little to me. Especially the two romantic interests failed to captivate me, leaving me rather indifferent to the couples' development.All in all, I found it a beautiful read, accompanied by evocative, exciting and fast-paced writing, which I recommend a lot!Thank you to the Publisher and NetGalley for giving me an ARC of this book in exchange of an honest review."
Rahel Charikar,417,3,4,"August 1, 2023",,1,"""A Tall Dark Trouble"" by Vanessa Montalban is a spellbinding YA contemporary fantasy that weaves together the struggles of three generations of women in one captivating tale. Twin sisters Ofelia and Delfi Sanchez have been taught to steer clear of magic due to a family curse that has left a trail of poisoned love. But sometimes, the heart can't resist, and when the sisters begin experiencing premonitions of a series of murders, they know it's time to embrace their magical inheritance to uncover the truth and save innocent lives.Montalban masterfully creates a rich and engaging world filled with magic, mystery, and sisterhood. The bond between Ofelia and Delfi is beautifully portrayed, capturing the complexities of sibling relationships and the power of love and support. Their determination to protect each other and their best friend Ethan adds depth and emotion to the narrative.Intertwined with their story is that of Anita, struggling with her own magical conflict in 1980 Cuba. The portrayal of Anita's predicament and her mother's secret coven adds an additional layer of intrigue and depth to the plot. Montalban's writing effortlessly navigates between the present and the past, seamlessly connecting the lives of these remarkable women.The characters are well-developed and relatable, each woman finding strength and courage to defy the expectations imposed on them by their magical legacies. Ofelia, Delfi, and Anita's journeys toward self-discovery and embracing their true identities make for a compelling and empowering read.""A Tall Dark Trouble"" is a gripping page-turner that effortlessly balances magic, mystery, and romance. Montalban's debut novel is a testament to the power of sisterhood, love, and self-acceptance. The enchanting storytelling and captivating world-building make it an unputdownable read for anyone who roots for magic, sisterhood, and love.With its engaging plot and well-crafted characters, ""A Tall Dark Trouble"" is a must-read for fans of YA fantasy and those who appreciate stories of female empowerment and resilience. I enthusiastically recommend this novel and award it four stars for its captivating storytelling, poignant themes, and its celebration of the strength of women and the magic that lies within them."
jlreadstoperpetuity,246,15,,"September 18, 2023",,1,"When Lela and Delfi receive premonitions of a mysterious killer targeting witches, the sisters must embrace their emerging powers to save innocent lives. Teaming up with their best friend Ethan and brooding detective-in-training Andres, Delfi and Lela set out to catch a murderer on a dangerous hunt that will bring them face to face with the dark secrets of their family’s past.Meanwhile, in 1980s Cuba, Anita de Armas whispers to the spirits for mercy—not for herself, but for the victims of her mother’s cult. She’s desperate to rid herself of her power, which manifests as inky shadows and an ability to speak to the dead, especially as political tensions rise and Anita’s cult initiation draws near.Told in a dual timeline, the author managed to merge both beautifully. I liked reading about the twins and how same and different they are at the same time. Though the romance felt a little bit forced borderline unnecessary, the plot held up and ended on a good note.I swear I didn't mean to read another witchy book but here we are 😅"
Jessica Massa,40,,5,"October 4, 2023",,1,A Tall Dark Trouble by Vanessa MontalbanI just finished this fantastic book! I started this book last month but because my mental health highjacked my September I didn’t finish it as fast as I would have lol. If you know me irl you know that I’ve been talking about this book and recommending it before I even finished. This book has everything without it being too much! If you are looking for a Latinx witch/cult vibe this October then you need to add this book to your TBR this month! This story is about this Cuban American brujas that live in Miami. They are trying to figure out their own powers while trying to solve/uncover a murderous brujo cult. There’s a dual timeline between modern day and 1980s Cuba. A couple of povs. I loved these twin sisters so much and their family dynamic. They are so different from one another. I was able to figure out who was who on the cover based on their personality lol. I loved the history lesson when it came to Cuba in the 80s and how the author sprinkled some brujas in there. I will ofcourse post the synopsis because I’ll just spill the beans if I go any further. This book is Vanessa’s Montalban first baby and I cannot wait for more! What To Expect: 🔮 Fantasy 🔮 YA 🔮Romance🔮 Mystery🔮 Brujas 🔮 Curses
Veronica ReadsandRecreation,281,4,5,"January 24, 2024",,1,"Wow! I love a story about finding your strength, connecting with your past, and forging a new trail. Ofelia and Delfi, twins with emerging psychic abilities at odds with their mother’s strict religious practices, are haunted by recurring visions of dark magic and violence. When evidence suggests that those visions are a warning, they feel compelled to use their gifts to help save those in danger. But getting mixed into the drama reveals disturbing truths about their mother and the life she left behind when she escaped Cuba. Their adventure kept me at the edge of my seat with a fantastic rhythm of danger, revelations, and palpable emotions. I love the way several magical practices unique to Latinx cultures are represented throughout the novel. I’ve seen this referenced as Practical Magic meets I Am Not Your Perfect Mexican Daughter. While I love Practical Magic, I would say this falls more in line with the energy in Aiden Thomas’s Cemetery Boys, and that’s a high compliment!"
Nikki S,1535,64,,"September 11, 2023",e-book；libby,1,The magic system was a bit confusing. It was enjoyable nonetheless. Real review to come.
Jess (BooksFromBed),70,7,3,"August 12, 2023",arcs；wanted-to-like-it,1,3/5 StarsBig thanks to Zando Projects/Zando Young Readers and NetGalley for providing the ARC for this book in exchange for an honest review!
BookishKarina,97,1,5,"September 21, 2023",,1,"I am so annoyed with myself for not reading this sooner!! I absolute loved this book from start to finish. I loved the witchy vibes, the characters, the multiple POVs, the mystery aspect to it and learning more about Cuban history and culture. I could not put this book down but at the same time I didn’t want it to end. This was honestly a perfect witchy read for me, I absolutely adored it and HIGHLY recommend it to anyone who loves witches. I now have to buy the finished copy of it because I need this book in my collection. Thank you NetGalley for giving me this e-arc."
Krystle Rouse,109,98,5,"June 27, 2023",,5,"This book was very enjoyable and kept my interest. It read really fast. The characters were interesting and relatable. The story was very compelling and engaging involving witches and cults. The story does deal with Cuba in the 1980s but it is very intergraded with the story. Overall, I really enjoyed this book! I was given this arc from NetGalley, Zando Projects, and Vanessa Montalban for an honest review."
Karin (msmadeinchina),189,37,5,"August 28, 2023",,1,"In 2016 Miami, twins Defli and Lela have been followed by malicious magic and a love curse their entire lives, leading to them trying to suppress the magic that lives within them. But when they start having visions of murders that have yet to happen, they realize that it’s time to embrace their magic in order to help save innocent lives. Alongside their best friend Ethan and detective-in-training Andres, the sisters set out to figure out how to control their magic and stop their visions from coming true.In 1980 Cuba, Anita is also struggling with her magic in a different way. She was raised by her mother, the head of a secret magical cult, and uses her abilities to whisper to spirits - not to save herself, but to help those who her mother’s cult have injured. As the days tick toward Anita’s initiation, she makes secret plans to find her way out of Cuba and away from her mother’s clutches.I don’t think I have the words to explain how much I loved this book. It was a bit slow going at the beginning as I got to know the characters and get into the groove of the different POVs and the jump between timelines, but once it got going, it never stopped. Montalban brings to life a story that on its surface is a bit of a fantasy murder mystery, but also weaves in the beauty of sisterhood and familial love with a bit of magic and romance tossed in.The way each of the girls (Delfi, Lela, and Anita) grow into their own and learn the power of their inner strength and magic develops slowly throughout and is one of the things that ties the two timelines together so seamlessly. They have each struggled to come to terms with what has happened in their lives and what they can and cannot control. But each is able to move forward and find something that feels better for them with the help of the people and relationships around them. As the story progresses and more and more is revealed in both timelines, we are taken on a journey that feels incredibly grounded despite the fantasy elements weaved in.It is clear that Montalban put a lot of love and care into creating this story and weaving in bits of the very real struggle of growing up multicultural with the fantasy elements. Real life can be hard to swallow and by providing a contemporary fantasy space to present some historical events, Montalban teaches the reader in a way that makes us want to learn more rather than run and hide from the ugly truths.: I received an advanced copy of this book from the publisher for free and have voluntarily written this review."
Yona,418,31,2,"March 21, 2023",dnf,1,"Two twin witches share visions of a woman who later turns up dead. They decide it’s time to finally learn what their powers can really do … but that means ignoring their mother’s warnings. Meanwhile, in the past, a girl who seems likely to be one of their ancestors is also reckoning with her powers and the corrupt government that wants to wield her to its own ends. DNF @ 18%I tried, but I just couldn’t get into it! Not only does the concept fail to stand out among the other witchy YA titles that have come out in the past year or so, but the execution is also blah. I felt no attachment to any of the characters I probably should’ve. Like, the twins are literally clutching their chests over Idaly and I’m over here wondering why I’m supposed to care about her when she has no agency, no wants, and no sense of what she cares about. Like, Ofelia is swooning over Ethan and I’m over here wondering what he looks like and when his personality is supposed to kick in.The cover will catch eyes, and I’m still happy to recommend it to teens who ask for witches or Latinx fantasy. But my honest opinion is that this book is forgettable. I wish the inside was as good as the cover!Thank you to NetGalley for providing early access in exchange for an honest review."
StorytellerMg,32,,5,"December 28, 2023",latine；ya,1,"This story is incredible and I have enjoyed every word. Lela and Delfi and Anita are remarkable leads in a story that combines culture, love, family, politics, and most importantly, magic. My heart jumped and raced and broke along with the characters thanks to the authors incredible voice. This was just beautiful. Read it!"
Lisandra,1,4,5,"May 26, 2023",cuban；latinx；romance,1,I couldn’t put this down! The bond between the sisters and the development of the rest of the characters made me obsessed with this ! Can’t wait to see what comes next by this writer !!
M.,525,34,3,"August 13, 2023",ya-fantasy,,"I received a copy of this title from Netgalley. My thoughts are my own. I requested this title because I enjoyed the author's short story in an upcoming anthology, . I found much to enjoy in this story, and I recommend it, but I can't say I loved it, and it took me a while before the pages turned themselves, if you know what I mean. Half of the story is set in 80s Cuba, and I really liked those portions with Anita. In the modernish day, we're in Miami, and we follow 2 sisters, Delphi and Lela, each with magical abilities. One sister is more eager to explore this side of her identity. Both of them are having premonitions of a woman's death. Their mother very much wants them to ignore this side of their identity. (This last detail reminds me of , and it's interesting to compare each mother's reasons for discouraging her daughters from coming into their full power.)The girls are under a family curse, as well, that means that anyone they love romantically will come to ruin. So, they both have love interests. It might say something about my wiring, but I could resist resist temptation under the circumstances. Not going to lie, while I like romance, I don't consider it mandatory across genres. In this book, there's so much material that I'd like at least one of the three romantic subplots to have been eliminated. But of course, if this is your candy, you're going to think the more of it the better. In that case, the love interests are all interesting, particularly Anita's love interest, who gets the fewest pages, and then Andres, Delphi's guy. I feel like I have unanswered questions about Lela's love interest. While I was entertained, I was never shocked. I find myself wondering how much I was supposed to have figured out, maybe all of it. Still, knowing that the sisters' initial impressions of a couple characters were wrong, took away what could have been a moment to gasp. I minded less that how Cuba and Miami relate to one another was obvious, but I think it was supposed to be -- that we're a step ahead of the sisters, and waiting for them to figure it all out. I think you'll enjoy the story if you love sisterhood, siblinghood, familial bonds, and female friendships. Magic. Real and fictionalized religious and spiritual practices. Cuba and Cuban politics. The author is great at setting a scene, and atmosphere, and so there's some delightful creepiness. And gore. Because Vanessa Montalban can set a mood, I'm interested in seeing where she'll go next."
Stephanie Augustine,,29,5,"September 1, 2023",2023-read-arcs,,"I enjoyed this book way more than I thought I was going to. I've been loving these Spanish/Puerto Rican/Cuban stories so much lately - and this one has been the best so far! Our story covers 3 Bruja's who's stories are interconnected throughout two timelines. Delfi and Lela are twins during the ""current"" timeline (I say current because it's 2016 when it takes place but its 2023) and then Anita from the past. I loved the way the stories intertwined and just the magic behind everything. This book was so rich in culture and I just drunk it all in. I tend to read my books before bed (since it's really the only time I have) and I found myself counting down the minutes until I could curl up in bed and continue this story. Although, I figured out every twist and reveal there was in the book - it was still executed so well. I remember seeing a thing saying ""Latin writers don't have to translate for you"" and it's true but Vanessa - thank you for doing so. It was done in such a smooth way. There wasn't a direct translation for every Spanish phrase but it was woven into the story. It helps understand what was said without disrupting the flow. I love when Spanish phrases are still used throughout the book but the subtle translation does help a non-Spanish speaker, like myself, understand what is being said.I loved these characters so much. Delfi and Lela were twins but their personalities are complete opposites. They compliment each other and it's clear how much they rely on each other. I was a little worried starting the book that the three point of views was going to be too much but it was perfect. Each side of this story needed to be told and I'm glad we got each. Delfi was definitely the more outward confident of the two. Embracing her magic faster and being more vocal about how she felt. Lela was more reserved but she had just as much gusto. As soon as she became more involved in her magic and learned that it was okay to accept it - she became confident in herself and it was amazing to see her grow. And then Anita had the biggest struggle. She was the heir to the organization that was not a good organization. I'm so glad that her story was told as well.Overall, A Tall Dark Trouble by Vanessa Montalban is going to be the bruja story you need for this fall season - and every season. I absolutely loved this story and the way it was told. The interconnecting timelines was a definite must in order to understand everything. I loved the rich culture that was introduced in this book making it even that much better. Each character was so well written and so different in their own way. I highly recommend this book for anyone who loves strong witches, family values, and murder mystery!"
ashe louise | la sorcière de fleur,118,3,4,"August 29, 2023",,,"(4.5⭐️) Although twin sisters Lela and Delfi have grown up being told magic is dangerous and to be avoided and suppressed at all costs, their burgeoning powers begin manifesting in visions they don’t understand but feel compelled to discover…because the one thing they do know is that lives are at stake.Full of suspense, witchcraft, familial bonds, and a touch of romance, this Practical Magic inspired story with a Latine twist will keep you on the edge of your seat all the way through as Lela and Delfi dig deeper into the meaning of their visions and begin to uncover family secrets that have been buried deep, threatening to shift everything they know about their mother and the past she’s kept hidden their whole lives.A dual timeline follows the story of a young bruja, Anita, and her family decades ago in Castro controlled Cuba, that quickly becomes clear is linked to the events Lela and Delfi are experiencing in the current day. Both timelines are equally intriguing, and feel very distinct and true to their respective time periods.I loved the premise of this book, the balance of tension and mystery made it hard to put down. Lela and Delfi are polar opposites but you can’t help love them both, Lela for her gentle sweetness and Delfi for her fearless persistance. Anita’s harrowing journey is heartbreaking and poignant. There are so many elements woven into the story but they all come together in a fiery crescendo that exposes secrets and horrors but also repairs lost bonds and brings new hope for the future. A fantastic debut from Vanessa Montalban, I can’t wait to see what she writes next!"
Jaynelle Dessirae,170,8,5,"October 1, 2023",,,"I saw this recommended on Instagram by a creator that always has fantastic recommendations... and this one definitely did not disappoint. I listened to this book on audio and I enjoyed it but I wish I had a physical copy as well (will be purchasing one) because there is a significant amount of Spanish spoken throughout the book. I would love to translate what is said so I have that in the story. It didn't take away from the story at all because the majority of it was translated but that is just something I like to do if another language is spoken in a story. The story follows twin girls who live in Miami. They are bruja's and are learning about their powers, but their mom does not want them getting involved in any magic- at all. Their ancestors are from Cuba and were part of a group of bruja's that were in service to Fidel Castro during his reign. Their family is cursed- any man that falls in love with them slowly goes mad. There is a hinting that something happened with a boy that fell in love with one of the twins but it never says exactly what happens.The timeline of the past and the current story was interesting and I liked that this story stayed true to some of the history of what happened in Cuba. The twins relationship with their mother was complex and I like how it was resolved in the end. Also Ethan was so sweet. Overall I highly recommend this book and I cannot wait to get my hands on a physical copy of it. I am looking forward to more books from this author and this was a fantastic debut novel."
Lillie,132,9,4,"August 15, 2023",,,"This book was so much fun! I loved the vibes and the setting of it. It reminded me a little of Dexter with it being set in Miami (even though they're so different). I knew I'd love this book as soon as I read the first chapter. Anything with Brujo's or Bruja's is just so much fun and I love seeing Spanish / Latin American witchcraft in books. I was literally dreaming about this book at night, that's how into it I was.The mystery was so fun to uncover and to piece together. I loved having the flashback scenes in Cuba showing how things were unfolding there in the 80's and figuring out how that timeline was impacting the twins and their lives. The only negatives/ things I didn't like, was that some parts felt a bit repetitive. Especially when switching perspectives, the same thing was repeated for like no reason. I also found myself getting a bit confused with who's perspective I was reading as there didn't seem to be strong and distinct voices between the characters. Overall I really enjoyed this. If you love things like Practical Magic and Aiden Thomas' works (Cemetery Boys) I'm sure you'll love this. It's full of fun magic, spirits, amazing mother/daughter/ sister relationships, with a murder mystery and magical curse at the center. It's just such a fun read and I can't wait to read more by Montalban."
Lourdes,86,,4,"September 6, 2023",,,"Vanessa this was such a good book . The way she incorporated Cuban history in a way as not to overwhelm or make the reader upset, but just enough so you understand why her was disliked and feared. This story follows twins Lela and Delfi who have magic gifts. One day they have a vision of a woman dying and they don’t know why . They strangely feel a connection to this woman even though they have both never seen or heard of her. One day while hanging with friends on the beach in Miami, the woman from their vision washes ashore …dead. Murdered. Both twins feel guilty for not being able to save her . Therefore they embark on a journey of discovery in so many ways. They want to find out why this not dead woman was in their visions and why they are being pulled to solve her murders. In this story you will find, family secrets, love, found family, hate, self discovery , coming into ones magic. All things that will have you not wanting to put this book down . Vanessa makes sure you’ll still around to pieces all the pieces together . Loved this story. I felt like a detective trying to figure how everything fits ."
Angélica Salgado ,28,,4,"January 16, 2024",,,"""Your journey is just beginning, bonita, so run, brujita.""Una historia de maternidad y hermandad. Las madres se equivocan, pueden cometer errores enormes, pero, muchas veces, esos errores provienen del miedo a quedarse solas y con la idea de hacer lo que sea para cuidar de sus hijos.Esta es la historia de Lela y Delfi, dos adolescentes de ascendencia Cuba que provienen de una familia maldita, ya que el amor que ellas generan en otras personas se podre sacando lo peor de sus parejas. Mientras Delfi intenta hacer las paces con sus poderes, Lela somo quiere tener una vida normal. Pero, después se enfrentan a las visiones de una mujer que está a punto de morir. Las gemelas tienen que enfrentar el pasado qué su madre dejó atrás en Cuba.Esta es una historia bien escrita, que respeta y da lugar a las múltiples practicas esotéricas y religiosas que se llevan a cabo en la isla y que se extienden al resto de latinoamerica. Las voces de los personajes son claras y distinguibles, considerando qué se trata de hermanas gemelas. Una de las cosas más interesantes de esta propuesta es que podría calificare como un triller fantástico, incluso como realismo mágico."
Nicole,82,,4,"June 1, 2023",,,"I got an ARC of this book at YallWest. I was intrigued, both by the cover and the premise. I highly enjoyed this novel. I think it was very well-thought out, and there were a lot of interesting moments. I especially love Delfi's power to ""taste"" emotions. I never thought of the way some emotions must taste, but while reading, I was definitely like, ""Yeah, that's what that would taste like."" The alternating timelines were also incredible. I loved seeing how the 1980s connected to Delfi and Lela's lives. And when they came together, it was pretty amazing. Also, I should've picked up on it earlier, but it was such a twist that Mami is Anita haha. I'm surprised I didn't figure it out!My only critiques are: I wish we could have seen more of Christian. At least, more detail of his relationship with Delfi. I know she was cursed, and we did see how that affected her father, but I would loved to see how this couple unraveled. (Though I love, love Andres.) I also wish we didn't have Mami forgiving Mama Orti. I understand it was probably necessary for her to ask to pull the plug, and break the curse. But, I feel Mama Orti was horrible to her children, and not everyone needs or deserves to be forgiven. I wonder if there could've been another way to break the curse.Anyway, all in all, very interesting read!"
Sarah {The Clever Reader},588,93,4,"August 6, 2023",,,"I haven’t read a book about Bruja’s in too long. I’m so glad I had the opportunity to read this one. I loved that we got two timeline and three POV’s. It was such a wild ride to the collide of these separate storylines.Delfi and Lela have always been told of the curse that follows the women in their family. They’ve also been prohibited from learning how to wield their Bruja magic and they don’t know why. The secrets of their mother’s past is a mystery but as the sisters start seeing visions of other Bruja’s/Brujo’s, they know they need answers. The way to get them may not be the safest, but with the help of a couple boys they may get the courage to ask the hard questions.I really enjoyed this one. The plot structure flowed together perfectly, characters dynamic and clearly distinct from one another, and the writing well developed. I thought everything came together smoothly and the timelines and POV’s kept me on my toes. I recommend this to anyone looking to read more authentic latinx stories."
Tamzen,629,16,5,"October 6, 2023",,,"This book is perfect for Autumn! Twin sisters are coming into their magical abilities that their mother has been trying to keep from them. As they start seeing visions of someone's death, and some mysterious people surrounding it, they decide to take matters into their own hands and investigate. But brujas who haven't been taught about their magic make mistakes, and they fumble their way through uncovering a lot more than a murder. It really was a cute book. The story is told from 3 perspectives, the twins in Miami in 2016, and another woman in Cuba in the 80s. Some of the plot points were easy to see coming, but that didn't keep me from enjoying the story. Also, the 1980s setting in Cuba taught me about a historical event that I hadn't heard of (love it when that happens.) So not only do you get a witchy story, you get just a smidge of historical fiction too.  In conclusion: Loved it!"
Lauren Yero,,113,5,"July 20, 2023",,,"A lovely, sparkling novel! Part mystery, part fantasy, part reckoning with the traumas, silences, and reconciliations of the Cuban diaspora, this was definitely a story that kept pulling me back in. The novel is told from multiple POVs and across different moments in time, and I especially loved the passages from Anita’s POV in 1980s Cuba. I also really enjoyed the tenderness of each of the relationships—between the sisters, between the sisters and their respective love interests, and even between some of the secondary characters. As a child of the Cuban diaspora myself, I felt a connection with how much of the Cuban diasporic experience involves silence. Delphi and Lela’s story reflected this with nuance, using magic as a medium for reconciliation. A heartfelt novel that I very much enjoyed!"
Tara,284,5,4,"August 4, 2023",,,"*I received a finished copy from the publisher for a book tour review.A Tall Dark Trouble was a spellbinding and engaging read. This story had all the witchy vibes that I adored! I loved Vanessa Montalban’s writing and I really enjoyed this book. This story had magic, curses, romance, mystery, and murder. There were dual timelines that followed the lives of twin sisters, Ofelia and Delfi in present day Miami, Florida, and Anita in 1980, during Castro’s regime in Cuba. I loved the strong sisterly bond between Ofelia and Delfi. They were both such interesting and vibrant characters. I also loved the chapters that took place in the past and how everything tied together in the end. I definitely recommend A Tall Dark Trouble! I look forward to reading Montalban’s next novel.⭐️⭐️⭐️⭐️"
Yani,2,,5,"October 15, 2023",favorites；owned,,"Ending Hispanic heritage month with a story about cuban- american brujas living in miami. I was sold. I admire the way Montalban explores and respects afro-cuban (and honestly the whole caribbean) spirituality and culture. She shares not to be seen as an expert, but as someone who wants to share her experiences with her culture to all. Although the focus of this story is between sibling and mother-daughter relationships which is done beautifully by alternating pov’s and period jumps. For me what makes this book a 5 star read is that this book went beyond a fun multi-generational fantasy adventure. It spoke to me and for me as a multicultural caribbean-american, from my culture to the struggles my parents and grandparents and those before them went through, as Montalban says “to all the halves that make me whole”."
Cindy,252,,4,"March 27, 2023",netgalley；young-adult,1,"Twins Ofelia and Delfi Sanchez know very little about the magic they carry in their blood. They also don't understand why they are cursed. The Sanchez women will not be able to maintain a romantic relationship. But the curse is now taking a backseat to the premonitions the girls are having of a murder victim. Back in 1980 Cuba, Anita knows her mother is the leader of the powerful coven and is terrified that her fate is also tied to the coven. There is no way for Anita to escape the grasp of the coven, and yet, that is her only desire. How Anita is connected to the murder victims of the twins' premonitions is a truth the twins don't find out until it is nearly to late. A powerful story of family, connections, and curses."
Leah ❂,260,8,2,"June 7, 2023",netgalley；would-notrecommend；ya-fantasy,,"A Tall Dark Trouble is certainly an interesting read. One filled with a strong sense of Cuban heritage and magic. While the story itself is interesting and relatively engaging, I found myself unable to connect to the characters. I was more interested in the Anita POV than either of our two main characters and found myself wishing entirely for her story instead. On another note, I’m left wondering where the name came from, as it doesn’t really seem to fit the story I just finished. Perhaps this book was just not it for me, because I can tell it will be a hit for someone else, but unfortunately not myself. I think the writer has a lot of potential however, so I’m sure they will continue to grow in the future."
Tiffany,1625,61,3,"August 8, 2023",arc；family-drama；fantasy,,"*Title: A Tall Dark Trouble-standalone*Release date: 8/29/23, read 7/29/23*Author: Vanessa Montalban-debut author*Book cover: loved the pink and purple with Lela and Delfi's faces- it's what drew me here.*Format: PDF-It was difficult reading in the NetGalley Shelf App because the font was so small. I had to use send to kindle to read it without a table of contents.*Page Count: 384 kindle per Goodreads*POV: multiple- Ana from 1980 & Lela and Delfi 2016*Setting: alternating timelines -Miami 2016 and Fidel Castro's regime Cuba 1980*Genre: YA, Sci-Fi, historical fantasy*Tropes: multicultural, witches, magic/folklore, family saga- Afro Cuban religious inheritance, hidden secretsSummary and Review:Twins Ofelia/Lela and Delfi Sanchez (both 18 yrs. old) knew very little about magic because their mother Maria Sanchez forbade it. They didn't understand why they are cursed to be alone with no lasting romantic relationships. But the curse took a backseat to the visions they had about Idaly and Emiliano-both murdered.Back in 1980 Cuba, Anita/Ana knew her mother ""Mama Orti"" was the leader of the powerful coven las Palomas Eterna (the eternal dove) and didn't want to end up like her. I loved the reveal of Anita's connection to the twins and their visions.The language was a bit tricky for me as someone who speaks zero Spanish (Yes, I know I need to learn it). There were unexplained words w/o much context or translation. I used Google translate a bunch, but it just got tedious after a while. *Rating:3.5Thanks to Netgalley and the publisher for this ARC. I voluntarily give my honest review, and all opinions expressed are my own."
Feather,98,2,4,"September 11, 2023",bipoc,,"All opinions are my own. I received advanced copy through book tour hosted by TurnThePagesTours.A Tall Dark Trouble is a magical book of generational magic. It's not roses and unicorns instead it's darker. When Lela and Delfi turn 18 their powers seem to unlock much to the dismay of their mother. All three are keeping secrets for the safety of each other. When bodies and mysterious brujos begin appearing where the twins are, there's no denying something is wrong.The author did an amazing job portraying a new magic system. I was sucked in and couldn't stop. Granted the wickedness is probably why I had nightmares about maldeados. I'm good though.The Sanchez women are strong and it shows that familia is everything even when your scared."
Shannon,2516,216,4,"September 12, 2023",2023；2023-arc；a-few-tears-were-shed,,"3.5*A Tall Dark Trouble was an entertaining, at times challenging, read. It took a bit for me to become fully engaged in the story, but once everything kind of ""clicked"" into place I was ready to see where this story would take me. It did tend to drag a little in parts, but that could just be because I was anxious for things to come together. I enjoyed that this story was told in multiple points of view. It helped to see what happened in the past, that lead to what was going on in the present day. The magical aspects of the story were very engaging, I liked seeing how Lela and Delfi each dealt with their gifts. The story was also a little creepy and sad. Overall this was a compelling read about the power of family."
Emmy Lou Musgrave,52,,3,"September 19, 2023",ya,2,"I received a free ARC copy of this book from Zappo Young Readers. I really don't have any strong feelings about this book one way or another. It wasn't bad, but I didn't think it was amazing either. It was just fine. I felt that the pacing of the book was a tad too slow. It alternates between the POV of three people: Delfi and Lela, the main present day protagonists, and Anita, the protagonist from the 1980's. I did find Anita's story more compelling than Delfi and Lela's, since Anita is dealing with a magical cult in 1980's Cuba that is loyal to El Comandante. Delfi and Lela's story takes place in Miami in 2016 and revolves around solving a murder that they have had visions of. Of course both storylines converge to a final climax. Again, this book is fine, just fine."
cate cannon,96,23,4,"November 25, 2023",ng-arcs,,"this book took a little bit for me to get into, but i really enjoyed it once i did. i ADORE the inclusion of cuban culture and the snippets of spanish. that aspect added a certain charm to the book for sure. i loved lela and delfi’s super special twin relationship, they were so cute and reminded me of my sister and i in some ways. ethan and andres were wonderful side characters, their growing romances with the girls were really fun to keep up with. and, of course, i thought it was really cool how we got ana’s storyline as a young girl as well as lela and delfi’s, ultimately coalescing into one! overall, a good read that i’d recommend to readers of rachel griffin and adrienne young."
Emma,123,3,5,"March 2, 2024",favorites,,Thank you Vanessa Montalban for sending me a copy of your book in exchange for my honest opinion.This book was absolutly fantastic! You fall in love with the characters right away and they feel like real people. Vanessa handles the multiple POV's exceptionally well where you could even tell without looking at the title who you are following which I do not think a lot of authors manage to do. I think the magic system is very interesting and well thought out. The mystery which is the main focus on the story makes you spin into so many conspiracy theories and the creepy atmospher keeps you on your toes from beginning to end.I don't think I can recommend this book enough and it will definetly end up on my all time favorite list.
jo_withbooks,130,,3,"March 5, 2023",,,"I don't have much things to say about this one, other than I liked it. It contained a few elements that I didn't like but overall it was enjoyable. I like the two main characters and the connection they have as sisters but at times I had to reread passages so I could just remember the person & the POV. The supporting characters were okay, I didn't like anyone in particular and no one stood out to me. The writing on the other hand, was phenomenal. The prose, the lyricism, it was addictive to read. Thank you to Netgalley for an ARC. All thoughts and opinions are my own."
Ashley Williams ,11,,4,"July 2, 2023",,,"I enjoyed reading about the culture and various religious practices in this book. I thought the characters were well-balanced and the twists were good, however, I was able to guess several of them pretty early on. I appreciated the emphasis on loyalty based on familial relationship, however, desiring to make your own choices. The scene with Mamá Orti beyond the veil had me tearing up. I love a good resolution of conflict between mothers and daughters. Thanks to the publisher and author for the ARC of this book!"
Anna May,90,9,4,"August 16, 2023",,,"Thank you to the publisher and NetGalley for the ARC in exchange for an honest review.Wow! I really enjoyed this book. It was much darker and full of mystery themes than I expected, but I really appreciated the weaving together of Cuban politics (although much of it was fictionalized), santeria, immigrant stories, and of course magic! It started off a tad slow for me, and there were parts I had trouble staying engaged with. But overall the twists and suspense in the book were gripping and I couldn't put it down at the end. Can't wait to see what else the author writes in the future!"
BookishKarina,97,1,5,"September 21, 2023",,,"4.5⭐️I am so annoyed with myself for not reading this sooner!! I absolute loved this book from start to finish. I loved the witchy vibes, the characters, the multiple POVs, the mystery aspect to it and learning more about Cuban history and culture. I could not put this book down but at the same time I didn’t want it to end. This was honestly a perfect witchy read for me, I absolutely adored it and HIGHLY recommend it to anyone who loves witches. I now have to buy the finished copy of it because I need this book in my collection. Thank you NetGalley for giving me this e-arc."
Suzana M.,1,,4,"April 3, 2024",,,"This book took me awhile to read not because it had so much history and flashbacks but because the twins nicknames had me confused. I had to go back to the begining and tell myself ""Oh okay, that's her. Ah ok, that's this one"". Despite the confusion, I also, felt the book had left off a lot of details of the twin's mom. What's her story? What really happened to the twin's dad? I need to know more.. I wanted answers!! I do hope my questions are answered.🤞🏼 Overall, I love love loved the spooky magical energies the twin carry. It's Soo badass!!!"
Liv,732,5,4,"August 23, 2023",,,"A Tall Dark Trouble is a magical fantasy about twins coming into their magic and investigating a series of witchy deaths. Told alongside is the story of a young girl in the past in Cuba desperate to give up her own magic.This is definitely a dark fantasy, but the characters were compelling and the magic was intense. I really enjoyed it!I received a copy from the publisher in exchange for an honest review"
Priscilla,34,,4,"September 23, 2023",,,"Thank you to NetGalley and the publishers for the opportunity to read this book!This book was a treat! I loved every character even the enemies! The multiple POVs in this book were great, especially near the end. Anita’s story was so heart-wrenching and even more so as you unravel the who’s and what’s in the over-arching plot line. I do wish we had a little more in-depth characterization of Lela and Delfi but I loved them."
Jenny Blacker,106,2,3,"October 10, 2023",,,"DNFI really wanted to like this, the premise is perfect for me, but I just didn't gel with any of the characters. Very much a me thing, but the smattering of spanish/latinx words meant I couldn't keep track of what things meant, but I have *zero* spanish vocab and I suspect if you do then you'll be fine! I received an advance copy for free from NetGalley, on the expectation that I would provide an honest review."
Katrina ,58,1,2,"April 13, 2023",2023；fantasy；in-depth-reviews,,"Thank you NetGalley and Zando for providing me an ARC in exchange of an honest review. I really liked the concept of the twin witches. I think it works really well, but unfortunately I didn’t vibe with the story. It was hard for me to get really into it. The two main characters were just lacking any sort of likeable traits. Supporting characters were forgettable in my opinion."
Laura Gonzalez,230,6,4,"October 5, 2023",,,YES YES YES!! I absolutely loved this books! Practical Magic with a Latinx Twist. This book follows Ofelia and Delfi through their journey of discovery. Learning more about Cubas culture and history.This was such an enjoyable read and I finished it pretty fast. I highly recommend to anyone that loves YA fantasy.
Ashley Martin,79,5,3,"November 11, 2023",,,"Maybe like 3.5 ⭐️? It’s worth a read but I’m not gonna go around recommending it to everyone I know. I really liked the concept and enjoyed the plot. There were loose threads throughout that just wrapped up abruptly (not major plot holes, just random little things). But I liked the ending a lot and learning how everything connected together"
Ash Stockman,137,3,4,"November 11, 2023",,,"4.25 ⭐️ A Tall Dark Trouble follows twin sisters Ofelia and Delfi, who are trying to come to grips with their magical powers while investigating a series of murder. I loved the relationships in this book. The girls are so protective of both each other and their mom. Their respective romantic relationships are sweet and felt realistic for a novel bordering more on the new adult side of YA."
Retrogirl20,824,3,4,"July 13, 2023",2023-reads,,Huge thank you to NetGalley and Zando Projects for allowing me to read this early!This book was so much fun and so well written! The characters were dynamic and felt as if they were truly real. This story has great action and pacing! I can’t wait to pick up a physical copy when it comes out!
Jai’ah ,1,,4,"August 8, 2023",giveaway-wins,,"As a Miami native, this was a fun, fact filled read. The twins are so different and the different points of view kept the story moving and really kept my attention. First time reading this author and I’m looking forward to reading more from her!"
Justina,128,,3,"August 17, 2023",,,"Thank you to the publisher and NetGalley for the ARC in exchange for an honest review.This was an okay book. I really enjoyed the settings, culture and thw 1980 storyline, but I wasn't invested in the modern one."
Cheri,457,,5,"August 28, 2023",,,"I so loved the Sanchez women!! What an AWESOME book. Atmospheric, magical, mysterious, with intergenerational curses and history with some romance and twists -- this story has it all. I can't say enough good things."
The Litt Librarian,209,43,4,"September 11, 2023",,,"Check out my full review over at It's been a while since I've read a story with solid pacing throughout the book. From Page one down to page 384, Montalban kept me engaged and locked in trying to find the mystery of the De Armas family. I'm starting to enjoy the magical realism genre in books.We saw the good and bad of having an internal gift that most people wouldn't understand and would scream voodoo and witchcraft if given the chance. No, this conjuring is entwined more with ancestral roots and religion. A Tall Dark Trouble, in short, shows a triple perspective POV, generational curses, a hint of mystery, found family, murder, magic, and more.Check out my full review over at"
Nicole,671,15,3,"October 3, 2023",2023；dbf；ya-fiction,,"This book was so much more enjoyable than ""The Witch Haven"". I loved the sister component and the whole mystery was also very satisfying. Good contemporary urban fantasy!"
Sara I,844,,5,"October 11, 2023",supernatural；ya,,I took a while to read this due to work but each time I came back to it I fell into the world so easily. I enjoyed getting to know the characters and how interwoven it was while having past and present narrators. It was magical and the ending left my heart hurting a little but also happy!
Chenoa,145,,,"April 8, 2024",did-not-finish,,"dnf at 48%. i just never got invested in the story or cared what happened to the characters. the plot summary sounds like something i would love, but i found that i dreaded picking it up every time because i wasn’t interested."
Jose,1,4,5,"May 26, 2023",,2,5 stars! Absolutely amazing!
Claribel,1,2,5,"May 26, 2023",,1,I was so excited to read this book! I loved everything about the setting and story. It’s refreshing to see a story that ties fantasy with Cuban/Miami culture.
Steph,1200,19,5,"July 24, 2023",5-star-books；horror；nhhp,2,"Thank you, SLJ, for the 5 star book. What a great read."
Blanche Maze,,34,4,"September 17, 2023",,,"Intriguing and magical!- I would like to thank Netgalley for the eARC -Delfi and Lela are haunted by a family curse: they can't have romantic love in their lives. Therefore, they are forbidden from getting near magic, despite the gifts they both have. When they start having premonitions about a killer targeting brujas, they have no choice but to get involved and prevent the worst from happening. This book was overall a fun read. The context was intriguing and I liked the witchy vibe of the story. The mystery was gripping and the fact that we had flashbacks of the twins ancestor helped link everything together and made the story even more interesting. I really enjoyed the mystery, the magic and the curse especially, as well as how the story develops and plays out throughout the book. The sisters were intriguing and very different, which made it easy to relate to them. However, I sometimes had trouble keeping track of what was happening with whom and the side characters confused me at times. It might just be a me thing, and it didn't prevent me from enjoying the book. The writing was easy to read and addictive, which made the story all the more gripping and unique. The ending was quite intense, which I really liked, and even if some parts of the story were somewhat predictable, I had a blast.I recommend if you like mystery and magic!""Her magic wasn't used to heal, or to bless.""TW: violence, blood, murder, death, assault, abuse"
Doreen,2754,79,3,"September 9, 2023",mcn,,9/9/2023 2.5 starts grudgingly rounded up. Terrific manual on how not to parent. Full review tk at .
Kristy,624,7,2,"September 10, 2023",,,"Despite lots of action scenes, this was slow and boring."
Brianna Smith,27,28,5,"September 20, 2023",,,"I love this story so much that I was a little emotional reading it because of all the drama, mystery, suspense, spanglish, found family, loyalty, ugh brotherhood! I LIKED EVERYTHING!"
Heather Desai,10,,2,"September 29, 2023",,,I love this story. You nailed it.
Sarah Mina,14,,4,"October 2, 2023",,,Thought it was fun!
Gracie Cooper,66,3,5,"October 11, 2023",,,Practical Magic with a Latin twist. I loved this story and the characters. The interweaving between the present and the past was spectacular. Amazing and reminded me so much of home.
Miriam Passman,453,52,,"December 8, 2023",,,I loved the witxhes in this
Esther,23,1,3,"December 9, 2023",,,I’m sure it’s a good read but I tried to commit but it wasn’t my usual read. I look forward to seeing what others think. Of course everyone has different tastes and I’m sorry…wasn’t my cup of tea.
Melanie,536,1,4,"January 1, 2024",,,"This is a great fantasy rooted in Cuban history and Latin American lore. It's a lovely story of history, tradition and overcoming adversity."
Jordan Henry,94,,5,"February 24, 2024",,,Y’all! This DEBUT novel (historical fantasy) with rich Cuban heritage and family identity themes. Story focuses of generational trauma and healing as well as Cuban struggles and of course WITCHES!
Nikki,83,2,4,"August 2, 2023",netgalley,,"Thank you Netgalley for this ARC, the opinions that follow are my own. What a story! I loved the relationship between Ofelia and Delfi! Their relationship reminded me of the dynamic we see in our on-screen sister scream queens!Murder and mystery generations in the making! I love a good family curse and boy did this book deliver! Highly recommend if you’re looking for something spooky and a pinch anti-romantic (well, maybe not that anti-romantic!). “And who’s to say love isn’t a curse on its own?”"
Sophia,87,2,4,"March 3, 2024",jan-2024-tbr；netgalley,,"First of all, the sister relationship in this book is one of my favorite sibling relationships that I've read in a while; it felt so real and messy and lovely. The flashback method of storytelling worked really well here, and Montalban wove time periods together beautifully to create a more holistic picture. Another element that was well-told and well-woven was the different practices referenced; I learned a lot and felt the characters' deep connections to their magics and religions and practices of life. Some elements of the book felt rushed or not fully fleshed out, primarily the romances and the big bad's reveal at the end. I'm looking forward to reading more of Montalban's writing in the future, especially if she keeps doing YA this well!Thank you to NetGalley and the publisher for this ARC."
mysticyenn,13,,5,"January 24, 2024",,,"I adored this novel full of magic, mystery, and adventure! As a teacher, I'm always on the hunt for YA stories with complex, authentic characters who act like real teens, and this fits the bill quite nicely. I'm looking forward to adding it to my classroom library."
Toni,24,,5,"October 20, 2023",bipoc-authors；books-i-want-to-buy；favorites,,"I could not put this book down!It has cults, curses, murder. and magic!If you love the movie Practical Magic, then this book is going to hit that sweet sweet spot and transport you to a world of a Cuban American family that has been dealing with a family curse, worrying and gruesome visions, witches coming into their power, and a murderous and oppressive cult.The twin sisters, Ofelia and Delfi, have to deal with uncovering the truth of their family's history and how it has a connection to the murders of magical people in their city. The visions are getting more and more intense and their powers are growing - and they cannot ask their mother as she has huge reservations about anything magic-related.There is a bit of romance thrown into here too, along with a good amount of eeriness creating a perfect spoopy magical combination. Highly recommend!"
Carly [A Beauty & Her Books],243,20,4,"September 25, 2023",arc；entire-book-collection,1,"If you are looking for a book that is full of magic and family secrets, then this is definitely one you don’t want to miss out on!Twins Delfi and Ofelia have always loved their lives believing that they are destined…for MORE! And by more, I mean the powers that their ancestors had before. But, their mother is opposed to any kind of bruja magic because of what she went through back in Cuba. Oh, also, they are under a curse that doesn’t allow them to have a romance, or REALLY bad things happen to their partners. 😬NOTE: in case you didn’t know, this book is told through 3 perspectives; the mother’s (Anita) back in 1980s Cuba, and both twins When Delfi and Ofelia have a shared foreshadowing image of a person dying, the last thing they expect is for it to come true. Bring forward a murder investigation with an emergence of powers, all while trying to hide it from their mother. But wait, not only do we get glimpses of Anita’s past, but it comes back to haunt her in her new life. I really loved both the dual perspectives and the magic system of the senses (which is something I’ve never encountered before!) If you are a fan of historical fantasy, magic realism, or Cuba, this is definitely a book you should check out!"
Anjana,2144,53,3,"March 21, 2024",,,"This is the kind of book that plunges right into the narrative and then moves backwards and forwards (to the present) to give us a complete picture of what we are reading about. The twins, Delfi and Lela, both get a turn to voice their thoughts. They have always been told to keep their powers at bay, but the power they latently possess seems to be channelling some sort of important information to them. They have to keep the bits they are collecting because their mother has always been against anything that goes against the more traditional views of the church. We also have another point of view, one of a young, powerful girl in Cuba who is struggling with her own demons and is struggling with her own mother and the latter's ambitions for what lies dormant in her blood.The two sisters have their own romantic entanglements to untangle, and although there is a lot at stake, this book is for the age group that the girls fall under. This young adult book was easy to read and had something new within it. There were no twists in particular, but it has adventure nonetheless.I would recommend the book to fans of the genre.I received an ARC thanks to NetGalley and the publishers but the review is entirely based on my own reading experience."
Stacia | stacialovestoread,416,29,5,"September 27, 2023",arcs-and-review-copies,1,This book was full of family and magic! I loved the author’s use of foreshadowing and the bread crumbs she dropped to string us and the girls along…!———-Big thanks to Turn the Page Tours & Zando Books for the ARC!
Breána  Kechelle,41,4,4,"February 26, 2024",,,I loved this book! I read it around the holidays and the familial bonds between the sisters was so heartwarming. The magic system and the atmosphere was fresh and made the book all the more interesting. Now I want to find more releases like this because I had such a good time!
