Reviewer,Review Count,Followers,Rating,Date,Tags,Likes,Content
Poppy || Monster Lover,1011,145,2,"June 12, 2023",,4,"Posey is clearly supposed to be an adult non-magical version of Wednesday Adams and auctions herself to pay for her cat’s medical bills and other things. Her beau speaks like and alien, but so does she. So obnoxiously formal. The finale of this book was so anticlimactic it was frankly horrifying. Just overall rather disappointed."
Sandra R,3067,43,3,"January 28, 2023",,2,"A nicely written, erotic and steamy, alien/human romance novella, featuring instant attraction. Fun and light-hearted reading. ❤️‍🔥"
**Elle**Bee**Double U**,2199,25,2,"January 25, 2023",alien；virgin,2,"You know, I was perfectly okay with this book. Up until the ending of Posey's revenge plans...then I couldn't help but be like ""come on seriously?""I actually liked that Posey wasn't like any of the other girls/women. But I just got so annoyed with the constant mention of her constant need to wear black and the fact that she never smiles...Are we really trying to go down the popular Wednesday Adams route here? Seriously? Because that's all I could think of everytime the author had to mention how she wears black all the time and doesn't smile...oh and doesn't communicate her love to those that she apparently does love. For an alien male who is in the midst of his mating heat the sex scenes were extremely tame compared to what I was expecting. Posey's whole reason for entering the auction was mainly to fund her revenge plan on her stepfather and for the ending we got with this situation I felt robbed and as if the author just wanted to smack and easy ending on and call it a day.I received a free copy of this book via Booksprout and am voluntarily leaving a review."
Mara,1785,4116,3,"January 28, 2023",subscription,1,A fun short story - right blend of a simple plot and spice
Joyce Gray,1135,6,3,"May 7, 2023",,,"Part of a series comprised of stand-alone stories, written by various authors, linked through an auction where virgins voluntarily place themselves up for bid to millionaires and billionaires. The stories feature humans, shifters, and aliens that coexist within the same series thanks to the ringleader of the auction, Coco St. James.** If you have not read the story, the following may contains spoilers, but hopefully only enough to adequately explain my opinion and/or to support my rating. **⛔️ Contains subject matter that may be a trigger or offensive to sensitive readers, such as: adult language; mental health challenges of depression, anxiety, as dealing with father’s illness, etc.; steamy adult intimate scenes with elements of dominance, submission, etc.; violence against the heroine’s father and mother by her step-father, etc. Just like the other stories of this series, this is a very fast read. I liked the darker nature of the characters, Posey and Waylen. The story universe is primarily set at a luxury log cabin in Idaho, but is kept simple with a focus on their chemistry and Posey’s history. Unfortunately there is a tremendous amount of grammatical errors, inconsistencies with the data and information that should have been included. This is all documented below. I loved the premise, and it has great potential, but it really needs editing.Waylen is The Most Feared Warrior on Voltare, but he was set up and exiled from his world. Now he has entered his time of heat and needs to find his mate, or risk losing his mind. Fortunately his cousin was able to mate with a human, so Waylen is hoping he will be able to find his as well, but he detests the humans’ mating custom of finding and purchasing a mate through the auctions. Such a primitive process for a primitive people. Maybe this time he will find her, but it doesn’t look promising considering his luck at the previous ones.She has one last semester to complete her Master’s Degree, but Posey finds herself cutoff from her funds by her stepfather, Ezra, without any notice. This occurred right after she found information indicating that he was involved in the death of her father, his supposed best friend and business partner. So Posey needs the money quick for several reasons: retribution, revenge, security, and to care for her beloved Demon Spawn. Her poor aging baby needs special treatment and food, both of which are expensive. Ezra moved in on her mother as soon as Posey went to college and she has reason to believe he is drugging her … he never leaves her side and the woman is actually smiling in all her photos … and she never smiles!Then Posey finds the solution to all of her issues on the message boards at college … an auction to sell her virginity! Now she just needs a nice amenable male to marry, so she can control the situation and hide using a different name. Then Posey will divorce him shortly thereafter. Everything is going to plan until a tattooed, bare-chested alien with red eyes, black claws, and tusks that extends beyond his chin is the winning bidder …I mention the following for readers such as myself, that visualize a story as it is read, as errors interrupt the flow. The story contains a lot of grammatical issues with incorrect punctuation (commas), so many in fact that I stopped documenting them about half way through. Otherwise, it would have doubled the reading time. I continued documenting other types of issues with incorrect punctuation (spaces—missed and extra, stranded quotation marks), incorrect word choice, extra inserted word, missed words, duplicated sentence, and inconsistent data with age and Waylen’s tongue. I uploaded my notes to goodreads for anyone interested."
Rebecca Grove,3491,22,5,"January 30, 2023",,,"Posey comes from a wealthy family. She lost her father at the age of 8 and her mother remarried his best friend. Recently Posey suspects that her stepfather isn't the nice man he always appeared to be. She found papers containing evidence that he arranged the death of her father. He cut off all her credit cards and funds because she choose what he called a useless major. Posey needs the money to help take care of her friends and to buy the expensive medicine her elderly cat needs. Posey comes up with a plan. She will sell off her v-card at the Breeding Auction and get a million dollars. If her winning bidder wants to marry her she will agree because it will help her hide. She wants to marry an easy controllable man. With her million dollars, she will pay for her cat's medicines, help her friends with their finances and hire mercenaries to kill her stepfather. After all, this is just a business deal. The night of the auction, most of the women are wearing soft lingerie but Posey is dressed in black. She dances aggressively on the stage which draws a lot of bids. When the highest bidder comes forward, Posey is shocked that he is a tusked alien. There is no way she will be able to manipulate him.Waylen is a Voltairian warrior who should have been the greatest warrior on his planet. Instead a rival plotted to get him banished from the home planet right before Waylen was supposed to go in heat. Waylen comes to Earth because Earth women are compatable with his kind. He has attended many breeding auctions looking for the perfect mate. When he sees and scents Posey, he knows that he has found her. He will make her his and never let her go.I received a free copy of this book via Booksprout and am voluntarily leaving a review."
Dee,3919,49,5,"January 23, 2023",,,"This is part of the Highest Bidder each book can be read as a standalone in under an hour or so but once you pick it up you won’t put it down until the last page has been turned each with a strong alpha and the women he chooses, or fate chose for him. Posey is feisty, loyal to a fault, helps others out of the goodness of her heart, her father dying in an accident threw her mentally for a loop especially after his best friend steps in seeming to take everything her father had including marrying her mother but finding evidence that he orchestrated his death along with him cutting off her money pushes her to do something drastic. Waylen a sexy as all get out Voltare warrior banished from his planet over a murder he didn’t commit but he has family on earth to help him learn the human ways however, they couldn’t help him with his mating heat so auction after auction and felt this was another disappointment until the last women walked on the stage instantly he knew she was his mate now to convince his girl. The attraction is intense and the magnetic pull can’t be ignored but do they get along like he hopes, will she accept all of him, will he understand her secrets, will he help her get to the bottom of it all concerning her stepfather, and can they find happiness on this adventure?.I received a free copy of this book via Booksprout and am voluntarily leaving a review."
Mandy,3650,36,3,"January 28, 2023",,,"Posey's finances were cut off by her step-father and mother and so she needs to find a way to earn money fast to raise the money to care for her elderly cat and finance the young women who are studying at Oxford University with the help of a scholarship via her fund. So she finds herself on the stage at the auction to sell off her virginity planning to divorce at got back to her normal life as soon as she can. She also plans to take vengeance against her stepfather for killing her father. A heavily armed and tattooed male alien with tusks pounds his fists on his chest and heads for her as he has won her at the auction. How am I supposed to reign over this handsome, muscle-bound alien alpha? My body might be for sale tonight, but my heart is certainly not part of the bargain.I enjoyed this story although the whole stepfather/father death thing and the cutting off of her finances were a little too contrived for me. I loved her heart and that she was determined to help those less fortunate than herself to get through university and wanted to make sure it was done in an anonymous way. Waylen was a man who had been wronged but he was determined to get himself a mate/wife and was empathetic to find a way to make life better for her previous cat. Easy to read and understand. Contains mature content."
Karen Nastasio,2399,15,4,"February 6, 2023",,,"I really loved this book and the main characters had me at the auction and the cat was hilarious and being a cat lover I totally understand what you do for your fur babies. Posey needs to get money fast, one to save her mother from her stepdad and two is for the treatment and medication for her senior cat and three is for revenge for her father death. And so that’s what brings us the the Auction House where she is selling her virginity to humans, aliens, beasts and they have the option to marry her as well and on the spot and Posey hopes she gets someone she can control. Waylen Tusk is a Tusk warrior of Voltaire and his cousin Taygar meet his mate at a auction house and that’s why he has been going to them to find his mate and as the females come on stage none have been his mate and when a female dressed all in black walks on the stage he knows she is his mate and he will win the bid and he does and he also marries her on the spot just to seal the deal. But it’s not all smooth sailing and her crazy cat is a challenge as much as she is to him. There is so much going in this book that has the reader cheering for our main couple and all the drama, stress, anxiety, action, sadness are just a few things that make this book a must read.I received a free copy of this book via Booksprout and am voluntarily leaving a review."
SpeedReader,307,14,4,"January 23, 2023",,,"A surprisingly cute read! 🥰❤️Full disclosure, I haven’t read the others in this series so my expectations were low… but I was pleasantly surprised (and will def go read the others)! It was a very cute read and I loved the H! 🥰The h took some time to grow on me, but it was a fun switch though for the grump in a grumpy/sunshine story to be the woman! I just wish she had trusted the H sooner, it could have saved her TONS of heartbreak and anxiety. 🤦‍♀️ With that said, you come to learn she is much more kind & loving than you expect.The H did everything in his power to make the h’s dream come true and build a life together with her. I definitely recommend this book. I’m looking forward to going back and reading the others! Pros:• a completely lovable H• the growth of their love was cute• the Demon kitty! I can relate to the challenges of having an aging kitty that you love so much• how secretly soft-hearted the h was underneath her hard shellCons:• the whole alien way of gaining the mates approval was a bit odd (although funny)Ratings (out of 5)• Story/Plot: 📖📖📖📖• Characters: 🫂🫂🫂 (4 for the H)• Drama/Angst: 😰😰😰• Steam: 🔥🔥• HEA? ✔️• Re-readable? ✔️.I received a free copy of this book via Booksprout and am voluntarily leaving a review."
Lauren ,614,,4,"January 24, 2023",,,"Posey’s finances were cut-off and she needs a fast way to make cash. She needs to provide costly medication and treatment for her senior cat she adores and fund her revenge plot against the person who killed her father. She hears about the virginity auction and decides it will be the easiest and fastest way to earn the money she desperately needs. This is strictly a business transaction — Posey has no intention of falling in love. Waylen Tusk attends the auction in hopes of finding his mate. None of the girls catch his eye until Posey walks on stage. She’s dressed in all black and doesn’t smile, but he can’t deny the immediate attraction. She is his mate and he will win the bid to take her home.Posey was a fun heroine — definitely different. The name of her cat, Demon Spawn, definitely made me chuckle. It’s refreshing to have a heroine that is unique like Posey. Waylen was the typical dominating alpha alien warrior. He was super sweet and had much to learn about his new mate. Tropes: Contemporary romance, alien romance, billionaire romance, age gap, virgin heroine, breeding, pregnancy, happily-ever-afterHeat: 2/5.I received a free copy of this book via Booksprout and am voluntarily leaving a review."
Lois Karasek,247,6,5,"January 30, 2023",,,"Enter Posey Bambaugh. The last Earth female in tonight's auction. Her scent filters across the room and enters Waylen's nostrils. His search is over. Now he just has to win the bidding. Fortunately, he has deep pockets because he must have her. The bidding is raised a million at a time until he decides to end it. ""Twenty million!"" he yells out. The hall goes silent, and Waylen has his mate. Posey is stunned. Expecting to be snagged by an elderly Earth billionaire, Waylen is instead a huge, dark, musclebound and tattooed alien with tusks. Posey is stunned, but that surprise is temporary; especially when Posey sees her new ""domicile.""This is really a cute story with some R-rated elements and a mystery about what happened to Posey's biological father. The main characters are strong and easy to like. Storyline is smooth, and the dialog is snappy and a little quirky. At 83 pages, it's a quick read but a very enjoyable one. With added epilogues (yes, one for Waylen and one for Posey), it has double the impact of an HEA.I received a free copy of this book via Booksprout and am voluntarily leaving a review."
Joanna,9,,3,"March 8, 2023",,,"I enjoyed this quick read very much, right up until the “big reveal” at the end. Next paragraph will have plot specific spoilers, but I found it both anticlimactic and disappointing, as it made the h go from “bad*** b**ch” to naive little girl, in my opinion. No thank you. SPOILERS:We spend most of the novella under the impression that the h’s stepfather murdered her father. Her revenge plotting is a focal point of the story line, and she supposedly has ample evidence. However, when the H looks over her evidence in an effort to help her get said revenge, it becomes apparent that the evidence is pretty surface level. After questioning mother and stepfather, the “big reveal” is that they happen to have planned a murder mystery party which the daughter knew nothing about (weird) and which featured step dads “murder” of his deceased best friend. Ummm, can you say incredibly poor taste?Not only did it feel incredibly contrived, it made the h who has been portrayed as highly intelligent, nonconformist, and overall kick a** corm off as highly gullible with questionable judgement."
Fay J,1165,10,5,"January 30, 2023",,,"Posey is desperate and there is nothing that she won't do for Demon. Since her step-father thought to cut her off without a cent from all of her allowance she is down to pence and her emergency money stash. The only way she can ensure the best care for her Demon and also cover the scholarships she funds is to put herself up for auction. If she can convince the guy to marry her so much the better as it means she might be able to convince him of other things as well. She's determined that it will only be one year of her life at the most so what is there to lose? That is until she sees who's bought her. Waylen Tusk is bored and has been for entire auction. He thought that he might be able to grasp a last straw and find someone to see him through his heat but all the women look like they'd faint away at the sight of him. That is until her, the last one, the one in black with the attitude in her eyes. Now she is worth all and more! He will do anything to make her his and keep her forever. All he has to do is convince her..."
Margaret,2995,23,5,"January 30, 2023",,,Posey enters a bride auction and Waylen is the highest bidder.When her stepfather cut off her funds Posey enters into a bride auction and when she get bid onthere will be a deposit of a million into her account. She is the last one to be bid on and she watches the other bring various bids the highestbeing eight million. When she goes on to the stage the bidding starts slow then there is a bid of twenty millions. Shocked she watches a large alien warrior with tusks walks towards her.Voltare warrior Waylin been exiled to earth just as he approaches his heat cycle and has been to several of these auction but none of the women have appealed to him and it seems it will be the case again the the last woman walks on stage ans his body goes haywire.I received a free copy of this book via Booksprout and am voluntarily leaving a review.
Melanie Milburn,1148,6,4,"January 24, 2023",,,"Posey is willing to sell her virginity at auction to exact revenge against her stepfather, set her mother free, and save her beloved senior cat, Demon. What she doesn’t figure on is being bought by an alien warrior with tusks who wants to marry her. Or just how magnetic she finds him.Waylon Tusk has been banished from his native Valtore just before his mating time so he’s been going to these auctions, that he believes are standard human mating traditions, looking for a woman who can keep up with him and go toe to toe. When the last woman steps onto the stage like a goth princess, the pheromones hit him hard and he does everything necessary to make her his. Then the fun really begins!"
Brooke King,412,4,2,"January 24, 2023",,,"typicay,i LOVE a michele mills novel,but this one really fell flat. posey was so annoying,with her ""i'm not like other girls"" attitude. and even as a cat owner myself,the whole Demon spawn thread to the storyline was stupid. how freaking expensive washis special cat food that she literally had to sell her virginity to afford to pay for it?!?! just dumb. and revenge storyline?!?! the resolution was too ridiculous to be believed,yes,even in a tusked,gray alien warrior book. and waylen is a terrible name for a warrior from another planet. i liked him,but he was the only part of the book i enjoyed. i looked forward to this book,and it was a massive disappointment. my opinion only. feel free to read and form your own. but don't say you weren't warned...."
Gsmitty,889,1,4,"January 28, 2023",,,"Auctioned to the Tusk Warrior by Michele Mills is part of the Highest Bidder series, and it was such a fun read! Twists and turns and delicious chemistry between the protagonists; what more could I ask for? Oh Posey and Waylen, what a pair! Both driven, both focused, both surprised by one another and how quickly and easily they could slot into a new life and journey together...if they let themselves, and their pasts don't get in the way.With some light drama and mystery, this story is a fast paced, charming read of people from different walks of life finding happiness together. What do you get when you combine a goth and an alien warrior? A fun read! P. S. Demon Spawn is adorable!"
Lisa Bing,3926,45,5,"January 29, 2023",,1,"This is another fab story for the series and I giggled away at the contrast of Posey, our human gal at the auction, and Waylen, our alien alpha heading into a mating issue...with no mate. So yeah, he was so disappointed none of the other auctions revealed his mate, until he sees Posey on the stage. She's super goth, dresses in black and has a cute, but elderly, cat named Demon ;) They were fab together but it did take some time for her to feel as deeply for him as he did for her. That felt real from her reasoning for using the auction in the first place. I also loved the epilogues - and her mom's reaction to the situation that drove Posey to the auction. An enjoyable read and I can't wait for more :D"
Athena Diven,731,1,5,"February 4, 2023",,,"Waylen has no choice but to find a mate on Earth , since his exile. He's optimistic that he'll find a mate at the auction, because his DC cousin did. So when he scents his mate, he knows no one else can habe her. Posey, on the other hand, is just looking to be able to fund her revenge and take care of her ailing kitty. She didn't want to fall in love, because, she didn't want to lose anyone else. Despite all that, at every turn he tried to support her. Wearing down her walls. I loved this story, because Waylen wss willing to support Posey, but no blindly. And kept trying to make her feel secure. Its a sweet and charming read.I received a free copy of this book via Booksprout and am voluntarily leaving a review."
Rose,2580,26,4,"March 15, 2023",,,"I really liked this story. It was entertaining and enjoyable with some elements of suspense as well as some steam. The characters were interesting and likable. I wasn’t sure about Posey at first but the more we found out about her made her a great character. Her individual style and personality was different than most characters I have read about. Waylen and Posey met after he won her at an auction. Waylen had to explain to Posey that things weren’t going to be the way that she wanted and hoped that they would be. Luckily for both of them, the way things were worked for both of them. I loved their happily ever after. I recommend reading this book."
Brittany,4,,2,"January 25, 2023",,,"Posey might be one of my least favorite FMCs. She never smiles, and she only tells Waylan she loves him one time in the entire book. And it is acknowledged by the MMC that she never says it. She reeks of “not like other girls.” It’s irritating how unlikeable she intentionally tries to be. She makes a ridiculous assumption about her step father and seeks absolute revenge only to find out that what she thought happened, never happened. There is also no chemistry between Waylan and Posey. Everything is so formal and cold. And I’m unsure if Posey is even capable of liking anyone."
Carole,1083,12,5,"January 29, 2023",,,"For Posey Bamburgh the million-dollar virgin auction is a way for her to garner some fast cash with the end justifying the means and she will do what needs to be done!Voltar warrior Waylen Tusk is in the middle of his heat and desperate to find a mate.The virgin auction wouldn’t have been his first choice but needs must be met!This was a great short fast read in the Highest Bidder series both hot and spicy and with two very likable leads keeping the reader engaged along with a few surprises, an adorable kitty and another well written fun story by the author. LOVED IT!.I received a free copy of this book via Booksprout and am voluntarily leaving a review."
Michelle,8913,21,4,"February 9, 2023",2023；arc；booksprout-arc,,"Posey is auctioning off her virginity and hoping she'll be the alpha between her and the billionaire whether he is human, alien, or shifter. When Waylen, an alpha tusked alien warrior, sees Posey he instantly knew she was his mate. I loved how perfect these two were for each other and I was cheering them on to get their happily ever after from the start. This is a fated mates, auctioned for love story with great characters, and a great ending. Auctioned to the Tusk Warrior is book six in the Highest Bidder series and I look forward to reading the rest of this series. I voluntarily reviewed a copy of this book."
Oriana Reads,3768,25,5,"February 17, 2023",,,"Posey needs money to care for herself, her I'll cat Demon and for friends that have tough life. She sells herself at the virgin auction. Waylen needs a mate and searches on earth for her. When he sees and smells Posey he knows she is his and he bids on her. Their attraction and connection is instant and they fall head over heels in lust and love with each other🥰 Instalove, sweet, steamy ,romantic and with sweet HEA and no drama😍😍😍😍For safety readers‼️‼️Only thing that bothered me... She is his mate but he had pleasure mates to learn to pleasure his future mate. That kind of rubbed me wrong, but that's just my personal preference 🤷🏻‍♀️😉"
Virginia,217,1,5,"April 13, 2023",action-packed；funny；great-characters,,"Posey and Waylen are the second book in this series written by Michele Mills, and it is a quick, and fun, read. Posey sounds very Goth, and Waylen sounds like he is a tiny step away from Goth so he appreciates Posey’s style a lot. Posey is another young woman in a financial bind who finds an unconventional solution. She is very lucky that solution leads her to Waylen. These two are a perfect match, while Posey seems a bit young and in need of Waylen’s maturity to guide her through troubled misconceptions. So glad Waylen saves Posey’s baby cat, Demon! Now where do I find a Med Pod for my dogs?"
Jennifer Gilbert,12,1,2,"January 23, 2023",,,"The story was very predictable. The sex scenes were very vanilla and very short. The writing style was strange to me. It reads as internal dialog. FMC is doing that, is enjoying this, will do this. Then, randomly, a conversation between the characters happens. The MC dialog is ""cavemanish"" example: I invite her stepfather, a weak human male, he brings along Poseys mother. I am all for insta-love but I did feel any really chemistry or connection between the main characters.I received a free copy of this book via Booksprout and am voluntarily leaving a review."
Avis,417,2,5,"January 24, 2023",,,"This was a great addition to the auctioned series. I love the chemistry between the two main characters, Posey and Waylen. Posey was a very strong person . She was also very compassionate and wanted to help her friends. Waylen was also a strong alien and once he found Posey he was very positive, Posey was the one. I love the twists . Action packed with plenty of steam. Fun, easy to read. A great way to spend an afternoon reading.I received a free copy of this book via Booksprout and am voluntarily leaving a review."
Miss SHF Urquhart,183,5,5,"January 24, 2023",,,"Posey has had her finances frozen by her step father who she thinks murdered her dad. She needs funds to pay for her mums protection, the PI and for her sick cats medicine. She decides entering an auction to sell her virginity to the highest bidder will resolve the issue.The winner is an alien called Waylen a Tusk Warrior. This story is amusing and I laughed often. The plot isn't as straight forward as you might assume, and there are some amusing discoveries.This is a well crafted story.I received a free copy of this book via Booksprout and am voluntarily leaving a review."
Trish,610,3,5,"January 25, 2023",,,"I have read the grizzly book of the auction series, and saw this one, and was intrigued. I am glad I got it. Nothing like the other girls, Posey is a Goth chick with major attitude. She has it all planned out, how she's going to save her mother from her evil Step Father, and get access to her money again. Special treatments, and medication for cats is expensive. She didn't count on an alien Tusk warrior as her new husband, or that she would grow so attached so quickly. I loved how it ends. A surprise twist, I did not expect."
Zelda,1292,,4,"January 28, 2023",,,"Posey is in a bit of trouble—a student, she needs money to live, get special cat food & medicine for her Demon Spawn, and to pay for mercenaries. Yep, that’s how the story starts, and it drew me right in until the end. Posey is purchased by Waylen, who has his own set of problems only Posey can solve. It’s a sweetly passionate story of a human & tusked alien who belong together for all the right reasons. A possessive husband, a determined wife (and her cat!), and a touch of suspense round out this story nicely. Fun read."
Samantha,4290,26,4,"January 30, 2023",,,"I received an ARC from the author and am voluntarily leaving my review. Posey and Waylen have a fast paced romance with an alien twist. I was a little confused at the beginning, trying to understand why Posey was putting herself in the auction. It seemed there were dastardly things happening and I waited for the villian to jump out any moment. As the story went on the misconceptions and miscommunication were resolved in a quick scene. I liked the characters even if it seemed a little jumbled at first. I ended up with mixed feelings for the short story. 3.5"
casvec,7064,71,5,"February 4, 2023",,,"Posey has revenge on her mind and to get what she wants she needs to do something drastic, selling herself. Waylen is looking for a mate, being band from his planet, he came to earth. When he sees Posey on stage, he knows she is the one, but will her plans match his?Fun fast read, with heat and steamy that will keep you warm, a bit of suspense and questions that melt you page after page and an ending that make you smile.I received a free copy of this book via Booksprout and am voluntarily leaving a review."
Bridget Keeling,173,1,5,"February 12, 2023",,,"Oh, Michele Mills, you checked all the boxes with this one. I loved it!This book did not feel like a short story. Even though it is, it was completely fulfilling. I loved Posey & Waylen's story. Their characters are interesting & entertaining & throw in Demon Spawn (the cat) & you had me. It was sweet, steamy & sexy & I enjoyed every minute of it.It also had two epilogues, which made me so happy. It's a really great book, IMHO."
Christal,1108,1,4,"July 20, 2023",,,"This is a short, sweet and steamy romance. Posey had a plan to sell her virginity at this special auction house. Her plan was to pay mercenaries to kill her step-father and to continue her beloved cat's medications and treatments. A Tusk warrior named Waylen is looking for his mate and he was feeling disheartened at the auction until the last virgin hit the stage. Posey is the last virgin to be auctioned and Waylen gets all possessive as he makes the highest bid for her. Lots of action and unexpected twists and turns before they find their love and happily ever after."
Crystal Emerson,199,,5,"January 23, 2023",,,"As always with this series & these very talented authors, this book was fantastic! I loved this series & am so sad it's over....or at least for now. Hopefully they will continue to add to it. All these books are great feels, story & as always complete with a HEA. LOVE these possessive beasts of men, shifter & alien that will do anything for their mates!! Happy reading & definitely recommend this ENTIRE series!!!!"
LiLu,4135,1,5,"January 24, 2023",,,"I really enjoyed reading this story. I like that it refers to the ‘Auctioned to the Alien Beast’ the first story in this series. It helps understand his familiarity with humans, but he realizes he has much more to learn. I liked that he accepted her, exactly as she was. Because of how they met, she took a bit longer. Loved their epilogues! ** I KU’d this book, but as soon as my review posts, I’m buying it, and signed up for authors emails."
Emily Lindsey,,14,5,"January 24, 2023",,,"Absolutely positively love this dark couple! And they're not even really dark, just not super sun shiny happy, lol! Like if Wednesday Addams was grown up and had to make those same decisions, well....there you gooooo.....and dude....her alien Weylon....he's ten kinds of hot and I can read about his exploits all day! I love the plot twist with the mom, lol, perfect timing for that resolution I'd say, too, lol! It’s a great book, and a fun read, what are you waiting for?"
Trixie,4105,,4,"January 24, 2023",,,"I enjoyed the story and liked the MMC. I don't know exactly what my feelings are on the FMC. I liked that she is smart, kind and loving but there are instances that she's quite the opposite. One thing is clear though, she has a one track mind and a woman of honor. I guess the right word is she still has some growing up to do. No matter, there is her husband who will be there by her side.I received a free copy of this book via Booksprout and am voluntarily leaving a review."
Janet Smith McHardy,868,8,5,"January 24, 2023",,,When Posey's family cut her of financially she see the Virgin Auction as her only option. She has people and a cat to help and revenge to get. Waylen has been banished from his home world. He needs his mate. Posey. THis is a fast paced read with great characters and a HEA. Michele Mills does it again.I received a free copy of this book via Booksprout and am voluntarily leaving a review.
Elizabeth,2089,19,4,"January 25, 2023",,,"Fantastic plot and world building. Waylen is an alien living on earth after being framed for a murder he didn't commit and consequently banished from his home planet. He has been going to secrets auctions for months, hoping to find his fated mate, and he finally does when he meets the gothic Posey. I loved the heroined in this story. She only wore black. She was super confident in a quiet way and hardly smiled. Highly recommended"
Neecee,202,,5,"January 26, 2023",,,"I loved Posey & Waylen’s story! From Posey being Posey at the auction to her love for her kitty. Not fond of the kitty’s name, but it fits Posey’s personality. I loved how Posey wanted to help other students. I laughed out when Waylen asked Posey, “five years, you don’t think something would have happened by now?” I had the same thought! Lol. Loved all the Auctioned books. Gonna go find another to read."
Sarah Nielsen,3408,18,2,"January 29, 2023",,,This wasn’t really my thing. I picked it up because I have read some of the other books in this multiple author series and I liked them. This one was a bit tame in comparison and I found the reasoning behind Posey entering the virgin auction was flimsy. The revenge plot was pointless given how it was resolved. I don’t think I will be reading any more books from this author.I received a free copy of this book via Booksprout and am voluntarily leaving a review.
Jenn,2595,17,5,"January 30, 2023",,,"Not The Man She Was ExpectingPosey is auctioning off her virginity for a good cause - revenge. Waylen has been banished just in time for his heat. When he goes to the auction to find someone to offset his heat, he finds Posey and promptly marries her. I loved the surprising similarities between these two, both warriors and caregivers in their own way. Plenty of spice plus an amusing twist at the end made for an entertaining story."
Sabrina Flachsmann,1275,6,4,"January 30, 2023",,,"This was a different read for me. Posey was not what I was expecting. Goth, dark, completely focused on getting some payback, she decides to sell herself for money. She doesn't expect Waylen, but she can't resist fate. Loved Waylen. He was a strong warrior but a sucker for Posey. These two were a match made in outer space and I think this was a fun add to this series.I received a free copy of this book via Booksprout and am voluntarily leaving a review."
Michele,3271,8,5,"January 30, 2023",,,"Loved this practical warrior and his way of thinking in being so forth right with his mate. Enjoyed their slow pace of falling for each other, the attraction was always there, but the connection between them took a little longer to build. Liked how they both learned to adapt and willing to make compromises, especially with Waylen being so level headed in helping Posey carry out her plans.I am voluntarily leaving a review for this book that I received free."
Iva Krazalkovičová,816,,5,"January 30, 2023",paranormal,,"I soo love Michele Mills books....it is sixt book in series, her second in this...and we have again...this alian..who needs mate...because it his time to have mate...and his urge to breed is riding him hard..she is there to make money...to help her friends and mother....to be finally free from her stepdad...as she thinks..but she will get more than she thought.I received a free copy of this book via Booksprout and am voluntarily leaving a review."
Lisa Parker,3274,20,5,"February 1, 2023",,,"Posey really hopes to find a man who will be easily influenced to help her out. What she did not plan on was to have been bid on by an alien who says she is his mate. There is no way he is going compelled to do her bidding but she just might be compelled to do his.This is a steamy read, just like the other stories, the girl auctioned off get so much more than she bargained.I received a free copy of this book and am voluntarily leaving a review."
Nina Diab,3155,35,4,"February 6, 2023",,,"I really enjoyed this book. It was a fun, quick read. I've read one other book in this series by this same author (not to mention another series I love by this author), so I was looking forward to reading this book. Great world building and wonderful characters. Waylen and Posey have great chemistry. I appreciated and could relate to Posey's love and dedication to her cat- though I did not like that name. A surprise twist at the end. An enjoyable read. 4 stars."
Spender of Money,353,6,4,"February 27, 2023",,,"As usual Michele Mills has given us a a smooth, easy read. Enjoyable, engaging and complete. This author knows how to write short stories (an admirable skill, I sure as heck don’t have) that keep her readers coming back for more. I’m always eager to revisit this authors worlds and excited to check new ones out, whenever I can. (I can and I do.) She’s like a lovely amuse-bouche, refreshing and getting me excited for more. I received a copy of this book and I’m voluntarily leaving a review"
Carol,1618,5,4,"April 30, 2023",,,Like characters. Both leads were similar in characteristics. Not smiling or rambunctious type. They were intense in their likes and followed what they wanted and loved. Nice touch to have the cat. Still wish the author separated both human and other character first person communication style. Both have tendency to be bullet like when I read them. Since I liked rest of story just kept reading it.
Melo,546,5,3,"September 20, 2023",,,"I tend to like these short reads on busy days as I get a quick dose of awww. This book lacked that, it was flat, the plot was weak at best and I didn't get any romantic anything off it. Just read like Posey was trying too hard to be well hard. Comparing herself to her mother, saying she never smiles either... Does she actually have her own personality or is she just a copycat of her mother."
Debbie Benson,5376,23,4,"January 23, 2023",2023-reading-challenge,,I received a free copy of this book via Booksprout and am voluntarily leaving a review. Posey has both good and bad reasons for joining the auction but it turns out very well when Waylen wins her. Waylen knows she is his and it takes only a little time before Posey realizes it too. The bad reasons prove to be false and are stopped. Posey is very happy with her life now.
DesN2004,533,2,5,"January 24, 2023",,,"Enjoyable and fast paced quick read....This was a good read with unique characters and a wonderful story. There was steam, a demon cat, and a sweet love story. These are great breather reads and make you smile!! I enjoy Michele Mills books and will continue to read them!.I received a free copy of this book via Booksprout and am voluntarily leaving a review."
Carmen,1745,10,5,"January 24, 2023",,,"I enjoyed reading about Waylen and Posey. She was so determined to avenge her father and take care of her cat, it was funny how it all turned out. I would have been embarrassed but she handled it all with her head held high. Waylen was adorably sexy and a real keeper. I loved it."
Book Lover,1333,12,5,"January 24, 2023",,,"Extraordinary!!Michele has a way to write about aliens that you end up falling for them the same way the heroines do. Waylen and Posey's story was no exception, they were truly made for each other, and what a beautiful HEA they got. I received a free copy of this book via Booksprout and am voluntarily leaving a review."
Cynkris,394,,4,"January 24, 2023",,,This Auctioned series is so much fun! Waylen and Posey perfectly suit each other. The story is a fast and interesting read. The characters are well written with flaws and perfections..meaning they feel real and are fun. I enjoyed it.I received a free copy of this book via Booksprout and am voluntarily leaving a review.
Caroline Doig,5370,46,5,"January 24, 2023",,,"Posey is selling her virginity to the highest bidder she doesn’t want love just revenge so she’s been hiding out from her stepfather Posey doesn’t really care about what guy she gets she just needs the money, but it’s not a human or shifter that bid on her no it’s an alien with tusks. Fantastic story I loved it and the characters and I highly recommend this book."
Margaret Viney,114,2,4,"January 25, 2023",alien-boyfriend；scifi-romance,1,"I was thrilled to get a chance to read this book. I love this author and her other stories. This didn't disappoint. With an amazingly sexy alien hero and an old lady kitty, how can you go wrong. Some surprises and lots of spice in an easy read.I received a free copy of this book via Booksprout and am voluntarily leaving a review."
Holly,3316,4,4,"January 26, 2023",,,Posey has a plan for auctioning off her virginity to a malleable billionaire and ruling his life until her plans come to fruition. Instead she gets Alpha Alien Warrior Waylon and a completely different life but it is truly the one she is meant to have in this fun read.
Lucy Chesna,859,28,5,"January 28, 2023",,,"What a surprise Posey got at the auction and got Waylen, a tusk warrior. It was a little rocky in the beginning but they finally started the mutual interest in each other and love. They had the connection and began their journey together. It was a great story and loving this series.I received a free copy of this book via Booksprout and am voluntarily leaving a review."
Lauri Heanue,402,,5,"January 28, 2023",,,This book is unique in that the h is completely different from the typical romance novel. She’s goth and doesn’t smile. Yet she’s very passionate and loving towards the beings that she cares for. The H is a BA that has a very tender side. Loved this book so much!.I received a free copy of this book via Booksprout and am voluntarily leaving a review.
Syd Springer,3650,6,4,"January 29, 2023",arc,,"I thought that this was a great book. I enjoyed Posey and Waylen together. These two are opposites but they work wonderful together. While I did enjoyed this book, Posey did get annoying with her attitude but I did think that she was good for Waylen. I can't wait to see what is next.I received a free copy of this book via Booksprout and am voluntarily leaving a review."
Sheila,328,2,4,"January 29, 2023",,,"Auctioning herself, Posey thinks she’ll be able sell herself and control the highest bidder, having him do her bidding. Little does she imagine that’ll be Waylon, a huge tusked alien warrior. Enough to say, it doesn’t work out quite how she planned. Short, fun, steamy read.I received a free copy of this book via Booksprout and am voluntarily leaving a review."
Christina Standridge,697,3,4,"January 31, 2023",,,I like the story. Posey is auctioning off her virginity to the highest bidder and she hopes its someone she can control. She is bought by Waylen. He has tusks and his last name is Tusk. Will he help her with killing her step father? Some funny parts to.I received a free copy of this book via Booksprout and am voluntarily leaving a review.
Natasha Tucker,1683,5,5,"January 31, 2023",,,"Posey entered a virgin auction as she needed money to help her mother and friends. Waylon was an alien at the auction looking for his mate. He knew as soon as he saw Posey she was his one! Fun, steamy story with amazing chemistry, some misunderstandings to resolve, a protective loving hero and a lovely HEA.I received a free copy of this book via Booksprout and am voluntarily leaving a review."
Debbie,840,1,5,"February 1, 2023",,,This book is about instant attraction and even love. There's steamy bits as well as some family drama. It's a fun book to read and I really enjoyed reading it. Waylen is an over protective male and Posey is a stubborn woman that needs him.I received a free copy of this book via Booksprout and am voluntarily leaving a review.
Sheryl TEGTMEYER,131,,5,"February 23, 2023",,,Posey has decided that the only way to get the money she needs for her revenge on her stepfather is to sell her virginity. She is looking for a man she can control however what she finds is a man who can control her.. storyline is very plausible. Great characters very fun to read and see exactly how everything turns out.
Shawna,249,3,5,"March 4, 2023",,,"I loved the characters. The main male character was tall, dark, and lethal. A+ plus he was protective and caring. In addition, the main female character was unique in that she was goth- a regular Wednesday Adams! Demon spawn her pet elderly kitty was a nice touch to the storyline. The HEA was extremely satisfying"
Lisa A,1252,10,5,"January 22, 2023",,,"A short sweet HEA…Posey participated in the virgin auction in order to hide out while seeking vengeance on her stepfather. Waylen, a Voltare warrior, has the winning bid. The two are made for each other… I received a free copy of this book. This review was posted voluntarily."
Lizette Diaz,2543,28,5,"January 23, 2023",,,"I absolutely love the newest book in the Highest Bidder Auction series. Waylen is a warrior and not from this planet, when he finds his mate in Posey, a cat loving force of nature. He immediately helps her and will do anything to keep and protect her. Love their perfect story."
kymagirl,3424,47,5,"January 27, 2023",aliens-space；arcs,,"Needing money to exact a revenge scheme, pay for her cat’s healthcare, and fund a bunch of college students, Posey (h) turns to a virgin auction with a guaranteed payout and a potentially marriage to a billionaire, who may or may not be human. Waylen (H), an exiled Voltare warrior in heat, attends the auction and scents his mate, much like his cousin Taygar (Auctioned to the Alien Beast). He takes Posey to his remote Idaho retreat intent on convincing her that he’s the mate for her. High heat bonding time for Posey and Waylen with lots of sexy action in this fated mates, alien romance quickie! Gotta love Demon!"
Marianne,5819,70,4,"January 23, 2023",,,"This is a great sci-fi/auction romance.. I enjoyed it.. It is steamy and entertaining, with intriguing characters and fun-to-read story..I received a free copy of this book via Booksprout and am voluntarily leaving a review."
Vanessa,2376,10,5,"January 23, 2023",,,Waylen & Posey story was written well and very descriptive. I hope that the author writes more stories like this. I hope Posey roommate finds her happily ever after as well and gets her own story told.
CJ,8937,52,5,"January 24, 2023",,,"The author has given us a wonderful story that pulls us into the lives of Posey and Waylen. The story keeps us turning the pages with humor, instant connection, the desire for revenge and steam.I received a free copy of this book via Booksprout and am voluntarily leaving a review."
Judith D. Woronka,86,,5,"January 26, 2023",,,"What a great book I really love this Species .I hope we have more ,they don’t have to be “Auctioned “ books just with this species. Waylon and Posey are a great couple and leave you with a great feeling"
Layne,124,,5,"January 28, 2023",,,"As always, another excellent story from Michele. I love this series and that she’s part of it. I look forward to all of her tales of monsters and aliens and the women that love them. I can’t wait for more!"
Dawn,1806,8,5,"January 29, 2023",,,This series is so good. Loved this story. Posey is a unique character and her Alien Waylen will have his hands full. This is full of attitude and spunk. Loved the way the storyline flows and how the characters interact together. Great ending. Can’t wait for more.
Susan Waclawski,265,7,5,"January 30, 2023",,,"I have read every one of these as they come out. Tusk and Posey’s story is so wonderful. They have an instant connection and attraction. I can’t wait for the next one, wonderful job Miss Michele"
Kanani ,1392,,4,"January 31, 2023",,,The instant Waylen saw Posey... he knew she was his other half. There was instant chemistry and magnetic attraction. I enjoyed seeing their story unfold and was rooting for them from the beginning. This was a good story with a happy ending!
Debra  Williams,1967,1,5,"February 3, 2023",,,I enjoyed reading this book. It was a new author for me. Posey went to an auction and Waylon paid twenty million for her to be his mate. A nice read with a happy ending
Wanda Grier,456,,4,"February 4, 2023",,,"I really enjoyed this book from this series, it was a bit different from the other ones but that is what I enjoy from this series. I can't wait until the next book is available."
Cherie Alvaro,971,9,5,"February 7, 2023",,,Book 6 of Highest Bidder Series is an amazing conclusion to the series. Michele spun a world so believable that had me mesmerised. I loved the characters and the chemistry between the pair.I received a free copy of this book via Booksprout and am voluntarily leaving a review.
Renee,401,,4,"February 8, 2023",,,I loved this cute story. Really I love all of Michele's works. I rate based on whether I would read this again and again because my TBR is large. I give it a 4 because I probably will only read it once since I have more of hers to read.
Sheila,1926,4,5,"March 4, 2023",,,"This auction has less drama but his moves when he is in heat, we’re amazing!!!! Waylon was so close to perfect that Posey proposed… but Omg, the angst wasn’t an angst at all. The stepdad was just a regular Joe in love with Pusey’s mom. Crazy!!"
R.J. Stevens,,27,4,"March 25, 2023",,,Love that thr female lead matches the male leads energy. Kinda sad there wasn't a epic fight scene but the conflict was resolved in a way that I didn't expect which was cool.
Maranda Prigmore,905,1,5,"April 26, 2023",,,This book was quite entertaining. Waylen and Posey. What a pair with demon spawn the kitty. Twist and turns are in full swing at this auction house. These two are full of all types of surprises.
Susan,810,,4,"May 15, 2023",,,He was banished from his planet to ours and now looking for his mate living with the humans. She is looking for revenge against her stepfather thinking he killed her dad and took everything that was hers.
Teresa Wright,1214,,4,"June 9, 2023",,,"This is the second auction book I've read. Maybe I'm reading them out of order, but I still enjoyed the story of Posey and Waylen. Amazed at how quickly Posey was at being bought by an alien."
Susan Short,307,,3,"August 20, 2023",,,"I loved posey and Wylan, mainly because she reminds me of myself, attitude/personality wise.anyway, the strangest storyline in the series, bit of an anticlimactic ending, but still I enjoyed it."
Penny Wright,1273,3,4,"January 3, 2024",,,"Rating 3.5Auctioned to the Tusk Warrior has a strong exciting beginning, then, in my opinion, falters. It is a decent read but I’ve enjoyed much more riveting Michele Mills books. Example: The Fever Brothers series."
Michele,1129,4,5,"January 26, 2023",,,"Another entry in the Highest Bidder series, this is a quick, fast paced story. Unlike the other virgins in the series, Posey is a little on the Goth side. Waylen has been banned from his home planet but is in heat so needs to find his mate. Together they make a great couple, and Demon adds just the right amount of cuteness.I received a free copy of this book via Booksprout and am voluntarily leaving a review."
effin surrey,1584,18,1,"January 23, 2023",,,DNF
Michelle,23,,5,"January 23, 2023",,,I really love reading this book and was not able to put it down till I finished reading it 😊
Charlene,5351,2,5,"January 23, 2023",,,"Not sure if laughter was supposed to be the result, but I laughed through this entire story. So funny and good. Might need me a Tusk warrior."
Sandra Casile,1046,5,5,"January 24, 2023",,,"Did not know what to expect, but got turned on immediately. It is amazing to see how he knew she is his mate. Loved the whole idea of this story."
Anne,2804,35,4,"January 25, 2023",z2023-books-read,,Good story!
Jovette Bossé,3452,12,5,"January 25, 2023",,,"I loved it! A sweet,sexy and beautiful love story! 😍❤🔥🥰"
Brittany,178,,5,"January 25, 2023",,,Really enjoyed reading about another Voltare … maybe some more in the future ?… if so I’ll definitely add that to my TBR list. ⭐️⭐️⭐️⭐️⭐️Short. Sweet. Steamy. 🌶️ 🥵
Chelsie,9,,2,"January 25, 2023",,,I love her books but I couldn't even finish this one...
Corda,610,2,5,"January 28, 2023",,,OK I enjoy these Auctioned To books a lot.
Dorothy Holness,964,1,4,"January 29, 2023",,,This was pretty good. Posey and Waylen just seemed to fit each other. I am glad in the end she did find out the truth about her stepfather.
Carlyn Zanidean,1467,4,5,"January 30, 2023",,,"I absolutely loved this book and I could not put it down. Passionate, hot and steamy. Finding the perfect mate. I look forward to read more books by this author."
Shannon Jade,,5,3,"January 30, 2023",read-2023,,"Simply a fun, short, spicy alien/human romance 3/5 stars"
Ruth,128,2,4,"January 30, 2023",,,"As always, a very entertaining story. Bringing aliens into the human universe should be difficult but the author rubs everyone's funny bones and attraction center."
The Doctor's Companion,603,2,,"February 9, 2023",,,DNF because I couldn’t make myself care for either character.
Alaska love,1293,3,4,"March 1, 2023",,,Posey has put herself on the auction block for several reasons mostly for her cat. Waylen bid and won her. Then the fun begins. Enjoy
Rebecca,3699,,4,"March 19, 2023",,,I wish this book was longer. I really liked this couple. I glad the truth finally came out . The ending was my favorite part.
Vicenta Ramos Giner,704,68,3,"March 19, 2023",michele-mills,,Es entretenida y divertida
Anael,213,3,2,"March 31, 2023",,,"De este me estaba gustando lo que la trama daba, pero al momento de la verdad, cuando íbamos a tener la venganza, todo tuvo un plot que me hizo sentir estafada."
 Lissa Smith Reads'~A Bookaholics Bookshelf,5238,130,2,"April 8, 2023",02-stars,,Rated2 Stars: ⭐⭐Kindle Unlimited Read
Michelle v,215,1,5,"April 12, 2023",,,Mills is a master of the Hunky alien and human romances. The characters are quickly developed and easy to fall in love with.
diane astin,44,,,"April 18, 2023",,,I enjoyed this book with Posy and Waylan. It is a fast paced book and has a nice story line. I recommend 👌 it for anyone to read.
Tania Rodriguez,699,2,5,"September 25, 2023",,,"I like it, it was fun and sweet and enjoyed the ending. I was much of the cat's name but the owner was a Gothic"
Colleen A Eells,205,,4,"November 4, 2023",,,Posey believes that her step dad killed her father and when her stepfather cut her off. At the auction she is bought by Weylan who is her love.
Snow2717,252,2,4,"December 17, 2023",,,Entertaining addition to the series. OTT insta love story with some smexy times. Quick light read with some angst and HEA ending.
Moriah,2565,21,5,"March 17, 2024",,,"Loved Posey and Waylen’s story. Doing what she believes needs to be done, I loved that Waylen was the most unexpected, yet they just worked out so we'll. Such a great read."
Jude,3208,5,5,"January 26, 2023",,,Enjoyed reading this book
