Reviewer,Review Count,Followers,Rating,Date,Tags,Likes,Content
Riniya,174,13,4,"July 7, 2023",,,"Key Points / Tropes:Arranged MarriageI-Despise-You To LoversHidden MagicSlow burnFated MatesPolitical CoupsSpice: 2 PeppersReview:I felt like this book was a bit slower to start than the last one. Our FMC had been banished from her life as the wife of the Goblin Prince. She had been told that if she ever came back, he would have her killed. We learn that she found refuge by working in a troupe, performers who traveled between the Goblin Kingdoms putting on plays. Watching this side of her new life was a bit on the slower side but it didn't take long for things to ramp up. It was nice watching her interact with others within the goblin race, seeing her prejudice slip away as she developed relationships with her newfound friends. They cared for her and it was clear that she cared for them. Seeing a side of her away from the revenge that she so desperately seeked in the first book was needed. It allowed our FMC to gain some depth that she had been previously missing. One of my complaints in the first book was that we were told our FMC was a great assassin/ thief yet we didn't get to see any of it. We get to see this side of her that had been hidden from us and it's easier to understand how she managed to sneak her way around in book one. I will say that despite this, she did get rescued during one of her fight scenes and we didn't get to see the ""potential"" we were told that she had. It could be due to the fact that she was facing Goblins and not humans, but it still would have been nice to have her be able to stand up against her oppressors a bit more. I loved getting to see the dream scenes between her and our MMC. Our girl was a bit slow on the draw with the circumstances surrounding these moments, and she really needs to listen a bit more than she does, but getting to see her be open with him and those deeper connections was needed, especially considering the previous book. The big twist of the series was a bit predictable, I will say the person I thought it was as the BBG, wasn't it. But the book pretty much tells you who the bad guy is if you pay attention, I noticed it, but thought I was being clever by suspecting someone else. I was so wrong, haha. Of course, the BBG does set up a very interesting cliffhanger and I am curious how the next book in the series will play out. One evil was vanquished in this book, but another reared its head."
Reads_Must ,558,14,4,"July 1, 2023",,,"The Doomed Prince A Feud So Dark and Lovely #2FantasyLeigh Kelsey & Lysandra Glass⭐️⭐️⭐️⭐️.5I thought the start of this book was a little slow. Zabaletta was fighting people again soon enough, but I did find myself wanting the plot to get back to Kier and their relationship.The pacing soon picked up and I liked seeing more of the Goblin lands, both the Bluescale and the Greenheart kingdoms and their different attitudes towards humans.I was kept curious trying to work out who was controlling the human rebels and I liked the lead up to the reveal, however, because the character was hardly included beforehand, I wasn't able to be shocked or surprised. I would've preferred it to be a big plot twist with a well known character and a betrayal.I love the writing style of these authors. They are able to really to portray the different emotions of the characters well and I found my heart breaking for Zabaletta at the end.I'd still like some other POVs from either Kier or maybe even Xiona but overall I really enjoyed this book."
Frank &,13,,5,"November 19, 2023",,,Well the story about her wanting justice for her sister didn’t go over very well. In book one he exiled her banned her threatened to have her killed if she every comes back. She joins up with a traveling theater group works on her magic and dreams of him. In her dreams he wants her back but it’s just her dreaming right? Or is it? The Green Queen try’s to get her killed but she keeps escaping. Finally she decides to head back to the blue side and take him news about a coming assassin attack on her husband and an Army of humans heading there to get him. Up until the Green Queen captures her and uses compulsion on her the story gets really interesting. But the the story ends and that’s the end of the second book. Didn’t like that for an ending. Hopefully a third or fourth books comes out soon.
Pamela ,1113,,4,"August 3, 2023",,,"Attempted murder has serious consequences for the new princess of the Goblin realm, Zabaletta Kollastus, especially when you try to kill Kier, the Goblin Prince. So, Zaba finds herself exiled from the Goblin lands with a threat of death if she decides to return. Just when she was beginning to accept her new feelings for her husband, she has to completely destroy any chance for a happy future. Zaba roams the countryside with a group of performers as she continues to look for a way to redeem herself in the eyes of Prince Kier and return to her new home. Her encounters with rebel fighters are fast-paced and brutal. Prepare Yourselves for the bloodshed. Once again, a Cliffhanger-Lots of Action!!!!"
Kira Murray,134,,4,"July 18, 2023",,,"After being totally sucked into the first book I was very excited to start reading this one. And overall, it was a lot of fun. I loved getting to see more of Zabaletta's magic and her dynamic with the troupe. The whole dream-thing was fun, and the world building continued to be fascinating and well thought out. My biggest issue with this one was just that it didn't feel like quite enough plot for a book. It read more like part of a book that got prematurely cut off. I'm looking forward to the next book and hoping it has a little bit more plot than this one did!"
Charlotte,3250,45,4,"June 11, 2023",,,The Doomed Prince - book 2 in the A feud so dark & lovely series and it picked up right where the first 1 ended with Letta (FMC) being exiled. Now she's living with the reprocussions of that event. Finding new friends and a new place. Great plot twists and turns lead to a great cliffhanger ending. I'm enjoying reading this series and I can't wait to see what will happen next.
Joy Whiteside,4403,93,5,"June 13, 2023",,,"Wow, what a read. This book has everything that you need to make an enjoyable read. It moves along at a pace that makes for an easy read. It has characters that you will love no matter what and you want to be there for them and a story that will grab you and keep you reading from beginning to end. This book is a must read, no doubt about it."
Lindsey Morrison,45,1,3,"February 28, 2024",,,i thought the first book was really good and held my attention but this one could have been longer. this story does not need to be a series longer than a duology which makes me mad that i have to wait for a 3rd book for no reason. the writing isnt the best or the prettiest so i was able to fly through this and semi-enjoy it
Dana,26,,,"June 11, 2023",,,"Do I know what to do with myself? Nope. I'm just. Gone. Finished. Rocked by despair.If you're going to read this book, just know you might feel like you'll be lost for a bit. Or outraged. It depends."
Esmeralda Silva Tenazinha,844,12,4,"June 13, 2023",,,Etta is Exiled and as so She has to adapt to her new world but things aren't going to BE any easy. Its very interesting and it Will leave you wanting to throw the book in the end! OMG Cliffhanger!! Very good but you know we Will have to wait to know more.
Victoria,5,,4,"June 20, 2023",,,"I liked this book far more than the first one; because we got to know the characters more and the story was exciting. I enjoyed the new characters that were brought in and the friendships they created. Again left on a great cliff hanger, looking forward to book 3."
BriAnna Monahan,79,3,5,"June 23, 2023",,,While these aren't the spiciest books in the world they're still so good. I absolutely love them and they're easy reads if you need a break from a long fantasy these hit the spot. Cannot wait for book 3 and all the twists and turns it has to offer.
Divya Katakam,10,,3,"March 19, 2024",,,It was a decent series except it's super upsetting that the story just ended abruptly and this is a duology so I don't know if a third book is even part of the series. It's a good story but I'm definitely disappointed about the book not being completed.
Emily Franzen,290,5,5,"June 12, 2023",,,"I fell in love with this series in book one. I absolutely love the bickering and tension, and the FMC is a firecracker! Our goblin Prince is sexy and dream worthy... I highly recommend!"
Ronda,1600,43,4,"June 15, 2023",action_adventure；fantasy_and_sci-fi；humorous,,"Another. Cliffhanger. But thankfully there is another installment of Kier and Letta's story. To prevent spoilers, I'll just say I seriously hope the villain in this one gets what they oh so richly deserve."
Ilene G&#62;,1826,5,4,"June 15, 2023",,,"I enjoyed this story, but I am unhappy it ended in a cliffhanger. The action, plot and characters are good. Zabaletta makes friends and faces danger."
joyce english,47,1,5,"June 17, 2023",,,"Totally enjoyed this book, had a bit of grossness but as a whole, good read. Didn’t want to put it down"
Sauieh Noushin,249,1,5,"June 29, 2023",,,Omfg!!!!! I've been in love with these characters from book1!!! Zada is a badass and Keir is a beast!!! The side characters r amazing and I NEED to know what happens! Fuck that queen!!!
J.C. Reilly,,3,3,"July 10, 2023",,,"As second books in a series go, this was pretty interesting. I like Letta's use of magic and Kier's love for her. I look forward to the third book, whenever that is written."
Tina,4,,5,"June 17, 2023",,,"Story is perfection so many twists I didn't see coming. Beware does end with a Cliffhanger.....but all the best story's worth reading do. MC is just the right amounts of strong and stabby, love the friendships she has made in this book."
