Reviewer,Review Count,Followers,Rating,Date,Tags,Likes,Content
Tijana,821,235,,"September 29, 2023",fantasy,17,"Kajl Merčinson But i ja se znamo odavno. Nismo drugari (But je patološki stidljiv i umro bi na mestu kad bi ga neko nazvao ""drugarom"") ali vredno pratim doživljaje zlosrećnog arhiviste koji se stalno sapliće o razne manifestacije natprirodnog, još od prve zbirke priča o njemu. Ovo je do sada najduža priča posvećena Butu i već to me je obradovalo, a još više kad sam videla da se i dalje drži najviši nivo kvaliteta.Sara Monet piše elegantni, klasični horor u kome se ukrštaju M. R. Džejms i još poneki stariji autori. Ova novela posvećena je Širli Džekson i nosi tu posvetu s pravom - postepeno i uspešno se izgrađuju i preteća atmosfera i zlokobna ličnost same kuće, dok se novi vlasnik-šarlatan i njegovi gosti naivno koprcaju u spiritističkim seansama. Užas se razvija sporo i metodično, kao što But ispisuje svoje kataloške kartice, a kulminacija je više duševne prirode nego tipično krvoproliće; oni koji vole eksplicitno kasapljenje, a ne jezive nagoveštaje, ostaće malo razočarani."
Jim,2767,136,2,"January 5, 2024",,9,"I can't say this didn't have it moments, because it certainly did. But if you cut those from the narrative, what remains is so horribly uninteresting, just mere verbiage, not even qualifying as filler. The haunted house is a tough concept to do well, talent of the writer notwithstanding. There is so little to work with it takes a masterful touch to use the tropes - which must be used - but to use them effectively. Everyone knows it can be done because it has, though not often. For 75% of this book - minus a few scenes - we get fuckall. Booth comes across as a functionary, or maybe merely a functioning archivist? Surely nothing more. I love that he loves books, but that aspect of the tale always felt like fluff, since the facts Booth's work uncovers are never prevailed upon, just secreted, or maybe more accurately sued as a plot device (one amateurishly used, at best). Dumb. What is truly going on doesn't arrive until I nearly DNF-ed, and more than once, but with only 25% to go I decided to trudge to the finish. The truth of the house, and our enigmatic attendees, is intriguing, but so rushed it falls flat. Sadly, I sense another ""Booth Tale"" to provide some closure, or another flimsy tangent?, and also to try fleshing out some poorly drawn characters elided here. If it tops out at this book's length, I'll likely give it a go. Because completists do that.One major annoyance, which had me mentally gritting my teeth constantly, was Booth's repeated use of the word ""er"" when he spoke. Besides it sounding ridiculous AND looking even more idiotic in print, I would argue it was superfluous at best, needless at worst. Hesitance, reluctance, nervousness, or deference in speech/conversation is hardly odd, but no part of Booth's personality would lead us to believe he would speak this way. I found it absolutely maddening. Like murderously so."
Loreley,389,94,4,"September 21, 2023",2023；horror,5,"კაი ქრიფი რამეა 👌I missed Booth so this story was a delight. It's not necessary to have read other Booth stories to enjoy this one, but knowing his background adds layers to this novella.The vibes are impeccable - who doesn't want to catalogue an occult library in a haunted house?"
Blodeuedd Finland,3490,306,,"February 18, 2024",,4,This was reeeeeeeeeeeeeeeeeeeeeeeeeeeeally dull
Annemieke / A Dance with Books,858,,4,"November 15, 2023",novella,3,"It took me a surprising amount of time to realize that Sarah Monette is actually Katherine Addison (or rather the other way around as Addison is pen name). Which goes to show you just how much I look into authors. Regardless, it doesn't quite change how I feel about this book. Thought it might make me more inclined to pick up more books by Monette now. A theory of Haunting is an interesting, slow build paranormal horror story following the haunted mansion trope. We meet Booth, an archivist who just keeps getting send out on other tasks than he should, working at a museum. Booth has another set of talents than just being an archivist. He knows more about the occult than he likes letting on. And it is something that he can use in this haunted mansion, though he doesn't particularly want to. Booth doesn't seem like a very interesting character at first glance. He seems stiff, shy, rather in his own world and would rather not have any excitement. But there are little hints and bits that Monette throws in there with him that does make you sit up. The throwaway remarks on previous adventures with the occult for instance. There is clearly more to Booth, but Monette doesn't quite lift off that layer of him. Just enough to keep you interested. I enjoyed his interactions with Avery. As for the story, it has quite a slow build. At times i found the first half a bit too slow. Considering that this book isn't even that long, that was't a good thing. The second part really takes off when the haunted house lets itself known. First to Booth, than to all the others as well. It was creepy at the end but still very managable for those that find horror a little harder to read. Now when I picked up this book I had no idea that there were more stories out there about Booth. It certainly isn't nessecary to have read them to pick this one up. But I'm certainly going to search a few out."
Kelsey,162,258,4,"March 4, 2024",2023-releases,2,Definitely spooky.
Rachel,61,9,5,"September 1, 2023",,2,"Kyle Murchinson Booth is an archivist at an American museum sometime in the earlier part of the 20th century.. Booth is shy, awkward, brilliant, and in tune with the veil between worlds. His boss sends him to Thirdhop Scarp, an estate where a spiritualist society has been holding seances and getting up to other spiritualist-y business. He is ostensibly there to sort through newly acquired books in the estate's library, but actually to persuade the museum parton's sister to disassociate from the society.Unfortunately for Booth, Thirdhop Scarp has an unsavory past of mysterious deaths, and to his dismay, he quickly discovers just how haunted the house is.Back in 2021, I read Monette's The Bone Key, ten short stories focused on Booth and his supernatural and paranormal misadventures. It was one of my favorite reads of the year. I absolutely adored Booth and the collection. When this book popped up on Amazon as a recently published recommendation, it shot to the top of my TBR. This novella is a haunted house story of the best kind - a creepy, effective slow burn with a punch of an ending. Easily one of my favorites of 2023.A Theory of Haunting and The Bone Key are both 5 star reads for me and highly recommend. If you like the style of old fashioned horror (MR James, Henry James), you should give the Booth stories a read."
Tomasz,559,29,5,"August 31, 2023",,2,"Mr Booth may be employed more as a librarian and custodian than an archivist, but he has an archivist's mind (so do I, like comes to like). Unfortunately, Thirdhop Scarp manse has a mind of its own, too.I might have mentioned somewhere before that Sarah Monette guarantees quality reading experience. This novella is another case in point. And Mr Booth is, quite simply, a lovely character."
Sarah,,27,5,"October 10, 2023",2023,2,This is a delightfully spooky book with a relatable bookish protagonist that will please anyone who is a fan of Poe or Mary Shelley. Only took me a few hours to read. I'll definitely be reading more Sarah Monette!
Nicole (bookwyrm),1174,4,5,"October 30, 2023",ghosts；gothic；thriller-or-horror,1,"I picked up this book because it was part of Rebellion Publishing's $0.99 ebook sale, and because I'd read another of Monette's Kyle Murchison Booth short stories in Uncanny Magazine and enjoyed that story immensely. I figured another of Monette's stories in this series would be a great addition to my Halloween reading—and I was right! But I'm very glad I didn't try to read this just before bed. Much better for me to read this one in the daylight.First of all, this is a perfect book for the season. It's a tale of ghosts and a haunted house and séances, perfect for the Halloween season (even if I personally never picked up on what time of year this was supposed to be). The house is creepy, several of the side characters are creepy, and by the end I found myself almost dreading the return to the house along with the protagonist. (Though of course, I knew there would be a return even when he hoped he could stay away.)The part I liked least was some of the side characters' attitudes. Both Booth's superior at the museum and a few of the séance guests were just too icky for me to like them much. Still, that's not to say that they weren't believable. The nastiness of some of the guests, and the office politics that led to Booth being there at all... those are all to realistic to me. I didn't need to like them, though; I liked Booth well enough to more than make up for the handful of unpleasant side characters, and there were a few of other characters (like Alexis  and the clueless Miss Parrington) who were also enjoyable to read about.All told, though, this is the perfect level of creepy book for me. It gets scary, but not too scary. There is peril, but not that much peril. I was never in doubt that the protagonist would make it out of the house alive, though there was just enough menace in the house that I wasn't so sure about any of the side characters. I enjoyed the book enough that I immediately picked up Monette's The Bone Key, a collection of Kyle Murchison Booth short stories. I'm sure this book is one I'll re-read for future Halloween-time creepiness... though I'll try to remember to read the second half in the daylight and not at night."
Maria,825,6,3,"March 3, 2024",audiobook,1,"I jumped on this short story because of  pretty much. I've not encountered the character Kyle Murchison Booth before, but I think the story worked well on its own. I suspect Booth might be one of the most wooden-like character I've ever spent time with, so while the mystery in itself was interesting, I didn't enjoy the company as much as the haunting and sleuthing.Booth's vocal tic (eeerrr) was probably a bit less annoying, thanks to the narrator's way of incorporating the noise in the character's speech, than it would have been if I'd been reading the story myself on a page. (I saw some others complaining about it.)While I wouldn't mind revisiting this character in the future to tag along on another mystery, I'm not sure I will exactly seek out more stories about him. I'll probably stick to waiting for the 3rd Amalo book instead."
Roslyn,369,18,4,"December 31, 2023",,1,"4.5Hopefully, comments to come."
slauderdale,118,,,"January 18, 2024",fantasy；fiction；glbt-interest,,"Help! Can someone explain the ending to me? I enjoyed the heck out of this book and thought it was going to be a solid five, but the ending was a headscratcher. Given the implied reveals about Alexis' past at the end, why *does* Booth go to visit him? Or am I misunderstanding?  The thing about Monette's Booth stories is that she/he leaves so much unstated, and usually it is easy enough to get by inference, but in this case, I just got very very lost at the end. It *does* feel like the recipe for a followup, this continuing connection with Alexis, and I would like that, I was very pleased to get an extended storyline with Booth. I found all the short stories fun. But I can't say she really stuck the landing on this unless I am really really missing something very obvious, because the inferences I'm drawing just aren't coming together.I repeat: Help?"
Tessa {bleeds glitter},745,22,2,"March 10, 2024",,,"I'm very confused about the idea behind this book. Apparently Monette has published short stories about this character before and I guess this is some kind of add-on to those stories, published many years later. But like, you feel like you're missing huge, important parts of the story. This wasn't a short story you just slide into and understand what is happening- you can tell there are huge gaps of information missing. I felt like I just picked up a book, read the middle hundred pages and then put it aside again. There is no proper introduction, you're already supposed to know who this person is and why he's in a position to be told to investigate something in a haunted house even though he's simply an archivist. Even the other characters felt like I should already know who they are, even though I couldn't.Wouldn't recommend reading this on its own. Since I haven't read the earlier installments and my audiobook service doesn't carry them, I'll probably never pick them up, but I truly doubt you can enjoy this on its own. It feels like you're missing something the whole time.In theory the story is fine, if this had been a proper novel, with an introduction and a middle part and an ending, fleshed out, I'd probably recommend this. But the way it is, on its own, I just didn't really get anything from it, I just kept wishing I knew who these people are."
Meredith Katz,,192,5,"March 22, 2024",,2,"Oh my goodness, I'm obsessed.I read the Booth stories every couple of years, start to finish -- which means it's always great when there's a new one at the end of it. This one is an extra delight because it's a novella -- so much extra time with Booth.Booth is forced, through the standard ""Starkweather insists he goes evaluate someone's library"", to attend a haunted house run by occultists. Things go south very, very quickly. As always, Booth's subtle development, passive aggressiveness, self-hatred, and yet his strange backwards confidence is on display here. The horrors are quite intense, the hauntings are wild, and the mystery to solve is engaging. AND WHAT IS THE STORY BEHIND ALEXIS. I have theories but no proof...I am going to be thinking about this one a long time.If there's any flaw, I think it'd just be that it's story #18, and most of the other stories are hard to find if you haven't already got the links to the various magazine that posted them online, and his development leans a bit on it -- as well as the story occasionally referencing some of the past ones. I don't think it harms this story any, but I think it loses something if you hadn't read them. It might be a good idea probably to have a rounded-up set of links somewhere so people can reference them if they want (if we don't get a second published compilation, that is! Which... one can hope.)"
Alex Sarll,6266,313,,"September 12, 2023",,,"I've read all of Sarah Monette's novels as Katherine Addison, but none under her own name before, and for the first half of this I wondered if I should stick to the pseudonym in future. Despite a vaguely Lemony Snicket setting, and the titular theory being a cleverly horrible blend of The Stone Tape, Hill House and distinctly human malignancy, the characters, and even the sinister clifftop house Thirdhop Scarp, just weren't feeling solid to me. But I persevered, partly because abandoning such a short novel would have felt silly, and I think maybe it's just that the hot weather, as much as it's inimical to life, is even more so to ghosts. Yesterday, with conditions almost bearable, the climactic chapters worked much better for me, a desperate chase through a building bent on destruction of anyone it notices. As my near-namesake Alexis says, ""I can feel it now. Cold and dark and hard, and dear God, so dead. So very dead."""
a. snek,55,4,5,"August 20, 2023",,2,"I enjoyed this tremendously, it's deliciously creepy and unsettling, but most importantly the narrator is Kyle Murchison Booth, the protagonist of The Bone Key - or as I like to think of him, literature's most clinically depressed occult expert. His voice is so dry, so understated and melancholy, that it makes the prose a delight in itself, and the faint echoes of his past experiences resonate in a kind of haunting of their own. The underlying queer sensibility, the role of Booth as outsider and observer of life, the horrible, painful glimpses of his profoundly repressed emotional potential: these are what give the story depth and pathos. I hope we see more of him in the future. Could his sorrow ever relent? I wonder, and as always I have so many questions about his inner world that will linger long after I finish the book."
Abigail Pankau,1639,10,4,"April 19, 2024",short-fiction；supernatural,,"The manor house of Thirdhop Scarp is infamous after its last homeowner murdered his entire family there. Now its new owner, Marcus Oleander, is looking to resurrect an occult order there. Mr. Booth, the archivist at the Parrington Museum, is directed to go to Thirdhop Scarp to deter Miss Parrington from following Mr. Oleander. Mr. Booth arrives expecting to find the usual charlatans posing as clairvoyants, but he finds that there is something sinister lurking deep in the house and its past. Will he be able to stop the vengeful spirit before he becomes another victim there? A creepy little haunted house novella. It’s an interesting twist on the haunted house and fake séances. Only complaints are too many names to keep straight for such as short book, and the ending is a bit abrupt. But otherwise really enjoyed."
Jeff Frane,303,7,5,"November 6, 2023",,1,"I'm not any sort of expert on Gothic novels. Most that I've read have been fairly ancient and pretty rickety and awkward. Which is why I haven't read many. I picked this one up just because I love the writer's work and didn't know what I was in for. It's not creaky and the writing, as always, moves along quietly but without hesitation. As far as scary stories go, it's damn good. Creepy, bloody, spooky, all apply. Got ghosts and spirits but all the horrid bits, and there are many, stem from horrid humans. I may have wanted to slap the protagonist a few times and demand he sack up, but Monette lets us see that his fears are reasonable and based on a real sense of decency -- a characteristic of her protagonists. I wouldn't say this was fun, but it was engrossing."
Pat,,5,3,"April 9, 2024",ebooks；fantasy；horror,,"I've very much enjoyed the short stories & was pleased to see that a book had been published. Some geninely creepy bits, and the atmosphere seems realistic for the time. I was surprised, though, at how little I liked Kyle; perhaps he's the sort of character who works better in short pieces, or perhaps he's developed an edge of unlikeableness, or perhaps I'm just noticing how difficult to like he was all along. He's a little difficult, I think, to be the central character in a horror novel, because he's not the type to rush out into the ghost-saturated corridor or pursue the sound of rattling chains and midnight groans. Still, it was an entertaining read."
Eliza,194,3,4,"December 30, 2023",short-lit-read,,"3.5? A little slow at the start, but I expect that from this author. I love how Sarah Monette/Katherine Addison writes… very formalist and old fashioned, but with these tiny clues into her protagonist’s thoughts and emotions. I don’t know any other fiction author that writes this way. The climax was great but I’m a little baffled by the very end… I think I’m missing something. Actually I know I’m missing something, because I know Monette writes between the lines, and I’m not getting it! Frustrated!"
Chloe Hurst,2,,3,"January 13, 2024",,,"The story itself could have been so good if the main character didn’t say “er” EVERY time he spoke. It became incredibly distracting and irritating trying to get through the book. Sure, if this was a movie script it would have been totally fine and probably less noticeable. When written, it just becomes maddening and completely takes away from the story and adds no value to his character. Just when things start to get spooky and heated, the author adds in an “er” to his quotes - completely taking the reader out of the experience."
Ryofire,591,2,5,"August 19, 2023",fantasy；historical-fiction；horror,2,"It's so fun to be back in Booth's world, reading another quite long (for Booth) story about him! The set-up for this story is tropey and fun, and Booth's lack of a desire to be anywhere near it are so typical, poor man. The cast is also intriguing and enjoyable, and the mystery is quite good (as they always are with Monette). Monette is one of the few horror authors I can tolerate, since I don't care for horror, and while this skates close to my squicks, the writing is so good that it surmounts any issues there. Booth is wonderful as ever.Overall, this is an excellent addition to this story universe that goes well with all the other Booth stories, though you can very easily jump into this fresh if you wish (but I would highly recommend reading ""The Bone Key"" first). I hope to see more!"
LB,245,,5,"September 3, 2023",,,"I read The Bone Key years ago and fell in love with Kyle Murchison Booth and his paranormal misadventures. I love a shy, bumbling academic who is more powerful than he realizes but just wants to live a quiet life.I had no idea she had written a follow up. I came across an Instagram post of a bookstore display and was intrigued by the cover so I looked it up. You can imagine how excited I was when I realized that this book was the answer to years of yearning!The story is very creepy. I love an old house haunted by generations of tragedy. I also love when groups of spiritualists, paranormal experts, whatever you want to call them over the years, stumble upon something far more powerful than they could have dreamed. It's very much a ""be careful what you wish for"" situation. Of course I wish it were longer because I want to spend more time living in KMB's world, so I will continue to hope that she will bless us with more stories."
Nicole Luiken,,165,4,"December 19, 2023",ebook；horror；novella-anthology,,"I'd read The Bone Key (short story collection) years ago so was familiar with the character of Kyle Murchison Booth, awkward archivist who just wants to be left alone with his books. In general I like longer works, so I was happy to see that this was a novella. Very atmospheric novel about a fraudulent occultist and his followers doing seances in an extremely unhappy house with a bad history. As one might expect it goes badly..."
Laura,517,1,4,"December 31, 2023",a-tiny-bit-queer；four-stars；horror,,"Really enjoyable novella about seances going wrong in an extremely haunted house. I wasn't aware that this was part of a wider series, so I'll be pursuing the rest immediately. The writing style of this was especially a treat, though early on I found it hard to follow the house's chronology and all of the names; the further in and more established the history, the more the horror and mood can really build. A fun read for the end of the year."
Claire Cobb,480,,4,"September 22, 2023",,,"I did enjoy this one once it got into the eerie creepiness. It took me a while to get into it as the writing was like old and set in a different era, not sure which, maybe the 1900s? Anyway, once it picked up, I was gripped and couldn't turn the pages fast enough. For only being a short book, it's definitely worth the read. Especially as spooky season is nearly upon us."
John Rennie,486,9,5,"October 18, 2023",,,"The book is written in a deliberately old fashioned style, and this may put some readers off. I found it took a chapter or two to acclimatise myself to it. However using this rather dated style of writing allowed Monette to construct a wonderfully atmospheric and genuinely creepy story, so if you find it hard going at first I strongly recommend you stick with it!"
Mortisha Cassavetes,2344,58,4,"April 24, 2024",fantasy；ghosts-ghouls-goblins；horror-thrillers,,"When Mr. Booth is sent on a job to categorize a library of books, he finds the house is none other than Thirdhop Scarp. A house where a horrible murder had occurred. J. Cathcart murdered his whole family and was found holding his eldest daughter's heart! The house is haunted and Mr. Booth is afraid. No Spoilers as this is a short story but I highly recommend it! Great Read!"
blackbirds,151,1,5,"August 26, 2023",,,"If you're a fan of the Kyle Murchison Booth short stories, this is perfect! I enjoyed having a longer story with him and his misfortune of having to deal with the supernatural. Takes a bit to get going, but once it does it's a tense ride until the end!"
Sasha,44,4,5,"September 11, 2023",,,"Really scary, brilliantly writtenI love the Kyle Booth stories. This Novella is no exception. Sarah Monette knows how to bring the dread. By the end I was reading it with a purring kitten dozing in my lap and that was the only way I could stand reading about the doors opening.Highly recommend"
Sarah,902,22,3,"September 15, 2023",books-i-own；kindle,,"I am a huge fan of Katherine Addison, a different name for Sarah Monette. But I just couldn’t get into the plot of this. The only reason I kept reading was how short the book was"
Macha,998,6,,"October 22, 2023",,,"3 and a half stars. pretty good haunted house novella. i liked the fastidious archivist narrator. and i love Sarah Monette as a writer, but this was off her beaten track in fantasy (and mine), and therefore others may well give it a higher mark."
Stephanie,7,1,5,"November 29, 2023",,,A story that makes good use of dread. A good gothic horror novella that had me pretty thoroughly Spooked. I'm a fan of this author and would love to see more horror from her in the future.
Sharade,338,64,3,"August 15, 2023",,,3 -3.5 A spooky novella with a socially awkward archivist lead. Great for fans of haunted houses and séances that go wrong.
Cynthia Joy,307,12,4,"August 16, 2023",top-reads,,Recommended for fans of haunted house stories.
Rhiannon,29,11,5,"August 18, 2023",,,Sarah Monette always does the best ghost stories.
Rachael,2,,4,"October 2, 2023",,,darkly compelling. suspense is sustained throughout. an elegant and spooky read
Joyce Scrivner,24,,5,"October 5, 2023",,,Horrible and emotional and fascinating. Like Shirley Jackson and driven to death and destruction. Would make a great TV serial
Mikhail,,39,4,"October 18, 2023",,,"Basically just a long but somewhat typical Booth story. Not as good as the Venebretti Necklace or the Wall of Clouds stories, but an enjoyable read, and glad to see the series still kicking."
Freyavenlyo,244,6,4,"October 20, 2023",in-my-library；mystery-horror；novella,,Awesome victorian ghost story with my favorite introvert archivist Kyle Murchison Booth.
Eggp,1039,,4,"October 21, 2023",auth-f-v；haiku；xg-horror-weird-fiction,,Spy on charlatanspersuade without offendingsoothe enraged spirits.
Laura,138,,4,"November 12, 2023",,,3.5 stars rounded up.
Angela,486,3,4,"November 29, 2023",,,I love Kyle Murchison Booth. This book was not as great as The Bone Key but perhaps just the mood I was in.
Kate,567,76,5,"December 23, 2023",anthologies-shorts；books-i-own；fantasy,,I love Kyle Murchison Booth. I really hope we will see more of him in future. 5 stars. Quick and creepy.
Rose,692,,,"January 2, 2024",,,DNF - Sample Chapters
Munch,477,5,4,"January 11, 2024",,,3.5
Derick Parsons,,230,3,"January 15, 2024",,,"I enjoyed this, as I enjoy Booth, in spite of the slightly simplistic ending. I would like some more, actually."
Wiktoria,12,,4,"March 8, 2024",,,This was interesting and terrifying experience.
Fernanda,359,8,3,"March 17, 2024",2024,,"foi melhor que o livro anterior, a história até que foi interessante, mas pelo jeito eu não gosto do booth como protagonista (sempre tem o momento que eu quero socar ele)"
Chuck Leduc,34,10,5,"April 12, 2024",,,A proper haunted house tale.
lorin ✨,632,,4,"April 25, 2024",,,no but this scared the shit out of me
Katie,409,34,5,"November 21, 2023",fantasy；ghosts；gothic,,"In case the title leaves any room for doubt: This is a ghost story, and the theory in question has to do with why a haunted house is haunted. This made an excellent spooky read for Halloween: high on suspense and malice and unspecified threat, low on gore (though a number of traumatic deaths are referenced).Our protagonist is one Kyle Murchison Booth, whose previous adventures are collected in  The Bone Key (which you don’t need to read first, but you should read it sometime because the stories are good). He’s extremely smart, generally solitary and often a reluctant protagonist until his curiosity gets the better of him. He reminds me of people I know and love… if they knew too much about dark magic and other eldritch forces beyond our comprehension.Here, Mr. Booth would prefer to stay far away from Thirdhop Scarp, a mansion with a terrible history. Perhaps even more, he’d like to avoid the group of spiritualist dilettantes who are currently making it their hangout. But if he did, there wouldn’t be any story. And the people pressuring him to be there will not take no for an answer."
