Reviewer,Review Count,Followers,Rating,Date,Tags,Likes,Content
Grace,2975,168,5,"October 20, 2023",made-me-cry；mm-romance；queer-themes,5,"Wonderful conclusion to a thoroughly enjoyable series! I've loved just about everything this author has written (this will be my 17th five-star review for her books!) and this was no exception. A really fascinating universe this author has created, and I found this ending quite satisfying. The characters are compelling, the plot engaging, and the whole thing was just a lot of fun to read. I also cried, lol."
Dana Delamar,,466,5,"October 6, 2023",,3,"Loved this whole series, and this was the perfect ending. Very inventive sci-fi! I hope we get more books in the Tinkered world."
iam,1028,145,5,"October 8, 2023",gay；gays-in-space；lgbtqia,2,"I adore this series so much.It has such a weird concept - alien idols being gods in space - but it just .Phex is such a great character to experience this world through, and his pantheon and friends are a delight as well.Where book 1, , covers the recruiting and pantheon building competition process, and book 2, , the new pantheon's rise to fame and their first tour,  is about unearthing the divinity's secrets as it ends the tour and sets up the pantheon(s) for their futures.I liked that book 3 finally put a bit more light on the pantheon members who previously hadn't gotten so much attention, especially Kagee, but Jin and Fandina as well. Unfortunately, this came at the expense of Berill and Tyve, who take more of a backseat role.There's some unexpected turns, and while others were expected, it was still a guessing game until the end.I have to say I wasn't the biggest fan of some of the developments, even though they were well set up.I also found some details lacked the depth I wanted them to have, while I personally would have preferred much less focus on the romance. For example, song writing or the relation between the dyesi pantheon members and the others would have been two things I really wanted more depth on, but it was barely touched on throughout the book.Still, a wonderful read, slightly silly in places, but still touching and emotional."
Stina,125,18,4,"December 26, 2023",,2,"I really enjoyed this series. This is the 3rd book in a space-sci-fi. It’s all about found families, music, and exploring cultures. It really feels like a space K pop series in a delightful way. The 3rd book in this series slows down the world building and starts really building species/culture. We get the opportunity to see a few different species in a more intimate way, and question what makes them tick, while contemplating the choices they make. I think my favorite part of this is that we now are exploring the Dyesi as a pacifist species and what that means. How their culture reflects that, how it works within their culture. I love the complexities of how they also have different stages of life, and how they treat death. Ultimately this entire book gets really philosophical and explores what love is. What it means across cultures and how people connect. The main character, Phex, is in love with another man. And a secondary character is polyamorous. The Dyesi are at a stage in their lives where they are essentially nonbinary and use the pronoun “It” so as to separate themselves from sapien gender and sexuality. Overall the story in this one is a lot weaker than the last two books, but the world-building and species building is so delightful and philosophical that it really ups the rating"
Flitterkit,466,19,5,"January 7, 2024",,1,This one was beautiful in its own right and also closed the arc in a wonderful manner. Leaving options open but nothing uncomfortably unresolved. Definitely read them in order. Now I’m gonna start over and read it all from the beginning again!
Karl Schaeffer,703,4,4,"February 9, 2024",,1,Phex and Asterism get Missit. The divinity gets mobile domes. The universe gets peace. Ms Carriger brings this series to a satisfying conclusion.
Deborah,185,16,5,"October 28, 2023",2023；coming-of-age；lgbtq-plus,1,Gail is just one of my favorite authors. Her world building is amazing and she delivers on emotionally satisfying endings. Dome 6 brings Phex’ story to a beautiful and somehow sad ending. A lot of the divine secrets are revealed the reader eventually learns why the Dyesi try to bring godsong everywhere. The characters are still well fleshed out while introducing a few new ones who anchor the story but the roles they play in the narrative.
candlestaad,11,,4,"October 25, 2023",,1,"I have enjoyed the whole series! But, I can't help but disagree with the main theme of this book. The 'enlightenment' feels more like benevolent subjugation, and confuses peace with passivity.'Enlightenment' condemns all violence. However, I would argue that the act of choosing to violently fight for something important to you isn't bad, it's just that so often what we consider 'important'--ego, short-sighted self-interest, etc--is worth less than the cost of the conflict.Preventing violence addresses a symptom of conflict, but imposes on autonomy and fails to resolve the root-causes that led to the conflict being inflamed to the point of violence--and while the conflict is not resolved, you have only achieved passivity, not peace.Towards the end of the novel, the army of Atagay are rendered near-unable to fight for the sake of self-preservation. Do they sincerely value their attackers' lives and (self-destructive) culture over their own, or has the 'enlightenment' curtailed their autonomy and self-expression?* Worse, the Dyesi are knowingly and non-consenusally inflicting 'enlightenment' on other cultures to conform them to their ideology--even if done with good intentions, I can't help but find this immoral.I appreciated that Asterism discussed how they felt about the ethics of the Divinity and 'enlightenment' and their role in it, but felt dissatisfied that the consensus was that the short-term results justified the means. *If we apply the paradox of tolerance, where the tolerant must be intolerant of intolerance else they will cease to exist, isn't such a regime of passivism also doomed to failure?---I've now spent far long writing this than I intended, and feel pretty silly since my mini-essay was really just a niggly thought I had at the back of my mind on finishing the book (that I enjoyed!). Still, I hope this resonates with someone else. :)"
Lyn Cox,74,2,5,"November 18, 2023",,,"""Dome 6"" is the third and final book in the Tinkered Starsong series by Gail Carriger. There are other books in this universe, and there may be more books in this universe forthcoming, but the author has been very clear that this is the last one with this particular arc. The first two books in the series are ""Divinity 36"" and ""Demigod 12."" There is a Young Adult book called ""Crudrat"" in the Tinkered universe, and an adult queer romance called ""The 5th Gender"" in this universe, neither of which you really need to read before starting Tinkered Starsong, though ""Crudrat"" might help a bit. This series is space opera, almost literally. Cultural encounters and relationships between characters drive the plot. There are some engineering things that they are able to do in this universe that are important to the plot, but the author doesn't focus too much on explaining how the space ships work. I mention this because other series that mainly take place on space ships take the label of ""hard science fiction"" to sharp-edged extremes, and that's not the vibe I get from this series. What makes the Tinkered Starsong series more operatic is that it focuses on a religion that is built on singing and performance. Fans of the groups and the shows are called worshippers, and they can be true believers of their favorite performers, who are known as demigods or gods once they are selected for a touring company. And, of course, there are beings running the whole thing, setting up competitions to find out who will be the next group, and managing the information that gets disseminated about the gods and demigods. The main tension in ""Dome 6"" has to do with the romance between the main character, Phex, and one of the other characters. There are dangers and consequences to the relationship that impact the entire divinity project. One of the other character's in Phex's pantheon, Kagee, also gets a back story, romantic problems, and a chance to shine in this book. Queerness is involved in both situations, though that's not an issue in this universe. It's too bad there wasn't as much time for the other characters to make more choices in ways that moved the plot, but I think trying to fit that in would have detracted from the book. There is no cliff hanger at the end of the book. The characters are poised to go on to more adventures, but you get the sense they will be OK. I suppose fan fiction writers can take that as their cue. These are books that explore what people need as individuals and as cultures, and experiments with cultural change in some ways. I enjoyed the Tinkered Starsong series. I look forward to reading whatever Gail Carriger sends out into the world next."
Karissa,4063,206,5,"February 23, 2024",,,"Series Info/Source: This is the third book in the Tinkered Stars series. I bought this on ebook for my Kindle.Thoughts: This was a spectacular conclusion to this series. I absolutely loved the story and how everything tied up.Phex, Missit and their pantheons are invited to Kagee's home planet to perform in a brand new dome. Kagee is incredibly upset about this since his home world is better known for war than anything else. Meanwhile Phex and Missit are still trying to hide their relationship from the Dyesi pantheon and Missit's pantheon is falling apart.This book was much better than the second book in the series and may even be better than the first book in this series (which I absolutely loved!). I loved learning more about the Dyesi and their culture. I also loved getting to journey to Kagee's home world and learn more about Kagee as well. The story in this book is so well done. In addition to journeying to new worlds, we start to gain a better understanding about how godhood works and what it is actually doing to the followers of these pantheons.Then of course there is the relationship between Phex and Missit and how it affects their pantheons. I felt like Phex and MIssit as a couple had better balance in this book than they did in the second book and I enjoyed the scenes between them.This book practically reads itself, I could not put it down. It was fun, intriguing and, at times, incredibly heart-wrenching. My Summary (5/5): Overall this whole series was such a creative concept that is fascinating and well done. This book was the cherry on the sundae. The characters throughout are complex and intriguing. I enjoyed the world (universe?) building here and really loved how all the elements came together to form a story that was well-balanced, well paced, and completely engrossing. I am planning to pick up ""Crudrat"" and ""The 5th Gender"" to read as well, I cannot get enough of this world and hope to see more books set in it."
Reflections of a Swede,381,26,5,"September 29, 2023",arcs-freebies；delightful；mm,,"Also, for each book, Carriger has added another layer to the story, creating these unpredictable twists that just make you want more. - despite the lack of proverbial spice  - which is an achievement let me tell you!"
Dsq,51,,5,"February 3, 2024",,,"This book - in fact the whole Tinkered Starsong series (currently a trilogy, not counting Crudrat and 5th Gender) - is amazing. I’m putting the same review in books 2 and 3, just in case someone stumbles on them out of order. (They do need to be read in order.)I’m not going to try to describe the plot or explain the characters. Just know that the Tinkered Stars universe is a wonderful place so spend time. Like real life, it’s not always happy. But there’s also a remarkable lack of manufactured drama. The final book, Dome 6, includes this note from Gail Carriger: “If you would like more Tinkered Stars or have a favorite character you want to see more of, please say so in a review or tell a friend.”YES PLEASE! I would love more. Any characters or completely new ones. Maybe something built around Phex’s old cafe, its customers or his boss. Or Quasilun, did they have some adventures in their earlier years? But really, I’d be happy to read about anyone and anyplace in that universe. Thank you Ms. Carriger for the opportunity to spend time in this universe."
Joyfully Jay,8042,465,4,"October 2, 2023",elizabeth,,"This is the third and final book in the Tinkered Starsong series and — like the first — focuses heavily on world building, both with the planet of Agatay, the building of a dome and Kagee’s reunion with his people, and the Dyesi themselves, as Phex and Missit make a journey to Dyesi prime. Phex and Missit are still trying (though not too hard) to hide their growing romance from the Dyesi acolytes who insist that there be no sexual contact between members of the pantheons. They demand their gods be celibate, and I found that explanation to be very well done. In fact, I have loved the Dyesi from the first book, and am pleased that there is more of their rich culture shown in this book."
Imogene,850,27,5,"September 28, 2023",adora-belle；aliens；comfort-read,,"My mother, who is reading book one at this very moment, looked up at me sniffling happily over the final chapter and wiping tears off my iPad and asked: “do I really want to read this?”My answer….YESSSSSS! I’ve loved Gail Carriger for a decade for her humour, her whimsy, her open-heartedness, her cleverness, and the generous way that she lets her characters be who they are. I fell astonishingly in love with book one of this series (which I have now read three times in three months), adored book two despite it going a little overboard with the protagonists narration of how much in love he was with his guy (read two times), but this final book is just beautiful. If only humanity had the same capacity as the Dyesi to have a word that means love and beauty at the same time because that is how I would describe this book"
zjakkelien,677,20,5,"October 22, 2023",,,"I loved the book. Nice ending to the story. I have to say, I'm not convinced of the morals of the story. It's phrased in a way that makes it sound acceptable, but I think the Divinity is deeply immoral, and the protagonists make a show of discussing the moral implications of what they do, but I think it is somewhat perfunctory. None of them seem to be losing any sleep over it. And I still don't really like Missit. The book does a good job in explaining his background, but if he really believed at some point that Phex doesn't like him, he had no business asking him to sleep with him. I still really enjoyed the book, though, even if I didn't agree with everything. The world building is great, and I love Phex's group."
Claudia Doppioslash,35,3,5,"January 15, 2024",,,"Now that we are at the end of this trilogy, I can see how every different aspect of these books works together thematically, to bring us to a philosophical and poetic conclusion.This trilogy is much deeper than the ""K-pop in space"" tagline might have led you to believe, it's remarkably original.Gail Carriger's dialogue shines as usual, every character is distinct, and the banter is funny, even when everything is going badly.I only missed one thing, what could have been the biggest action scene of the book was liquidated very briefly. It was like, yep they succeded in doing this very challenging thing, two pages and gone. I like the Tinkered Stars universe, I read Crudrat too a while back. I hope there will be more books in it, it's got a lot of potential."
Kelsey,162,258,4,"March 10, 2024",2023-releases,,"Update: final rating 4 starsI'm not committing to my star rating for this just yet. After the first two books were no-brainer 5-stars, I had more complicated thoughts and feelings about this one. There were absolutely 5-star moments in this for me, but it's also angstier, sadder, and thematically heavier than the first two books without as much comic relief. Don't get me wrong, it's still a (mostly) happy ending for the series, but along the way there's heartbreak, death, war, and Missit's parents, all of which are pretty bummer terrible in their own ways. Most of those 5-star moments were ""oh-no-I'm-going-to-cry"" moments, so I won't be going back to obsessively re-read scenes like I did with the first two. And while I think the questions of the divinity's morality that are explicitly discussed are in fact meant to leave us feeling conflicted about it, they also made the (mostly) happy ending to feel a little too hollow for me. I couldn't quite triumph in the characters' successes knowing the cost."
Tag Gregory,,32,5,"November 16, 2023",,,"I am enlightened! As a follower of Phex and Asterism, I always knew they would rise through the ranks like the stars they are. No wonder they have gained so many worshipers so quickly. And, just between you and me, I’ve shipped Phex & Missit (or should we give them a proper ship name and call them Phexsit?) from the very beginning, no matter what some of the other followers on the divinity forums have been saying. So, was I surprised to hear that my gods managed to save an entire planet from civil war just by singing & dancing & sifting their little hearts out? Not me. I’m a true believer. Major goddom, here comes Phex! And his adorable liquid gold, hottie boyfriend, Missit, too!"
Hazel,10,,5,"October 6, 2023",,,"I persevered with this series because I love Gail's work and it was worth it for the humour and the characters and the world, even if the plot would not normally hold my interest. This though, the grand finale, the conclusion, in it's insane yet brilliant glory is worthy of 5 stars. I am glad I persevered, it was worth it. Do give it a go? If it's not your cups of tea, the delightful Gail Carriger writes many other humorous stories ranging from young adult to very adult (the very adult ones published under G A Carriger to avoid confusion...)"
Charlie,15,,5,"October 2, 2023",,,"If you loved Good Omens Season 2 or Our Flag Means Death, you'll love this series. This is a beautiful end to a series that got me through this Summer. The author brings in echoes of Anne McCaffery's Crystal Singer trilogy, Stranger in a Strange Land by Heinlein, and Ursula K. LeGuin, and yet the books never feel pretentious or too adult for most teen readers. A weapon of beauty, indeed... ;-)"
Annie,1470,34,5,"October 16, 2023",,,"Gail Carriger is so wonderful to her fans. If you preorderd from her, she actually sent digital copy to you 6 days before publication. (Dome 6 - 6 Days Early; so clever)Started reading was immediately drawn in, and then life intruded. When I finally had chance to get back to it, couldn't put it down. Great ending to Trilogy!Can't wait to reread when audiobooks come out. It's a series that I will definitely pickup even more on 2nd reading."
Mitchell Friedman,4990,202,4,"November 19, 2023",ebook；fiction；library,,"Uneven but sweet. It had a good trajectory. It did kind of drag at times early on. But it pulled out a good strong believable ending. And there were lots of big strings tied up along with some definite world-building. Something was definitely missing from this series, some depth, of the world in general, of the characters in particular. And our main pov character was comparatively flat and obvious and broken, at least from inside his own head. But this worked well enough."
Toivo,120,,3,"January 1, 2024",,,"Dome 6 picks of where Demigod 12 left off, and finishes the story arc of the trilogy. There are more revelations about the Divinity and world building, more emotional growth in Phex, and more of the same cozy, teen-angsty contemplative prose focusing on the inner emotional life of our protagonist.The series is a bit light on world building and plot, and very heavy on the aforementioned contemplation, but if you don't mind it then it's some good comfort reading."
Emily VA,856,6,5,"January 29, 2024",,,"A fitting conclusion to the series. A few different iterations on what home means, and what it means to go there. And a few different iterations on what love and family mean. And some interesting digging into the divinity and its impact on the universe.  4.5 stars out of 5, rounded up."
Mollie,474,8,5,"September 28, 2023",lgbqt；science-fiction；sexy-time,,I am a huge fan of Gail Carriger and being able to go through this journey with her was amazing. A take on K-pop and aliens and love in the face of adversity is absolutely lovely. Each character evolved into who they should be and the universe expands. Read all three of the books in these series and you will not be disappointed.
Alexandra,,5,4,"October 5, 2023",,,"There was a part of this story I was dreading. But I should have trusted the author, should have known she would find the perfect solution for this. And how I enjoyed this last book! Tears and laughter and shouts and sighs, a whirlwind of emotions and such a wonderful ending!I would love to read more about... all of them. And I can recommend this trilogy from the very depths of my heart!"
Amanda,1121,23,5,"October 12, 2023",,,Loved this series so much! Thank you again Miss Gail for your incredible imagination and mad story telling skills. This was the perfect conclusion with all the varying threads coming together in one beautiful tapestry. I will definitely be getting the audio versions as well when they are released.
Rebecca,11,1,5,"October 16, 2023",,,"Without giving anything away, this 3rd book pulled together all of the threads, explaining and expanding. What first appeared to be a short, delightfully devour-able series, evolved into an unexpected, gentle exploration of themes such as the nature of family, love and free-will. So satisfying! Thank you Gail for doling it out so quickly!"
Lokien,340,2,4,"November 14, 2023",,,It's amazing how many ways love and beauty can be bent to fit who needs it. Also an extremely interesting concept of free will vs. A sort of mass hypnosis \brain washing. I wonder what the Kilkie coalition think of all this. I hope the eventual next crud rat books might explore that a bit. Such a good wrap up. Thanks Gail for the quick release of this trilogy.
Sean Murphy,10,,5,"November 16, 2023",,,"Gail does it again! Every book I’ve ever read of hers , and that’s all of them, is a beautiful story unique in its vision and execution. Characters who start out unexplainabley unusual end up as the friends you wish you had. I can’t recommend this book series or author enough . If you like fantasy and have an open mind you gotta try Gail!"
Anjali,1731,14,4,"November 17, 2023",,,"I'm glad I stuck with this trilogy after not loving book 2, as this final book does a great job wrapping up all the loose threads and also explaining the Dyesi and revealing the purpose of their divinity. Carriger sticks the landing, giving the reader a very satisfying conclusion to Phex and Missit's ill-fated romance and the fate of Asterism. Lovely, feel-good science fiction."
Birgitta,229,3,5,"January 9, 2024",,,I'm so sad this series is over! I have really loved this world and the characters Gail Carriger created. This will definitely be on my re-reading list for this year. The alien species are creative and the premise intrigued me from the very beginning - no spoilers! You have to read them all!I highly recommend this to readers of sci fi and LGBTQIA+ fiction.
Holley,15,,5,"January 13, 2024",,,"The best book of the trilogy, which is quite an achievement! Every character had so much growth. The universe Gail Carriger has built is fascinating. I definitely want to learn more about the Sapiens and how the different groups branched out from the original people. I hope she writes some prequels for each group!"
Peggy,42,,5,"October 1, 2023",,,"What a wonderful conclusion to this trilogy! Phex and his pantheon grow, together and separately; questions about the Dyesi are resolved; and provocative views of free will, self determination, and the overlap of religion and entertainment are explored."
Jan Tucker,63,,5,"October 2, 2023",,,"This was a satisfying ending to a trilogy, revelations and explanations aplenty with happy character development and nicely tied up storylines. I'm sad that I've finished this, but looking forward to Gail carrigers next book already, as they never disappoint."
Rebecca,141,,5,"October 2, 2023",,,"My only complaint about this book, and this series is that it is over. I need more time under the domes and with the families that make the colors shine. These characters will stay with me, and there will be rereads in my future!"
Maria Sakovich,11,,5,"October 4, 2023",,,"This book, and the entire trilogy, are unputdownable! The style of writing and the characters are amazing and entire relatable. This was so very enjoyable. Love Ms Gail and the wonderful world she created here! Highly recommend!!"
Penelope Taylor,6,,5,"October 30, 2023",,,"What an astoundingly good ending for such a delightful trilogy. I enjoy every single page of this book. I'm sad to be at the end, but the characters will stick with me until I joyfully re-read the entire trilogy again."
Jeanette C,2,,5,"November 25, 2023",,,"Beautiful end to the trilogy. If you love music, found family, non-traditional relationships, and happy endings, this story is for you. A hopeful and positive spin on the whole K-pop machine in a space opera setting. Love it!"
C.A. Craven,,27,4,"December 12, 2023",,,"Loved it! When this came out it went right to the top of my TBR pile, because I just had to know the rest of Phex's story. The whole series is fantastic - the worldbuilding, the characters, everything."
Ogre,195,3,4,"December 22, 2023",,,"Fluffy as hecc, and yet...satisfying. No twists really, though some of the revelations about Divinity and Godsong are somewhat unexpected. But characters develop well, and so long as you didn't expect deep from cozy, this is a very fulfilling end to the series."
Desiree,939,40,4,"February 10, 2024",2024；romance；science-fiction,,"It ended as it had to, I liked some touches more than others, good compromise to make sure all those involved were mostly happy. I'm not sure I'm going to read the new book in the same setting, I'll look into it when more news come out, but it's not an automatic buy"
Ilana,59,2,5,"February 19, 2024",,,Such a wild ride of a book. One of only a few books to make me cry and the only reason I did not feel despondent was because I knew Gail Carriger would not let me down. I'm only sad it is over. I could not put the book down and read it in about 24 hours. Such a great book and heartwarming ending.
Jennybeast,3702,14,5,"April 17, 2024",lgbtq；romance；science-fiction,,I love how I can count on Carriger for weird and delicious feel-good books -- this is no exception. Loved the conclusion to Phex's story (for now). I like how it unfolded and I love the ongoing found family pantheon theme. Just really satisfying.
Zandra,134,,5,"September 27, 2023",happy-endings-when-you-need-one；heroine-s-journey；music,,This is exactly the right ending for the trilogy. The final chapter is perfection.
Jason Kivela,348,3,5,"September 28, 2023",,,"Lovely third book in the series, fast paced, great character and world development. Hope to see more from this universe!"
Kimberly Wick,26,,4,"October 2, 2023",,,exceptional finish to this trilogy. sweet and fun story while still providing a gripping plot and fully realized characters.
Charlotte Frank,322,31,5,"October 3, 2023",aliens；romance；science-fiction,,4.5 stars . Loved loved loved. A great note to end the series on.
Anita,4,,5,"October 5, 2023",,,"This book was such an adventure. It didn’t take me where I thought it would go, but in the end it was amazing. I highly recommend the finale and, of course, the series as a whole."
Ky Webber,30,3,5,"October 5, 2023",,,I didn’t expect the ending and I really enjoyed it - crossing my fingers for more adventures in this universe!
Sarah,2110,6,5,"October 8, 2023",science-fiction,,Even better than the first two. If you liked them you’ll like this. If you haven’t read them then don’t start here. Go read Divinity 36
Pamela Moulder,3,1,5,"October 9, 2023",,,A beautiful trilogy of alien worlds and a divinity one can get behind 🥰A complicated world of gods and demigods who just want to be loved and find understanding.
Todd Morris,65,9,,"October 12, 2023",,,"Only Kindle edition is listed, but I read the epub version purchased directly from the author."
Donna,2633,32,4,"October 22, 2023",read-in-2023；science-fiction,,3.5 stars. Good ending to an interesting series but I never could connect with Missat. His character diminished the series for me a bit. Loved Phex and the other members of Asterism though.
Shay,751,18,,"October 25, 2023",,,
Amanda Summers,87,3,5,"November 10, 2023",,,"Lovely light hearted conclusion to a deep series that looks at that dark side of celebrity, the corrosive impacts of celebrity culture, and free will."
gail and bob,3,,5,"November 14, 2023",,,"As always, Ms Gail... I am now eagerly awaiting and wondering about your next universe. Thank you so much for this one."
Matt,542,4,5,"November 21, 2023",,,Wraps the series up with good growth for everyone and closure for most
Laurie Elliott,50,3,5,"November 22, 2023",,,"Fascinated by what might happen on his planet, love his personality, need more, please! Enjoy all of Gail’s books! Earl grey please ; )"
Elizabeth Gee,171,5,5,"November 29, 2023",,,IMHO best book of the series. I loved the trip to the caves.
Lisa,463,4,4,"January 1, 2024",,,Final book in the Tinkered Stars Trilogy. Excellent series that shows off Ms Carriger’s brilliant & versatile imagination.
Emily,824,8,4,"January 7, 2024",,,"Still not quite sure what is going on. Though less so this time. I don't think the big surprise was really much of a surprise, but the ending was decent. Bitter and happy both."
Fiona Maley,16,,5,"January 15, 2024",,,"Closed the trilogy - seemed a little confused at times, but a mostly satisfying ending."
Courtney K,1707,24,5,"January 16, 2024",,,"I didn't see the twist in the mystery of the divinity coming! The themes in this were so textured and so well done. This was my favorite of the series, great ending."
Bethany,509,,5,"February 15, 2024",,,"4.5* A thoughtful, emotional, and beautiful end to this cozy sci-fi series. I devoured all three."
Werner Leistner,11,,5,"February 29, 2024",lgbt；romance；science-fiction,,I totally enjoyed the last part of the 'Tinkered Starsong' trilogy.
Stephanie Jackson,642,1,5,"April 23, 2024",queer-characters,,"I was a little worried about the Big Secret but in the end, it was a secret being clearly told throughout the series."
Yvonne,1154,,5,"October 5, 2023",,,"Not an easy read, at times it’s overwrought and not a little fraught; but a compelling and extremely good one. At its heart this is about a moral quandary, is a significant reduction in violence worth a loss of autonomy; thought provoking stuff."
Michele,125,2,5,"February 12, 2024",popsugar-2024,,"Not my normal genre, but I loved this series. The characters and story were fun and even when I knew sad things were coming I still cried."
Liesl Andrico,328,2,4,"March 7, 2024",,,"This series of three books - Divinity 36, Deimgod 12, and Dome 6, is one of the best series of books I have read in years. Set in a fictional world where there are multiple alien races on many planets, we follow the rise of artists who combine singing, dance, sound, and visuals to create moving and life-changing performances. The characters grow as individuals, friends, family, and romantic partners. This book made me laugh in places and cry in others. It brought to mind two of my most favorite books of all time, ""The Night Circus"", and ""the Sparrow"". I recommend this series."
Robyn,264,5,3,"January 1, 2024",2023；kids,,Solid YA.
Pienemesis,136,1,4,"December 7, 2023",,,"A very satisfying conclusion to this fantastic trilogy. I love Phex and Missit and their K-Pop like groupmates. This wraps up the mystery of the purpose of why the aliens created the divine singing gods. Definitely start at the beginning, but you really can’t go wrong with this series. It would be a great gift for a boy band obsessed teen."
