Row,Tags,Tag_Count
0,arc,1
3,arc-s-netgalley-and-edelweiss；fantastico-fantastics-scifilicious；lgbtq,3
4,disability-rep-loss-of-limb；queer-af；queer-rep-demi,3
7,past-arcs,1
9,indie-authors,1
10,3-star-reads；fantasy-gays；heckin-dragons,3
12,2023-releases；cover-love；dragons,3
17,2023-release；c-dragons；cx,3
18,arcs-from-publishers；fantasy,2
20,dragons；ea；easy-read,3
21,arcs；entangled-reads；owned,3
27,arcs；fantasy-paranormal；lgbtq,3
33,2023；e-book；lgbt,3
47,enthralling；fantasy；fast-paced,3
48,got-from-the-library；lgbt-and-similar,2
52,arc；netgalley,2
54,2023-books；advanced-reader；lgbtqia,3
56,2023,1
57,2023；adventure；dragon,3
59,fantasy；netgalley；young-adult,3
60,netgalley-arc,1
65,14-24,1
66,2023；arc；dragon,3
