Row,Tags,Tag_Count
2,dnf-d,1
3,fantasy,1
4,netgalley-2023,1
6,adult；arcs；books-i-own,3
8,sapphic-speculative,1
11,arcs,1
12,netgalley,1
14,2024；netgalley；reviewed,3
15,netgalley,1
19,fantasy；politics；queer,3
20,favorites,1
22,arcs；netgalley,2
25,audiobook；fiction；queer,3
27,netgalley,1
30,arcs；lgbtqiap-rep,2
39,books-i-own,1
40,arc-reviews；dnf,2
43,arcs,1
44,arc；e-book-reads,2
48,my-bookshelf；signed-copies,2
49,2023-challenge-books；fantasy；netgalley-arcs,3
50,5-star-reads；arcs；favorites,3
52,collection-arc-2023；collection-goldsboro-gsff；collection-locked-library,3
58,arc-reviews-netgalley,1
59,arc-reviews-netgalley,1
61,fiction；goldsboro；netgalley,3
62,netgalley-arcs,1
63,fantasy,1
64,arcs；lgbtq,2
67,fantasy,1
69,fantasy-epic；female-author；wlw,3
72,read-in-2023,1
75,netgalley,1
76,arcs；read-2023；tbr-november-2023,3
86,sapphic-mc,1
91,netgalley,1
95,adult-fiction；did-not-connect；fantasy,3
106,arc-books-from-netgalley,1
114,hc-reads,1
116,netgalley,1
117,2023-arcs；netgalley,2
119,fantasty,1
120,giveaway,1
121,2023；fantasy；lgbt,3
125,netgalley-books,1
127,books-to-reread；dark-angst；high-praise,3
128,arc,1
135,netgalley,1
139,netgalley,1
141,netgallery,1
145,2023；arc；fantasy,3
149,netgalley,1
154,2023；fantasy；lgbtq-read,3
156,goldsboro,1
161,2024-release；netgalley；read-2024,3
175,arc；queer,2
177,2024,1
179,2024-tbr；b-feb-24-tbr,2
181,winter-reads,1
184,x-read-2024-04,1
186,goldsboro,1
190,2023-releases；owned-books；series-for-jessie-when-completed,3
191,fantasy；romance,2
195,fantasy,1
196,fantasy；netgalley；romance,3
199,arcs,1
