Row,Tags,Tag_Count
0,arcs-and-review-copies；self-published-and-indie,2
2,2022-favourites；fantasy,2
10,fantasy；favorites,2
12,beautiful-cover；dnf-skim-finish；kindle-unlimited,3
14,2023-releases；indie-and-selfpub,2
15,2023；indie,2
18,fantasy,1
19,fantasy,1
22,fantasy；high-fantasy；self-published-properly,3
23,atmospheric；fantasy,2
26,fantasy,1
28,2024-reads；action-thriller-adventure；books-you-should-really-check-out,3
29,fantasy；fiction-literary,2
32,fav-self-published；read-on-kindle-unlimited,2
45,2023,1
48,indie；kindle-unlimited,2
49,classics；fantasy,2
54,books-in-english；fantasy,2
60,fantasy,1
63,epic-fantasy；fantasy；magic,3
78,fantasy,1
82,2023；f-fantasy,2
84,for-my-father；priority,2
93,fantasy；self-pub,2
94,fantasy,1
100,fantasy,1
101,2023-reading-challenge,1
110,fantasy,1
128,2023；fiction；recommended,3
130,orillium,1
133,adventure；fantasy；favorites,3
141,fantasy；r-fantasy-bingo,2
142,favorites；orilium-academy-autumn-equinox-2023,2
144,fantasy；war,2
145,fantasy；series；start-series,3
146,no,1
148,fantasy；high-fantasy；would-recommend,3
150,fantasy,1
153,magic-user；series；sff-books,3
157,gwynne-bros-told-me-to；kindle-own；next,3
158,fantasy,1
166,fantasy,1
168,favorites,1
181,fantasy,1
