Row,Tags,Tag_Count
4,arc-reviews,1
5,4-star-reads；arc；books-i-own,3
7,2023-reads；4-5-stars；books-of-my-heart,3
9,audiobooks；fantasy；giveaways-and-arcs,3
10,read-2023；ya-fantasy,2
11,2023；fantasy；physical-arcs,3
12,2024；audiobook；fantasy,3
13,arc；ya-paranormal,2
14,reviews,1
15,fantasy；ya,2
16,arcs；netgalley,2
18,books-i-reviewed,1
20,fantasy；netgalley,2
21,fantasy；young-adult,2
23,2023-releases；arcs-netgalley；fantasy,3
24,so-much-drama-i-love-it；watered-my-crops,2
26,2023,1
28,4-stars；sequels-to-buy,2
29,ya-fantasy,1
32,2023-reads；2023-top-8；5-star-favorites,3
33,netgalley,1
34,audiobook；physical-copy；special-edition,3
35,macmillan-audio-arcs,1
38,arcs；ya-urban-fantasy,2
39,arc；dark-and-tempting；witches,3
42,arcs-and-galleys；fantasy；review-copy,3
43,booktok-made-me-do-it；gothic-stories；small-town-horror,3
48,netgalley；ya-fantasy,2
50,fantasy；magic,2
55,really-excited-for,1
61,illumicrate；owned,2
63,english,1
64,would-read-again,1
65,2023-releases；2024-reads；audiobooks,3
69,fantasy,1
72,illumicrate,1
73,giveaways,1
75,dnf,1
79,saw-it-on-netgalley；scribd-audio-read,2
81,fantasy；freaky-supernatural-adventures；thrillers,3
82,favorites,1
83,audiobook-via-netgalley；fantasy；folk-horror,3
86,read-in-2023,1
87,books-i-own,1
89,past-arcs,1
92,giveaways,1
97,2023；low-fantasy,2
106,2023-arcs；ya-fantasy,2
107,audiobooks；bex-buddy-reads；netgalley-arcs,3
110,2023-release；arc-netgalley,2
112,2023-least-favourite；duology；low-fantasy,3
115,2024-reads,1
119,reviewed-2023,1
124,netgalleyarc,1
125,ebook；fantasy；owned,3
126,have-audio；have-physical,2
131,readin23,1
132,books-i-own；favorites；my-special-editions,3
135,2023；audios；h-h-magic,3
136,audio,1
138,alt-history；dark；fiction,3
139,own,1
141,2023-favorites；2023-read；2023-release,3
143,2023；eng；might-need-a-reread,3
144,can-t-wait-for-2023；fantasy；paranormal,3
148,book-shelf,1
150,bought,1
155,2024,1
163,netgalley,1
171,5-stars；fave-fantasies；top-tier-favorites,3
172,netgalley,1
178,want-to-read-sequels,1
189,other-reviews,1
191,audiobooks；fantasy；netgalley-arc,3
192,2023-popsugar-reading-challenge,1
193,contemporary；fantasy；young-adult,3
196,2023-reads；e-books；magical-realism,3
198,borrowed-from-library,1
203,arcs；my-bookshelf；read-2023,3
205,2023-reads,1
207,2023；arcs,2
209,2023-reads；fantasy；young-adult,3
212,fantasy-contemporary-and-urban,1
215,book；contemporary；read-2023,3
216,most-wanted；need-to-finish-series；netgalley,3
217,edelweiss；fantasy；ya,3
219,1-star；2023-releases；age-young-adult,3
220,romance-paranormal；trope-friends-to-lovers；ya-fantasy,3
223,audiobook；met-author；netgalley,3
226,netgalley-reads,1
227,favorite-books；netgalley,2
228,audiobook；favorite-series；morally-grey-character,3
231,2023,1
236,2023-anticipated,1
237,netgalley,1
246,2023books,1
254,owned；ya-fantasy,2
256,arcs；owned,2
258,own；special-edition,2
261,books-i-own；continuation；dark-woods,3
264,ya-fantasy,1
277,audiobook；fiction,2
279,favorites；urban-fantasy,2
283,ya-fantasy,1
284,arc-netgalley,1
285,dnf,1
287,audio-book；netgalley-x；xx,3
294,arcs-edelweiss-netgalley；audio；young-adult,3
296,2023-releases；high-priority-buys,2
297,2023-books,1
298,netgalley-2023,1
