Row,Tags,Tag_Count
1,beauty-and-the-beast-theme；fantasy；have-reviewed,3
2,arcs-read,1
5,arcs；the-aesthetic；the-writing,3
6,arc；on-kindle,2
9,2022-reads；arc-read；dark,3
10,arc-team-reviews；different,2
11,netgalley；netgalley-2023；read-2023,3
17,2022-reads,1
20,january-2024,1
22,adventure；ballet；fairytale-retellings,3
23,netgalley,1
24,digital-arc,1
25,all-time-faves,1
26,arcs-and-galleys；fantasy；historical-fiction,3
27,arc-s-netgalley-and-edelweiss；fantastico-fantastics-scifilicious,2
28,giveaways,1
36,fairytale-retellings,1
38,2023；arc；fantasy,3
42,netgalley-arcs；womens-fiction,2
43,forever-favorites,1
44,2022-read；arc-2022；review-copy,3
48,arc；beauty-and-the-beast；cover-love,3
49,5-stars；ballet-theater；fairy-tales,3
53,2022；fantasy；netgalley,3
55,e-books-that-i-own；netgalley-reads,2
58,2023-read,1
59,2022-reads；2023-anticipated-releases；2023-reads,3
60,my-library,1
62,favorites,1
69,giveaways-arcs,1
70,arc；fantasy,2
71,arcs,1
72,fantasy；immortal-love-interest；netgalley-arcs,3
75,first-reads,1
78,netgalley,1
82,netgalley,1
87,2022；arc,2
92,dnf-x1f62c,1
93,netgalley,1
99,books-i-own,1
101,books-with-ships-that-destroyed-me,1
116,5-star；read-2022-no-rereads,2
117,arc,1
118,books-i-own,1
120,2023；2023-ng-group-challenge；2023netgalleychallenge,3
121,hugo-reading-2024；read-in-2023,2
122,adult；fantasy；folklore,3
127,2022-reads；arcs；best-fantasy,3
131,arc；historical；urban-fantasy,3
135,beautiful-writing；fantasy；fiction,3
138,arcs；fantasy；historical-fiction,3
139,winter,1
144,audiobooks；fantasy；review-copy,3
145,netgalley；reviewed,2
147,audiobooks；fantasy；historical-fiction,3
160,finished-arcs,1
171,fairy-tales-and-classics-retold；historical-fiction；mg-ya-historical,3
177,2023-reads；library-books-read,2
180,2023-read；audiobook；netgalley,3
199,arcs-read,1
209,fantasy-adult,1
210,2023；2023-releases；fantasy,3
211,netgalley,1
213,2022；3-stars；arc-copy,3
217,read-2023,1
218,arc-reviews,1
220,young-adult,1
221,2023,1
222,fantasy；historical-fiction；netgalley,3
225,books-i-own,1
227,on-my-phsycial-tbr；own-at-home；read-2023,3
230,2023-releases；3-and-a-half-stars；arc,3
231,audiobooks,1
232,arcs,1
236,reviews,1
240,arc,1
241,historical-fiction；netgalley；read-2023,3
246,adult,1
249,adult-fiction；fantasy；historical-fiction,3
259,fantasy；fiction；has-a-love-story,3
262,2022-2023-tbr,1
263,dnf-reads；magic-systems；ya-fantasy,3
270,fantasyish-sci-fi；historical-fiction；kidsyoungadultread,3
271,e-arc；kindle；net-galley,3
274,fantasy；netgalley,2
276,2023-reads；fantasy；historical-fiction,3
278,arc,1
279,fantasy；netgalley,2
285,dance；fantasy,2
287,arc-reviews,1
295,2-star；2023-read；fantasy,3
297,arcs,1
299,fantasy；historical-fiction,2
