Row,Tags,Tag_Count
0,bury-me-with-them；danmei；grumpy-x-sunshine,3
1,fav-books-and-series-ever；favourite-character-ever；favourite-couples-ever,3
3,asian-authors；danmei-baihe；mxtx,3
4,ancient-world-other；ebook；fiction,3
5,fantasy,1
10,5-stars；established-relationship；historical-fantasy,3
11,4-stars；borrowed-then-bought；fantasy,3
13,danmei,1
14,baihe-danmei,1
15,21st-century；chinese-lit；fantasy,3
16,2024,1
19,asian-lit；danmei,2
21,chinese-lit；danmei；read-in-2023,3
23,finished-bl-novels,1
25,books；buddy-reads；favorites,3
27,danmei；favorites；physical-copy,3
28,5-star-reads；danmei；favourites,3
29,queer；read-in-2023,2
31,novel-owned,1
33,danmei；e-books；high-fantasy,3
34,made-me-cry,1
39,5-stars；danmei,2
40,2023；fantasy；m-m,3
41,favorites,1
42,asian-novels；comfort-literature；fantasy-types,3
43,gay-shit-fantasy-inclusive,1
46,changed-my-life；danmei；favorites,3
47,4-star；acquired-bought-new；chinese-novels,3
48,dark；enemies-to-lovers；fantasy,3
50,fantasy；lbgtq；manhua-and-danmei,3
51,2023,1
52,bl-yaoi；funny；great-fantasy,3
54,chinese-japanese-stuff,1
55,loved-it-would-reco-for-sure,1
62,adult-fiction；danmei；fantasy,3
64,chinese；fantasy；favourites,3
71,read-in-2023,1
73,danmei,1
77,danmei,1
78,2023,1
80,gay-bi-lesbian-ace,1
81,chinese-lit；favourites,2
83,favorites,1
84,2023-readings,1
85,favourites；physical-copies,2
87,2023；danmei；favorite-couples,3
89,books-in-my-shelves；historical-fantasy；lgbtq,3
92,de-beste-en-mooiste-boeken；tbr-2023,2
99,owned,1
100,favorites；lgbtqia-reads,2
101,read-in-2022,1
102,2023-read,1
104,2023-books；fantasy；laugh-out-loud,3
110,lgbtqia-books,1
113,read-2023；read-adult；read-fantasies,3
114,danmei；series,2
118,sci-fi-and-fantasy,1
121,on-my-bookshelf,1
122,feat-xianxia-and-wuxia；focus-lgbtq-main-romance；genre-fantasy-historical,3
127,books-i-own；books-with-lgbt-characters,2
128,2023；400-600-pages；5-stars,3
133,2023；me-hizo-llorar；pareja-fav,3
134,adult-fantasy；all-time-favorites；asian-reads,3
138,asian-and-asian-inspired；danmei-read；diverse-read,3
140,favorites,1
141,1c-physical-copy；2023-done；3-mlm-rep,3
142,favorites,1
145,4-stars；danmei；killthemall-overthe-topness,3
147,asian-authors；danmei；fantasy,3
148,fantasy；lgbtqai；romance-fantasy,3
149,lgbtq；lgbtq-2024,2
153,awesomest；chinese；completed-series,3
157,danmei,1
161,asian-based；danmei；fantasy,3
163,my-bookshelf,1
164,fave-reads-23,1
168,2023；5-stars；asian-lit,3
177,lgbtqia-content；so-much-drama-i-love-it；watered-my-crops,3
179,favourite-saga,1
183,best-of-2024；demons；fantasy,3
184,faves-of-all-time,1
186,favorites；favourites,2
192,favorites；queer,2
193,tbr,1
195,bl；danmei；e-books,3
197,2023,1
199,2024,1
201,bl；lgbt；rereads,3
205,libros-favoritos-2023,1
206,owned-physical,1
214,danmei-read,1
215,fantasy；fiction；mm,3
216,2023-favorites,1
217,all-time-favorites；lgbtqia-plus；made-me-bawl,3
221,owned-physical,1
223,danmei,1
224,danmei；ships-im-sinking-with,2
232,2024-tbr；tbr-physical,2
233,boys-love；danmei；fantasy,3
234,books；favorites,2
236,e-book；fantasy-my-beloved；favourite-couples,3
240,2024-reads；fantasy；historical-fiction,3
241,ulubione,1
242,danmei-if-i-do,1
247,2023-reads；age-adult；author-poc,3
248,favorites,1
249,5-stars；adult；comedy,3
250,danmei-baihe；favorite-fantasy；favorite-romance,3
251,danmei,1
252,favorites,1
253,action-driven；character-driven；fantasy,3
260,asian-authors；damnei；dark,3
263,3-stars,1
264,high-fantasy；reviewed；translated-fiction,3
266,asian-authors；danmei；fantasy,3
267,books-i-own,1
269,danmei,1
274,danmei；fantasy；mm-bl,3
275,adult；read2023,2
278,danmei；fantasy；favourites,3
280,eastasian-southeastasian；in-translation；lgbtqia,3
283,5-stars；amazing；amnesia,3
285,adult-books-done,1
286,boy-love；historical-fiction；translation,3
289,owned；read-in-2024,2
291,captivating-boomerang；de-flowered；despacito,3
293,soft-magic；worldbuilding,2
296,lgbt-characters,1
299,read-2023,1
