Row,Tags,Tag_Count
1,adult；lgbtqia-rep；poc-rep,3
2,2023-release；first-novels；near-future-soft-sf,3
3,authors-of-color；diverse；lgbt-plus,3
4,fantasy；netgalley-arc,2
7,2023-reads；literary-fiction；sci-fi,3
8,hyphenated-asian；ssbingo23,2
9,audiobooks；class-gender-race；lgbtqia,3
15,koreanamerican,1
19,21st-century-fiction；debut-novel；nervous-breakdown-book-club,3
22,otherland-book-club；queer；time-travel,3
25,sci-fi,1
26,2023,1
27,2023-releases,1
36,americans；fiction,2
39,2023；book-club；literary,3
40,dystopian-speculative；science-fiction,2
46,lgbtqia；science-fiction,2
47,2023；lgbtqia；netgalley-and-edelweiss,3
48,2023；book-covers-i-love；library-has-it,3
50,4-stars；achillean；adult-lit,3
54,own,1
55,fiction；sci-fi,2
56,2023；lgbtq,2
57,time-travel,1
58,ebk；otherland,2
59,2023-releases；aapi-rep；debuts,3
60,literature；science-fiction,2
62,published2023；scifi-spec,2
64,kobo-reads,1
65,american-novels；contemporary-fiction；sience-fiction,3
67,2020-s；21st-century-fiction；speculative-fiction,3
69,13-moons-challenge；52-2024；book-club,3
73,author-to-watch；borrowed；fiction,3
79,2024；hall-of-fame；queer-fiction,3
82,authors-of-color；fiction；queer-reads,3
84,dnf,1
85,2023；audiobook；listened-to-audio,3
86,adult；authors-of-color；science-fiction,3
88,dnf；science-fiction,2
92,2-and-a-half-stars；adult；fantasy-magic-sci-fi-bitch,3
96,adult；audiobooks；read-the-rainbow-23,3
100,bipoc；lgbtq；sci-fi,3
102,best-covers；lgbtq；sad-boy,3
106,book-club；scifi,2
107,favorites,1
109,2023；arc,2
114,2023-read-shelf；dnf；science-fiction,3
115,avoid-on-audiobook；sf-time-travel,2
123,lgbtqia；relationships；sci-fi,3
125,audiobooks,1
140,lgbt；listened-on-audio-book；mystery,3
142,audiobook；read-2023；us,3
144,sci-fi,1
148,fiction；library-rental-audiobook；sff,3
149,bipoc；lgbtq；multi-focal,3
151,asian；audiobooks；fiction,3
152,my-audiobook-adventures,1
154,mystery；science-fiction,2
166,2023,1
168,literary-fiction；science-fiction,2
170,perfect-books,1
172,lgbtqia,1
173,2024；sff；time-travel,3
174,audiobook,1
179,fiction；library-books；sci-fi,3
182,dnf,1
185,2023,1
189,audible；books-i-own,2
190,2024,1
191,audiobook；completed-2024,2
193,lgbt；scifi；time-travel,3
197,lgbtq；my-reviews；sci-fi,3
199,audiobooks；queer,2
201,asian-diaspora,1
202,books-read-in-2023；lgbtq,2
208,2023-release,1
211,sci-fi,1
212,2023-anticipated；dnf,2
214,sf,1
216,2023；ai-and-your-brain-on-tech；cons-capers,3
217,science-fiction,1
218,arc；indie-pubbed；ownvoices,3
223,achillean；adult；bi-rep,3
231,sci-fi；suspense,2
233,2023；fiction,2
234,2023-pub-date；adult；audiobook,3
240,audiobooks；contemporary；faves,3
243,fiction,1
245,sf,1
246,11-out-of-10-quality-writinggg；big-ideas；brighteyes,3
254,fantasy；fiction,2
256,science-fiction,1
257,2023,1
261,2024；adult-fiction；did-not-finish,3
262,audiobook-reads；faves,2
269,2023,1
273,read-in-2023,1
274,abandoned,1
275,favourite；lgbtq,2
280,2023；sci-fi,2
281,asian-american；sci-fi,2
284,giveaway-entries,1
285,2023-reads；fantasy；heavy-deep,3
289,edeeweiss-yadda-yadda；shit-i-ve-seen-bc-of-bn,2
291,dystopia；science-fiction；speculative-fiction,3
294,2023；author-of-color；lgbt,3
297,queer；scifi,2
