Row,Tags,Tag_Count
2,netgalley-2023；paranormal-romance；read-2023,3
3,audiobook；book-club-2023；cartoon-covers,3
4,cozy-paranormal,1
7,demons；fake-dating；small-town,3
8,2023-releases；contemporary；fantasy,3
9,netgalley,1
12,2023；audiobook；fantasy,3
14,celibate-hero；mental-health-rep；multi-supernaturals,3
18,fantasy；romance,2
21,netgalley；romance-novels,2
22,adult-romance；berkley-trade；contemporary-fiction,3
23,fantasy；small-town-romance,2
25,contemporary；contemporary-romance；demons,3
26,fake-dating；guy-falls-first-and-falls-haard；rom-com,3
27,fantasy；romance,2
29,2024；ni-fu-ni-fa；romance,3
30,demons；magic；paranormal,3
31,2023；2023-netgalley-challenge；audio-book,3
32,audiobook；berkley；buddy-read,3
34,enemies；fake-relationship；hilarious,3
35,edelweiss；netgalley；read-in-2023,3
40,adult；audiobook；fantasy,3
42,science-fiction-fantasy,1
43,paranormal；read-2023；romance,3
44,adult；contemporary；fantasy,3
47,audible；audio-books；fake-dating,3
48,goodreads-giveaways-won,1
49,2023；fantasy；physical-arcs,3
50,paranormal,1
51,2023；all-booked-bookclub,2
56,coyer-upside-down-2023；coyer-upside-down-chapter-1,2
58,2023-favorites；demon-hero；likeable-heroine,3
59,demons-paranormal；fake-dating；witches,3
61,favourites,1
62,2023；arcs-to-read；audiobooks,3
63,contemporary-romance,1
64,2023-releases；3-star；owned-paperbacks,3
65,2023-reads；romance,2
69,contemporary；owned；paranormal-urban-fantasy,3
72,uno-2024-ive,1
73,fantasy-tbr,1
76,arcs；contemporary；fantasy,3
79,paranormal；read-2023；romance,3
81,2023-releases；adult-fiction；arcs-netgalley,3
83,adult-romance；cozy-fantasy,2
86,2023；5-star；fantasy,3
87,2023-releases-i-want-to-read,1
88,arc-s-netgalley-and-edelweiss,1
94,fantasy-scifi；netgalley-arc；prh-audio,3
101,netgalley,1
103,published-2023,1
108,arc；dnf；netgalley,3
112,ebook；read-in-2023,2
115,read-in-2023；romance-read,2
128,ebook,1
129,coming-of-age；fae；fantasy,3
134,added；cheating；fire-arson-immolation,3
138,2023-reads；2023-releases；owned-hard-copy,3
139,contemporary；humour；paranormal-supernatural,3
140,books-for-ghibli-fans；comfort-reads；cozy-fantasy,3
141,2023-books；fantasy；magic,3
142,2023-releases；e-book,2
144,demons-and-dudes-with-horns；dnf；fake-dating,3
146,contemporary；fantasy；favourites-shelf,3
147,2023,1
148,3-star；adult；fantasy,3
150,library-book,1
153,angels-and-demons；books-i-personally-bought；c-autumn-leaves-scary-please,3
156,adult；disappointment；fantasy,3
159,fantasy-science-fiction；romance,2
161,library-2023；read-in-2023,2
169,tbr-own-a-copy,1
170,bookclub,1
173,audio-book；cover-porn；loved-it,3
174,x-witchy-romance,1
178,2023-releases；own,2
179,2023-books,1
182,3-stars；adult,2
185,z_read-2023,1
188,faves,1
190,4-stars；audiobooks；libby,3
191,fantasy；romance,2
197,2023,1
198,book-club-reads；dnf,2
200,adult；contemporary-realistic；cozy,3
205,paranormal；romance；urban-fantasy,3
206,dnf,1
207,dislike-to-lovers；fake-dating；fantasy-romance,3
209,bought,1
210,favorites,1
213,chick-literature；humorous-campy；owned-books,3
214,book-circle,1
215,books-in-a-series-romance；fantasy；netgalley,3
216,romance,1
218,2024；rom-com-cocacola,2
220,2023；audiobook；library-download,3
221,2023-reads；fave-romances；literary-significant-others,3
222,romance；sci-fi-fantasy,2
229,2023-anticipated-releases,1
230,audiobook；paranormal-romance；romance,3
232,2023,1
234,2024-read；adult；audiobook,3
236,cozy-af,1
240,arcs-advanced-reader-reviews,1
242,book-club；fantasy；spicy-books,3
252,spooky-season,1
257,angels-and-demons；borrowed-from-library；fantasy,3
258,demon；fake-dating；favorites,3
261,2024,1
262,ebook；fantasia；lectura-conjunta,3
264,i-love-my-significantly-older-men；light-hearted-rom-com；supernatural-lover-o-mine,3
269,e-book；english；liked,3
270,library-book,1
272,tikitoki,1
274,in-my-bookcase,1
282,fantasy；romance；witches,3
290,curvy-fmcs,1
291,romance；spooky-season,2
