Row,Tags,Tag_Count
0,3-stars；netgalley；ng-2023,3
3,books-i-own；cover-supremacy,2
5,2023-releases,1
6,historicalfiction,1
9,netgalley,1
10,2023-reads；dystopian；historical,3
11,fantasy；historical；lesbian-friendly,3
13,arcs-x1faf6,1
16,books-at-the-library；lgbtq,2
19,reviewed,1
22,tandem-readalong,1
27,netgalley,1
33,2023-reads；arcs；fantasy,3
34,sapphics-and-the-sea,1
35,cambridge-edition-book-club,1
45,netgalley,1
59,library,1
64,2023-releases；23-02；adult,3
67,unfinished,1
69,audio,1
80,audiobooks；lgbtq；net-galley-books-for-review,3
