Row,Tags,Tag_Count
1,netgalley-2022,1
2,adult；adult-fiction；authors-of-color,3
3,arcs-read,1
4,fiction；historical-fiction；horror,3
5,2023-release；bingo-23；horror,3
9,arcs-netgalley-giveaways-to-review；folklore-myths-legends-fairy-tales；ghosts,3
10,1-star-hated-it；dnf；ebooks,3
11,atmospheric；creepy；dark,3
12,2023-books；horror,2
13,first-read-in-2023；giveaways-arcs；historical-fic,3
14,latinx-authors,1
15,2023-reads；audiobook；authors-of-color,3
16,kindle；netgalley；oh-the-horror-the-horror,3
18,2022；fiction；horror,3
19,2023；from-publisher-or-author；horror,3
21,horror,1
24,library-print,1
26,2023；latinx-reads,2
29,1-of-my-favorite-authors；arc-team-reviews；damn-good-book,3
30,quest-for-excellence-spring-2024,1
31,scary,1
33,2024-reads；historical-fiction；horror,3
36,2023,1
37,2023；so-terribly-bad,2
40,alcoholism；arc-s；books-i-own,3
41,2023-new；arc；mythology,3
43,ehrtbm-2022；floab2022；floab22,3
47,horror,1
52,horror；netgalley；retellings,3
53,2023；adult；beautiful-covers,3
54,arc-s-netgalley-and-edelweiss；horrororor,2
60,contemporary；fiction；historical-fiction,3
63,net-galley,1
64,2023；lgbtq,2
67,spooky-scary-skeletons,1
69,arc；netgalley,2
73,arcs；libby-and-apps,2
74,arc；dnf；trigger-warnings,3
76,owned,1
81,netgalley,1
82,2023；audio；libby,3
83,horror；womanhood,2
85,dnf,1
88,arcs2023；books-read-in-2023,2
97,fantasy；feminism；historical,3
98,new-fiction；women-s-fiction,2
100,read-as-an-arc,1
102,horror；paranormal-supernatural,2
103,adult-fiction；bipoc；bisexual-rep,3
106,horror；reading-list-2023,2
108,2024；audiobook；cultural-feminist,3
109,audio；thriller-suspense-mystery,2
110,five-star-reads；netgalley-shelf,2
111,arc；cooler-in-concept-than-execution；ebook,3
112,owned,1
118,2023-books；arc；coverly-love,3
123,horror,1
126,0-2023；0-audio；0-ebooks,3
128,z_read-2023,1
129,highly-recommended-reads,1
132,plotsnthotsbc-books,1
136,historical；hit-or-miss；lgbtqia,3
137,arc；horror,2
139,2023；adult；horror,3
142,angry-books-for-angry-women；body-horror；cover-appreciation,3
144,horror；netgalley,2
147,ladies-of-horror-fiction,1
151,on-my-radar,1
155,5-star-reviews；advanced-reader-copies；folk-horror,3
158,favorites,1
159,net-galley,1
160,horror,1
164,2022；5-stars；e-books,3
165,netgalley-2023,1
168,arcs；october-reads；read-2022,3
172,adult；contemporary；demons-and-angels,3
173,fiction；horror；netgalley,3
174,2023-releases；horror,2
177,chicano-literature；horror,2
179,netgalley-arc,1
180,arcs,1
181,horror；netgalley-arcs,2
182,2023-releases；horror；latinx-reads,3
187,netgalley,1
193,2022,1
194,earcs,1
195,2023-reads,1
197,horror；supernatural,2
200,arcs；netgalley,2
205,fantasy；horror；magical-realism,3
209,public-library,1
211,netgalley-reads,1
213,bipoc；folklore；horror,3
214,genre-horror；rating-2-stars；released-2023,3
224,horror；latin,2
225,books-read-2023,1
233,2023-anticipated-reads；2023-faves；2023-tbr,3
235,2023；audiobook；book-club-read,3
239,spooky-book-club,1
241,audiobooks；horror；latino-latina-fiction,3
244,netgalley,1
245,arcs-received,1
253,hold,1
254,bipoc-authors,1
255,horror-paranormal,1
257,spooky-season-2023,1
259,2023-audio,1
263,2023；horror,2
274,book-shelf,1
275,pookies-book-club-3,1
278,horror,1
294,hispanic-heritage-month；netgalley,2
297,night-worms；paranormal-supernatural,2
299,read-and-unhauled,1
