Row,Tags,Tag_Count
0,arcs,1
1,3-star；reviewed-2023,2
2,2023；2023-arcs；enemies-to-lovers,3
7,2023-reads；books-from-my-never-ending-tbr,2
10,arc-shelf；awesome；dark,3
11,fantasy；magic；paranormal,3
15,5-stars,1
22,fantasy,1
24,books-i-own；ebook-copies,2
34,3-5-stars；fantasy；kindle-unlimited,3
36,2024；fantasy；paranormal-others,3
44,audio-version；favorite-author；favorite-series,3
50,alpha-hole；arc-2023；fantasy,3
51,arc,1
52,fantasy；fated-mates；paranormal-romance,3
59,fantasy；intrigue；must-read-again,3
65,fantasy；paranormal-romance,2
74,pnr-vamps-shifter-fae-witches；series,2
114,2023-reads,1
123,didn-t-finish,1
126,enemiestolovers；morallygreycharacters；protectivehero,3
133,kindle；kindle-unlimited；shifter,3
148,06-23；age-gap；possessive-mates,3
151,2023,1
158,audio,1
159,romantasy；shifters；vampires,3
161,2023,1
166,shannon-mayer,1
169,fantasy-fey-other-world；fantasy-vamp-were-witch；romance,3
219,m-f-fantasy,1
221,read-2023,1
233,fiction-read,1
238,2023,1
256,bomm-tour；new-adult-fantasy,2
260,age-gap；dystopia-post-apocalyptic；fantasy,3
