Row,Tags,Tag_Count
0,2023-reads；genre-fantasy,2
1,2023；fantasy；netgalley-and-edelweiss,3
2,2023；arcs；contemporary,3
3,arcs,1
4,freebies-and-gifts；light-fantasy；myths-legends-and-retellings,3
5,2023-reads,1
6,arcs-read；liked,2
9,arc；on-kindle,2
10,arc-s-netgalley-and-edelweiss；fantastico-fantastics-scifilicious,2
11,audiobooks；netgalley,2
15,2024-read；2024-read-your-shelf-completed；2024-read-your-shelf-done-arcs,3
16,arcs,1
17,fairyloot；releases-2023；series-i-am-not-continuing,3
19,do-not-read；fantasy；historical,3
21,2024；arc；fantasy,3
22,books-i-own,1
27,2-political-intrigue；3-royalty；4-war-or-rebellion,3
28,arcs；dnf；thanks-i-hate-it,3
29,2024-release；arc-edelweiss,2
30,couldn-t-finish；netgalley-arcs；not-for-me,3
35,fantasy,1
38,fairyloot-edition,1
39,arcs,1
42,fantasy,1
43,arcs；netgalley,2
44,fiction；historical-fiction；netgalley,3
45,2-star；abuse；angels-or-demons,3
46,netgalley,1
48,2023-reading-challenge,1
49,adult；fantasy；historical-fiction,3
50,book-club,1
52,netgalley,1
53,2023-reads,1
56,mexico；world-fantasy,2
61,arc；audiobook；fantasy,3
67,2024-ng-arcs；advanced-reader-copies；fantasy,3
68,library,1
69,favorites,1
70,authors-of-color；fantasy；historical-fiction,3
73,collection-arc-2023；collection-fairyloot；genre-fantasy,3
74,arc；fantasy,2
76,2024-debut；arc；author-of-color,3
82,netgalley,1
87,fairyloot-adult；physical-copies,2
88,fantasy,1
93,library；myth-retellings,2
94,my-library；signed,2
95,2023-read；adult-fantasy；fairyloot,3
99,adult-adult-fantasy；fairyloot,2
107,arcs,1
109,historical-fantasy,1
110,fairyloot；fantasy；giveaways,3
112,2-stars,1
113,netgalley,1
115,fantasy；fiction；has-a-love-story,3
118,2023-releases,1
122,rural-fantasy；subscription-books,2
123,arcs,1
124,arcs,1
125,arcs,1
127,arc；fantasy；historical,3
129,dnf,1
130,gender-swapped-retellings,1
131,fantasy,1
136,animals；audiobook；gods-and-goddesses,3
140,giveaways,1
142,advanced-reader；fantasy；meh,3
143,received-for-review,1
146,arcs,1
149,fairyloot,1
152,arc-reads；netgalley,2
154,dnf,1
158,fantasy,1
161,netgalley,1
164,netgalley-and-giveaways,1
165,epic-fantasy；fantasy；historical-fiction,3
168,arcs-read；fantasy-adult；netgalley,3
169,library-overdrive,1
171,read-in-2023,1
175,netgalley,1
178,1-star；2024-release；historical-fantasy,3
180,2023-releases；4-star；age-adult,3
181,arc,1
193,reads-23,1
194,arc,1
197,arc；books-i-don-t-own；netgalley,3
200,netgalley,1
201,2023；arc；fantasy,3
202,arc；fantasy；give-away,3
205,dnf,1
206,action；adventure；fantasy,3
207,dnf；netgalley,2
208,fairyloot,1
211,bookbox-fairyloot；ongoing-or-need-to-complete-series；retelling-movie,3
212,fiction；giveaways,2
214,arc-reviews,1
216,didnt-make-it；fiction；library-book,3
219,adult；arc；fantasy,3
220,2023；fantasy；historical,3
221,2023,1
223,fantasy；tbr-2023,2
228,2024-reads；netgalley-arcs,2
231,hispanic-authors,1
233,2023-releases；fantasy-i-read；netgalley-arc,3
237,fantasy,1
238,arcs；physical-shelf；women-do-it-best,3
245,fantasy；magic,2
252,netgalley,1
254,netgalley,1
258,adult-fantasy-historical-mystery；dnf-shelf,2
260,arc,1
262,adult-fantasy；arcs-2024；bipoc-authors,3
264,read-in-2024,1
267,2024；adventurous；faeries-or-folklore,3
270,arcs-earcs,1
274,fantasy；netgalley；netgalley2023,3
289,2024-reads,1
290,stranger-stories,1
297,netgalley,1
