Row,Tags,Tag_Count
0,reading-challenge-2023,1
1,star-wars-books,1
2,star-wars,1
7,star-wars-books-read,1
8,guerre-stellari；la-haute-république,2
10,2023；sci-fantasy,2
14,star-worms,1
15,star-wars-books-ranked,1
20,starwars,1
29,star-wars,1
33,read-star-wars,1
36,star-wars,1
37,reading-2024；sw-highrepublic-2024,2
38,star-wars,1
40,4-stars；owned；star-wars,3
41,audible；star-wars,2
42,star-wars,1
46,star-wars-books,1
49,audiobook；star-wars,2
50,2024；star-wars,2
57,science-fiction；star-wars,2
58,audibles-own；diverse-read；female-authors,3
60,the-high-republic,1
62,collection；fiction,2
67,star-wars-books,1
68,2024-read；adult；audiobook,3
75,adult-fiction；science-fiction；star-wars,3
77,east-asian-mc；favorites；owned,3
79,disney-star-wars-universe；movie-tie-in；sci-fi,3
81,star-wars,1
82,fav-ones；star-wars；wrecked-me,3
90,2023；lgbtq；space-opera,3
94,star-wars,1
95,star-wars,1
97,2023；fantasy；fiction,3
98,favorites；star-wars,2
102,review-books；star-wars,2
107,2023,1
112,lydia-kang；science-fiction；space-opera,3
113,star-wars,1
116,audible；film-tv；star-wars,3
118,star-wars-canon,1
119,high-republic；star-wars,2
123,absolute-favorites；the-high-republic,2
124,favourites-5-star,1
127,2023；star-wars,2
132,2023；star-wars,2
134,favorites；star-wars-the-high-republic；y2023-favorites,3
137,star-wars,1
138,books-by-female-authors；media-tie-ins；star-wars-books,3
139,star-wars,1
144,star-wars；star-wars-the-high-republic-phase-2,2
145,3-good-books,1
152,2023；from-library；science-fiction,3
162,2024；adult；audiobooks,3
165,star-wars,1
167,galaxy-far-far-away,1
173,books-only-2023；highly-recommend,2
184,30booksummer-2023,1
185,audio,1
195,star-wars,1
198,books；star-wars,2
204,1-fiction,1
208,own-audio,1
217,favorites,1
220,read-in-2023,1
225,audiobook,1
227,2023；audiobooks,2
228,audiobook,1
229,sci-fy；star-wars,2
238,tbr,1
239,audiobooks；sci-fi；youngadult,3
240,star-wars；star-wars-the-high-republic-phase-2,2
250,star-wars,1
251,my-nook-books；sci-fi；star-wars,3
254,fantasy-sf；str-wrs,2
261,library-2023,1
273,the-high-republic,1
275,read-2023；space-the-final-frontier；the-wooooorst,3
299,books-i-own,1
