Row,Tags,Tag_Count
0,read-in-2023,1
5,fantasy；paranormal；romance,3
6,adult；booktourgals；fantasy,3
16,2023-books；advanced-reader,2
32,adult；blood；choking,3
34,2023；arcs,2
35,dark；dark-paranormal-fantasy；dark-prophecy,3
36,2023-reads；arcs,2
39,spicy；supernatural-abilities；supernaturals,3
48,read-in-2024,1
52,arcs；multi-pov,2
58,arcs；monster-dong,2
68,arc,1
72,arcs-2023；favorites；reviewed,3
81,arc-books；november-2023,2
82,arc；dnf,2
83,love-triangle；paranormal,2
93,own,1
94,favorites,1
