Row,Tags,Tag_Count
5,netgalley-reviews,1
8,2023；fantasy；netgalley,3
9,2023；published-in-2023,2
18,e-book；libby,2
19,arcs；wanted-to-like-it,2
23,dnf,1
24,latine；ya,2
25,cuban；latinx；romance,3
26,ya-fantasy,1
27,2023-read-arcs,1
38,favorites；owned,2
39,netgalley；young-adult,2
40,netgalley；would-notrecommend；ya-fantasy,3
41,arc；family-drama；fantasy,3
42,bipoc,1
43,2023；2023-arc；a-few-tears-were-shed,3
44,ya,1
45,ng-arcs,1
46,favorites,1
55,2023；fantasy；in-depth-reviews,3
59,2023-reads,1
60,giveaway-wins,1
64,2023；dbf；ya-fiction,3
65,supernatural；ya,2
66,did-not-finish,1
69,5-star-books；horror；nhhp,3
71,mcn,1
81,netgalley,1
82,jan-2024-tbr；netgalley,2
84,bipoc-authors；books-i-want-to-buy；favorites,3
85,arc；entire-book-collection,2
87,arcs-and-review-copies,1
