Row,Tags,Tag_Count
2,4-star；reviewed-2023,2
5,supernatural-urban-fantasy,1
10,2023,1
13,vampire,1
14,fantasy；kindleunlimited-prime；romance,3
17,fantasy；magic；paranormalromance,3
25,enemies-to-lovers；fantasy-romance；slow-burn-trope,3
31,fantasy；paranormal；romance,3
32,spooky-kooky,1
43,books-i-own；ebook-copies,2
45,2023-reads；books-from-my-never-ending-tbr,2
49,arc,1
60,arc-shelf；assassins；dark,3
64,2024；fantasy；paranormal-fae,3
67,audio-version；paranormal；pnr,3
69,enemies-to-lovers；paranormal-romance,2
70,3-5-stars；dual-pov；fantasy,3
73,favorite-authors-books-3,1
75,bomm-tour；new-adult-fantasy,2
77,arc-2023,1
84,2023,1
105,2023；2023-arcs；enemies-to-lovers,3
119,fantasy；fiction；romance,3
120,fantasy-fey-other-world；fantasy-vamp-were-witch；romance,3
124,fantasy,1
130,2023-release,1
139,paranormal,1
147,2023-reads,1
162,fantasy,1
167,2023,1
168,shannon-mayer,1
187,audio,1
188,readings-2023,1
200,dark-romantasy；fantasy；paranormal-romance,3
203,5-stars,1
212,dystopia-post-apocalyptic；enemies-to-lovers；fantasy,3
262,enemies-to-lovers；fantasy；kindle-unlimited,3
268,2-dimensional；did-not-finish；forgettable,3
270,adventure；angsty-brooding；assassins-spies-mercenary,3
288,dual-pov；enemies-to-lovers；fantasy,3
299,fantasy,1
