Row,Tags,Tag_Count
1,2024-plan；fantasy,2
2,advance-review-copy-digital；fantasy；horses,3
3,2024；3rd-person；action,3
7,2024；fantasy,2
8,arc；fantasy；magic,3
10,2023-books-read；my-personal-library,2
13,favorite-authors；fiction；speculative-fiction,3
15,fantasy；library,2
17,fantasy,1
21,fantasy；library,2
24,action-adventure；fantasy；fantasy-series,3
26,fantasy,1
27,fantasy；kindled；library,3
28,adult；fantasy；netgalley,3
45,owned-digital；valdemar,2
51,fantasy,1
52,fantasy,1
53,netgalley,1
54,adventure；cats；elementals,3
55,fantasy；romance-g；ya,3
57,adult；fantasy；own-physical,3
59,audio,1
60,arcs,1
62,paranormal,1
67,once-was-enough,1
68,fantasy,1
70,netgalley,1
71,fantasy,1
74,fantasy,1
76,fantasy；fiction；magic,3
83,popsugar-challenge-2024,1
86,fantasy,1
87,fiction,1
88,fantasy；medievaloid-fantasy；reviewed,3
93,fantasy,1
94,fantasy；favorite-author；nature-magic,3
96,fantasy,1
100,a-must-read,1
117,buy-these；fiction；mercedes-lackey,3
120,fantasy；fiction,2
123,fantasy；valdemar,2
125,fantasy,1
132,fantasy,1
147,adult,1
160,2024,1
168,2024-books,1
169,prose,1
178,high-fantasy,1
179,2024,1
181,magic；misc-supernatural；spirituality,3
190,fantasy-paranormal,1
192,fantasy,1
196,author_female；genre_fantasy；library,3
204,fantasy-scifi；netgalley,2
