Row,Tags,Tag_Count
0,fantasy；fun-fun-fun；m-f,3
1,2023；br-2023；fantasy,3
3,2023,1
5,fantasy；kobo-plus；romance,3
7,2023-reads；4-5-stars；beautifully-broken-bastards,3
10,books-read-2023；fantasy-and-sf；romance,3
12,female-main-characters；happily-ever-after；mf-romance,3
13,romance,1
14,a-love-story；fantasy；kindle,3
15,romance,1
16,fantasy,1
17,2023-anticipated-release；dnf-might-get-to-it-sometime-later；wanted-to-enjoy-but-didn-t,3
18,buddy-reading,1
21,5-stars；favorite-main-character；i-own-e-book,3
22,fantasy,1
23,fantasy-types,1
24,fantasy；romo,2
25,2024-books；fantasy；laugh-out-loud,3
26,buzzwordathon,1
28,fantasy；upcoming-2023,2
29,banter；bedside-vigil；big-strong,3
30,reviewed；reviewed-2024,2
31,fantasy；fiction；library,3
32,ebook；fantasy,2
36,female-author；fiction；lang-en,3
37,2023；fantasy-romance；romance,3
39,ebook-collection-kindle；fantasy；im-besitz,3
40,audience-adult；feelings-atmospheric；feelings-most-anticipated-tbr,3
43,ebook；fantasy；fantasy-romance,3
45,disability；fat；grown-up,3
48,2024；fantasy；funny,3
49,added；alcohol-consumption；childbirth,3
50,fantasy,1
51,fantasy,1
52,fantasy；romance-not-mm,2
53,fantasy；romance,2
55,2024,1
59,read-in-2023,1
61,ebook-read；library-borrow,2
64,fantasy,1
65,fantasy,1
66,author；books-from-my-childhood；continuation-of-a-series,3
67,fantasy；romance,2
73,fantasy；read-in-23,2
76,fantasy；mf,2
78,2024-series-and-sequels；fantasy,2
79,adventure-roadtrip；bodyguard-my-body-sir；found-family,3
82,2024,1
88,fantasy,1
89,fantasy；romance,2
90,2023-reads,1
91,sci-fi-fantasy,1
92,ebook；fantasy；favorites,3
93,brooding-paladin,1
94,fantasy-romance,1
103,fantasy；romance,2
105,horror-rom-com,1
106,fantasy-scifi,1
109,fantasy；favourites；romance,3
110,2023；owned,2
111,novel,1
112,2024-plan；fantasy；romance,3
116,fantasy-realms；will-read-anything-they-write,2
120,fantasy；love-stories,2
123,2024-favorites；cozy-fantasy；lgbtqia2s,3
125,2024；romance,2
135,2024；fantasy；fiction,3
136,fantasy；romance,2
140,format-e-book；genre-fantasy；genre-romance,3
146,f-sf；het；romance,3
147,3-and-a-half；paranormal-or-urban-fantasy；squeakyclean-fadetoblack-behinddoor,3
148,2023-books-read,1
150,2024-popsugar-challenge；books-i-love,2
152,2024-tbr；fantasy-sci-fi；romance,3
156,d-and-d-world；mysteries,2
157,dnf；try-again-later,2
159,fantasy；romance,2
160,reviews,1
165,fantasy；femalewriter；het-romance,3
170,fantasy-romance；the-saints-of-steel,2
171,sci-fi-fantasy,1
176,2023,1
178,favorite-books-all-genres；fmc-more-powerful；gentle-giants,3
180,scifi-fantasy-book,1
191,fantasy-romance,1
193,sf-fantasy,1
195,dnf；fantasy；owned,3
197,body-count；cults；insecurities,3
198,2024-shelf；fantasy；romance,3
199,romance；scifi-fantasy,2
201,2024；fantasy；fantasy-romance,3
202,fantasy；romance,2
203,romance,1
205,espionage；fantasy；favorites,3
208,fantasy,1
214,ebook；fantasy,2
216,ebook；fantasy,2
220,2023；2024；bechdel,3
221,ebooks；fantasy,2
223,sci-fi-fantasy,1
226,2024；fantasy；kindle,3
230,fantasy；library；romance,3
233,re-reading,1
237,2024-reading-list；fantasy-romance；series,3
240,fantasy,1
241,fantasy,1
242,adventure；fantasy；own-ebook,3
249,book-collection；digital-copy,2
250,romance；scifi-fantasy,2
253,2023,1
254,2023；fantasy；favorite-authors,3
255,adult-epic-fantasy；adult-romantasy；my-physical-library,3
256,fantasy；library-ebook；romance,3
258,2024,1
260,2024-the-52-book-club-challenge；5star；ebook,3
261,fantasy；romance,2
266,fantasy；romance；sff,3
268,adult；adventure；fantasy,3
269,2024,1
270,kindle-edition,1
271,fantasy；romance-novels,2
273,fantasy-scifi；romance,2
275,fantasy；magic；strong-female-characters,3
279,books-i-own；fantasy；fiction,3
281,diverse-and-women-authors；fantasy；kindle,3
290,fantasy,1
291,fantasy-and-sf；romantasy,2
292,2024；would-read-author-s-shopping-list,2
294,2024；adult；fantasy,3
296,2024,1
299,did-not-finish；sci-fi-fantasy,2
