Row,Tags,Tag_Count
0,2023-releases；adult-na；fantasy,3
1,celeste-recommends-romantasy,1
3,adventure-roadtrip；historical-spicy-stuff；slowburn,3
4,arc-reviews；indie,2
6,all-my-physical-books；new-adult；spicy,3
8,arcs；booktok-told-me-to,2
11,arcs；owned；owned-kindle,3
13,kindle,1
20,favourites,1
25,arc-reads；spooky-season,2
28,fave-of-all-time,1
33,god-tier-books,1
34,favorite-books,1
37,buy-this-now,1
39,fantasy；historical-fiction,2
40,of-legends-and-fairytales,1
47,3-stars；a-kindle-unlimited；g-paranormal,3
48,2023；adult；historical-fiction,3
53,arc；gods；low-fantasy,3
63,all-time-favzz；read-in-2024,2
64,my-favorite-books,1
65,fantasy；favorites,2
72,2024,1
76,2023；fantasy；kindle-unlimited,3
83,book-husbands；book-wives；favorites,3
89,2024；5-stars；ku,3
91,2024,1
95,2023；fantasy；historical,3
98,2024-favorites,1
100,arc-reads,1
102,five-star-reads,1
105,2023-new-releases；5-star-reads；books-ive-read-in-2024,3
107,favorites；made-me-cry；top-faves,3
110,favorites,1
115,5-star-reads；contemporary-romance；fantasy,3
117,arcs,1
118,arcs,1
123,books-reviewed,1
127,favorites；read-again,2
140,books-that-destroyed-me；practically-perfect-in-every-way；really-good-fun,3
141,fantasy,1
147,adult-fantasy；emotional-read；hades-persephone,3
156,top-tier-reads,1
162,2023-arc-reviews,1
169,a-z-2024,1
172,kindle-unlimited,1
173,uglycrying-bookswap,1
175,arcs；ebooks,2
178,best-of-2023；inspiration,2
182,fantasy-paranormal；favorites；romance,3
183,booktok；fantasy；love-story,3
184,fantasy,1
189,kindle-unlimited,1
195,2024-books；fantasy；romance,3
197,reasons-to-live-longer-i-guess,1
204,christmas-list-for-my-husband-lol,1
209,2024-reads；fantasy；fantasy-romance,3
211,arcs,1
214,2024,1
217,2024,1
218,4point5-star,1
221,physical-books-i-own,1
233,digital；fantasy；favorites,3
234,5-stars-is-simply-not-enough,1
236,floater；good-memories,2
246,2023；fantasy；romance,3
257,book-tok；dnf；fantasy,3
262,fantasy；meh,2
274,owned,1
277,fantasy；historical-fiction；historical-ish,3
293,3-star；300plus,2
297,fantasy；friends-to-lovers,2
