Row,Tags,Tag_Count
0,2023-releases；cf-fantasy-dystopian；clean-fiction,3
1,epic-worldbuilding；platonic-ships；science-fiction,3
2,arc-copy；books-i-ll-read-again；dystopian,3
4,science-fiction；young-adult,2
8,2022-tbr；fiction；science-fiction,3
11,would-recommend,1
12,dystopian；science-fiction,2
15,arc；ya-dystopian；ya-science-fiction,3
20,enclave,1
21,review-copy；ya-sci-fi,2
25,8-stars；dystopian,2
28,sci-fi,1
31,science-fiction,1
37,christian-fiction；dystopian；fantasy,3
39,arc；book-tour-books；my-ebooks,3
40,asian-lit-setting-characters；dystopia；mystery,3
41,5-star-worldbuilding；reviewed；sci-fi,3
45,fantasy,1
47,dystopian；fiction；scifi,3
51,science-fiction,1
53,celebrate-lit,1
54,dystopian；science-fiction；young-adult,3
57,2023-reads,1
64,christian-fiction；dystopia；kindle,3
65,christian；coming-of-age；dystopian,3
67,ya-sci-fi,1
84,read-2023,1
86,physical-read；read-it-with-whiskey-podcast,2
88,2023-reads；favorites；sci-fi,3
94,read-2023,1
100,christian-fiction；clean-ya,2
112,audiobook；science-fiction-fantasy,2
116,dystopian-fiction,1
119,sci-fi；young-adult,2
