Row,Tags,Tag_Count
2,5-stars；a-young-adult；arcs,3
3,asian-authors；south-asian-rep；ya-fantasy-favorites,3
5,2023-releases；arcs；library-2024,3
8,2023；fantasy；young-adult,3
9,5-star-reviews；advanced-reader-copies；epic-fantasy,3
11,arc,1
14,netgalley-arcs；really-enjoyed,2
15,fantasy；ya,2
17,2023-releases,1
19,arc；fantasy-romance；kindle,3
20,giveaways；owned,2
22,faves,1
23,mar-2024,1
24,netgalley,1
27,fantasy；fiction；friends-first,3
28,first-reads；staff-picks,2
30,other-reviews,1
32,fantasy；young-adult,2
33,netgalley-reads,1
35,2023-best-of；4b-silver；codexians,3
37,arcs-netgalley-reviews；best-of-2023；books-reviewed,3
38,2024-coyer-unwind；fantasy；happily-ever-after,3
39,2023；arcs,2
46,arcs；ya-fantasy,2
55,2023-arcs；best-of-2023,2
59,arc,1
63,arc-list；netgalley,2
64,arcs-2023,1
67,kindle-earcs,1
69,2023-releases；arc；e-book,3
70,netgalley,1
72,arcs-read；fantasy-ya；netgalley,3
73,giveaways,1
75,2023；arc-books；best-reads-2023,3
76,unputdownable,1
77,arc；fantasy；young-adult,3
79,2023-books；advanced-reader；goodreads-giveaway,3
86,2023-read；dnf-but-i-tried；netgalley,3
88,2024；fantasy,2
91,arcs-earcs,1
100,ebook；fantasy,2
101,2023-arcs；2023-releases；arcs,3
104,goodreads-giveaway,1
105,netgalley,1
106,giveaway-books,1
111,giveaways-from-goodreads,1
115,authors-of-color；fantasy；ya,3
119,giveaway-wins-ʚɞ,1
121,arcs,1
127,2023-read；4-stars；arc,3
128,friends-to-lovers；great-magic-system；literary-bouquet,3
