Row,Tags,Tag_Count
1,audiobooks；fantasy,2
3,dnf,1
6,adult；fantasy；kindle-unlimited,3
8,badass-fmc；fantasy；werewolf,3
28,2023；2023-favourites,2
39,friend-to-lovers；marriage-of-convenience；monster-romance,3
48,kings-of-avalier,1
50,reads-23,1
54,favorites；on-calibre；on-kindle,3
56,fantasy；magic-witches-warlocks；shapeshifters,3
79,read-2024,1
83,fantasy；romance；werewolf,3
87,fantasy；reviewed-by-me；romance,3
91,2023,1
101,2024；mf,2
122,arcs；dragons；fairies,3
147,2023,1
150,audio；fantasy；mf,3
160,fantasy,1
162,mar24,1
194,2023-reads,1
260,3-stars；adult；authors-r-z,3
261,más-esperados-del-2023,1
266,physical-tbr,1
283,2023,1
286,badass-heroine；dnf；fantasy,3
291,booktok-recommendations,1
