Row,Tags,Tag_Count
0,arc；double-stuffed；favorites,3
1,arcs-2023；read-2023,2
2,kindle-unlimited；read-in-2023；romance,3
3,2023,1
5,read-2023；romance-mf；romance-monster,3
7,arc-netgalley-or-alc；dragons；monster-alien-sci-fi-romance,3
8,paranormal-romance,1
9,kindle-unlimited-addiction；read-ebooks,2
12,3-and-some-extra-stars；midnight-read-got-zero-sleep；paranormal-sparkly-stuff,3
14,2-stars；paranormal,2
15,b-kindle-unlimited；c-fantasy；fmc-wounded-bird,3
17,paranormal-romancing；pregnancy,2
18,1st-person-dual-pov；2023-reads；accidental-pregnancy,3
20,dragons-sexy；magic-wielders；mate-bonds,3
23,2024-reads；dnf；fantasy-scifi,3
24,kindle-unlimited；z-2023,2
26,2023-reads；paranormal-romance；shifter-vampire-faerie-witch,3
27,monster-romance；urban-fantasy,2
30,lillian-lark,1
35,clairvoyants；dragons；fae,3
38,3-stars；contemporary；do-not-do-a-reread,3
39,romance-monster；romance-paranormal,2
40,2nd-chance；accidental-pregnancy；alpha-male,3
44,alpha-hero；angst-and-heartbreak；breeding,3
46,book-funnel,1
50,cat；creators；criminals,3
51,2023-reads；fave-romances,2
54,paranormal-romance,1
67,0-1-book-hell-no-book,1
69,fantasy；kindle-unlimited；romance,3
70,2023-reads；ansgty-af；monster-alien-paranormal-romance,3
72,fantasy-paranormal；kindle-unlimited；monster-alien-vamp,3
74,monster；pregnancy,2
76,4-ku；bag-end-book-club；genre-fantasy-urban-pnr,3
78,5-star-reads；kink-breeding；level-3-spice,3
82,erotic-novels；my-fantasy-world；shifter-romance,3
83,arc；contemporary-romance；fantasy,3
89,fantasy；monster,2
94,contemporary-romance；gimmie-that-monster-dick,2
95,dragons；monsterromance；paranormal-romance,3
101,arcs,1
102,2023；monster；pnr-monster,3
107,series；standalone；urban-fantasy,3
108,breeding,1
110,arcs,1
115,adorable；dragons；erotica,3
117,2024；kindle-unlimited,2
124,mf-paranormal；monster,2
129,fantasy；monster-romance；romance,3
133,2023-read,1
143,2023-read；adult；dnf,3
147,fantasy；romance,2
149,3-and-a-half-stars；breeding-kink；ku-borrowed-title,3
151,scifi,1
153,2024-books-read,1
161,monster-lover,1
164,scales,1
168,2023-releases；dragons；enemies-to-lovers,3
169,4-stars-just-barely；book-boyfriend；books-of-2023,3
170,accidental-pregnancy；double；fated,3
172,the-book-list,1
174,breeding-kink；fantasy-romance；pregnancy,3
178,baby-daddy；monster；supernatural,3
180,arc,1
182,2023-read；artist；breeding,3
185,library-of-alexandra,1
188,age-25-plus；body-betrayal-syndrome；burn-rate-fast,3
193,fantasy-pnr-scifi；x-dnf,2
205,2023；paranormal；romance,3
206,2023；monster-sff-prn-romance,2
207,ku-2023；read-2023,2
209,family；fantasy；romance,3
210,2024；pregnancy-breeding-trope,2
211,all-time-fav-rereads,1
213,blusher-si-koya；connoisseur-for-sex-for-reasons；fated-mates-yarn,3
217,fated-mates；favorites；forced-proximity,3
218,adult-series；paranormal；shifters,3
225,enemies-to-lovers；mafia-mc；monster-romance,3
226,2023-tbr,1
229,age-gap；enemies-to-lovers-or-bully；fantasy,3
234,social-media-ad,1
237,2023-releases；aud-adult；b-series,3
239,accidental-pregnancy；age-gap-romance；fated-mate,3
240,2024,1
241,favorites,1
242,dragon；fantasy；found-family,3
245,2023-reads；ebooks；spicy,3
256,book-crack；kindle；pure-smut,3
258,24-read；fated-mates；forced-proximity,3
263,age-gap；faves-read-in-2023；forced-proximity,3
266,digitally-owned；read-in-2023,2
270,kindle-unlimited；paranormal；part-of-a-series,3
275,abuse；age-gap；babies,3
280,03-24,1
292,2023-reads；dragons；emotional,3
293,read-2023,1
297,0-2023-read；5-star；6star,3
