Row,Tags,Tag_Count
1,spicy-novellas,1
2,gimmie-that-monster-dick,1
4,2023-reads；tentacles,2
12,monster-lovin,1
13,fantasy；monster-romance；novella,3
18,adult；book-series；dark,3
23,arc；beta,2
24,arcs,1
25,serie-complete,1
26,2023；2023-indie；dom-brat,3
30,adult；alien；kindle-ebook,3
40,erotica；first-love；insta-claim,3
50,2023-releases-read,1
56,fairy-tales；fantasy-mid；fiction,3
57,jail,1
60,favorites,1
61,booktalk；dark-fantasies；demons,3
81,read-on-paperback,1
