Row,Tags,Tag_Count
1,2024-reading-challenge；chick-lit；lgbtqa-friendly,3
4,monster-pnr-fantasy；why-choose,2
5,2023-reads；angels-and-demons；apocalyptic,3
6,educated-fmc；fast-burn；fated-mate,3
8,2023-books；buddy-group-read；fantasy,3
9,2023-reads；greek-mythology；mythology-inspired,3
11,fantasy-favorites；favorite-why-choose,2
21,death；fated-bonds-soul-mates；ghosts,3
22,mm；mythology；reverse-harem,3
25,2-ebook-read；3-favorites；3-lgbt,3
31,reads-of-2023,1
36,re-read,1
38,ku；reverse-harem,2
39,25-aged-characters；arc；fated,3
78,2023,1
84,2023,1
93,2023,1
97,dnf,1
104,fantasy；why-choose,2
