Row,Tags,Tag_Count
0,5-star-but-not-like-my-favorite；dual-or-multiple-pov；fantasy,3
1,arc,1
2,2023-releases,1
4,fantasy；lgbtq；personal-copy,3
5,audiobook；borrowed-overdrive；fantasy,3
7,lgbtq-sff；library-book；romance,3
9,arcs；audiobooks；queer,3
11,arc；fantasy-urban-fantasy；m-m,3
12,reread-tbr；wishlist,2
13,2023；audio；fantasy,3
16,mm-fantasy,1
18,2024-read；4-star；fantasy-and-scifi,3
19,bookshelf,1
21,adult-fantasy；fantasy；high-fantasy,3
23,2023-releases；a-adult；g-fantasy,3
25,audiobook；library-borrow；queer,3
26,2023-12-december,1
29,fantasy；queer-lit；romance,3
30,favorites,1
33,books-i-own,1
37,fantasy,1
38,sequels-to-books-i-ve-read,1
39,2023-releases；2024-tbr；fantasy,3
42,sue,1
44,adult；borrowed-audiobook；everend,3
45,dnf；fantasy,2
49,library,1
51,advanced-reader-copies；book-series；fantasy,3
52,adult；arcs；audiobook-listen,3
53,2023-books,1
54,adult；fantasy；lgbt,3
57,fantasy；relationships；societal-pressure,3
58,fantasy；romance,2
63,library,1
64,fantasy,1
66,2024-reading-challenge,1
68,queer-rep,1
71,2023；queer,2
76,audio-books；fantasy；queer,3
81,fantasy；own,2
82,fantasy,1
83,2024,1
84,2023；hurt-comfort；lgbt,3
88,audiobooks,1
89,queer,1
92,fantasy；lgbtq,2
93,arc-books；fantasy；lgbtqia,3
95,fantasy；queer-literature；queer-romance,3
102,2024-tbr；fantasy-sci-fi,2
103,rebekah-reads-2023,1
104,favorites；queer-romance,2
107,court-intrigue；fantasy；lgbt,3
111,adult；ebooks；fantasy,3
112,books-from-2023,1
114,bipoc-main-characters；character-driven；diverse-characters,3
115,tragic-little-gay-men,1
118,arc-physical；netgalley；queer-lit,3
120,arc；favorites；reviewed,3
121,fantasy,1
126,2023；court-intrigue；fantasy,3
127,my-very-favourite-books；my-very-favourite-fantasy-books,2
129,2024-reads；adult-fic；audiobook,3
132,2023-reads；lgbt,2
133,fantasy；lgbtq；romance,3
137,lgbt-books；my-favorites,2
142,magic-spells-potions-etc；mind-games；mystery,3
145,audiobook；favorites；owned,3
146,favourites,1
147,i-just-like-the-cover；queer-stuff-for-queer-me,2
148,own,1
149,fantasy；romantasy,2
150,favorites,1
151,dnf,1
155,lgbtqia,1
156,21st-century；fantasy,2
157,did-not-finish；historical；library,3
161,2024-reads；adult；fantasy,3
163,series-ongoing,1
164,fantasy；lgbtqa；rooooomance,3
165,borrowed；paperback,2
166,adult；cover-love；fantasy,3
167,fantasy；lgbtq；romance,3
168,fantasy；queer,2
169,2023；arc；fantasy,3
172,2023-releases；achillean；books-i-own,3
177,fantasy；romance,2
179,great_narration；great_storyline,2
182,2023；5-star-fiction；doorstopper,3
185,2024；2024-52-book-club；fantasy,3
186,fantasy-high-fantasy,1
192,2023-release；fantasy；priority-tbr-2023,3
198,2024-read；adult；audiobook,3
202,arc-galley-reads,1
203,2023-books-read,1
211,favorites；gay-romance；gay-romantasy,3
212,lgbt,1
224,fantasy,1
227,did-not-finish,1
228,otherworld-fantasy；physically-handicapped-characters；queer,3
229,genre-fantasy；genre-romance-fantasy；library-book,3
236,favorites,1
238,lgbt-fiction-faves；scififantasy,2
250,adult,1
251,libri-queer,1
252,lgbt-mm-sffr,1
253,fantasy；lgbtq,2
256,adult；fantasy；favourites,3
257,fantasy；fiction；lgbtqa,3
260,2023；genre-romance；genre-scifi-fantasy,3
262,audiobook,1
264,2023-anticipated-releases,1
267,queer,1
272,favorites,1
273,arc；author-australian；author-queer,3
274,2024-books-i-read；adult-fiction；owned-audiobook,3
276,audiobooks；genre-romance,2
277,2024-bookbook；the-library-of-dakota,2
280,ebook,1
281,wishlist,1
283,fantasy；lgbt；mlm,3
288,favorites,1
289,a-world-to-step-into；i-own-this-shit；lgbt,3
294,fantasy；fiction；lgbt,3
298,fantasy；fiction；m-m,3
299,audible；fantasy；lgbtq,3
