Row,Tags,Tag_Count
0,audible；audio-books；read-in-2024,3
1,e-books；fantasy；female-authors,3
2,enemies-to-lovers；sci-fi；space-opera,3
3,2023-reads；futuristic；romance,3
5,romance；science-fiction,2
6,2023-all；2023-new；library-ebook,3
8,audio2023,1
9,2023；ebook；library-brooklyn,3
10,libby；science-fiction-romance,2
11,adult；arc；ebook,3
12,fantasy；romantic-elements；sci-fi,3
13,1-owned；2023-release；read-2023,3
14,character-alien；genre-space-fantasy；trope-enemies-to-lovers,3
15,2023-books；laugh-out-loud；romance,3
16,fantasy；fantasy-romance；science-fiction-romance,3
17,fantasy；romance,2
18,dnf,1
19,read-in-2023,1
20,audiobook；dual-point-of-view；dual-pov,3
21,2023；audio-book；listened-to-at-work,3
22,4-stars；ebooks；kick-ass-heroine,3
26,sci-fi,1
27,2023-read；aristocracy；assassins,3
30,ebk,1
31,dnf,1
35,sci-fi-fantasy,1
36,avail-at-public-library；romance；sci-fi,3
37,2023-release；received-for-review；science-fiction-romance,3
39,space-opera,1
40,5-star,1
42,favourites；read-in-2023；science-fiction,3
45,fantasy；romance；science-fiction,3
46,audio,1
48,hero-isnt-an-alpha-dickhead；strong-smart-heroine；will-read-the-sequels,3
50,court-intrigue；psions；read-in-2023,3
53,space-fiction,1
56,futuristic；regency；space-opera,3
57,favorites；favorites-2023；science-fiction-read,3
66,2023；favorites；romance,3
67,2023；audio；romance,3
69,2023；science-fiction,2
70,fated-mates；futuristic；magical,3
76,2nd-book-in-a-trilogy；2nd-book-in-series；auto-read-author,3
79,space；steampunk,2
83,assassins；fist-a-cuffs；futuristic,3
84,fantasy；romance；sci-fi,3
85,romance,1
88,2023；partly-read,2
92,magic；psychics；romance,3
93,2023；ebook,2
96,fantasy,1
97,sci-fi；space,2
99,audible；its-called-character-development；magic-with-a-captial-m,3
108,sci-fi-rom,1
110,ebook；kindle；own,3
112,adult；paranormal；romance,3
113,assassin；bodyguard；boring,3
115,5-star-books-2023；november-pick-for-me,2
116,mate-bonds；scifi-romance,2
128,july-2023；read-in-2023；sci-fi-2023,3
133,audible；science-fiction,2
134,sff,1
137,creative-worldbuilding；science-fiction,2
138,ebook-owned,1
145,scifi,1
151,2023；ebooks,2
154,drama；females-who-fight-back；frustrating,3
155,ebook；romance；sf-fantasy,3
159,04-stars；2023；science-fiction,3
162,2023-all；2023-new；format-ebook,3
163,paranormal-romance；psionics；sci-fi,3
168,2023-release；fantasy；science-fiction,3
171,5-star-reads,1
179,fiction；romance；science-fiction,3
182,action；magic；own-ebook,3
183,aliens-outer-space,1
185,2024；audio；science-fiction,3
188,romance；science-fiction,2
189,para-normal-military,1
190,fantasy；read-in-2023；romance,3
192,read-in-2023；reviewed-for-smexy；science-fiction,3
193,2023；arcs；author-jennifer-estep,3
199,arc；psychic；space-opera,3
200,karen-fisher,1
201,audible；re-reads,2
