Row,Tags,Tag_Count
3,solaria；you-make-me-un-poco-loco,2
6,2024-releases；adult-na；faeries,3
8,reviewed；upcoming,2
12,fantasy,1
16,my-thirteen-reasons-why；no-brain-cells；snoozefest,3
17,favorites,1
19,2-stars；fantasy；skim-skim-skimmerrr,3
20,book-boyfriend；enemies-to-lovers；favorite-series,3
24,kindle-unlimited；new-adult；no-plot-detected,3
27,breathlessly-anticipating,1
30,fantasy-or-pnr；grumpy-sunshine；love-her,3
31,what-if-this-was-my-13th-reason,1
36,anticipated-releases；most-anticipated-releases；series-to-complete,3
37,anticipated,1
44,romance-fantasy-pnr,1
45,reviewed,1
48,fantasy-romance-tbr；indie-tbr；smut,3
49,am-i-prepared-for-this-ending；book-about-best-friends；book-about-family,3
61,2024；fantasy,2
62,fantasy,1
65,upcoming-releases,1
66,3-stars,1
67,2024-releases；genre-bisexuals；genre-fantasy-na,3
68,2024；fantasy；favorites,3
77,dark-fanatsy；dark-romance；fantasy,3
80,fantasy-romance,1
89,genre-fantasy；rating-1-star；released-2024,3
96,dark-academia；dystopian,2
104,5-star-reads,1
115,upcoming-releases,1
117,fantasy；new-adult-or-adult；paranormal,3
119,adult-romance；age-gap；arc-copy,3
120,romantasy,1
122,4-stars；fae；fantasy,3
124,2024-books-completed-read-dnf,1
129,dnf；read-kindle,2
140,2024；arc-beta,2
147,kindle；spring-2024-tbr,2
163,fantasy-romance；favorites,2
164,favorite-couples；favorites,2
184,5-star-reads,1
188,favorite-book-boys；favorite-book-girls；top-tier-couples,3
203,dragon-books；fantasy-romance；favorite-books,3
211,fae；fantasy；kindle,3
213,favourite-books,1
217,kindle-unlimited,1
265,fantasy；romance,2
277,emotional-damage；fantasy,2
286,5-star-books；all-time-favorites；books-i-read-in-2024,3
289,2024,1
292,romantasy-x1f498,1
294,2024；audible；audio,3
