Row,Tags,Tag_Count
0,2023；humour,2
7,bücherregal,1
9,fantasy,1
13,deutschsprachige-literatur；fantasy,2
14,audio-books；read-in-2023,2
21,books-2023,1
36,fantasy,1
38,fantasy,1
40,bücherei；nostalgia；not-ya,3
43,fantasy；reihe,2
50,beauties；library；read2023,3
64,rezensionsexemplare,1
65,read-2023,1
70,waiting-for-this-book,1
72,fantastisches；geschrieben-21-jh,2
77,audible,1
85,2023,1
89,2024,1
93,audible；listened；read-in-german,3
94,2023,1
108,fantasy-is-my-whole-life；these-got-borrowed-to-me,2
113,2024,1
116,audible；read-in-2024,2
123,fantasy；pk,2
