Row,Tags,Tag_Count
1,5-star-reads,1
4,favs-longlist；format_novel；genre_mythic-fantasy,3
5,2023；ancient-fiction；fantasy,3
6,2024-reads；adult；fantasy,3
7,netgalley,1
10,21st-century-british；fantasy；in-2023,3
13,2023-releases；adult-fantasy；all-time-faves,3
16,advanced-reading-copy；covers-i-love；demons,3
20,arcs,1
21,faves,1
23,2023,1
34,netgalley,1
36,2023,1
44,mythic-fairytale-themed-challenge,1
46,ancient-world；fiction,2
51,reviews,1
57,fantasy；history；scifi,3
59,2023,1
61,non-embarrassing-shelf,1
62,netgalley-reads,1
63,2023；books-in-a-series；fiction,3
65,histfic,1
74,2023-into-the-forest-challenge；mythic-fiction；mythology,3
90,edelweiss；fantasy,2
93,historical-fiction,1
97,2024,1
98,myths,1
99,adult-fiction,1
100,fantasy,1
105,sf-fantasy,1
116,scifi-and-fantasy-book-club,1
119,historical-fantasy；mythology-folklore-etc；owned,3
120,fantasy；mythology,2
136,2024-favourites；historical-fiction；lgbtqia,3
148,favorites,1
150,2023,1
