Row,Tags,Tag_Count
0,reviewed-reads,1
1,2023-4-stars,1
4,black-authors；libro-fm-library,2
6,fiction；mythology；netgalley,3
7,1st-person-pov；2023；arc,3
9,arcs-read；colonizer-romance；generic-uninspired-fantasy-books,3
10,2023-reads,1
11,class-gender-race；fantasy；illumicrate-and-fairyloot,3
12,arcs-finished；audience-young-adult；black-authors,3
13,dnf,1
14,adult；fantasy,2
16,2023-reads；arcs-earcs,2
17,audio；author-of-color；black-author,3
18,black-books；ya-fantasy；ya-romance,3
29,action-packed；best-of-2023；enemies-to-lovers,3
30,netgalley,1
31,twenty-twenty-three,1
35,2023,1
39,arcs；enemies-to-lovers；fantasy,3
42,2023；bipoc-bookshelf；fantasy,3
43,fairyloot-books；previously-owned,2
47,arc；ebook；mythology,3
48,fantasy；my-library；romance,3
49,net-galley-reads,1
50,arcs；netgalley,2
52,on-my-bookshelf,1
54,arcs,1
56,2023-releases；arc；audiobook,3
57,2023-challenge-books；fantasy；kindle-reads,3
62,my-shelf-irl,1
63,audio；fantasy,2
64,bought-2023；debut；fantasy,3
67,arcs,1
72,arcs；own；reccomended,3
73,2023；african-culture；arc,3
75,fairyloot,1
77,arc-s；netgalley,2
79,2023-debuts；sff,2
82,dnf；netgalley,2
83,arcs,1
84,author-of-color；black-author；fantasy,3
86,dnf,1
94,2024-challenge；2024-uno；4-stars,3
97,bad-dnf,1
110,fantastical；mine-mine-mine；winner-winner,3
111,2023-release；fantasy；physically-own,3
114,net-galley,1
115,2023；arc,2
118,2023-favorites；favorites,2
119,owned,1
124,2-star；abuse；fairyloot,3
125,kindle-reads；library-books,2
126,2024-02；fairyloot；series-in-progress,3
127,fairyloot,1
133,ashy-needed-lotion；awesome-cover；diverse-fiction,3
136,netgalley-books,1
139,fantasy；netgalley-arc；politics,3
140,netgalley,1
141,fairyloot；netgalley；owned-read,3
143,booktuber-bookstagram-booktok；fairyloot-illumicrate-botm；high-praise,3
144,netgalley,1
145,fairyloot,1
147,netgalley,1
155,arcs-alcs-beta；netgalley,2
156,arc-reads-2023；book-reviews；fantasy-reads,3
157,fantasy；mystery-suspense；series,3
159,fantasy；ya-fantasy；ya-hall-of-fame,3
164,arc,1
165,fantasy,1
166,library-books,1
171,fantasy；favorite-covers；netgalley-arc-reads,3
172,fantasy；owned,2
174,arcs；fantasy；feminist-reads,3
179,arcs,1
183,2023-reads；fantasy；romance,3
187,feather-wip-comps；fiction；mfa-reading-list,3
189,2023,1
190,african-mythology；netgalley-arcs；young-adult,3
193,arcs；giveaways；own,3
196,did-not-finish,1
197,2023；fantasy,2
201,owned,1
203,arcs,1
204,arcs,1
205,2023-favorites；disability-rep；lgbtqia2s,3
207,2023；ebooks；rc,3
209,black-authors；fantasy；female-led,3
210,2023-releases；3-star；age-adult,3
213,arc；books-i-own；netgalley,3
214,fantasy；fantasy-romance；magic,3
216,arc；fantasy,2
219,owned,1
225,adventure；arcs；fantasy,3
226,fantasy；netgalley,2
229,2-stars；african；black-mc,3
230,arc,1
231,arc,1
240,fantasy；young-adult,2
241,netgalley,1
243,new-to-me-author,1
246,sci-fi；to-read-adult,2
252,netgalley-2023,1
261,collection-arc-2023；genre-fantasy,2
264,arc-s；netgalley,2
266,2023-reads,1
269,fantasy,1
272,owned-books,1
274,dnf,1
281,fairyloot,1
282,bookbox-fairyloot；ongoing-or-need-to-complete-series；retelling-mythology,3
283,read-no-physical-copy,1
286,addictive；beautiful-characters；beautiful-world-building,3
288,netgalley-tbr,1
295,dnf,1
296,ebook；fantasy,2
298,black-leads,1
