Row,Tags,Tag_Count
0,made-me-cry；mm-romance；queer-themes,3
2,gay；gays-in-space；lgbtqia,3
6,2023；coming-of-age；lgbtq-plus,3
10,arcs-freebies；delightful；mm,3
12,elizabeth,1
13,adora-belle；aliens；comfort-read,3
16,2023-releases,1
21,ebook；fiction；library,3
24,lgbqt；science-fiction；sexy-time,3
41,2024；romance；science-fiction,3
43,lgbtq；romance；science-fiction,3
44,happy-endings-when-you-need-one；heroine-s-journey；music,3
47,aliens；romance；science-fiction,3
50,science-fiction,1
53,read-in-2023；science-fiction,2
65,lgbt；romance；science-fiction,3
66,queer-characters,1
68,popsugar-2024,1
70,2023；kids,2
