Row,Tags,Tag_Count
0,alpha-male；arc；dual-pov,3
1,abuse；arcs；dark,3
2,2-stars；erotic；paranormal,3
6,action；fated-mates；mf,3
10,5-stars,1
14,abuse；arc；not-a-standalone,3
15,2023；arcs；author-willow-winters,3
18,4-star-read；paranormal；read-in-2023,3
23,arc-2023,1
24,2023-read；5-star；alpha,3
51,e-book-reads,1
73,fated-mates；paranormal；shifter-romance,3
74,fated-mates；paranormal；shifter-romance,3
75,alpha；dark；explicit-content,3
76,action；at-his-mercy；dominant-alpha,3
80,arc-purchased；paranormal；romance,3
82,abuse；action；alpha-males,3
91,angst；arc；interconnected-series,3
98,ebook,1
114,monster；romance,2
116,paranormal-romance；shifter-romance,2
117,paranormalromance-tobeclaimed,1
119,ebooks-completed,1
123,action-packed；amazing；challenges,3
127,paranormalromance,1
131,book-hangover；mind-blowing；page-turning,3
143,books-i-read-in-september-2023,1
146,ebooks,1
148,shifter-romance,1
149,2023-arcs,1
160,arc；enjoyed；hea,3
162,arc,1
176,arc,1
191,arcs,1
193,spectacular-story,1
208,abuse-trauma；fantasy；pregnancy-kid,3
215,adult-fiction；contemporary；dark,3
