Row,Tags,Tag_Count
1,disappointing；subtle-romance,2
2,by-sea-authors；fantasy；historical,3
3,poc,1
4,fiction；historical-fiction；time-travel,3
8,dnf；science-fiction；upcoming-2023,3
9,arcs,1
10,china；fem-asian-authors；hyphenated-asian,3
11,fiction,1
13,contemporary；fantasy；fiction,3
16,owned-hardback,1
17,fantasy-and-sci-fi；fiction；literary-fiction,3
18,2024-reads；asian-representation；audiobooks,3
22,fiction；historical-fiction；sci-fi-fantasy,3
34,3-stars,1
35,netgalley-reviews,1
36,3-star；netgalley；time-travel,3
37,east-asian-fantasy；form；historically-based,3
38,bipoc-authors；netgalley,2
39,fantasy；novels；sci-fi,3
41,2023；netgalley,2
43,first-reads,1
46,arc-list,1
49,historical-fiction,1
51,times-read,1
52,netgalley,1
53,2023；boc-2023；deep-female-relationships,3
54,2023books,1
56,brain-candy；contemporary；fantasy,3
57,2023-read；borrowed-from-the-library；literary,3
63,2023；read-literary-fiction；read-magical-realism,3
73,arc-ad-pr；asia；historical-fiction,3
74,contemporary,1
75,fantasy；lit-fic；sci-fi,3
77,read-in-2023,1
80,verse；zzzzzzz-2023-arc,2
82,aty2024；didnt-finish,2
85,fiction,1
86,arcs；did-not-finish；sci-fi,3
90,2023；magical-realism；novels,3
93,netgalley,1
95,favs；mental-crisis,2
101,5-star-books；adult-fiction；authors-of-colour,3
102,dnf,1
105,fiction；hong-kong；time-travel,3
107,2023；readalongs,2
119,中国和台湾；adult-fantasy,2
124,asian；audiobook；contemporary,3
128,favorites；found-family；historical-fiction,3
