Row,Tags,Tag_Count
0,graphic-novel-illustrations-manga；lgbtq；love-this-cover,3
1,achillean-romance；adult-sff；animal-companion,3
2,danmei,1
3,21st-century；chinese-lit；fantasy,3
4,favorites；favourite-23-of-2023,2
5,achillean；august-2023；cover-love,3
6,asian-authors；bl；lgbt-mc,3
7,favorites,1
12,favorites,1
14,2024,1
17,favorites,1
19,2024；adult-paranormal-uf；angels-and-demons,3
21,danmei-baihe,1
22,september-2023-tbr,1
24,awesomest；chinese；lgbt,3
29,east-asian-literature；fantasy；lgbt,3
30,2020s；chinese-lit；fantasy,3
34,favorites；favourites,2
38,bi-the-way；queer；series-ongoing,3
39,2023-reads；danmei；fantasy,3
40,3-5-stars；boys-who-like-boys；cover-love,3
44,danmei,1
46,danmei；mystery；paranormal,3
48,bl；fantasy,2
51,danmei；fantasy；mm-bl,3
52,danmei；favorites；urban-fantasy,3
53,asian-authors；danmei,2
55,fantasy；lgbtqia-fiction；translations,3
57,darlings,1
63,bl-danmei；china；fantasy,3
67,dnf,1
73,2023,1
75,owned,1
79,asian-and-asian-inspired；danmei-read；diverse-read,3
84,faves,1
86,danmei-and-manhwa,1
91,light-novels,1
92,23-books,1
93,fantasy；february-pile；lgbt,3
95,danmei；lgbt-adult；translated-work,3
96,contemporary；danmei；queer,3
98,boys-love；china；contemporary,3
99,danmei；illustrated；owned,3
101,adult；contemporary；danmei,3
103,2023；bage-mature；bage-young-adult,3
104,2024；in-english；owned-book,3
105,2024-reads；fantasy；light-novels,3
106,webnovels-lightnovels-translations,1
108,2023-popsugar-reading-challenge；danmei-or-bl；favorites,3
109,bl；danmei,2
114,danmei,1
115,bl；chinese；danmei,3
116,dark；mm-romance；urban-fantasy,3
118,gave-up,1
119,mine,1
120,books-i-own,1
123,owned-books,1
124,china；contemporary；danmei,3
129,cbr15；cbr15-bingo；cbr15-passport,3
131,chinese-fantasy；danmei；queer,3
135,contemporary；fantasy；mad-max-battle-warriors-of-the-book,3
137,da-comprare-fisico；danmei,2
139,2024；danmei；fav,3
140,cnovels-xianxia-wuxia-more；gay-fantasy-theme,2
143,asian-drama-reads；fantasy；lgbtqia,3
149,danmei；fantastique；mxm,3
151,2024-tbr；danmei；i-own,3
152,danmei；lgbtqia；owned-books,3
153,currently-have；gay；series,3
154,unhauled,1
155,book-to-movie-or-tv；favorites；ghosts-or-people-who-can-see-them,3
156,2023-adult；2023-adult-fantasy-sf；2023-danmei,3
157,fantasy；fiction；international,3
163,bl-danmei-mm-books,1
164,boys-love；monsters；super-natural,3
166,danmei；lgbtq；light-novels,3
168,regular-books,1
170,fantasy；owned；queer,3
171,2023；fiction,2
174,2023,1
180,english-translated,1
181,danmei；fiction,2
182,44-at-44；books-read-off-my-bookshelves-2024；fiction-2024,3
185,2024；bl,2
188,high-fantasy；magic-but-this-world,2
191,adult-read；lgbtq,2
193,2023-favourites,1
196,fantasy,1
197,mm-supers-fantasy-shifter,1
198,light-novels,1
206,books-i-own；danmei；read-in-2023,3
208,bl-yaoi；danmei；novel,3
211,2023-release；adult-fantasy；danmei,3
213,books-i-own；danmei,2
216,favorites,1
217,light-novels,1
218,urban-fantasy,1
219,2023；3-stars；fantasy,3
224,danmei；my-love,2
225,paranormal；webnovels,2
227,owned,1
236,web-or-lightnovels,1
237,contemporary；danmei；fantasy,3
247,danmei；kindle,2
250,danmei-shelf-1,1
252,2023-releases；adult；asian-rep-or-author,3
261,contemporary；lgbt；mystery,3
262,borrowed-from-a-friend；the-did-not-finish-collection,2
267,g-romance；w-danmei；w-recs_from_friends,3
278,2020；20th-century；adult,3
281,danmei；favorites-of-2024；lgbtqia,3
283,contemporary；danmei；fantasy,3
287,china,1
288,rated-m-for-mature-spicy,1
