Row,Tags,Tag_Count
0,cute；environment；graphic_novel,3
1,arc；fantasy；graphic-novels,3
2,4-25-stars；graphic-novel；netgalley,3
3,books-read-in-2023；middle-grade-graphic-novel,2
4,flora-and-fauna；go-native；graphic,3
5,disability-mh-nd；fantasy；graphics,3
7,creatures-are-featured；ebook-laptop-phone；first-read-in-2023,3
8,2022-faves；lgbtq,2
9,comics；fantasy,2
11,ebook；netgalley,2
14,arcs,1
15,arcs,1
16,2023；fantasy；graphic-novels,3
18,fantasy；graphic-novels,2
20,favorites；owned,2
21,best-of-2023,1
23,fantasy-sci-fi；graphic-comics；the-infinite-library,3
25,top-tier-escapism,1
28,graphic-novel-manga,1
29,cozy-reads；graphic-novels,2
30,auteurices；emprunt-bibli；lu-en-2024,3
31,age-middle-grade；fiction-high-fantasy；read-2023,3
33,cómics,1
34,graphic-novels；studio-ghibli,2
36,2023；favorites；manga-comics,3
37,graphic-novels；owned,2
39,favorite-lgbtq-books；physically-owned-read-books,2
40,favorites；read-2023,2
43,graphic-novels；lgbtq；middle-grade,3
48,2023-reads；top-graphic-novels,2
50,2023-reads；2023-releases；arc,3
52,my-comics-n-manga；read-on-libby,2
53,fav-graphic-novels；favourite,2
55,fantasy；fiction；graphic-novel,3
56,2023,1
58,new-reads-2023,1
59,2023-books；fantasy；magic,3
60,4-star；childrens-middle-grade；fantasy,3
62,physical-owned,1
69,graphic-novels；middle-grade,2
75,graphic-novels-manga；middle-grade,2
76,4-5-twinkling-stars；comics-graphic-novels；octarine,3
77,2023-middle-grade；mg-graphic-novels,2
78,2023-reads,1
82,2023；arc-netgalley；favorites,3
85,arc；z-cus-1-3；zzz-2022,3
87,anticipated-2023-releases；comic-graphic-novels；cover-love,3
88,2023-into-the-forest-challenge；2023-release；2nd-world-fantasy,3
89,booktube-made-me-read-it；children-s-fiction；fantasy,3
90,comic-zoned；feeling-the-aster；friendship-of-the-unshakable-kind,3
92,read-2023,1
93,read-for-myself,1
95,graphic-novels-webcomics；lgbtqiap-rep,2
97,favorites,1
99,2023；foxenwood,2
101,read-2023,1
102,graphic-novel；juvenile；sci-fi-fantasy-paranormal,3
103,2023-reads；graphic-illustrated；queer,3
106,2023-read-your-shelves；fantasy；fiction,3
117,2023-release；fantasy；graphic-novel,3
118,fave-gns；faves-2023,2
119,fantasy；middle-grade；nonbinary-author,3
122,2023；arcs；graphic-novel,3
123,gn,1
126,graphic-novels-and-comics；middle-grade-books,2
128,2023-trades-read；lib-comics-read,2
129,2023,1
132,graphic-novels,1
135,other-comics,1
136,graphic-novels-and-comics；lgbtq；read-in-2023,3
137,graphic-novels-and-comics,1
139,comfort-books；fantasy；fav-books-of-2023,3
140,2023-arcs-and-digital-copies；middle-grade,2
141,graphic-novels；inspiration-for-me；liked-it,3
142,reviewed-in-2023,1
143,2024-reads；5-stars；autobuy-author,3
144,graphic-novel；queer；ya,3
147,fantsy；middle-grade；netgalley,3
150,2023-faves；graphic-novel；netgalley,3
151,kids-and-ya；sf-f-h；x2023-read,3
153,2024,1
155,books-i-own；comics-webtoons,2
157,netgalley-arcs,1
159,2023-2024-cybils-award,1
162,2023；fantasy；graphic-novel,3
163,by-library；read-in-2024,2
164,favorites；graphic-novels,2
165,arcs；arcs-ng；comics-graphic-novels,3
167,graphicnovels；librofm；middlegrade,3
170,arc；manga-comic-graphic；netgalley,3
171,arcs,1
172,net-galley,1
173,2023-ebook；author-queer；fantasy,3
175,arcs-or-review-copies；read-in-2022；released-2023,3
183,books-of-2024,1
184,manga-graphic-novel；middle-grade,2
185,comfort-reads；favorites；lbgtqa-reads,3
188,books-with-lgbtqia-characters；comic-books-and-graphic-novels；fantasy,3
189,kindle,1
193,disability-awareness；fantasy；fiction,3
194,graphic-novels,1
197,2023,1
198,end-of-2023-tbr；graphic-novels,2
200,don-t-own；r2024,2
201,comic,1
204,graphic-novel；middle-grade,2
205,arcs；graphic-novels-comics-manga；middle-grade,3
206,most-anticipated-2023,1
207,best-covers；best-of-2023；graphic-and-manga,3
209,fiction；graphic-novels；magic,3
210,abandonment；added；anxiety-disorders,3
216,fantasy；graphic-novels；middle-grade,3
218,childrens-graphic-novels；middle-grade,2
224,reading-rainbow-finished,1
226,middle-grade-and-lower；queer-sides,2
227,comics；fantasy,2
230,favorites；graphic-novels-manga-comics,2
232,genre-sf-f；mg；not-novels-graphic,3
235,elementary；fantasy；girls,3
236,graphic-novel-comics-manga；middle-grade,2
239,fantasy；graphic-novels,2
242,bd-comic；jeunesse,2
243,2023,1
245,childrens；comics；fantasy,3
246,animals；fairy-tales-folklore-myths；fantasy,3
247,graphic-novels；ya,2
253,fantasy；graphic-novels；kid-books,3
255,5-star-favorites-that-impacted-me,1
256,graphic-novels,1
260,23-24-read-your-hight,1
264,graphic-novels,1
265,2024-reads；physical-books-i-own,2
271,middle-grade,1
277,comics,1
279,graphic-novels-comics；new-zealand-lit,2
280,childrens；graphic-novels,2
281,graphic-novels；middle-grade,2
285,graphic-novels-read,1
287,2023；graphic-novels；mythology-folklore,3
288,cozy,1
289,arcs,1
290,library；read-in-2023,2
292,2023；fantasy；graphic-novels,3
293,i-own,1
294,cozy-fantasy；nb-queer；stand-alones,3
295,graphic-novels,1
296,z_read-2023,1
297,graphic-novels,1
299,cozy-fantasy；graphic-novels；mood-autumn,3
