Row,Tags,Tag_Count
0,fantasy,1
2,2023；horror,2
4,novella,1
5,2023-releases,1
8,2023,1
9,ghosts；gothic；thriller-or-horror,3
10,audiobook,1
12,fantasy；fiction；glbt-interest,3
17,short-fiction；supernatural,2
19,ebooks；fantasy；horror,3
20,short-lit-read,1
22,fantasy；historical-fiction；horror,3
24,ebook；horror；novella-anthology,3
25,a-tiny-bit-queer；four-stars；horror,3
28,fantasy；ghosts-ghouls-goblins；horror-thrillers,3
31,books-i-own；kindle,2
35,top-reads,1
40,in-my-library；mystery-horror；novella,3
41,auth-f-v；haiku；xg-horror-weird-fiction,3
44,anthologies-shorts；books-i-own；fantasy,3
49,2024,1
52,fantasy；ghosts；gothic,3
