Row,Tags,Tag_Count
0,audiobook；fantasy；gay-main-character,3
3,fantasy；fiction；romance,3
6,2023-reads；achillean；achillean-mc,3
7,arc；contemporary；pnr,3
10,2023-reading-challenge；summer,2
11,fiction；supernatural,2
12,arcs,1
15,contemporary；fantasy；found-family,3
16,genre-campy；genre-funny；genre-lgbtqia,3
18,sff,1
24,gay；mlm；na,3
27,book-releases-2023；e-books；favorites-aka-5-stars-books,3
30,advance-review-copy；cn-abusive-relationship；cn-murder,3
31,queer-tales,1
32,2023,1
33,2023；arc；audio,3
37,did-not-finish；ebook,2
39,lgbtq；quick-reads,2
40,audio,1
43,2023-release；fantasy；lgbtqia,3
48,2023；arcs；contemporary,3
52,abominable,1
57,audio；lgbt；shapeshifters,3
64,2023-audio；a-little-explicit-content；magical,3
65,2024；achillean；ebook-reads,3
66,contemporary；fantasy；lgbtqa,3
67,monsters-who-eat,1
69,2024-popsugar-reading-challenge；queer-sci-fi-fantasy,2
70,netgalley；queer-horror,2
71,books-i-own,1
72,net-galley-2024,1
78,books-horror,1
80,favourites,1
87,adult；gay；netgalley,3
88,favourites；owned-books；queer-lit,3
113,arcs,1
117,arc；read-2024-releases,2
118,un-able-to-finish,1
120,borrowed；comedy-parody；fantasy,3
122,read-2024,1
130,arc-read-and-reviewed,1
135,audiobook,1
137,netgalley,1
139,audiobook,1
144,arc,1
152,age-adult-adult,1
154,adult；audio-books；lgbtqia,3
158,netgallery,1
160,queer-books；review-copy,2
163,lgbt；male-author,2
165,nhsggc-reading-challenge-2023,1
166,2023-reads；arcs-read；audiobooks,3
171,2023-reads,1
172,lgbtqia；netgalley,2
173,achillean；adult；low-fantasy,3
175,on-my-kindle；reviewed-arcs,2
178,2024-reads；lgbtqia-rep,2
183,netgalley-arcs,1
186,2023,1
189,4-star-reads；queer-rep,2
190,elizabeth,1
191,drc；mlm,2
196,fiction,1
200,netgalley；thepigeonholehq,2
205,lgbt-content,1
212,abominable-book-club；fiction；horror-body-horror,3
213,netgalley,1
224,the-pigeonhole,1
235,2024；2024-netgalley,2
241,net-galley,1
248,social-media-sucked-me-in；sucker-for-the-cover；sucker-for-the-title,3
256,paranormal；werewolves,2
273,adult-fiction；audio-books；books-read-2023,3
274,rfantasy-bingo-2023；rfantasy-bingo-2023-release；rfantasy-bingo-bottom-of-the-tbr,3
277,2023-2024-releases；adult；queer-lit,3
280,fiction,1
281,gay,1
283,finn-solo；public-library,2
286,audiobooks；lgbtqia；paranormal-supernatural,3
295,3-stars；books-i-own,2
296,books-i-own-and-have-read,1
298,owned,1
