Row,Tags,Tag_Count
0,fantasy；in-my-home-library,2
2,2023-releases,1
4,criminally-underrated；fantasy；fun,3
5,fantasy-tbr,1
8,2024,1
9,arc；genre-action；genre-high-fantasy,3
10,arcs；fantasy；feminist-themes,3
12,2023-releases；enemies-to-lovers；pirates-mermaids-and-sirens-oh-my,3
13,arcs-2023；read-2023,2
14,adventure；high-fantasy；historical-fiction,3
17,november-2023-tbr,1
18,fantasy-romance-tbr,1
24,fantasy；found-family；historical-fantasy,3
27,fantasy,1
28,2023；arc；audio,3
31,2023-reads；arc；fantasy,3
32,2024-on-goodreads；ebooks-library,2
36,favorites-2023；pirates；read-in-2023,3
39,enemies-to-lovers；high-expectations；highly-anticipated,3
41,2023-11-november,1
45,my-love,1
47,4-star；fantasy；i-m-broken,3
49,book-hoarder-2024；own-for-my-collection-read,2
50,fantasy,1
53,fantasy；high-fantasy；oceans-mermaid-sirens-pirates,3
54,adventure；fantasy；fiction,3
56,dark-or-dark-themes；fantasy；netgalley,3
57,arc-review；audiobooks；from-publisher,3
67,want-to-buy,1
70,2023-read,1
72,netgalley；review-copies,2
73,arcs；ya-fantasy,2
74,sequels,1
78,2023,1
79,audiobook；netgalley,2
80,2023-published；2023-read；audience-young-adult,3
84,2023,1
86,fantasy,1
93,mermaids；read-in-2023,2
95,2023；2024；on-my-shelf,3
96,eventually-going-to-read；i-already-own；loved,3
97,owned,1
98,2-stars；fantasy,2
100,audio-books；public-library,2
108,read-in-2023,1
109,sorry-no-thanks,1
111,posiadane；recenzenci,2
113,english-read；not-owned-read；read-audiobooks,3
119,favorites,1
121,fantasy；fiction；historical-fiction,3
127,04-stars；ebook；libby,3
128,23-books-in-2023,1
129,added；alcohol-consumption；blood-and-gore-depiction,3
133,arcs,1
134,netgalley,1
138,fantasy；foreign-literature；leituras-2024,3
139,arc；audiobook；books-i-own,3
140,audiobook,1
143,2024-priority-tbr；favorites；read-in-2024,3
146,netgalley,1
149,2023-reads,1
151,fantasy；favorites,2
154,2023-faves,1
159,ebook；fantasy；feminism,3
160,books-i-own,1
163,fantasy,1
164,5-stars；all-time-fave-book-bfs,2
176,2024；e-books,2
179,2023-publish-date；audiobooks,2
180,2023；arcs,2
181,clean；fantasy；new-adult,3
183,fantasy；pirates；ya-na,3
190,5-star-reads；fantasy；young-adult,3
192,2023,1
193,series；ya-fantasy,2
197,2023-reads,1
222,2024,1
226,completed-series；fantasy,2
234,24-books-in-24,1
245,2023-books-i-m-excited-for,1
258,assassins；audio；fantasy,3
262,2023-reads；arc-reviews,2
263,ya-fantasy,1
264,magic-or-powers；nautical；ya-fantasy,3
270,moje,1
271,2024,1
275,audiobooks；fantasy；feminism,3
280,2024,1
289,ownbook,1
290,2024-reads；owned-books,2
291,fantasy；pirates,2
292,reads-in-2023,1
294,2023-netgalley,1
298,favorites-d；isn-t-out-yet,2
