Row,Tags,Tag_Count
0,arcs；books-that-speak-to-my-soul；fantasy,3
1,dark-fantasy；fantasy；folklore,3
6,2023-release；read-soon-sff；wnbsff,3
11,kindle；netgalley,2
14,bingo-2023；fantasy；read-in-2023,3
17,arc-s；netgalley,2
18,arcs,1
19,fairy-tale-retellings；fantasy；have-reviewed,3
32,netgalley-reads；underwhelming,2
33,21st-century-fiction；bought2023；fantasy,3
34,net-galley,1
36,fantasy；horror,2
37,adult；cover-love；e-book,3
38,netgalley,1
39,fantasy-horror；historical-fantasy,2
40,arcs,1
45,spec-fic,1
46,netgalley,1
47,ebook；fantasy；horror,3
49,genre-fantasy；genre-fiction,2
52,dark-fantasy；fantasy；five-stars,3
53,fiction；gothic；indie,3
54,netgalley-2023,1
55,arcs,1
57,dark-fantasy；mythology-and-folklore,2
59,dark-fantasy；fantasy；folklore,3
60,adult；dark-fantasy；fantasy,3
61,4-star-reads；audiobook；dark-fantasy,3
62,favorites,1
63,fantasy,1
64,arc,1
68,2023-releases,1
69,fantasy；folklore；horror,3
70,croatian-fantasy；fantasy；horror,3
71,fantastical；thrill-reads,2
72,dark-fantasy；fantasy；horror,3
75,fantasy；fiction；first-reads,3
77,adult；dark-fantasy；fantasy,3
78,arcs；netgalley,2
82,arc；on-kindle,2
84,arc-netgalley；booksreadin2024,2
91,dark-fantasy；fantasy；folklore,3
92,dnf,1
93,fantasy,1
99,underrated-gems,1
100,fantasy；folklore,2
101,1-star；netgalley-arcs,2
102,adult；dark-fantasy；fantasy,3
105,dark-fantasy；fantasy；favorite,3
108,adult；dark-fantasy；fantasy,3
