Row,Tags,Tag_Count
1,adult；arcs；fantasy,3
3,2023-anticipated-releases；intrigue；retellings,3
5,adult；arcs；fantasy,3
6,animals；audiobooks；cover-love,3
8,2023_reads,1
9,all-my-physical-books；dnf；new-adult,3
10,fantasy-romance,1
12,arc；fantasy,2
14,read-2023,1
16,dnf,1
17,arcs-2023；dnfs-2023,2
18,e-books,1
22,fantasy；romance,2
25,arcs-finished；audience-adult；buddy-reads,3
26,g-fantasy；g-romance-smut；new-releases-2023,3
27,2023；dnfed-series,2
28,adult；arc；audiobook,3
29,arcs-2023,1
32,arc；ebook；fantasy,3
34,arc-or-from-pub；exclusive-edition；fantasy,3
35,owned,1
37,netgalley,1
41,2-star-reads；adult-fiction；books-i-own,3
43,2023-releases；arcs；audio-books,3
44,gothic-romance,1
45,2024-books；released-2023,2
46,arc；audio；beta-hero,3
47,read-2024,1
49,netgalley；netgalley-arcs,2
52,18；2023；sp,3
57,arc-s；dnf,2
61,audiobook；met-author；netgalley,3
62,netgalley,1
63,2023；4-stars；adult,3
64,dnfed；fantasy-romance；magic-system,3
68,2024,1
71,2023-read；arc-2023；audiobook,3
73,arcs,1
75,2023-release；arc-netgalley,2
77,arcstodevour23；highhopes2023；tbr2023,3
85,read-in-2023,1
88,netgalley,1
94,arc；kindle；netgalley,3
100,netgalley,1
102,arcs；ebooks,2
105,adult；fantasy；oh-no-the-instalove,3
108,netgalley,1
110,arcs；read-in-2022,2
113,did-not-finish,1
114,netgalley,1
121,audiobooks；e-arc,2
122,arc-copies；audiobook,2
128,fantasy；gifted；netgalley,3
132,2023-books-i-read；adult-fiction；library-audiobook,3
136,fantasy；netgalley,2
141,fantasy；giveaways,2
143,arcs；audiobooks；netgalley,3
153,audio,1
159,dnf；fantasy,2
160,2023；alc；arc,3
161,arcs,1
162,dnf；fantasy,2
165,beloved-animal-companion-stays-safe；comfort-reads；eldritch-fun,3
166,scribd-audiobooks,1
168,bookclub；own；sci-fi-fantasy-paranormal,3
170,absolutely-awful；cringe；dnf,3
180,2023,1
191,dnf,1
192,two-and-a-half-stars,1
193,fantasy；romance,2
197,adult；arc；demons-and-angels,3
198,2023-favorites；disability-rep；necromancy,3
201,arcs-read；generic-uninspired-fantasy-books,2
221,fantasy,1
225,2023-1-2-star-reads；2023-edelweiss；2023-netgalley,3
227,angels-and-demons；fantasy；romantasy,3
230,adult-fantasy；dnf,2
231,net-galley,1
232,favorites,1
236,2023,1
246,fantasy；romance,2
247,netgalley；winners,2
248,netgalley,1
249,favorite-books,1
250,arcs,1
251,got-from-the-library；trigger-warnings-be-cautious,2
259,2023；arcs,2
260,read-in-2023,1
261,adult；disability-disorder-mental-illness；faeries,3
270,arcs；audiobook,2
272,currently-owned,1
277,netgalley,1
278,netgalley,1
281,arcs；disability-rep；fantasy,3
284,2023-release；net-galley-reads；owned,3
286,arcs-or-gifts,1
287,audio；fairyloot-et-al；fantasy,3
289,2023；adult；fantasy,3
293,fantasy；romance,2
294,2023-releases,1
297,arcs-and-galleys；fantasy-romance,2
299,net-galley,1
