Row,Tags,Tag_Count
0,arcs-read,1
3,netgalley,1
5,arc；dark-fiction；net-galley,3
7,audiobooks；fiction；great-cover-terrible-book,3
8,netgalley,1
9,audio；general-fiction,2
10,american,1
11,2023；favorites；horror,3
12,from-publisher；netgalley,2
13,adventure-thrillers；favorites；top-books-of-2023,3
14,2023-read；atmospheric；claustrophobic,3
16,cover-love；daddy-issues；i-read-it-right,3
17,netgalley,1
23,sci-fi；sci-fi-horror,2
25,favorites,1
26,dnf,1
27,broke-my-heart-with-disappointment；library,2
29,horror-suspense；mystery-thriller；sci-fi-dystopian,3
33,finished-in-2023；nature,2
34,dnf,1
35,contemporary；horror；library,3
36,crime-thriller；hype；literary-fiction,3
37,2023-read；fiction,2
40,2023-ng-group-challenge；action-packed；adult-fiction,3
41,pub-2023,1
42,fantasy；thrillers,2
44,science-fiction；suspense；thriller,3
48,netgallery,1
50,horror；thrillers-and-suspense,2
55,survival；thrillers,2
56,own-audiobook,1
59,audio；thriller,2
60,read-list-2023,1
61,arc；best-of-2023；netgalley,3
64,fiction,1
67,owned,1
68,2024；survival；thriller,3
69,animals；audiobook；review-copy,3
72,audiobooks；libby；literary-fiction,3
74,2023-faves,1
77,5-star-reads,1
80,300-350-pages-minus-plus；alternating-time-frames；animals,3
85,audiobooks；books-from-the-library,2
86,grief,1
88,audio,1
89,buddy-read,1
90,book-club；horror,2
96,audiobook；beasties；mystery-crime-thriller,3
99,fiction；speculative-fiction；whales,3
104,2023；books,2
111,2024-favorites；books-i-will-read-again；holy-shit-books,3
115,horror；science-fiction-dystopian,2
126,ugh,1
127,ebook；library,2
133,coming-of-age-horror；horror-masterpiece；modern-horror,3
142,horror；own；read_2024,3
146,mystery-thriller；sci-fi,2
147,ocean-themed-books,1
148,favorites；recommendations；staff-picks,3
151,read-in-2023,1
153,2023-reads；animals；contemporary,3
155,af,1
163,2023；read-for-review,2
165,added；body-horror；cancer-and-terminal-illness,3
167,goodreads-giveaways,1
171,adult；nature；sci-fi,3
172,audiobook；brutal；library-reads,3
175,2023-reads；horror；thriller,3
176,2023-reads,1
178,action,1
180,2023-release；audio；library,3
187,2024top50；favorite-author；favorites,3
188,my-kindle-books,1
189,2023-read；audiobook；horror,3
191,conservation-ecology；grief；read-2023,3
196,fiction；library,2
198,2023-books,1
201,horror-201-at-tombolo-books；horror-read,2
203,horror,1
204,action-adventure；science-fiction,2
212,audiobooks；fantasy-and-sci-fi,2
218,2023-reads；book-club,2
221,environmental-story；fun；i-loved-it,3
223,all-timers；five-stars,2
224,mystery-crime-thriller,1
228,favorites-of-2024；jan-2024-tbr,2
229,queer,1
249,borrowed,1
251,net-galley,1
252,2stars,1
253,favorites-2023；thriller-suspense,2
254,arc,1
264,endoftheyeartbr,1
267,animals；death；fiction,3
268,2-stars；audiobooks；new-release,3
270,animals；audiobooks-read；fiction,3
272,adult-or-new-adult,1
273,abuse-parental；afterlife；death,3
275,mark-reviews-horror-novels,1
281,giveaways-arcs,1
282,a-big-steaming-heap-of-wtf-ery；arc-reviewers-copy；audio-book,3
286,2023-aty；2023-books；survival,3
291,action-adventure；spooky,2
296,thrilling,1
