Row,Tags,Tag_Count
3,2023；4-stars；next-level-banter,3
4,arcs,1
6,2023-books；fantasy；favorites,3
7,demons；fantasy,2
10,dark-hair-grey-morals；fantasy；fantasy-romance,3
11,2023-read；fantasy；favorites,3
12,fantasy；favorites；my-perfection,3
16,cozy-fantasy；of-legends-and-fairytales；owned-books,3
21,2023-favorites,1
25,fantasy-read；read-in-2024；romantasy-read,3
29,adventure；badass-leading-ladies；bloody-times,3
30,banter；duty-vs-love；enemies-to-lovers,3
35,2024；adult-fantasy,2
36,2023；boring-annoying-or-stupid-mc；demons,3
38,instagram-arc,1
39,absolute-bangers,1
51,2023-reads；5-star-reads；fantasy,3
52,monthly-tbr；read-2024,2
55,2024,1
73,2023；favorites,2
74,amazon-finds；check-out-that-cover；double-double-toil-and-trouble,3
77,loveletters,1
80,read-2024,1
83,angels-and-demons；fantasy；grump-sunshine,3
85,did-not-finish,1
88,2023；all-time-favorites；angels-demons-gods-divine-creatures,3
89,all-time-favorites；demons；fantasy,3
90,cozy-light；magical-humans；romantasy,3
93,2023-reads,1
96,fantasy；romance,2
97,beloved,1
98,abuse；demons；dragons,3
100,fantasy；kindle-unlimited,2
101,enemies-to-lovers；fantasy；grumpy-hero,3
102,favourites；roadtrip-etc,2
105,fantasy-funny；fantasy-traditional；gods,3
107,favorites,1
112,4-star；abilities-and-powers；antiheroes,3
115,own,1
116,cover-envy；enemies-to-lovers；indie,3
117,favorites,1
119,2024,1
120,read-in-english,1
125,favorites,1
129,2023-read-books；fantastical-love-story；fantasy,3
133,book-boyfriend；fantasy-romance；love-the-slow-burn,3
135,favorites,1
140,favorites,1
157,comfort-reads,1
168,romantasy,1
169,adult；adventure；fantasy,3
175,fav,1
181,favorites,1
188,fill-my-bathtub-with-these；spooktober,2
192,auto-buy-authors；comfort-reads；enemies-to-lovers,3
197,will-read-again,1
204,fantasy；kindle,2
223,favorites,1
225,2023,1
233,fantasy；grumpy-sunshine,2
236,books-you-can-trust,1
237,fantasy-pnr-scifi-apocalyptic,1
238,kindle-unlimited-fantasy-read,1
243,fantasy,1
244,2023,1
255,amazing；feel-good-books；girl-power,3
256,romance；romantasy,2
260,fantasy；kindle-unlimited；spicy,3
269,bonkers；fantasy,2
272,dec-2023,1
278,novel,1
280,2024-read；favorites,2
291,i-love-you-b-tch；me-hizo-risa,2
295,favorites,1
297,fantasy,1
