Row,Tags,Tag_Count
0,arc,1
1,favorites,1
2,2023-books；science-fiction,2
3,booktube-booktok-recs；favorite-sff；sci-fi,3
5,sf；stopped-at-book-1,2
6,2024-favorites；lgbtqiap-rep；sci-fi,3
7,fem-author；scifi；sff-bookshelf,3
8,2024-read；arcs；lgbtq,3
9,2024-read；sci-fi,2
10,netgalley；science-fiction；space-opera,3
11,dnf,1
12,2023；lgbtqia；sff,3
13,sci-fi；sff-book-club-challenge,2
14,3-5-stars；g-sff；s-ff,3
16,owned_kindle；scifi-club-read,2
17,arc-reviews,1
18,netgalley；reviewed；science-fiction,3
21,2023_all-reads；2023_climate；2023_july_alf_hob,3
23,2023-read；5-star；fantasy-and-scifi,3
24,arc；auth-f；sf-f-h,3
26,fiction；lgbt；scifi-space-opera,3
27,2024srcspring；challenge-corner-solo-qtrly；challenger-corner-biggest-loser,3
29,favorites,1
31,adult-lit；lgbtq-lit；sci-fi,3
33,fun-reads,1
34,2023；arcs,2
35,books-i-own,1
36,i-recommend；lgbt；sci-fi,3
37,favorites-2023；genre-scifi；rating-4-stars,3
38,2023-releases；october-2023-tbr,2
42,2024；scifi,2
45,best-book-ever；best-fantasy-ever；best-in-2024,3
47,badass-women；character-driven；epic-fantasy,3
48,fiction；science-fiction,2
50,fiction；library-rental-audiobook；netgalley,3
51,2024；books-of-note；reviewed,3
52,favorites,1
53,2023；read-for-review,2
55,favs-of-2024,1
56,science-fiction,1
58,2024-sff-bookshelf-challenge,1
61,sffbc-readall,1
62,4-star,1
64,read-in-2024,1
65,2023-most-anticipated；queer；sci-fi,3
67,arcs；favorites,2
71,arcs；lgbtq；read-sci-fi,3
74,2023-releases；5-stars；adult,3
76,hell_bloody_no；sci-fi,2
79,cunning-and-plotty-mcs；fav-strong-fmcs；favorite-villains,3
83,arcs-giveaway；fiction；lgbtq,3
84,netgalley,1
87,bb-caffeine-legends；sci-fi,2
90,sci-fi；space-opera,2
93,read-in-2024,1
94,2023；released-in-2023,2
99,2023-reads；favourite-reads,2
100,book-box,1
102,lgbt-sapphic；lgbtq-transnbgf,2
103,favorites,1
107,2024-reads；5-star-reads；book-club,3
109,2023,1
116,dnf,1
117,fav-scifi,1
118,arcs；queer,2
119,2023-books；arc,2
120,science-fiction,1
121,enby-character；found-family；queer,3
123,arc；read-2023,2
125,sci-fi,1
131,for-blog；lgbt,2
132,review-copies,1
133,2023；anti-mimesis；arc,3
135,favorites,1
138,action-adventure；netgalley；part-of-a-series,3
144,lgbtq；netgalley；science-fiction,3
145,net-galley；science-fiction,2
147,sci-fi,1
152,ebook；lgbt；mystery-thriller,3
153,science-fiction,1
157,arcs；owned,2
158,fantasy；mystery；political,3
160,reviews,1
165,books-i-own；inkstone；numbered,3
167,fantasy；novels；politics,3
168,adventurequeer；audiobook；rogues-thieves-spies,3
171,received-arcs,1
173,netgalley-arcs,1
177,arc；audiobook；books-i-don-t-own,3
178,scifi,1
180,fantasy；meh；sci-fi,3
182,own,1
184,sapphic-mc,1
185,2024,1
187,favorites；read-2023；sci-fantasy,3
191,2023-books；ebooks；netgalley-co-uk,3
195,all-time-favorites；ongoing-series,2
198,popsugar-2024,1
207,sci-fi,1
217,favourites,1
218,arc；netgalley；sci-fi,3
219,free-arcs,1
220,collection-arc-2023,1
228,science-fiction,1
231,ex-mil-badass-possibly-ungendered-a；interesting-communication；scifi,3
233,epic-fantasy；recommend；sci-fi,3
235,favorites,1
237,author-woman-nbi；format-audio；genre-scifi,3
238,fantasy-sci-fi；latoya-s-library,2
243,science-fiction,1
244,sff-faves,1
248,2024；audiobooks；science-fiction,3
251,sf-fantasy,1
254,scifan-group-challenge,1
255,read-in-2024；sci-if,2
256,disability-rep-phys-or-mental；fantasy-magic-scifi；fiction,3
262,books-read-2024,1
264,2024-reads；fantasy；sci-fi,3
265,fiction,1
267,dnf-past-50-perc,1
268,read_in_2024,1
269,2024-reading-goals,1
279,faves,1
280,2023,1
285,2024；audiobook；sci-fi,3
290,queer；sci-fi,2
