Row,Tags,Tag_Count
0,reading-challenge-2023,1
1,2023；sci-fantasy,2
2,guerre-stellari；la-haute-république,2
3,star-wars,1
6,the-high-republic,1
8,star-wars-canon,1
9,star-wars,1
10,star-wars,1
12,starwars,1
13,star-wars；young-adult,2
16,queer-rep；star-wars-books；ya-fiction,3
17,read-star-wars,1
22,2023；fantasy；fiction,3
23,star-wars-books-ranked,1
25,audible；film-tv；star-wars,3
27,star-wars,1
32,star-wars,1
38,books-i-own；read-in-2023；star-wars,3
49,star-wars-books,1
50,disney-star-wars-universe；movie-tie-in；sci-fi,3
53,2023；star-wars,2
54,star-wars,1
55,fiction；skiffy；ya-fiction,3
61,3a-high-republic-phase-ii,1
63,audible；star-wars,2
64,my-bookshelf,1
66,star-wars-the-high-republic；y2023-favorites,2
67,star-wars,1
85,star-wars；star-wars-the-high-republic-phase-2,2
88,high-republic；star-wars,2
91,media-tie-ins；star-wars-books,2
94,2023；space-opera；star-wars,3
95,1-fiction,1
96,2024；ebook；from-library,3
97,2024-prose,1
102,2024；audiobooks；sci-fi,3
107,star-wars,1
108,2023-read,1
110,own,1
116,star-wars,1
117,2023；audiobooks,2
119,30booksummer-2023,1
121,audio,1
126,books-only-2023,1
127,star-wars,1
132,audiobook,1
138,fantasy；faves；outer-space,3
139,2024；star-wars,2
141,the-high-republic-2,1
144,star-wars,1
152,star-wars,1
154,star-wars；star-wars-the-high-republic-phase-2,2
158,star-wars,1
159,action-adventure；audiobooks；sci-fi,3
162,star-wars,1
164,star-wars,1
165,star-wars,1
166,2023；star-wars,2
170,fav-ones；star-wars,2
179,2023-releases；fantasy；fiction,3
189,audiobook；star-wars,2
192,action；best-of-2024；scifi,3
199,zz-2024-mar-new,1
212,review-books；star-wars,2
214,the-high-republic,1
216,2023；star-wars；ya,3
221,the-high-republic-phase-2,1
224,the-high-republic,1
