Row,Tags,Tag_Count
0,sci-fi,1
1,man-author；scifi,2
3,2023-read；canadian-content；dnf,3
4,2023；netgalley,2
6,climate-change；fiction；scifi,3
8,netgalley；urban-fantasy-sci-fi-etc,2
9,2023；arc,2
10,bechdel；speculatve-fiction,2
11,cyberpunk；science-fiction,2
12,failed,1
13,climate-fiction；science-fiction,2
14,science-fiction,1
21,arc；dystopian；own,3
22,climate；ebook；environment,3
25,climate-change；climatepunk；near-future,3
37,2023-books；los-angeles,2
41,politics-or-climate；sci-fi,2
48,science-fiction,1
57,2023-in-2023；21st-century；e-read,3
61,dnf；fiction,2
72,own,1
78,fiction；january；owned,3
82,sf-fantasy,1
83,fiction,1
84,americas；california；capitalism,3
90,books-read-2023；dystopian-utopian,2
95,2024-hugos；science-fiction,2
98,dystopia；environment；post-apocalyptic,3
99,skiffy,1
100,advance-reader-copy；dystopia；giveaway-wins,3
105,book-club；canadian；contemporary-fiction,3
122,arc-tor；ebook；fiction,3
128,fiction；philosophy；political,3
138,cli-fi；current-events；political,3
147,anthropocene-novels；california-fiction；science-fiction,3
149,dystopian；fiction,2
156,2024；sci-fi,2
174,2023-reading-challenge,1
179,library,1
180,audiobooks-2024,1
184,clarklibrary,1
193,slightly-future,1
206,fiction；not-for-me,2
207,distopie；ecologia；fantascienza,3
208,history-and-politics；sci-fi,2
210,climate,1
