Row,Tags,Tag_Count
0,adult；horror；lgbtqiap,3
2,horror；thriller,2
4,2024；bff-book-club,2
5,body-horror；book-club-read；favorites,3
7,academia；lgbt,2
8,horror,1
9,edelweiss-arc；favorites；wtf,3
11,1-star；adult-lit；bi-or-pan,3
12,horror；read-in-2024；short-stories,3
13,2023；lgbtq,2
14,favorite-reads-of-2023,1
16,hardcover,1
17,lgbtqiap,1
20,age-adult；lgbt-crime；lgbt-horror-and-thriller,3
21,galleys；horror,2
23,recent-want-to-reads,1
24,cannibalism；cozy-horror；mostly-vibes,3
25,horror；lgbt；romance,3
27,read-in-2024,1
28,2023；horror,2
29,advanced-reading-copy,1
31,horror-thriller；read-in-2024,2
32,horror；novellas；read-in-2024,3
34,2023-reading；horror-scary-thriller；netgally-reads,3
35,queer-lgbtqia,1
36,f-f-romance；horror；lgbt,3
43,2023-releases,1
44,f-f；horror；lgbtqia,3
47,horror-etc,1
51,girls-behaving-badly；horror；short-fiction,3
52,psyche-psychology；slasher-psycho-serial,2
54,horror,1
57,4-stars；challenge-2024；gothic,3
63,women-loving-women,1
64,2023,1
66,favorites；let-s-go-lesbians-let-s-go,2
67,book-inspiration,1
71,2023-read；cottage-core；gothic-horror,3
74,2024-reads；library-books-read,2
76,horror；lgbtqai-protagonists；standalone,3
78,own,1
80,favorite-books,1
81,2023,1
88,horror；novellas；queer,3
90,2023,1
92,2023-reads；2023-releases；5-star-reads,3
93,2023,1
95,arc；for-pleasure；horror-and-thriller,3
99,did-not-finish,1
102,horror；lgbtq,2
103,sapphic-characters,1
104,best-villains；books-i-own；booktube-made-me-do-it,3
108,arcs-etc,1
112,horror,1
114,2023-releases；2024-read；adult,3
124,2023-releases；adult；arcs,3
126,lgbtqia,1
128,lgbtq；mysteries-and-thrillers；sapphic,3
134,2024；horror,2
142,5-stars；all-time-faves；horror,3
147,queer-rep；romance；stand-alone,3
151,bookshelf,1
156,2023-reading-challenge；gothic；horror,3
160,horror,1
161,arc；bisexual-rep；gothic,3
163,2000s；2024；animals,3
164,2024；horror；my-favs,3
169,2024-reads,1
175,horror；lgbtq,2
177,2023-favorites；all-time-favs,2
179,horror,1
182,kindle-read；lgbtqap；read-2023,3
183,lgbtqia；own,2
185,sapphic,1
188,books-from-2023,1
191,3-stars；cliche；creepy,3
192,horror,1
193,october-23；spooktober,2
196,read-in-2024,1
198,female-protagonist；toxic-relationship,2
199,dark-romance；novella；sapphic,3
202,4-stars；horrors；queer-books,3
203,novella,1
208,fiction；horror-thrillers；short-stories-novellas,3
214,2024,1
215,aty-2024-challenge；favorites；fiction,3
217,a-big-steaming-heap-of-wtf-ery；apocalypse-of-the-heart；dark-underbellies,3
218,2023；2023-fall-reads,2
220,cozy；favorites；five-star-books,3
222,4-star-books；adult；favorites,3
223,2023-releases,1
226,queer；sapphic；serial-woman,3
227,ebook；judged-by-its-cover；lgbt,3
228,horror；lgb-literature；novella,3
230,favorite-and-formative；genre-horror；genre-romance,3
231,owned,1
242,2023；the-goods,2
250,horror；unhinged-lady-hours,2
253,almost-dnf；cottagecore；hate-the-ending,3
255,crazy-cannibalistic-lesbian；unhinged-lesbian,2
256,library,1
257,books-for-me-2024,1
262,2023；3-stars；adult,3
263,netgalley,1
264,2023,1
267,horror,1
269,2023；horror,2
270,physical-tbr；queer；top-of-2024,3
280,excited；horror；queer,3
282,cannibalism；horror；sapphic,3
284,lgbtqa；morbid-and-creepifying,2
287,netgalley,1
288,books-i-own,1
294,novella,1
297,horror；sapphic,2
