Row,Tags,Tag_Count
0,audiobook；dragons；faeries-fae-and-elves,3
2,audiobook；sword-and-shield-fantasy,2
4,epic-fantasy；fantasy；media-tie-in,3
8,read-2023,1
12,dungeons-dragons；thrilling,2
14,2023；fantasy,2
22,fantasy,1
25,adaptation；fantasy；forgotten-realms,3
27,band-of-rascals；cape-and-sword；dungeons-and-dragons,3
37,owned-physical,1
40,fantasy,1
46,fantasy,1
48,audiobook；fantasy；fiction,3
57,read-in-2023,1
60,2020s；american-lit；fantasy,3
69,fantasy-02-series；fantasyz-rfbingo-2024-hm1,2
70,fiction,1
73,also-a-movie；fantasy,2
74,2023；2023-new-releases；curated,3
78,2023；fantasy；post-2000-fantasy,3
80,game-related-books,1
82,favorite-books；my-best-books-of-2023,2
92,favorites-of-the-year,1
93,dnd-novels；fantasy,2
95,adult-fiction；adventure；drinking,3
101,fantasy,1
107,audiobook；library-read；yolo-indulgence,3
108,fantasy,1
110,3-stars；fantasy；guilty-pleasures,3
112,fiction；sff；women,3
127,dnd-and-stuff,1
135,adult；america；audiobook,3
140,2023,1
153,fantasy-and-mythology,1
156,2023-conpletes；2023-read；dnd,3
158,books-i-own,1
164,physical-library；read-in-2023,2
166,adventure；cozy；dnd,3
168,sci-fi-fantasy,1
172,birthday-presents；books-by-female-authors；media-tie-ins,3
178,2023-books-read,1
200,2023-novels-read,1
201,2023,1
205,action-adventure；borrowed；death,3
212,fiction；on-my-shelf,2
216,bookshelf,1
219,2023-releases,1
220,favorites,1
226,0-2023；0-book-to-movie；0-women-writers,3
227,fantasy,1
228,owned；physical-tbr,2
233,barnes-and-noble；hardback；owned-physical,3
239,actually-read,1
253,new-2023,1
256,fantasy-scifi-series,1
257,action；audio；crime,3
258,high-fantasy,1
259,book-shelf,1
271,fantasy；favorites；zz-2023-books,3
274,2023；best-of-2023；novel-length,3
275,fantasy-adventure,1
276,audible,1
