Row,Tags,Tag_Count
2,2024-books；2024-netgalley；arc,3
4,arc,1
8,netgalley,1
9,ya-fiction,1
10,netgalley,1
23,could-not-put-down；no-spice-books,2
29,2024-release；arc-edelweiss；high-fantasy,3
33,dnf,1
34,2023-read,1
36,epic-fantasy；progression-fantasy,2
37,2024-reads；arcs-earcs,2
41,arc；netgalley,2
42,arcs,1
47,dnf,1
50,great,1
51,arc,1
52,fantasy-adult,1
63,books-i-own,1
64,2023-read；books-won,2
66,2024-netgalley；animal-companion；fantasy-adventures-journey,3
67,arc-reads,1
68,arcs,1
69,dnf,1
71,arcs,1
72,other-reviews,1
73,fantasy,1
74,arc；fantasy,2
77,read-in-2024,1
79,fantasy,1
84,dark-fantasy；epic-fantasy；ng-challange-2024,3
85,arc-reviews-netgalley；fantasy,2
86,arc,1
92,cosy-mystery；dragons；high-fantasy,3
96,fantasy；net-galley,2
97,dragons；netgalley,2
100,netgalley,1
102,netgalley,1
106,netgally-reads,1
107,arc；broken-binding；on-order,3
109,ng,1
113,netgalley-arc,1
122,netgalley,1
126,net-galley,1
134,arc-giveaways,1
147,arcs,1
148,netgalley,1
150,netgalley,1
153,netgalley,1
154,netgalley,1
163,arcs,1
166,collection-arc-2023；genre-fantasy,2
173,2024-finished-books；arc；physical-books,3
174,netgalley-2024,1
177,arc-s；netgalley,2
188,2024,1
193,2024-tbr；b-feb-24-tbr,2
197,03-2024；netgalley,2
199,audiobook；fantasy；read-2024,3
200,sff,1
204,fantasy；for-work,2
213,2024；authors-bipoc；dragons-in-fiction,3
227,giveaways,1
228,arc-reads,1
230,netgalley,1
231,ebook；netgalley-arc；scifi-fantasy,3
233,1-star；english-adult；english-fantasy-sf,3
