Row,Tags,Tag_Count
0,adult；adult-sff；adult-thriller-mystery,3
1,all-time-favorites；arcs,2
2,arcs-and-review-copies；favorites,2
3,advance-reader-copy；fantasy；mystery,3
5,2024-reads；netgalley,2
6,arc；fantasy；intrigue,3
8,fantasy；mys-sus-mag-2024；mystery-thriller-suspense,3
9,audio；dont-own；fantasy,3
10,2023-read；arc；fantasy-or-science-fiction,3
11,from-publisher-or-author；review-pending,2
12,2024；fantasy；machalo-book-bingo-2024,3
13,review-copies,1
14,arc；ebook-owned,2
17,2024；crime-mystery-suspense-x；disability-disorders-illness-x,3
18,science-fiction-fantasy,1
19,arc,1
20,2024-sff；fantasy,2
21,2024-reads；4-5-stars；chick-i-want-to-hang-out-with,3
22,arc；dark-fantasy；fantasy,3
24,audio；netgalley；overdrive,3
25,2024-arcs；gay-sff-murder-mysteries；queer-books,3
29,2024；audiobook；mystery-thriller,3
30,ereader；fantasy；mystery,3
31,favorites；favourite-24-of-2024,2
32,audiobook；x_2024,2
33,2024-favorites；lgbtqiap-rep,2
35,2024-releases；arcs-to-read；fantasy-to-read,3
36,arc-reviews,1
37,arcs,1
38,fantasy；mystery,2
40,fantasy；mystery；netgalley,3
41,2023；arc；lgbtq,3
42,audiobooks；boring；likeable-main-character-s,3
43,2024-releases,1
46,aty2024；popsugar2024；print,3
48,arcs,1
49,2023-reads,1
51,high-fantasy；thriller-mystery,2
54,edelweiss；recc-d；scifi-fantasy,3
55,absolute-favourites；fantasy-in-an-urban-setting；lovecraftish,3
56,2024；kindle,2
57,arc；author-has-a-tin-ear；dark,3
58,2024-releases；fantasy；renée-recommends,3
59,netgalley,1
60,fantasy；high-fantasy；undulating-undulation,3
64,arc；e-book；favorites,3
65,5-stars；achillean；adult-lit,3
66,2024；fantasy,2
67,arc,1
68,2024-mights；fantasy；shut-up-and-take-my-money,3
69,awesome-fantasy,1
74,2024-favorites；ebooks,2
75,series-current,1
76,2024-netgalley；2024-reads；fantasy,3
77,ebook；hugo-2024；s-l-sword-2024,3
78,2024-reads；5-stars；adult-fantasy,3
79,2024；2024-arcs；fantasy,3
80,fantasy；mystery,2
81,fantasy；mystery,2
83,crime-thriller；fantasy；hype,3
84,adult；fantasy,2
85,arcs-and-galleys,1
86,arc-reviews,1
87,fantasy；mystery,2
91,2023；fantasy；fiction,3
92,arc；favorites,2
93,arcs-and-galleys；fantasy；favorites,3
94,2024-books；2024-netgalley；arc,3
95,2024-release；arc,2
96,mystery；r-fantasy-2024-bingo；sff,3
97,favorites,1
99,fantasy；net-galley,2
100,2024-anticipated；arcs；best-of-2024,3
101,arcs,1
104,arc-s-netgalley-and-edelweiss；fantastico-fantastics-scifilicious；lgbtq,3
107,fantasy；mystery-thriller-mayhem；netgalley-or-publisher,3
109,arcs；netgalley,2
111,machalo-bingo-2024；machalo-buddy-read,2
112,2024-new-releases,1
113,2024-march-reading；2024-reading；fantasy,3
116,2024；abandoned-series；audiobook,3
117,favorite-series,1
118,netgalley,1
120,favs,1
124,fantasy-adult；fantasy-lgbtqia；in-the-nook,3
125,2024audio,1
126,fantasy；favorites；murder-mystery,3
127,fantasy；mystery；netgalley,3
128,4-star-reads,1
129,netgalley,1
133,beautiful-covers；body-horror；dmla,3
134,reviewed；reviewed-2024,2
137,2024-read,1
138,fantasy-adult；murder-mystery,2
139,2024,1
140,ebook；fantasy；favorites,3
141,fantasy；lgbtq-fantasy-rep,2
143,netgalley；recommended-reading,2
145,2023；fantasy；netgalley,3
146,all-time-favorites,1
147,dnf,1
148,adult-fantasy；adult-fiction；adult-mystery-thriller,3
152,2024-on-my-radar-releases；jan-tbr；netgalley,3
155,arcs,1
160,arc-reviews；netgalley,2
161,fantasy；magic；mystery,3
163,arcs-tbr,1
166,fantasy；favourites,2
167,2024-releases；5-star；arc,3
171,2023；arc；fantasy,3
172,favorites,1
174,2023-books；arc,2
175,arcs,1
177,best-worlds；favorite-characters；favorites,3
178,advanced-reading-copy；e-book；fantasy-general,3
180,0reviewed；1fantasy；1thriller-mystery-suspense,3
181,faves；faves-2024；fiction,3
186,mystery；sci-fi,2
191,audio；could-not-put-down；fantasy,3
194,2slgbtqia；disability；fantasy,3
199,netgalley,1
205,2024；fantasy；netgalley,3
207,adult-lit；fantasy；lgbtq-lit,3
209,aardvark；fiction-and-literature；mystery-detective,3
214,aardvark；audiobook；feb-2024-reads,3
218,2024-tbr；fantasy；mystery,3
219,favorites；net-galley,2
221,arcs；dropped,2
224,fantasy；mystery；thriller,3
225,favorites,1
226,2024；fantasy,2
229,arc；netgalley,2
231,adventure；assassins；crime,3
233,favorites,1
237,2024-reading-challenge；adult-fantasy；adventure,3
238,fantasy,1
241,arc,1
242,2024-favorites；2024-reading-challenge；arc,3
243,2024-reads；five-stars,2
244,arcs-of-mine；pippity-poppity-give-me-the-zoppity,2
246,fantasy；gore；lgbtq,3
247,2024-releases,1
250,adult-fiction；audio；fantasy,3
251,arc-galley；ha-2024-mount-tbr-challenge,2
252,favourites,1
253,2023-books；2023-ebooks-free；july-2023,3
255,fantasy；krimiķi,2
256,goal-1-high-fantasy,1
258,04-april-2024,1
259,high-fantasy；recs-of-my-all-time-fav,2
261,2024；fantasy；favorites,3
267,biopunk；bizarre；clever,3
270,2024-read；قبیله-reads,2
271,fantasy,1
280,favorites；sci-fi-fantasy,2
281,best-of-the-best；fantasy；mystery,3
282,mysteries,1
285,uno-2024,1
288,read-2024；read-and-liked-fantasy；read-and-liked-scifi,3
289,2024-favorites；all-arcs；ebook,3
292,love-it,1
293,2023-favorites；arc；fantasy,3
295,loved-it,1
296,netgalley-arc,1
297,books-from-the-library,1
298,netgalley-arc,1
299,netgalley,1
