Row,Tags,Tag_Count
1,4-star-books；arcs；audiobooks,3
3,fiction；paranormal；read-in-2023,3
8,2023,1
9,netgalley-2024,1
12,audio；netgalley,2
18,netgalley-books,1
21,2023,1
22,e-book；won-in-giveaway,2
29,netgalley-reads,1
32,2024-challenge,1
34,netgalley,1
37,book-sirens,1
38,audiobooks；netgalley,2
40,2024；rating-four-stars,2
48,arc-reads；audiobook,2
56,paranormal；thriller,2
57,2023-reads；3-star-reads-2023；archaeolibrarian-2023,3
71,netgalley,1
72,books-i-own,1
73,2023-read,1
77,dnf；netgalley,2
78,2023,1
79,audiobooks；netgalley,2
81,audiobook；fantasy,2
82,edelweiss；urban-fantasy,2
84,already-released-acrs,1
