Row,Tags,Tag_Count
2,24-for-2024,1
8,arcs；fantasy,2
9,historical-fiction；mythology；netgalley,3
11,arcs-and-giveaways,1
12,arc,1
14,2023,1
16,arc-s；favorites；netgalley,3
27,arcs,1
32,added-2023；arcs-i-got；netgalley,3
33,arc,1
35,arcs,1
42,adult；fantasy；feminist,3
49,spirituality；strong-female-protagonists；witchy,3
53,adult-fantasy,1
56,2023；netgalley,2
58,adult；au；barely-finished,3
62,upcoming,1
63,arc-reviews,1
70,greek-myth；retellings,2
72,arcs,1
76,netgalley,1
77,netgalley,1
78,gothic-novel-research,1
79,fiction；historical-fiction；indie,3
80,boooo-animal-cruelty；curses；disturbing,3
82,fantasy；mythology,2
83,netgalley,1
85,greek-and-roman-mythology；mythology-and-folklore,2
86,favorites；feminism-women-s-rights；mental-health,3
91,mythology,1
92,adult；fantasy,2
94,arc-reviews；mythology,2
95,2024,1
96,arcs-read；will-reread,2
98,greek-myth,1
99,fantasy；mythology；retellings,3
