Row,Tags,Tag_Count
1,arcs；dnf；fantasy,3
3,netgalley,1
4,2023-read；ancestral-magic；black-dark-academia,3
5,arcs,1
6,fantasy；new-releases-2023,2
7,arc；fantasy；meh-that-was-disappointing,3
8,black-authors,1
9,reviewed,1
13,2023；disappointing；e-arcs,3
14,arcs；ya-fantasy,2
15,2023；arc,2
16,arc,1
19,young-adult,1
21,2023-reads；arcs-earcs,2
22,2023-read；academia；arcs-received,3
25,kindle,1
30,2023-most-anticipated；favourite-authors,2
31,2023-08-august；netgalley,2
35,generic-uninspired-fantasy-books,1
37,arcs,1
39,academia；arc；chosen-ones,3
42,black-girl-magic；dark-academia；debutant,3
48,kindle-books-i-own；physical-books-i-own；read-arcs,3
50,arcs；read-in-2023；young-adult,3
53,2023-tbr；fantasy；fiction,3
54,romance-m-f；young-adult-fiction,2
56,2023-releases；arc；from-the-publisher,3
60,black-authors；disappointment；fantasy,3
61,arcs；fantasy；read-in-2023,3
62,2023-netgalley；fantasy-frenemies,2
67,authors-of-color；dnf；fantasy,3
70,arc,1
71,2023；arcs-alcs-finishedcopies,2
72,2023-releases,1
73,2-stars-or-lower；2023-releases-im-excited-for；arcs,3
75,2024-reading-challenge,1
77,black-fantasy,1
81,multiple-copies,1
82,books-i-own；fantasy-scifi；read-in-2023,3
83,2023-books-read；audiobook；fantasy,3
86,2023,1
87,dnf；netgalley-arcs,2
93,advanced-reader；netgalley-books,2
94,arcs,1
95,2023-books,1
98,audiobooks,1
99,netgalley,1
100,netgalley,1
106,arc-or-from-pub；fantasy；i-am-soooooo-excited,3
108,netgalley,1
116,series,1
117,netgalley,1
118,arcs；black-authors,2
119,fav-fantasy,1
125,first-editions；gsff；numbered,3
129,arcs,1
130,23-24-cw,1
134,babelio；tengo,2
135,2023,1
137,arc；eagerly-awaiting；fantasy,3
140,netgalley,1
141,arc,1
144,gsff；libby,2
145,past-arcs,1
147,arc；fantasy；young-adult,3
150,ya-fantasy,1
152,netgalley,1
154,arc-reads；dropped,2
157,netgalley-and-arcs,1
160,had-me-stressed,1
163,fantasy；reveiw-of-the-year；romance,3
164,fantasy；reading-in-2024；ya,3
166,bipoc-books；fantasy-scifi；prh-audio,3
170,2023-reads-137,1
174,2024,1
186,owned,1
191,owned,1
197,audio-book,1
199,dark-academia；dnf；hated-it,3
205,2023-read-arcs,1
206,23-read；audiobooks；dark-academia,3
207,usa,1
210,added；drugging；kidnapping,3
213,net-galley,1
214,five-star-reads,1
216,fantasy；magical-realism；series,3
218,alc；fantasy；young-adult,3
219,favorites,1
221,fantasy；fantasy-urban；owned-physical,3
223,arc；buddy-read,2
224,gsff；owned；owned-special-editions,3
230,romantasy；young-adult,2
231,completed-arcs,1
232,academia；fantasy；heartbreaking,3
233,arc,1
236,fantasy；young-adult,2
242,arcs,1
243,dark-academia；dual-pov；magic,3
244,black-books；girl-power；ya-fantasy,3
245,beautiful-covers；fantasy；magic,3
247,2023-read；netgalley,2
249,2023；arc；full-review,3
250,2023-netgalley；arcs-2023-release,2
252,arcs；reviews,2
253,2023-reads；arc；fantasy,3
256,netgally-arcs,1
258,arc-s,1
259,arcs；netgalley,2
266,action-adventure；fantasy；horror,3
268,arc；favorites；netgalley,3
270,blah-and-meh；complicated-relationships；fantasy,3
271,arc；dnf,2
275,arcs,1
276,arc；enemies-to-lovers；family-drama,3
278,cool-magic-systems；cover-love；fantasy,3
279,arcs；fantasy；romance,3
281,2023-reads；arcs；fantasy,3
283,fantasy；magic,2
285,netgalley,1
289,netgalley,1
293,giveaways；ya-fantasy,2
295,sagas-abandonadas；shelfs,2
