Row,Tags,Tag_Count
0,2022-faves；arc；read-2022,3
4,advance-review-copy；cn-homophobia；cn-murder,3
5,lgbtqia；peak-aesthetics；poly-love,3
6,arc；auth-f；bipoc-author,3
13,21st-century-fiction；bought-2024；cyberpunk,3
19,favorites；trans-vibes；trans-women,3
20,lgbtq-authors；lgbtq-content；police-procedural,3
21,2023；girlhood-womenhood-gender；lgbt,3
22,bookfort-books；books-with-science；corporate-scifi,3
31,crime-fiction；dystopian；humour-comic-fiction,3
34,science-fiction,1
38,cyberpunk；favorites,2
39,crime；cyberpunk；detective,3
40,could-not-finish；science-fiction,2
41,2023-netgalley；2023-queer-fiction；2023-science-fiction,3
45,books-i-adore,1
46,favorites；read-but-don-t-have-and-want,2
47,reviewed-elsewhere,1
50,automatic-buy-authors；awesome-girls；best-of-the-decade-2020-2029,3
52,mystery-crime,1
55,available-kindle,1
56,dropped,1
