Row,Tags,Tag_Count
2,4-25-stars；booksirens,2
3,challenges-shisha-readingrhythm-22；china；death,3
4,horror,1
5,ghosts；memory,2
6,2024-reads；asian-lit；novellas,3
8,favourites；kindle,2
9,asian-writers；audiobook；ghosts,3
11,asian-authors；asian-protagonists；favorites,3
12,dark-fantasy；folklore；horror,3
13,adult；autumn-tbr；december-tbr,3
22,asian；horrorish；shortish-shorts,3
25,2023-a-z-book-title-challenge；2023-june-reading-challenges；2023-wbtm-book-opoly-challenge,3
26,kindle-tbr,1
28,arc；asian-authored；blurbed,3
31,00mibibliotecabu；casas-encantadas；colaboracion,3
36,ebook；horror；novella,3
41,arcs；horror-gothic,2
43,gothic；horror；novella,3
45,own-horror；z-read-in-2023,2
46,grief；novella；upcoming-2023,3
48,dark-academia-gothic-vibes；east-and-southeast-asian-books,2
49,review,1
50,ghosts；haunted-house,2
51,finished-in-2023,1
57,2023-reads,1
59,canada；ghost-story,2
65,horror,1
66,ghosts,1
68,2024；2024-nebula-nominees,2
69,ghost；gothic-horror,2
71,eccentric；novella,2
74,apocalypse-of-the-heart；arc-reviewers-copy；dark-underbellies,3
77,fantasy；ghost-story；novellas,3
78,fantasy；horror；sci-fi,3
82,2024；horror；nebula,3
92,canada；chinese；death,3
97,arc；eboek；favourites,3
98,arcs-by-authors-publishers,1
99,misc-fiction,1
101,horror,1
104,book-sirens,1
105,2023-reads,1
106,horror,1
108,author-2-asian；fantasy-06-asian；fantasyz-rfbingo-2023-hm1234,3
111,horror,1
112,asian-lit,1
114,2024；horror；literary,3
118,5-star-reads,1
122,books-read-in-2023；fantasy；young-adult,3
123,atmospheric；horror-ish；novella,3
125,favorites；gothic；horror,3
126,2023-reads；horror,2
127,horror；reading-list-2023；short-stories-and-novellas,3
130,read-2023,1
133,2023；horror；unread-podcast-candidates,3
140,contemplative；ghosts-and-demons；horror,3
141,2023-reads,1
142,2-stars；ai-jiang,2
143,fiction；horror,2
145,terror,1
148,casa-assombrada；ebook；fave-books,3
149,audio,1
150,horror,1
151,21st-century-fiction；bought2023；spooky,3
153,2023_all；2023_novellas,2
156,rainbow-horror,1
162,everand,1
166,adult；adult-fiction；fantasy,3
170,autoras；horror,2
175,asian；horror；indie-horror,3
178,adult；afterlife；contemporary-with-a-twist,3
179,2023challenge；ate-it-up-in-one-go；confusing-plot,3
180,fiction；science-fiction；short-stories-and-novellas,3
183,favorites-highkey-would-rate-a-6；w-w-wishlist-physical；women-are-the-superior-species,3
184,fantasy,1
186,horror；novella,2
187,11-out-of-10-quality-writinggg；existential-horror；fantasy-sci-fi,3
193,collection；fantasy；fiction,3
195,chinese；fiction；gothic,3
196,own,1
197,favorites,1
198,horror,1
200,ghost；kobo；novella,3
202,absolutely-worth-it,1
203,2023；ghosts；horror,3
204,booksirens；review-copies,2
209,dark-or-horror,1
213,indie-read；liked,2
214,2023；favorites；fiction,3
216,horror,1
217,favorites；novella,2
222,asian；horror,2
223,book-club；speculative-fiction,2
226,2024；favorites,2
227,zach-rosenberg,1
231,horror,1
233,book-challenge-2023；book-sirens,2
235,fiction,1
239,favourites-of-2023；highly-recommended；horror-recommendations,3
240,borrowed,1
243,2023,1
244,2023-releases；adult；audiobook,3
251,books-read-2023,1
252,0-200；horror；inglese,3
254,authors-of-color；fiction；horror,3
257,gothic,1
279,audiobook；sword-challenge-2023；to-reread,3
285,haunting,1
288,ghosts；haunted-house；set-in-canada,3
290,gothic,1
299,fantasy；foreign-beauty；literary-fiction,3
