Row,Tags,Tag_Count
0,abandoned；afrofuturism；arc-arc-arc,3
1,black-authors；lgbtq,2
2,arcs,1
3,arcs-read,1
4,goodreads-giveaways-won,1
5,arc；dystopic；mythological-folklore,3
6,2024,1
8,dystopia；netgalley；sci-fi,3
10,2024；africa；sf-fantasy,3
14,favorites；netgalley,2
15,2024-sf；african-sff；female-nonbinary-authors,3
18,actual-bookshelf；arc；giveaway-win,3
20,2024；january-2024；read-for-review,3
21,2024-february-reading-challenges；2024-horror-aficionados-song-title；2024-march-reading-challenges,3
23,horror；science-fiction；thriller,3
24,arcs,1
26,aty-2024；audiobooks；sci-fi,3
31,sci-fi,1
33,afrocentric-genre；afrofuturism；cyberpunk,3
34,bipoc-character-or-author；lgbtqi-main-or-side-rep-or-author,2
36,netgalley,1
37,2024-read；dystopia；fantasy-and-scifi,3
41,2024-releases,1
42,1-black；5-african-women-2024；6-2024,3
47,arcs；horror-unsettling；sci-fi,3
48,dystopia；e-arc；horror,3
49,fiction,1
51,arcs；fiction-horror；fiction-science-fiction,3
55,netgalley；twenty-four-reading-list,2
59,2024；netgalley；sci-fi-fantasy,3
61,2023-net-galley,1
67,2-star；2024-release；dystopian,3
68,2024；audiobook；author-to-read-again,3
72,audiobooks,1
73,2024-releases,1
75,giveaways-and-arcs,1
77,sci-fi；social-commentary,2
80,audiobook；science-fiction,2
83,2024；sci-fi,2
84,sci-fi,1
86,eerie-bingo,1
90,arc；dystopian；sci-fi,3
92,netgalley-arc；sci-fi,2
94,2024,1
98,arcs；science-fiction,2
103,advanced-copy；dystopia；horror,3
113,2024；fantasy；netgalley,3
114,arc；audio-books；challenge-2024,3
118,listened,1
123,contemporary；horror,2
124,science-fiction,1
125,dystopian；lost-interest；sci-fi,3
129,dnf,1
135,dnf；scifi,2
138,netgalley,1
139,fiction；net-galley；scifi,3
140,netgalley,1
142,read-netgalley,1
144,netgalley-or-booksirens,1
148,arc,1
153,audio-book；futuristic；sci-fi,3
161,horror-suspense；mystery-thriller,2
163,netgalley；read-2k24,2
165,afrofuturism；ai；arcs,3
166,better-siblings-than-my-own；conflicted-feelings；didnt-expect-ending,3
168,africa；dystopian；ebook,3
169,bipoc；bipoc-authors,2
170,2024-reads,1
171,2023；netgalley,2
177,arcs；dystopian；ebook,3
178,anticipated-release；arc；debut,3
186,arc；audience-adult；genre-cultural-african,3
187,2024-releases；52-books-challenge-2024,2
188,2024-audiobook,1
189,giveaways,1
190,arc；other-worlds,2
191,on-kindle,1
192,arcs；audiobooks；horror,3
197,arc,1
198,bookshelf-wishlist；ebooks；january-reads,3
199,netgalley；review,2
201,africanfuturism；cyberpunk；sci-fi-horror,3
202,arc；coming-back-to；dark,3
203,netgalley,1
204,audiobooks；netgalley-arc,2
209,dark；dystopia；horror,3
210,horror；lgbtq；science-fiction,3
213,arcs,1
214,arc；booktok；dystopia,3
217,giveaways,1
219,netgalley,1
221,2024-releases；adult；arcs,3
222,2024,1
225,2024-reads；bipoc-authors；digitally-on-my-bookshelf,3
229,dystopia；horror；netgalley,3
231,dystopia；horror；mystery,3
232,crime-legal；debut；different-country,3
235,arc；audiobooks；dnf,3
239,dnf,1
240,arcs,1
244,fantascienza；femminismo；narrativa-africana,3
247,giveaways,1
252,netgalley,1
255,genre-scifi；rating-3-stars；released-2024,3
256,2024；netgalley；vansinnesprojekt-afrikas-länder,3
263,dnf,1
270,netgalley；read-in-2024,2
272,scifi,1
273,audiobooks；netgalley,2
277,books-i-read-in-2024,1
281,2024；2024-releases；audiobook,3
282,2023；august23；books-i-own,3
283,giveaways,1
289,2024-books-read；2024-favorites；2024-netgalley,3
290,bipoc-authors,1
293,audio；netgalley,2
