Row,Tags,Tag_Count
0,2021-releases；author-is-ownvoices；books-with-diversity,3
1,age-range-young-adult；author-rep-asian；author-rep-south-asian,3
2,2020-read；arc；maybe-recommended,3
3,2021-read；fantasy-and-scifi；politics-feminism-religion,3
4,arc；auth-f；bipoc-actor,3
6,arcs；dystopia；futuristic,3
7,2020；dystopian；netgalley,3
8,2021-avengers-reading-challenge；2021-wbb-game-of-life,2
9,asian-authors；ya-scifi,2
10,arcs,1
11,arc；cyberpunk；dystopian,3
12,2021；read-for-review,2
14,2021-releases；2021-tbr；3-star-read,3
16,arc；author-of-indian-origin；dnf-but-might-try-later,3
17,arc；lacks-depth,2
18,dnf,1
19,2-stars；arc；asian-rep,3
25,arcs,1
28,2021-releases；arcs；asian-lit,3
29,arcs,1
30,laser；netgalley-arc,2
31,2021-reads；bipoc-protagonist；netgalley,3
35,arc；z-2020,2
36,age-young-adult；genre-science-fiction,2
39,readtoreview,1
40,2021；books-i-own；review-books,3
41,1-netgalley,1
43,asian-scifi；earc；yarc-2021,3
46,3-stars；releases-2021；sci-fi,3
51,read-2021,1
53,cover-love；dystopia；romance,3
55,arcs,1
57,netgalley,1
60,age-ya；arcs；genre-dystopian,3
63,2020；2021；arcs,3
66,already-bought；diverse-author；kindle-books,3
73,advanced-reading-copy,1
78,dnf,1
80,2021-releases,1
81,diversity；never-finished；poc,3
84,bland-as-all-heck；did-not-finish；dystopian,3
86,abandonment；add-to-site；amputation-and-loss-of-limb,3
88,for-work；sci-fi；ya-lit,3
89,sff,1
93,2021-reads；ebook；sci-fi,3
101,beyond-the-big-5-2021；beyondthebig5；young-adult,3
105,super-fun-loved-it,1
107,ebook-kindle；netgalley；reviewed,3
109,arc；read-as-ebook,2
111,science-fiction；young-adult,2
