Row,Tags,Tag_Count
2,fantasy-scifi；netgalley-arc,2
3,fiction；paranormal；paranormal-romance,3
4,arc；netgalley,2
6,23-read；audiobooks；fantasy,3
10,arc,1
11,books-i-own；fantasy；netgalley-arcs,3
12,arc,1
16,2023-netgalley-all-reads-challenge；2023-netgalley-reads；2023-reads,3
19,netgalley,1
20,netgalley-reviews,1
21,2023-read；ebook；fantasy,3
28,fall-reads,1
30,arcs；netgalley,2
33,2023-release；arc-netgalley,2
34,netgalley,1
38,fantasy；supernatural,2
40,books-read-2023；netgalley-reads,2
45,netgalley,1
47,adult-fiction；arc；audiobook,3
50,arc；netgalley,2
51,netgalley,1
52,netgalley-arc-2023,1
53,2023；arcs,2
56,mistaken-identity；netgalley；witchy-vibes,3
59,read-fantasy；read-first-reads-giveaway,2
64,arc-reviews,1
66,fantasy,1
67,arc,1
68,netgalley,1
70,arc,1
74,netgalley-arc,1
75,netgalley-arc；paranormal,2
76,netgalley-and-arcs,1
79,2023；netgalley；witchlife,3
83,netgalley,1
84,dnf,1
87,advanced-reader-copy；fantasy,2
89,arc,1
94,arc；eram；net-galley,3
101,arc-netgalley；fantasy；magic,3
103,netgalley,1
105,giveaways,1
109,arcs,1
110,fiction；first-reads；friendship,3
114,2023,1
115,giveaways,1
119,dnf；fantasy-and-sci-fi；fiction,3
120,new-reads-2023,1
122,netgalley,1
127,net-galley,1
129,netgally,1
130,2023-netgalley-challenge,1
134,2023；netgalley-reads,2
136,2023,1
141,adult-fiction；audiobook；fantasy,3
142,arcs,1
146,arc,1
165,2023；2023-netgalley,2
171,arc-author；netgalley；read-2023,3
173,2023,1
176,2023；netgalley,2
184,netgalley-giveaways,1
191,arcs；netgalley-read,2
195,arc-copies；audiobook,2
198,netgalley,1
202,arcs；audiobooks-2024；library-loans-2024,3
209,karen-fisher,1
214,2023；arcs-review；audio-book,3
221,netgalley,1
227,arc；audiobook；commuting-listen,3
229,abandoned；audiobooks；drama,3
233,2023-releases,1
237,2023-books,1
239,audiobooks；fiction；library-books,3
247,dnf,1
249,adult；fantasy；fractured-fairytales,3
268,netgalley,1
269,arcs,1
270,2023-audiobooks；2023-reads；arc-read,3
271,goodreads-giveaway-wins,1
272,fantasy,1
273,net-galley,1
275,2023-reads；arcs,2
280,e-arc；netgalley；witches,3
283,audio；giveaways-and-arcs；magic,3
286,1-star；dnf；netgally-arcs,3
287,drama；low-fantasy；read-2023,3
288,arc-received,1
291,animals；fantasy；fiction,3
293,dnf,1
295,netgalley,1
296,netgalley,1
297,fantasy；fiction；friendship,3
