Row,Tags,Tag_Count
0,buddy-reads-with-nebula-allies,1
2,adult-and-new-adult；antiheroes-villains-outcasts；beasts-monsters-demons,3
3,2023；part-of-a-series,2
4,comfort-and-serotonin；crank-the-ac-im-melting；dramarama,3
5,fave-dark-romance,1
7,1-must-read-fantasy-books；abuse-physical-or-emotional；age-gap,3
8,angsty；arcs；college,3
9,favorites；read-in-2023,2
10,kindle-unlimited,1
12,2023-favourites；9s；angels-and-demons,3
13,2023-most-excited-releases；adult-fantasy-dystopian；arcs,3
14,2023；academia；bad-dialogue,3
15,bad-teacher；dark-academia；enemies-to-lovers,3
17,2023-read；paranormal-romance-or-urban-fiction,2
18,adult；all-time-fav；demons,3
19,2023-books,1
20,fiction,1
21,gothic,1
22,adult；age-gap；arc,3
24,not-for-me；read-on-kindle,2
26,adult-fantasy；read-2023,2
29,romantasy,1
30,books-to-buy；paranormal-fantasy-favorites；safe,3
35,favorites,1
36,abuse；age-gap；alpha-assholes-i-love,3
37,age-gaps；read-2023,2
38,age-gap；bad-ass；can-i-marry-u,3
39,age-gap；biting-marking；faves-2023,3
44,2023,1
45,0-fantasy-paranormal；2023；4-5-stars,3
46,0-safe-with-exceptions；1-rating-2-and-a-half-stars；2-paranormal-fantasy,3
56,dark-romance；fantasy；fantasy-romance,3
58,want-to-unread,1
59,dark；fantasy；favorites,3
61,dark-fantasy；spice,2
62,academia；annoying-hero；annoying-heroine,3
65,10-2023,1
66,favorite-couple；heroine-virgin；paranormal-sci-fi,3
69,age-gap；dark；enemies-to-lovers,3
70,academic-setting；demons-paranormal；gothic-novels,3
71,favorites,1
72,asshole-heroes；darrkeh；my-toptier-men,3
74,fall-books,1
75,2023-reads,1
80,2023；accidentally-married；adult-fantasy,3
81,dark-academia；fantasy-romance；low-fantasy,3
83,fantasy-pnr；vampires,2
84,book-tour-gals-tours；favorite-books；indie-books,3
86,age-gap；angsty；blood-play,3
87,para-dystopian-sci-fi-fantasy,1
91,favorites,1
92,2023-reads,1
94,contemporary-fantasy；dark-fantasy；iykyk,3
95,age-gap；arc-2023；contemporary-fantasy,3
96,arc-alc；new-adult-or-adult,2
100,2023；fantasy；kindle-unlimited,3
101,2023,1
102,2024-reads；kindle-books,2
103,own-have-read,1
104,booktourgals；dark-academia；fantasy,3
108,fantasy,1
114,spooky-szn,1
116,2024,1
118,banter-slander；dark-romance；demons,3
119,2023-arc；arc；vampires,3
121,enemiestolovers；possessive-mmc；vengeful-fmcs,3
123,debut；fantasy；ola-pla,3
124,2023,1
125,dnf,1
132,read-2023,1
133,favorites；kindle-unlimited；re-read,3
135,2023-reads；dark-romance；fantasy,3
138,january2024-finished,1
139,altered-my-brain-chemistry；comfort-reads；dark-stormy-vibes,3
141,2023；sent-by-author-for-an-honest-review,2
148,2023_reads；fantasy_reads；four_stars,3
149,2023-reads,1
160,arcs,1
162,close-to-my-heart；dark-romance；smr-book-bingooo,3
167,5stars2023；arcs；dark-romance,3
169,5-star-reads；alphaholes；angels-and-demons,3
172,read-2023；romantasy,2
174,romantasy,1
175,dnf,1
178,gothic-paranormal-vibes,1
180,read-2023；tbr-june-2023,2
183,2024,1
187,fantasy-romance；new-adult；spicy-books,3
189,hetero-romance；romantasy,2
193,2023；books-in-english；romantasy,3
195,dnf；fantasy,2
196,audio_wanted,1
197,2023-books-read,1
200,booktok-bookstagram；e-books；kindle-unlimited,3
205,read-kindle-unlimited,1
210,favorites,1
214,kindle；read-in-2023,2
216,favorites,1
226,owned,1
230,2023-mar；arc；kindle,3
234,2023-reads,1
236,age-gap；alpha-male；enemy-to-lovers,3
243,dnfed；ebook,2
246,finished-it；harperlwoods,2
250,fantasy；romantasy,2
251,arc-review；dark-romance；duology,3
258,book_series；cliffhanger；entertaining,3
261,adult；enemies-to-lovers；fantasy,3
262,2023；bookclub；bookofthemonth,3
268,physically-own,1
284,2023-favourites；2023-reads；badass-women,3
288,apollycon-2024,1
289,2023；5-star-recommended-reads；romance-medium-spice,3
292,fantasy,1
298,tbr-2023；would-not-read-again,2
