Row,Tags,Tag_Count
0,daddy-kink；dirty-talking；monster-romance,3
3,favorites；re-reads,2
8,demon；identity-deception；paranormal,3
13,2023；2023-kindle；2023-ku,3
14,cinnamon-roll-hero；demon-hero,2
15,4-ku；t-creature-demons-incubus；t-daddy,3
16,4-star；cinnamon-roll-hero；daddy-kink,3
17,2023；favorites,2
20,january-2023-releases,1
23,2023；3-stars-was-good；couple-mf,3
26,demons；paranormal,2
29,5-star-reads；angels-and-demons；cinnamon-roll-heroes,3
31,novella；paranormal-romance；rom-com,3
37,age-adult；genre-fiction；genre-romance,3
38,monster-pnr,1
39,kindle-unlimited；safe-for-me；totally-going-to-reread,3
43,kindle-unlimited,1
44,fantasy；low-angst-fun-and-light；mature-content,3
45,bookclub-shenanigans,1
46,2023-books-i-read；paranormal,2
51,monster；monster-demons-gods-angels,2
52,2023,1
53,2022-reads；angels-and-demons；own,3
57,book；ero；po-angielsku,3
61,books-i-own,1
66,aliens-monsters；paranormal-adult-na,2
68,monsters-shifters-alien,1
74,1-arcs；2-reviews-from-ig,2
75,contemporary；paranormal；reviewed,3
82,femdom；spicy-monster-romance,2
83,4-stars,1
84,2023-read；age-gap；daddy-kink,3
88,2023；adult-fantasy-romance；im-not-mad-just-disappointed,3
89,2023,1
90,adult；fantasy；fantasy-romance,3
94,rare24-reading-challenge,1
95,rarechallenge24,1
96,2023；kindle；mf,3
102,read-demon-romance；read-paranormal-romance,2
104,age-gap；bdsm；demon,3
107,books-read-2023；kindle-unlimited,2
108,book-tok；erotica；kindle-unlimited-free,3
109,fiction；kindle-unlimited；smut,3
110,favorites,1
112,kinky；monster-romance,2
115,kindle-unlimited；monster-alien-vamp,2
116,2023；angels-demons-gods-divine-creatures；stand-alone,3
126,read-2023；tbr-feb-2023,2
133,3-star-reads；contemporary-fiction；fantasy,3
135,whats-on-my-shelf,1
140,2023；pnr-monster；romance,3
141,2023-read；adult；kindle-unlimited,3
144,fantasy；romance,2
147,2023；demons；monstrous-lovers,3
152,rare-edinburgh-2024-reads,1
163,hey-demons-its-ya-boy；smutty-aliens-monsters,2
164,2023-reads；fantasy；romance,3
168,cute；meh；monsters,3
169,2023-reads,1
175,dads-on-a-hunting-trip；what-up-shorty,2
177,lido-em-2023,1
181,ku,1
184,2023-reads；monster-alien-paranormal-romance；smuttyness-activated,3
185,2023,1
187,bookshelves；cinnamon-roll；monster-fudger,3
190,paranormal-pnr,1
191,guilty-pleasure,1
196,a-bit-ya-know,1
197,spicy-fantasy,1
200,monster-love,1
205,cozy；monster-smut；smut,3
215,monsterpeenlover,1
218,na；paranormal,2
222,2023；read-books-i-own,2
223,available-on-kindle-unlimited；read-on-ku,2
230,aliens-or-non-humanish；waste-of-time-a-little-yes,2
237,monsters-that-slay-the-day-away,1
238,favorites,1
241,cute；light-hearted；novella,3
253,2024,1
254,kindle-unlimited,1
256,2024；ebook-only,2
258,demons；fantasy；romance,3
260,books-read-in-2024；in-english,2
265,age-na；genre-fantasy；type-standalone,3
266,demon；hidden-identity；monster,3
267,monster-romance,1
269,2023-read；humanxsomething,2
270,intro-to-monster-romance,1
273,2023；smut-paranormal-monsters,2
275,fantasy；own-bookshelf；romance,3
278,2023-releases,1
280,on-my-book-shelf,1
282,favs；top-tier,2
