Row,Tags,Tag_Count
1,audiobooks；fantasy；on-app,3
5,adult；fantasy；kindle-unlimited,3
6,arranged-marriage；fantasy；he-falls-first,3
9,cliffhanger；cover-love；dragon-shifters,3
16,2024；dnf,2
19,fantasy；kindleunlimited-prime；romance,3
22,fantastical；mine-mine-mine,2
34,2023-4-stars,1
35,2024；dnf；good-premise-mediocre-execution,3
46,3-stars；audiolibri；read-2023,3
48,arc-books；books-with-reviews；fae,3
57,fae；fantasy,2
74,fantasy,1
96,arranged-marriage；fae-romance；fantasy-romance,3
100,fae；fantasy,2
103,2023-reads；5-stars；arc,3
109,fantasy；kindle；romance,3
129,fantasy,1
130,fantasy；forced-marriage；insta-love,3
134,2024；mf,2
146,2023；arcs；audiobooks,3
149,reads-23,1
154,arcs；dragons；fairies,3
165,fantasy,1
171,fantasy；fiction；paranormal-fiction,3
176,fantasy；forced-proximity；royalty,3
179,arranged-marriage；audio；fae,3
193,mar24,1
194,favourites,1
202,2023,1
219,3-and-half；fae；fantasy,3
236,2023,1
244,physical-copy,1
247,dnf；elf；fae,3
276,fae,1
282,d-n-f,1
283,2023,1
285,ya-fantasy,1
287,2023,1
293,más-esperados-del-2023,1
