Row,Tags,Tag_Count
1,age-gap；grumpy-sunshine；hidden-identity,3
2,1-rating-3-and-a-half-stars；2-paranormal-fantasy；3-fated-mates,3
3,fantasy-romance；fated-mates；kindle-unlimited,3
6,alien-monster-romances；kindle-unlimited；lots-o-smut,3
10,monster；monster-orcs,2
14,dnf,1
19,fantasy-romance；grumpy-sunshine；one-bed,3
25,3-50-stars；age-gap-with-older-man；enemies-to-lovers,3
26,orc,1
31,orc-romance,1
34,fantasy；monster,2
36,fantasy-paranormal；kindle-unlimited；monster-alien-vamp,3
41,arcs,1
42,read-2023,1
44,erotica；fantasy；insta-love,3
45,best-book-bfs；favorite-mc；favorites,3
49,2023；fantasy-romance,2
52,dnf；fantasy；monster,3
55,elves；favorite；in-a-foriegn-land,3
66,fantasy；romance,2
73,monster-romance,1
78,kindle-unlimited,1
89,2023-reads；monster-romance；romance,3
91,dnf,1
101,unfinished-series,1
103,2023-reads,1
109,2023-reads；book-boyfriend；fae-faerie,3
115,adult；spicy,2
117,spicy,1
118,5-stars；book-recs；light-romance,3
120,all-time-favs；arc；beta,3
128,age-gap；broody-angsty-grumpy-hero；fantasy,3
133,unhinged-reads-for-later,1
139,dual-pov；enemies-to-lovers；erotic,3
146,aliens-or-monsters-trope；ereader；fantasy-or-fantastic,3
150,my-all-time-favs；orc,2
154,aliens-monsters；fated-mates；one-bed,3
161,fantasy,1
166,3rd-quarter-dnfs,1
177,2023,1
178,2023,1
179,2023-read,1
182,favorites；own；read-2023,3
188,romance,1
192,romantasy,1
200,read-on-paperback,1
217,poorly-written-but-kicking-my-feet,1
221,orc,1
223,owned-books,1
