Row,Tags,Tag_Count
0,fantasy；science-fiction,2
1,2023-books；fantasy,2
2,read-in-2023,1
3,optimistic-cozy-sf；sciencefiction；solar-punk,3
4,climate-change；fiction；scifi,3
7,climate；fantasy；fiction,3
11,own-unread,1
21,2023；eco-fiction；fantasy,3
27,sci-fi,1
28,2024-reads；owned,2
29,climate-fiction；fantasy；science-fiction,3
30,c21；c30；climate,3
31,2023-shelf；sci-fi,2
34,aty2024；color-coded-challenge-2024；netgalley,3
35,all-time-favourite-reads,1
39,3-star；alternate-history；library-journal,3
42,fantasy；netgalley2023；sci-fi,3
48,2023,1
60,2023_release_read；genre-sf；read_2023,3
65,genre-science-fiction,1
75,quality,1
77,dnf,1
82,sff-unclassified,1
84,speculative-fiction,1
86,scifi,1
88,gave-up-on；library；sf,3
89,did-not-finish,1
93,sf-f-h；x2023-read,2
