Row,Tags,Tag_Count
0,fantasy；indian；magic,3
2,kindle；x_2023,2
3,fantasy,1
4,netgalley-arc；subterranean-press,2
6,automatic-buy-authors；best-of-the-decade-2020-2029；best-published-and-read-in-2023,3
10,bingo-2023；fantasy；novella,3
11,alternate-universe；asian-sff；author-signed,3
12,2023-releases；favorites,2
13,5-star；bingo-2023,2
14,bipoc-author；here-be-dragons；lgbtqia-lit,3
16,bipoc-authors-or-subject；fantasy,2
18,a-adult；arcs；f-novella,3
19,queer-sffh,1
20,net-galley,1
22,arcs,1
24,read-adult-sf-f,1
26,c-adult；coverly-love；g-queer-adult-sff,3
28,fantasy,1
29,2023-release；netgalley,2
30,2023-review-copy,1
33,fantasy；lgtbiq-fantasy,2
34,fantasy；short-pieces,2
35,aty2024；color-coded-challenge-2024；genreland-2024,3
36,arcs-read；idk-whats-going-on-but-im-down；indie-read,3
37,arcs,1
40,dragons；fantasy；india,3
41,arc,1
42,2023-releases；essays-novellas-plays-shortstories；netgalley-arcs,3
45,fantasy,1
48,arcs,1
55,fantasy,1
57,favorites,1
59,top-reads,1
61,favorites,1
67,fantasy；fiction；historical-fiction,3
68,fantasy,1
71,sword-challenge,1
73,fantasy,1
74,top-reads,1
75,read-in-2023,1
76,reviews_2023,1
