Row,Tags,Tag_Count
0,reviewed；reviewed-2023,2
1,2023；fantasy；middle-grade,3
3,2-point-5；lgbt-side；lgbtq-authors,3
4,2023；lib2023,2
6,yabc,1
7,fantasy；juvenile,2
8,childrens；cybils-judge-2023；fantasy,3
9,childrens-middle-grade,1
14,1-star-read；2024；audiobooks,3
16,i-m-so-disappointed；middle-grade；things-i-read-for-work,3
17,adventure；fantasy；ms-booktalks-lower,3
19,middle-grade-fiction,1
20,giveaways,1
23,adventure；fantasy；middle-grade,3
24,juvenile-fantasy；teen-fiction,2
25,middle-school-books,1
26,mg-fantasy；mg-third-person-past,2
27,giveaway-win,1
33,fantasy；humor,2
36,audiobooks；middlegrade；paranormal-fantasy,3
37,middle-grade,1
38,audiobook；fantasy；juv,3
41,ala-23；arc；children-s-lit,3
45,fantasy；middle-grade,2
47,fantasy；quest,2
48,children-s；favorites,2
50,middle-grade；netgalley,2
51,4-and-a-half-stars,1
