Row,Tags,Tag_Count
0,adult；fantasy；historical-fiction,3
1,reviewed；speculative-fiction-ghost-horror,2
3,arcs-free-review-copy；fantasy-fae-fairies；historical-fiction,3
8,thepigeonholehq,1
11,netgalley-2023,1
14,audiobook,1
15,pigeonhole,1
19,2023；arcs；small-press-and-indie,3
20,2024-reading-challenge；dnf；fantasy,3
21,2023-books-read,1
23,arc-reviews,1
25,2024-challenge-book；inspired-by-booktube-twitter；library,3
28,arcs；dnf；netgallery,3
30,historical-fantasy,1
32,folk-horror；gothic；historical-fiction,3
35,blog-tour-physical-books,1
38,2023；animal-bond；body-horror,3
39,fantasy；historical-fiction,2
43,netgalley,1
53,fears-for-queers,1
55,2024-hugos；fantasy,2
60,fantasy；gothic；historical,3
63,books-by-friends,1
71,books-read-2023；fantasy；history,3
74,fiction；tim-and-tim-again,2
78,adult-fiction,1
79,fiction；horror,2
80,dnf；fantasy；historical,3
89,netgalley,1
