Row,Tags,Tag_Count
1,magic-paranormal-etc；my-book-boyfriends；revolution-apocalypse-dystopian-etc,3
3,fantasy,1
5,actiony；arc；fantasy,3
12,fantasy；favorites；romantasy,3
13,2023,1
14,absolute-favorite-reads；adult-content；badass-fmc,3
19,fantasy-romance,1
40,kindle-unlimited-fantasy-read；unfinished-series-started,2
43,arc；fantasy；new-adult-fiction,3
59,fae；kindle；kindle-unlimited,3
61,5-star-reads,1
64,fantasy-read,1
73,delicious-ml；favorites,2
76,more-fuc-ing-fabulous-books,1
87,2024；romantasy,2
91,reviewed,1
100,gorgeous-cover,1
104,epic-fantasy；fantasy；fantasy-romance,3
106,2023-reads；ebooks；fantasy,3
109,genre-fantasy-romance；pairing-mf；pov-first-person-single,3
111,2023,1
113,favorites,1
118,fae-romance；fantasy；my-favourites,3
121,amazing；best-of-23；made-me-laugh,3
123,fantasy；in-kindle,2
131,fantasy；na；romance,3
135,2023-challenge；elibrary；owned,3
160,coming-of-age；fae；fantasy,3
162,2024,1
170,2-ebook-read；3-favorites；3-series,3
171,kindle,1
172,2023,1
173,enemies-to-lovers；fantasy；kindle-unlimited,3
178,4-5-stars；definitely-reread-worthy；fanatasy,3
179,fantasy-romance,1
184,bomm；ebook；review-copy,3
195,fantasy-favorites,1
205,2023；fantasy,2
209,audiobooks-i-own,1
211,fantasy,1
220,loved,1
236,demons；fae；lecturas-2024,3
245,new-adult-fantasy,1
259,2023；fantasy；romance-with-spice,3
272,fae-fey-daemon；military-types；royalty,3
286,2023-read；kindle-unlimited,2
287,fantasy,1
296,my-personal-favorites,1
297,fantasy-romance；kindle；love-love-love,3
