Row,Tags,Tag_Count
0,fairy-tale-retellings；fantasy；have-reviewed,3
2,arc-giveaway-freebie；ya；ya-fantasy,3
3,netgalley,1
4,2023-read；anticipated-releases-2023；arcs-received,3
5,fairytales；firstreads；own,3
8,arcs；fantasy；friends-to-lovers,3
9,read-in-2024；ya-fantasy,2
10,2023-releases；arc；books-that-make-me-rant,3
11,arc-s-netgalley-and-edelweiss；fantastico-fantastics-scifilicious；young-adult-awesomeness,3
12,read-2024,1
13,winter-fantasy-book-recs,1
16,netgalley,1
17,2023；did-not-finish,2
18,netgalley；ya-fantasy,2
19,2024；arc；beautiful-covers,3
20,fairyloot；fantasy,2
21,past-arcs,1
22,2023-books-read；giveaways；retelling,3
23,2023-books；arcs；sci-fi-and-fantasy,3
25,2023,1
26,2023；books-i-own；fantasy,3
27,2023；failure-to-care；fairytale-retelling,3
29,2023-releases；e-book；from-the-publisher,3
30,arc,1
32,2023；audiobooks；friends-to-lovers,3
35,arc-reviews,1
37,fantasy；young-adult,2
42,fantasy-duology；v-for-vampires,2
43,fairy-story；fairyloot；ya-fantasy-series,3
44,bookboxs-owlcrate-fairyloot,1
45,romantasy-challenge-2024,1
47,audiolibri；read-2023,2
48,sub-boxes,1
50,audiobooks,1
52,dnf；giveaway,2
54,2023；4-stars；arcs,3
57,audiobooks,1
58,netgalley,1
60,arc-or-from-pub；exclusive-edition；fairytale,3
62,2023-releases；fantasy；retellings,3
64,arc；dark；fantasy-romance,3
65,2023；fantasy；netgalley,3
71,dec-2023,1
72,2024-reading-challenge；winter,2
73,netgalley,1
77,english；fairy-tales-and-retellings；fairyloot,3
87,audio-read；fairyloot；on-bookshelf,3
89,netgalley,1
90,fairyloot-ya,1
91,2023；duologies；retellings,3
94,fantasy；read-in-english；romance,3
99,netgalley-arcs,1
100,audiobook；books-i-own；fairyloot,3
102,arc-gifted,1
104,arcs-2023,1
105,arcs；fairytales；retellings,3
109,2-stars；reviewed,2
111,arcs；netgalley,2
114,netgalley；read-2023；retelling,3
116,arcs,1
117,fantasy；ya,2
119,2024；fantasy；gifted,3
120,arcs；fairytale-series；fairytales,3
121,arc；reviewed,2
122,netgalley-arc,1
123,arcs；audiobook,2
124,arc-reviews,1
132,books-i-own；fairyloot,2
133,multiple-copies；special-editions,2
134,halloween；retellings,2
137,dark-woods；fantasy-romance；friends-to-lovers,3
142,ya-books,1
143,arc-books-from-netgalley,1
148,2024-books-i-read；library-audiobook；owned-book,3
158,netgalley,1
163,sci-fi-fantasy；spooky；ya,3
167,mine；physical,2
170,netgalley,1
173,2024-tbr,1
175,fantasy-etc,1
177,2023-release；arc-netgalley,2
179,2023-reads；compelling-opening-lines；fairyloot,3
180,books-i-own,1
186,net-galley,1
196,not-right-now,1
198,ya-recs,1
199,2024；audio-libby；bad-book-bummer,3
200,audiobooks；orilium-2024；owned,3
201,already-bought-hard-copy；fairyloot-illumicrate；physical-tbr,3
202,arc；x23-08-aug,2
208,dark-fantasy；fairy-tale-retelling；fantasy,3
210,fantasy；retellings,2
211,23audio,1
218,arc；netgalley,2
219,52wow；booktuber-bookstagram-booktok；fairyloot-illumicrate-botm,3
221,giveaways；physical-tbr,2
224,alc；arc；audiobook,3
225,netgalley,1
226,netgalley-arcs,1
228,fantasy；fiction；friends-first,3
229,fantasy-sci-fi；forbidden-romance；soft-romance,3
234,fairyloot-books；fairytales,2
237,fantasy；historical；mystery-suspense,3
240,arc,1
241,fairytale；retelling；unfinished-series,3
243,2023-year-in-reviews；fairyloot；fairytale-retelling,3
248,netgalley,1
249,fairytale-retelling；fantasy,2
252,2023；arcs,2
255,december-2023,1
258,complicated-relationships；fairytales；fantasy,3
259,fantasy,1
261,2023-reads；arc；fantasy,3
263,2023-favorites；arc-list,2
264,fairyloot,1
266,my-books,1
267,audiobooks-read；netgalley,2
269,2023；arcs；blog-review,3
273,my-physical-library,1
277,2023-reads；arcs-earcs,2
278,2023-releases,1
281,arcs,1
284,2023-netgalley-all-reads-challenge；2023-netgalley-reads；2023-reads,3
285,arc,1
290,netgalley,1
292,arcs,1
294,2023；netgalley,2
295,netgalley；read-but-don-t-own,2
297,arc；fairy-tales；fairyloot,3
