Row,Tags,Tag_Count
0,1-fantasy；5-family-kids,2
3,adult；fantasy；mm,3
4,200-300-pages；3-star；i-own,3
6,dnf,1
9,gay-romance,1
13,dnf,1
15,fantasy；lgbtq-stories,2
19,fantasy；magic；rommance,3
20,01-1_english；01-2_books；01-4_standalone,3
21,bachelor-team-challenge-round-10；can-t-keep-up-with-the-cast；cursed-or-enchanted,3
22,magic-spells-potions-etc；the-dead,2
28,fantasy；m-m；magic,3
30,fantasy；m-m,2
32,lgbt,1
33,fantasy；m-m；paranormal-etc,3
34,ghosts；mm-fantasy；pages-200-400,3
35,mm,1
36,5；fantasy,2
39,dnf,1
40,angst；fantasy,2
