Row,Tags,Tag_Count
0,science-fiction,1
2,2023；owned；young-adult,3
3,2024；nebula；science,3
5,sci-fi；tbrcleanup2024,2
6,0reviewed；1science-fiction；2novel,3
9,reviewed,1
14,ebook；female-author；female-protagonist,3
15,grownups；young-adult,2
17,science-fiction；women-focused,2
20,2023-books,1
24,2023；kobo,2
30,book-club；fiction；science-fiction,3
31,2024；from-library；science-fiction,3
32,childrens-or-ya；fiction；mystery-or-crime,3
36,bookclub,1
38,2024,1
39,new；owned-to-keep；я-2024-read,3
40,2024；ya-sf,2
41,novella；sci-fi；sff,3
42,award-winner-or-nominee；science-fiction,2
44,nebulas；science-fiction；young-adult,3
