Row,Tags,Tag_Count
0,arc,1
1,arcs,1
4,retellings；ts-speak-now,2
5,arc；on-kindle,2
6,netgalley,1
8,fairy-tales-and-retellings,1
10,arcs-or-review-copies；books-of-2023；fantasy,3
11,netgalley,1
12,netgalley,1
14,arcs；fairytales；fantasy,3
15,arcs；netgalley,2
17,arc-s-netgalley-and-edelweiss；fantastico-fantastics-scifilicious,2
21,read-as-an-arc,1
22,2023-reads；fantasy；retelling,3
24,dnf-d,1
26,fantasy,1
28,2023；adultish；cons-spies-and-thievery,3
29,arc,1
34,adult；fantasy；new-adult,3
35,abandoned,1
36,arcs-physical-publisher,1
38,2023-favorites；adult；enemies-to-lovers,3
42,netgalley,1
44,fairytale-retellings,1
46,all-netgalley；family-drama；fantasy,3
47,did-not-finish,1
49,netgalley-arcs,1
50,2023；arcs；released-in-2023,3
52,arcs；fantasy；retelling,3
53,fairytale-retelling；romance,2
54,fantasy；remix-retelling,2
55,2023-books-read,1
56,arc-review；audiobooks；favorites,3
57,arcs；fairytales；fantasy,3
61,readtoreview,1
62,fiction-adult；magical；romance,3
64,2023,1
66,netgalley,1
71,arcs,1
79,2024-reading-goal,1
81,2023,1
83,2023；fairy-tale,2
87,fairy-tales-and-retellings；fantasy；romance,3
88,read-in-2023,1
91,2023；arcs,2
93,started-couldn-t-complete,1
94,2023-reads,1
95,2023,1
99,fairytales-read,1
101,arcs；i-support-womens-wrongs,2
104,arc；zzzz-2023,2
110,fantasy,1
111,kissing-books；retellings；rft24,3
113,arc；fantasy,2
114,arcs；fantasy,2
115,read-2023,1
116,fantasy；romance,2
118,read-in-2023,1
119,i-wanted-so-badly-to-like-this；tdb,2
122,adult；got-from-the-library,2
123,dnf,1
124,sci-fi-fantasy,1
127,2023；e-arc；fantasy,3
128,enemies-to-lovers；fantasy；favorites,3
130,netgalley,1
131,netgalley,1
133,2023-reads；fantasy；historical-fantasy,3
134,4-stars；beautiful-cover；fantasy,3
135,2023；fantasy,2
140,adult；criminals；fairy-tale,3
141,arc,1
145,adult；fairy-tale-retellings；fantasy,3
151,netgalley,1
153,2023；fantasy；gayer-than-expected,3
154,also-have-audio；giveaways-arcs,2
155,2023-top-14,1
157,arc-netgalley-giveaway；favorites,2
158,2023；adult；audiobook,3
161,e-arc；re-readable,2
162,fairy-tales；fantasy；retellings-and-adaptations,3
165,fairy-tales；fantasy；kindle,3
168,netgalley,1
169,fairy-tales；fantasy,2
172,high-fantasy,1
179,2023；netgalley,2
181,finished-netgalley-arcs,1
183,2024-finished,1
185,netgalley-2023,1
186,2023,1
189,romance；sci-fi-fantasy,2
191,favorites,1
194,dnf,1
196,arc；netgalley,2
199,2023；arc；e-book,3
202,fantasy；tbr-2024,2
204,arc,1
207,mt-bookpile-2023,1
210,arc；read_2023,2
212,dnf,1
225,2023,1
227,avail-at-public-library；fairy-tales；fantasy,3
228,owned,1
230,fairytale-retellings；fantasy,2
236,arc-s；netgalley,2
243,fantasy；physical-copy,2
244,cinderella；magic；retelling,3
245,dnf,1
246,___booklist-magazine；_standalone；fantasy,3
250,fairytale；fantasy；first-reads,3
254,female-protagonist；romance,2
264,fairy-tales；fantasy,2
266,novel,1
273,arc；netgalley,2
275,2023-reading-challenge,1
277,arc-review-copies,1
279,fairytale-retelling；favorites,2
280,fantasy,1
282,fantasy；fiction；read-in-2024,3
288,adult-fantasy,1
290,adventure；audiobooks；fantasy,3
292,2023-pub；adult；audiobook,3
293,2023-releases,1
294,audiobook,1
296,adultery；fairy-tale-retelling；fantasy,3
297,fairytale-fable-folktale-inspired；fantasy；romance,3
298,fractured-fairytales-folktales,1
