Row,Tags,Tag_Count
1,2023；latinx-reads,2
2,2024；lor-elizabeth-s-2024-reads；middle-grade,3
3,book-club-possibilities；favorites,2
4,2023；alc-librofm；arc-netgalley,3
5,fantasy；middlegrade；sci-fi,3
6,latine；middle-grade-late-elementary；netgalley,3
8,children-s-fantasy,1
10,5-star；audio-books；childrens-sci-fi,3
12,netgalley2023,1
13,science-fiction,1
16,arc；middle-grade；science-fiction,3
17,favorites,1
20,animals；dystopia；j,3
21,activism；children；j-fic,3
23,booklist-editor-s-choice；checked-out-from-library；middlegrade,3
27,bigger-kids；representationmatters,2
28,audio-roulette；audiobook；from-the-library,3
30,23-new；24-popsugar；science-fiction,3
32,audiobook-read,1
38,arcs；sci-fi,2
39,4th；5th；6th,3
41,2025-2026；genre-dystopia；middle-grade-fiction,3
43,2024-read；coming-of-age；dystopian-fiction,3
46,2023-releases；netgalley-arc；ya-reads,3
47,2023；diverse-reads；middle-grade,3
49,kids-lit,1
50,cover-call；dystopian；geo-political,3
51,fantasy；fiction；middle-grade,3
52,1-2024；audiobook；borrowed,3
53,2023；arc；dystopia,3
54,childrensbooks；diverse-read；families,3
55,cool-teen-librarian；middle-grade,2
57,children-s；science-fiction,2
58,dystopian-utopian；hispanic-representation；middle-grades,3
59,2023；fiction；middle-grade,3
60,netgalley,1
61,lq；native；spanish,3
62,middle-grade,1
64,middle-grade；netgalley；sci-fi,3
69,digital；realistic-fiction,2
74,rep-poc-lead,1
75,distopia；middle-grades；science-fiction,3
76,activists；animals；civil-rights,3
84,2023,1
88,2023,1
90,070-52-advance-reader-copies；808-3876-fantasy-and-sf,2
91,j-fiction,1
92,2024；action-adventure；audio,3
94,coming-of-age；dystopian；fiction,3
96,2023,1
97,audiobooks；middle-school,2
100,2024-books-read；dystopian；mg,3
108,50-poc；childrens；cybils-judge-2023,3
109,2023；netgalley,2
112,dystopian-fantasy,1
126,dystopian；middle-grade；utterly-magical-writing,3
130,j-ya；sci-fi,2
133,audiobook；juvenile-fiction；science-fiction-fantasy,3
134,2024-read-harder-challenge；52-bkclub-2024；chapter-book,3
137,hkb,1
138,middle-grade；netgalley,2
141,favorites；middle-grade,2
142,fantasy；middle-grade；sci-fi,3
143,dnf；fantasy；middle-grade-and-ya,3
144,dnf；middle-grade；scifi-fantasy,3
150,dystopian；science-fiction,2
151,childrensliterature；dystopian；fantasy,3
153,2023-copyright；dystopia-postapocalyptic；j-fiction,3
155,2023-oct-new；2024-book-awards,2
157,dystopian；mg；nhhp,3
161,books-i-refuse-to-finish,1
164,ended-early-not-going-back,1
172,mg-fantasy-finds-2023,1
174,read-2023,1
