Row,Tags,Tag_Count
0,fantasy；middlegrade；read-in-2023,3
1,adventure-action；children；don-t-own,3
2,fantasy；middle-grade,2
3,fantasy；middle-grade,2
4,fantasy；middle-grade；netgalley,3
5,reviewed；reviewed-2023,2
8,fantasy；middle-readers；read-on-audio,3
10,fantasy-scifi；humor,2
11,alternative-reality；b-fing-w-d；children,3
12,childrens；cybils-judge-2023；fantasy,3
13,childrens；fantasy,2
14,arcs；middle-grade；read-2023,3
17,fantasy；fiction；middle-grade,3
21,fantasy；middle-grade,2
22,arc；fantasy；middle-grade,3
23,middle-grade,1
25,cozy-reads；favorites,2
27,adventure；fantasy；humor,3
28,adventure；family；fantasy,3
29,netgalley；read-but-don-t-own,2
31,anthropomorphism；fantasy；middle-grade,3
32,cute-light；humor,2
33,2023-challenge-books；fantasy；middle-grade,3
35,fantasy；humor-parody；young-adult,3
38,doors-to-other-worlds；middle-grade-ya,2
39,2024；library,2
40,children；fantasy；netgalley,3
41,favorite-covers；middle-grade；staff-recommendations,3
42,first-read-in-2023,1
45,2023-arc,1
46,libro-fm,1
47,action-adventure；alternate-history；coming-of-age-fiction,3
48,arc；audiobook；books-i-own,3
51,children-s；fantasy,2
55,52-book-club-2024；adventure-suspense-thriller；fantasy,3
57,currently-listening；middle-grade,2
59,2023；library,2
60,fantasy；tween,2
64,fantasy；girl-power,2
69,novels；single-parent-families,2
70,female-main-character；youth,2
72,childrens-fantasy,1
73,2023-books；audio-book；children-s-fiction,3
80,children-s-fiction,1
82,audiobook；childrens；sf-fantasy,3
83,fantasy；ya,2
84,2023,1
86,childrens-chapter；fantasy,2
95,children-s；fantasy,2
98,fiction；midgrade；ya,3
102,children；kids-fantasy,2
107,fantasy；modern；powers,3
108,2023-books-read,1
109,2023；book-club-games；ebook,3
113,childrens；demons-ghosts-zombie；dragons,3
115,2023；dnf,2
119,childrens；read-2024,2
121,sword-and-sorcery,1
122,2024-books,1
125,afa-reading-rainbow；fantasy；read-in-2024,3
128,2023；fantasy,2
130,middle-grade,1
131,adora-belle；children-s；fantasy,3
134,audible；borrowed-from-library；delightful,3
136,fantasy；fiction；humor,3
138,fantasy-portal；patricia-wrede；ya-fiction,3
