Row,Tags,Tag_Count
0,books-that-i-wrote,1
1,2023；fake-relationship；fantasy,3
2,fantasy-romance；indie-authors,2
4,ebook；fantasy；historical,3
5,cozy；dragons；funny,3
6,regency-fantasy,1
7,dragons；fantasy；historical-romance,3
9,review-copies,1
10,fantasy-all-subgenres；fantasy-romantic-girly；sff-cosy,3
11,arc；auth-f；sf-f-h,3
12,2023-books；historical；romance,3
13,arcs；favorites；read-fantasy,3
15,best-paranormal-fiction；cozies；favorites,3
17,audiobook；fantasy；romance,3
18,2024；ebook,2
19,indie；irl-author；romance,3
20,2023；cosy-fantasy；fantasy,3
24,2024-best-of；4b-silver；bought-when-price-dropped,3
25,magical-regency-era；urban-fantasy-alternate-history,2
26,arc；regency-fantasy,2
29,audiobook；cute-and-smart；favorite-series,3
32,fantasy；gaslamp-fantasy；neurodiverse,3
33,comfort-reads；dragons；regency,3
34,self-published,1
38,nook；series,2
41,austen-and-adaptations,1
49,historical-fantasy,1
54,britishisms；fantasy；fiction,3
57,fantasy,1
67,2023-reads；austentacious；dragons-not-lizards,3
