Row,Tags,Tag_Count
0,2023-books；science-fiction,2
2,2023-read；artificial-intelligence；ebook,3
3,2023；fantasy；netgalley,3
5,fiction；library；liked-reviews,3
7,2023；sci-fi-and-fantasy,2
8,audio；lgbtq；sci-fi,3
15,netgalley,1
16,science-fiction,1
17,sci-fi,1
18,action；comedy；lgbtqia,3
22,science-fiction,1
26,2023-books-read,1
27,audiobooks,1
28,arc,1
31,21st-century；science-fiction,2
32,arc；netgalley；sf,3
34,2023-reads；adventure；favorites,3
44,2023；aliens；audiobook,3
49,read-sci-fi,1
52,sci-fi,1
58,z2023-read,1
