Row,Tags,Tag_Count
0,detective；f-f；novella,3
2,delightful；i-doff-my-hat-to-your-cleverness；mystery-i-guess,3
4,2022-read；arcs；lgbtq,3
6,sci-fi,1
7,absolute-favourites；detectives；off-world,3
9,arc；environment；ff-romance,3
10,arc；ebook-owned；physical-owned,3
11,group-challenge,1
12,lgbtq；tor-tordotcom,2
13,2023-books；science-fiction,2
15,giveaways,1
16,american；fiction；mystery-thriller,3
17,not-my-cup-of-tea；sf；short-pieces,3
19,f-sf-for-adults；novellas,2
20,2022；2023,2
21,audiobooks；fiction；science-fiction,3
22,favorites-2023；favorites-all-time；novella,3
26,21st-century；american-literature；queer-lit,3
27,arc,1
29,novella-novellette；queer；whodunit,3
30,lgbtqia；mystery；romance,3
31,zread-1-scifi,1
32,2024,1
33,4-stars；lgbtq；novella,3
35,nebula-eligible-2023,1
38,bingo-2023；lgbt-f-f；novella,3
39,netgalley-arc；tor,2
40,at-slo-paso-bg-pa；fantasy；friend-recos,3
41,sf-f-goodies,1
42,_libby-ebook；_library-ebook,2
43,2023_5_star,1
44,2-point-5；adult-lit；aoc-et-al,3
45,2023-read；own；own-hardcover,3
46,mystery；queer-interest；sff,3
48,2024；nebula；novella,3
50,adult；dystopian-post-apocalyptic；novellas,3
52,audiobook；dropped；novella,3
54,authors-of-color；lgbtqia-mc；scifi,3
55,physical-tbr,1
57,arcs；space-settings,2
58,arc；lgbt；mystery,3
59,f-f；lgbtqia；mystery-thriller,3
60,sci-fi,1
62,audio-books；group_sword-and-laser；read-in-2023,3
63,crime；sapphic；sci-fi,3
64,2023-read；4-star；fantasy-and-scifi,3
67,2023；read-for-review,2
72,bechdel-test；first-person；lgbt,3
75,13-moons；aty-2024；detective,3
76,badass-women；character-driven；lgbt,3
78,ebk,1
81,acquiredㅡlibrary；authorㅡfemale；authorㅡpoc,3
82,2023,1
83,2024-reading-challenge；lgbtq；mystery-suspense,3
86,book-bingo-reading-challenges；cozy-fantasy；lgbtqia,3
87,det-myst；f-f-and-nm-nm；sci-fi,3
90,arc；best-of-2022；net-galley,3
91,authors-of-color；mystery；sci-fi,3
92,mystery-thriller-crime；sci-fi,2
94,detective；mystery,2
96,mystery；net-galley；romance,3
97,lgbtqia；post-apocalyptic；sci-fi-current,3
102,2023；cover-love；cozy-comfort-reads,3
105,2023_all；2023_novellas,2
106,2023-reads,1
107,2023-reads,1
109,jayme-loves-mystery,1
110,lgbtqia-author-or-protag；murder-mystery；sci-fi,3
111,fiction；lgbtq；library-all,3
112,lgbtq；lgbtq-sci-fi-fantasy,2
116,audiobooks,1
117,ebook-collection-kindle；f-f；im-besitz,3
118,book-club；mystery；novella,3
121,for-the-girls；novellas-my-beloved；queer-collection,3
123,hugo-nominate；mystery；sf,3
124,1-audible-plus；2023-release；audiobook,3
125,science-fiction,1
126,holmesian；lgbt-rep；mystery,3
127,2023-reviews,1
129,space,1
133,2023；subscription,2
134,fiction；spec-fic,2
135,net-galley,1
136,2023；latinx-reads,2
138,lgbtq；netgalley；sci-fi,3
140,2023-books；fall-2023；lgtbq,3
142,arcs；arcs-ng；whodunnits,3
143,arcs,1
144,fiction,1
146,arcs；lgbtq；sapphic,3
147,2-star；2023-releases；age-adult,3
148,2023,1
149,2slgbtq；arcs；fiction-mystery,3
151,arcs,1
152,fantasy-scifi,1
153,2023；mystery；novella,3
154,sapphic,1
155,booktube-made-me-read-it；latin-authors；lgbtqia,3
156,lgbtq；mystery-and-thrillers；science-fiction,3
157,scifi,1
158,2023-read,1
164,chewy；clean；pace,3
165,cli-fi；colony-on-a-alien-world；eco-sci-fi,3
166,audiobook,1
168,chars-i-relate-to；mystery；novella-short-story,3
174,mystery；s-f,2
178,2023-reads；sapphic,2
179,mystery-thriller；science-fiction,2
181,audible-plus；audiobook；novella,3
182,2023-release；aoc；apocalypse-dystopia,3
184,books-read-in-2023；lgbt；mystery,3
185,2023；audiobook；kindle,3
188,novella,1
190,own-kindle；read-novella；read-scifi,3
191,lgbtq,1
194,2023-releases；latinx-reads；mystery-thriller,3
197,3-star；ab；adult,3
198,2023；owned,2
201,lgbt；mystery；sci-fi,3
202,readin2023,1
203,read-2023,1
205,glbtq；mystery；science-speculative-fic,3
206,library；novella；science-fiction,3
208,1-star；read-2024；read-digitally,3
209,science-fiction,1
210,fiction；lgbtq；novella,3
215,2023；audiobook-d,2
218,pride-2023,1
219,queerio,1
220,2-star-books；lgbt；mystery,3
222,2023；audiobook；mystery,3
224,finished-in-2023,1
226,physical-bookshelf,1
227,wlw,1
228,2023-release；audio；lgbtqia,3
229,adult；lgbtqia；mystery,3
230,dnf,1
231,lgbtqia；sci-fi,2
232,lgbtq-rep；novellas；sci-fi,3
234,2024；aty24；audio-books,3
239,adult；audiobook；novella,3
242,100-200-pages；read-in-2023；science-fiction,3
243,mystery-or-crime；novellas；queer-rep,3
244,2023；listened-to-audio,2
246,mystery；sci-fiandfantasy,2
249,dnf,1
251,adult；library；mystery,3
256,3-star-books；audio-books；fiction,3
259,noir；science-fiction,2
260,audio,1
264,cosy-crime；romance；science-fiction,3
267,arcs；lgbtqia；sci-fi,3
268,queer；sapphic；sci-fi,3
269,fic-sci-fi；lgbtq,2
272,arc；latinx-authors；queer-lit,3
273,audiobook；women-nb,2
274,queer；short-stories,2
275,about-women；audio；lgbtqia,3
276,2022-series-tbr；2023；2023-read,3
278,lgbtqa-rep；science-fiction,2
279,arc-review；audiobooks；best-books-read-in-2023,3
280,2023；mystery；novella,3
281,2023,1
282,2023；library；mystery,3
284,audiobook；crime-fiction；mystery,3
288,queer；read-2023,2
289,2023-s-l-laser；read-in-2023；science-fiction,3
294,hugo-2024,1
295,climate-change；dark-academia；mystery,3
299,arc；mystery；netgalley,3
