Row,Tags,Tag_Count
4,4-stars；fantasy-sci-fi-pnml；guilty-pleasures,3
11,abuse-all-types；arcs-read2review-completed；audiobook,3
14,hanging-from-a-cliffy；paranormal；reverse-harem-or-threesomes,3
19,academy；dark；fantasy,3
20,kindle-unlimited；rh,2
25,2-star；fantasy；ku,3
28,2023-reads,1
29,arc-netgalley-or-alc；audiobook；paranormal,3
41,arc；books-to-buy；friends-to-enemies-to-lovers,3
43,ku,1
45,adult-fantasy；ciffhanger；quick-reads,3
53,childhood-friends-to-lovers；mom-i-am-so-sorry；paranormal-romance,3
59,_kindle-unlimited；_rh-recs-first-or-standalone；4-star,3
63,academy；fantasy；reviewed,3
64,disappointing；never-again；not-good-in-general,3
67,academy-military；demon-angel-ghost；fae-witch-magic,3
69,2023；english；fiction,3
74,spicy；stuff-your-kindle；why-choose,3
76,2023-five-stars；2024-rereads；cozy-re-read,3
82,dark；fantasy；reverse-harem,3
83,abuse；billionaire-romance；bully-romance,3
89,1st-person-pov；completed-series；fated-mates,3
92,2023-books；format-audio；romance,3
94,reverse-harem,1
96,academy；fae；magic,3
97,arc-review；paranormal-adult-na；why-choose,3
99,2023-reads；kindle-reads；paranormal-romance,3
102,why-choose,1
106,rh-fantasy,1
108,high-school；paranormal；reverse-harem,3
127,academic-setting-romance；paranormal-romance；reverse-harem,3
129,arc；on-shelf-read,2
132,14-24；vp,2
135,2023；romance,2
136,2024；escola；harem-reverso,3
137,demons；dragons；fated-mates,3
138,rh,1
139,2023；reviewed-4-stars,2
149,3-star；dragons；kindle-unlimited,3
156,academy；book-series；friends-to-lovers,3
157,anti-hero；audiobook；bad-boy,3
158,academy；audiobook；pnr,3
165,academy；demon；dragon,3
166,dnf-not-my-style,1
167,abuse；dragon-shifter；paranormal-romance,3
174,reverse-harem-why-choose-without-m,1
175,2023-reads；cliffhanger；give-me-that-sequel,3
177,2023；kindle-unlimited,2
178,rh-1st-in-series,1
185,2023；high-school；na-adult-paranormal-romance,3
190,2023；arc；arc-23,3
203,fantasy-paranormal；rh-or-ménage,2
218,dragons；magic；rh,3
219,kindle-unlimited,1
222,ebook；kindle-unlimited；read-2023,3
232,steamy,1
235,2024,1
241,2023；4-stars,2
245,2023,1
247,kindle-ultd,1
270,cliffhanger；ebook；highschool,3
293,2023,1
296,kindle,1
297,4-but-good；rh；waiting-for-next-book,3
