Row,Tags,Tag_Count
0,arc；author-may-be-a-genius；hopeful-ending,3
1,2023-books；science-fiction,2
2,arc；e-book；science-fiction,3
3,queer；science-fiction,2
5,0-series；1-arc-advanced-reader-copies；2-skipped-a-book-in-the-series,3
6,at-slo-paso-bg-pa；friend-recos；science-fiction,3
7,ebook；fiction；gr-data-problematic,3
9,lgbtqia；science-fiction,2
10,buddy-read-book-club-read；ebook；netgalley-arc,3
11,24-in-2024；5-stars；danny-faves,3
12,aliens；sff；spaceships,3
13,sci-fi,1
14,class-gender-race；hugo-awards-2024；lgbtqia,3
15,fiction；scifi,2
16,audiobook；favorites；i-probably-told-you-to-read-this,3
17,lgbtq；science-fiction,2
18,lgbtq；read-2023；read-women,3
19,science-fiction,1
21,disappointing；science-fiction,2
23,netgalley,1
24,lgbtqia；sci-fi,2
25,audiobook,1
26,audiobook；science-fiction,2
27,arc；auth-f；bipoc-actor,3
29,adventure；family；first-contact,3
30,upcoming-2023,1
34,keepers；sf-f-goodies,2
35,adult；queer；science-fiction,3
36,science-fiction,1
39,2023；earc,2
40,sf,1
41,2023-pub,1
43,favorites；owned-read；sci-fi,3
45,2020s-decade-releases；2023-0-releases；arcs-and-other-review-commitments,3
48,2024,1
50,books-i-own-and-have-read；space-operas,2
51,scifi,1
52,netgalley；sci-fi,2
54,owned-audio,1
56,2023；female-author；kindle,3
57,adult-lit；epic-friendship；own,3
58,3-point-5；achillean；adult-lit,3
60,what-i-read-2023,1
64,fiction；science-fiction,2
67,2023_5_star,1
69,science-fiction,1
70,2024；sci-fi,2
73,sci-fi,1
76,read-2024,1
77,american-21st-c；fiction；novels,3
78,science-fiction,1
80,books-i-own,1
84,audiobook,1
85,cubes-of-flesh-and-other-grossness；hugo-reading-2024；i-love-hive-minds-so-sue-me,3
86,2023_all；2023_novels,2
87,faves,1
90,2023；arc；family,3
91,ebook；science-fiction,2
94,alien-biology；aliens；read-in-2023,3
95,fiction；library-book；science-fiction,3
96,netgalley；queerly-beloved；spacey-wacey,3
97,speculative-fiction,1
99,scifi,1
100,audiobooks；fiction,2
103,adult-fiction；science-fiction,2
106,ebook；lgbtqia-plus；netgalley,3
107,bought23；science-fiction,2
108,ab；own；popsugar-2023,3
112,2023-releases；science-fiction,2
114,scifi,1
116,philosophy-and-culture；quiltbag；science-fiction,3
117,2023,1
118,2023；faves；lgbt-its-gay,3
122,buddy-read；lgbtq；netgalley,3
123,ann-leckie；science-fiction；space-opera,3
124,scifi,1
125,2023brs,1
126,audiobooks；read-in-2023；science-fiction,3
127,ebook；lgbtqia；science-fiction,3
129,ob,1
131,own,1
134,2023；kick-ass-female-lead；quiltbag,3
135,2023；fiction；science-fiction,3
137,queer-sffh,1
139,ebook；science-fiction,2
144,scifi,1
145,character-fiction；queer-lit；sci-fi-speculative-fiction,3
146,science-fiction,1
149,sci-fi,1
152,netgalley；sff,2
154,scifi,1
155,first-reads；scifi,2
156,charming；lgbt；sci-fi,3
158,first-reads；mystery；own-ebook,3
160,shreve,1
161,2023-books-i-read；adult-fiction；owned-audiobook,3
162,fiction；netgalley；sci-fi-fantasy,3
165,science-fiction；space-travel,2
166,2023；arc,2
169,abuse；adoption；science-fiction,3
170,favorites,1
175,audio；science-fiction,2
179,2023；sf,2
184,2023,1
189,grown-ups-sometimes,1
190,2024,1
191,2024；audiobook,2
193,hugos-2024；read-adult-sf-f,2
200,rakstniece；read-in-2023；science-fiction,3
205,adult；audiobook；faves-from-30-up,3
206,scifi,1
211,advanced-reading-copy；automatic-buy-authors；first-person-pov,3
217,a-scifi,1
221,book-club,1
224,2023,1
227,ebook；fiction；novels,3
229,author-femme；genre-science-fiction；source-local-library,3
233,2024,1
236,21st-sf；audiobooked；science-fiction,3
241,science-fiction,1
242,science-fiction,1
250,2023；audio；audio-2023,3
251,favourites,1
257,female-perspective-spec-fiction；sci-fi,2
260,recc-d,1
261,2023；audio；audio-2023,3
262,reviews,1
266,audiobooks,1
269,published2023；scifi-spec,2
270,sci-fi-and-science-fantasy；spooky-or-horror-or-gothic；squads-found-families-etc,3
272,ai-robot-computer；audio-book；science-fiction,3
273,arc-reviews,1
276,coming-of-age；man-vs-nature；man-vs-self,3
278,sci-fi,1
280,arcs；fiction-science-fiction,2
284,fiction；sci-fi-fantasy,2
285,audiobooks；sci-fi-and-fantasy,2
287,netgalley,1
289,dnf,1
293,added；blood-and-gore-depiction；cannibalism,3
299,queer-lit；science-fiction,2
