Row,Tags,Tag_Count
0,cool-kids-r-us；favourite-series；kate-daniels-world,3
1,2023-read；audiobook；netgalley,3
2,fantasy-romance,1
3,female-lead；novella；shifter,3
4,audio；libby-app；magic-stuff,3
6,adult；fae；fantasy,3
7,2020-29；2023；4-star,3
8,hot-fantasy-romantasy,1
9,fiction-genre-sff-urban-fantasy；owned-in-arc-ebook；owned-in-ebook-kindle,3
10,3500-23,1
12,m-f；net-galley；paranormal,3
13,2023-reads；4-5-stars；adorable-alphas,3
14,2024-favorites；2024-five-stars；audiobook,3
15,4-stars-very-good；fantasy-urban-fantasy；read-women-2023-challenge,3
16,2023-reads；ebook；family-focused,3
17,fantasy；new-books；owned,3
18,2023；2023-netgalley-challenge；reviewed,3
19,ass-kicking-women；favorites；shapeshifters,3
20,ebook-owned,1
22,2023；audible-owned；favorite-hero,3
23,2023-new-releases；5-stars；audiobooks-i-own,3
24,m-f,1
25,hh-other-magic；hh-pnr-fae；hh-pnr-shifter-cat,3
26,2023；e-book；fantasy,3
28,2023-reads；fantasy-romance；urban-fantasy,3
30,2023-releases；adult-new-adult；fantasy,3
31,0ne-of-them-fucking-good-authors；badass-heroines；hot-broody-alpha-males-yes-please,3
32,0-1st-person-her-pov；2023；action-based,3
33,5-stars；all-things-supernatural；dystopian-and-post-apoclayptic,3
34,2023-release；arc-netgalley,2
38,2023-books；laugh-out-loud；novella,3
39,2023-faves；read-in-2023；reviewed-for-smexy,3
40,kate-daniels-series；urban-fantasy,2
41,4-stars-and-more-but-less-than-4-5；urban-fantasy-paranormal-futuristic,2
42,0-series；1-arc-advanced-reader-copies；vermillion-red-e-p,3
43,alpha-heroes；alphaholes-ahoy；book-crack,3
44,2023；2024；audio-book,3
45,2023；2023-favs；5-star-favorites,3
46,0-library；fantasy-urban；fav-couples,3
48,2023-aty-in-52-books；fantasy,2
49,2023-all；2023-new；fantasy,3
51,romance-goodies；sf-f-goodies,2
53,2023；audience-adult；difficult-topics,3
55,kindle；urban-fantasy；urban-fantasy-series,3
58,read-in-2023,1
59,ebook；read-in-2023,2
60,urban-fantasy,1
61,urban-fantasy,1
68,2023-read；e-book；romance-urban-fantasy,3
69,all-time-favorite-books-series；awesome-characters；fun-and-addictive,3
70,2023-reading-list；fantasia-urbana；favoritos,3
72,2023-owned-read；favourites-2023；library,3
73,2023；urban-fantasy,2
74,2024-read；audio；fantasy,3
76,2023；best-of-2023；keepers,3
77,2023-reads；fantasy；favorites,3
78,ilona-andrews,1
79,2023-new-release-challenge；2023-release；action,3
81,200-books-in-2023；200-books-in-2024；2023-review-books,3
83,2023-release；ebook-kindle；nice-world-universe,3
85,sff-urban-fantasy；z2023-reads,2
87,novella；read-in-2023；urban-fantasy,3
89,fantasy；urban-fantasy,2
90,2nd-book-in-series；auto-read-author；auto-read-series,3
91,2023；fantasy,2
92,2023-books；5-star-reads-of-2023；book-series-ilona-andrews,3
95,desaf-o-2023；fantasía；fantasía-urbana,3
96,fantasy；own-on-ebook；urban-fantasy,3
97,arcs_review_copies,1
99,fantasy-sf,1
100,adult-fiction；arc；sci-fi-fantasy-horror,3
101,2020s-decade-releases；2023-0-releases；genre-urban-fantasy,3
102,2023；7arcs；coyer,3
104,adult-fantasy,1
106,arc-netgalley；fantasy-urban；million-page-challenge,3
107,favorites-2023；urban-fantasy,2
110,2023-re-reads；2024-re-reads；plus-2018,3
112,2023；acquired-2023；event-met-author,3
113,2023-paranormal-fantasy-challenge,1
114,added；animal-death；blood-and-gore-depiction,3
116,ebk,1
117,scifi-fant-uf-pnr,1
118,urban-fantasy；women-being-awesome,2
119,ebook；favoriten；owned,3
121,fantasy,1
122,urban-fantasy,1
123,borrowed-libby；fantasy-fun；quick-read,3
125,urban-fantasy,1
127,2024,1
129,fantasy,1
130,magic-user；shifter；shifter-feline,3
131,read-2023,1
132,z2023,1
135,magic；purchased；shifters,3
136,urban-fantasy,1
141,beauty-and-the-beast；dark；dystopian,3
142,ebook；favorites；kindle,3
143,fantasy-fairytale-apoca-dysto-scifi；i-own-it；magic-witches-etc,3
144,my-kindle,1
145,creature-palooza；married-couple；shifters,3
148,2023；ttx,2
149,read-2023；urban-fantasy,2
151,already-married；fantasy-pnr-urban-fantasy,2
152,urban-fantasy,1
154,kindle；re-reading,2
155,all-time-favourites；favourites,2
157,fae；fantasy；magic,3
158,narr-hillary-huber；narr-michael-glenn；paranormal-magic,3
159,own；own-paperback；reviewed,3
160,2023；magic；urban-fantasy,3
161,kate-daniels-series,1
164,favorite-author；pd-2023；urban-fantasy,3
165,5stars；amazing-chemistry；amazing-side-characters,3
166,5-stars；audio-book；urban-fantasy,3
169,absolute-favourites；best-minor-characters；kick-ass-chicks,3
170,2023；4-and-a-half-stars；adult,3
171,alltimefavorites；audiobook；ebook,3
173,dystopia；fae-and-faeries；favorite,3
176,2023；audiobook；favorites,3
178,all-time-favorites；bitten-by-magic,2
179,2023-read,1
180,2023-read；adopted-orphan；alternate-reality,3
185,5-stars；urban-fantasy,2
186,books-worth-rereading；fantasy；girls-i-want-to-hang-out-with,3
192,fiction-urban-fantasy,1
193,2023,1
194,alpha-male；anthology；audio,3
196,urban-fantasy,1
198,fantasy-urban,1
204,favourite-authors,1
207,2023；fantasy,2
210,2020s；novels；read-in-2023,3
211,adult；paranormal-urban-fantasy,2
217,audiobook；library-libby；paranormal,3
218,borrowed-from-the-library；dystopian；e-book,3
220,2024-favorites；adult；fantasy,3
222,2024-challenge-books；audio；books-read-in-2024,3
224,author-favorite；author-웃；author-유,3
225,2023-books-read,1
226,not-an-ebook,1
227,books-of-2023；favorite-authors；urban-fantasy,3
228,2023-books；ilonaandrews；katedaniels,3
229,fantasy,1
233,adult-uf-pr；kindle-books,2
235,romance；urban-fantasy,2
242,fantasy；paranormal；z-2023,3
248,5-stars；book-challenge；fantasy,3
250,action；favorites；shapeshifter,3
251,_libby-ebook；_library-ebook；adventure,3
252,true-uf,1
257,2023；best-kid-characters；chaos-energy-characters,3
259,borrowed；fantasy-urban-fantasy；fiction,3
260,bought,1
261,2023mistressofreads,1
262,bubblegum；fantasy；owned,3
263,2023；adult-paranormal-uf；best-of-2023,3
267,2023-read；2024-read；audio-book,3
268,fantasy-sci-fi；kick-butt-chicks；magic,3
271,2023,1
273,favorites；urban-fantasy；vo,3
274,fantasy-arcanepunk,1
275,fantasy；shapeshifters,2
276,fantasy；magic；supernatural,3
281,amazing-universe；best-heroine；book-boyfriends,3
286,favorites,1
288,urban-fantasy,1
291,magic；shifters；urban-fantasy,3
292,2023；author-ilona-andrews；favorite-couples,3
293,urban-fantasy,1
294,fantasy,1
295,badass-female-protagonists；best；best-couples,3
296,urban-fantasy,1
298,reviewed,1
