Row,Tags,Tag_Count
1,arcs-read,1
4,adult；horror；review-copies,3
5,2023-favorites；netgalley-arcs,2
10,2023-books；horror；review-copy,3
12,challenges-ha-summer23；challenges-shisha-bookbingo-23；challenges-shisha-readingrhythm-23,3
13,dnf,1
14,arc-provided-by-publisher；horror,2
16,2020s；american-lit；fiction,3
17,b-movie；bizarro；dnf,3
18,2023；horror,2
19,1-star-hated-it；audio-book；books-i-hated,3
20,extreme-horror；feminism；halloween,3
22,2023；borrowed；dnf,3
23,my-kindle-books,1
24,2023；arc；audio-book,3
29,netgalley,1
31,horror,1
34,2023-pub；2023-read；horror,3
35,giveaways-arcs,1
37,2023；2023-netgalley-challenge；direct-from-publisher,3
39,horror；mgr；serial-killers,3
41,horror；mental-health；thriller,3
43,horror；ms-magazine；netgalley,3
46,2023-top-reads,1
48,audiobooks,1
49,august-2023；written-by-women,2
52,audio,1
54,2023,1
56,ebook；netgalley,2
68,horror；read-in-2024,2
71,2-stars；2024-reads；horror,3
75,favorite-books,1
76,netgalley,1
77,netgalley,1
78,a24-adaptation-wishlist；best-of-2023,2
80,2023；horror,2
82,arc；fiction；horror,3
84,2023-release；creepy；unreliable-narrator,3
87,2023；horror-general,2
92,arc-novels；arc-reads；dark-horror,3
94,2023,1
98,autumn-halloween-reads；favorites；horror,3
99,psyche-psychology；slasher-psycho-serial,2
100,arc；netgalley,2
101,4-stars；horror,2
104,arc-copy；five-stars；horror,3
105,netgalley-2023,1
106,2024；autumnal-reads；books-i-own,3
108,2023；horror-if-ic；serial-killers,3
109,horror；women-and-the-void,2
110,adult；best-2023-reads；disturbing-gross-and-shocking,3
113,arcs-and-galleys；horror；review-copy,3
114,2024,1
118,a-big-steaming-heap-of-wtf-ery；arc-reviewers-copy；dark-underbellies,3
120,2023,1
126,netgalley,1
128,2023-reads,1
133,audiobooks；four-stars；thrillers,3
135,5-stars,1
136,2023,1
137,horror,1
138,horror,1
142,audio；read-in-2023,2
144,bc-genre-snaps,1
148,horror；read-2024,2
150,hahalloween2023,1
152,audiobook；boh；dark,3
156,2023-book-hoarder-challenge,1
157,4-stars；horror,2
158,2023-read；recs-horror,2
159,2024,1
160,physique,1
161,2023-anticipated-releases,1
166,audiobook,1
170,horror,1
171,arcs-read,1
173,arc-netgalley；z-2023-all,2
175,adult-contemporary；horror；kindle,3
177,netgalley,1
184,2023,1
187,2023,1
188,2023-releases；horror；slashers-and-serial-killers,3
189,horror,1
190,2023；read-for-review,2
191,2023-arcs；arc；bdsm,3
194,arc；on-my-shelves,2
195,2023-netgalley-reads,1
198,horror-mystery-thriller；the-infinite-library,2
200,all-time-favorite-books；favorites,2
208,spooky-season；under300pages；villainfmc,3
215,borrowed,1
218,wish-list,1
220,borrowed；horror-unsettling,2
222,2024-reads；favorites,2
225,horror,1
227,2023；villain-era,2
230,dnf,1
232,horror；netgalley,2
234,thriller-horror,1
235,disturbing；horror,2
236,audiobook,1
238,arcs,1
243,audiobooks,1
244,2023-books；arc；horror,3
245,3-star-reads；contemporary；horror,3
254,added；animal-illness-and-injury；decapitation-and-dismemberment,3
256,horror-mindless；netgalley,2
257,prose-before-bros,1
258,favorites,1
260,july-2023-tbr,1
261,gore；horror；murder,3
262,arc-s-netgalley-and-edelweiss；horrororor；i-m-so-excited-to-read-this,3
263,book-club-2023,1
271,favorites,1
274,2023；arc；five-stars,3
275,creepy-weirdo-stuff；do-you-want-to-see-some-real-speed；supporting-womens-wrongs,3
278,listened-to；read-2023,2
280,favs-of-all-time；horror,2
286,2023；borrowed-libby,2
287,horror；library-loan,2
290,2023,1
292,adult；audiobooks；horror,3
296,adult；fiction；horror-and-thriller,3
