Row,Tags,Tag_Count
3,3-stars；fantasy-sci-fi-pnml；rh-why-choose,3
8,hanging-from-a-cliffy；paranormal；reverse-harem-or-threesomes,3
9,arc-netgalley-or-alc；audiobook；paranormal,3
15,2023；no-rating；reverse-harem,3
16,1st-person-pov；academy；angsty,3
17,reverse-harem；review-copies,2
29,2023；arc；books-i-own,3
36,2024；ku,2
38,audiobook；billionaire；body-art,3
39,kindle-unlimited；why-choose,2
41,tbr,1
43,2023-reads,1
48,na-pnr,1
50,disappointing；never-again；not-good-in-general,3
51,abuse；bully-romance；damagedfmc,3
53,annoyed；dragons；fantasy,3
56,2023；reviews-5-stars,2
60,2023-books；format-arc；format-audio,3
63,did-not-like；dnf,2
79,high-school；hogwarts-but-make-it-horrible；paranormal,3
82,2023；kindle-unlimited,2
83,2023；ebooks；romance,3
85,rh,1
90,academy；demon；dragon,3
100,2024；enrolacao；harem-reverso,3
101,abuse；dragon-shifter；paranormal-romance,3
102,demons；dragons；fated-mates,3
105,arc；books-to-buy；kindle-unlimited,3
110,2023-reads；i-swoon；kindle-unlimited,3
112,2023-reads；kindle-reads；paranormal-romance,3
119,paranormal-fantasy-romance；rh-why-choose,2
123,arc,1
132,dragons；magic；rh,3
137,dnf,1
145,arcs；audiobook；fated-mates,3
148,kindle-ultd,1
149,academy；already-formed；demons,3
150,college-high-school；shifters,2
185,2023；high-school；not-of-this-world-fantasy-paranor,3
197,abuse；bully；damaged,3
223,dont-have；kindle,2
227,2023,1
228,2023；arc-23,2
233,fantasy-paranormal；rh-or-ménage,2
238,academy-fantasy-altuniverse；rh；series-waiting-on-next-book,3
248,2023,1
251,dnf,1
259,rh-fantasy,1
268,2023-11；paranormal-romance,2
269,books-i-read-in-2023；kindle-unlimited-books；magic,3
277,5-star-reads；books-to-buy；favorites,3
279,2024-books,1
280,paranormal,1
285,rh；romantasy,2
295,books-read-in-2024,1
299,0-star；did-not-finish；dnf,3
