Row,Tags,Tag_Count
0,2022-releases,1
1,2023-reads,1
5,2022-shelf；sci-fi；worldbuilding-sf,3
6,favorites-sci-fi；reviewed-reads,2
7,audio；netgalley；overdrive,3
8,2023-books；review-copy；science-fiction,3
11,sci-fi；sff-favorites,2
12,have-but-not-read；science-fiction-all；science-fiction-not-classic,3
13,sci-fi-fantasy,1
14,science-fiction,1
15,audiobook；review-copy；science-fiction,3
17,sf；sff,2
22,fuel-for-existential-crises；my-meta-is-more-meta-than-your-meta；neurodivergent-protagonist,3
23,sci-fi,1
24,science-fiction,1
25,science-fiction,1
28,11-science-fiction,1
32,2023；favorites；sf-fantasy,3
33,read-in-2023；sf,2
34,2023；borrowed-from-library；im-not-saying-its-aliens,3
35,scifi-fantasy,1
38,british-author；english-author；favorites,3
40,reviewed；reviewed-2023,2
41,2024-read-books；2024-read-your-hoard-challenge；fantasy-and-sf,3
42,audiobook；science-fiction,2
43,audio-book；recommended-by-sfbrp-listeners；reviewed-on-the-sfbrp,3
45,aliens；english-21st-c；fiction,3
46,favorites,1
48,books-collected-in-2023；fantasy；owned,3
49,fiction；scifi,2
55,scifi,1
56,science-fiction,1
57,sci-fi,1
60,2023-books；2023-january；february-2023,3
65,2023-read；ebook；netgalley,3
66,drama；entwicklungsroman；science-fiction,3
67,science-fiction,1
68,fantasy；sci-fi,2
70,2023；audiobook-english；books-that-should-be-movies,3
72,animals；colony-world；space-opera,3
75,adventure；ebook；hard-science-fiction,3
81,si-fi,1
85,audiobook；science-fiction,2
86,mystery-fiction；science-fiction,2
87,dystopian-post-apoc；immigration-refugees；psychology,3
88,favorites,1
89,avail-nvdpl-lv；fiction；science,3
91,netgalley；science-fiction；series,3
92,purchased-want-to-read,1
93,books-i-recommend；pre-ordered；science-fiction,3
94,own-on-audio,1
98,scifi,1
100,library,1
105,science-fiction,1
106,2023；scifi-fantasy-etc,2
107,broken-binding；favorites；signed,3
108,2022；earc,2
114,space-opera,1
115,favs2023,1
117,audiobooks；science-fiction,2
118,science-fiction,1
121,audio；author_male；pub_post-1945,3
124,ebook；science-fiction,2
127,decembre-22；e-book；favorites,3
129,fiction,1
131,2023；e-book；science-fiction,3
133,ai；aliens；audio,3
137,epic；sci-fi,2
138,december-2022,1
142,adrian-tchaikovsky,1
144,2023,1
150,favorites；owned-and-read；read-2023,3
152,2023,1
154,scifi,1
158,fiction；science-fiction,2
160,fantasy；mystery；post-apocalyptic,3
161,fiction；science-fiction-and-fantasy,2
162,adventure；animal-stories；biology,3
170,science-fiction,1
176,arc-s-to-review,1
180,ebook-reads；read-msc；scifi,3
181,science-fiction,1
183,2023-hugo-finalists；e-book,2
184,ebook；fiction；netgalley,3
186,ebooks；read-2023,2
188,science-fiction,1
189,2024_books；2024_popsugar；sci-fi,3
191,2022-sff-releases,1
196,favorites；sci-fi；series,3
199,favorites,1
200,other-sf-fantasy,1
202,2024,1
203,2022-faves；arc；read-2022,3
210,netgalley,1
212,apocalyptic；owned；read-in-2024,3
213,owned,1
215,science-fiction,1
219,science-fiction；scifi-aliens,2
221,2022-read；completed-series；sci-fi-read-and-rated,3
222,best-space-opera；impossible-to-find-in-stores,2
225,science-fiction,1
229,2023,1
230,5star；fiction；library,3
234,science-fiction,1
239,2023,1
248,gender-male；science-fiction,2
255,audiobook,1
256,annotate；favorite；fiction,3
259,sci-fi,1
262,science-fiction-and-fantasy,1
266,library-books,1
268,sci-fi,1
269,2023；own,2
271,space-adventure,1
276,sci-fi；spl-bought-for-me,2
277,science-fiction；space-operatics,2
281,in-the-physical-shelf,1
295,spring-2023,1
298,complex；fiction；science-fiction,3
