Row,Tags,Tag_Count
0,subscription,1
2,alien-hero,1
3,2023；alien-romance；arranged-forced-convenient-marriage,3
4,alien-romance；cinnamon-roll-hero；forced-proximity,3
5,alien-monster-romances；and-now-for-something-different；kindle-unlimited,3
7,2024；aliens；found-family,3
9,2023；aliens；author-honey-phillips,3
13,aliens；books-i-read-in-2023；kindle-unlimited-books,3
14,2024；multi-pov；romance,3
19,alien；virgin,2
21,alien-erotica；dual-pov；fmc-moves-first,3
23,faves,1
24,c-science-fiction-romance；c-western；char-depth1-superficial,3
25,ebooks；ku-prime；read-in-2023,3
31,short-stories-novellas,1
49,alien；happily-ever-after；romance,3
64,2023-reads；forced-proximity；paranormal-not-shifters,3
93,alien-romance；kindle；kindle-unlimited,3
94,alien-romance；steamy,2
103,sci-fi-romance,1
111,added-to-storygraph,1
132,american；ebook；fiction,3
135,monster-smut,1
142,honey-phillips；sci-fi-romance,2
145,lithium,1
149,2023-books-read；kindle-unlimited,2
156,kindle-unlimited；mature-content；science-fiction-romance,3
168,ex-military；geek-hero；geek-heroine,3
170,kindle；smut,2
172,books-read-in-2023；kindle-unlimited,2
175,cozy-fantasy；fantasy-myth-sci-fi；forced-proximity,3
177,aliens；dual-virgin；kindle-unlimited,3
182,sci-fi-kinky-fuckery,1
184,novellas；sci-fi-romance,2
186,novellas-short-stories-essays；romance-sci-fi-weird-fantasy,2
187,sci-fi-romance,1
188,cozy；sci-fi-alien；spicy-romance,3
190,forced-proximity；fucking-aliens；kidnapping,3
