Row,Tags,Tag_Count
10,1st-person-pov；academy；all-in-mmc,3
11,arc-netgalley-or-alc；audiobook；paranormal,3
13,paranormal-romance,1
22,reverse-harem；review-copies,2
26,2023,1
27,abuse；dragon-shifter；paranormal-romance,3
32,dark-romance；read-in-2024；reverse-harem,3
33,2024；ku,2
40,dnf-d；fated-mates；meh,3
41,abuse；dark；kindle-unlimited,3
46,2023；reviews-5-stars,2
47,abuse；billionaire-romance；bully-romance,3
51,audiobooks；fantasy-romance；why-choose,3
52,abuse；bully；damaged,3
56,college-high-school；shifters,2
62,audio,1
63,guilty-pleasures,1
69,academy；betrayal；demon,3
70,rh-academy；rh-pnr,2
76,demons；dragons；fated-mates,3
81,tbr,1
82,2023；academy；fated-mates,3
90,2023；arc；reverse-harem,3
94,2024-dragons；2024-reads；rh-romantacy,3
101,2023；arc；arc-23,3
121,arc；books-to-buy；kindle-unlimited,3
125,2024；credo；harem-reverso,3
132,2023；high-school；not-of-this-world-fantasy-paranor,3
146,rh；romantasy,2
148,2024-reads；rh；rh-fantasy,3
153,2024,1
165,2023-reads,1
167,extra-spicy；why-choose,2
168,kindle-ultd,1
208,dont-have；kindle,2
232,2024,1
235,favorite,1
246,2023-five-stars,1
271,2023-11；paranormal-romance,2
277,5-star-reads；books-to-buy；favorites,3
280,paranormal,1
281,2024-books,1
285,kindle,1
287,2024-read,1
290,2024；kindle-unlimited,2
