Row,Tags,Tag_Count
0,anthologies；nordic；sf,3
1,2023；arc,2
2,fantasy；horror-suspense；short-stories,3
3,netgalley,1
10,2023；arcs,2
13,arcs；fantasy；sci-fi,3
16,fantasy；sci-fi；short-stories,3
17,2023；2023-net-galley-challenge；arcs,3
19,2023；arc；fantasy,3
23,cambridge-edition-book-club,1
24,netgalley,1
28,netgalley；scifi-fantasy,2
31,net-galley-2023,1
32,lost-in-translation；reviewed,2
34,netgalley-read,1
37,2023,1
43,arc；fiction；kindle,3
58,cozy-mysteries,1
61,favorites,1
