Row,Tags,Tag_Count
0,danmei；grumpy-x-sunshine；im-in-pain,3
1,fav-books-and-series-ever；favourite-character-ever；favourite-couples-ever,3
3,fantasy-xianxia；lgbt-gay；lgbt-pan-bi,3
4,books-i-own；it-made-me-feel-like-a-marshmallow；my-precious-babies,3
6,asian-literature；danmei；favorites,3
7,5-stars；books-i-ve-cried-to；fantasy,3
9,tbr-physical,1
10,2023；danmei,2
15,danmei,1
16,danmei；historical-fiction；kindle,3
17,2023；400-600-pages；5-stars,3
19,2023；age-gap,2
20,favorites,1
22,2023；2024；4-stars,3
23,favorites-outdated,1
28,2022；2023；danmei-baihe,3
29,danmei；favorites；mm,3
31,05；bl-danmei；portada-hermosa,3
34,2023-favoritos；danmei；queer,3
36,2023-releases；asia-themed；asian-wuxia-xianxia,3
37,2024,1
41,danmei,1
42,5；danmei-baihe；lgbtq,3
44,high-fantasy；webnovels,2
45,owned-physical,1
46,age-adult；banter-galore；f-novel,3
47,age-gap；favorites-5-4-stars；foreign-books-and-authors,3
48,danmei,1
49,danmei；lgbti；read-in-2023,3
52,achillean-romance；adult-sff；danmei,3
56,accion；danmei；fantasy,3
57,adult-fiction；danmei；fantasy,3
58,fantasy；rytai,2
62,fantasy；lbgtq；manhua-and-danmei,3
63,2023-releases；adult；asian-rep-or-author,3
72,2023,1
73,danmei,1
74,danmei,1
76,danmei,1
78,2023-reads；danmei；fantasy,3
80,action-packed；age-gap；books-i-own,3
83,asian-authors；danmei；fantasy,3
84,asian-based；danmei；historical,3
87,cried-like-a-baby-thx；enemies-to-lovers；fantasy,3
93,danmei；xianxia,2
94,2023-reads；favorites,2
96,inglisz-buks,1
99,books-in-my-shelves；high-fantasy；lgbtq,3
103,fantasy-scifi；queer-stuff,2
107,bl；danmei；lecturas-2023,3
108,fantasy-and-supernatural；read-in-2024,2
111,2023,1
114,favorites；february-2023-reads,2
116,my-book-shelve；read-2023,2
117,2023,1
118,fantasy,1
120,asian-author；fantasy；mlm,3
122,owned,1
123,danmei-baihe,1
124,beautiful-cover；fantasy；homohomo,3
126,owned,1
128,chinese-fantasy,1
130,danmei；fantasy；mm-bl,3
131,danmei-baihe；favorite-fantasy；favorite-romance,3
133,二哈和他的白猫师尊；肉包不吃肉,2
134,asia；fantasy；lgbt,3
138,read2023,1
139,danmei,1
142,2024,1
143,chinese-lit,1
144,meatbun-2ha,1
145,boys-love；danmei；fantasy,3
147,2024-reads；fantasy；historical-fiction,3
148,owned-physical,1
151,forever-faves；hell-is-too-cold,2
155,chinese；danmei；fantasy,3
157,chinese-semester；danmei-if-i-do,2
158,action；adventure；cultivation,3
159,books-i-own；books-with-lgbt-characters,2
165,baihe-danmei；favorites,2
167,danmei；hurt-comfort；paranormal,3
168,adult；drama；fantasy,3
170,age-gap；asian-mc；dragons,3
173,light-novels,1
175,danmei；queer；translated-lit,3
177,china；danmei；east-asia,3
180,danmei,1
182,danmei,1
193,danmei；fantasy；husky-and-white-cat,3
197,danmei；fantasy；historical-fiction,3
198,danmei；fantasy；lgbt,3
202,and-they-were-roommates；danmei；fantasy,3
207,2023；favorites；romance,3
208,love-is-love,1
218,2023,1
220,danmei；fantasy；favorite,3
222,2023-reads；books-i-own；favorites,3
226,chinese；i-own-and-have-read；lgbt,3
228,2023-books,1
231,2023,1
232,danmei,1
236,danmeis-terminados,1
237,2023；danmei；fantasy,3
246,2024-finished-books；4-stars；danmei,3
249,myths；romance,2
266,chinese-novel,1
272,read-2023,1
276,favorites,1
281,5-stars；own,2
285,2023；lgbtqia,2
289,2023,1
290,danmei,1
297,2023-reading-list；lgbtq,2
298,cudo,1
