Row,Tags,Tag_Count
0,2023-read；audiobook；favorite-2023,3
1,cool-kids-r-us；favourite-series；kate-daniels-world,3
2,fast-and-fun；novella；urban-fantasy,3
3,banter；power-couple；urban-fantasy,3
4,2020-29；2023；4-star,3
5,audio；fishy；libby-app,3
6,adult；fantasy；magic,3
7,alpha-famale；alpha-male；apocalyptic-dystopian,3
8,fantasy；favorites-2023；m-f,3
9,hot-fantasy-romantasy,1
10,via-publisher,1
11,2023-reads；4-5-stars；adorable-alphas,3
13,3500-23,1
14,2022；2022-netgalley-challenge；net-galley,3
15,2023-5-stars；badass；fav-characters,3
16,fantasy；favourites；new-books,3
17,4-stars-very-good；fantasy-urban-fantasy；read-women-2023-challenge,3
18,best-series-ever；kate-daniels-series；romantic-elements,3
19,ebook-owned,1
20,fiction-genre-sff-urban-fantasy；owned-in-arc-ebook；owned-in-ebook-kindle,3
21,read-in-2023；urban-fantasy-paranormal,2
22,ass-kicking-women；favorites；shapeshifters,3
26,novella；urban-fantasy,2
27,fantasy；own-on-ebook；urban-fantasy,3
28,urban-fantasy,1
29,0ne-of-them-fucking-good-authors；adult；badass-heroines,3
31,arcs_review_copies,1
32,2023-coyer-challenge；2023-new-releases；4-stars,3
33,2023；audible-owned；pnr-scifi-fantasy,3
34,paranormal-urban,1
35,0-series；1-arc-advanced-reader-copies；vermillion-red-e-p,3
36,f-sf-for-adults；romantic-fantasy,2
39,4-and-half-stars_rating；novella；urban-fantasy-paranormal-futuristic,3
40,ebook；fbr；read-in-2023,3
41,2023-books；laugh-out-loud；novella,3
42,2023；english-read；fantasy,3
43,2024-hopefuls；rom-paranormal-supernatural-fantasy；series-kate-daniels,3
45,favorites；urban-fantasy,2
46,2023-reads；2024-reads；kate-daniels-series,3
47,2023；2024；audio-book,3
48,sff-urban-fantasy；z2023-reads,2
49,fantasy；urban-fantasy,2
50,200-books-in-2022；200-books-in-2024；2022-review-books,3
52,urban-fantasy,1
53,0-1st-person-dual-multi；2023；action-based,3
54,2023-read；suspense-badass；urban-fantasy-action,3
56,sf-f-goodies,1
58,ilona-andrews,1
59,magic；urban-fantasy,2
60,fantasy-shifters；from-library；hoopla,3
61,read-in-2022；reviewed-for-smexy；urban-fantasy,3
62,urban-fantasy,1
63,2023-reads；clean；fantasy,3
65,2023-all；2023-new；fantasy,3
67,2023；5-star；audience-adult,3
68,2023-release；arc-netgalley,2
70,funny；shortish-shorts；urban-fantasy,3
72,2023；fantasy,2
74,2024,1
75,cambiaformas；cazarrecompensas；con-niño-o-niña,3
79,dystopian；fantasy；married-couple-romance,3
80,ebook-not-lendable；favorites；library-book,3
83,5-stars；all-things-supernatural；ebooks,3
84,read-2023；urban-fantasy,2
89,1-in-a-series；kindle；urban-fantasy,3
90,best-of-2023,1
92,5-stars；novellas；readathons,3
94,adult；adult-fantasy；fantasy,3
95,shifters；vampires；witches-and-wizards,3
99,checked-out-from-library；kindle；magic,3
100,urban-fantasy,1
101,2024-read；audio；fantasy,3
104,desaf-o-2023；fantasía；fantasía-urbana,3
106,2023-new-release-challenge；2023-release；action,3
108,urban-fantasy,1
109,novelita-less-than-200-pgs,1
110,preordered；read-in-2023,2
111,2023-reads；fanfiction；fantasy,3
114,creatures-ghosts-other-paranormal；fantasy-fairytale-apoca-dysto-scifi；i-own-it,3
115,great-female-lead；great-male-lead；own-kindle,3
116,an-ongoing-series；beautifully-written；captive-kidnapped-hostage,3
117,fantasy-scifi,1
118,5-stars,1
121,2023；4-and-a-half-to-5-stars；authors-i-love,3
123,creature-palooza；humor；married-couple,3
124,fantasy-arcanepunk,1
129,2022；7arcs；favorites,3
131,audible-waiting-on；novella；pnr-uf,3
132,urban-fantasy,1
133,urban-fantasy,1
135,audio,1
136,2023-read；cute-moppets；fae,3
137,fantasy-romance；paranormal-sci-fi-romance；pnr-pregnancy-babies-kids,3
138,kindle,1
139,fantasy-pnr-urban-fantasy,1
143,library-2023,1
147,_libby-ebook；_library-ebook；fairies-fae,3
148,2023；fantasy；libby,3
151,author-ilona-andrews；genre-magic；part-of-a-series,3
152,1-re-read；audio；fantasy-uf,3
155,favorite-author；favorite-series；paranormal,3
157,need-nao,1
158,favorites；shapeshifters；short-stories,3
159,2023-reading-list；fantasia-urbana；favoritos,3
160,2023；favorite-authors；not-of-this-world-fantasy-paranor,3
162,2023,1
163,favorites；paranormal；science-fiction-fantasy,3
164,e-book；favorites-of-2023；read-in-2023,3
165,all-books-2023；book-bingo-23；cbr15,3
167,fiction-urban-fantasy,1
168,2023-read,1
169,2020s-decade-releases；2023-0-releases；genre-urban-fantasy,3
170,2023；assassins-mercenary；covers,3
172,own；own-paperback；reviewed,3
176,2023；4-and-a-half-stars；adult,3
177,9-5-10；kick-ass-chick-fantasy；shifters,3
179,novella；read-in-2023；urban-fantasy,3
180,4-stars；audio-book；novella-short-story,3
182,romance-urbanfantasy,1
184,ebk,1
185,2023；short-story-or-novella；urban-fantasy,3
186,2023；fantasy；favorites,3
187,adult；paranormal-urban-fantasy,2
190,shifter；urban-fantasy；vampire,3
194,books-worth-rereading；fantasy；kick-ass-heroine,3
197,2023；2024；audiobook,3
198,2023-5star；2023-adult；2023-adult-fantasy-sf,3
204,loved-it,1
205,mythology；shifters；tickle-my-funnybone,3
207,2023-books；fantasy；novella,3
208,read-2023,1
211,fantasy；towerx,2
212,fiction-urban-fantasy-gudar,1
214,all-time-favorite-books-series；awesome-characters；i-need-it-want-it-gotta-have-it,3
215,books-i-read-in-2023；dystopia-and-post-apocalyptic；magic,3
218,2023-3-star-books；fantasy-sci-fi,2
219,2023,1
221,2023；5-stars；urban-fantasy,3
222,read-in-english,1
223,adult-fantasy-romance；adult-romance；favorites,3
225,fantasy,1
226,fantasy,1
228,favorites；paranormal-romance-fantasy,2
229,best-paranormal,1
230,bought-this-book；fantasy-paranormal-science-fiction；het-romance,3
231,2023-books；5-star-reads-of-2023；book-series-ilona-andrews,3
234,2023-releases；bought-in-2023,2
235,added；cannibalism；child-abuse-and-neglect,3
236,elemental；favorites；gods-goddesses,3
238,author-favorite；author-웃；author-유,3
239,2023；biblioteca；fantasy,3
240,dystopia；magic；mythology,3
242,all-time-favourites；favourites,2
243,ebook；owned；read-in-2024,3
244,fav-authors；ilona-andrews；kindle,3
247,fantasy；novella；paranormal,3
252,favourite-books；favourite-series；favourite-uf-scifi-f,3
254,borrowed-libby；fantasy-fun；own-kindle,3
255,adult-uf-pr,1
256,fantasy；my-favs；romance,3
258,action；urban-fantasy,2
259,animal-shifter；dystopian；favorites,3
260,paranormal；romance；urban-fantasy,3
261,2023；urban-fantasy,2
264,2023-reads；urban-fantasy,2
265,ilona-andrews；kate-daniels,2
270,2024；fantasy；novella,3
271,audio,1
273,reviewed,1
275,5-stars-awesome-sauce；books-of-2023；challenge-2023,3
280,action-adventure；audiobook；kick-ass-heroine,3
281,assertive-woman；magic；the-love-interest-s-pov,3
283,paranormal-urban-fantasy；short-stories-or-essays,2
284,0-done-series-abandoned；characters-shifters-felines；characters-shifters-misc,3
285,2023；adult-paranormal-uf；gods-and-monsters,3
286,kindle；magic；paranormal,3
287,fantasy,1
289,2023；acquired-2023；event-met-author,3
290,2023-read；2024-read；audio-book,3
291,action-adventure；kick-butt-chicks；magic,3
292,2023,1
293,_g_paranormals；_setting-post-apocalyptic；2023,3
295,books-i-have-re-read；ebook；favorite,3
297,2023-release-date；magic-etc；shifters,3
298,format-kindle-books；genre-fantasy-myth-fairy-tales,2
299,archived-kindle,1
