Row,Tags,Tag_Count
0,2023；arc；english,3
1,animals；book-sirens；fiction,3
2,netgalley,1
5,social-media-sucked-me-in,1
11,giveaways,1
14,arc；standalone,2
20,e；giveaways；humor,3
21,arcs；e-book；sci-fi,3
23,2023；arc；in-space,3
24,received-for-review,1
25,romance-pnr；sci-fi-space-opera；x-i-cried,3
34,arc；netgalley,2
38,2023；may23；sci-fi,3
44,action；sci-fy,2
46,audiobooks,1
49,netgalley,1
50,sci-fi,1
51,audiobooks；science-fiction,2
52,netgalley,1
54,books-read-in-2023,1
68,adv-copies,1
69,arc-reviews,1
