Row,Tags,Tag_Count
0,favorites,1
4,2023-favorites；asian-rep；authors-of-color,3
5,fantasy；short-fiction；urban-fantasy,3
7,2-highest-recommendations；asian-authors,2
8,asian-inspired；crime；fantasy,3
9,2023-reads；adult-books；e-books,3
11,adult；audiobook；fantasy,3
13,favourites-2023；wishlist-for-later,2
15,adult；arcs；fantasy,3
18,decimal-pieces；fearless-protagonists,2
19,arc,1
21,arcs；cover-appreciation；novella,3
27,anticipated-2023-releases；read-in-2023,2
29,physically-own,1
31,read-list-2024,1
37,authors-of-color；fantasy；seriesprogress2024,3
41,arcs,1
43,2023-releases；adult；asian-rep-or-author,3
45,a-adult；arcs；f-novella,3
46,2023-reads,1
48,fem-asian-authors；hyphenated-asian,2
55,buddy-read-with-mads,1
59,2023-read；arc,2
60,2023-releases；audiobooks,2
63,scifi-fantasy,1
64,books-i-own；numbered；signed,3
66,auth-f；bipoc-actor；bipoc-author,3
69,arc-s-to-review,1
70,2023；arcs,2
74,2023,1
76,read-in-2023,1
77,2023,1
79,anthology；arc；fantasy,3
80,exceeds-expectations；short-story-or-novella,2
85,written-for-me,1
93,asian-reads；audio-reads；novella,3
95,arc,1
101,collectors-edition；on-my-shelves；signed-books,3
102,anthology；short-fiction,2
103,november-2023,1
107,2023；fantasy,2
111,fantasy,1
113,fantasy-and-sci-fi,1
115,adult；ebooks；fantasy,3
120,2023-releases；5-star；adult,3
121,anthology,1
131,audio；libby,2
132,read-2023,1
133,faves,1
136,2023-read,1
137,2023-reads,1
147,form-short-stories；g-fantasy-high-epic；g-fantasy-urban,3
149,read-in-2023,1
150,2023-releases；asian-stories；fantasy-i-read,3
153,2023；arc；fantasy,3
154,2023-favourites；owned；read-the-bookshelf-2023,3
160,2023-favorites；received-arcs,2
161,fantasy,1
164,netgalley；sff-shelf-cleanup-2023,2
166,2023-reads；anthology；fantasy,3
169,fantasy,1
171,netgalley；read-in-2023,2
173,2-stars；fantasy,2
174,netgalley；short-stories,2
176,read-in-2023；urban-fantasy,2
177,2023,1
188,2-fantasy；read-in-2023,2
195,2023-reads；2023-releases,2
196,2023-releases,1
198,fantasy；short-stories,2
199,2023-release；netgalley,2
200,fantasy；netgalley,2
203,2023-review-copy,1
204,2023-netgalley-reads,1
208,arcs,1
212,5-stars；fantasy；favorite-author,3
217,adult；authors-of-color；cryfest,3
222,fantasy,1
223,fantasy,1
227,fantasy,1
228,2023-favorites,1
229,3-star；adult；english,3
233,2023-faves,1
235,sci-fi-fantasy,1
236,2023；audiobooks；favorites,3
237,read-2023,1
238,read-in-2023,1
240,2024,1
242,2024-favs；audiobook-listens；canadian,3
261,fiction,1
265,anticipated-books；best-book-ever；ebook,3
266,read-in-2023,1
267,net-galley,1
269,all-time-faves,1
273,2023-bingo；short-stories,2
276,ebook,1
282,2023；fantasy；fiction,3
284,4；asians；fantasy,3
286,5stars-prediction,1
288,2020-2024-read,1
297,audiobook,1
