Row,Tags,Tag_Count
0,subscription,1
2,kindle-unlimited；novella；romance,3
3,2023-reads；alien-romance；caretaking-scene,3
4,honey-phillips；sci-fi-romance,2
5,alien-monster-romances；and-now-for-something-different；kindle-unlimited,3
6,2023-kindle-audit；romance；sci-fi,3
7,beauty-and-the-beast-vibes；read-beam-me-up-scotty；soldier-or-former-soldier,3
8,2023；alien-romance；author-direct-arc,3
9,alien-erotica；disability；dual-pov,3
13,1-poor-writing；2023,2
14,ebooks；ku-prime；read-in-2023,3
15,aliens-space；arcs,2
18,2023-favorites；cozy-fantasy；fantasy-myth-sci-fi,3
19,2024；aliens；found-family,3
20,2024；multi-pov；romance,3
29,alien；disabled-scarred-hero-ine；sci-fi,3
32,2024-books；3-stars；abduction,3
33,alien；alpha-males；best-sex-scene,3
43,c-science-fiction-romance；c-western；char-depth2-low,3
48,2023；alien-abduction；aliens,3
55,kindle；smut,2
66,short-stories-novellas,1
69,sci-fi-romance,1
74,added-to-storygraph,1
88,2023-reads；chef-baker-bartender；forced-proximity,3
110,recommended,1
114,forced-proximity；insta-love；love-my-aliens,3
115,alien-romance；kindle；kindle-unlimited,3
126,adorable-child；alien；alpha,3
128,m-f；romance；sci-fi,3
129,aliens-sci-fi,1
130,romance,1
134,beauty-and-the-beast；hot-sexy-romance；kindle-unlimited-2023,3
137,sci-fi-romance,1
146,aliens；books-i-read-in-2023；kindle-unlimited-books,3
149,ex-military；hot；longing,3
151,books-read-in-2023；kindle-unlimited,2
161,american；ebook；fiction,3
162,cozy；sci-fi-alien；spicy-romance,3
163,novellas；sci-fi-romance,2
164,novellas-short-stories-essays；romance-sci-fi-weird-fantasy,2
165,alien-love；alien-smut；disability-rep,3
