Reviewer,Review Count,Followers,Rating,Date,Tags,Likes,Content
William Gwynne,408,2212,5,"April 1, 2024",2024-favourites；fantasy；favorites,170,THIS BLEW MY MIND!!!!
Edward,436,1289,5,"March 29, 2024",fantasy；favorites,236,👀 the cover...Oh my god this just might be my #1 Papa Gwynne book.YOU GUYS ARE NOT READY FOR THIS
LambchoP,348,106,,"March 29, 2024",favorites；most-anticipated；need-this-now,64,The Fury of the Gods! I CANNOT wait!We finally have a cover reveal and release date!October cannot come soon enough. My most anticipated book this year by far:)
aria,743,106,,"March 29, 2024",adult-sff；nordic-sff；sequel-book,41,LOOK AT THAT COVER!!! I'M SO HYPED!WE HAVE A TITLE AND A DATE!!!!
Meagan✨,112,473,,"March 29, 2024",,34,"Cover reveal 👀 this artwork is wild! Was not what I was expecting, but so so excited for this. 🥹🖤"
KiDron Ramirez,1,1,5,"August 15, 2022",,27,"Guys..... Hear me out here. I think that I recently figured out the title for the 3rd book of the Bloodsworn Saga Trilogy!!!!! OK..... I think that book three is going to be called: ""THE BATTLE OF THE GODS""The reason I say this is because, *SPOLIERS*!!!!!!!!! YOU HAVE BEEN WARNED HERE... READ THIS SPOILER AT YOUR OWN RISK AND PACE......... SO, FOR THOSE OF WHO WHO HAVE READ BOOK 2 IN THIS SERIES, IN BOOK 2 THEY TALK ALOT ABOUT RESURRECTING MOST OF THE DEAD GODS SINCE THE RAGNAROK STYLE WAR BETWEEN THE GODS TOOK PLACE LONG BEFORE THE HUMANS WERE EVEN BROUGHT/ BORN INTO THE WORLD OF VIGRITH ITSELF...... HOWEVER, NOW THAT SOME OF THE GODS ARE LITERALLY BEING RESURRECTED IN BOOK 2, ALSO, IF YOU LOOK AT THE SYNOPSIS FOR BOOK 2 PROPERLY, THERE ARE MENTIONS OF A BATTLE THAT IS ABOUT TO TAKE PLACE, MOST LIKELY IN BOOK 3!!!!!! AND IT WILL SHAKE THE FOUNDATIONS OF THE EARTH AS WELL AS VIGRITH ITSELF WHENEVER THAT BATTLE DOES HAPPEN..... THE BATTLE OF THE GODS SOUNDS LIKE THE PERFECT TITLE FOR BOOK 3 AS WELL, BECAUSE.... I DON'T KNOW IF THIS MIGHT BE A COINCIDENCE, BUT!!!!!!!! IF YOU LOOK AT THE FIRST WORDS FOR BOOKS 1 & 2, (WITH BOOK 1 BEING: THE SHADOW OF THE GODS)(AND WITH BOOK 2 BEING: THE HUNGER OF THE GODS), THE WORDS ""SHADOW"", AND ""HUNGER"" BOTH HAVE SIX (6) LETTERS IN THOSE WORDS......AND HEY, YOU KNOW WHAT OTHER WORD HAS SIX (6) LETTERS IN IT THAT I THINK FITS WELL FOR THE TITLE OF BOOK 3?????????? THE WORD ""BATTLE""......SO, ONCE AGAIN, THATS WHAT I THINK THE TITLE OF BOOK 3 MIGHT BE CALLED..... I CAN'T WAIT TO SEE IF I'M CORRECT AT GUESSING THAT TITLE: ""THE BATTLE OF THE GODS"" FOR THE BLOODSWORN BOOK 3 WHENEVER WE GET AN OFFICIAL TITLE REVEAL.... P.S. SEEING THAT ALL OF THE COVERS FOR THE BLOODSORN SERIES HAS IMAGES OF ANIMAL GODS ON THEM, I'M GOING TO MAKE A FEW GUESSES AND SAY THAT, FOR THE COVER OF BOOK 3, I THINK THAT IT'S EITHER GOING TO BE BETWEEN: ROTTA, ORNA, OR SNAKA, SIMPLY BECAUSE THEY MENTION THOSE 3 SPECIFIC ANIMAL GODS ALOT IN THE SECOND BOOK IN THIS SERIES AS WELL.... I WOULD LOVE TO KNOW/ HEAR WHAT OTHER PEOPLE THINK OR HAVE TO SAY ABOUT THIS...... PLEASE LET ME KNOW ASAP!!!!!!!!!!!!"
Bella,61,,5,"March 19, 2023",,26,What’s an axe-wielding murderous mother in search of her son gotta do to get some peace around here I need book three yesterday. Praying Snaka might bless us with it’s release in 2023.
Liv ❁,322,212,,"April 8, 2024",2024-anticipated-releases,24,I have been waiting SO LONG for this and I am so happy to say that the cover does not disappoint
Shirin ≽^•⩊•^≼ t.,527,84,,"March 31, 2024",1-2024,20,LOOK WHAT WE HAVE... COVEEERROctober never seems so far far away...
♥Milica♥,1266,475,,"January 22, 2024",,19,We finally have a date omgg
Leonor,1,,5,"December 9, 2022",,17,"I have to start by saying... Viking-style fantasy books have never really been my thing. That being said, this is EASILY the best saga I've read in the past years (and I have read MANY). I sadly thought that it was only going to be two books, and so, when I was approaching the end of the second book and found it weird that there was so much left unsolved, I checked again and now I am devastated to have to wait for the third and final, but honestly completely worth it for these! Can't wait!"
Devin The Book Dragon,296,194,,"February 2, 2024",,17,Me waiting for this series finale
vish,116,19,5,"January 23, 2024",,9,OMG WE FINALLY HAVE A DATE AND TITLE IM BEYOND EXCITED AAAAHHHHHHH
Robin,362,2682,,"March 18, 2024",,7,i’m freaking out so bad. i need this NOW
Dalu,197,79,5,"March 29, 2024",,7,Edit: THAT COVER!!!!I need you right now!!
RhC,217,2,,"March 31, 2023",anticipated；fantasy；serial,4,"WHAT?!!The third book's not out yet?! SHi...ugar! Not again. I can only hope it's not another case of Martin or Rothfuss, etc.I swore off beginning incomplete series' ...my bad.Argh."
Allison,29,,,"April 5, 2023",,4,"I'm thinking book 3 will be called Twilight of the Gods, as the series is loosely based on Ragnarök, which translates to ""twilight of the gods."" :)"
N.,77,1,,"March 30, 2024",,2,THE COVER HELLOOO 😍😍
Tanja,56,1,5,"April 11, 2024",,1,"I CANNOT WAIT TO READ THIS BOOK!! Finally a release date, I'm so happy!! It comes out a day before my birthday so it will be on my wish list for this year😀😀God, why is it still april??Normally I'm not pleased when getting older now but I have a reason to be excited🤣🤣The cover looks stunning btw😍"
John Ross,73,7,,"March 28, 2024",,1,The glorious cover is revealed.
Brooke,59,1,5,"March 21, 2024",,1,John.......Mr. Gwynne......a couple thoughts......1. Not liking that Orka isn't mentioned in the summary.........DONT DO THIS TO ME2. PROTECT SPERT AND VESLI AT. ALL. COSTS. 3. DO YOU KNOW HOW BAD WE NEED THIS4. I love you
Noah DelGrosso,69,1,,"March 15, 2024",,,"One of my most anticipated books of all time! After the release of the Hunger of the Gods, I finally dipped my toe into running my own game of D&D, based in the world Gwynne had created for the Bloodsworn Saga. It has been some of the most fun I've had, creatively or otherwise.So before this book even releases, I want to thank John Gwynne for created a world that I now hold very near and dear, having, in some ways, lived in it with my friends for the past year and a half."
Ron Hole,16,,,"November 17, 2023",,,Need. This. Now!
Felicity Reads,108,,,"December 11, 2023",2024-anticipated-pubs；the-wait-is-killing-me,,Waiting....
Melissa,92,26,,"March 29, 2024",,,OH MY GOD WE HAVE A COVER!!!!!!!!!
Alexis,5,,5,"March 30, 2024",,,SO. EXCITED. AHHH
m &#x1fab8;,9,1,5,"April 12, 2024",,,i KNOW this is going to be a banger!!!!!
Nikirana,38,,5,"February 1, 2024",,,"ONCE I READ THIS I'LL NEVER LET GO, JOHN. I'LL NEVER LET GO."
Jinx of the desert,81,1,,"March 30, 2024",viking-to-read,,"Edit: We finally have the cover! Oh, it looks so good. I am very ready for October, not just for my favorite season, but this book! I literally cannot wait to read this! So excited for when the release date is finally announced."
