Reviewer,Review Count,Followers,Rating,Date,Tags,Likes,Content
Valeria Andrea,533,125,,"April 26, 2021",no-cover-no-title-still-will-read,272,So I'll just check this page obsessively until something changes.
Kira,64,1,,"March 2, 2021",,127,I can't wait for this book to come out! Literally love everything about Nevermoor!
Samm | Sassenach the Book Wizard,1154,240,,"April 8, 2024",most-anticipated-2024；most-anticipated-2025；releases-2025,92,I just *hiccups* need you to stop changing the release date
Kadi P,806,126,,"August 4, 2021",and-im-waiting；mg-tbr,80,"October 2022?! Ugh that’s so far away!Things I want to see in this book:- Jupiter and Ezra Squall fighting. I want my 2 fave characters to interact!- All of Morrigan’s friends finding out she’s agreed to go with Ezra. Maybe a tear-inducing confrontation.- Morrigan learning something about her mother. There’s definitely something behind that and she needs to know more.- Morrigan studying the Wretched Arts... and why are they called that?! Can’t wait to see a super powerful Morrigan!- I want some more heartfelt moments from Ezra. I want to know why he flipped and turned evil and killed all his friends. He seemed happier in the Ghostly Hours, what happened?- Finally, I want to know WHAT THE HELL A SAFEGUARD PACT IS!! What will it do to Morrigan once everyone learns she’s in cahoots with Ezra?!Aaaah I can’t wait to read this! It’ll probably be my fave book of 2022!!"
Jenna (Falling Letters),708,64,,"February 24, 2024",middle-grade；to-read-middle-grade,36,"Edit Feb 2024: It looks like this book is definitely coming out this year!! See  at Adelaide Festival, whose description statees ""In 2024, Jessica Townsend will publish the fourth book in her Nevermoor series. What can we expect from the next instalment? In this session for middle grade readers, Townsend joins chair Clare Sawyer to reveal some of the secrets of her fantastical world."" I am so excited 🥹.Edit May 2023: Barnes & Noble is saying delayed until fall 2024.Edit Jun 2022: When did it change to Sept 2023? 😭I shall have to keep reminding myself that release date says ""October 2022"", not 2021, alas..."
Ashley,836,553,,"October 6, 2022",2023oct；2024sept,35,"FOR THE LOVE OF GOD, I HAVE TO WAIT A  ?????(Sorry; my need for instant gratification is showing 😉)"
jocelyn!,208,64,5,"October 27, 2023",,22,"319 days until release day, wish it was sooner 💔10/26/23"
Kristina Toma,42,,,"July 5, 2022",,20,2023??? I thought this was coming out in 2022 😭
Jess Darlington,82,9,5,"June 9, 2021",,18,WHY DO WE HAVE TO WAIT OVER A YEAR NOOOO😭
Grace Machon,225,5,,"August 23, 2023",,15,Every time the release date for this book is moved I feel a little more dead inside
YuzuChu,88,3,5,"July 23, 2021",,12,waiting for Squall sexiness and how he treats Morrigan by early 5 star
Lane,169,3,,"September 22, 2022",,13,Sept 2022: i swear this said this fall before?? But now 2023 what I can’t wait that long I guess I’ll just continue to listen/reread the first three until this one finally comes out 😭
Dumbledore asked calmly,31,10,,"December 29, 2021",,12,The pain of obsessing over books a year before they actually come out....also wHERE IS THE COVER
Shelby,150,2,,"June 2, 2021",,9,06/02/2021 - WE HAVE A TITLE!!!!!! SILVERBORN!!!!!!!! 😍✨
Talia,27,,5,"April 27, 2022",,9,So excited <3 don't mind me checking every 3 seconds to see if the cover has been revealed lol. Nevermoor is just so comforting and amazing <33
Phoenix13,52,,,"June 12, 2023",here-we-go-again,6,"Can everyone (*ahem* the Keeper of the Lost Cities fandom... I love y'all but geez) stop complaining about books that get pushed back ONE year? This thing's been pushed back TWICE and the excuse was never valid I reckon. We're having to wait THREE YEARS so yes, it's annoying waiting two but IMAGINE WAITING FOR THREE!This is a fourth book and if the pattern continues... Goblet of Fire is my favourite HP book and Neverseen is my favourite KotLC book so this one better be amazing or Imma riot-- 11/06/2023 --Well, crap.I've been seeing that we might have to wait FOUR years for this.Jessica, this is getting absolutely ridonkulous. I know you want it to be mind-blowingly amazing- but now you've caused some problems for yourself, because if it's anything less than completely mind-blowing this is going to be, like, two stars.Bruh Keeper of the Lost Cities is going to be done by the time we finally get this book I bet 😭"
Emma,94,,,"July 3, 2023",,6,"6/3/2023: The goodreads publication date is now showing October 2024?! Is this real?!?!?!? Does anyone know if Jessica Townsend is ok, or is this series going to take the Game of Thrones route and just get pushed back indefinitely? I literally just signed up for some random email newsletter so I can try to find out more about when we will actually get to read this book...6/21/22: Oh my gosh, the publication date just got pushed back to October 2023—NOOOOOOO!!! This was my most anticipated book of 2022, and now I have to wait an entire EXTRA year to find out what happens next?! Tragic."
Luluisa30,4,,,"January 6, 2022",,6,I am literally waiting with baited breath for Siverborn I am so in love with this series I have read & reRead in anticipation. I truly hope Jupiter and Ezra Squall have an interaction that will make me miss a good night's sleep lol ..
Aimal ,517,480,,"June 1, 2023",,6,apparently this was pushed back to september 2024. 🤡 i'm trying not to be upset about the fact that i am clearly doomed to label only those series as my 'favorites' that have unreasonably long gaps in between installments
Lem◍nade Midnight,166,61,,"October 27, 2022",,6,This series is way below my level but I don't think I'll ever quit itI FORGOT ABOUT THIS IT'S OUT!
Rosh,9,1,5,"June 27, 2022",,5,"I literally cannot wait for this book to come out, I just know that the wait is gonna be worth itedit: gonna b back in a year, book has been postphoned yet again. yay..."
hương quỳnh⛅,289,477,,"May 5, 2023",,4,"lại bắt đầu chờ đợi y như cái đợt chờ đợi A sky beyond the storm nhưng mà chắc series này còn dài dữ à chứ mình ko nghĩ 4 quyển. Chắc tầm 6-7 quyển, cỡ Harry Potter. Phải đợi bé Morrigan này lớn lên r chiến đấu trong mấy cái battle bự bự vs nước Cộng Hòa chứ 3 tập này đã học hành j nhìu đâu. Wa tập sau mới chính thức thành học trò của Ezra Squall cơ mà. Vs cả có 9 nghệ thuật Wundrous mà Morrigan giỏi nhất địa ngục mà cũng mới tạo ra mấy vụ nổ sương sương chứ j :v còn quá nhiều tiềm năng"
"rachel, x",1820,932,,"April 30, 2022",fantasy-and-paranormal；middle-grade-lit；sequel-tbr,3,•  •  •
Supipi,20,,,"June 25, 2023",,3,NOOOOOOOi thought this was coming out NEXT october and i was so damn exciteddddddand then i read that it wasnt and screamed noo MY LIFE IS A MISERY.edit: so i forgot and thought i wrote this thing LAST year and and and i just went through the heartbreak again dont talk to me im crying
mrsunshine,65,,,"November 7, 2022",,3,"See... I would be sitting in bed right now, waiting patiently for 3 days for the release.If it weren't for the fact the universe hates me, and has subsequently decided to delay the book for me.A WHOLE YEAR-I can't wait for 2023 ;-;"
Noah,23,1,5,"June 12, 2021",,3,AHHHH I can't wait!
leoooo,20,,,"September 10, 2021",,2,OMG THE TITLE I CANT-
Sonia,661,1,,"July 7, 2021",aussie-kiwi-authors；auto-buy-authors；fantasy,3,I have to wait for more than a year? I'm not okay.
Siena Mia,5,,4,"June 16, 2022",,3,I am so eager to read this book. The first three have definitely astounded me and I cannot wait to see what happens next. I hope it does not disappoint!
Prisha Rathee,1,,5,"February 6, 2023",,3,"Oh my god so excited for this book. Ezra and Jupiter fighting, omg Yas!"
Ryan Monaghan,7,,5,"June 26, 2023",,2,"I absolutely can't wait for this book. At risk of sounding psychotic I need it like the air I breathe. Here are some things I'm hoping for/I predict will happen in this book:-The plotline has something to do with a class divide in Nevermoor, with the title of 'Silverborn' referring to the Silver District where rich folks live-In accordance with this, Noelle Devereuax from the first book comes back-A reveal of what a safeguard is, in part- Jessica said this on her Instagram story-Morrigan's mother/her mother's side of the family being important-To deal with Morrigan's knack as a Wundersmith being released to the public, Holliday Wu will try to promote the knacks of everyone else in Unit 919- this is implied by a snippet from Jessica's Instagram story-Some of Jack's backstory-Morrigan tells somebody about Squall's apprenticeship-We meet Cadence's family members-The last Wundrous arts are Marionette and Intervallum, as the fandom has theorized-More to do with the Republic/the idea of returning to roots-More queer characters, and perhaps canon neurodivergent characters, however that would be dealt with in a fantasy setting-More worldbuilding!-Morrigan and Cadence work on something together- Jessica said this in an Instagram story, but I'm desperate to know what's going on-Unit 919 shenanigans!!!-I suffer emotionally"
Jenna,18,5,,"October 14, 2023",,2,"I needddddd this book right now. The other three books are some of the most beloved novels on any of the bookshelves in my house. I got the first book a few years ago but didn't read it. Then one day I picked it up and forgot to put it down. . . .Then I bought the other two books.So, yeah, I can't wait to get a copy of this one.:)"
Clara Girbau,10,,1,"August 5, 2023",,2,"What the hell!!!!!! Not again, please NOT again! Jessica Townsend, what are you doing, why are you torturing us like this, i originally thought i was going to get to read book 4 october 2022, why?????? Why 2024 now??????"
Lily,1,,,"October 13, 2023",,2,"UPDATE:According to Barns and Noble, Silverborn will be released September 2024 and according to Hachette it will be released August 2024. So either way the release date has been pushed back another year."
Brandi Thompson,356,9,5,"July 18, 2022",,2,"I need it, I need it so much. I don’t wanna wait !!"
Gabs &#x1fae7;,418,29,,"January 31, 2024",,1,OKEJ ALE OPIS… WANT NOT A NEED
Zion Levi,1,,5,"May 30, 2023",,1,"Every time the publication day approaches, it gets pushed back another YEARMy god I’m going to need to do refresh course on Nevermoor and Morrigan by the time the book will FINALLY be published. On the other hand, I’ll get to reread at least the 3rd book or maybe even go through the entire series real quick so you know Silver Linings lol"
Fi's Journey,570,22,,"August 22, 2022",fantasy；middle-grade；my-library,1,Looks like this is my first named read of 2023 haha as I didn't realise until now it's not coming out this year! I'm currently re-reading the first two so I can read the third one. Next year !
saskia,536,,,"June 2, 2021",,1,THIS SERIES IS AMAZING WOOO
Vida,163,49,,"July 1, 2021",,1,oh god oh god oh god a whole year and a half!! I am so excited for this!!
Hailey,75,1,,"July 13, 2021",,1,"Sigh. Love this series, so excited for the next one!"
Emmeline Sherborne,11,,,"August 7, 2021",,1,We have a cover!!!!!!!!!
Anna,234,,,"August 12, 2023",,1,pushed back again? to 2024?I have mixed feelings... 😣
Fiyinfoluwa,63,1,,"January 2, 2024",,1,I hope we don't have to wait another year for this book.
Ian Mcnamara,718,3,,"June 22, 2022",,,Looks like i have till October next year to become familiar with this series. From reading some reviews and descriptions i am very excited. As a huge fan of Harry potter and his dark materials if this is being mentioned in the same breath as these two wonderful series it is clearly worth taking notice of. Reviews to follow.
Amaya,1,,5,"September 18, 2023",,,Really say to see it pushed back another year. The release was just before my due date. Was really looking forward to binge read while in the hospital. I’ve been trying to look for some sort of update as to why. But nothing.
Samantha French,8,3,5,"March 7, 2024",,,"I’ve obviously not read the book, but I’m happy to wait as long as it takes. Pushing at authors to write by a deadline is silly. I’ll be here for whenever Morrigan’s story is ready. Much love to the author for creating such a lovely world."
Jo Cav Cur,18,4,,"April 9, 2024",,,"Oh my days, I’ve reread the whole series around three times waiting for the release of this book. I’m not complaining but I’d really like to read it soon 😭Also this series is literally brilliantThank you Jessica Townsend 💖"
Desirae,1,,5,"November 17, 2021",,2,WHY A YEAR (cant we have a preview T.T)
Jayla Geldenhuys,1,,,"April 21, 2022",,,It's cool and yeah
Sam,18,11,5,"March 22, 2023",,,Full of fantasy absolutely splendid little bit harsh but still incredible🦅
San To,54,3,,"June 23, 2023",,,Excited to read this
Painteyelash,13,,,"June 30, 2023",,,"Nooo, we have to wait until 2024 now?! I'm so sad, it was my most anticipated for 2023. I hope the author is okay."
christine ✩,585,24,,"July 18, 2023",,,
the tortured poets department ,217,14,,"August 16, 2023",series-i-haven-t-finished-yet,,8/15/23: COULD SOMEONE PLEASE TELL ME WHAT THE DEAL IS WITH THIS BOOK? I'M DYING OVER HERE😭
Andrew,269,40,,"August 17, 2023",anticipated,,Why has this been pushed back AGAIN
Bijayini,85,,,"August 20, 2023",,,Wait .. don't tell me it's delayed again ... In Amazon it still shows oct 23 ...why here it's showing sep 24.. does anybody know what's the matter ?
FerFu,36,,,"August 31, 2023",,,Como que ahora dice 2024!!!!! Noooooo
Stefan ,60,16,,"September 22, 2023",,,"Really, Jessica, are you suggesting me it's delayed and we have to wait another whole year 😰😔."
Agatha Newman-Steele,3,,5,"October 16, 2023",,,Istg it’s delayed by a year every year COME ON JESSICA
Hellocruelworld,2,,5,"November 5, 2023",,,I keep checking this page like a crazy person looking for a confirmed release date.
Get Thee to a Library ,42,,,"November 22, 2023",,,Pls release soon :[
Lyssa,31,4,,"January 23, 2024",,,I actually need this book on my shelf right now. Ten-year-old me needs it so bad.
wrenthemarsgirl,2,,5,"January 23, 2024",,,"The book has released, but I can't seem to buy it before it gets sold out! I want to read it so badlyyy though."
Sophie Rigby,61,1,,"February 24, 2024",,,"I can't wait! I love these books and Morgan's personality. I hope we get more of Squall's backstory! And what the safeguard is, it's killing me! I have to know!"
Jessica,6,,1,"March 3, 2024",series,,Sigh. Now Amazon says publication date January 2025...
Fey,6,,5,"March 17, 2024",,,I need this ASAP but there’s still a few months to go 😭😭I’M SO EXCITED AAAAA
Sienna Holly,25,,,"August 28, 2023",,,6/28/22Omg omg omg- just heard about this book and will obsessively look for it until it comes out!!!!! I've been waiting almost three years for this book and it's finally coming out!!!!8/28/23It still hasn’t come out 😭😭
Cate,416,,,"February 16, 2024",2024-releases,,I’m so excited for this!
