Reviewer,Review Count,Followers,Rating,Date,Tags,Likes,Content
"LIsa Noell ""Rocking the Chutzpah!  ",663,390,4,"March 15, 2024",,108,"My thanks to Saga Press, Rebecca Roanhorse and Netgalley.Shoot, ya'll. I have loved this trilogy. Ms. Roanhorse has a new fan.From the first chapter in this trilogy I was hooked.Unfortunately, by the end? Honestly, I don't know where it all went wrong. I wanted more. I actually expected more.The ending was fabulous, ""if I was a teenager'.So much was left unexplained. Damn it! I wanted more.I expect that most will love Rebecca's end game.But, then there is me!I'm going to shut up now. Ms. Roanhorse can write some decent shit! Unfortunately, she can't do endings.The trilogy as a whole? 5 stars all the way.However, this last book? I'll be back! This woman's got some shit to write, and I'm there for that!Yeah. Duh. If course I'd recommend this book."
Stella,655,287,,"August 8, 2022",,48,I have to wait a WHOLE year?!
Mara,1785,4110,4,"March 24, 2024",arc；ebook-owned；physical-owned,31,"The long awaiting conclusion for this trilogy! Overall, I'm satisfied with how things wrapped up and was glad for more time with Xiala. That said, I do think this was the weakest of the 3 books due to the pacing - I wonder if it had either been extended & there were 4 books OR this had been scaled back, if it would have had been more successful for my tastes.But that being granted, I just love Rebecca Roanhorse's writing so, so much. The way she paints the setting and builds her characters... chef's kiss! I just was happy to be back in a RR book and had a lovely time seeing this story draw to a close. I can't wait to see what's next!"
ivanareadsalot,532,176,,"March 13, 2024",,31,OHHHMMMYYYYGGGAWDDD YESSSSSS THANK YOU NETGALLEY FOR THIS ARC I'M SO HAPPY I HAVEN'T STOPPED SCREAMING 😭💓😭💓😭💓😭💓
abby,148,,,"August 3, 2022",2024-tbr,31,I'M IN DIRE NEED OF THIS BOOK OH MY GOD
sol✯,782,125,,"January 30, 2023",,26,still gonna read this even tho fevered star is so mid
CM,353,137,4,"March 29, 2024",,7,"A very satisfying ending to this trilogy! This book is very action-packed and fast-paced; I really enjoyed it. If you are into plot based, political, war themed fantasy books, you will really love this conclusion! I enjoyed the character stories and felt like I got to know them a bit more but did find that I didn't quite connect to them as much as I would have liked. It was so plot based that I found it a bit hard to connect the characters' decisions to them as individuals and not just as plot lines to advance the story. Xiala and Seripio's stories were definitely my favorite. I received a copy of this book through Netgalley in exchange for an honest review."
Geoffrey,602,58,4,"December 24, 2023",fantasy；fiction；indigenous,7,"( I read an advanced reader copy of this book courtesy of NetGalley)And so just like that, Rebecca Roanhorse finally brings her ""Between Earth and Sky"" trilogy to an end that does not disappoint.  is filled close to bursting with action and intrigue, making for a thrilling and fast-paced read. However, I will say that above else, my favorite was the same as with the previous two books in the series - Roanhorse's setting based upon the pre-Colombian Americas. It really is unlike any other fantasy world I've ever encountered before. And so while I'm glad that I no longer have to wait impatiently for the next in this epic trilogy, I will say that I would not at all be opposed to Roanhorse repurposing the world of the Meridian for feature stories. In the meantime - fans who have been with this series ever since  should be quite pleased with its jam-packed conclusion."
Chloe,228,9,,"September 27, 2023",,7,I LOVE THIS COVERmuch better than Fevered Star omg no offense
m&gs,385,12,4,"April 5, 2024",2024-releases；arcs；favs,5,"4.5okay so i really loved this and i thought it was a good conclusion to the series but there were a few things i really was not a fan of. some of these povs were beyond unnecessary like it was ridiculous bc sure they played a role in the end but could've done that in like 2 chapters. balam was not needed as a pov character THIS much and it really cut into the pacing. the second issue was the ending. i know high fantasy books typically have very rushed endings but we're talking about the lead up to the event happening @ 80% and even then it was more so 90% and even then it genuinely felt like background noise. several of the unnecessary povs could've been cut out so this could've been done better like i knew it was gonna be rushed but this was quite excessive and for the life of me i can't tell you what naranpas role in this book was supposed to be. i was not moved whatsoever. moving onnn. i've loved serapio xiala and iktan all throughout the series and even more so here. all three are very entertaining povs especially with how different they are. the first 15% or so just being endless massacres was so 😭. serapio and xiala seeing it more as necessary vs iktan being like yea fun stuff can't wait for more. it was genuinely such an entertaining book and iktan had really captured my attention in fs and far more here. xe is just a comedian all throughout, all of xir scenes were comedy gold and peoples reactions to what iktan does even better. xiala kinda suffered for a big part of the book and here's iktan and serapio just giggling and killing people like it's any other day but i loooved seeing more of serapios thoughts esp when those plots started getting crazier and crazier. and esp when you see his reaction in the aftermath. while she did suffer i liked seeing more of xiala's backstory which was kinda mia in the other books and how everyone really respected her despite the fact she'd been gone for so long. annnd people realising she's not someone to underestimate.think one of yhe funniest parts were when people would tell serapio to look or that they can't see and he's like . im blind?? 😭😭😭also loved getting xialaserapio back they're everything 😭🩷 and the way we see him super sweet and flustered with xiala meanwhile he scares the shit outta most people. anyways. overall loved it very much but my issues were what made me drop it from 5 stars. especially the ending like it was far too rushed for me."
Anna Liza,1,2,5,"January 14, 2024",,5,"I was lucky enough to get an ARC from the author herself and basically consumed the book in a few days, sneaking in chapters whenever I found pockets of time throughout the day! This book is filled with incredible action and really moves you through the various places and people that Rebecca built in Black Sun and Fevered Star. I’m a giant fantasy nerd so I make a habit of re-reading past books whenever I’m reading a trilogy especially when the worlds are so dense and interesting — as always Rebecca delivers on all that!I also LOVED getting more of Serapio’s mom Saaya and Balam’s story — and Powageh. The scenes in Teek helped to build out the Meridian world and I enjoyed reading of the Northern Wastes and the mythology of the Graveyard of the Gods. Absolutely stellar epic fantasy writing and the setting in pre-Columbian Americas is so unique that I recommend people read the whole series just so they can get a break from the tired tropes of Dungeons and Dragons and knights and castles. I promise you, it will blow your mind!"
Musings on Living,392,54,5,"March 2, 2024",arc；bipoc-author；black-author,4,Loved it! RTCI really hope this isn't the last we read from this world and its characters.
Blaise,390,105,4,"January 19, 2024",,4,An interesting approach to ending the long series. Not sure the ending really worked for me but a very good series nonetheless.
Olivia Gevedon,3,1,5,"January 24, 2024",,3,"I’m so grateful to have received an ARC from the publisher! I loved Black Sun and Fevered Star, so I couldn’t wait to get my hands on the final book in this trilogy. First, let’s talk about that STUNNING cover—miles ahead of the last book! Mirrored Heavens is also quite a bit longer, coming in at over 600 pages. I can assure fans that Rebecca Roanhorse delivered a satisfying ending, but my favorite part of this installment were the flashbacks that provided much-needed character development and context to the events before Black Sun. Overall, the Between Earth and Sky series a MUST read for fantasy lovers looking for something fresh and original! The Pre-Columbian setting was so unique and it was nice to see LGBTQ+ representation in this genre. Again, thank you Saga Press for the opportunity to read and review this one early!!"
courtney,51,,4,"April 5, 2024",,2,"thank you so much to netgalley, rebecca roanhorse, and simon & schuster canada for providing me with the arc for mirrored heavens—4.5 starsthis book is very fast paced which can be good and bad. in my opinion, there were no boring parts or things that dragged but the ending was wrapped up a little too quickly for my taste. shoving the battle that was hyped up and plotted by the characters into the last 8% of the book, and not even making it a main focus, but a background scene was definitely a choice! not one i would have made but honestly, other than the rushed ending, i loved this book. i love the characters, i’m so glad we finally got to spend more time with xiala! i love her, iktan & serapio so much. everything rebecca roanhorse writes is absolutely well done, she is an amazing writer and this book was so hard for me to put down. usually i’m a slow reader but i was genuinely shocked that i finished it as quickly as i did. i can’t wait to read more from her! every chapter flowed perfectly into the other especially as characters started reuniting. there were some unnecessary povs (BALAM!!!!) that definitely could’ve been cut and made into a more steady ending but all of that aside, this book has been so highly anticipated for me and i’m so happy to have been able to read it early. thank you again netgalley!"
Sara Codair,,54,5,"April 10, 2024",,2,"This was a fantastic conclusion to the series.My favorite part about this series was how you see from the perspective of people on all sides of the conflict. It's hard, in some ways, to distinguish hero from villain because characters on both sides do terrible things for their own reason, and they are not villains in their own minds.The one flaw was that because it had been a while since the last book, I kept forgetting who certain characters were and what they had done in previous books, but the writing, character development, description and detail were so good that it didn't matter. I figured it out eventually.I love the word Roanhorse created in this book. I love how each character is so developed. I love the magic system. And I was happy with the ending for at least some of the characters.Looking forward to seeing the next thing she writes!"
amsie,149,,3,"April 16, 2024",arcs,2,"3.25, i keep lowering this 😭 i just think the ending is disappointing for everyone except for xialaserapio truthers (and i am one but more importantly im a nara enthusiast and her arc is so terrible in this) pacing issues aside. i’m happy with how this story wrapped up for serapio and xiala . poor okoa, also a little unsatisfied with how naranpa’s arc is kinda not that important in this book"
Zaynab,94,4,,"April 16, 2024",,2,"arc reviewGonna keep this short and sweet. This book didn’t really have any redeeming qualities to me. Book 1 had great worldbuilding and a lot of potential with the characters and story set up, but the series seemingly has no interesting in following through. Much of what made book 1 so appealing is all but absent, and while I thought book 2 at least had the fun factor, this one is a slog.Judging from some other early reviews, this books seems to have found it’s audience and I’m glad it did. But I’m not a part of that audience."
Karen,75,2,5,"February 26, 2024",first-nations,1,"The first time I heard of Rebecca Roanhorse was on a list of Native/Indigenous books you should be reading, Black Sun lived up to each and every bit of praise. A lush landscape from history never conquered by European explorers filled with characters that tug at your heartstrings and souls as they play the game of gods. Serapio. Xiala. Their own people and yet the pawn of the gods and destiny. Fevered Star continued their journeys to complete the tasks set before them by others some with good intentions and some to use them as the pawns of their ascensions. When asked if I would be interested in an ARC, it was an immediate yes. Mirrored Heavens finished the carefully crafted trilogy, tying all the strands together in an epic conclusion and finishing each character’s arc in meaningful ways that stay true to each of their stories. You will not be disappointed at all with Mirrored Heavens or Between the Earth and Sky trilogy, if you haven’t already begun this beautiful series."
thea ♡,273,88,3,"December 26, 2023",,2,"one of the best first books in a series yet the finale fell short and landed in . that isn’t to say i didn’t enjoy some parts and i was definitely looking forward to certain characters reuniting, but my main point behind my rating is how the plot drives the characters. it felt like the characters’ decisions did not come from within themselves, but because that’s the way the plot is going. it made the flow weird and is such an opposite from book 1. no memorable, impactful character deaths that felt right or moved the story along, everything felt convenient for our main characters, and there were no stakes high enough that got me on the edge of my seat. i will forever love serapio and xiala, but will definitely remember them most vividly in book one."
Miny,78,3,,"March 10, 2024",,1,"I support all of Xiala's rights and wrongs. I would honestly read a book about just her - she reminds me of Amina.Anyways, I was able to read this trilogy all at once - books 1 and 2 I listened to the audiobook (which is fantastic, by the way) and book 3 I read as an arc. I do prefer the audiobook because of the way it brought the characters to life. I did use the list of characters at the front often purely because I had a hard time remember who was who since there were a lot of characters.Overall, it felt like a satisfying conclusion to me. The beginning was my favorite mostly because we did spend a lot of time with the Teek and again, Xiala is my favorite. This was a book series where I didn't try to predict and just listened to the story.Oh I would also like Xiala and Iktan to go on little adventures together their friendship was my favorite part of book 2."
Jules Galgan,10,12,5,"March 3, 2024",,1,"OH MY GOODNESS. I am absolutely obsessed with these characters and this story. There are so few books that truly keep you guessing until the end, but Rebecca Roanhorse did it in this one. This book takes morally grey to a different level. I think morally grey tends to be less somber and heartfelt, less duty driven. But in Mirrored Heavens you feel the weight of every morally grey decision made and it made this such a masterpiece. Riveting."
Anna Jo ❀,573,46,,"November 30, 2023",,1,june?!i can't do it. i can't make it. no.
Britt,1031,11,4,"February 7, 2024",adulting；court-intrigue；disability,1,"It's hard to talk about this book without talking about the two that precede it, so I'd say it lands squarely in the middle of the two (Black Sun being the best, obvs) in terms of quality. It has some of the draw-droppingly-shockingly-and-unexpectedly-violent moments of Black Sun but has some of the chess-pieces-need-to-be-moved-across-this-board qualities of Fevered Star. I thought this book was going to start and we would be at war, but the war doesn't really happen until about the last quarter of the book. That said, the pacing was still very fast and I read the book in a few days because it's definitely hard to put down (and I think it's pretty long). My girl Xiala gets a great plotline. I'm still not convinced Narapa's character was even necessary (I did like her arc in book 2, but otherwise, UGH so boring) but I did like Ixtan. I wish we had seen more of Lord Balam in book 1, but his backstory was certainly compelling. Anyway, ending trilogies seems like a daunting task, and this was a pretty decent ending even though it did feel a tad rushed and some characters made choices that didn't seem to make a ton of sense. So yeah, it wasn't perfect, but it was sure as heck entertaining. I'll be checking out this author's next work for sure and would definitely recommend this trilogy to any fantasy reader. 4 stars - I really liked it.ETA: Thanks to Tor and Netgalley for the eARC which I received in exchange for an unbiased review. Mirrored Heavens is out June 2024 and you should read it."
Caroline,793,,5,"February 18, 2024",,1,"Iconic, classic case of watching your problematic favs figure it out. The last chapter…amazing."
Riana (RianaInTheStacks),344,24,,"September 19, 2023",2024；2024-tbr；adult,1,What a gorgeous cover OMG @.@
Nav Sen,32,,5,"August 16, 2023",anticipated-books,1,I needed this yesterday but you can’t rush art :)Also rating five stars because rating one stars on a book you haven’t read is not cool.Also rating five stars because my guy Serapio is a 10 lol
Siska Van deurs,133,10,,"September 30, 2023",,1,Release date 4th of june 2024!!
Anika,597,77,,"March 12, 2023",anticipated-2024,1,YES YES YES YES YES!
Mackeda(islandgyalreads),386,2,4,"March 14, 2024",2024-reads；all_time_faves；anticipated-releases-2024,,"So we are at the end and I'm not quite content. Black Sun was my first introduction to Rebecca Roanhorse and I immediately feel in love with her character work and her storytelling. Fevered Star made me root for characters that previously annoyed the daylights out of me and it touched on one of my favorite fantasy tropes (the dark side of being the chosen one). With that being said I was super excited to see how she would close out the series after laying the groundwork in the first two books and while this did meet my expectations I am left wanting more.Let's begin with the things I enjoyed:- the colonizer's getting their ass handed to them - Xiala; I feel like she is the character that got the most work and had the best character arc throughout the series. It was terrible what happened to the Teek and I loved seeing her step up to the plate for her people. - Balam. Throughout the series we know little of the sorcerer except that he is rich, ambitious and one of the few who had a hand in Serapio's creation(?). In Mirrored Heavens we get glimpses of his past with Saaya and we learned more about the pacts that were made and their history A few things that pissed me of - Naranpa, girl- the pacing. I thought after the way Fevered Star ended we would hit the ground running with the war and so on but it wasn't until the last half of the book that we actually got much action.- Okoa Overall I think this was a solid end to the series(just a few hiccups) and the series will always be one that I recommend!"
Emmalita,613,44,5,"March 28, 2024",2024-favorite；advanced-reader-copy；cbr16,3,"The first two books in Rebecca Roanhorse’s Between Earth and Sky series, Black Sun and Fevered Star, are two of my favorite books of the last five years. I’ve proselytized these books so many times, and now, at last, I can tell people the end is worth it. Mirrored Heavens is a tense read. There were many points where I had to put my tablet down and pace in circles because otherwise I would scream just to relieve the pressure. This is exactly the kind of book you want to do a live react to because So. Much. Happens!The Treaty Cities of the Meridian are getting ready to go to war with Tova. Serapio, Carrion King, the Crow God Reborn, is working to defend his city, and to quell the clan matrons whose power over the city has been upended. The Cuecolan lords, Balam and Tuun, seek to build empires. Naranpa, once the Sun Priest, and Xiala are each shoring up their own powers to thwart the Cuecolans’ dreams of empire. The gods are at work in their own ways.Between Earth and Sky is high fantasy for grownups. There are gods, kings, magic, and journeys. There is a war between good and evil, but the good is at best morally grey. In the high fantasy books I read growing up, Serapio, disfigured and blinded and dedicated as a tool of vengeance, would have been the monster that the poor innocent farm boy had to defeat to save the light and win the princess. Serapio is both the powerful being created to destroy the Sun God and it’s minions, and the innocent farm boy raised to do a job, unconcerned for the political maneuverings of the outside world.I will note that the violence in the book can be hard to read while also reading and seeing images from the current violence happening in our own world. Empires are bad. Dreams of empire are evil dreams. Every person has inherent worth and deserved better than to be used as a means to an end.I read this to fullfill the The Diverse Baseline Challenge March Prompt B: a book by an indigenous author.I received this as an advance reader copy from Saga Press and NetGalley. My opinions are my own, freely and honestly given."
Kari Marie,279,6,5,"April 22, 2024",netgalley-reviewed,,"Ah the end of the trilogy. Serapio is the ruler of Tova. Xiala is back on her home island of Teek. And Naranpa is on a journey to save her beloved Tova from the Carrion King. These three entwined lives are all fighting to do what they honestly believe is best. In the background one other is doing what he can to become a god himself.I will be honest, this book took me like 20% in to remember all the details and characters. I am not one to reread books and know all the details and am more of jumping in and enjoying the ride. This series is hard to do that with as it came out, but if you are reading them all in a row, I think this will be fantastic. The end of trilogy where not everybody survives, there is not a perfect picture happy ever after, and some realize they became the bad guy. I thoroughly enjoyed the book and I liked how it was not a picture-perfect ending but I was not left with a ton of questions. I am giving this book five stars because overall the trilogy was interesting and so good and I believe this book did good to wrap up the ending. This book on its own, is a four but that’s because it took so long to sort out in my own head. If I had read these closer together, I think I would have loved it. I absolutely recommend these books. Thank you to NetGalley, Saga Press, and Rebecca Roanhorse for this free ARC. This was an honest review."
Lindz,12,2,4,"April 24, 2024",,,"Thank you so much to Simon & Schuster Canada for this advanced copy.If you liked Black Sun and Fevered Star, Mirrored Heavens wraps up the series with a solid landing, managing to increase the world building that we got in Fevered Star, but while having more consistent action and plot development like Black Sun, combining the best elements of both. This included a lot more backstory about Xiala and Balam than I expected, and added a lot to the overall plot to the series. I really liked the character growth of both Okoa and Serapio, and Iktan really grew on me each time xe appeared. The last one hundred pages - especially the last 60 - are so fast paced that you have to physically try to slow down so that you don't miss how things play out, and it is bloody and violent and reality is harsh. My only minor complaints are that two characters (Naranpa and Esa) needed more pagetime for a fuller effect, and there is one character death that I wish had more attention paid to it, but in war there isn't always time. This was a really satisfying ending to the series, and I want to do a full reread sometime soon, and try and make the connections through the books. This is again one of those series that has so much going on that I'd recommend reading them close together, but there are some really good summaries available online as a refresher if you need one. 4.5/5"
Brienna,96,8,4,"March 20, 2024",,,"This review and more at Mirrored Heavens is the fabulous conclusion to the Between Earth and Sky trilogy by Rebecca Roanhorse. With fantastic world building, magic, and intrigue, the Between Earth and Sky trilogy is on par with some of my other favorite fantasy series, such as the Broken Earth, and Inheritance trilogies by N.K. Jemisin.Naranpa, avatar of the Sun God, and Serapio, the Crow God Reborn, both seek to save their people. They each face their own enemies, as we traverse the lands of Meridian, from the depths of the wastelangs, to Tova where the sun no longer shines, and the island of Teek, where the all-female islanders' magic is fading.At over 600 pages, it's another long one, as are the first two books in the trilogy. However, I can't recommend this enough! I loved the whole series, with its unique take on mythology, legends, magic, and the place of gods among us."
Yub Yub Commander,385,38,5,"January 1, 2024",fantasy,2,"I read this in two sittings and only begrudgingly set it down because I had to get stuff done.Thank you, Simon & Schuster, for the copy of this book and knowing I desperately needed it.I've been burnt so much by trilogies that I'm always so wary of the final book, especially if I'm enjoying the series. Mirrored Heaven was everything I wanted and more. It tied up everyone's story so well, left just the right amount of stuff unanswered, and gave even more backstory that helped fill those gaps. The characters reached their final arc, and you could feel so well how far they had come from the first chapters of book one. It's a messy story with a messy ending. You won't get happily ever afters for everyone after war and gods and politics rip a world apart, and I was grateful that there wasn't a clean ending for everyone. This story has been brutal and messy and so was the finale, and yet I can say with my whole chest that I love the ending. I love these characters (Xiala and Iktan especially), and this was such a good conclusion to the wars and trials they went through."
Julia Rachelle,14,1,5,"March 19, 2024",,,"Spoiler Free Review!I feel like I’m cheating this book by giving it five stars because, in reality, it deserves an entire galaxy of stars!Simply put, Rebecca Roanhorse has singlehandedly redefined the high fantasy genre in the most unique and jaw dropping series possible. She took everything that was amazing about the first two books and pushed it THAT MUCH FURTHER in Mirrored Heavens.The characters in this book are nuanced and real—people who are willing to do anything for the people and land they love. And its not always pretty. I cried…several times. While none of the characters in this novel were safe, I still felt like the conclusion brought the entire story full circle. The intricacies of the world building rival that of Dune and The Witcher.A must read for fans of high fantasy that are looking for something besides knights and castles.*Mirrored Heavens, the conclusion to the Black Sun trilogy, is an adult Meso-American inspired fantasy novel releasing on June 6, 2024."
Cynde,678,19,5,"March 18, 2024",,,"The dazzling conclusion to the series does not disappoint. Multiple characters with multiple schemes and different agendas all come to a conclusion in a stunning battle. This is a very complex story which moves from one set of characters to another and back again in the intricate workings of the plot. This sometimes make the book difficult to read and follow. I have read the first two books in the series and the reader needs to read it all from the beginning to even begin to understand the plot. There are brutal murders and tender moments of friendship and love. I thoroughly enjoyed the story, it is one of the most original and unusual stories I have ever read. The uniqueness is what made this an excellent read."
Steve Boyko,,4,5,"April 15, 2024",,,"I was a little intimidated by the size of the book, and because I hadn’t read the first two books in the trilogy. I didn’t need to worry. It was awesome!Ms. Roanhorse weaves the threads of several characters’ stories into a compelling, hard to put down story. Each character is distinct and has their own strengths, weaknesses and motivations and I fell in love with a few and felt a burning hatred for only a couple!It took me a little while to understand the relationship between some of the characters, being new to the series, but it didn’t take long. The author has a good way of recapping past events without being obvious about it.I read this in a couple of sittings, only because I had a day job to get to the next morning! Highly recommended.Thanks to Saga Press / Simon & Schuster Canada for the advance reader proof."
Michelle,141,,5,"March 3, 2024",,,"Thank you to NetGalley and Saga Press for this DRC.This book three of the Between Earth and Sky trilogy. Serapio is now king of the Crow Clan and avatar of the Crow God. The matrons of the other clans conspire against him. War is coming. Xiala, a Teek woman beloved of Serapio, has ended up back on her island. She struggling to control her powers as her island comes under attack. Balam has continued to use blood magic and will wage war on everyone.A slow but wonderful build. The love stories and the lies are complicated and rich. I loved the characters and the crows, the infighting and expansiveness of this story.#mirroredheavens #NetGalley"
Laura Niswonger,22,,5,"March 10, 2024",,,"Mirrored Heavens is the last book in Roanhorse's Between Earth and Sky trilogy. Once again, we join the world of Naranpa (avatar of the Sun god), Serapio (avatar of the Crow god), Iktan (priest of Kinves), Xiala (Teek ship captain), Okoa (Carrion Crow scion) and the treacherous Balam, who turns out to have an unexpected connection to Serapio. One thing I like about Roanhorse is that she takes characters directions that I could never have anticipated. I also love the fantastical preColumbian Mesoamerican setting. I found volume to be a satisfactory conclusion to the trilogy, if not a conclusion that I expected."
Rachael Arsenault,,14,5,"April 10, 2024",,,"I received a digital ARC from NetGalley in exchange for an honest review.This was an absolutely stunning conclusion to a brilliant series. The world and its history is rich, well-developed, and well-explored - I wish I could spend more time in Meridian. The characters were also complex and equal parts detestable and lovable, which made all their struggles and triumphs all the more gripping. I loved the way certain characters/storyline paralleled or foiled each other. The twists and reveals were well-foreshadowed and effectively executed.Overall, this was an incredible read. Rebecca Roanhorse remains one of my favourite authors, and Between Earth and Sky one of my favourite series."
Kristine,43,3,5,"February 3, 2024",best-audio；fantasy；review-copy,,All of our favorite characters are spread out. Serapio still rules Tovah as the Carrion King preparing for war. Xiala is back in Teek trying to figure out the mysteries of her powerful song. Naranpa is in a remote village learning to dreamwalk. Iktan is in the war camp of Lord Balam and Golden Eagle clan. Their stories slowly converge together in a fittingly epic conclusion. There’s no doubt if you liked the first two books in this series that you’ll love the last. A perfect ending to a perfect trilogy.
Jen &#x1f319;,1493,5,4,"April 16, 2024",2024-releases；fantasy,,"A very solid conclusion to a strong series. It’s been interesting seeing Rebecca roanhorse’s writing from the fast paced movie feel of trail of lightening to the strong/complex world building of this series. I really enjoyed the characters, the world and the pacing. I do find that because this is so plot focused the characters aren’t as developed but since the book is so interesting it didn’t bother me too much. I’m also selfishly excited for more books in trail of lightening now that this series is done. Thanks Simon & Schuster Canada and Netgalley for the e-Arc"
Danielle Geiger,56,6,5,"April 24, 2024",,,"Thank you to Saga Press and Edelweiss for providing a DRC for review!What an incredible, unexpected ending to this trilogy! At times I found myself thinking there was no way this was the third book; Roanhorse focuses more on the character development than the impending war than other authors might in their final books, but everyone's storylines wrapped up (or did they?) in the end. I hope that future books return to this world!Content warnings for blood and violence including death depicted on page"
Linda Quinn,1286,27,4,"April 24, 2024",,,"I've been recommending the first two books in this series for the last couple of years, so it was exciting to finally have this third book to finish it off. I love the world building, the characters and the way Roanhorse is able to keep all the threads together. I probably should have re-read the second one again before reading Mirrored Heavens but I got sucked right back into the saga and enjoyed the ride to the end."
Ashley,120,2,5,"March 7, 2024",,,"This book was absolutely fantastic. An amazing conclusion to Roanhorse's trilogy! I often have a challenge with switching viewpoints regularly, but each storyline was so compelling that I flew through this 600+ page book in about a week. I cannot recommend this series enough!"
Nicole,7,,,"October 20, 2023",,,FINALLY
MJ,33,16,,"November 27, 2023",,,That cover tho! 🤩
Shyheim Williams,13,14,5,"January 11, 2024",,,At this moment all I can say is AHHHHHH! I knew this had to be my first read of the year and I’m glad I stayed true.
Venneh,1078,17,5,"February 21, 2024",,,"This is one of the very few times I would’ve appreciated a brief recap at the front of the book, as it’s been a long while since I read Fevered Star. However, I easily caught up with the book state from last time, and it was absolutely amazing to see how Roanhorse decides to wrap it all up. All the characters’ arcs are resolved (even if it’s not the way they want them to be!) and we lean more into the magic of the world here as well. Great trilogy, and definitely one I’ll be recommending."
Poppy,121,22,,"February 19, 2024",1；2024；a-2024-1,,Gimmeeee
Kristen,614,112,4,"April 16, 2024",,,RTC!
