Reviewer,Review Count,Followers,Rating,Date,Tags,Likes,Content
Kath,294,,5,"February 17, 2023",,3,"A story with an interesting plot, great characters, historical figures, along with science and mystical things. I loved it. Marty is my favorite character, he seems to be exactly perfect for his role in this story. I cannot wait to read more."
Eric,384,4,3,"September 24, 2023",,3,"This is an example of a very Baen book. IF you like that, this book is for you. What do I mean by a very Baen book? Great question.The book is well written and a fast, easy read. Everything moves right along and you're through it before you know it. Full of action and adventure. It's also full of a team of people who are borderline library resources of knowledge. They know so many things that almost no mundane detail becomes an issue. Of course you know how to hollow out local flora and create a vessel to carry water with you. Doesn't everyone just know that? I mean you learned it right after the hieroglyphic class when you were doing your doctoral dissertation on the exact time period we're time traveling to... right? They are all very physically capable as well. Not hulking, crashing action movie types, but somehow amazingly strong and hard trained fighters. Of course the heroes survive. They've pushed through all the challenges and they're ready for the next one!I finished this book quite quickly, but I found the constant level of character expertise became distracting. Never quite otherworldly or 'chosen one' level, but I could see that coming in the next story.So, if you really like Baen style adventure books, this one is definitely for you."
Brent,475,63,4,"March 18, 2024",adventure；litrpg；sci-fi,1,"This book was a random bookstore find that I had not heard anyone talk about or mention but it ended up being a good pickup. This is a story about a group of archaeologists who find something strange in the Egyptian desert and end up traveling through time to ancient Egypt. They have to use their combined skills and knowledge to figure out what is happening and why and this leads to some really good character arcs and adventure.This book is really a mix of fantasy, sci fi, historical fiction, and adventure/thriller. Also, unbeknownst to me when I picked it up it has a little litRPG thrown in as well. I've always liked Indiana Jones and time travel stories so this book kind of hooked me immediately. I also like a group of individuals going on a quest which this also has. Throw in the historical elements, magic, and monsters and you're really speaking my language. Also the pacing was relatively fast and the book was less than 400 pages which is what I needed to deal with a Thomas Covenant-induced reading slump. I just kept coming back to it because I wanted to know what was happening and what the characters would get into next.I mentioned earlier that this is low-key a litRPG which I didn't know going into it. If I had I may not have read it and missed out on a good story. Even though I'm glad I read it the litRPG elements, even though they are very subtle here, are really something that I enjoyed the book in spite of and not because of. Even though the characters don't really understand it so they aren't ""grinding for XP"" you still have characters saying things like ""I'm guess I'm level 3 now."" It just sounds dumb and makes me cringe every time. The characters getting powers and such is fine with me, but I think it's when it gets self-aware it takes me out of it a bit. It's a minor quibble in a otherwise a good story. I'm hoping it doesn't get more prevalent in the sequels.Overall I really enjoyed this and I'll be picking up book 2 when it comes out."
art welling,14,,5,"March 9, 2023",,1,"Fun story with good character development. Lots of action to keep the reader interested, and a beautiful back story that's a perfect setup for upcoming books."
Georgann ,811,31,3,"March 29, 2024",2024-sf-f-bingo-challenge；adventure；time-travel,1,"A fine adventure. I liked our team of travelers, and will likely read the next book."
Al Gritten,519,5,4,"March 30, 2023",,,"I received a free copy of this book in exchange for a review. This was a really imaginative story with an intricate plot. An archaelogical team finds a previously undiscovered underground crypt in Egypt with some unknown hieroglyphics. Enter Marty Cohen, an expert in languages and inEgyptian hieroglyphics. But while the team is investigating the main tunnel they open a passageway that teleports them to a distant time and place where they must do battle with legends come to life. If you like sci-fi and/or Eyptology this is a good read for you. I have come to expect great characters from Rothman and he does not disappoint here. His characters are diverse and well constructed and their interactions heighten the plot. In addition he brings in historical notes to offer the reader a complex yet compelling read. The story does drag a bit in places but its worth hanging in for the climax. And best of all they have left an opening for a sequel."
Ronald Spitzer,344,1,4,"April 5, 2023",,,"Enjoyable first novel of a new time travel series. The authors are careful to try and get the history as accurate as possible, while still telling a science fiction/fantasy adventure story. The character writing is good as they start developing interesting people and the added supporting cast as the story moves along are well done too. This read fits what I already know in history and implies an historical culture that is logical for the time period. The fantasy element is well done and fitting. This is a well written time travel action story in a time period and geographic location that is ignored so that is another plus. I am looking forward to the next book."
Sidney,100,1,5,"May 16, 2023",,,"This book was a mix of sci-fi/fantasy and a little LitRPG. It involves a group of archeologist who are on site in Egypt and need someone who can decipher the messages. Upon discovering the instructions to open the door at the end of a tunnel they are transported to another place and time. They are required to pass a ""test"" set by an unknown group that will determine the fate of humanity.I enjoyed the book and the approach to the story telling. The book was well done without any noticed typos and was an easy read even if long.Look forward to further books in this series.This book was checked out from the library."
Daniel Bensen,,74,2,"August 11, 2023",,3,"I bought this book because I like D.J. Butler, but either he wasn't much involved in this book or he got lazy. The beginning is great – a bunch of interesting characters are thrown into the 31st century BC, where they have to save proto-Egypt from animal-headed aliens. I put up with the litRPG elements until I was about 80% of the way through the novel and we started yet another side-quest with an unclear connection to the main goal. I might have stuck it out if I'd had more faith in the authors' research. Aliens aside, I want to learn something real about Egyptian archaeology when I read a book about an Egyptian archaeologist."
Andreas,,28,3,"August 17, 2023",,,"Linguist and Egyptologist Marty Cohen has been pushed out of academia for spurious reasons and now runs a custom furniture store. An old colleague begs him to come to a new dig in Egypt where very curious writing has been found. At the dig, Marty and a few of the team are transported back to pre-dynastic Egypt. But things take an even stranger turn as mythical creatures turn out to exist, at least in this version of the past.The novel is a serviceable and enjoyable Alternate History adventure, especially if you have some interest in Ancient Egypt history. It never becomes really epic, focusing instead on the dynamics of the small group of time travelers."
MICHAEL BALLARD,37,,5,"March 22, 2023",,,"How does a system of hieroglyphics created by a kid find its way onto a panel on a wall of a tunnel that's been buried in Egypt for thousands of years?A great quest, ancient Egypt, time travel (or something a lot like it), mythical beings that are trying to stop the quest, a super race somewhere in the cosmos, players that ""level up"" when they accomplish certain tasks.A whole lot of ideas stirred together that resulted in a terrific story.I'm looking forward to the next adventure."
Douglas Sandlin,4,,5,"May 2, 2023",,,What happens when two storytelling masters work together? Readers win! This book starts a time jumping adventure that will hold your attention from the beginning and lead you through both fantasy and history while telling a great story. Both DJ Butler and M. A. Rothman a!ways work hard at providing us with great stories and adventure. This book is no exception and sets the reader's appetite for another chapter in the greater tale. READ THIS BOOK!
Travis,2414,33,3,"June 20, 2023",baen-books；litrpg；webscriptions,,"Interesting book that crosses some genre lines. It's scifi (in the vein of stargate), and it has (some) LitRPG elements rolled into the story as well. It's not a book you'd read if you're looking for a LitRPG story, but if you like LitRPG, then it might be one you could add to your list if you're also a scifi fan, since there's not a whole lot of those. It's apparently the first in a series, so shsould be interesting to watch this one, and see where it goes."
scooter,6,,2,"December 17, 2023",2023,,"The premise of time travel and mythical persons was interesting and intriguing but the characters and their interactions were flat and unconvincing. The speech of most of the main characters was incongruous with their supposed cultural and\or national heritage, making it difficult to buy in to the narrative. Their reactions and subsequent actions when finding themselves in an entirely different place and time also did not seem very plausible. It feels more like a cheesy super hero comic book with which someone decided to write a book series."
Jac Filer,64,,3,"April 17, 2023",,,"...and perhaps the DM controlled the narrative a little two tightly. The characters speaking of 'gaining abilities' and 'leveling up' kept me from getting fully immersed in the story, and the characters, while interesting and unique, seemed to wrestle more with what to do and less with who they were. Despite this, the book was still an enjoyable, well-paced adventure that provided a fun way to explore the beginnings of recorded Egyptian history."
Shanzeh Imran,40,1,3,"September 24, 2023",,,"I DNFed at 10%. It seemed intriguing because I'm always into historical/sci-fi fiction, and Dan Brown's books used to be some of my favorite, but I think I got a little way in and couldn't take the inner dialogue of the main character. It was basically every special main MMC who every girl seems to be into or flirts with. I used to read those books, but really not into any more. It seemed average, honestly. Also, his name is Marty :/ Might give this a go again to give an updated review."
Glenn Johnson,62,1,5,"March 30, 2023",,,I enjoyed very much all the webs woven into this story. Sir I thank you for the way you took both truths and fiction to tie this story together. I would recommend reading this story to anyone. If you love history you will love this story. I give it a 10 out of 10.
Bill,65,13,5,"March 31, 2023",,,An outstanding book. Join this group as they are transported back into time to fight mythical beasts and save mankind. You can’t read this in one sitting but I couldn’t wait to get back to this book every day. What an adventure. One of the best books I’ve read in a while. I received this book free through Goodreads.
ROGER GARMAN,1,,3,"April 2, 2023",,,"Interesting story in the first book but some what repetitive in the second and third. Pretty lucky team to barely get scratched in several battles. The story was full of action and entertaining but I didn't need that much garbage to tell the story. Finally, what moved Time Trials from four stars to three. The story is CONTINUED."
Cam Montour,4,,5,"March 13, 2023",,,2 of my favorite ideas in 1 book. Love the history lessons that go with this thriller of a fantasy story. We always wonder what would happen if something like this story was to happen. The story was taken to a time not really written about which makes it exciting. Great job!!👍🏽
Sctechsorceress,329,7,5,"April 2, 2023",,,"A fascinating book! It seems to be a fantasy, but it is from Baen Books. Baen has published series in the past that seem to be fantasy, but turn out to be science fiction in the end. I hope that there will be more from these authors."
dennis miles,239,2,4,"April 4, 2023",,,"I really enjoyed this book, but would hate to try and categorize it. History, science fiction, and litrpg? It does have some elements of game play, and I would guess a bard, druid, cleric and fighters are present."
Richard H. Whitten,78,1,4,"April 18, 2023",,,An intriguing novel from the team-up of two successful writers. The protagonists undergo the first test of what appears to be a series of contests with the fate of humanity at stake. Well done
Tybeegirl,1,,2,"May 15, 2023",,,"Hello, When I first started reading it was smooth and a even pace. But, then it became uninteresting. Which I always keep reading for a few pages when that has happened in other books. The time zone is very interesting in it's self. I just really lost interest and could not even finish the book."
Andy Schwartz,34,,2,"June 3, 2023",,,A group of archaeologists investigating Egyptian ruins are sent back in time to ancient Egypt where they acquire super powers and learn that ancient gods of Egypt are actually aliens who they must fight in order to acquire new powers like in a video game. Also like an episode of wishbone.
Shelley Holmes,19,,5,"August 29, 2023",,,Worth every dollar - can't wait to read the next book or two in the series. It's 1.44am and I have spent most of the night reading this book because I couldn't put it down! I think that says everything you need to know!
Liam,501,47,4,"February 27, 2023",,3,"A great blending of the fantastic and scientific in a time travelling adventure that should satisfy readers of fantasy, sci-fi and even thrillers."
Deborah Dibble,96,,5,"April 4, 2023",,,I read this book on my kindle. Excellent bedtime story imagination runs wild. Glad I read this.
Edwin Rodriguez,8,,5,"April 7, 2023",,,"What a great story. It blends together bits of lots of other genres like sci-fi, military SF, fantasy in a way thats quite unique and creative. This one was very hard to put down, even at 1am!"
Pearle Zajack,13,,5,"April 14, 2023",,,"Took me a while, but once I got entrenched,, I could t stop til I ate the whole cookie. I can’t wait to start the next story line in India…."
Casey Price,28,,5,"June 1, 2023",,,A fun adventure into the ancient past. Action packed story and I’m very excited for the next one
Bill,2127,13,4,"August 5, 2023",,,"A wild, fun,  trip to 3100 BC Egypt. Looking forward to the next stop for our band of adventurers."
Mhd,1695,9,,"February 14, 2024",,,[led here by Asimov mag review]
Paul Wilkerson,31,,2,"March 27, 2023",,,"Honestly....underwhelming. An interesting premise is not enough to save this book. The character reactions to their situation were laughably preposterous. The nonchalance of the people encountered was nearly as ridiculous. It got to a point that I finished the book just to get it off my list and onto my shelves where it will stay, never to be read again."
Bob,150,,4,"April 15, 2023",2023-books-read,,"A good book. I was expecting an archeology mystery and I get a time shifting story where the main characters are transported to the era they were studying. When there, they fight people, super human beings along with thirst and hunger. Exciting transportation to early Egypt with some tie to alien entity from space."
Linda Garland,31,1,5,"July 17, 2023",,,I thoroughly enjoyed this book. Different from books I usually read. The adventures these people had will keep you on the edge of your seat. I had no idea this book would be such an excellent read. I won this book from Goodreads and the author and I am recommending it to others. Thank you so much for giving me the chance to read this book.
Nicole L. Scuderi,34,,5,"September 14, 2023",giveaway-books,,"I won this on a Goodreads giveaway. So glad I finally got the chance to read it! I devoured this book today. 459 pages done in about 6.5 hours. Wonderful writing! I am hooked into this epic story and cannot wait until the next book arrives to continue our travelers' tales. A little bit of history, fantasy, adventure, and sci-fi all rolled into one book.... What a fantastic idea!!!!"
