Reviewer,Review Count,Followers,Rating,Date,Tags,Likes,Content
Adina ,1034,4250,,"May 23, 2019",fantasy-sf；series-i-like,296,OMG! Scott Lynch announced Today he finished the draft. I thought this moment will never come.
Wealhtheow,2465,574,,"October 21, 2013",battle-of-wits；fantasy,265,"I just finished  and am desperate for the next installment of the Gentleman Bastard series. These books are insanely smart, absurdly funny, and have so many plot twists and HOLY SHIT moments that they're basically adrenaline in novel form."
❄️BooksofRadiance❄️,642,862,,"January 23, 2018",anticipated-releases,214,"Take your time, Scott. As dreadful as waiting is, I’d much rather a good book that you put your heart and soul into than a rushed one. I’ll learn to deal with my impatience... 😔"
Anka,210,9,,"November 21, 2020",,145,"AT THIS POINT I WOULD READ THIS MAN'S GROCERY LIST IF HE PUBLISHED IT——————————————————————————But really, I hope this book recaptures the magic that  had for me. As much as I enjoyed books 2 and 3, they’re not ones that I can go back and re-read and enjoy as much as the first time, ya know? Book 1 is like one of my all-time favorite books, no matter how many times I go back I’m always like YEAH BOI FUCK THE LAW OF DIMINISHING MARGINAL UTILITY"
Henni Ro,328,25,,"October 4, 2023",fantasy,89,"... I'm already waiting for years for , ,  and now  ... but they are all books I would wait 10+ years for, because I know they'll be great and good books take time. Still. I hate waiting. So,  is nowhere near in sight,  will probably never be published,  probably neither...but in Sanderson we trust! The four secret novels are out and  is continuously progressing. Brando Sando is writing like CRAZY!! He is upholding the fantasy genre for me personally. He wrote 4 secret novels during the pandemic. What did Scott Lynch, Patrick Rothfuss or GRRM do?  At least  is coming out soon! At least Brandon Sanderson is steadily coming out with new books, although I wish some other mentioned authors here would also publish their next books soon. I started reading all these series (ASoIaF, Gentleman Bastards, Kingkiller Chronicles) in middle school/high school, now I am studying and graduating soon??? I´ll probably have a phd before these books get published.."
Armina,176,97,,"September 25, 2015",audio；buddy-reads；fantasy,63,"COVER REVEAL!!! And it was on March 4th! A WHOLE week ago. Some fan I am .....!!! How could I've missed this? And how could you, guys?!!! Yes, you(you know who you are)! Credits go to  because I did see the news in her feed! Thanks, ragazza!Also, there are rumors for a (that's a tricky term when speaking of Scott Lynch) release date of the book(don't trust the July publication date posted here in GR; it's all bullocks, but read more details below):You know what that means?! That I'm gonna re-read all three previous books before this one comes out because I do love them. And I suspect a bunch of friends will join too(the usual suspects). We already have the series in the nomination thread in our awesome (private group; PM me if you want in or speak directly to the mods:  and/or ). Join and we will discuss details for the re-read/read there!I'm soooooo excite!!!"
Charlotte May,757,1205,,"September 17, 2020",,49,Due to publish October 2021?What amazing news - my heart can’t wait 😁I love Locke and Jean and their ruffian bullshit.
Kalibaatje,16,,,"January 6, 2014",fantasy,46,"Really hope this one has more schemes & thieving... and less girls. Or at least less troubled and illogical girls. Book 3 was okay, but I really hope 4 picks up the pace again."
Mashara,679,56,,"October 13, 2021",,43,"Let's hope it takes less than six years. That is all I need to be happy.EDIT: As we all know by now, it has not.BUT, and I did not know this until just now, but the manuscript was delivered about a year ago, 23rd of May 2019. So, the book EXISTS. It will eventually get to us."
DarkChaplain,346,72,1,"December 27, 2019",fantasy；gentleman-bastard-sequence,42,"At this point I am feeling really apathetic about this series. The many delays really turned me off. It boggles my mind that this one has nearly 1300 ratings at a 4.31 average rating, when it may as well take another year to reach store shelves if its history is any indication...I can't be alone with that frustration, right?I give up. My interest in this series has evaporated. It's been another two years of back and forth, and nothing for over half a year despite the draft being supposedly done (again). Well, at least he's got enough time to go on regular Twitter tirades. He's writing, just not the stuff I want to read.So that's it for me. I've got no more patience for this kind of nonsense, especially not in a series that was supposed to be seven novels long, where we haven't even reached the midway point yet and an elusive anthology keeps being bumped down the Amazon schedule. The Thorn of Emberlain is now listed on Amazon for release in August 2021(!). Whatever goodwill I had left for Lynch, based on the excellent first book and still pretty great follow-ups, either him or me will be dead before this series is finished, at the rate we're going, so this does not feel worth it anymore."
Sasha,52,10,,"September 26, 2016",need-to-read-now,35,"*looks longingly out a window, a tear slowly falling down my freckled cheek* when will this book be published?"
Mayim de Vries,578,941,,"July 10, 2017",,33,"I was just about to read it when... Just kidding. Take all the time you need Mr Lynch, but give me a masterpiece.--My review of .My review of .My review of ."
Sean Barrs ,1122,466000,,"August 10, 2017",,32,"I’ve only just finished  but I am so pumped to read this right now. It's such a great series, I can't wait to see where it goes in the future. I guess it’s another one to add to my highly anticipated fantasy longlist."
Ken Mandap,181,51,,"February 9, 2019",anticipated-releases；gentleman-bastard,20,"Every time I look for its publication date on Goodreads and find nothing, I die a little."
Kate,567,76,,"July 5, 2022",books-i-need-to-buy；fantasy；series,18,"Welp. Here we are, three years later. Still no release date. Seriously. What the actual hell is going on? An update from the actual publisher would be nice.**************************Maybe not in 2019, but....SOON. Mr. Lynch has announced it is DONE and going to editing. My skin is clearing and my crops are flourishing...See an ACTUAL picture .**************************New, new update: Book Depository is listing a release date in September 2019. Dare we hope that this could be true, and not a fluke of book selling sites, as previous release dates have been? Dare we? *wheeze***************************New update: This book will  be available in September. As of now, there is no release date available. You can check out Mr. Lynch's post on the issues extending the wait for this book .*goes quietly into a corner to sob***************************Update: The Thorn of Emberlain WILL come out September 2016. Scott Lynch has confirmed it himself .I'm so freaking excited I think I quit breathing.**********************Please Please please don't let this get pushed back again. I wants it. I NEEDS it."
David,19,,,"May 15, 2021",,18,"Ladies and gentlemen, he's pulled a Rothfuss. At what point do they become ""former author""?"
Pedro Silva,110,15,1,"January 28, 2022",,17,"Patience turns to apathy, as a once enthralling and passionate source of Joy in my youth turns into a bitter cyst, that lances me with the arrogance that it should keep open and permanent space in my mind for its unwarrented sense of importance.Can one review that which does not exist?Yes. It is in fact perhaps the only thing we can review objectively.Even without considering the lack of release, at this point, expecting me to have to rerun through its door stoppers as form of homework or preparation for its possible eventual hypothetical release (that totally wont get dellayed another 4 years you guys), is a mark of objective failure as an author; no diferent than any other mark of competence that we may recognize from other subpar creatives. I would add it is in fact abusive of your audience, to manipulate its own code of ethics against itself, so not to jeopardize the inertia of that shambling corpse of a formerly esteemed production, not to risk that which yet sells and yields profit enough to excuse any need for labout, any courage to fail. Like a vampire sucking the limited resources of people who could have spent that money on better books, I will not abide itNo more waiting, no more promises, I'll have this book now, and the book is empty, then it's a bad book, and it will get a bad review.Any book so badly writen, be it by virtue of quality or quantity, is regardlessly still a bad book. Consider that all books exists into the world as expectation, if nothing else. Scott Lynch is not completly innocent of expectation.If you bought the Republic of Thieves, he charged you money to sell you paper with words on it that were in fact a promise of delivery for the Thorn of Emberlain when you consented to part with that which was your property.So he has to answer for expectation.Scott Lynch's failure as an author may be that which we cannot manage; but our expectations, those are another story.I managed my expectation, and evaluate my experience with the Thorn of Emberlain as that of shit.If, be it any saint (or most likely at this point, an inexplicable Peter Pan syndrome-ridden sycophant of the series) chooses to manage them otherwise, I do not begrudge them for it; but I know for an objective that I have now taken into my own hands to produce a better review than Lynch has a novel, if by nothing else, the virtue that I did it. Maybe, had the man taken the time of his life to the keystrokes required for his vapid prolific tweeting into a manuscript instead, perhaps he neednt merit such insult; but he chose not to.You, dear reader, will hopefully choose better."
Serenity,312,66,,"December 17, 2013",fantasy,13,Release tentatively set for Fall 2014!
Vippi,542,24,,"November 6, 2015",wating-4-the-sequel,12,"2016. Delayed again...I can't see the light at the end of the tunnel...September 17th???!Cover released!!! :DWe have to wait till July, though."
Diane,234,14,,"September 2, 2016",,10,Delayed again. it's fine. I'm fine.
Sarah,33,6,,"December 26, 2016",maybe,9,"Was it as good as, say, The Way of Kings?Probably not. Yes, it was a very clever book. It wasn't boring and the pacing was great.But the thing is - I didn't  Locke or his crew all that much.I'm judging from the entire series now as it's been too long for me to make subtle distinctions but I know that I'm unlikely to pick up this next instalment.By the end of the third book I was feeling a little angry with Locke for being so star struck and pathetic around his love interest.I must say - I felt similarly about Kvothe (Rothfuss) and Alina (Bardugo) at times. It's a personal thing. My favourite character from this series will always be Requin (the antagonist from #2) which is a testament to how unattached I was to the main crew.It's a good way to pass time, if you are, like I was, on a gap year or (maybe less likely) caught in a war, have nowhere to be and no electricity."
Kirk Ingram,11,,1,"September 1, 2020",,10,"I'm desperate to read the Gentleman Bastard series but I refuse to begin until I know there will actually be a conclusion. Like so many others, I've been burned by Rothfuss and Martin and don't want to make the same mistake here. I know the situation with Scott is somewhat more complicated but the fact remains that there's been a huge gap since the last book and constant delays with the fourth. Since I have deliberately not started the series, I live in hope that Mr. Lynch will complete it so I can comfortably get stuck right in!"
Hot Mess Sommelière ~ Caro,1281,161,,"May 11, 2015",,8,"The release date has my approval, the cover does not. Who are those armored goons? And will we witness Locke making fun of them?WAAAAAAAAAAAH I'M SO EXCITED FOR THE THORN OF EMBERLAIN! I LOVE YOU, LOCKE!"
Fiona,319,343,,"June 2, 2014",,9,November?  November? *soft whimper*
Veeral,367,133,,"April 25, 2019",epic-fantasy；nyp,9,"Which one will come out first?  or ? Meanwhile, I have my money on Brandon Sanderson publishing 10 new books."
Alex,79,24,,"May 21, 2022",must-reads,8,"We believe in you Scott, you can do it!"
Kris,71,37,,"September 5, 2022",,8,09/04/2022 - How bold of this human to name 9 books in this series. Is this a dare to the Gods to see if they will keep him alive long enough for him to finish it?
Annie,1010,358,,"September 26, 2016",2024-reads；2024-summer,7,"Sorry, what? This is getting pushed back *again*? And to a nebulous non-specified future date? I'm very happy for Lynch getting engaged and moving etc etc etc but LORD. I was so excited. CRUSHED."
Rob,8,,1,"August 26, 2021",,6,"Rating this 1 star to counteract the incredibly high ratings for a book that hasn't EVEN COME OUT YET.It's been almost 8 years since the release of Republic, and still nothing concrete about the release of this book.You all need to take that as a BAD SIGN. Lynch's two best books (Lies and Red Seas) came out within a year of each other. Then he spent 6 years agonising over the awfully disappointing Republic. Going on past experience, we can see that the more time Lynch takes to write a book, the worse it is.Which means it's very likely Thorn of Emberlain is gonna suck. The lack of transparency when talking about the book, the progress or the process is a bad sign. It says to me that Lynch lacks confidence; maybe he's out of ideas, maybe he's not satisfied, maybe he keeps going back and re-writing, maybe he's lost ""it"". I think he has. I'm happy to be proven wrong, but I have a sneaking suspicion that won't be the case.In any case, I'll leave this single solitary star right here and I'll amend it when - or much more likely, if - the book comes out and I think it's worth more."
Sarah (thegirltheycalljones),465,295,,"May 18, 2016",fantasy；top-priority-to-read,6,"Certainly my most anticipated read of 2016. No, my most anticipated read EVER.YES THAT MUCH.My life need some Locke and Jean, it's been too long !"
Roz,677,203,,"May 24, 2019",fantasy-tbr；most-anticipated；series-to-finish,6,He has finished the manuscript!!! OMGOMG
The Damsel in the Library,475,23,,"February 18, 2017",,5,This is me every time I see the publication is pushed back.
Katharine (Ventureadlaxre),1522,47,,"March 24, 2013",,4,Oh my wonderful cameo. Worth every pound.
Devontae Feller,1,2,5,"July 30, 2015",,5,just release already!! second favorite series ever!
Gabrielle,7,2,1,"January 28, 2024",,4,"When this book was first announced, I was just beginning my PhD program. I was seriously worried whether I will get any schoolwork done, as I knew that I would just blaze through the pages and would not do anything else.Alas, dear readers, I finished my PhD last year and I am nearly done with my first year of my postdoctoral training. If Scott cannot edit (repeat, EDIT) a manuscript in the time period where someone who has depression and anxiety manages to start off a research project, publish it, and write a 240 page dissertation on it, then my guess is that he never really had a good, solid plotline for this book to begin with. Remember, he claimed that he had the manuscript all written up and that it was in the editing stages."
Elithanathile,1861,,,"August 20, 2019",general-buy-as-soon-as-possible；general-i-must-own-this-very-soon；general-must-buy-immediately-next,4,
Füsun,206,94,,"April 3, 2018",,4,"ARTIK ÇIKACAK MISIN LÜTFENSen çıkmadın diye üçüncüyü okuyamıyorum bak yeter, benimki de can beps: Son zamanlarda çok pis Locke krizim tutuyor, gözüm kitaplara kayıp duruyor, dayanamicam galiba beklemeye a dostlar"
Pranshu,46,8,,"October 20, 2013",,4,"Well no mention of release date anywhere on the internet...Man, a bit frustrated...I mean, at least we should have something to look forward to... But nothing..."
Kimberley,29,1,5,"May 11, 2018",,4,March 2018.... I AM NOT OKAY!!!Why is Lamora being denied to me??
Ryan,1,,1,"April 27, 2017",,4,Perhaps Lynch would be better served writing books rather than continuing his new found passion of political commentary via twitter. I for one will not be purchasing anymore of his books.
Kübra ,1888,361,,"July 18, 2017",,4,"Kurban olduğum İthaki, çabuk çevireceksin kitabı değil mi? Canım Buddy Read'lerimle seriyi okuduğum için çevirinin bir an önce çıkması lazım."
Chase Izzard,4,,1,"December 7, 2017",,4,"Its a terrible book, you cant even read it."
Seth,1,,5,"July 20, 2016",,45,"Ok rude people, LISTEN UP. Someone made something you really enjoy, and instead of being grateful and taking it for what it is and accepting their writing process you moan and groan about YOUR needs. Art is not something you rush, and an artist who is a master of their craft is definitely not something to be taken for granted. So..Before you write an all capslock post about how they owe you, please just don't. Realize you are excited, not frustrated, and keep it positive. That is all."
Jessica,9,,,"March 20, 2024",not-out-yet,3,I have given up on this book ever existing or coming out.
Samuel.J.Barker,21,1,,"July 16, 2023",,3,"Why people have given an unreleased book a rating, i cannot understand...I'm a member of the party that is living in hope for this installment to be released.It has been a ridiculously long time, no doubt, but i can't accept that Lynch would simply give up on such a benchmark of adventure/fantasy writing.I believe he is still working on it, personally. Just incredibly slowly, piece by piece. Though, i feel he is as uncertain as we are with it. This series exploded and garnered an instant cult following. Lynch, i'm sure, wasn't expecting this. The pressure for him to continue the series in a way that doesn't diminish its brilliance, is a weighty responsibility; especially for one struggling with mental health.My hope is worn but stalwart still. If he is indeed working on it at all, then we can be sure he's infusing it with his soul, ensuring it isn't a diminished sequel. The draft is done, but i - as a writer myself - understand that a draft is basically a half-way point. The tweaking and editing required to flesh the plot, characters and little aspects that will keep the reader truly entranced can be very challenging. Not forgetting the addition of bringing the word count to the appropriate level, while maintaining everything you want to have included, is almost torturously stressful. I feel for Scott Lynch ,as well as the readers like me. We all are disquieted by the wait. But i feel we must maintain a faith, and a support, for Lynch and his abilities as a great writer.One day, Locke Lamora will return..."
Liesbeth Kampen,146,6,5,"December 27, 2015",fantasy,3,geweldig!!
Chris Evans,903,41,,"March 11, 2021",most-anticipated,2,"""(first published August 21st 2021)"" impressive given it's March. We'll see if the time travelers are right.Maybe the ""Expected publication: October 12th 2021"" will be right instead, or it may never come out.First Place:  The Dresden Files, #16Let's have a race. what will be published first: The Kingkiller Chronicle, #3 Gentleman Bastard, #4 A Song of Ice and Fire, #6 Stormlight Archive, #4**Update: We have a winner! It came down to the wire but Peace Talks edged out Rhythm of War in the end. And better news, the next Dresden Files book should come out really soon too :D. Loosing hope for Thorn :/"
Mike Anderson,41,1,,"July 6, 2022",,2,"I am concerned. I have the same vague sense of unease I had when I was waiting for Queen of Fire to come out, what with the long delay and the previous books being a step or two below the first. That one turned out to be a disaster and I hope the Gentleman Bastards doesn't suffer the same fate. In a nutshell, I worry that the author used up all his tricks on the first one and is now scraping the barrel for inspiration.That said, I'm buying it the minute it is released.Edit 7/5/22: lol, I wrote that back in 2014 when I still thought the book's release was just around the corner. He wrote on his blog that the manuscript was done back in 2019. The fact that it is still not out yet makes me think that it was judged poorly by the editors and it was either not salvagable or the author wouldn't agree to (or couldn't execute) the changes. If it were to come out tomorrow I would have to wait for the reviews to come back before I considered buying it. More likely, though, is that Scott is pretty well washed up as an author and we're never going to see this book.Put The Gentleman Bastards in its rightful place in the Holy Trinity of Unfinished Fantasy."
Jackson Kregel,1,,3,"February 22, 2024",,2,When… when???
Deepankar,4,,,"January 15, 2024",,2,Every few years I recall this series existed and Locke is one great character who suddenly creeps up in my thoughts .I guess we will never know what more he ne his band of gentlemen bastards ever did but do we even care by now and even more so does Scott himself even care that a world out there created by his imagination was something rille might be interested in getting to know more of
AH,2005,383,,"March 19, 2016",,2,Yay! Summer reading for me!
Looi Fernando,30,,5,"January 15, 2016",,2,este libro me parese divertido
Evan,1,,,"January 16, 2017",,2,when will the audiobook be released?
Stanley,6,,5,"May 31, 2017",,2,I can't wait for more!
Neal Balzer,2,,,"March 26, 2020",,2,WHO HAS READ THIS BOOK?????!?!!!! WHY CAN I RATE SOMETHING THAT APPARENTLY DOESN'T EXIST?!??!!
Nikki,156,33,,"April 9, 2020",,2,every few weeks i come over here just to check if there's a release date. you better believe im panicking the day it's there.
Unseen Library,817,46,,"January 2, 2019",,1,"For my first Waiting on Wednesday for 2019, I will be looking at a fantasy book that has been on many people’s waiting lists since 2013, The Thorn of Emberlain by Scott Lynch. The Thorn of Emberlain is the fourth planned book in Lynch’s Gentleman Bastards series, which started with the epic 2006 release The Lies of Locke Lamora. The Gentleman Bastards series follows the adventures of a small gang of conmen, known as The Gentleman Bastards, as they attempt to steal and embezzle money from the rich and powerful in a unique and excellently crafted fantasy world. The third book in the series, The Republic of Thieves, was released back in 2013, and fantasy fans have been eager for the fourth book to be released ever since. Unfortunately, The Thorn of Emberlain has been delayed multiple times in recent years, with potential release dates announced for 2016 and 2017 falling through. As a result of these delays, The Thorn of Emberlain is now one of the most highly anticipated pieces of unreleased fantasy fiction, up there with The Doors of Stone (working title for the third book in The Kingkiller Chronicle) and The Winds of Winter (upcoming sixth book in A Song of Ice and Fire). Despite the delayed release, some details have trickled through about this book, such as the above cover, and the synopsis above.The first thing I should mention about this book is, unlike the other books I have previously examined in my Waiting on Wednesday segments, I have no idea when it is going to be released. At this point in time, Goodreads and several other sites have no definitive release date included, and I cannot see any recent posts online about it coming out. However, Amazon and Book Depository currently both have late 2019 release dates (although neither site has the same release date), potentially indicating that the book may be released later this year. While I really hope that it will come out in 2019, I realise that there is a very strong possibility that I might have to wait a little longer.Why I am so eager to get a copy of The Thorn of Emberlain? The main reason is that I really loved the first three books in the series. I first read them in 2016 when I was first getting back into fantasy after several years focusing on historical fiction, and it was one of the series that really got me back into the genre. I really enjoyed the series’s fantastic humour, brilliant twists, clever examination of the criminal element of a dark fantasy world and the inclusion of magic and elaborate alchemy in heists and embezzlements.I loved all three of the books that Lynch has released so far. The Lies of Locke Lamora really does live up to the hype surrounding it, and is an outstanding debut from Lynch, featuring a superb story in the outstanding city setting of Camorr. The second book, Red Seas Under Red Skies is just as epic in my opinion, continuing the amazing style of the first book, while also adding in a ton of great new elements. The third book, The Republic of Thieves, is probably the weakest book out of all of them but it still retains the fun storytelling and features of the first two books, while also including a fantastic split timeline narrative. I also must commend the audiobook versions of these three books and their narration by Michael Page.In addition to my past enjoyment of this series, what has been revealed about The Thorn of Emberlain already sounds quite promising. It sounds like the Gentleman Bastards will be dragged into a war that has been slowly brewing in the last few books of the series. Knowing the main characters of the series, you have to imagine that they will be engaging in some elaborate plot to get rich off the war, and I am looking forward to them attempting to con a rich general or warlord of some variety. It also sounds like the Gentleman Bastards will have to go undercover as soldiers, which is reminiscent of the plot of Red Seas Under Red Skies, in which the characters had to pretend to be sailors. As that was one of my favourite parts of Red Seas Under Red Skies, I am eager to see the characters undergo the transformation into soldiers, especially Locke, who has never been a particularly good fighter.In addition, it sounds like there will be some other interesting elements in this latest book. Lynch has previously revealed in a twitter thread from February 2018 () that he will be including a homosexual character in his latest book, and he appears to very keen to provide a sensitive and positive representation of this experience in his book. I think this will be a great element to the book, and I am interested to see how Lynch’s new characters add to the story. Some of the other details revealed in this thread also sound quite interesting, as Lynch indicates he has done extensive research on horses, rivers, architecture, roads, wolves, farms, stabbing people with swords and much more. Considering the sheer amount of research that would have been required for previous books, I am really looking forward to seeing what all this work will turn into.Overall, this book has been near the top of my personal to-read list ever since I finished The Republic of Thieves. I hope that it is released at some point soon, but even if it takes a while to finally come out, I will be waiting eagerly for it.For other great reviews check out my blog at:"
Hpstrangelove,544,14,,"September 2, 2022",not_yet_available,1,"I'll write a proper review IF this book ever gets published. It's now September 2022 and no sign that this book will ever be available in my lifetime - I only have so many years left of my life. I used to think this was worth waiting for, but going on 10 years? I'll be dead before it's published."
J. Moore,21,,1,"February 7, 2023",,8,Why is there a link to an Amazon page (published in 2009) for a book that does not exist? Why are there multiple 5 star reviews of a book that does not exist? This is ridiculous.
Katie Maurello,55,2,5,"December 21, 2020",,1,I love jean and locke so much I could sit and read about them knitting hats all day and I would just love it.
Topaz,168,,,"October 17, 2023",,1,I am seeing reviews from literally 2013 saying how they are ready for book #4... I am glad I will only wait 2 years instead of a DECADE.
Ellis Johnson,27,,5,"September 19, 2018",,1,"Oh yes, this is the best book in the series by far. Just look at those knights on the cover. It's great. I love the development that the Falconer goes through, I really empathize with him after this book. Locke had a tragic but inevitable death, he had it coming eventually. I'm so glad Capa Barsavi came back, too, he's my favorite character and has been from the start and also his daughter. Could do without the stiletto wasp scenes"
Acurtis49,34,3,4,"April 27, 2020",,1,"I looked on Amazon and there is no release date for the English version, but I scrolled down and found a German edition of the Thorn of Emberlain that is due to be released November 9, 2020. Interesting..."
Alexa ,243,12,,"July 18, 2022",,1,"Welp, time to cry forever cause I have finally reached the hypothetical fourth book. And the third book ended so solidly too...Update 7/18/22Apparently the author is going to be writing some novellas within the same universe, so progress."
Susan,101,138,,"July 25, 2014",crime,1,June 1st 2013
Alan Snowden,2,1,,"September 30, 2014",,1,"Scott I have re-read all of The Gentleman Bastard books at least 8x...when in 2014 will ""The Thorn of Emberlain"" be released...?"
emily,611,65,,"August 18, 2016",con-artists-pirates-and-thieves；fantasy；mission-quest-things,1,IS IT SEPTEMBER YET???
o n o ,142,1,5,"September 21, 2021",,1,I preordered it 6 months ago when it indicated October for arrival. I just checked and now it is 2022 July. Please do not extend again😅
Sean Rhead,6,1,5,"September 29, 2021",,1,"Obviously, I did not read this book yet. However, I am writing this to maintain buzz for it! I LOVED the ending of Republic of Thieves, and I’m so excited to see where it goes from here!"
Jade,13,14,,"March 12, 2015",,1,HOLY SHIT IT HAS A COVERIT'S REALLY HAPPENINGOH MY FUCKING GOD
Kamatsingh,5,1,1,"February 10, 2024",,1,"Really starting to hate this trend...first it was Martin, then Rothfuss and now Lynch..dont the authors have the storyline in place before they start? First book came way back in 2006 and it took just five years for him to write three books. Fourth took 10? Unless there was a health emergency? Had given up after reading the second book seeing there was still a long way to go and after being burned by Martin and Rothfuss, had decided to start a series only once it was wrapped up...and looks like it was a good plan as the series is not yet finished. At least three more to come which means it may well be by 2040 we will get this series done."
Cassandra,835,55,,"November 6, 2019",,,"I want another heist book!!!!!!( was great, but no heist :( less intricate plot entanglements)."
Maschenny,107,15,,"February 12, 2021",,,Cammor? check. Tal Verrar? swindled and left.Karthain? well...they didn't die.Emberlain better buckle its seat-belts because it's about to have two visitors and there are no guarantees that things will stay unscathed.
Anna-Lisa,94,,,"April 13, 2024",,,"God, how did I ever live before I read this series?... Sadly, poorly, miserable. (...) Jean and Locke make everything so much better. It's why the gods (Scott Lynch?) put them here. I am looking forward to ""The Thorn of Emberlain."""
Dave,27,,5,"January 1, 2019",,,once again a fantastic read on the adventures of the Gentlemen. Awaiting the next one.. 2019..? or 2020..
vyoletkyss,803,,3,"June 13, 2019",2018-books,,Huh. Didn't see that coming!
Stephanie,23,1,5,"August 22, 2019",,,I can't wait to read his next book.
Valentine,248,1,,"March 11, 2020",series-i-need-to-finish,,"I'm going to have to re-read the last book at this point lol. Still, eager to get my hands on this."
Dillan Langellier,71,,3,"July 21, 2020",,,Fun
Smäug Glaurungsson,6,,,"January 12, 2021",,,Only 10 more months to wait... ;)
Heather,23,,5,"January 14, 2021",,,"Characters reminiscent of the Lymond Chronicles, but in a fantasy fiction setting."
Rumule 5vten,5,,,"May 6, 2021",,,My most anticipated book of 2021
Giorgi Shengelia,26,6,,"June 22, 2022",,,Wtf მეგონა გამოსული იყო. 10 წელი გავიდა ლამის
Estha,67,9,,"January 27, 2023",,,Finger cross don't disappoint me.
Vicky Chochorowska,14,,,"May 3, 2023",,,i don't know if i can wait a full year. might accidentally spontaneously combust
Qas,3,,4,"December 30, 2023",,,"I just finished the third book, and it's been good. Funny dialogues, moments that make u go OMG.... . Not a fan of sabetha tho."
Jane,1422,66,,"May 12, 2017",,,"Update September 4, 2016: April 2017?? Really? Last year when I added it to my TBR pile, it was supposed to be July 2016. Then some time later it became October 2016 and now it's April 2017... I do hope that it will not be postponed even more.Update May 12th, 2017: Sooooo it's no longer a 2017 release. Now the tentative release date is set to somewhere in 2018. Please be worth the wait!"
Nina (the fussy reader),540,11,,"June 12, 2022",fantasy；fantasy-heist-and-thieves,26,"Some day, The Thorn of Emberlain is going to be released so magnificently, so ambitiously, so  that the sky will light up and the moons will spin and the gods themselves will shit comets with glee. And I just hope I'm still around to see it.'Oh, please,' said Scott. 'It'll never happen.';) But seriously. I need this book in my life."
Zaneta ,430,7,,"September 6, 2016",,,"I'm starting to lose hope this book is ever going to come out. Honestly, it's been years of constantly pushing back the release date... is there even a release date set now? All I heard is that the book is not going to be out this September."
Jamael,1,1,,"August 9, 2016",,,This now says the publication date is March 2018. Is this correct or is it still set for September 2016? I'm certainly not complaining but just wondering. Thank you for your work Scott. You're the Magi of Fantasy ;)
ayanami,444,16,,"September 13, 2015",favourite-author；favourite-series；i-would-drop-everything-for-you,,"""Expected publication: July 2015 by Gollancz"" OMG OMG OMG PLEASE TELL ME THIS IS REAL"
David,591,49,,"July 11, 2016",crime；fantasy-unread；favorite-author,,expected 1Q2015
Vaelin999,14,1,,"November 10, 2014",,,The Thorn of Emberlain is missing from the Gollancz January-July 2015 catalogue.A mid-to-late 2015 release date seems more likely.
niet-jip,63,,,"August 26, 2015",anticipated-read,,*crosses fingers* *prays to the ancient gods*
Miryeo,101,,,"September 10, 2015",00-mini-review；wishlist,,July 2016? What?? WHAT??I even marked September 17 on my calendar so I could go to the book store as soon as possible after it's released... :'(
Michael,29,2,,"June 18, 2015",,,Wow. Now tell me that's not a GREAT cover!!!
Sydrian,183,17,,"August 26, 2016",,,*cries*
Matilda,973,3,,"October 5, 2016",,,This has been pushed back....too much. I need it. Need it. Need it.
Jennifer Blair,172,7,,"October 23, 2016",unknown-release-date；upcoming-books,,*NO RELEASE DATE*
Moises,8,,,"November 22, 2016",,,I really need this book to come out
Jem,287,29,,"October 29, 2020",order-immediately,,omg this has a release date this has a release date THIS HAS A RELEASE DATE SHUT UP SHUT UP SHUT UP SHUT UP SHUT UP!!!!!!!!!!!!!!!!
Niqui,16,,,"March 10, 2020",fantasy；series,,Publication date: 09/2020
Lawrence Ning,10,,,"May 26, 2019",,,I'll donate a barrel of Austershalin brandy to have this released!!!
Sarah,143,,,"December 1, 2019",,,This is officially ON ORDER at my library!!!!!*INTERNAL SCREAMING* There's no release date on Goodreads so I don't know whether to believe it. Please be soon!
LambchoP,348,106,,"October 26, 2023",most-anticipated,1,"Here's to hoping we get to see this book sometime in the near future! Great series, great author. Looking forward to more material from a fellow Minnesotan, don't ya know:)"
mer,1404,62,,"October 14, 2014",,,
lumi ★⋆. ࿐࿔,81,119,,"March 12, 2016",,,July 2016. Still so far away.
Kaitlyn,35,25,,"April 12, 2017",,,Please tell me the release date hasn't been pushed back AGAIN.
Siobhan,4678,588,,"November 14, 2018",to-buy,,Series Ratings:The Lies of Locke Lamora: ✮✮✮✮Red Seas Under Red Skies: ✮✮✮✮The Republic of Thieves: ✮✮✮✮
