Reviewer,Review Count,Followers,Rating,Date,Tags,Likes,Content
KristynRene SwissCheese JellyBean,456,85,,"August 10, 2022",2023arc；bought-2023；favorite-authors,27,"I’m not crying, you’re crying!!"
Samantha,1939,127,3,"April 27, 2023",,21,"Another book for the “I badly wanted a sequel and then I got the sequel and now I kind of regret it” pile. I really loved the first book in this series, and this one was…okay I guess, but mostly it made it clear that there really wasn’t any more story to tell after one book. I think this suffered in part because it has been more than five years since the first book came out, and while I liked it very much, it wasn’t exactly memorable with the kind of timelessness and specificity required to hold the interest of a reader after such a long lag between books.A lot of the problem is that this isn’t really an expansion of the first book into some sort of greater, overarching plot. It was essentially just the same plot as the first book with some tweaks of who plays what role and what the exact circumstances are. And I’m not sure there’s much benefit in a sequel that is just a retelling of its predecessor.I still love the way Howard writes her magical system, and I’m always up for things written from a house’s perspective in Fantasy. But should An Unkindness of Magicians have stayed a Standalone? Probably.*I received an ARC of this book in exchange for an honest review.*"
Fiona,1341,269,3,"June 27, 2023",witches,16,"This is Kat Howard, so regardless of how much I enjoyed it there is a standard of writing that means, bare minimum, it'll be gorgeous. But despite having loved book one, this just didn't hit the same.It's hard with books like this, where I liked it, but it was simultaneously too much and not enough. There were parts of this that could have been added to the first in the series, but on its own it didn't feel like it trod enough new ground. Again, we're watching the system that preys on the young and non-established being dismantled by those with too much conscience to stand by and let history continue to repeat (and that allegory isn't particularly subtle, but until something happens I'm starting to believe things need to be a little less hint-y so no dings for that). A message I can get behind, but not enough change to feel distinct from the first book; Sydney's disadvantages felt like hobbles added to keep her from being too accomplished and ending the book in a couple of places by being too good at magic.But - there's just some gorgeous writing. And it's an excuse to get more of this really intriguing world and Kat Howard's particularly beautifully described magical homes that want to wrap you up in their cozy, personalised rooms. It may not have been everything I wanted from the sequel, but it was very much worth the time."
Banshee,577,60,4,"May 1, 2023",2023-releases；2023-tbr-cleanup-challenge；audiobook,9,"The first novel in the series was about, as its title suggested, the world founded on unkindness and about one person's struggle - and success - to dismantle it. The sequel explores how naïve it is to assume that such a win can be quick and clean and follows the old and new characters as they navigate the shifting status quo. It shows that people who are used to power and comfort would be unwilling to obediently fall in line - not because they are all evil (only some of them) but because it requires strong character to go against the current - and that there are no simple solutions to complex problems. It also shows how the hero who made the great sacrifice has to live with its consequences. In other words, the series continues in its previous vein of sometimes bleak realism, even though the subject is magic.It was easy to for me to re-connect with the characters as they continued to be three-dimensional and very human. I could always understand their drive and emotional core, whether I agreed with them or not, whether their actions were selfless or selfish. And despite this reality being so bleak, I feel comforted as I sank again into the Unseen World, re-visited the known places and explored new ones. The world-building was just so sharply sketched and the prose that was somehow both sharp and lush certainly helped.There was also no shortage of some hard-hitting moments that had me pause the audiobook and stare at my phone in astonishment.The only thing I was disappointed with to the extent that I ended up deducting a star from the final rating was the finale. It was too abrupt and confusing."
jordyn ♡ ,389,65,3,"March 17, 2023",paranormal,8,"For more of my reviews, check out my .Hm.I’m not sure where to start with this one, because while I really loved the general gist of the story, there were some glaring missing pieces of it for me. I love the first book in this duology — An Unkindness of Magicians. I love love love that one. It felt new, original, and fresh when I read it for the first time. When it comes to A Sleight of Shadows, however, it feels like it’s missing something. It’s almost but not quite a whole story, unfortunately.So what’s it missing? Emotion. There is very little emotional connection in this book. Hardly any of the characters show any other emotion other than rage or fear. Several characters die — I won’t say who — and no one…seems to care? We don’t see anyone really mourning them, we don’t see the loss truly felt on page. It’s just something that happens and suddenly everyone is okay with it and moves on. Now, this might be because The Unseen World is built on death and everyone is used to people just dying, but c’mon. That feels ridiculous. A cop-out answer if there ever was one. Now, how on earth do you write a book where the main character has major, extreme, PTSD about something in her past and never include emotion? How does that even happen?The meat of the story, the action-y bits were just as good as the first book in this series. The magic used isn’t as spectacular or mind-blowing, but it’s there and it is at the very least interesting. But just like in An Unkindness of Magicians, I’m missing the connection. You want Sydney to succeed in what she’s set out to do, you want her to win, but my god couldn’t we see her feel something? The only loss we see her mourn over is the loss of her magic. How on earth could that be it? There’s a lot of telling going on, and not a lot of showing, unfortunately.The other characters — especially the villain — are great. The rage and entitlement felt there was nausea inducing. The ending, once again, comes too quick and without much build up. I only knew I was getting close to the book ending by the percentage complete climbing higher towards 100% on my Kindle. Without that, I would have thought I had a lot more book coming. I’m slightly disappointed by this one. It could have been great, it could have been something really unique, but instead we have a half-complete story. Three-and-a-half stars."
Irmak ☾,243,54,,"August 29, 2022",,6,is this real??? is it finally happening?????
Keith Hock,50,,3,"May 8, 2023",,5,"Usually when I wish a book was longer it is because I was enjoying it so much I didn't want to leave, not because I think it would be a better book if it was longer. But this book just needs to have more stuff in it. The Unseen World in An Unkindness of Magicians was bursting with flavor; serious characters with silly names, ancient arcane Houses named after famous historical sorcerers, a deeply complicated and interwoven mythology that we only got peeks of, awe-inspiring magical competitions. This book has like five characters and three locations. Its like a show got renewed but their budget got slashed for season 2. I wanted this world to be bigger and grander, not smaller and meaner.Maybe that's what Howard was going for. The theme supports that, austerity is a watchword of this book in a way that, in hindsight, decadence was a watchword of the first. If it was, she did a good job of conveying the threadbare nature of the setting. But the plot is ALSO too thin; there are too many balls in the air and not enough people keeping them up, so the story ended up feeling rushed, especially at the end."
Pene Geard,247,29,4,"May 11, 2023",,4,I really loved this but it needed to be longer!So many cool ideas that we only got a taste of and lots of characters that I would have liked to have spent more time with.
Ash | Wild Heart Reads,248,159,,"November 22, 2020",,4,"I had no idea this was getting a sequel, I'm so excited"
Kayla (krakentoagoodbook),824,101,4,"October 3, 2023",,2,"3.5 to 4 starsI liked this but didn't love it nearly as much as the first book. It's been a while since I've read An Unkindness of Magicians, so I couldn't entirely remember what had happened leading up to this book, but there were pieces throughout this book that helped me remember. It felt like the plot was a bit sparse here, and I couldn't connect to the characters as much as I did in the first book. However, I still enjoyed this overall and found it satisfying."
ianthereader,362,58,,"January 27, 2023",,2,"Wait, this is finally happening????"
RE,93,,2,"March 11, 2023",e-book；netgalley,2,"I don't know if my tastes have changed since I read the first book or if that one was significantly better. This book was not it for me though, which is a bummer because I was excited when I heard about it. This book felt like the bare bones of a story. If it had been fleshed out, I think I would have liked it a lot more. But there was a lack of description and emotion. I couldn't feel what the characters were feeling, and so many things were quickly summed up. There were so many characters whose POVs were introduced at the beginning and who all felt like each other. A big part of this is again the lack of emotion for the reader to connect with. I also found the writing style confusing as it made use of so many fragments that muddied the meaning of the narrative. It also frequently broke dialogue into new paragraphs when I don't think that was necessary (this also made things hard to follow at times). The pacing picked up near the end, but this book felt like it was mostly dialogue exploring the world's magic system. It needed so much more."
Annie,253,9,,"April 13, 2019",,2,I enjoyed the first book -just- enough to think about picking this up. Really crossing my fingers that this sequel will pick up the slack and fill in the blanks left behind by the first book.
A.Rae,188,34,,"February 2, 2020",dear-god-i-need-these-books-now,2,Looks like I picked a good time to read An Unkindess of Magicians and become slightly obsessed. Bring on book two!
Aphelia,362,46,4,"November 21, 2023",ebook_scribd；favorites-i-do-not-own；uf-series,1,"I absolutely loved the first book in this duology, , so I had high hopes for this sequel. Reviews are very mixed, which is understandable. It is not the tidy resolution we usually expect of a series. For me, I was left wanting a little more. This time, disaster dawns slowly, heralded by eerie trees that grow in Central Park from the bones of magicians long dead. They bloom only bone flowers and whisper fragments of sorrowful stories full of tragedy and regret, susurrations at the edge of hearing. Like those skeletal trees, this story feels like a series of stripped down glimpses into a larger narrative. The writing is so tight and the narrative pace so compelling that the heart of story is over almost before it starts. It leaves a sense of lack, a longing for more, and a sense of devastation that is no doubt intentional and fitting but I still hope the author returns to this world and especially to Sydney one day. Having sacrificed her own magic to stop the horror of magic harvesting in the hidden House of Shadows, Sydney is appalled but not surprised to find out that Shadows is trying to come back. The spells are too strong and the need for a source of magic too great for it to ever be fully destroyed. Not to mention all the hereditary magicians who miss the ease of drawing from a full well of magic they never have to personally pay for. But Sydney is stymied - without her own power, how can she hope to fight Shadows again?Overall, I highly recommend this duology. It is one of the most thoughtful, nuanced explorations of what having magical power might mean, and how that cost could be paid. It is a wonderful urban fantasy, in which the city of New York and its Houses is as much a character as the people. I especially love how the Angel of the Bethesda Fountain was incorporated. Howard's writing is stark and gorgeous, cinematic in its scope. This story, like the first, would translate amazingly to the screen. However, some of the plot points this time - especially those around the young outsider magicians Laurent is attempting to mentor - are obvious. They are skillfully wrought but still predictable and I would have liked to see more characterization, especially for Mia. I also hoped for more regarding the foundation of the Houses and their new realities as well. I do hope she returns to this world again someday, and in the meantime I will happily read anything Kat Howard writes. With this duology, she has cemented her place as one of my all-time favourite authors!"
MasterSal,2073,20,2,"July 5, 2023",owned_audiobook；sff,1,Brief review follows:I feel bad for this book because I suspect it was victim to the terrible month I was having at work. Or it wasn't a good book - take your pick. I'll probably say it was a combination of both.Even though I got through this book very quickly - the audio helped with that - this felt more of the same old same old. Perhaps I read this too quickly after book 1. IRL this book came out years after so I can see people enjoying this more after a break. Since I pretty much read it back to back - this felt like the same story - just not as fun or as focused.Sydney was fine but this time there were no compelling b-plot or side character which caught my attention. This plot and book could have been avoided without much difference. Still - I liked the main plot with Sydney and there were some nice moment with her which kept me reading. A better villain would likely helped with the book IMO.
Alicia Ceasar,1229,10,3,"March 7, 2023",netgalley；read-in-2023,1,"A Sleight of Shadows is the sequel to a book the was originally a standalone, An Unkindness of Magicians. This book takes place shortly after the events of the first book. I loved the first book and didn’t think it needed a sequel. How often do we get fully realized, average sized, standalone fantasy books? The first book was one of the first adult fantasy books I read that I really loved. This sequel is perfectly fine. I can see people really loving it but to me, it just felt forced. The problems that happened felt like they were just there for the sake of a sequel. The intrigue and mystery from the first book wasn’t there for me. Granted, it’s been years since I read the first book so a lot of this could just be my taste in reading has changed This book is getting a three star instead of anything lower because I do think it is well written. I love Kat Howard’s writing style. I just wish this would have been a new story instead of a sequel that wasn’t needed. I would actually be more interested in a prequel novel to this world. Thank you so much to netgalley and the publisher for the opportunity to read and review this book. All thoughts and feelings are my own."
sofia,232,16,2,"May 18, 2023",,1,"2.5/5so I wasnt too sure about this sequel. the description made is seem like it was just a rehash of the antagonist that was defeated in the first book…and that's exactly what it was. if you're going to bring back the same antagonistic force, it has to be very cool, or else it doesn’t work. it didn’t work here. it kind of felt like the first book was for nothing. especially since it was only 30 DAYS since the end of the first book. I wasn’t opposed to shadows being brought back (it's not my favorite thing ever but I could live with it) but it should have been more time after the events of the first book. like at LEAST a year. I think this also takes away from sydney's struggle/loss from the ending of book #1. I am not a fan of the ""woman loses power at the end"" trope, so im glad she got her powers back….but it all happened very quickly. again, what was the first book even for? I think having a time skip between books 1 and 2 would have helped with this, as it would have given us a new sydney. instead, she just feels the same.also, I feel like a lot of things were very plot convenient ex: archives being helpful and wanting to die. explanations felt like they were thrown in my face 5 seconds before an event happened. like a bit more foreshadowing would have helped.other minor points:ian dying was so random and definitely felt like it was used to get him (and lara) out of the plot's way. like at the beginning of the book I was like where's ian. he appeared, and 2 chapters later he died. I think his douche move was made so we could accept his death and not be hung about it, but damn I was disappointed when he died! I think his nand sydney's relationship was really interesting in the first book. ian I will avenge youis there no other magic other than NY? like the 13 houses and that's it? I think a bit of more info from magic outside of the 13 would have been very nice bc all I could think about was damn there's not one else?why didn't they have something/someone monitor the shadows at all times after they realize it was rebuilding? like idk maybe some surveillance could have stopped a lot of problemsthis wasnt horrible, but it also wasnt very good"
Christine,401,,4,"April 27, 2023",,1,"Thank you to the publisher and NetGalley for an early copy of this book! Below is my honest review. This book took way too long to be published, but I’m happy to say it was worth the wait. If you haven’t read the first book, An Unkindness of Magicians, please do so first as this book picks up from where it ended. We follow Sydney as she navigates a magical world without magic. At the same time, the House of Shadows is re-emerging—the House that Sydney sacrificed her magic to destroy. Other Houses are also seeing consequences. With the help of her friends, Sydney tries to figure out how the House of Shadows is rebuilding itself and how to stop it. I love Kay Howard’s writing style—the way it’s so elegant yet simple at the same time. From the first page, I was hooked. Kat Howard expands upon this world a little more and answers questions that were previously left open for interpretation. We also get to see the Houses and their personalities, something that wasn’t as developed in the first book. Overall, I really enjoyed reading this second installment and I’m sad that this is the last of the series! Would I recommend this book? Yes!!!"
Michelle,375,12,3,"June 27, 2023",,1,"Very interesting and dark take on magical realism set in a today-ish setting. Slight heads up for gore, death, and manipulation of children (teens). I liked that we got to go back to the characters we met in the first book and there is an open sort of end for potentially more books to come (the story itself wrapped up but there is more/later available). I enjoyed very much the solution to problems and the antagonist. Absolutely recommend if you like exploring the darker aspects that go alongside power and magical realism."
Sara Leigh,445,22,4,"March 22, 2023",giveaways,1,"I enjoyed this second book of the Unseen World, but not as much as the first. The returning characters were developed more, but the action of the story dragged a bit sometimes. The ending was very satisfactory. I received this ARC as a Goodreads Giveaway."
Ridanwise,150,,4,"May 21, 2023",,1,Good lord! I’m gonna get accused of plagiarism! And this is so much better than my writing!
Watfee Hajer,61,,5,"June 2, 2023",,1,Such a great sequel to the first book. Speaks volumes about what some people are okay with doing for the 'greater good'
Natalia,217,6,2,"July 15, 2023",anticipated-2023,1,2.5 ⭐
Amanda,1153,258,3,"October 3, 2023",10-oct-2023,1,3.5 stars - not really the sequel I wanted 😕
Mel,38,2,3,"December 5, 2023",,1,3.5
Anne-Marie,180,1,3,"March 26, 2024",,1,3.25 stars. It was the weaker of the two. I liked the first one more.
Danielle,,8,2,"May 26, 2023",fantasy；horror,1,"I loved the first book ‘An Unkindness of Magicians,’ and still highly recommend that book as a stand-alone novel. This book, can be skipped in its entirety. The best way to describe this sequel would be pointless. Spoilers Ahead…In the first book, the House of Shadows is defeated. In this book, the House of Shadows is resurrected and then defeated. It didn’t really move the characters forward, in fact it just undercut a lot of the development from the last book. It was just very underwhelming and an overall disappointment."
capricornreader,326,6,4,"October 27, 2023",,1,didn't remember much from the first book but was able to pick up the plot pretty quick so props for that!
Courtney,2764,7,4,"April 15, 2023",,1,"I received an ARC from the publisher via NetGalley and am voluntarily posting a review. All opinions are my own. Publishing a sequel several years after a previous book can be a gamble, especially when that first book worked so well as a stand-alone and is generally well-loved. And while I don’t think Kat Howard reached the same heights of excellence this time around with A Sleight of Shadows, I enjoyed it for what it was. I liked seeing how each of the returning characters have evolved, given the changing state of things within the world. There are also some new characters that added some new dimensions as well. The plot is engaging, with the overall tone of the story being darker, exploring themes of rage, fear, and revenge. It took a bit to become reoriented in the story, as it does pick up where the first left off, with only a few hints of where we left off. However, once I got into it, I was once again more or less consistently engaged in the narrative. This book offered more of the world and characters of The Unseen World in a great way, welcoming readers back to them after several years. If you were a fan of the first book, I recommend checking this out. And if you’re looking for books that straddle the line between urban fantasy in terms of setting, and epic in terms of world building, magic system, and scope, I’d recommend giving these books a try."
Simona,98,2,2,"May 21, 2023",,1,"I always felt that the first book was fantastic in terms of ideas and the setting of the Unseen word, but didn't quite utilise all the potential. That obviously left me very excited when the book two was announced as I thought - great we are going to get more! But this wasn't it for me. I feel like we didn't get anything worth adding to the original plus few moments I would quite happily forget after reading this.I admit I was pretty done with this after certain death early in that was in my opinion so badly handled and took away so much of what I was excited for 😕"
"Me, My Shelf, & I",887,93,4,"May 7, 2023",2023-releases；adult；audiobook,1,"Four stars for now, but I think it could be a five on re-read once I get my paperback edition.I honestly just love this world so much. It's stark and often brutal, but also filled with beautiful magic and hope."
L. Glama,190,6,,"May 10, 2023",fantasy,1,"This was perhaps my most anticipated read of 2023, and I can't help but feel disappointed:  lacks the breathtaking displays of magic, the thrilling mystery or even the budding romance which made , in my opinion, one of the best urban fantasies of all time."
Beth Mcgahee,231,6,2,"May 8, 2023",,1,"I loved the first book in this series so much, but this one just didn’t live up to the first one. Not even close."
Ifahh,274,1,3,"May 5, 2023",,1,"Reread the first book before jumping into this one. The story starts off where the first one ended. To be honest, nothing really happens in this one. Introduction of new characters which didn't have much of an impact as the first one.[spoilers]And ALSO. Killing off one of the MAIN CHARACTERS love interests and promptly not revisiting the grief? I just wished Sydney had a scene where she cried for losing Ian. I wish there was a chapter where she felt a little guilty about not telling Ian about the problems she was facing. I felt his death was completely overshadowed and rushed.[/spoilers]Overall, I felt the whole book felt rushed. You don't get much interactions other than short paragraphs of different characters interacting (like Grace and Sydney, Laurent and Sydney, etc). Plot wasn't explained as thoroughly as the first book. Felt like the author just gave an element of something magical, threw it to the wall and hoped it sticked. The whole Shadows coming back didn't felt as ominous as the first book, and how she [spoilers]destroyed Shadows for the 2nd time....[/spoilers] felt so... anti-climatic. Then again, the first book felt the same way as well. It's such a shame. I actually liked the magic system in the book, but at the same time, there were plot holes that I couldn't really look over. But overall, enjoyable to read."
H.D.,179,,,"July 26, 2022",,1,"Just noticed in a Comic-Con flyer that Saga Press was giving away  as a ""First of series giveaway"". My brain whirred a moment, confused, then realized... HOLY FRAK WE ARE GETTING A SEQUEL. I read the first book 42 years ago - or maybe it was 4, pandemic has distorted my perception of timey wimey - and immediately lamented the lack of a book two and what felt like inescapable unlikeliness. I loved the rules of magic, the houses, the battles, and especially the characters. I'm deliriously excited to know I get more of this world and Kat Howard's wondrous ways with it."
Shaun,45,,4,"April 27, 2023",,1,"One of my most anticipated books of the year, I was so excited to receive and ARC from the publisher. The story absolutely did not disappoint, doing a great job picking up where An Unkindness left off. It seemed like the magic itself took a backseat to the characters and felt less grand this time around, but it did a great job showing Sydney and rest of the cast dealing with the consequences of what they’ve done and the world they build."
Simona ☆,89,,3,"September 21, 2023",,1,THIS??? is the sequel to one of my fav books of all time???
jennifer,103,3,5,"May 7, 2023",,1,"no really, read it, reread unkindess, read it again."
Trista,172,28,2,"January 16, 2024",,1,"2.75 ⭐️ stars. I mean, the main conflict is that rich people’s magic smart houses are breaking…"
Mogsy,2127,2682,3,"May 4, 2023",fantasy；magic；paranormal,7,"3.5 of 5 stars at The BiblioSanctum It’s been close to six years since An Unkindness of Magicians came out, and after all this time, I worried I would not remember enough of the story before I picked up its sequel, A Sleight of Shadows. As it turned out though, getting back into the world was remarkably easy. There were both good and not-so-good reasons for this, which I will be going into in a bit.But first, we catch up with our protagonist Sydney, who has lost all her magic ever since sacrificing her powers to destroy the House of Shadows during the last Turning. In the aftermath, the magical community that makes up the Unseen World is still reeling with the changes, one of them being the ascendance of House Prospero. Meanwhile, rising star magician Laurent Beauchamps is also looking for new recruits to join his newly established House by reaching out to outsiders like himself. One of the candidates is Mia Rodriguez, who has always known she was different. She was just a little girl when she discovered she could sometimes make things move with her mind, and she seizes upon Laurent’s invitation to join his school as an opportunity to learn as much as she can about magic.But even with Sydney’s sacrifice, the House of Shadows cannot be so easily defeated. Now it is rebuilding itself, and with both relief and chagrin, Sydney also finds her magic coming back slowly but surely. With the other Houses weakened though, everyone is looking for someone to blame, and naturally, all eyes fall on Prospero, who seems the least affected. At a loss as to what to do, their leader Grace turns to Sydney for help, hoping her past experiences with Shadows can help unlock some answers.As you can imagine, having a sequel come out so many years after the original presents a lot of challenges. I will confess that I had forgotten many details of the story and all the characters involved, and the fact that A Sleight of Shadows takes place immediately following the events at the end of An Unkindness of Magicians was also a brave decision by the author. It means this novel is squarely aimed at fans of the first book, as there is simply too much in here that builds upon already existing foundations for newcomers to jump on board.To her credit though, Kat Howard did a fantastic job catching readers up. References to what happened were made subtly and organically without the use of awkward info dumps. Within a few chapters of being back in the Unseen World, it was like I’d never left.However, given the amount of time we’ve been away from these characters, I will say I felt noticeably disconnected from them this time around. The distance can even be felt in the writing. In one striking example, a somewhat major character who was also in the first book dies, and the scene felt muted—the emotions just weren’t there, not even in the words.And in truth, another reason why it was so easy to get back into this world is because the plot held little substance. Don’t get me wrong, I’m not saying nothing of significance happened, because the plot was plenty packed and eventful. But it’s also true that the stakes just didn’t feel as high, and the overall conflict was relatively small-scale.That said, if you enjoy urban fantasy, A Sleight of Shadows does a great job carrying on the tradition of the first book’s themes, featuring a secret world of wealth and luxurious magic hiding beneath the surface of the mundane. As a sequel, it also fulfills its purpose of expanding what we know of the Houses and added a whole lot more to the series lore. Kat Howard’s prose feels as rich and gorgeous as ever, bringing the setting and characters to life in magnificent detail, and I’m grateful for the gentle way she eased me back for a fun, comfortable, and lowkey return to the Unseen World."
Bookworm,2070,78,3,"July 3, 2023",,,"I was very excited to return to author Howard's ""Unseen World"" after visiting the place in her first book 'The Unkindness of Magicians'. Urban fantasy is not really my thing, sometimes fantasy stories are too needlessly drawn out. I had been fine with 'Unkindness' as being a one-shot, but did agree there was more to explore, more to expand upon.So Howard returns to the world after a long delay. Sydney is back, and where we left her at the end of 'Unkindness', with almost no magic. Her previous battle had upended the Unseen World, and the Houses are upset at the destruction of their order and structure. And a few returning characters are back, either to help the House of Shadows or to ally with Sidney to prevent the old from returning to power.As mentioned, I was thrilled to go back, but it is definitely not hard to understand why people were disappointed. I remember being surprised that the first book also doesn't have a great rating (it was a great first entry and maybe the author needed to find her footing was my takeaway) but I can see the issues that were there are also here. The writing itself is great--even though I had chosen to not reread the first book, I was still able to follow along with the story and there is definitely a tale to tell.But there's a review on Goodreads that nails it: it does feel like a show that had potential as the first season but the studio was unhappy and made some changes for Season 2 cutting down the cast, the story, the locales, etc. It does feel a bit like a retread and instead of hopefully getting an expansion of how the magical world works here, it's expected the reader already understand it all already and go along with it. Which also isn't a terrible choice either, but overall I felt like this was an extended epilogue or an after credits scene that somehow got its own spinoff sort of thing.It's a pity that it is apparently only a duology but all the same it might be best to leave it as it is (and perhaps Sydney herself would prefer it that way) and I'd rather an author leave it when they feel it is done rather than needlessly dragging out a story when one isn't there.If you're not looking for a big long epic fantasy, if you want something that can be read in a relatively short amount of time and can be left where it is (as in, maybe you want more but can accept this), if you want some a bit on the darker and grittier side, this might be a work for you. I'd read more by Howard if it interested me and I'd pick up another entry if she ever chooses to revisit the Unseen World.Borrowed from the library and that was best for me, but I also wouldn't have minded if I picked up both books as bargain buys to read on my own time."
Anne,633,1,2,"August 12, 2023",adult；contemporary；fantasy,,"continues Sydney's story. She is dealing with her loss of magic as she destroyed the House of Shadows. Magic is now hard and full of costs again. And the rest of the Unseen World are none to happy about that.This is definitely another example of an excellent stand-alone getting an unnecessary sequel. In my opinion,  brings nothing really new to the table. It doesn't advance the characters in any way, shape, or form. The plot is pretty much a repetition of . To be very, very blunt, it would have been better if this hadn't existed.And I am really sad about that because I loved , and I ended my review of that one with saying that I was so excited to read this sequel and continue on with Sydney's story. That was three years ago, and I can see that Howard has been working very hard on this novel. The writing is gorgeous, and it is brimming with a dark atmosphere of secrets and desires. But that is not enough to make this a good book for me.As I've already said the plot is just a repetition of Sydney wanting to take down the House of Shadows, and that is mainly it. It is just dragged out for too many pages with a lot of characters talking a lot to each other. There is no sense of urgency, or anything emotional at all to be honest. When tragic events happen, the characters hardly even acknowledge them. And those that do are over it in a paragraph. The plot made this book feel too long, but the lack of character development made it feel too short and rushed.It feels like there was no winning with this for me. I am disappointed, and it just didn't work for me. I think that I will happier just imagining that  is a standalone."
Beth Tabler,,186,3,"May 2, 2023",2023-reading-list,,"If anything we have learned from the slightly twee world of Harry Potter is that there is a place and readership for the darkest and most painful type of magic for adult readers. Kat Howard's The Unseen World perfectly expresses a dark and complicated story interlaced with an exciting magic system, most recently in Kat Howard's newest release A Sleight of Shadows. Much like the series' first novel, An Unkindness of Magicians, the title I always found incredibly clever, stars a cast of characters and viewpoints, but mostly our flawed protagonist Sydney. In nature, ravens flock together in something called ""unkindness."" And while the symbolism of ravens is not overt, calling a group of magicians unkindness resonates and perfectly encapsulates Kat Howard's dark world. Sydney battled and fought hard in book one and made tremendous sacrifices at the end of book two, destroying an integral part of herself to bring down The House of Shadows. What I missed wholeheartedly was a connection to the characters; I wanted to care desperately about the trials and tribulations they faced. What Sydney and company are confronting is no small thing, so where was the emotion, the rage? In the first book in Spades, Kat Howard wrote words that practically dripped venom in An Unkindness of Magicians. The characters had much less emotional depth, aside from heartbreaking scenes at the story's end.Mechanically, the story is well-written. The action scenes are well done, as is in any of Howard's novels. The overall ambiance is there as well. When I think of Howard's books, all of her books remind me of a beautiful garden full of roses that want to prick you until you have had blood running down your arms. Beautiful and cruel. And this certainly achieved that feeling. Also, I got quite a kick out of the new characters. Everyone needs to start somewhere, and the excitement mixed with naivete was endearing. If allowed to do some magic, I would be excited beyond belief.However, the je ne se quois prevalent in the first book is missing here. Yes, all the pieces are present. We have a great cast of characters. We have necessary complications, such as a new crop of magicians to add new life and new perspectives. We have excellent pacing, as we did in the first novel. But ground altogether, the story feels flat. As a reader, if there were another 100 pages of story, characters, and plot, I would no doubtedly be much more enthralled, but as it stands, it did not entirely excite me as much as I wish it had. However, the book has many good things, much like any of Kat Howard's novels, so I suggest giving it a chance, as your mileage may vary."
R.J. Huneke,,24,5,"May 10, 2023",,,"A Sleight Of Shadows By Kat Howard ups the ante, as the fate of magic and the many lives surrounding it are in grave peril.The magic is fighting back!A Sleight Of Shadows is the exciting second book in the Unseen World Series and the follow-up to Kat Howard’s Edgar-award winning An Unkindness Of Magicians.A Sleight Of Shadows, kat howard, the unseen world series, fantasy, An Unkindness of Magicians,One of the Unseen World’s most powerful magicians, Sydney, finds herself bereft of nearly all magical ability.She can with the greatest effort just barely light a candle.Meanwhile, the New York City secret society of magical houses are cracking at the seams, spells are misfiring, and the corruption of the House of Shadows is still intertwined in magic itself.Sydney thought she had destroyed Shadows, but that magical force is tipping the scales and doing all it can to rebuild.The stakes could not be higher, as the Unseen World languishes and its chief defender, in Sydney, is powerless to fight magic with magic.Regardless, the fantastic character that Howard creates is resolved to end the threat any way she can. She is smart, adept at planning her moves as though she plays a great chess match, and her willfulness is unmatched.How can you not root for a character like Sydney?Once again, the world building in the Unseen World is top-notch and delivers the vibrant, realistic, and vivid magical universe to life in A Sleight Of Shadows.Howard’s prose is brilliant – it scintillates.Here is a passage I love:Once they arrived, Dahlia stopped. She took in the place. The slow, inexorable movement of the stones searching for wholeness. The stale, ancient scent of the air and the earth that blanketed so many dead. The electric hum of power vibrated around them. Potential. Waiting. [Howard, Kat, A Sleight Of Shadows, Gallery/Saga, 2023, page 158]Read the rest of the review here"
Lauren,577,15,3,"April 12, 2023",contemporary-fantasy；fantasy,1,"Electronic ARC provided by NetGalley. I read An Unkindness of Magicians years ago when it was new, and there were a lot of details that I didn't remember at first. Luckily, they came back to me pretty quickly once I started this book. A Sleight of Shadows deals with the fallout from Sydney's actions in the first book. The Unseen World is reeling from the loss of the House of Shadows, and of course there are a growing number of people who wonder if its existence was really all that bad. At the same time, the house is trying to rebuild itself. Sydney has to deal with the fact that her sacrifice might not have provided a permanent solution to the problem, and that perhaps she still has something to offer the Unseen World. As always with Kat Howard the strength her is the writing. Her writing is always beautiful and atmospheric, and some of the images truly stick with you (the bone trees especially). On the other hand, she's not big on describing action or events. Frequently we get what seem like snapshots of characters emotions and intentions before the story glosses over a seemingly huge event and then goes immediately to reactions. There is a lot of subtext and reading between the lines, and there are definitely events that feel like they deserved a bit more attention. On the other hand, I do still like Sydney, and the main plot and resolution to this book were satisfying. The main themes are similar to those in Naomi Novik's Scholomance books, looking at the concept of who sacrifices so that the elite can be more comfortable. If you're looking for a different take on this idea with some beautiful and atmospheric writing, then give this duology a try."
Alecia,523,20,3,"May 3, 2023",,,"I devoured this but ultimately enjoyed the first book much more. If I had read this as a standalone book by anyone else, I probably would have rated it higher. It's just that after the major stakes and intrigue of the first installment, this was decidedly slower paced. We were introduced to some new characters who ultimately were not compelling. Obviously, this book deals with the aftermath of Sydney losing her magic. But I was hoping to get a lot more of Laurent Beauchamps, the Black magician who hired Sydney to represent him in the turning and who earned him his own House. He ended up being somewhat of a background character there, and he's relegated to the background even more here. It would have been cool to have a book centered around his struggles to found a House with the Shadows magic gone. It would have been great to get more of Grace Valentine and Lara Merlin too, as they are both young heads of older, established Houses. There was ample material for some political intrigue. But the plot goes in an entirely different direction, following Sydney (again) and rewinding some of the same plot beats from the first book because the House of Shadows is coming back, and with it Sydney's magic.I hate when characters make heart wrenching sacrifices only to have a deus ex machina reversal in short order. I say it all the time, if the stakes don't matter, then why should I care? I'm happy for Sydney but having her get her magic back the way she did diminished the events of the first book, even though there's a twist that seeks to neutralize the blow. I didn't hate it, I just didn't love it the same as the first one."
Victoria,130,,3,"July 28, 2023",fantasy；fiction；magic,,"I received a free copy of A Sleight of Shadows (The Unseen World, #2) from the Goodreads Giveaways in exchange for an honest review. I would give this book a 3.5 stars, rounded down to 3. I will start by saying that I have never read the first book. I would probably recommend people read the first book first, but that being said there is enough information in this book to fill in the gaps and make it readable by itself. Overall, it was a good read with characters I had interest in. The writing does come across more young adult to me, but with darker themes. I did enjoy the descriptions that Kat Howard uses throughout the book. She does a great job describing things in a way that being able to visualize the locations and scenes is truly easy. I did read a review that said it didn't feel like there was enough story for a sequel and I do tend to agree with them. That or I would counter and say that the story wasn't laid out properly. You spend 275+ pages slowly reading, building background info, and following several POVs, for the climax and epilogue to happen in about 20 pages. It felt like the main point of the story was more of just a recap or an after thought and not the climax. It just feels like there could have been more, but the author spent so much on the earlier part of the book that she just kind of wrapped up the end quickly and tied it with a neat little bow. Overall, not a bad book, but also not one I will probably pick up again. I will, however, probably try reading the first book in the series as it seems people really liked that one. A quick, easy, simple read if you just need to cleanse your book palate or need a vacation read."
ColleenIsBooked,597,15,5,"May 15, 2023",,,"As much as I loved that An Unkindness of Magicians could be a standalone novel, I loved the direction this sequel took. It answered some questions I still had as a reader, followed the same characters I loved and some new ones, and had an ending I felt really worked. After the events of Unkindness, we get to see how the houses are doing without using magic the way they were used to using it. We get to catch up with Laurent and Syndey. I don't want to give too much away because I was a little shook by the twists that happened. One thing I loved about this was that I reread Unkindness for the first time since I read it in 2018 right before diving into this one and I really felt so connected to the characters and it made this reading experience kind of emotional for me. I really loved this sequel and think that you could of course just read the first book and feel satisfied, but after reading Sleight of Shadows I feel full. If you enjoyed the first book, I think you will like this one. It has Kat Howard's signature enchanting, fairytale-esque yet blunt writing style, as well as adds more depth to the characters. It is also a plus that this book is only a little over 300 pages, but clearly tells the story it set out to tell.CW/TW: self harm, child death, violence, blood, grief, a flashback scene to a school shooting (it is maybe a paragraph, not overly descriptive and is referenced a couple of times in the story but I did not expect it and had to take a quick pause before I started reading again)."
Tim Hicks,1614,123,3,"March 20, 2024",fantasy,1,"Well, shucks. I picked this up thinking I'd read #1 - but I had confused with with An Unkindness of Ghosts by Rivers Solomon. From what I see in the comments, no harm done. This one stood on its own reasonably well; I've certainly read at least ten books this year that just drop the reader into the story. So, who's this for? Younger female readers, I think, and I am neither. The worldbuilding is thorough, although I'm not sure I agree with some of the choices. Bone magic has been done quite a bit recently, and the competing-houses thing is tired. It also puts too many players into the game (alternatively, whenever the author needs a new character, no problem.)After about halfway, the point-of-view switches started putting me into which-one-is-she-again mode. Some interesting references. Naming houses after sorcerers? Sure. But Peter Pan shadows? Verenice Tenebrae? And a ""Juliet potion"" provided by a father-figure named Laurent? I wonder how many others I missed? OK, it's a reward for the readers who paid attention in English Lit - which I guess is a lot of us who read fantasy. At the end, I feel a bit down because it's such a dreary book. I kept wondering why the magicians didn't have a ""what are we doing? This sucks!"" moment or two. But then I can allow myself to imagine that it's a political allegory in which, yeah, 40-60% of the players ARE on the doom-gloom-negative track and seem to think a whole buncha centralized power and some killin' will do the trick. So yay for the Sydneys of this world."
Audrey,,85,3,"April 15, 2023",,,"I received a digital ARC from the publisher via Netgalley in exchange for an honest review.I'm a fan of Kat Howard. I really loved her take on the Tam Lin story with Roses & Rot, and her King Arthur novella in A Cathedral of Myth and Bone is one of my favorite retellings of that legend. But despite my enjoyment of her work, it always leaves me wanting more -- and not in a good way.It's not that this sequel was poorly written. It picks up after the events of the first novel take place and we're quickly brought up to speed on what's happened since then. And then we rocket right along until the conclusion. It's not a long novel, clocking in at 320 pages -- but I wish it was longer, so that we could get some of the things that I felt were missing. I wanted more description, more emotion, more filling out of a fairly spare narrative. I wanted certain plot events -- like the magic battles -- to be longer and more detailed. There's a lot of dialogue, just like in the previous book, and I wish that same amount of development had been given to other components of the book. Instead, we jump from event to event, without seeing how some really important things unfold. It's that kind of meaty storytelling that I wish Howard used more of. But I think I just need to deal with the fact that her novels will always be more spare than what I prefer. That won't keep me from reading them, since she has great ideas and concepts for her books. I just need to adjust my own expectations."
Tara,98,,4,"May 30, 2023",,,"This was my first time reading this author.I starting The Unseen World on book 2, but I don't feel like I really missed much.I will probably go back and get book 1 because I do know there's history in the story that I am missing, but I don't feel like it took away from the story. I think you could easily jump in at book 2 and be fine. The copy I read was a free Advanced Readers Copy. Unfortunately, the very ending of the book ended abruptly and I am pretty sure my ARC is missing the last pages. So that was frustrating, but I am not including that as part of my review since it was an ARC. I was really happy with the book. I feel like things like the Turning while probably discussed in book 1, a refresher or explanation of what the Turning is exactly would have been helpful. It kept talking about 13 houses, but the book only ever mentioned discussed a few of them. So I don't understand the relevance of making a point multiple times that there's 13 houses in the unseen world. I don't recall where the story was based location wide. I couldn't even tell you what country so that was a bit lacking not having an actual location."
Sukanya Rajalakshmi,4,1,3,"August 28, 2023",,,I loved the first book so much that I wanted a sequel but after reading this book I don’t know anymore. This book was okay. It lacked emotional connection I crave with the characters. They all seemed some dull versions of themselves from the first book. In case of Sydney you can argue it makes sense but even then I felt she was missing something. In the first book she was angry yes but she also had a wonderful friendship with Madison and developed new friendships along the way. She also displayed kindness and compassion. In this book there was none of that. The same can be said for every other side character. On a positive note the antagonists were easy to hate due to their sense of entitlement. . After reading this book I could only come to the conclusion that this book needs to be slightly longer. I truly think with little more pages all the concepts can be explored properly while not neglecting the character’s emotions.
Tammy,70,2,4,"April 20, 2023",,1,"I received an arc of this book and was beyond thrilled to have it in my hands. I could have easily read it all in one sitting but much like a dessert you have been waiting to treat yourself with I read it in bits and pieces. I loved all the characters. The story was fast paced and kept me interested. I think part of the reason the first book and this book resonate so much with me is because of the basic truth that I felt in the first one. The rich, get richer, and don't care who stands in their way or what they have to give up because it isn't anything or anyone that matters to them. In book one, you find out where the magic comes from and it inspires a certain kind of horror to the reader that no one seems to care or want to do anything about it. This kind of mirrors some of the things happening in our world now. I loved the ending to this book, though it does make me sad to leave this world of magical houses and heroines who take action without needing a love interest. In my opinion, this was a wonderful read and a very satisfying ending."
Cassandra,148,23,4,"June 3, 2023",,1,"An excellent, if unexpected, sequel. The first book plays out as an ultimate victory to a well-plotted adventure/thriller. Sydney is a wonderful heroine and what intrigued me most in this sequel was how the world would reshape itself and how she'd find herself in it's aftermath. Unlike the first book, which exists in terms of black and white conflict/morality. This book intrigued and fascinated me with how it depicts the complex and nuanced struggles of a world trying to rebuild after it's corrupt structures of authority have been torn down.  In a strange way I was reminded of all the best aspects of Avatar the Last Airbender and Legend of Korra. It features a strong and straight-forward conflict but also doesn't shy away from tougher questions like refugees and what of people who benefitted from a corrupt system but weren't a part of it themselves etc. (at least in broader stroke terms) All in all I wasn't expecting this sequel and was pleasantly surprised once I let go of my pre-conceived ideas of what it could be. Definitely recommend to fans of the first book!"
Jill Elizabeth,1641,39,4,"March 22, 2023",,,"I absolutely LOVED the first book in this series when it came out several years ago. Since then I've been scouring lists for more from Kat Howard. This sequel was a delight to find, and I thoroughly enjoyed it. The world building here is brilliant - detailed and descriptive and darkly original. The writing is engaging and the characters are magnificent. They are complex and flawed and wholly human in a way that is so compelling. Pair those things with a plot line that dances between redemption and revenge and the result is a marvelous tale that I found engaging from the opening salvo. I definitely recommend reading the first book (An Unkindness of Magicians) before this one - and if you last read that one a while ago, reread it. This is definitely a continuation of the story and while there are some reminders of what happened previously, you will want to have all that detail fresh in your mind when reading this one to maximize the impact.Thanks to NetGalley and the publisher for my obligation-free review copy."
Gretchen,75,3,4,"November 16, 2023",2023-reading-challenge,,"I enjoyed returning to the Unseen World! I was interested to see where our heroine would go, magicless and oh no Shadows returning? The book did a good job of reminding us where we left off…maybe a little too good. The book did feel repetitive as action points were repeated to other characters, a lot of “back to the Archives” and ended with a bit of a left field reveal that the “Archives” is an actual ‘person’/and a spell that could have been used in the 1st book to save others? Was the Juliet spell a secret from the archives?? In any case I did enjoy seeing more personality from the Houses, that was interesting and getting a bit of origin story. However, this book felt more like an episode of a crime show, with several montages of research. That being said, the ending was satisfying: realistic in that our characters did not lambast other magicians about their evil POV’s in maintaining Shadows, but impressing upon them a world without it."
Laura (crofteereader),1073,56,3,"April 15, 2023",netgalley,,"Howard is a master wordsmith - the sentences flowed, alternating languid and visceral without ever feeling out of reach. Sydney was much weightier as a character here, with her grief and then anger filling the gaps between words. But that weight took away from other characters (namely Mia) who needed to create balance. It made the book feel quiet and very short even though it wasn’t particularly either of those things.Sleight also felt like much more of a metaphor than Unkindness, with many more subtle (and not so subtle) nods to the horrors of reality as we know it like how school shootings are the leading cause of death for kids in the US, like how people will almost always seek an easier path even if it hurts someone else.It was good, but it also didn’t feel like enough.{Thank you Saga Press for the advanced copy in exchange for my honest review; all thoughts are my own}"
Mimi Schweid,456,44,5,"May 17, 2023",,,"I'm an absolute sucker for whatever Kat Howard writes. I've been waiting for this book since I read An Unkindness of Magicians and I'm so happy this is finally a thing I got to read. I'm a big fan of the bittersweet way in which the magic system works in this world. It was fabulous to be back with Sydney and get to read the after affects of the first book. While both give me a stand alone vibe I would love another thing in this universe. My favorite bit of dialogue/scene is from page 97;""A finger bone. Of course it was. ""Now, who do you belong to?"" She hasn't expected an answer, so Harper was a bit astonished when, across the room, another draw slid open.""Harper, a drawer full of bones just opened itself up."" Sydney sounded remarkably calm about the fact, as if finding a skeleton in a self opening drawer was a usual sort of occupance for her. ""They're on too if a sealed file."""
Natalia,4,,2,"April 20, 2024",,,"this book was just boring, and i had very little emotional investment in any of it. it was really plot heavy to the point where all the characters felt boring and unimportant because so little was focused on their feelings/emotions. i felt like everything was written in a way that made all the events seem glossed over and unimportant, so something severely bad would happen to a character or they’d have a massive win and it just felt so anticlimactic that i assumed there was more coming, except that was it. if it wasn’t so short of a read i probably would have DNFed. a 2 star because on a small scale i did like her prose and think she is able to strike a good balance of writing nice sentences without doing too much, but i just didn’t enjoy how the story was written on a larger scale and didn’t find it compelling."
OutOfTheDark,57,1,4,"May 19, 2023",,,"Okay first some negatives, this book treads some similar ground to the first, some story beats are similar and others repeat, this book felt like an after thought like after the first book released they thought oh shit I should have included this and that Making this book feel very mutch like a part 1.5 rather than a full sequel in some aspects (not in all)That being said it was still an enjoyable book, there were some things that felt rushed or glossed over But overall it's a solid read if you liked the first bookI do recommend rereading the first book or having it read recently because it does rely on things from the first for impact, Overall it's not the greatest but it was still enjoyable so I'd give it a 3.9/5"
Kaitlyn,29,,3,"May 30, 2023",,,"I got this book as an ARC and I was finally able to read it after getting to read the first book. I think that the story is great I found it original and interesting. I just found the writing and the plot sometimes hard to follow. There are so many characters and so much back and forth I felt like I had to go back to remember who was who. I also felt like when it got to the good part or the battle scenes or when something tumultuous was happening it was rushed and you are wanting more. The story would be a great movie and I feel reads as a great screen play, just seems a little unfinished and maybe a bit rushed. But honestly a very good book. Original themes, female hero, magic, a little bit of some weird spooky/shadow magic. 3.5/5"
Pam,7979,39,4,"March 3, 2024",sci-fi-fantasy,,"I enjoyed this sequel though I wish I had reread the first book. Readers see Sydney struggling to deal with her life without magic. The sacrifice she made to defeat the House of Shadows is now her reality. However, she discovers that the House is rebuilding itself and as it does, her magic seems to be returning as well. We follow along as she and her friends and other magicians work to figure out how the Unseen World is to survive and to take down the House of Shadows for a final time. New characters join those from the first book and Howard fleshes out their backstories and personalities as the book unfolds.Looking forward to seeing if she continues this world after the climactic victory."
Tracy,343,,3,"June 1, 2023",,,I love the first book and wanted more in that world but I’m not sure what I expected. I was dreading the ending for much of this book because it seemed so against Sidney. I liked the final outcome of the book but the final events happened so quickly that it seemed anticlimactic and unreal. It seemed too easy. I was disappointed Ian didn’t try more sooner; his attempt was good but brief. I wish Sidney and her crew would communicate more with Lara. I feel like the scenes with Lara were good but kind of out of place in the story- unless Kat will use her as a main character for another book in that world now that the Houses are broken up. I was proud of Verenice.
Brandie,82,1,4,"June 21, 2023",,,"I love Kat Howard's writing and I've thoroughly enjoyed all her books so far. This one was good and a fairly quick read but I had 2 issues with it. The first, it has been so long since I read An Unkindness of Magicians that I felt a bit lost. I didn't really remember the characters or the details of what they went through in the first book and that left me feeling like I was missing something. The second is incredibly minor but it's a pet peeve of mine...the word 'unthaw' was used and while it's been added to the dictionary because people kept (incorrectly) using it when they mean thaw, it still bugs me lol. Overall though, I enjoyed this."
Leslie,380,5,5,"August 31, 2023",,,"After the crushing cliffhanger from the Unkindness of Magicians, I couldn’t wait to see how the story progresses in the second installment. When it started out with a sudden and heartbreaking death, it was clear the rough ride would continue. Seeing how the Houses and the archives really abused the magicians was terrified. It was especially intriguing to see that Dahlia’s attempts to strengthen the rebuilding of the House of Shadows included a new form of “sacrifice” of outsiders. And poor Mia!!! Being manipulated and abused to the point where she was too afraid to trust those actually helping her. Very enthralling read!"
Susan K-A,87,,4,"September 3, 2023",,,"Rounding up here. This was a 3.5-3.75 star read. Something about it felt a little disjointed and a little hurried in parts. There was a death that kind of came out of nowhere and should have been grieved a lot more than it was, but barely got mentioned as the book progressed. The big climactic ending battle was over in a blink and I was left wondering about the outcome for the unseen world and looking for more resolution for the characters than we ended up getting. I really hope this isn't to set up another sequel because I don't think it would be necessary and I don't think there is much more to add to this particular story."
Kelsey Rhodes,1029,23,4,"February 10, 2023",,,"3.75/5 stars! This is the second book in Kat Howard's ""Unseen World."" This book picks up shortly after the events of the first story. This is an urban fantasy novel with magic, witches, and sacrifices. This book was a quick read and I found myself missing a few points. But that's my fault for not reading the first entry at the beginning. I'll definitely be going back to read it. I enjoyed Sydney and felt for her struggles. I received an advance review copy for free through NetGalley, and I am leaving this review voluntarily"
USOM,2741,265,4,"April 26, 2023",,,"(Disclaimer: I received this book from the publisher. This has not impacted my review which is unbiased and honest.) More like a 3.5A Sleight of Shadows is incredibly nostalgic. I remember reading An Unkindness of Magicians and falling in love not only with the price of magic, but the ways it is built on exploitation. Rotten to the core. A system which is built upon the sacrifice of unwilling victims. So when I saw A Sleight of Shadows I was so excited. And everything I enjoyed from the first was developed in this sequel.The ways in which we stand by as bystanders in systems of oppression. Or are actively perpetrating these deadly secrets. How just because we can tear the house down without others speaking up, being serious about dismantling that system, we are at risk of bringing it back. Of those who were the ones benefiting, bringing back old habits. A Sleight of Shadows is a story about just that.full review:"
Mary Beth McCauley,66,8,3,"June 24, 2023",,,"3.5/5. I really love the way Kat Howard describes the world she’s created. She has considered every detail and writes about it beautifully. That part is super compelling. The plot itself, though, fell flat in this sequel. It was essentially the same as the first book at its core, with some re-arranged characters. A lot of big events felt skimmed through as well… like a particular character passing away and it only being mentioned in a few sentences? That was upsetting. I don’t think this sequel added anything to the series, but I still enjoyed reading it."
Ry Herman,,39,4,"July 28, 2023",fantasy；urban-fantasy,,"This long awaited sequel to An Unkindness of Magicians has both the same virtues and the same flaws as the original. And to be honest, the repetition of the flaws makes them seem a little more glaring this time around -- like the sometimes stilted dialogue and the lack of any real feeling of danger for Sydney, with the addition of a fairly important character dying without much of anyone seeming to care. But it also retains the beautiful prose and the sharp social commentary that made the first book special. And I did enjoy revisiting the characters and the world."
CallMeSensei,343,28,3,"January 13, 2024",2023-releases,,"I always enjoy Kat Howard's writing style. It was nice to be back in a story of hers.But this sequel was a tad underwhelming in its repetition of plot (very similar to An Unkindness Of Magicians). And it seemed weird that a couple of characters we got to know in the first book came back into the story abruptly and were then removed. I wanted more build up and more emotional stakes. Also, a large part of this plot hinges on a new character that I wish we had got to know better. So yeah, I just needed more."
Hallie Winchell,223,,4,"February 20, 2023",,,"I received an advance reader copy of this novel from NetGalley in exchange for a fair review. I was very pleased with Kat Howard's sequel to ""An Unkindness of Magicians,"" which was exceptional. ""A Sleight of Shadows"" held my attention and was a page turner, I finished it in about 2.5 days! Really well written, good character development and excellent plot devices to bring a new story together without any of the regular challenges facing sequels. Highly recommend this novel!!"
Hallie,339,21,3,"February 22, 2023",,3,"This was interesting, but really wasn't what I was expecting for the sequel. And any pages dedicated to Lara's deal with her House and all that was pretty much a waste I really don't understand. She gave nothing, she didn't move the plot forward."
Charlito,22,,4,"April 23, 2023",,,"Such a lovely sequel. I imagine it’s hard to pick a world back up after a few years, but Howard wrote a story like time never passed. If you enjoyed the writing style and character development in the first, the second will live up to your expectations. The Unseen World is both the same, but looked at through a whole new lens that makes it feel like a totally new story. I thought I knew how it would end, but Howard weaves a story that keeps you guessing while never losing your intrigue."
Kate,1230,15,5,"May 13, 2023",2023；own,,"I pre-ordered A Sleight of Shadows, and this sequel to An Unkindness of Magicians was so worth the wait.It manages to be both an exploration of the ways in which people who profited from horrible institutions will try to rebuild those institutions even if it involves torture, and also a gentle look at rebuilding yourself after trauma.Highly recommended (although you probably want to start with An Unkindness of Magicians, which is also well worth your time)."
Liz,1610,42,3,"July 16, 2023",21st-century；fantasy,,"The story itself was interesting and the question of what it takes to take down unfair systems of power (masters tools etc.) made for a fascinating sequel....and I remembered *nothing* whatsoever about the first book and I strongly suspect that my somewhat desultory response of ""oh, okay, I guess these people are all kind of traumatized"" would have been very different if I remembered their trauma.Brains, man. Brains."
JoJo,311,,,"August 11, 2023",,,"dnf@15% 8/10/23I've reread the first book to prepare for the unexpected release of the second book after 5-6 years later. I'm glad that I still enjoyed the first book, but about 15% into the next installment, I wasn't as engaged and every time I picked it back up, I had to convince myself to continue reading just to finish it. I guess I'm satisfied where the first book ended, and I'm okay with leaving it as a one and done."
Dharshani,731,4,4,"August 16, 2023",,,"4.25/5 ⭐Sydney had better knowledge at the mechanics of the unseen world now that she knows how the fountain of houses were made. But the reader is not made to realize the potential of that knowledge. The ending was so abrupt that maybe for a great magician like Sydney it is easier to do it but not for someone who had been following the story. If only the finale had been grand, I would've loved this even more ☹️"
James Ellis,478,9,3,"September 14, 2023",fantasy；urban-fantasy；zzz-epub,,"I rated the predecessor to this with 4 stars. I wasn't quite as engrossed with the sequel which really did not tread much new ground. It was enjoyable enough for me to finish, and I thought it well-plotted and with well-written characters, but it still did not hit me the same way as the introductory book did.I'm not sure whether or not I'd read another in this series, so a weak 3 star rating for this one."
Stacy,361,4,3,"October 16, 2023",,,"It was just okay for me. I really love Kat Howard's writing and I really loved An Unkindness of Magicians. This one felt like a bit buildup to a very small moment. Not a whole lot seemed to happen, but lots of inner monologues and dialogues between characters. And the climax was just...okay. I'm happy with the way it ended, but the climax just felt lackluster and meh for me. Maybe I was looking for more, I'm not sure. But this one was just...okay. The first book was a lot better."
Sarah ,103,,2,"October 24, 2023",,,"So I won this book from a goodreads giveaway. I got the first book from the library so I would know what was going on. I finished that and was impressed, but not sure what Kat Howard was going to for a sequel. I liked the build up, liked the magic classes, but the ending resolution seemed a bit rushed. This book looks into a lot of human nature. Wanting everything to stay the same but not be responsible for the dirty parts."
Tatiana,47,5,,"October 24, 2023",arcs；giveaways,,"I won this book in a GoodReads giveaway in review for a fair and honest review.I Dnf'd this book at 34%. I loved An Unkindness of Magicians. It was one of my favorite books of all time when I read it. And while I loved it and would have killed for a sequel, a sequel was not actually needed. Unfortunately, this book just was not for me, but I will not critique what I did not like because I don't want to stop anyone else from reading this book and trying it for themselves."
Alex Mezza,71,2,2,"March 4, 2024",,,"Despite the star rating, I just say this book was beautifully written. Literally stunning with its imagery and character studies. Really, the 2 stars is because I felt as though the readers were subjected to plot points which were not earned. You cannot simply kill off characters who were beloved in the book one without providing the correct amount of catharsis. I did not feel this was done, for one of the deaths, AT ALL. It was jarring, and that, in and of itself, was a failure."
Michelle Wolff,239,,4,"February 8, 2023",,,"A Sleight of Shadows, witches, loss, struggle, strength and friendship it has it all.Struggling with the loss of her magic after fighting the corrupt Shadow house, Sydney has to face her fears because it’s coming back. Not only does she have to reface that house she has to face whoever is helping it reconstruct itself.As hard as it is the decisions that have to be made will be they have to be done in order to set the worlds balance back in place.This was a great quick read, i have to go read the first one now"
Ami,1638,46,3,"May 7, 2023",magical-realism；urban-fantasy,,"3.5 starsThis was a solid book and a decent sequel, but it lacks the beauty and charm of the first novel. There was a lot less magic performed in this story and the characters didn't feel as fully fleshed out. Still it was good to be back inside the Unseen World again, if only for a little bit."
Lynne,,11,3,"May 20, 2023",,,While I really enjoyed the principle of this book and it felt like a fitting ending to the story of the first it also felt like an afterthought/standalone that wasn't seeded in the first. I'm probably also colored by the Scholomance series coming out since the first book did which I feel like is a similar take on similar themes but felt more satisfying to me.
Dorkthropology,646,7,2,"May 25, 2023",audiobook,,"I loved the first book, so this was a disappointment.I could very much get behind the plot of ""attempt to upend an awful status quo upsets people in power who benefited from it so they try to go back to the good ol days.""But everything felt lacking and truncated. It didn't have the impact the first did and felt more like a draft than finished book."
Marilyne,33,,2,"May 29, 2023",,,"Sadly, I was not very excited by this book.The writing was great and you can see that the author is talented but it just was not nearly as enticing as the first one.- Ian died and nobody cared (including me)- Verenice died for what ??- The story feels too much like the first one : they need to end the house of shadows, some people don't want to and Sydney saves the day."
Becca,1624,2,3,"July 9, 2023",,,"This was fine, but honestly it would work better to just read the first book (unless it turns out this is setting up for a third book). There's less character development, the plot is weirdly similar, and some of the decisions just make this try and fail at gut punching. It felt kind of disjointed overall."
R,764,2,3,"August 10, 2023",fantasy；fiction；urban-fantasy,,"This is a tough one...An Unkindness of Magicians was so good and felt complete so to come back with a sequel and open the story back up the follow up had to be extra good. Unfortunately A Sleight of Shadows isn't a bad book, but it isn't as good as its antecedent. It falls into the read it if you would like but it is by no means necessary category."
Ayre,1079,41,3,"January 14, 2024",2024,,"This is the type of sequel made for people who want to revisit this world and/or characters. An Unkindness of Magicians worked perfectly as a standalone and this book doesn't really add a lot, its basically the same story told in a different way.But it is well told and is an entertaining way to revisit characters you may have missed."
Jennie Pearl,4,,5,"May 5, 2023",,,It was a neat resolution to the problem posed by the existence of the House of Shadows in the book Unkindness of Magicians. I liked how Sydney unraveled The entire spell creating the Unseen World. I was happy for her. She felt like a real person to me.
Sofia,207,1,3,"May 13, 2023",audiobook,,"I liked the storyline but I felt like it was all done in a rush. There were so many holes in the narrative and nothing was explained at all. All the major points were written down in such a few sentences that they barely registered at all. Such a pity, I loved the first book."
L,51,,3,"May 16, 2023",won,,The beginning was a bit confusing since I had not read An Unkindness of Magicians but as I got further in it made more sense. This is a very interesting concept. The book was good not having prior information but did take a bit to catch on to everything. I won this book from Goodreads.
Kimberly #Audiofile,2412,25,3,"May 20, 2023",,,I feel like this one was a bit of a let down. Compared to the first book I feel like nothing happened. Nothing to report of significance. I do like the characters. I’ll listen to the third installment because I need more.
John Adams,1475,5,3,"May 25, 2023",,,"A good sequel, not treading new territory but going deeper into the questions of how a world founded on injustice resists rebuilding and how someone who sacrificed almost everything in that fight against injustice can continue fighting."
Stanley,505,,3,"August 17, 2023",,,"3.0 stars. Huge letdown, after the (stellar) first book: it felt like that the plot was rushed, almost like the author wasn't trying very hard; sure, the expectations after the first book in this series were very high, but still."
MISS C,41,,3,"April 11, 2024",,,"This felt so lacklustre to me, this reads more like an outline of a story, yet to be fleshed out. I was half convinced I had somehow missed chunks of the book. Such a shame as I really enjoyed ""an unkindness of magicians"" and was looking forward to being back in that world."
Carlos,73,1,5,"April 19, 2023",magical,,Another seamless continuation to the story that originated with An Unkindness of Magicians. Very enjoyable
Lena,255,15,3,"April 27, 2023",2023,,This did not need a sequel ngl
Amy,482,,5,"April 27, 2023",2023-books；4-and-a-half-stars,,"4.5, rounding up for being the story I needed right now."
Carolina Ring,226,4,3,"May 8, 2023",,,3.5 ⭐️
Maria,611,,4,"May 9, 2023",2023,,Good ending. It had its ups and downs but more ups.
Cynthia,242,4,5,"May 11, 2023",,,The sequel I never wanted. I feel so fulfilled.
Leticia,,120,5,"May 13, 2023",,1,"I like the writing and profound themes of this author and this series quite a lot, and I could not give this book less stars than five."
Susan,27,4,5,"May 14, 2023",,,So good.
Pamela,25,4,5,"May 27, 2023",,,This sequel was absolutely worth the wait - perfect from start to finish. ✨
Alanna,1506,42,3,"June 2, 2023",audio2023；library2023,,"Felt a little redundant as the Big Bad returns from book one with the explanation of...""it's back""...and must be fought similarly again, but still good for all that"
♥Xeni♥,1142,78,4,"June 6, 2023",2023-books-read；audiobook；magic,,3.5 stars rounded up.
vee,182,2,3,"June 7, 2023",,,"The themes are good, the possibilities are good, the execution is subpar. Shame."
Maggie Mcdonald,272,3,5,"June 11, 2023",,,Beautiful sequel. Happy to return to this story and it's characters. Great duo of books.
Emily Sullivan,126,32,3,"June 13, 2023",,,Alright.
Jessica Walters,261,3,5,"June 21, 2023",giveaway,,Sydney faced some hard choices. She pretty much walked through hell in these books. The house of shadows is one creepy place. I highly enjoyed this series as of yet.
Jim Skypeck,111,,4,"June 23, 2023",,,An enjoyable sequel and one as good as the original in my opinion.
Eesha Sajid,168,14,3,"June 30, 2023",,,we could have survived without this ever getting published... or written... or though of.
Lara,2569,140,4,"July 2, 2023",urban-fantasy,,I will fight for and defend Mia with my .
Alyssa Stemler,244,,,"July 5, 2023",,,"I don't know how to rate this. I didn't like it nearly as much as the first book, but I am VERY grateful that it exists. I'll probably re-read it and have more to say at some point in the future."
Tiffany,122,,3,"July 9, 2023",,,*3.5
Sara,868,,4,"July 9, 2023",2023；fantasy,,"4 stars. Second book in a duology about warring magicians and warped magic. Things wrapped up a bit quickly, but otherwise I quite enjoyed this book"
Lexi Zil,39,,3,"July 13, 2023",,,Same plot with slightly different moving pieces but very repetitive of the first book. Im glad it was short
Ethan Rahman,8,,5,"July 17, 2023",,,Review coming soon.
Dana,978,32,4,"July 22, 2023",sff,,I enjoyed this more than the first book. Mostly because I knew the characters.
Charley,13,,2,"August 10, 2023",,,Felt unnecessary and the plot was weak/boring unfortunately. I loved book 1.
Bethany McPherson,206,1,4,"August 12, 2023",,,I adore this duology!
virany,313,,4,"August 26, 2023",been-there-read-that,,🪄🪄🪄1/2
David Clark,28,2,3,"August 28, 2023",,,"It’s alright. Rushed, just like the first book, but somehow holds your attention even less. I feel like “Unkindness” should have just been one and done."
Riley,18,29,2,"September 4, 2023",,,2.5 stars
The Inked Reader,894,48,4,"September 4, 2023",2023-audiobooks；finished-series,,"3.75Not needed, but oh well, I like this world and her writing so it was still a pleasant quick audiobook"
Nathalie Morén,167,2,4,"September 16, 2023",,,"3,5⭐️"
Milk,44,1,2,"September 22, 2023",,,A true struggle nut.
Yvette De Haan,105,,3,"September 30, 2023",,,After I liked book 1 so much this was dissapointing. It felt like all the same things from book 1 just happened again and there were too many people to keep track of in such a short book.
Angelo Turello,5,,5,"October 4, 2023",,,An absolutely amazing addition to the unseen world!!
Virginia,111,17,3,"October 5, 2023",,,"I really enjoy Kat Howard's writing - the storyline flows so easily throughout the book, it is hard to put down. I highly recommend!!"
Anna Nesterovich,585,27,5,"December 13, 2023",audio；fantasy；fiction,1,"So here is the thing. Apparently, I shouldn't have been wary of reading the second book after such a great first one. A Sleight of Shadows lives up to the expectations."
Sabrina,292,11,4,"December 31, 2023",fantasy,1,3.5 stars
daniel dillon,164,6,3,"January 4, 2024",,,"It is a solid sequel, but it's a sequel nonetheless. It's worth a read if you were a fan of the first book, but not quite as magical as the first."
Juje,17,,4,"January 9, 2024",,,"I really liked it, but there was a lack of emotional development, and I thought some of the side plots were just abandoned"
Martha Hart,159,1,2,"January 12, 2024",,,Disappointing
Katy,105,7,4,"January 12, 2024",,,"This is a direct continuation of the first book. It had been long enough since I had read the first that I reread it before beginning this, and I think that is the best way to approach this book."
Christine,260,,3,"January 15, 2024",,,Urban FantasyFast-PacedLyrical
Dominique Young,12,,2,"February 6, 2024",,,Such a boring book. Read the first one and thought the second one would be good.. so wrong. 😔
Holly Ristau,1091,9,3,"February 6, 2024",,,"This was a disappointing follow up to an Unkindness of Magicians, but I'm not sorry I took the time to listen."
Michelle,5,2,2,"February 8, 2024",,,Beautiful writing and use of language but a lot of fluff and not enough plot. It felt like it could have been polished more so that the ending didn't feel so anticlimactic and rushed.
Tara,214,,3,"February 29, 2024",2024；audiobooks,,"Not as good as the first, but still such a compelling world"
Cassie Carroll,1,2,3,"March 2, 2024",,,Not as great as the first book.
The Stench,192,5,4,"March 23, 2024",,,"The trouble is, the MC never has to actually struggle. Meanwhile, major side characters are dropping dead to the left and right from their sheer effort."
LaRonda (Flying Paperbacks),371,30,,"March 25, 2024",,,DNF @ 9% — I actually forgot I was reading this and donated it to my library…. book felt unnecessary I’ll keep on believe the first book was a standalone
Follow Franni,160,29,3,"April 9, 2024",,,3.5
Barbara,623,31,4,"June 4, 2023",2023；ebook；fantasy-scifi,1,"I really enjoyed this sequel to An Unkindness of Magicians—it was a wonderful continuation of Sydney's journey. I finished it feeling very satisfied with its new developments, and hopeful of future books with a new character to explore further. The plot was more straightforward than the first book, and I missed having that complexity here. There were also a couple new characters that really needed more development. But in the end, it was a solid follow-up and I thoroughly enjoyed it."
Aashna,72,2,4,"March 11, 2023",netgalley,,I enjoyed an Unkindness of Magicians and A Sleight of Shadows was a great continuation of the story. It was a quick read with some great new characters. I hope that there is a third book in the series which explores what happens with the new characters and and the aftermath of of the events in A Slight of Shadows.Thanks to Netgalley and Saga Press!
Chica,228,6,3,"May 6, 2023",,,"3.5*Not as viscerally compelling as the first one, and a bit unnecessary, but still above average, and I’ll probably read the next one if it comes out."
Petri Saarela,187,13,3,"February 18, 2024",fantasy,,"A Sleight of Shadows is a sequel to a book that I wanted a sequel for but didn't ever really see it coming. Story continues right after the conclusion of the first book - an upheaval has happened and magic works more arduously. Sydney, the all powerful protagonist, has barely any magic left in her. Lots of investigating and political shenanigans ensue.Sequels sometimes have this problem, that the world state has to be somewhat returned to a state similar to the first book - some mask this well, others not so much. A Sleight of Shadows masks this very very poorly. I still loved the world, the style of writing and some of the characters, though I noticed I had forgotten most and never really grasped what their role was in the first book. I think this is a sequel that really didn't need to be done. The story was really uninteresting in on itself - the antagonist basically unchanged. 4 stars for the writing and world, 1 for the story - together rounded to 3, just because I'm feeling nostalgia for the first book."
Hannah,292,24,4,"June 12, 2023",2023；4-stars；books-i-own,,I received a finished copy from Saga Press/Gallery Books via Cassidy Sattler in exchange for an honest review. Full thoughts for both this and  can be read here:
Lyndsay,142,,2,"September 26, 2023",,,"Probably closer to three stars. I enjoyed the first book and still enjoyed this one. But it’s only because it is an interesting world with a good writer. It all felt so……….unneeded? I couldn’t connect emotionally to anyone, didn’t quite sense the urgency. That’s a me problem, though."
Rozina,209,46,3,"February 6, 2024",,,"’𝐈𝐧 𝐂𝐞𝐧𝐭𝐫𝐚𝐥 𝐏𝐚𝐫𝐤, 𝐭𝐡𝐞 𝐛𝐨𝐧𝐞 𝐭𝐫𝐞𝐞𝐬 𝐰𝐞𝐫𝐞 𝐬𝐩𝐞𝐚𝐤𝐢𝐧𝐠. 𝐄𝐚𝐜𝐡 𝐭𝐫𝐞𝐞 𝐭𝐨𝐥𝐝 𝐢𝐭𝐬 𝐨𝐰𝐧 𝐬𝐭𝐨𝐫𝐲, 𝐞𝐚𝐜𝐡 𝐢𝐧 𝐢𝐭𝐬 𝐨𝐰𝐧 𝐯𝐨𝐢𝐜𝐞, 𝐭𝐡𝐞 𝐬𝐨𝐮𝐧𝐝 𝐨𝐟 𝐰𝐡𝐨 𝐭𝐡𝐞 𝐭𝐫𝐞𝐞 𝐡𝐚𝐝 𝐛𝐞𝐞𝐧 𝐢𝐧 𝐥𝐢𝐟𝐞. 𝐒𝐨𝐦𝐞 𝐬𝐢𝐦𝐩𝐥𝐲 𝐰𝐞𝐩𝐭, 𝐬𝐨𝐫𝐫𝐨𝐰 𝐠𝐢𝐯𝐞𝐧 𝐫𝐨𝐨𝐭 𝐚𝐧𝐝 𝐠𝐫𝐨𝐰𝐭𝐡. 𝐎𝐭𝐡𝐞𝐫𝐬 𝐬𝐩𝐨𝐤𝐞 𝐭𝐡𝐞𝐢𝐫 𝐧𝐚𝐦𝐞𝐬 𝐨𝐯𝐞𝐫 𝐚𝐧𝐝 𝐨𝐯𝐞𝐫, 𝐚𝐬 𝐢𝐟 𝐭𝐡𝐚𝐭 𝐨𝐧𝐞 𝐭𝐡𝐢𝐧𝐠 𝐰𝐚𝐬 𝐚𝐥𝐥 𝐭𝐡𝐞𝐲 𝐡𝐚𝐝 𝐥𝐞𝐟𝐭 𝐭𝐨 𝐜𝐥𝐢𝐧𝐠 𝐭𝐨.’𝐔𝐧 𝐔𝐧𝐤𝐢𝐧𝐝𝐧𝐞𝐬𝐬 𝐨𝐟 𝐌𝐚𝐠𝐢𝐜𝐢𝐚𝐧𝐬 was a fantasy book that I discovered randomly and that I absolutely loved! Imagine a story with adult magicians and a deadly magical competition, where there is only one survivor. It was so good!When I heard a sequel is coming out, 𝐀 𝐒𝐥𝐞𝐢𝐠𝐡𝐭 𝐨𝐟 𝐒𝐡𝐚𝐝𝐨𝐰𝐬, I was so excited to read it! The feeling didn’t last much, and in the end, I felt it was unnecessary to have this story. This book was made mostly out of dialogues. I felt the plot was completely missing, leaving the impression it was a framework of a story, unfinished. I still loved the idea of a magical system and that the house of a magician was humanised, but it didn’t bring something new compared to the first book.I needed more magic and action. I just needed more!"
Kristin,160,,4,"June 23, 2023",fantasy；fantasy-contemporary,,"It was unfortunate I'd read the previous book so long ago, as it kept throwing names at me that I should have known but frankly just didn't remember. I did try to read a summary, which helped somewhat, but I still felt somewhat lost at the beginning.I did appreciate that the whole thing didn't just end because the house got destroyed - there was a reason the system was in place, people had benefitted from the system even if it had some horrific consequences, so it did make sense that it would make a return. I appreciated that the villainess (main) acted in a way she thought was not only reasonable, but necessary, and that she had her own hardships and feeling like people were cowards, etc., rather than all smooth sailing. She considered herself completely justified and if only people would listen and understand then everything would be great again!I also really felt Sydney's agony and desperation when it came to both the return of the house and the loss of her magic. You really felt how essential a part of her the magic was, and how bereft she felt without it as she struggled to get it back. Until it all came back lol. I also really liked the kids from non-magical families learning, and the excitement and desperation of the main girl (I forgot her name, I am really bad with names) wanting to learn and getting the truth but one side of the truth as she gets placed in nominal charge of the house. Some of the imagery/creativity was interesting too, like with the bone trees, etc.I will say that while I felt some shock when the main dude died, that was really the only emotion, I didn't actually care that much - this may have been because of the length of time since I read the previous book.Overall I thought it was good but not great? Like I enjoyed reading it, but in another couple of years it will not have left much of an impression? That sounds worse than I feel, though."
Lacey B,69,,4,"December 28, 2023",,,"I loved the first book, I liked this book. The only reason it gets 4 stars is that it's riding on the coattails of An Unkindness of Magicians. This book was completely unnecessary to The Unseen World as a whole apart from breaking my heart with the loss of my 2 favourite characters."
Gisele,282,37,4,"June 16, 2023",fantasy；urban-fantasy,2,"Even though I enjoyed this reading a lot, I understand everyone who said this sequel was unnecessary. the House of Shadows destroyed and the other Houses facing the consequences. Many magicians are unhappy with the fact that now they must pay the price for using magic, and some of them are decided to bring House of Shadows back. I liked how Laurent was able to fulfill his dream of creating a school for young magicians, kids who didn't knew they had powers like him (even though he accomplished it too easily, in my opinion). , and I mean it in the way that Sydney didn't want to destroy just one person, she wanted to destroy a whole SYSTEM, and things like that are really hard to do. So, it makes sense that it wouldn't be easy and that other people would want to go against her and maintain this system of exploitation. The new villain has no charisma, no appeal at all. All the villains from An Unkindness of Magicians had an excelent character development, each one fleshed out with their own particularities and their reasons to be how they were, and I didn't feel it here. She just felt the typical generic villain. and just repeated some stuff from book 1 (again with House of Shadows being a threat, again with rich magicians wanting to keep their legacies back).That said, even though I felt like I was reading a book that didn't add up much to the whole universe the author created, I sill enjoyed it, since I absolutely love these characters."
Tayler Hensley,10,2,3,"August 25, 2023",,,"Spoiler warning...3.5. In this book we see Sydney struggle with the loss of her magic and shadow. Magic was her life, but there is hope for her as she can still light a candle and maybe gain her magic back eventually. I thought about the loss of her shadow and it reminded me of Peter Pan losing his shadow. There was a reference in the next chapter of his shadow being sewn back on. I really liked that being reference for Sydney's shadow as it was a big part of her and her magic. As the book goes on, the houses and magic have changed and everyone is noticing it. Sydney wants to to completely get rid of House of Shadows as it is rebuilding itself and she's doing her best to get her magic back. We meet Mia who is welcomed to the Unseen World. Magic was important to her and becoming a big part of herself and life. And you can see from the start Dahlia has ill intentions, not just with magic and with House Shadows, but for Mia too as she talks to her. Sydney does get a shadow at the cost of Verenice sacrificing herself by making a shadow and stitching it onto her. Now, Sydney has her powers back and makes a deal to end House Shadows for good. It's sad though that someone close to her had to die for her to get the shadow and magic back.Dahlia challenges Grace in House Prospero (Sydney's House - she named Grace heir.) for leadership. Sydney steps up and Mia is being used to represent House Morgan. But Sydney ultimately saves Mia with a spell that takes Mia's magic away and the Unseen World becomes broken. Overall, I liked this book. I felt like it was just missing something like I got with the first book. I don't know how I feel about the ending of someone else having to lose their magic like Syndey had lost hers even though she tells Mia she will help her try to get it back. And I don't know how to feel about Sydney being worried that someone might make new spells to make a new Unseen World. It almost felt like this is an unfinished series and a book 3 might bring an absolute ending at some point. This ending left a lot of things open for me. I like Kat Howard's writing style and will like to see what they write next and of there will be a 3rd book."
Marisa (Mirroredpages),651,47,3,"June 17, 2023",3-and-half-stars；own-hard-copy；read-in-2023,,Actual Rating: 3.5 stars
