Reviewer,Review Count,Followers,Rating,Date,Tags,Likes,Content
Tracey Thompson,385,45,5,"February 20, 2023",,6,"If you’re not already familiar with Sarah Pinkser’s work, then heave yourself out from under that giant rock, and brace yourself. Lost Places is Pinsker’s latest collection of stories, all of which are beautiful in their own way.The collection starts with Two Truths and a Lie, Pinsker’s amazing Nebula and Hugo-winning novelette, about a strange, half-remembered TV show. There’s a reason why it’s so popular, it’s a wonderful story. You’ll also find another of Pinsker’s award-winning stories, Where Oaken Hearts Do Gather, an incredibly clever tale about the origins of a folk song.Pinsker summons an entirely believable New York history in I Frequently Hear Music in the Very Heart of Noise. No spoilers, but I was genuinely shocked to find one of the characters wasn’t real. Pinsker is a real master of creating entirely believable fiction. Another historical story in this collection is A Better Way of Saying, where a young man finds an uncanny ability to change stories while narrating silent movies. There are two stories especially that stood out as incredibly hopeful, and both revolved around the friendship and empowerment of young women. In Everything is Closed Today, girls unite in a love of skateboarding, and channel that confidence into something bigger. And in Science Facts, a troupe of Girl Scouts find a connection in something strange. As a woman, and a mother, these stories brought me so much joy, and captured the magic of girlhood so beautifully. If you’re already a fan of Pinsker’s work, and you’re familiar with her heartbreaking story Remembry Day, prepare to have your heartstrings tugged anew with Remember This For Me, a story about an artist with a dementia-like illness, and a very unique muse.Some of these stories have appeared in publications already, but to read the stories altogether is a reminder of just how talented Pinkser is. No two stories are alike, and they are all magic."
Bill Hsu,844,167,3,"August 1, 2023",,6,"I love the theme of ""Two Truths and A Lie"" (the deceptive and unreliable nature of memory), but the treatment is a bit chatty and longwinded for my taste. I can totally see Nick Antosca adapting this for a season of Channel Zero (in fact, the first season is about a creepy kid's TV show).I also enjoyed ""That Our Flag was Still There"" and ""The Court Magician"" (the latter has a different title in the publication history section). ""Where Oaken Hearts do Gather"", a literary quest/folk horror narrative told through internet forum posts, is probably my favorite.The rest of the collection is very diverse. While I usually appreciate the ideas (for example, the  in the last story), many of the stories seem IMO to be oddly underdeveloped.[2.5 stars, rounded up generously to 3]"
Sarah Sammis,7440,243,5,"February 24, 2023",exwishlist；read-in-2023；review-copy,4,"Lost Places by Sarah Pinsker (2023) is a collection of science fiction, fantasy, and horror short stories that take ordinary seeming situations and inject one wrong thing into them to explore various aspects of the human condition.The stories are:Two Truths and a LieAnd the Flag Was Still ThereI Frequently Hear Music in the Very Heart of NoiseEverything is Closed TodayLeft the Century to Sit UnmovedEscape from Caring SeasonsA Better Way of SayingRemember This For MeThe Mountains His CrownWhere Oaken Hearts Do GatherScience Facts! These stories have a similar tone to T. Kingfisher's novels. The characters and situations are for the most part ordinary and relatable. But then as the stories progress details are revealed to turn the recognizable into the uncanny.Normally in these reviews I would talk about my favorite stories. Here, though, I honestly can't pick. They all kept me turning pages. I think this is the first book of short stories that gave me a book hangover when I finished the last page."
Caitlin,421,2,5,"August 19, 2023",,2,Great collection. Her short stories are some of the best out there. This collection definitely had some more horror-y vibes than her last collection did; I loved it.
Aurora,24,1,5,"September 17, 2023",,2,Every single one of these stories was a. cool b. original c. has that je ne sais quoi.... can't wait to reread these in a few years
jasminks,192,,4,"February 23, 2024",fantasy；horror；lgbtq,1,"What a great collection! I feel like this is the best I’ve read by Pinsker, or maybe her style and stories are just really starting to grow on me the more of them I read :) But I do seem to prefer her short fiction to the couple full-length novels I’ve read so far.All twelve stories here were interesting, and the collection admirably versatile as a whole. There were both fantasy and science fiction / speculative fiction here, even a couple stories clearly on the horror-end of the spectrum. What I liked especially in many of the tales were the endings! They felt clever, surprising even, and somehow pleasingly mysterious and open-ended in many cases. Additionally, the tones and undercurrents were generally warm and kind, and all twelve tales topical, with important messages.***Favourites:- ⁠Science Facts! (This especially was bordering on horror/scary! Loved the ending!)- ⁠Where Oaken Hearts Do Gather- ⁠Remember This for Me- Escape from Caring Seasons⁠Good ones:- Two Truths and a Lie- Left the Century to Sit Unmoved- ⁠The Mountains His Crown⁠- ⁠The Court Magician- ⁠Everything is Closed TodayLeast favourite of the bunch:- That Our Flag Was Still There- A Better Way of Saying- ⁠I Frequently Hear Music in the Very Heart of Noise (I liked the ideation, but reading this (and similarly part of A Better Way of Saying) was kind of tedious because it seemed for the most part like a lot of long lists of names of people and places, and also American/New York City’s/show business’s/…? history, which I’m not familiar with, which in turn probably made me miss points and puns and background to properly enjoy the story.)***All in all a very enjoyable read! Would heartily recommend! <3"
Justin,547,5,5,"December 27, 2023",,1,"Rounding up from 4.5 starsSarah Pinsker is back with her second story collection and each one is at the very least quite good. She writes with variety in settings and tone and approach and always gets at something in the human condition. I realize none of that makes this sound appealing, but it's late on Dec. 26 and I'm tired. Let's see if I can try again. These stories are about small rebellions, finding oneself, retaining dignity in the face of something overwhelming, and more. She even gets in a story dealing with music a topic which her excellent novel A Song for a New Day is concerned with. If you've never read her, this is as good as place as any to start."
Haley Wasserman,45,1,4,"August 3, 2023",,1,3.75 rounded up. What an imagination Sarah Pinsker has!!!
Aurora,72,11,3,"December 29, 2023",,1,"I read Two Truths and A Lie back in 2021, and I really enjoyed the story, so when I saw this short story collection, I was of course interest in reading it.This collection features twelve short stories, set in different times, some stories are more sci-fi while others are more contemporary or historical. They all have this slightly off/surreal vibe to them, some more than others. The highlight for me is Two Truths and a Lie, although Science Facts! comes very close.  is a surreal horror story about a woman who returns to her hometown where she starts to look into a creepy TV show from her childhood with unexpected results. I love the way the mystery is tension is build up in this one, the first time reading it the ending really caught me by surprise, I loved it. Then there’s  which follows a group of six girl scouts and their two leaders on a backpacking trip deep into nature, it explores their sense of self as well as their social dynamics, and the strange event that unites them as a group. Another story that I really enjoyed was , about an old woman with dementia whose only consistent anchor in life is her Muse, who inspires her to keep painting.  was also great, I didn’t expect a bit of folk horror in this collection! In this one, a small group of people discuss the meaning of an English folk song 'Where Oaken Hearts Do Gather' on an online message board, while also talking about the mysterious disappearance of the man who visited the town where the song possibly originated.There’s also the stories that I didn’t dislike, but also didn’t leave a big impression. I think  was pretty good, but the character’s reasoning for jumping into a dangerous pool of water felt lacking to me.  is a hopeful story, set in a time when everything in America has been closed down (sound familiar?), although we never learn exactly why. I liked it, but it didn’t grab me.  is like a cautionary fairy tale, about a young man who learns the truth about magic, and its costs. I liked this one, but I didn’t care too much for the main character.Then there are the ones I didn’t like.  is a dystopian story where every day one person is chosen to be the American flag for the day. I found this rather silly, and it’s not very subtle. The ending is also abrupt, cutting off before one character is about to rebel against this tradition. I also didn’t like , a story about two women living in some type care community, where their lives are completely controlled by a health-based algorithm and a health/social point system. A large part of the story focuses on one woman’s escape to save her partner, which featured a lot of walking and talking to drones, which wasn’t very interesting to me. Then there’s the last three stories I haven’t talked about and haven’t rated. I honestly just could not get into these stories, maybe I wasn’t focused enough, but in the end I decided to skip them. Maybe I’ll give them another chance another time.Lost Places is a bit of a mixed bag for me, and I find it hard to rate. There’s four stories I love, but also plenty I didn’t like as much. I’ll definitely keep an eye on her more surreal/creepy stories in the future, and just skip the speculative ones. (Rating: 3.5 stars)Two Truths and a Lie - ★★★★That Our Flag Was Still There - ★★I Frequently Hear Music in the Very Heart of Noise - //The Court Magician - ★★★Everything is Closed Today - ★★★Left the Century to Sit Unmoved - ★★★Escape From Caring Seasons - ★★A Better Way of Saying - //Remember This For Me - ★★★★The Mountains His Crown - //Where Oaken Hearts Do Gather - ★★★★Science Facts! - ★★★★"
Kaia,443,,4,"June 21, 2023",2023-tbr-cleanup-challenge,2,"Another great selection of stories by Sarah Pinsker! I had read a few of these already, and most of them were previously published elsewhere, but there is one completely new story, “Science Facts,” which was one of my favorites from the collection. The ones I liked the most were:“Two Truths and a Lie” - I had read this one before, and it is good but very creepy / disturbing“Everything is Closed Today” - hopeful choices made during a lockdown“Escape from Caring Seasons” - I seem to have a soft spot lately for stories with spunky old woman protagonists :-)“Science Facts” - summer camp trip becomes complicated"
David,51,,3,"July 17, 2023",,1,"Two Truths and a Lie. Read a few years ago — I didn’t reread, but I remember liking it a lot. That Our Flag Was Still There. ⭐️⭐️. Dystopian short story where a drugged person represents the US flag for a day on a pole at the Capitol. Lots of the detail feel unconvincing, and seems predictably lazy that one brave soul dares to speak truth to the system. I Frequently Hear Music… ⭐️. Travel guide for New York hotels focusing on 1920s cultural figures, with lots of invented detail. A deeply nostalgic piece that requires an in-depth knowledge of the period to appreciate. I did not finish it — not only does this kind of nostalgia rub me personally the wrong way, it also seems pretty antithetical to the New York spirit. New York is about now, not has-beens. The Court Magician. ⭐️⭐️⭐️. A magician learns true magic, and in so doing gives up more than he expected to fulfill his master’s orders. This story was better — the central experience of the protagonist speaks to what we give up to get what we want in systems not of our choosing. Everything is closed today. ⭐️. Our protagonist, a brave part-time library aide, fights unjust and irrational society-wide closures by organizing a protest with teenagers she teaches to skateboard. Pretty tedious after the setup in the first few pages. I only skimmed the last half, where the teenagers are predictably won over by our protagonist’s secret coolness.The piece feels just like the initial Covid shutdowns, so it’s pretty surprising that it was initially published in 2019. It’s interesting to see how differently these closures are politically coded now. Pinsker’s liberal politics come through very clearly— a library branch “did everything for its neighborhood that the community didn’t have,” and we even get the old mantra “think globally, act locally” when one character complains that “there’s something seriously wrong on a national level… But I think the answers will probably be local.” But the shutdowns are represented as authoritarian overreach in the story (completely unjustified, just edicts from above), and so her good liberal stand-in vigorously fights them. It’s all very different from the actual Covid shutdowns, which tended to be supported by good liberals. Left the Century to Sit Unmoved. ⭐️⭐️⭐️1/2. Very short. People sometimes disappear when they jump into a pond; our protagonist and her friends jump anyway. Stronger piece, with convincing psychological exploration of the reckless and apparently pointless behavior. I wouldn’t jump. Skipped Escape from Caring SeasonsI previously read A Better Way of Saying and didn’t like it. Remember this for me. ⭐️⭐️. Elderly artist with dementia paints and attends a retrospective; dementia here treated as a Muse, who gives images and takes away memories. I didn’t get much from the verbal descriptions of the art, but the sympathetic treatment of dementia is kinda interesting. The Mountains His Crown. ⭐️⭐️⭐️. Rural peasants suffer from the arbitrary edicts of a distant monarch. A lot of the details are fun here, as well as the gradual revelation of the larger picture.Where Oaken Hearts Do Gather. ⭐️⭐️⭐️. Crowdsourced annotations on a folk ballad. Fun gimmick, good horror, still feels in the end a bit anticlimactic. Science Facts! ⭐️⭐️⭐️⭐️. A group of teens go on a hiking trip with a substitute chaperone; they experience more than they expected. This one was pretty fun; I liked the inset stories of what might happen to this trip more than the final denouement, to be honest.Overall ⭐️⭐️⭐️. I prefer her stories that play more with storytelling; they're a little more unpredictable. The dystopic & nostalgic ones seem a bit paint by numbers."
Christine,6857,525,4,"January 8, 2023",disability；diverse-and-women-authors；fantasy,7,"Disclaimer: I received an ARC via a Librarything giveaway.	Can I just say, I love the fact that Pinkser has older women as heroines in some of her short stories?	I am also very disappointed that I cannot find anything about a composer called Bess Morris and I know think that Pinsker just made her up and I am so disappointed. But Pinsker made her up well enough that I didn’t think she was made up so that is really writing talent right there. You know what I mean?	Of this collection, I had only read one story before. That was “Everything is Closed Today”. When I first read it, it was before the pandemic, so it hits a little bit differently now. It is still good. 	My favorite story in the collection is “Escape from Caring Seasons,” and in some ways I kept thinking of Sophia and Shady Pines from the Golden Girls. But what Pinsker does is address the idea of control that AI and devices can have over us. The ending is quite good. Zora is a particularly believable character, and it really does feel like you are right there with her.	It was also strange to read “That Our Flag was Still There” while the multiple votes for Speaker of the House occurred. Pinsker short story is about real values versus the fake patriotism that so many politicians and other people claim as their own. The use of opiates for the masses also appears in this story, and it works because it could happen. You can see it happening.	The collection kicks off with “Two Truths and a Lie” which relies mostly on atmosphere to gets creep level on, but it works extremely well. That sense of menace is slightly present in “Left the Century to Sit Unmoved”.	A few of the stories in the collection, for instance ‘Escape from Caring Seasons” mentioned above deal with the issue of technology and the potential damage and sapping of free will that it can cause. It makes some of the stories in the collection to be particularly cautionary tales, it not outright fables. But Pinsker also experiments with style. For instance, “I Frequently Hear Music in the Very Heart of Noise” is in part a love letter to New York, a love letter to music, and a mediation on hotel culture. “Where Oaken Hearts do Gather” is a rather interesting look/take on a famous ballad told in an interesting way.	The one that is the most moving but least magical in terms of what defines fantasy and sci-fi for many people is “Remember This for Me” which is beautifully told with a mixture of humor and grace."
Dan Trefethen,912,44,5,"May 12, 2023",collections-single-author；fantasy；science-fiction,,"Sarah Pinsker writes wonderfully strange but affecting stories. Some of the stories remind me of Kelly Link (but not as ambiguous), Howard Waldrop, Elizabeth Hand, or Ursula Le Guin. I'm not saying she's emulating them, but I get the same feeling from her stories as I do from some of theirs. For instance...'Two Truths and a Lie' is about an old children's show on the local public television station, which is creepy as hell to the protagonist but others (including her parents) don't remember it that way. She's not the only one in the story who becomes mesmerized (possibly even obsessed) by her memories of the show. Very Waldropian.'The Mountains His Crown' is about two women who suffer the whims of the emperor to dictate their (non-edible) crops to help form a picture of him that can be viewed by airship. Their family faces starvation unless they can get him to change his mind. They have to be subtle about it, though, and crafty. Throughout, they are aware that they are putting their family at risk. Very LeGuinian.'Where Oaken Hearts Do Gather' is an epistolary story of sorts, with folk song aficionados exchanging online commentary about the origins of the titular folk song. The unsettling factor creeps up on you slowly through the exposition of the song's verses and variants. Reminds me of Hand's 'Wylding Hall' in subject and in narrative technique.'Science Facts!' has a Girl Scout group on a weeklong hike, encountering strange things in the woods that perhaps change their collective lives forever. Very Linkian.'That Our Flag Was Still There' is a dystopian story about patriotism run wild, with a certain amount of body horror that any number of current horror writers would be proud of.And finally, I had to look up the publishing history of 'Everything is Closed Today'. Published in May 2019, it anticipates the closure of society (due to possible terrorism in this story), and the isolation and difficulty of paying for food and rent when you can't work. A story about resilience. A similar theme to her novel, 'A Song for a New Day', published September 2019. Science fiction writers aren't really supposed to predict the future, but this comes eerily close.A very strong and varied collection, and I expect it will be up for some awards, as many of the stories herein were, with at least a couple of award winners (''Two Truths' and 'Oaken Hearts'). Her previous collection won the Philip K. Dick award for best original paperback book of the year, and I can see this one being in contention again."
CJ Tillman,170,2,5,"July 22, 2023",,,"There are a couple stories that didn’t do it for me, but the majority are really good and the best ones are honestly some of the best short stories I have ever read. A few ones I loved to death:Two truths and a lie: this was actually my introduction to Pinsker and remains a standout in her work. It’s both creepy and believable and the ending is really fantastic. That our flag was still there: where the US has people be a placeholder for the flag instead of an actual flag. This one felt like a George Saunders short in all the best ways. So unnerving, but the thought process behind the human flags (that the flag representing the people has to in turn be represented by a person) is terrifying but fascinating. The Court Magician: kind of fairy tale adjacent story where a street magician is selected to be the court magician, where he is taught actual magic words. While he has no clue how, The magic itself works, but at a cost to the magician. The themes of search for truth are explored really well in such a short story. Remember this for me: an aging artist who is plagued/blessed with a muse that takes away memories as payment for inspiration. The use of a “dementia” patient as the protagonist works really well and the ideas about how the muse is a collaborator not a puppeteer was cool. Sacrificing all things for art is a common theme, but it’s done really really well here. Where Oaken Hearts do Gather: probably my favorite of the bunch! It reads like a message board for a site explaining lyrics/mythology behind songs. The song in question is a terrifying old mythical folk song about a lovers tryst that takes some wild turns. This story has everything I love about short fiction: interesting format (but still a coherent story and characters), a subtle backstory happening between the lines, and some really really creepy imagery. The way they commenters go back and forth breaking this song to pieces and analyzing it to the most minute detail provides for some amazing thoughts. The song in question itself is so perfect for this kind of analysis. Seriously this story was flawless! Like some modern day Borges or something!"
Jay Brantner,356,21,5,"July 30, 2023",2023-release,,"Having read about a third of these stories before, I was a little disappointed that none of the remaining two-thirds exceeded what I’d already read. That said, Where Oaken Hearts Do Gather gets better every single time I read it, and this collection has basically zero weak spot. I Frequently Hear Music in the Very Heart of Noise is a bit meh from a story perspective (it’s mostly just a vaguely fantastical rundown of all the great artists who have lived in New York City), but it’s beautifully written. The rest of the collection is pretty much a 4.25-star machine. And I say that as a compliment.A Better Way of Saying? Lovely period piece with a nice ending. Escape from Caring Seasons? A medical dystopia that goes a couple layers deeper than I expect from dystopian short fiction. Science Facts!? Atmospheric and creepy. Left the Century to Sit Unmoved? Gorgeous title, interesting take on urban legends and the uncanny. Everything is Closed Today? Fascinating pre-pandemic take on finding something to do (and organizing for good!) during a lockdown. Remember This For Me? Fantastical take on dementia, really compelling. The others that I haven’t mentioned? Solid four-star stories (except Two Truths and a Lie, which is one of the ones I’d already read and is a well-deserved award-winner). If a quarter of the collection is great, more than half of it is very good, and all but one story is a solid four-stars, that’s a five-star collection for me, even before you talk about the thematic resonance between so many stories that explore the uncanny—not in outright horror, but perhaps a little Twilight Zone vibes. We see that four or five times, and they hang together quite nicely. First impression: 18/20. Full review to come at"
C,817,3,5,"November 18, 2023",favorite；short-stories,,"I love a short story collection like one that Sarah Pinsker delivers -- when it is sci-fi/fantasy/speculative, these stories can go anywhere, do anything, limited by nothing. Usually, the only problem I end up with some of these stories is that they aren't long enough to reward me with the full, rich detail that I wish for as a greedy reader. The ideas are so good, but the stories are sometimes a few pages, so you are really only getting the idea. Again, this could be a perfect story for the WRITER, with the intent of planting that idea in the reader's head, but yep, greedy reader here. Most of these actually seem complete to me, but also so compelling that I wish there were more to them! At the same time, it's why I love speculative short stories - that they can contain unique ideas without needing to be an entire novel. The stories here are immediately engaging and immersive, chock full of great out-there scenarios. On a sentence level, very rich and detailed. For example, Douglas Fairbanks shooting a man with an arrow from atop a building in NYC (really happened) -- but Pinsker giving this real event a spin of her own. One story reads like it's a website with comments of fans analyzing the lyrics of a mysterious old ballad. I'm a huge fan of Pinsker's first collection 'Sooner Or Later Everything Falls Into the Sea', and with this collection, I can add a few more favorite stories to the pile. I think both of these collections aren't to be missed if you like speculative and weird short stories. I know I will be reading whatever words Sarah Pinsker throws out into the world and I will also definitely check out her music soon."
Melissa,288,3,,"February 28, 2024",,,"her contagious enthusiasm for story in all its forms – not just short stories, fables, and fairy tales, but tacky old kids’ TV shows, improvised campfire tales, urban legends, mysterious ancient ballads, fading memories, even compulsive lying. In fact, it’s almost misleading to claim there are only twelve stories here, since the lead story alone, the Hugo and Nebula winner “Two Truths and a Lie”, embeds whole shards of other tales: the habitual fabrications of the protagonist Stella, the shad­owy backstory of the hoarder whose massively cluttered house she agrees to help clean out, most of all the cryptic tales told by the creepy Stella appeared on as a child. While the story joins the small but interesting tradition of fic­tion about what we might call crypto-TV – other examples come to mind from Elizabeth Hand, Kelly Link, and Daniel Pinkwater – it opens up in unexpected ways that have nothing to do with nostalgia. Another story with a classic Twilight Zone vibe concerns a group of campers who return from a hike to find they’ve been gone for years and long considered missing – only this one is told by a character in another story, “Science Facts!” (original to this collection), which is about – well, a group of campers, who are unnerved by such tales told by the clueless drama teacher recruited at the last minute to be one of their counselors. Both “Two Truths and a Lie” and “Science Facts!” also feature characters more or less literally taking root, suggesting that stories, like the rhizomes that Pinsker alludes to in both tales, may be connected in hidden ways."
Angie,486,37,4,"March 10, 2023",short-stories,,"These lovely, slightly speculative stories cover a wide range of themes, topics, and even genres. The stories in this collection were uniformly strong, but my favorites were:""Two Truths and A Lie"" about a woman who finds old VHS copies of a local TV show from her childhood. This one was menacing and foreboding.""Escape from Caring Seasons"" a technologically advanced housing complex for seniors, a resident who escapes, and a drone she encounters This one was creepy but realistic with an unexpected ending.""A Better Way of Saying"" a boy hired to speak the cards in silent movies discovers an ability to alter the stories slightly--which also bleeds into real life""That Our Flag Was Still There"" a disturbingly (enforced) patriotic futuristic society where the flags are human symbols""Remember This For Me"" an artist with dementia, her career retrospective, and her artistic muse""Where Oaken Heartes Do Gather"" a folk song ballad told through its Wiki ""Science Facts"" a group of campers on a hike encounter something mysterious and my favorite story in the collection was ""Everything is Closed Today"" . After a mysterious threat closes everything down, including communication, a librarian starts teaching the young girls in the neighborhood into skateboarders -- and activists."
Steve,27,2,5,"April 20, 2023",,,"My preorder of this book came in weeks early, and I jumped right in. I first became a fan of Pinsker with her eerily prescient , followed by her collection  and then her forward-looking novel . is the second collection of Pinsker's shorter stories. Some of them I had seen before, including the haunting  and the hilarious sendup of online academia, , but others were new to me.  suggested to me both of the days after 9/11 but also the current world.  reminds us that the price of success may be too much to bear. Both  and  reflect on how we treat our aging.  is first published here and recounts the spooky happenings at a girls' camp outing.Each of the stories are different, but all bend reality in one way or another. I was a bit puzzled by , but it too was a reality-bender. Sarah Pinsker is a fabulous author and I have enjoyed everything of hers I have read."
Jesse,419,7,4,"May 30, 2023",,,"Small Beer Press must solicit, or there's a mutual attraction with, writers like this--people with an idiosyncratic vision and an intrinsic generosity and warmth of worldview. There are a couple of Trump-/pandemic-era stories whose allegories seem pat and the hopeful resolution nice to dream with, but not surprising--though the queer-positive skater-girl rebellion, the dystopian public-spectacle patriotism, and terrors of the horrifically optimized eldercare facility all move with an energy and gusto that makes them worthwhile. Otherwise, there are two parables about art as possession, including an optimistic(?) crypto-Lovecraftian(??) literalization of the metaphor of the muse, and a fab couple of stories set in Yiddish NYC a century or so ago, one of which leans genially magic-realist. (Would read a novel set here. Just saying.) Oh, and the folk horror through the debates on Genius annotations of a trad folk song, and a couple of others. Which leaves the award-winning opening, which fully lives up to the multiple honors bestowed on it, and the equally impressive closer, which I don't want to spoil, so think maybe "", but not as dark, and also druids."" Highly recommended, and glad I ordered her first book at the same time I ordered this one."
Abigail Melchior,83,2,5,"May 3, 2023",,,"I went wandering and discovered lost places. This short story collection by Sarah Pinsker has range and there is something for everyone. Dystopian futures, mysteries with supernatural twists, sentimental dramas, and even the bizarre.What I enjoy about short stories is they condense everything I love about novels - suspense, emotion, humor - and amplify it, leaving me with that WHOA feeling. If a novel is a cocktail, sipped and savored, then a short story is a shot of tequila, fast, strong, and leaving you reeling. These stories are so excellent though I actually did try to savor them. I gifted myself one every night before bed as my reward at the end of the day. It's almost hard to pick favorites, but some standouts for me were ""That Our Flag Was Still There"", ""Left the Century to Sit Unmoved"", and ""Remember This for Me"".This is absolutely recommended reading for anyone who enjoys short stories. But I would also recommend it as a great choice for readers that are new to short stories as a thrilling collection to step into the genre."
Hannah,115,6,5,"September 22, 2023",,,"in hindsight, the stories that stand out as my favorites are Two Truths and a Lie, That Our Flag Was Still There, Left the Century to Sit Unmoved, and Remember This For Me. also Where Oaken Hearts Do Gather and Science Facts!, but that may be a recency bias. my ratings as I read: Two Truths and a Lie - 5 stars That Our Flag Was Still There - 5 stars I Frequently Hear Music in the Very Heart of Noise - 3 stars The Court Magician - 4 starsEverything Is Closed Today - 4 stars (I was surprised it ended where it did - it felt like the story was just getting started)Left the Century to Sit Unmoved - 5+ stars Escape from Caring Seasons - 4 (really good but also felt incomplete or unfinished)A Better Way of Saying - 3 stars Remember This for Me - 5+ stars The Mountains His Crown - 4.5Where Oaken Hearts Do Gather - 5Science Facts! - 5"
Erick Mertz,,18,5,"April 4, 2024",2024-reading-list；fantasy；horror,,"This book of short stories could not come more highly recommended. I enjoyed all of them, captivated by a few, and blown off my rocker by one. Pinsker has an enchanting voice and a deft eye for story. This is definitely a collection I'll come back to.""That Our Flag Was Still There""""Left The Century To Feel Unmoved""""A Better Way of Saying""These three stories were magical. I found myself reading them, wondering almost out loud, where the inspiration came from. There was a strange, bizarre, unique feel to them.""Where Oaken Hearts Do Gather""This story is one of a kind. I really loved it. I've read it a few times and each time, I found something different, something intriguing. There were layers upon layers, each one more haunted and dark than the last. Add this collection to yours. You won't regret it."
Mario Guslandi,40,4,3,"May 30, 2023",,,"There are a few things about this book which make me concur with another reviewer’s opinion. This collection includes some great material [ e.g. we all agree that “ Two Truths and A Lie” is really a great novella] and some stories with a great potential which don’t really appear quite accomplished [ e.g. “ Everything is Closed”] and in between some interesting stories which not always hit the target.Let’s put it this way: Sarah Pinsker is an author endowed with an enormous potential, a fine storyteller which hasn’t reached her peak so far.I’m going to keep an eye on her future work, waiting for that masterpiece that she’s certainly going to create sooner or later."
saguaros,362,26,4,"May 31, 2023",2023；short-stories,,"3.5I think saying I am a little disappointed in this collection will make it sound worse than what it is, but it’s only because of how much I *LOVED* her previous collection Sooner or Later Everything Falls Into the Sea. This collection was just more uneven for me. But I’ve loved Pinsker’s fiction—especially her short fiction—since I read “Left the Century to Sit Unmoved” a few years back (and it is included in this collection!). I find her ideas often fascinating, her writing beautiful yet unobtrusive and I especially love her (soft) scifi, or her folklore and music inspired stories. There’s just a handful of stories in this that didn’t quite work for me, but most were wonderful."
Lark Benobi,,2714,5,"April 10, 2023",2023,26,I haven't enjoyed a story collection this much since  by Mariana Enríquez. Sarah Pinsker is a great teller of tales. The first sentence grips me and after that the sentences zing along and zing along until the end. My attention is now on Small Beer Press.
Paul Morisset,58,2,5,"May 31, 2023",shorts,,Ratings:Where Oaken Hearts Do Gather - 5 stars.Two Truths and a Lie - 4 stars.That Our Flag Was Still There - 4 stars.Left the Century to Sit Unmooved - 4 stars.Science Facts! - 4 stars.The Court Magician - 3 stars.A Better Way of Saying - 3 stars.Everything is Closed Today - 3 stars.Escape from Caring Seasons - 3 stars.The Mountains His Crown - 3 stars.Remember This for Me - 2 stars.I Frequently Hear Music in the Very Heart of Noise - 1 star.
Groucho42,1889,2,1,"June 20, 2023",,,"They say that publishers put the best short stories in the first two places and the last one in a collection. Given the first two in this one, they're terrible and not worth further reading. The first is a drivel story in the same area as the far, far better The Unpleasant Profession of Jonathan Hoag and the Lathe of Heaven. The second is va really dumb one about a dysfunctional US, patriotism and people as flags. Avoid this dreck."
Gary,264,,4,"June 22, 2023",,,"Another very interesting assortment of styles and content - she is extremely versatile. I was particularly affected by the story of a painter losing her memory (Remember this for Me) . Of the many accounts of dementia and strokes I've read, this was a very personal and real account. My favorite takeaway was from the last story (Science Facts!) where the counselor's favorite question was ""What should I know that I wouldn't think of to ask?"""
Abigail,161,1,2,"August 25, 2023",2023-challenge；fiction；sci-fi-and-speculative-fiction,,"I don't know why I checked this out, I knew I wouldn't like it. I was very drawn in by the very first story, which is one of the only pieces in the book that I like, and sometimes the librarians' recommended shelf has a few gems.I did enjoy ""Everything is Closed Today"", as it reminded me of those bizarre and sizzling days of unrest and boredom in summer 2020 and all of the wonderful, brave, and caring teen girls that I know in my own community."
Hannah,26,,,"September 25, 2023",most-want-to-read；to-read-short-stories,,"I don't usually post pre-reviews, but I read Two Truths and a Lie on Tor.com over two years ago and wrote of it on my tumblr ""I must get my hands on more of this author's work"" which I strangely did not do (evidently forgot to even look her up on Goodreads, as I didn't have any of her other work marked TBR yet; didn't forget about the story though, I think of it often). Very excited to find out that it is now part of a print collection and I will be aiming to get a copy of this ASAP!"
Bryce Johnson,342,1,5,"March 14, 2024",,,"Equally stellar as Sooner or Later Everything falls into the sea. Where Oaken Hearts Do Gather is the first story I ever read by her, and it's an absolute classic, but this is packed with other excellent stuff--Two Truths and a Lie, and Science Facts are particularly memorable. The Flag Was Still There was very Saundersesque and great. Seriously, if you have any interest in short stories at all, you should give her writing a look."
Madeline,24,1,4,"April 29, 2023",,1,"this was so great, finished it in a day. my favorites were two truths and a lie, left the century to sit unmoved, and science facts!i hate to say it, but even though she's my professor, i had only read where oaken hearts do gather before. this collection is so good. i didnt realize how lucky i was to have her!"
Ryan Miller,1422,6,4,"May 15, 2023",,,"Another excellent collection of short stories by Sarah Pinsker. There is so much variety in how she structures these tales, and most don’t turn out as you would expect—and not with look-at-how-clever-of-a-writer-I-am flourishes and twists, but so often with subtle shades and nuances that stay true to what we know about the good that is in humanity."
Sonia,437,,4,"August 11, 2023",,,"This gorgeous collect of short stories by Sarah Pinsker is so unique. Each story feels wildly creative and different from anything else I've read before. There was only one story that I didn't particularly love, but otherwise this mix of fantasy, mystery, sci-fi, drama and dystopia is absolutely enchanting."
michaela,70,1,5,"November 11, 2023",favorites,,Absolutely gorgeous book of short stories!!!! I LOVED “everything is closed today” (It made me so happy) “the mountains his crown” (beautiful imagery) “where oaken hearts do gather” (romanticized my wikipedia and fandom wiki editing habits) and of course science facts. Love when teenage girls start becoming one with the forest and whatever.
Ian Hamilton,518,10,3,"January 29, 2024",,,"This is an intelligent, diverse and experimental collection where each of the stories straddles the fantastical and reminded me of Ted Chiang…one of my more recent contemporary sci favorites. Though as much as I was enthralled in the read in the moment, only one of the stories was memorably etched in my mind two weeks later."
Kate,1230,15,,"February 3, 2024",2023；library,,"I read this because I absolutely adore Pinsker's Where Oaken Hearts do Gather, but mostly the stories didn't click for me. I thought some were okay, but a couple I couldn't even make it through (they seemed to assume that you were familiar with a bunch of actors / singers and I really don't know who they are)."
John Adams,1475,5,5,"March 19, 2024",,,"An excellent and challenging collection, with highlights including folks whose lies come true, a poetic exploration of the New York art scene, a thrilling flight from an AI-run retirement community, a prescient take on building community during a societal shutdown, and another nifty take on folk music."
Jay Long,15,,5,"April 24, 2024",,,Pinsker is an author whose style really meshes with the short story format - its a book that can easily entertain while reading thru all at once or every other day. Each story has linkages that connect them - like rhizomes - that are evident even without explicit cross-references. A delightful book by a skilled storyteller.
David,759,5,4,"June 6, 2023",,,"Solid collection. I had read three of these before, including the inventive “Where Oaken Hearts Do Gather,” the rooted in an actual Old Hollywood legend “A Better Way of Saying,” and the creative and creepy “Two Truths and a Lie.” But my melancholy fave is “Remember This for Me.”"
Chelsey,119,29,3,"August 14, 2023",fantasy-magical-realism；story-collections,,"There were some interesting concepts here, but overall I did not love the writing style. There were a few gems, like ""Left the Century to Sit Unmoved"", but overall I found myself skipping through many of the stories."
Rachel,571,4,4,"September 4, 2023",,,"As usual, a solid collection of short stories from Sarah Pinsker. I've read some of them before, but others were new. One or two weren't my cup of tea, but most were compelling and held my interest. And there's such a wide range of stories in here."
Richard Edgar,,5,4,"November 4, 2023",,,"I loved this collection. It includes the amazing and award-winning ""Where Oaken Hearts Do Gather"" and a double handful of other fantasy stories, each one weirder than all the others, in its own little twisted way."
Paul Huesman,63,10,5,"November 17, 2023",,,Trying to find the words to express how much I adore this book. These short stories are fascinating and haunting - each a slice of life with something unsettling lurking beneath. I absolutely LOVED it.HIGHLY HIGHLY recommended.
Jessica,526,18,4,"January 26, 2024",author-woman；format-short-stories；genre-fantasy,,"she just feels good to read, supernatural and folklore and even the horror are infused with this existential sense of goodness. hope?""Where the Oaken Hearts Gather"" was probably my favorite - House of Leaves style wikia on a fictional folk song"
Mark,1463,125,3,"April 9, 2023",story-collection,,"This was a solid story-collection. I like the themes of music, art, nature and lost chances. I did prefer her earlier collection."
Iona Sharma,,134,,"April 18, 2023",2023,,"Very good, and on a darker turn than its predecessor."
Ben Nathan,886,10,5,"May 15, 2023",,,One of the best short fiction writers on the planet. That is all
Dan Carman,18,,4,"June 3, 2023",,,"As with any short story collection, it's hit or miss, but has enough good ideas to work. Highlights for me are Remember This for Me, Escape from Caring Seasons, and Where Oaken Hearts Do Gather"
Tobin,288,5,5,"June 12, 2023",,,A very strong collection of interesting stories.
Linnea,561,5,4,"June 29, 2023",bookclub,,Have not stopped thinking about Where Oaken Hearts Do Gather or Science Facts! (Science Facts! novel when??)!
Rachel,334,13,4,"July 19, 2023",,,I actually wrote up a detailed review and do of course Goodreads crashed just before I hit done!!!Aaargh
Sandy Brusin,268,2,4,"July 26, 2023",,,"As I read each story, I became more and more comfortable with this genre, drawn into new worlds. I'm in awe of the range and imagination exhibited in each story."
Rachel,1623,30,5,"August 23, 2023",sf-fantasy,4,"As far as I'm concerned, Sarah Pinsker can do no wrong. Great collection. I'd already read four of the stories, and remembered them well enough (unusual for me) that I did not re-read them."
Chris Knight,343,2,5,"November 9, 2023",,,Loved this book.
Anna,801,21,,"December 12, 2023",f-sf,,"I read the first 2 stories in this collection and one of the later ones. They’re beautifully written, interesting pieces. But so creepy! I got a Twilight Zone vibe."
Nathalie Graham,54,,3,"January 22, 2024",,,"Some stellar standouts in here, but others which felt a bit half-formed or slowly paced. I’d love to see some turn into entire books. I enjoyed peeking into this author’s weird brain"
Tetiana,168,1,3,"January 27, 2024",,,"More like 3.75 ⭐loved ""Where Oaken Hearts do gather"" and ""Science facts!"" was interesting"
Andy Zhang,76,1,4,"February 14, 2024",science-fiction,,功底很深，Pinsker用网络论坛和Genius网注释歌词的形式伪造了一首19世纪的民谣，并且建构了一个村庄的历史，引导读者时不时将注意力集中在纪录片拍摄者（论坛讨论者之一）探索村庄的故事。网站变成了叙述者，角色的分支都是某种意义上的转��。
Thia Reads A Lot,870,7,,"February 23, 2024",favourite-short-stories；read-in-2024；short-stories,,"A good collection, 1 exclusive story (Science Facts!)I found 1 new favourite short story, ""Everything Is Closed Today"""
Venneh,1078,17,4,"March 2, 2024",,,"Not all the formatting for this collection carried over the greatest to the physical version (but when one of your stories is structured like a wikipedia entry, complete with footnotes and arguments in the comments, there's only so much you can do). There's also some real good stories that focus on the idea of community being one of the best protections against the whims of life, and just some real neat concepts, period. Definitely worth your time."
Kathryn,441,13,4,"March 11, 2024",rfantasy-bingo；rfantasy-bingo-short-story；scifi,,RTC once Bingo is over and I can catch up!
Seoung,32,,3,"March 19, 2024",sff；short-stories,,"some of the endings didn't hit for me, and i thought the flag story was pretty ham-fisted. but i LOVED science facts! and where oaken hearts do gather, those were really fun."
