Reviewer,Review Count,Followers,Rating,Date,Tags,Likes,Content
Melanie,1221,101000,,"March 30, 2023",adult；fantasy；signed,31,"magical girls, but make it about revenge <3 as of today, you can still get the the signed limited version from ! (and this is the only way to get a physical copy of this book bc it's only published through them! - you can get the ebook from , but it is the same price on subterranean and i just recommend going through them for either version!) |  |  |  |  |"
Heather,31,11,5,"March 16, 2023",,8,"Did you watch Sailor Moon growing up? Did you then move on to Madoka Magicka? This is the next step in that evolution.The horrors of being a child soldier balanced with the magic of being a child and drawn by the sparkle and promise. The understanding of what it means to lose but why we still stand and fight, all mixed with an amazing look at what would make a magical girl setting tick and how the government and society would respond to such things.Grant/McGuire shows a great love and command for the genre that any of us who grew up waiting for our companion to show up will appreciate."
Bethany (Beautifully Bookish Bethany),2450,4067,4,"August 13, 2023",,8,"This wasn't entirely what I expected, but I liked it. It's part of this micro-trend looking at the adult lives of children or teens who became superheroes or saved the world in some kind of way. In this case we're following two women who are the last remaining of a group of super-powered kids that the government now has locked down after some kind of catastrophe. I don't want to spoil anything, but I like how this navigates the lines between childhood and adulthood, how we deal with our trauma, complicated relationships, bravery, and sacrifice."
Craig,5403,130,3,"May 12, 2023",,6,"This is a good short novel about a team of magical girls who try to save the world despite government interference. It's thematically similar to the Velveteen stories that appeared under Seanan McGuire's own name, but in a manga/anime universe rather than a comic book superhero reality. I felt a little lost, as I'm not familiar with those foundations, but it's well written if not especially memorable."
Roberta R. (Offbeat YA),405,36,5,"August 27, 2023",adult；creatures；ethics,5,"Mini blurb: The last two magical protectors of the world, broken and years removed from the version of themselves who fought to defend it from the Outside, are now hostages of an obtuse government who made their calling illegal - but their kind is still the only hope to keep monsters at bay...***Yet another Grant/McGuire novella that could have been a whole 300-page-long book, or even a series, and it would have been amazing...except it's half the length, and it's fully realised and...amazing? Seriously, what's her trick?Drawing on the ""chosen one/magical kid protector"" trope (complete with animal companions - sort of - and sparkly outfits), the author delivers a juicy twist that - very much like her Wayward Children series - looks at the aftermath of things, only this time from an adult (and jaded...or maybe not) point of view. What happens when your connection to the magic (and the horror) gets severed? and what happens to the world you were tasked with protecting? With inventive, complex mythology and characters not ""likeable"" per se, yet able to steal your heart, Mira Grant devises another TARDIS-like story that's so much bigger on the inside - dark and funny, heartbreaking and hopeful, entertaining and thought-provoking. If she ever gets to write more in this universe, I'm happy. If she doesn't, this one is perfect (as open-ended as it is), and I'm happy."
Venneh,1078,17,4,"March 4, 2023",,5,"It's always fascinating to see the divide between when Seanan writes under her real name or under a pseudonym. For Mira Grant books, there's always a bit more of a lean into science (here specifically - biology of the monsters that magical girls fight and the mechanics of how the mascot creature's invitations work!), as well as Do Not Trust The Fucking Government. Love that we get the duality of being the unwilling government spokesfigure and the person who can't feel pain and is an expert tactician using it to dissociate and accidentally give herself a UTI. Just a fantastic, fun read, and something I've been looking forward to for a while."
Luba,146,9,5,"July 18, 2023",ebooks,4,leave it to Mira Grant to write an amazing horror story with only the implications of horror
Stellar Nebula,36,,4,"May 18, 2023",2023,3,"Я бы душу продала за то, чтобы Мира Грант написала цикл по этой задумке. Я не шучу."
Niki,863,147,3,"February 19, 2024",action；fantasy；limbo,3,"An absolutely fantastic premise that I'm not sure Seanan McGuire/ Mira Grant really knew what to do with after the very strong beginning. She knew she wanted to write a grittier/ adult-er Puella Magi Madoka Magica (she's definitely watched that show), but after taking the scenic route throughout the book, we pretty much end up in the same place and same status quo by the end. So, great premise, meh execution. Just go watch Puella Magi Madoka Magica."
Lucille,1182,260,3,"December 4, 2023",2023-novels-novellas-read；read-2023,2,"3,5/5 Adult magical girls dealing with trauma after the horrific end to their adventures and dealing with governments trying to end the cycle of magical children being chosen to defend earth against vast entities from outer space I liked the originality of it and the darkness !"
Michael,160,32,5,"March 31, 2023",,2,"The author has taken the magical girl trope, popularized in manga and anime, and told a darker story than the usual hearts and friendship. The story ends in a satisfying manner, but I would not mind seeing the author continue writing for this universe."
Chiara,378,31,4,"December 22, 2023",,2,"4-4.5ish stars. I really enjoyed this. This follows two 'magical girls' (think of them like a girl gang of superheroes, kind of like sailor moon) in their adulthood - in the after of when the monsters were beaten off of earth but now what happens like 10 years later. It's a really interesting thought experiment. This has a LOT to say but also is nuanced. It takes on how these 'magical girls' are sucked in with cute animal companions as children into essentially making lifelong commitments and becoming secret child soldiers, but also that came with some good things for the girls oftentimes (plenty of bad too), and importantly that was the only way to protect earth as far as they knew, and how do we reckon with that as a society who says they care about children and want to protect them? It's really interesting. I think this story fits the novella length pretty well, but I secretly am hoping it leads to bigger book or more stories - it could have been longer and I would have eaten it up too. So interesting and the main characters while not always likeable in the traditional sense I really liked them and found them compelling. Also, short book less than 150 pages! But it's only available as an ebook currently I believe since it was published by a small indie press (subterranean press). Also, I am obsessed with this cover - I love it so much."
Erik,43,,4,"March 14, 2023",,2,"Seanan McGuire is very prolific. I sometimes wonder if she ever sleeps. I haven't liked her popular long-running series (October Daye, InCryptid), but I think her Wayward Children series is excellent and everything written as Mira Grant is great. One thing that I enjoy is her fresh take on classic story types. In this case, it is a story about ""magical children"" who protect our world when given powers by mystical companion animals. In this brief (~114 pages) story she takes the classic tropes and turns them into an engaging and new version of this genre. As with other short pieces by Grant/McGuire, I'm hoping this may be the foundation for a longer story or novel."
Ada,1890,32,,"March 29, 2023",sucker-for-the-blurb；sucker-for-the-cover,2,I adore the ideas this author comes up with.But I don't like their writing style! Which bums me out because I keep trying...
Emily Mcgee,80,18,4,"June 28, 2023",,1,"Absolutely bonkers take on the ""Magical Girl"" genre, short and compelling read!"
Kara,713,356,4,"July 3, 2023",novella；science-fiction,1,"A little more exposition than I’m used to from Grant/McGuire, but this was still an enjoyable subversive take on the “magical girl” trope. I hope this is the first in a new series."
John Cowles,6,,5,"February 17, 2023",,1,"Not what I usually read - and had I understood the subject matter before reading, I probably wouldn't have begun - but by golly it was a good read! Although it felt as I was reading it that there was mad, continuous action, I was surprised to discover at the end that there were really only three or four things that happen!"
Liz (Quirky Cat),4560,71,5,"August 14, 2023",2023-reads；fantasy；popsugar-2023-reading-challenge,1,"Unbreakable Starlight was one of many groups of girl warriors tasked with defending the planet. Unfortunately, their name was not quite accurate, as most of the group fell - alongside every other warrior.	Only two survived the massacre. Piper and Yuina. Now the government has stepped in, helping to prevent a new wave of warriors from rising up. This means Piper and Yuina must be controlled, their voices carefully overshadowed.	Wow. Mira Grant/Seanan McGuire knows how to craft a tale! Unbreakable is one of those books that will obstinately suck you in. Given how the story starts, it's hard not to feel that pull. It's hard to look away once the depth of what happened is clear. There's this compulsion to find out what happens next, not to mention a need to understand why it happened in the first place.	Unbreakable has solid Sailor Moon vibes, though there are a few darker twists. Think teenage superheroes, but there are heavy consequences – most of which have already struck. It's an interesting foundation for the rest of the story.	This novella does have multiple POVs, though I would argue that Piper is the primary perspective. Yuina also gets a chance to show readers her story, which is greatly appreciated. So this is a must-read if you enjoy that format.	Honestly, I just wish there was more of this. I know it isn't needed; the ending told me all I needed to hear. But I really enjoyed the world, the magical setup, and the characters. Thus, I want more.Magical Girl SyndromeUrban FantasySailor Moon Vibes (With a dark twist)Character DeathAnimal Death (of a sort)Self-Harm/InjuriesPopsugar Reading Challenge 2023 Prompt - A book you wish you could read for the first time again |  |  |  |  |  |  |  |  |"
cassberrie,440,25,4,"June 18, 2023",,1,"As someone who grew up on a healthy diet of Sailor Moon, Precure, and Madoka Magica, this was delightful. Unbreakable takes a pessimistic yet realistic look at how magical girls would be treated in our world, when tragedy strikes and bureaucracy steps in to point fingers and cast blame. Throw in a little bit of cosmic existential horror reminiscent of Yuuki Yuuna or Madoka Magica, and you’ve got a heart wrenching story about how two grieving girls decide to take their lives back for the first time in 13 years."
The Kawaii Slartibartfast,963,22,5,"May 17, 2023",,1,"13 years ago a group of child soldiers was killed in Seattle. Only two were left standing. This wonderful novella turns the ""magical girl"" trope on its head and rips your heart out as you see what's left after the glitter fades."
Jay,88,1,1,"July 4, 2023",,1,"I think we get about as much text about one of the characters' urinary tract infection as we get interesting material.Feels to me like the author was inspired by Puella Magi Madoka Magica, but didn't want to do the hard work of writing an ending."
Schnaucl,943,30,4,"April 28, 2023",april；fiction；owned,,"This was an interesting book and also a very sad one. I keep thinking about the social implications of the system where children are offered an opportunity to essentially become superheroes. Of course many of them agree (and of course there would be all kinds of propaganda encouraging it) even if it means their eventual deaths because superheroes are cool and you don't really have an appreciation of what death is at that age. I don't think it was mentioned, but I'd be surprised if there wasn't something for the family members. The heralds promise they'll be safe, but I don't think there was anything like a government stipend or death award or anything.It sounds like it is truly meritocratic in the sense that heralds only offer the job to children who have the innate talent they're looking for, but it's also important that they only make the invitation to children likely to say yes. I think both of the survivors didn't have much in the way of stable homes but I can't remember if that was true of everyone. I can see where the children of wealth and privileged are both watched like hawks and have it drilled into them that they have to say no to any invitation."
Alana,,30,5,"June 17, 2023",2023-reads；jri；purchased,,"Sometimes, Seanan McGuire works are insidious. I feel like I read them and get a little confused, and then reread them and then everything is perfectly clear and why did I have a problem in the first place? I think it's something to do with the sentence structure, but I still haven't pinned down what.The short works do a lot with a little, more than one fast read reveals. In this, there's a lot of Sailor Moon and a little bit of Buffy influence, I think (I couldn't stop thinking Merit/Merrick), which is fun, as much as a story about PTSD can be fun. The more that gets revealed, the more interesting it is, but honestly, this feels like a story where most of it is revealed to the reader, not the characters, and I can see people not being interested in that. Their mistake. It's a fascinating world and getting to dip into it is worth the time."
Nico D.,137,1,5,"June 22, 2023",,,"I love stories about magical girls, and I love subversions. This is an ultimate subversion on par with . There's an almost  dystopian politic to the setting, and Mira Grant does an amazing job delving into relevant lore, all in an extremely engaging way.This novella feels like what would be episode nine or ten of a twelve episode anime. Piper feels like the mentor character from a different story, with the novella being the flashback/backstory episode which reveals her history and sheds important light on the overall story. I absolutely adored every moment with this book to the point I can't stop thinking about it. I  want this to be the lead-in to a full length novel. The setting is so fascinating, and the story's ending leaves things begging for a sequel."
LauSo,667,3,1,"January 31, 2024",to-be-released,,"I'm a little surprised at how Seanan McGuire was able to grab the ""magical girl"" trope and write the most boring, infodumping and shallow despiction of it. I've read her Wayward Children series and while I've not liked all of the books, I've enjoyed her analysis of portal fantasy+chosen one (even if I cringe at how heavy handed she can get with the moral message she wants to portray on each book and she tends to overexplain and infodump as if readers are not smart enough to get it if she doesn't) so I was excited to read her take on the magical girl trope and was bored and frustrated while reading this book. It only made me want to re-read the Sailor Moon manga, or watch Sakura Card Captor to clean my palate."
Imogene,850,27,5,"April 29, 2023",apocalypse-nowish；conspiracy-theories；cried-actual-tears,3,"One of Seanan McGuire’s EIGHT releases in a single year, and if you wonder how she’s managing it or whether the imagination well is running dry. It’s not.Unbreakable has her trademark depth, and that almost obsessive love for knowledge and ideas and tropes, with added and unexpected devastation. The chosen ones, the protectors lost, and then lost everything, and have spent years living with that loss. Perfection, haunting, yet filled McGuires love and joy."
Sarah,593,36,4,"May 29, 2023",,,"A standalone novella from Mira Grant, the horror pen name for Seanan McGuire. Thirteen years ago two teenage girs where the last chosen one/magical girl survivors after a catastrophic battle. Since then Governments have tried to preven this from ever happening again. I love how McGuire/Grant plays the 'what if' game with worldbuilding, following through on what the outcomes and consequences would be. I will forever associate this with ."
Kim,382,3,4,"June 2, 2023",,,"3.5*It's short but I was into it right from the start. Magical girls series used to be my favourite when i was young and even now, I still like to watch them. The whole 'magical girls but dark and gore' trope that are popular now isn't my thing but I enjoyed the worldbuilding and the explanations for the superpower, as well as the cute magical companions that always existed in any magical girls series. The writing style also suits me so that helped me enjoy this too."
Megan,147,2,5,"April 11, 2023",,,"I really loved this! I grew up with Sailor Moon and other magical girl media, and I really loved this glimpse of older magical girls, how our cynical world would probably actually treat them, and finding hope again even when you gain a clearer and less rosy view of reality. I'm so happy I impulsively purchased the hardcover of this when I saw it up for sale."
Sarah Stubbs,122,9,2,"April 14, 2023",risa-book-club,,"Actual rating 2.5/5. I read this one for a book club and honestly, it wasn’t my jam. It felt like dystopian Sailor Moon but where most of the Sailor Scout die. Not a fan of the authors writing style. She switches viewpoints and from 1st person to 3rd too often. This was a tough one for me to get through despite its short length."
Nat,497,32,5,"February 15, 2024",fantasy；read-in-2024,,"4.5 stars. The only reason that this isn't five stars, is because I need this to be longer. I need this to be a sprawling, multiple book epic, with books for each girl, prequels, sequels, side stories, the works!Mira Grant packs so many emotional gut punches into such small novellas, and the stories are always super fascinating and exciting. I just want more. Please!"
Angela,1043,10,4,"March 18, 2023",fairytales-n-myths-remixed,,This was a brilliant short story that was dark but still hopeful. This had an emotional punch all out of proportion to the size of the book. This takes quite a bit of skill on an author's part so kudos to Seanan/Mira for that.
Rebekah,71,14,5,"May 16, 2023",,,"Mira Grant (Seanan McGuire) could honestly write just about anything and I'd like it, but I LOVED Unbreakable. 10/10 pacing and prose; I got teary eyed at work reading the ending on my lunch break. I'd love to see this adapted into an animated mini-series."
Laura,,4,5,"June 1, 2023",,,An absolutely unique and amazing perspective on why children are chosen as magical heroes and what happens to a society where that is known to be what happens
Christina,193,,3,"February 15, 2023",,,Quick entertaining read. Interesting take on superheros.
Ysabet,262,17,,"February 21, 2023",booksreadin2023；ebook；inmycollection,,[Ebook edition--no Goodreads listing for it yet.]
Heather,452,,5,"February 26, 2023",,,This is what Puella Magi Madoka Magica grows up to be
Earl C,188,28,4,"March 15, 2023",,,Mira Grant takes us on an intriguing ride in this novella. It is great as a standalone read or could serve as a very interesting start to her ever growing collection of series.
Chris,217,,5,"March 23, 2023",,,"What if Sailor Moon saved the world, but cities burned and most of the Sailor Scouts died? I suspect you would have this novella."
Charlotte Earle,2,,5,"April 6, 2023",,,Both incredibly entertaining and a piece of art calling out the world for what we're leaving future generations.
Starzy ,67,18,5,"April 6, 2023",,,A favourite author + a unique and darker take on a favourite trope ('magical girls') = a happy happy Starzy.
Alyssa,327,,4,"April 17, 2023",,,3.5
Katie Konneker,225,2,4,"April 26, 2023",contemporary-fantasy；fantasy；female-protagonist,,For the Madoka Magica girlies.
Nicolas Lobotsky,50,,5,"April 29, 2023",,,I want more! This was a spectacular little story that has so much going for it. I want a prequel and sequel. There is so much going for this story!
Maggie,555,4,4,"May 10, 2023",,,"Not at all what I expected, but still fantastic."
Lauren,577,15,4,"May 11, 2023",contemporary-fantasy；found-family；novella,,"Another great novella from Mira Grant, this time taking on the ""magical girl"" trope from properties like Sailor Moon (but from a more adult perspective)."
Louisa,7604,81,5,"June 11, 2023",,,"Oh this was a great book about a group of girls who fought to save the world, and those that have survived, and it was a really great story!"
Ellana-san,458,,4,"June 11, 2023",books-that-make-you-think；short-stories；superheroes,,4.5
Trent Baker,168,,5,"July 9, 2023",,,"It was really short, but Mira Grant packed a riveting story into a low page count."
Felicia,186,3,4,"July 13, 2023",fantasy；its-all-about-the-cover-art；not-tall-tales,,D o p e.A novel twist on the magical girl trope.
Giulia,344,,4,"August 12, 2023",2023；fantasy；magical-realism,,Big Madoka Magica vibes from this one.
Kate,203,23,4,"October 8, 2023",mental-health-issues；superheroes；wars-soldiers-rebels,,"Extremely angry this wasn't a 7 volume series that consumed a decade of my life, damn you Mira Grant."
JohnMichael,138,,4,"October 9, 2023",,,"I enjoyed the premise, although it was different than what I had anticipated."
Anita,2515,176,3,"November 11, 2023",e-books-i-own；urban-fantasy,,"Imagine sailor moon, but more mature, with all sorts of tragic backstory and urban-fantasy-heavy adult themes. This is a story between two larger stories - the sailor-moon-esque children teams that fought evil, until they pretty much all lost - and the adult survivors of those teams learning what's really at stake, and starting the cycle back up again. I found it very unsatisfying."
Laurie,326,2,4,"November 21, 2023",,,Fun story about children getting super powers from cute alien animals and the government that tries to destroy them.
Cassidy,50,23,5,"March 8, 2024",recs-shelf,,"Ohhhhhh this book slaps, I read it in like two hours. I would read a million more pages of this universe and this is perfect as a novella both."
Daria,259,6,4,"May 14, 2023",2023-reads；2023-releases；fantasy,,"TW: addiction, animal cruelty, child death, genocide, misogyny, grief, tortureA story that explores the reimagining of magical girls' realities. It was very fascinating to see the deconstructing of the trope. It made you think about the reality of it having the government, media, and military involved in creating child soldiers. It was enjoyable to experience this from a character that was closed off, and emotionless."
glitrbug,464,,4,"August 14, 2023",,,Satisfying story
Sophie,322,6,5,"August 20, 2023",favorites,,"My favourite Seanan McGuire novella ever I think. This one was so good and I’d highly recommend picking it up, even if you’ve never been into magical girl stories."
