Reviewer,Review Count,Followers,Rating,Date,Tags,Likes,Content
Kate V,1443,181,3,"May 3, 2023",,3,3 smut-scale stars!Stealing Snow was a cute and smutty adventure. This series has felt a little repetitive but I've enjoyed them.
kymagirl,3422,46,5,"April 23, 2023",arcs；shifters；werewolves-wolves,1,"Sayer (H), a wolf shifter who’s been looking for his fated mate far and wide, envies the happiness his North Star Pack friends have found in finding their mates. He takes an unusual route home and is shocked when he scents Snow (h). She’s recently moved to town with her three bear shifter brothers who are opposed to anyone being interested in her. Sayer realizes that he’ll have to work quickly to convince her they were destined for one another since the mating moon is rapidly approaching. Lovely hot and steamy fated mates shifter quickie with a side of family drama. A reimagining of Snow White and Goldilocks with some shifter love."
Serena Loves Books,1593,89,2,"August 18, 2023",paranormal-fantasía,,"Stealing Snow es la historia del último de los cuatro amigos shifters basada en el cuento de Blancanieves.Estaba esperando la historia del pobre Sayer buscando por el mundo incansablemente a su compañera sin suerte, para mí decepción esto se sintió poco emocionante. No le vi conexión con el cuento, los hermanos adoptivos osos de Snow eran sordos y duro de entendederas y la historia de amor no fue mí favoritos. Es un insta que tiene calor pero todo se sintió mecánico desde que Sayer rapta a Snow. Y Snow se comportaba como una niña pequeña que al final supo levantar su voz.El capítulo final a 5 años es exactamente igual al de los libros anteriores. Sé que es una historia corta pero esperaba algo más para el final de serie."
Archana,1448,34,3,"May 6, 2023",,,"My reviews always contain spoilers, I write them so I can remember the story. Sayer is a wolf shifter who has traveled the world looking for his mate and hasn’t found her. When he returns from one of his trips he sees he has new neighbors down the road. When he gets closer he smells his mate, but she protected by her three large bear shifter brothers who rush her inside when he tries to talk to her. The brothers warn him away. They have all come another pack which had some bad problems that caused the bear shifters to be wary of other shifters. Sayer decides he can’t wait to win the guys over, he’s going to steal his mate. Snow a human was abandoned as a child, luckily she was found by a bear shifter family who loved her like their own. The brothers are very protective of her. When Sayer sneaks into her room she is happy to see him and feels their mating pull. She says she will go with him but wants to leave a note for her brothers so they don’t worry. They sleep separately at Sayer’s house after talking a bit and getting to know one another. The next morning her brothers show up and whisk her away even through she tells them Sayer is her mate. The next night Sayer sneaks in again and steals her away again. This time they give into the mating moon and have their first time together. When her brothers show up again to take her home, she makes them listen to her about her and Sayer being mates, they let her stay with her mate. Lots of I love yous and an epilogue five years later with two kids and all the shifters and mates living happily with their families."
Lauren ,614,,5,"April 17, 2023",,1,"Sayer is the last of his close-knit friend group to find his mate. He has been traveling the world in desperation of finding his one and only. Just when he is starting to lose hope, he catches his mate’s scent. She’s beautiful and everything he could have ever wanted in a mate — but she’s a human being heavily guarded by three bear shifters. He must devise a plan to grab her attention and prove he will be the best mate. Snow is a sweet, innocent, and kind young woman. She was found abandoned as an infant and a family of shifters took her in. Her three brothers are extremely protective of Snow, especially after fleeing their former pack. They don’t care that Sayer claims to be Snow’s mate. Sayer steals Snow away in the middle of the night and sparks fly. Even though Snow is human, she can feel the irresistible pull toward Sayer. They share several sweet moments together and Sayer manages to steal a kiss before Snow’s brothers find them. Sayer was so determined and sweet. A total gentleman! I loved that he was willing to go against Snow’s brothers (in a polite way) to keep Snow. She was a lovely heroine and I loved how innocent she was (until the dirty talk began…) Lots of steam and perfect little moments!Tropes: Paranormal romance, fantasy romance, fated mates, shifters, fairytale inspired, virgin heroine, virgin hero, happily-ever-afterHeat: 3/5.I received a free copy of this book via Booksprout and am voluntarily leaving a review."
Georgia Herpen,118,1,4,"April 21, 2023",,,"SPOILERS AHEAD! Read at your own risk. The Once Upon a Shifter series ends with Stealing Snow, Alder's shifter romance twist on Snow White and the Seven Dwarfs. In this case, Snow's older brothers are overbearingly protective of her. When Sayer, her fated mate, makes it known that he's Snow's mate, her brothers don't even blink an eye. It does not matter. They're determined to keep Sayer and Snow apart. The brothers were nonexistent to a meaningful plot. They simply served as a device so the book could fit in with this fairytale series. I was disappointed with Snow's brothers being in the story , especially because they, themselves, are shifters and are also looking for their own mates. Their overprotectiveness makes them short sighted. As far as Snow and Sayer are concerned, the way the story is written shows how excited Sayer is to finally find his mate. Everything he's done is in anticipation of her arrival: giving free reign to decorate their house, access to his credit card for a new wardrobe, bringing her coffee before she even asks. It's very sweet. Snow quickly realizes how fortunate she is to have Sayer as her mate and finds the courage to stand up to her brothers and take control of her life. I LOVED IT!I received a free copy of this book via Booksprout and am voluntarily leaving a review."
Sandy,1137,5,4,"April 18, 2023",,,"I was excited that the last of the pack, Sayer, was finally finding his mate. He was the one from the start that yearned for her and had traveled far and wide looking for her. The way he found Snow was wonderful and things would have gone smoothly if not for her protective brothers. I almost wish it had taken even more for Sayer and Snow to actually get together but Sayer was such a sweetheart, he didn't need to be denied any longer.Of course this takes place around the mating moon and all that it entails. That was fine but it seemed to carry on a long time in comparison to the rest of the story - so much in fact that I was starting to get bored. Sayer and Snow though had MANY happy endings.I received a free copy of this book via Booksprout and am voluntarily leaving a review."
Shawna,1772,16,5,"April 20, 2023",,,I loved Stealing Snow Book 4 of Once Upon a Shifter and I loved this series. Sayer has traveled the world looking for his mate. Each time he comes home he’s more depressed because he hasn’t found her. Until this time when he returns home he sees a beautiful girl twirling in the sunshine and suddenly he smells her and he knows she’s his mate. Problem is she has three bear shifter brothers and they don’t care if Snow is his mate. As shifters they should understand but they don’t. Snow knows what she wants and she will do anything to be with Sayer. Can they convince her brothers it’s ok for them to be together? Will they get their HEA? I loved these characters and the storyline. I hope the brothers get stories. I would definitely recommend this book and the whole series.I received a free copy of this book via Booksprout and am voluntarily leaving a review.
Priscilla,601,,4,"April 25, 2023",,,"Sayer is the last of his friends to find his mate and he was getting depressed that traveling around the world hasn't gotten him any closer until after a horrible trip back hime, he finds her his fated mate. Snow had just moved into the neighborhood with her overprotective brothers and had always wanted a fated mate but hiw can one find one when her brothers wouldn't let her out of their sight. The series has been incredibly cute retellings with a twist. Sayer and Snow's story are just as adorable.I received a free copy of this book via Booksprout and am voluntarily leaving a review."
GOLE,124,1,4,"April 26, 2023",,,"Instead of seven dwarf protectors, Snow has three bear-shifter brothers. Snow, a human, has grown up with shifters and understands the concept of fated mates. She's always hoped she would have one. It turns out she does. Sayer, the last of his friend group to find his fated mate, scents Snow on his way home one day. They have three big obstacles to their mating--Snow's grizzly bear brothers.This story is a good entry in the Once Upon a Shifter series of stand-alones.I received a free copy of this book via Booksprout and am voluntarily leaving a review."
Natasha Tucker,1683,5,5,"May 1, 2023",,,"Wolf shifter, Sayer, was desperate to find his mate. He had been searching and coming home without her again was making him sad and when he caught her scent! Snow and her brothers had resentful moved to North Star. Her brothers were very protective and Sayer had his work cut out to prove to them and her she was his forever. Sweet, steamy romance with amazing chemistry, true love, a little family drama, a determined hero and a beautiful HEA.I received a free copy of this book via Booksprout and am voluntarily leaving a review."
Karen,730,6,4,"April 20, 2023",,,"His Heart Leapt When He Found Her!All his friends had found their fated mates and every month he took two weeks away to go and find his but he was having no luck until he took a different route to home and suddenly there she was!A short steamy insta-love read, full of romance and magical feelings but convincing her three brothers was another matter.I received a free copy of this book via Booksprout and am voluntarily leaving a review."
Leslee,2438,72,5,"April 26, 2023",,,"Sayer has looked everywhere for his mate. All over the world, he travels in search for his destined woman. Discouraged, he returns home empty-handed again. As he passes through town to his home, that is when he finds her. It won't be easy to bring her home and live happily ever after. It looks like he is going to have to steal her. Snow knows her brothers mean well but she just wants to find her mate. This was a sweet little read, a short bedtime story that hits the spot."
Syd Springer,3649,6,5,"April 29, 2023",arc,,"4.5 StarsThis was a really good book. I really enjoyed Snow and Sayer together. These two are really sweet yet steamy together. There is some drama with Snow's brother's but thankfully, Snow is able to talk some to them and get their blessings. I have really enjoyed this book series and I can't wait for the next series that this writing duo has in store for us next.I received a free copy of this book via Booksprout and am voluntarily leaving a review."
Oriana Reads,3766,25,5,"May 5, 2023",,,"Sayer is a wolf shifter and the last man standing.... Or better the only one unmated. 😉 Snow and her three overbearing brothers just moved into the neighborhood. When Sayer sees Snow, he just knows that she is his fated mate. There is only one problem, her three bothers😏 But nothing and nobody can stop him from claiming his fated mate. 🥰🥰 Instalove, sweet, steamy, romantic and totally safe (dual virgins - fated mates 🥰) with a sweet HEA and no drama😍😍😍😍😍"
casvec,7063,71,5,"May 11, 2023",,,"After all the searching, Sayer just came across and found his mate. Now he just needs to get her away from her brothers.Snow life was not always so simple, but now she is safe with her brother. But when her mate comes to get her, they are not willing to go.Sayer and Snow's story is a fast read with a bit of family tension and strong passion that pulls you in with each turn of the page.I received a free copy of this book via Booksprout and am voluntarily leaving a review."
Jenni,6086,35,5,"April 19, 2023",,,"Sayer is used to getting what he wants but when he scents his mate in Snow, he has more than just her to convince but her 7 overprotective brothers to. Well written a shifter take on snow white story, engaging steamy shifter mates romance.I received a free copy of this book via Booksprout and am voluntarily leaving a review."
Cherie Snyder,327,4,5,"April 28, 2023",,,"Sayer is the last of his friends to find his fated mate. He travels one week a month in hopes that he will be able to catch her scent. While returning home from another wasted trip, Sayer sees a young girl dancing in the field. As soon as he catches her scent, he knows that she's his fated mate. Snow and her 3 brothers have just moved into town. Having left their old pack and joining the North Star pack, her brothers are still very leary of other shifters. But what will happen when the 3 bear shifters try to keep Sayer from his fated mate? He kidnaps her, of course!! I hated seeing this series come to an end. I hope we get her brothers story!!!I received a free copy of this book via Booksprout and am voluntarily leaving a review."
Sarah Nielsen,3404,18,5,"April 28, 2023",,,This was a great fated mates romance. It was the last book in the series and I’m sad to see the series ending. I have really enjoyed this shifter fairytale mix and this book was just as enjoyable as the previous ones. Snow and Sayer were so good together and I just loved the story.I received a free copy of this book via Booksprout and am voluntarily leaving a review.
Lizette Diaz,2543,28,5,"April 28, 2023",,,"I absolutely love the newest book in Once Upon a Shifter series. Sayer has searched far and large for his mate. When he return empty handed he takes a new route, and there he finds his snow. I love her protective brothers and how these two get the perfect ending. I'm such such a huge fan of this incredible author and series."
LiLu,4135,1,5,"April 29, 2023",,,"I enjoyed reading this story. Loved the details, his longing for his mate was heart wrenching. She wanted a mate to love her and keep her forever. It was sad that they bonded over their childhood, but enjoyed their honesty. Her brothers were fierce and protective. I hope they get their own stories. Loved their perfect for them epilogue!"
Michele,3270,8,4,"April 29, 2023",,,"Fated Mates that have been hoping to find their other half, each other. Loved the fast pace and willing to go to extreme lengths to be with one another, despite the good intentions of people getting in the way. High intensity and steamy scenes.I am voluntarily leaving a review for this book that I received free."
Emily Pennington,187,309,4,"April 30, 2023",reviewed,,Finding His Mate . . .Wolf shifter Sayer has finally found his fated mate. Snow is perfect for him. But her overprotective bear-shifter brothers may not agree. Will he convince Snow that she is his? Will he talk to her brothers and convince them this is right? Or will he try to steal her away and deal with the consequences?
Flavia Karina,631,3,4,"May 3, 2023",,,"This is a very sweet story, where the heroine takes the courage and strength, given by her sweet and more than perfect mate, to take control of her life. Snow and Sayer are very hot together and they are perfect for each other.I received a free copy of this book via Booksprout and am voluntarily leaving a review."
"thewoollygeek (tea, cake, crochet & books)",2658,105,5,"May 4, 2023",,,"I loved this so much, Sawyer longing for his mate was so emotional and Snow too, and bonding over their childhoods I thought was going to run out of tissue’s really, loved Snows brothers too, hoping they will get books of their own one day. Perfect level of emotion, romance and heat. Fantastic.I received a free copy of this book via Booksprout and am voluntarily leaving a review."
heart,282,6,3,"May 17, 2023",alpha-male-rating-1-out-of-3；boring；epilogue,,3 starscheck out my tags/shelves for more infodual virgins insta love shifter (wolf) soulmates no ow/om drama brother drama slight kidnapping boring hero wasn’t possessive/protective much he was kinda meh no protection slight after care mehsafe hea epilogue w/kids spicy lvl 3/5 wish was longer they got to got together then a abrupt ending…
Michele,1126,4,5,"April 24, 2023",,,"A take on Snow White, this story is a quick read, with a very cute storyline and wonderful characters including Snow’s three bear brothers.I received a free copy of this book via Booksprout and am voluntarily leaving a review."
Amanda Dawn,67,6,5,"April 28, 2023",,,I waited for this book to be released. I was so excited to see Sayer find his mate. Snow is absolutely perfect for Sayer. Thier bond was instant and I could feel their love through the pages. They definitely hit all the spicy levels when they mate for the 1st time.
tburbr,5325,30,4,"May 6, 2023",,,This latest addition to Once Upon a Shifter was well written and kept me entertained thanks to the endearing characters.I received a free copy of this book via Booksprout and am voluntarily leaving a review.
Shawn,2645,,5,"May 7, 2023",,,This was another great addition to this series. Snow and Sayer had amazing chemistry from the start. I loved how he kept taking her right out from under her brothers. Cute story.
Jovette Bossé,3449,12,5,"April 28, 2023",,,"I love Snow and Sayer,they're soo good and soo perfect together! Such a sweet and beautiful love story! I absolutly loved it! 😍❤️🔥🥰"
Crista,907,1,2,"October 21, 2023",kindle,,"ML finds his mate, unfortunately she is a human who was found in the forest as a baby and is protected by the bear family that took her in. In order to get close to her ML kidnaps her, but returns her, so he can get to know her. HEA, no cliffhanger."
 Lissa Smith Reads'~A Bookaholics Bookshelf,5238,130,4,"April 29, 2023",04-stars,,Rated4 Stars: ⭐⭐⭐⭐Kindle Unlimited Read
