Reviewer,Review Count,Followers,Rating,Date,Tags,Likes,Content
Fay J,1163,10,5,"February 16, 2023",,1,"Every time I read a book by Jessica Grayson there is always that hint of magic to it, that fairytale feeling which I love. I cannot help but fall in love with the characters, all the more so for this one because I have waited a long time for Malak to find his lost love. He has always had a piece of my heart. He knew early on who his mate was even if she didn't quite catch on so quick, being human and all that. Though it seems he tried to get her to be his properly his father was not having him marry a human. For her own sagety he had to push her away except he did rather too good a job of it. Luna was Malak's best friend all through their youth and it was only as they matured that she realised she felt more for him than that. Never quite sure of his feelings for her, it shattered her heart on finding out he was engaged and he blew the rest to pieces in a letter telling her to move on. Now years later he is back, claiming she is his and that he has always her loved her. Not so fast Romeo..."
kymagirl,3422,45,5,"February 12, 2023",arcs；werewolves-wolves,1,"Luna (h), a human ambassador’s daughter, and Malak (H), a wolf-shifter prince, have been best friends since childhood and as they’ve grow-up find themselves attracted to one another, even though their respective parents wouldn’t approve. Just as the young couple declare their intentions for one another, war breaks out between their peoples and Malak has to help Lune and her family flee the wolf-shifter kingdom, promising to come for her, his mate. Luna awaits her love and is devastated when he sends word she should move on, but when she does, Malak shows up ready to reclaim her if he can get past her broken heart. Lots of action and adventure in this ultra-hot and steamy Red Riding Hood retelling."
Deborah,128,1,5,"March 18, 2023",,1,I love this series. So much romance and action. This author never fails when it comes to writing about love. It is always full of action. I love happy endings without the FMC not acting stupid or doing dumb things. I highly recommend.
Sarah Macnellan,195,15,,"December 23, 2022",engaged-to-ows；fantasy；h-never-been-kissed-to-read,1,"I'M SO EXCITED FOR THIS! Blurb:Inspired by Red Riding Hood, a romantic fairy tale retelling…I'm the daughter of the human ambassador; I was never supposed to fall in love with the Wolf-Shifter Prince.Prince Malak of Winterhold was my childhood friend and my first and only love. But he is a Wolf-Shifter, and his father—the King—does not condone marriage between their kind and mine.When war breaks out between the human and Wolf-Shifter kingdoms, my family and I are forced to flee. Malak promised he would come for me when it was safe, but he never did.It has been three years since my heart was shattered, and on the eve of my arranged betrothal to another, Malak appears.He claims that I am his Fated One, and that the vows we made when we were younger mean that I am his.My betrothed is a powerful man, and when Malak abducts me from my engagement ball, a warrant is issued for his death.Forced to run, we have to make our way back to his kingdom. But there are many dangers along the way. And despite trying to keep my distance, the more time we spend together, I find myself drawn to him.Now, I find myself wondering: I know I can trust Malak with my life, but can I trust him with my heart?**Steamy content. Not a dark romance***"
SAUGA,146,,5,"April 15, 2023",romance-x1f495,1,This shit was so damn cute and this story was so wholesome aside from their parents dying and that barely gettting addressed
olivia&#x1f4d6; (to infinity & books),140,5,2,"July 4, 2023",fantasy；friends-to-lovers；jessica-grayson,,"*sigh* I sadly didn’t enjoy this one. I think for me it’s the weakest in the series, idk if it’s just me or the book, I’m still figuring it out. What I do know though is this retelling series has been a let down for me as a whole. There were moments I enjoyed but these stories are very basic and theres a lot of repetitiveness through out. ⭐️⭐️This was no different from the other books. It was repeating itself, the plot was short yet it dragged on (it’s not even a long book), I found the characters were generic at times, and it’s just I predictable. I know it’s a retelling so I should expect the original fairytale storyline to a degree, but this didn’t do anything new imo. The grandmother isn’t even a main feature of the book, it’s just all set in the woods for the most part, and our couple is on the run. That’s it pretty much.I like Malak, I thought it was fine, I liked how he was teased in the previous book. Luna I felt was a bit too plain Jane and naive. I couldn’t really connect nor care for her sadly. Tbh I’m just glad I’ve finished the series (learns there’s a 7th book coming out next year…) and I can be done with this world. It wasn’t all bad but towards the end I was just skimming through and wanting it to be over. Sorry 🤧Also note: the correct version of the book should be 31 chapters not 25.tropes/genres- red riding hood retelling - fantasy- Wolf shifter x human- childhood friends to lovers- angst- touch her and die- virgin heroine- soulmates"
Mary Lynne,523,,4,"February 20, 2023",,,"Reading Protected by the Wolf Prince made me feel as if I had pulled my copy of Grimm’s off the shelf. It captures that sense of a fairy tale so well. Part of this is that Luna and Malak are fated mates and have basically been in love since they were children. Their story deals with the adversity that separates them and what that’s does to their relationship.One thing I quite enjoyed about this book is that after they’re reunited Luna didn’t immediately drop her frustration and resentment of certain actions Malak had taken. So many times in romance the difficulties are smoothed over easily, and that wasn’t the case here. Malak had to prove himself all over again to fully win over Luna, and I appreciated that.This story also flows really easily. It moves swiftly through its plot, not lingering on any side points and keeping the focus on this couple. That sometimes made their challenges seem a bit too easy, with a lack of confrontation, but I didn’t mind this overall. It’s a charming story that is indeed straight out of a fairy tale."
Cassie Ripley,839,6,5,"September 20, 2023",,,"I loved it! Red Riding Hood marries the wolf retelling. Very similar to the cartoon Ever After High. Also a touch of Romeo and Juliet (minus the deaths) story (star crossed lovers). Where both their parents hate each other. But love and fate always wins out and they have a happy ending with a promise of a happier future. Again characters from previous stories make an appearance as become apart of this story line. Other fairy tale cameos are slipped in to, the three little pigs, I like how they slyly slipped that in there. They also have a little hint and cameo of the next book in this story when they met the fox looking for the tower bringing in the fairy tale Rapunzel to the story mix. I hope all characters find a happy ending in this series. I guess I shall see as I continue to read the series (sadly I have to wait until January 2024 for the next book in the series)."
Andi Downs,690,8,5,"February 24, 2023",jessica-grayson,,"As most will guess, this was inspired by Little Red. But also different in many way. Luna and Malak are our characters in this book 6 of the series.Malak is her childhood love but life takes both in different directions and family dictate how their lives are to be. Malak is a Wolf Prince and Luna the daughter of an Ambassador.Malak never lost his love for Luna and reunites by kidnapping her on the eve of an engagement she is not happy with. As they flee, their love is rekindled and along the way they face challenges to reach their HEA. And that end was gorgeous, so emotional and filled with joy.Now I need to read more of this series of stories. :)I received a free copy of this book via Booksprout and am voluntarily leaving a review."
Joanne,354,5,3,"February 11, 2024",2024-books,,"It wasn't bad, but it wasn't brilliant either.So the heroine is the daughter of an ambassador to the wolf-shifting kingdom. She's known the hero for several years, and when she was a mid-teen pledged herself to the hero (second son). Fast forward to the here and now, the hero tries to claim her and her father refuses. Then comes a series of lame reasons why the hero must get her out of the country for her safety, and then two or three years later, he rocks up at her new door on the eve of her betrothal to someone else. The rest of the book is the blather of the heroine saying he abandoned her and him replying that he had to.So, as I said, it wasn't bad. At least it's a fairly quick read so the repetition didn't go on for too long."
Nina Diab,3150,35,5,"February 25, 2023",,,"I loved this book. This story is a fast-paced adventure with action and intrigue. Great world building. I love the fairytale-like quality of the storytelling, as I always used to read all kinds of fairytales when I was a kid (and still as an adult lol). I really liked both Luna and Malak and the relationship between them. I also liked that she didn't forgive him too quickly for breaking his promise to marry her. The story was captivating and I couldn't put it down. Another excellent read from Jessica Grayson and Aria Winter- whose partnered works are among my favorites to read. 5 stars"
Rose (Adventurous Bookworm),991,152,4,"May 15, 2023",01-read-kindle；02-new-adult；fairytale,,"fantasy romance, fairytale retelling new adult Series but can be read as a standalone fated mates, second chance romance, friends to more I don't remember reading any Red Riding Hood retellings before so I found it intriguing. I really liked how it wasn't a situation of 'Big Bad Wolf' but rather that the friends-to-more couple that came from different kingdoms. 4/5 Stars"
Danee,2841,,5,"February 15, 2023",,,"This is my first book by Jessica Grayson and the first book in the Once Upon a Fairy Tale Romance series. I have some catching up to do to read the other 5 parts as well. The shape of Little Red Riding Hood but in a slightly different way is great I enjoyed a version than the original Little Red Riding Hood. There was action, danger, a beautiful adventure and a lot of steamy moments. Highly recommended.I received an Advance Reader copy of this book and am voluntarily leaving a review."
Ashley Martinez (ilovebooksandstuffblog),2590,73,3,"January 18, 2024",,,"Fast-paced with a bit of thrill and all consuming romance. It was steamy and swoon-worthy. I didn’t connect with the characters as much in this one as I did the others, though. Tropes:-wolf/human-fated mates-arranged marriage-second chances-on the run -wait for you"
Marianne,5815,70,5,"February 12, 2023",,,"This is a great fairy tale retelling! I liked it very much.. It is steamy and sweet, with danger, adventure and action..I received a free copy of this book via Booksprout and am voluntarily leaving a review."
Manisha Robinson,2331,12,5,"February 22, 2023",,,This is book six in the Once Upon a Fairy Tale Romance Series. This story is an great read and definitely a page turner.I received a free copy of this book via Booksprout and am voluntarily leaving a review.
Lissa,1217,129,2,"October 29, 2023",could-have-been-so-much-better；ebook；fantasy,,"Rather disappointing. I forgot that Mal's brother was one of the ""bad guys"" in a previous story, and I would like to see him get some redemption in future. But as for this story itself, it didn't feel like it brought all that much to the table and felt rather anemic."
Haley Walters,11,,5,"March 31, 2024",,,I loved this story. I love how everything connects together. I'm so excited to see how everything unfolds and I really hope Frederick gets his second chance at love. Real love.
Heather,875,,2,"February 15, 2023",,,"2.5 stars. Very simple and straightforward, not much depth to the characters."
MacKenzie Bakos,70,2,5,"March 30, 2023",favorite-books,1,Was so good. Loved it. I cannot wait until the next book. I hope Fredrik has a story too. Would love to read his. <3
NATASHHALOUISE,200,4,4,"June 3, 2023",,,"A friends to lovers, steamy take on little red riding hood - was a vibe. Loved the world, loved the twist on this retelling. *chefs kiss* ✨♥️"
Yaneth,182,2,2,"September 20, 2023",fantasy；fated-mate；magic,,Rating: ⭐⭐.2/5Plot: 2/5Characters: 3/5Romance: 2/5Enjoyment: 2/5Smut: 🌶️🌶️/5
Crystal Clark,9,,2,"January 24, 2024",,,I feel that the ending snuck up on me. I felt that not strings were not quite tied up. I felt that the issue with the king not having an heir or empty coffers.
Lisa,48,,5,"February 19, 2024",would-re-read,,"I have waited for a book like this! I absolutely love that the steaminess started right at the beginning, oh my! I absolutely didn’t mind that almost the entire story is with them together and the many hot scenes between them! I can’t get enough of that. Although I admit I was just looking for a quick and sweet read, not an epic fantasy story with complex world building and I think that’s exactly what the author intended with this series, each story is quick, sweet and sexy. I love how possessive and protective the hero is in the story and the heroine is sweet but strong willed.I so so appreciate that the author has chosen a more poetic way to describe the intimate scenes which I so love and adore! Say what you want but there is nothing more erotic than to read a story where those scenes are painted like artfully and one has to use their imagination for it. Only thing I didn’t like is the whole moon goddess thing, I personally don’t like pagan mysticism. But that was something I was willing to look over. I prefer there to be no mentions of these sort of things as I feel like there is no need to explore the origins of magical creatures, they just exist and everyone can decide for themselves what to do with it. Anyway I’m exited to read more of the series."
