Reviewer,Review Count,Followers,Rating,Date,Tags,Likes,Content
Zen Cho,,2540,5,"December 30, 2022",by-women；novella；sff,31,"I knew I would like this, but in fact I LOVED it. I wish there were more SFF like it! When calamity strikes, an inexperienced commander has to lead her troop through a perilous landscape — but there’s a saboteur in their party, who will make them question everything they fight for. In a genre preoccupied with the epic sweep of war, this skilfully wrought novella’s focus on the struggles and dilemmas of ordinary foot-soldiers (albeit foot-soldiers who are also telepathically-controlled multi-limbed cyborg nuns) is refreshing. At its base this is a book about how we keep faith with each other and ourselves amid the conflicting demands of ideology and necessity. There’s also a lot of cool worldbuilding and great weird mind/body stuff, but it’s basically a story about people being people in extreme conditions. Packs a lot into a short space! Highly recommended."
Iona Sharma,,134,5,"January 2, 2023",2023,18,"Lovely, thoughtful SF, with a small canvas: it's about a small platoon of soldiers who are trying to get themselves off a mountain. Their commander is dead, and has been replaced by Asher, who is a novice, and unlike the late commander, not a human intelligence in an artificial body who can keep herself telepathically linked to a group of soldiers with ease. She's new, and terrified, and not prepared for a group of soldiers who are partly made of metal but have some very human concerns and preoccupations underneath the carapaces. The story features an attack and a saboteur and an avalanche, none of which is a spoiler because it's actually quiet, and compassionate, and about what humans are, and what they can consent to, in a moral universe. There's a lot going on! and I loved it a lot, as I expected to, and was made to think."
Tijana,820,235,,"July 14, 2023",sf,12,"Blog Rebeke Fraimov mi je već godinama najpouzdaniji onlajn izvor za sveže SF/F preporuke: njeni prikazi su, iako neformalno pisani, uvek promišljeni, pametni i vrlo duhoviti, pa ne zažalim ni onda kad nam se procene neke konkretne knjige raziđu.Zato sam osećala ne samo radoznalost već i neku vrstu obaveze da pročitam njenu prvu profesionalno objavljenu novelu, The Iron Children. I s olakšanjem mogu da konstatujem da je u pitanju lep i solidan SF (ok, možda ipak s malim otklonom u saj-faj stranu) od one vrste koju i sama Rebeka najviše voli da čita: - pošten žanrovski koncept (kiborzi) u kontekstu mekog SF-a (odnos date religije prema kiborzima je vrlo bitan ako ste usred etničkog/verskog rata) koji se ozbiljno ali ne i dosadno ispituje- intrigantni ženski likovi! intrigantni likovi neodređenog roda i opredeljenja! njihovi složeni odnosi!- malčice jidiša prošvercovanog u worldbuilding, to uvek zavređuje plusić- upotreba najklasičnijeg od svih toposa (iskusni narednik i žutokljuni mladi oficir) u novom ruhu!- četa vojnika u identičnim oklopima koje nekako treba razlikovati međusobno. Hehe. I kad ne bih znala da je Rebeka Fraimov najveći fan Ratova klonova, ovo bi predstavljalo solidan nagoveštaj- Ašer tj. oficirka mlada tj. strogo govoreći iskušenica je simpatično smotana, početnički nesigurna, ali u suštini ispravna osoba koja brzo uči i mnogo se trudi, veliki plusić za dobro postavljenog protagonistuZaključak? The Iron Children odlično funkcioniše unutar precizno i u suštini skromno određenih okvira novele, a sam rasplet je takav da vuče na još jednu ili dve takve obimne celine - iako su sve troje glavnih likova razrešili vlastite etičke dileme i delovali u skladu s tim odlukama, ostaje sasvim otvoreno šta će im se dalje dešavati. Nisam razočarana i čekam šta će se dalje lepo desiti :)"
Stephanie,,1072,5,"January 20, 2023",f-sf-for-adults；novellas,8,"This fantasy novella is the perfect mix between Bernard Cornwell's Sharpe series (soldiers campaigning in the grit and grime of the Napoleonic wars) and Martha Wells's Murderbot, and I'm pretty sure that anyone who's enjoyed either of those two other series will enjoy this one. There are three PoV characters in this novella, all with very different perspectives on the same situation. Intelligent, ethical and awkward Asher is a novice in training to become an elevated Sister-Commander, able to take over the adapted bodies of all of her Dedicates (foot soldiers) in the field to enforce the most perfect strategic efficiency in battle. She was only supposed to be coming on this expedition to learn from the Sister-Commander in charge, but when the Sister-Commander is killed in a raid, she's left in charge of a band of soldiers she doesn't know or understand and has to find a way to navigate them all through a perilous, wintry mountain terrain. Luckily for Asher, she has Barghest, the loyal sergeant in the group who believes in the country's cause and has therefore shoved down all of their own simmering rage about the personal price of it for all of their life so far. Unfortunately for Asher, one of the soldiers in their group is a spy, hiding behind a Dedicate's mask and body of armor and plotting murder along the way...even as they, too, get reluctantly caught up in the bonding activity of trying to survive as a unit in impossible physical conditions.Not one of them is anything but sympathetic by the end, and they all have good reasons for their beliefs and motivations. There is so much nuance and complexity to every issue they're facing, from the war that they've all been caught up in to the decisions each side has made for their own cause (and which the other side considers unforgivable). This is really a character study, and I loved every one of the characters. I didn't know how it could possibly resolve in a way that felt right for everybody - but I loved the actual ending of the novella, which I would not have predicted.I really, really enjoyed this!"
ancientreader,496,117,4,"September 4, 2023",grief；not-like-every-other-book-out-there；novella,6,"Hmm, let's see. There is a war. On one side, the combatants are cyborg nuns, still partly embodied -- there's flesh under their armor and augmentations -- squads of whom are under the control of a more exalted nun who has given up her body altogether and is basically an intelligence housed in a sort of supercomputer? The details are a little unclear, sort of in a ""fish don't think about water"" way: the narration hews closely to the characters' POVs, and since this is their world they aren't constantly explaining things to themselves/us. Oh, and there's a saboteur in their midst, and they're traveling across dangerous and unforgiving terrain in the aftermath of a battle in which some of their number have died and the exalted nun has been disabled & has to be evacuated, which leaves the still-fully-embodied novice, Asher, in charge. Asher has the power to control the actions of the remaining cyborg nuns, the saboteur excepted; she also has the best knowledge of the terrain's geography and biology, and of the routes through it. Consequently the saboteur -- interestingly, you can't tell who it is at first, because their part of the narrative is in first person -- becomes invested in keeping Asher alive. Also consequently, everyone's moral certainties, Asher's included, begin falling apart. RF's exploration of consent, free will, loyalty, the value of embodiment and the nature of sacrifice, and what to do with choice when choice becomes available is A+++. All these questions arise naturally out of the characters' situation, so they never feel forced or abstract. Kind of miraculous that RF accomplishes all that in such a short space,  while managing to individuate half a dozen physically near-identical people  bring to life their relationships to one another. And yet and yet, here I am dinging a star -- half a star, really, but rounding down. All the above is absolutely 5-star material & execution; the one thing missing (for me) is suspense. I wasn't as anxious about everyone's fate as I should have been given this setup, and I don't quite know why. Was I hung up on trying to figure out what the cyborg nuns look like? But that doesn't make sense, because RF supplies quite a lot of detail there. Was it the sheer strangeness of the mythologies by which the characters live? I don't really know.But! Although the ending isn't quite a cliffhanger, the plot is unresolved, which is to say that I hope hope hope this is only the first in at least a duology. Trilogy? More? And never mind I dinged a star, Fraimow is well into auto-buy territory."
Michael Mammay,,496,,"January 25, 2023",,5,"This is remarkably good. A short book that delivers a huge punch. There's no wasted space in this one...it grabs you and it doesn't let go. I finished the second half of it in one sitting. It's a great story of a young person thrust into leadership she's not ready for, but there's so much more than that below the surface, examining the relationships between leaders and the led from first a practical, and then a moral point of view. With a lot of parallels to modern capitalist society, how we motivate soldiers to serve, and where we tend to get them from. I'm still thinking about this one well after I put it down."
X,800,13,5,"November 20, 2023",,3,"And *that’s* how you end a book! Seriously this was really good, I was stressed as hell, and then that ending!!! Leaving you wanting more, in the best way."
IsagelCharles,91,1,5,"April 6, 2024",,4,"I found this book quite powerful. It packs a great deal of worldbuilding and complex stuff about identity, oppression, self-determination, duty and desperation into a small story about, essentially, some people (most of whom are cyborgs, one of whom is a traitor) going on a hike from point A to point B. It’s very well executed and I suspect I will be thinking about these characters and their universe for some time."
Lata,4071,227,5,"May 19, 2023",arc；auth-f；sf-f-h,3,"On the surface, the story of ""The Iron Children"" is straightforward. A squadron commander is heading over a mountain to the war's front, accompanied by her squad and her novice Asher. After a surprise attack at night, several are wounded, and there are casualties, including the commander. The novice must step up and continue to lead the remaining wounded soldiers to the front, while navigating unfamiliar topography, and deal with her insecurities, as she's never led before. There's an additional wrinkle: one of the soldiers is a spy for the enemy, intent on stealing the commander's codes.Now, imagine that the squad commander is an AI in a constructed body, the soldiers are multi-limbed cyborgs who are controlled telepathically by the AI, and the novice is in training to become a nun.And instead of big, explodey conflicts we have quiet moments in the group, as injuries mount and morale wavers, rendering the heretofore faceless cyborgs increasingly vulnerable and human, and the novice doubting herself while navigating treacherous, unknown physical and mental terrain.It's a skillful portrayal of character, a fascinating examination of duty and belief. It's also a surprisingly gentle, thoughtful story.Thank you to Netgalley and to Rebellion for this ARC in exchange for my review."
Andrea,94,,4,"April 12, 2023",,3,I really enjoyed this novella and I would like to see more of these characters!
Annemieke / A Dance with Books,858,,4,"March 31, 2023",sci-fi,2,"The cover of The Iron Children is an instant attention grabber for those of us who love a good bit of Science-Fiction. Because what is better than a cyborg? We don't get real cyborgs but if you push through, this story will be worth it. Let us start with what I think is the biggest let down for this novella is. And that is the amount of information you have to absorbe to get a good grasp on things. Especially in the first few pages terms like Sor-Commander, Dedicate and a control panel are being thrown at you. I had to go back to the synopsis to feel like I didn't miss a few installments. After the first 10-20 pages it gets better but I know that a steep learning curve like that will and can make some readers stop reading. Not everyone wants to put in that effort for a novella. Having said I do think this novella is worth pushing through those first few pages. Ones you get a handle on the terms and the setting, a whole new world opens up. While we don't get cyborgs we get a type of hybrid. Humans that are in exoskeletons. The Sor-Commander is the leader of an unit who can control the Dedicates by a control panel. The dedicates are foot soldiers. This novella is about the foot soldiers. About the unit. About losing those around you. About what they had to give up (voluntarily or otherwise) to become a Dedicate. And while we get Asher mostly as a main character, the focus often lies on the Dedicates. She doesn't focus on keeping herself alive but on how to keep the unit together. And I think the strength of the novella lies with that."
laurel [the suspected bibliophile],1630,600,3,"February 26, 2024",2024-read；lgbtq；novella,2,"Weirdly, I think it would have been better even shorter, as a short story.It was good and I enjoyed it, but it wasn't great. Lots of thought on war and ethics and leadership, and I enjoyed the three person POV and the entire morass of the command plate and the sisters' habits."
Jasmine,,141,4,"August 18, 2023",,2,"Well done with interesting worldbuilding, and I appreciated that it set up a situation with no easy answers when it came to autonomy and then also went ""there's no real solve for this one""."
Ron,324,24,4,"July 1, 2023",,2,A really interesting science fantasy novella about squad of enhanced soldiers who are being led by a novice officer though a harsh landscape with a traitor in their midst. It's a military sff wrapped around a psychological thriller that explores complex moral issues of autonomy that make you wonder who to root for.
Helyna Clove,,22,5,"April 15, 2023",,1,"This was so awesome, I loved everything about it. The worldbuilding (sort of...fantasy sci-fi steampunk with cyborg nuns and people basically made into mechas who can be controlled by their commander?), the characters, the conflicts, the humor, the emotion, the three different POVs (I. love. them. all.), the slow development of quietly clashing ideas and feelings. Gahh! So good.Tension was there from the first page when the battalion is attacked and loses its commander, leaving an unexperienced novice in control of leading the remaining soldiers back to their army...and it constantly evolved as the characters set out on their dangerous journey through a snowy mountain, sort of bouncing between the different pairs and groups as their experiences and opinions made themselves known, smoothing out in unexpected places just to turn on us once again the next page. I'd love to get to know so much more about this world, but in the frame of this novella, it was perfectly enough to feel what one needs to feel. It's about the horror of war, and duty, and sacrifice, and faith (either in higher powers or something more human) and free will, and empathy, and it was done in a very kind, nuanced, not-preachy-for-a-second way that was a joy to read (even when it got sad).I'm so happy this story exists. This was really really great."
grosbeak,606,23,5,"February 13, 2023",2023-pub；arc；novella,1,"I like any sort of story about an angsty principled young officer in command of a morally-dubious cyborg battalion, and I like all SFF that involves harsh snowy landscapes, so this novella that crossed Ancillary Justice with the Book of Judges and sent the characters to cross Caradhras was basically designed for me.It's got duty, loyalty, pietas, and free will, in a very cool sci-fantasy setting and with a perfectly-sized set of characters (a troop of cyborg-soldiers and a novice commander struggling over a blizzard-swept mountain). The world is rich (amazingly so, for such a short piece), but all conveyed through how different religious, political, career, and personal histories have shaped the characters. Stands alone just fine, but, I really hope Fraimow returns to this setting."
Martijn,113,1,3,"January 22, 2023",,1,"The setting is a good combination of science fiction and sci-fi. Mysterious location which can be earth or not. And that is the way this book also is written, as at several occasions it confused me which person I was reading about.I also wondered several times if this short book was a prequel or sequel to an existing book series.So if you can handle all of this, it is a good recommendation, but if you get easily confused it will be harder to read.Thanks to NetGalley for the upfront copy of this book."
Noor A,90,2,5,"April 24, 2024",,1,"Beautiful!I can't explain how much this was written and my excitement when I predicted the ****! The whole time, I felt like I was running, my heart thumping. Kept me on the edge of my seat the whole time!Amazing read!"
Megan,625,2,3,"April 17, 2023",2023-releases；essays-novellas-plays-shortstories；netgalley-arcs,1,"3.25This was an interesting novella that packed a punch but still left me wanting. The plot is tight. It follows a novice who is quickly thrown into a position of power while traveling with a group of soldiers because the commander is incapacitated, except someone in the group is not who they seem.I loved the atmosphere here. Rebecca Fraimow does a good job of setting up the cold isolated setting and I liked the way she utilized first person perspective to give us insight into the imposter and create that tension. This book also touches on a lot of themes like religion/faith/ideology and autonomy and humanity.I did find the start a little jarring because Fraimow doesn’t hold back from the worldbuilding so by the time I felt settled into the world the book was basically over. I also found the non-perspective characters a little flat for my tastes, though that could be because of the length.Overall, I thought this was spam interesting thought experiment and would love to read more from this author or in this world."
Jeannie Holmes,85,6,5,"June 8, 2023",arcs；fantasy；netgalley,,"Title: The Iron ChildrenAuthor: Rebecca FraimowGenre: Science Fiction - Fantasy Publisher: Rebellion Publishing Ltd - Copyright 2023Publication Date: February 7, 2023ISBN: 9781786189882Read: January 28-29, 2023Disclaimer: I received a digital advance reader copy from the publisher via Netgalley. All opinions are my own.Synopsis from Publisher: Asher has been training her entire life to become a Sor-Commander. One day, she'll give her soul to the gilded, mechanical body of the Sor and become a commander to a battalion of Dedicates. These soldiers, encased in exoskeletons, with extra arms, and telepathic subordination to the Sor-Commanders, are the only thing that's kept the much larger Levastani army of conquest at bay for decades. But while on a training journey, Asher and her party are attacked, and her commander is incapacitated, leaving her alone to lead the unit across a bitterly cold, unstable mountain. Worse, one of the Dedicates is not what they seem: a spy for the enemy, with their own reasons to hate their mechanical body and the people who put them in it. To get off the mountain alive, Asher and her unit will need to decide how much they're willing to sacrifice -- and what for.Review: The Iron Children is hard to categorize as a story. It's definitely a novella in length--less that 200 pages--and outstanding in the world building. It's part fantasy, part science fiction, part religious commentary, and all fascinating. I was blown away by Rebecca Fraimow's mastery of story craft. In the space of roughly half the length of most novels, Rebecca creates relatable characters, a complex world, high-stakes conflict, an established military hierarchy, and a complicated belief system. I've read (and enjoyed) novels with more pages and less substance that The Iron Children. Seriously, my hat's off to Fraimow.Told in alternative points of view, the reader is given insight into the world via Asher, a Sor-Commander novice; Barghest, a Dedicate sergeant; and the unnamed spy among the troops. Asher and Barghest's points of view are written third person while the spy's is written as first person. This is a clever writing choice because it keeps the reader questioning the spy's identity and building suspense until the pivotal ""big reveal."" Overall, The Iron Children is an outstanding addition to both the science fiction and fantasy genres and is worth a read by anyone who enjoys blurring the lines between these genres."
Sifa Poulton,,37,4,"March 18, 2023",,,"I received an eARC from the publishers in exchange for an honest review. It has not affected my opinions.THE IRON CHILDREN is a sci-fi novella about the morals and consequences of making people into soldiers. Here, their bodies are changed and their commanders have the ability to control their minds.The book follows an inexperience novice thrust into command, a duty-driven sergeant, and a spy hiding in their midst. These perspectives allow for different approaches to the matter (is it right? Have they even considered it?) and how adversity, close quarters, and opening up changes opinions.It's also a survival novella with the small cast the survivors after a brutal attack. They're thrown together, low on supplies, and with a broken command structure. That breakdown coupled with the stress really allows for stress to let things leak, and thus conversations that would not usually happen between these characters does.I really liked the murky nature of the final choices made. Some were more ""nope, out of here, it's wrong"", others were seeing it in shades of grey and choosing what they saw to be the lesser of many evils. That grey area really fit with the tone of grappling with ethical dilemas.This novella has three narrators, two of whom are in third person past tense. However, the enemy spy is written in first person past tense. It was a little jarring at first but I soon got used to it and it's a very effective way of showing the friction between the spy and the others by having that narrative voice so at odds."
Littlerhymes,200,1,4,"April 23, 2023",2020s；fantasy；novella,,"Asher is training to become a Sor-Commander (a kind of warrior nun whose spirit possesses an iron body) when her commander is incapacitated on the field, leaving it to Asher to lead a unit of Dedicates over the mountains in the SNOW. The Dedicates are soldiers who are flesh and blood humans, but encased in robot exoskeletons, and as the story plays out it's revealed not all of them were really old enough to truly make the choice when it was presented to them.This is such a fascinating world and I love how the story plays out so many possibilities here, posing questions about free will and humanity and morality. Asher can command the Dedicates and even possess their bodies using chips made of 'godstone', but both the Dedicates and Asher herself start to question the rightness of this over the mission. Events get pushed to a head when one of the Dedicates is revealed to be a spy for the enemy nation all along…Short but punchy, with a distinct voice and point of view for each of the main characters."
Bunderlai,27,5,4,"March 25, 2023",action；adventure；fantasy,,"***Received an ARC through NetGalley***A fascinating story of soldiers surviving against treachery and the elements. This is an absolutely fast-paced read which I tore through in almost one sitting. It starts when Asher's commander is slain in a surprise attack, and it is left up to her to bring the surviving Dedicates, holy warriors both machine and flesh usually controlled at a distance by a Sor-Commander, across a mountain to their main fighting force. Unbeknownst to her, there is a traitor in her unit and the author does a great job keeping the reader guessing at who it might be. The novel, while short and light on worldbuilding, also manages to ask some interesting questions about autonomy and agency and consent while also serving up a real thriller. Although the resolution of the book felt open-ended and somewhat unresolved, I highly recommend this book to anyone who enjoyed The Hatchet by Gary Paulson or Star Wars: The Clone Wars."
Zumie,116,,5,"April 15, 2023",,1,"Aaaaaaa this was good~Asher is a novice commander whose present commander (a living suit of armor) dies in the middle of what should be a routine trip, leaving her with a group of other mostly robotic humans to guide across a freezing mountain, all while a spy for an enemy planet has infiltrated the group.Asher is basically GOLD STAR FOR TRYING HER ABSOLUTE BEST teacher's pet while Berghast is a tired loyal lieutenant trying to guide her through while also prevent potential mutiny and avoid another skirmish with the enemy - who may be trying to do more than just kill them.The novella deals heavily with bodily autonomy which is interesting through the religious/war aspects - it's more popular in scifi now but tends to be explored more via capitalism - from straight up body horror (human skin rotting beneath metal plates), to forced obedience through remote control of someone's armor. Really good stuff. Big recommendation!!!"
Marvin Lee,,5,4,"February 21, 2023",,,The Iron Children is a fast paced novella with a tight prose that doesn't waste any words.The books main theme seems to ask the ethical question of how far should a country go in order to win their side of the war? And the author does this beautifully through the sci-fi lens.There are no heroes or villains in this book. Cause like in real war both sides commit atrocities. Like in The Iron Children religion plays a big part in the kingdom of Cesteli where because of their gods they create the Dedicates and the Habited Sisters regardless of the atrocities that entails. And the Levastan kingdom condemn them for it but then if they had the means would turn around and do the exact same thing. There are many shades of gray in this short but thought provoking book.
Andrea Barlien,260,10,5,"March 30, 2023",2023-reading-challenge；netgalley,,"Brilliantly clever Sci Fi focusing on novice Asher as she leads a group of Dedicates through the mountains to the next battle. Discussions of Faith, Duty, Ethics and Sentience mix in a world of robotised human warriors in a war for territory and control. Asher’s faith is challenged when she is reluctantly thrust into command before her time. A little bit Le Guin, a little bit Wells and a whole lot of great Fraimow. Looking forward to talking about this with the husband who’s a Wells obsessive when the book comes out on April 12.Thanks to Solaris and NetGalley for this e-arc proof. I’ll be buying my own copy and anything else I can get my hands on. Super stuff."
Henry Lazarus,1206,8,3,"May 3, 2023",,,"In the war between the Csteli and the much larger Levastani Army, the Csteli have created magical exo-skeletons that turn their dedicated children into The Iron Children (ebook from Rebellion Publishing Ltd). Led by nuns whose souls have been downloaded into the mechanical body of the Sor. Asher is in training to become one of these Sor commanders. Her commander is wounded badly enough to be returned for repair, leaving her in charge. An earthquake throws a small platoon into disarray, making them vulnerable to the traitor dedicate among them. Rebecca Fraimow tells an intense war tale on a strange world. Recommended."
Bethany Jacobs,,195,5,"April 26, 2023",,,"THE IRON CHILDREN is STELLAR! I had the privilege of reading an earlier version, and I'm so delighted to have the final copy in hand. This is a story where you can only see one person's face, yet everything here is about character. Fraimow imbues her cast with humor and pathos, loyalty and conflict. It's a story full of heart, and full of twists! Most memorably for me, it expertly critiques our desire to name the good guys in a war, instead asking us to recognize how fanaticism AND love operate in the military theater. This is a must read! I really hope there will be more!"
Jess,161,4,2,"October 14, 2023",,,"Thank you to NetGalley for the arc!Unfortunately, I found this book very underwhelming, disappointed by the writing and thought that there were a lot more parts that could be explored in terms of the moral issues hinted at in the book. The world-building felt underdeveloped for an SFF book. I will say that the premise of the book is very unique (which is what attracted me to it), but I think what's always important for any sci-fi/fantasy book is the setting. Writing that didn't feel very polished also made this book very difficult for me to get through."
Nicci,348,12,4,"February 3, 2024",fantasy；novella；science-fiction,,"It is the book cover that made me curious about this novella. The imagery is both fascinating and scary. This is such a short story at 139 pages. Yet, I marvel at the author’s ability to create dynamic and empathetic characters despite their souls being encased in a metal exoskeleton. I love the suspense in discovering the why and who of the traitor. I hope the author will expand the novella into a full novel."
AcidGirl,288,,4,"March 7, 2024",,,"Gripping story about duty, sacrifice and how much free will and choice you can or should have in a war. The setting also eerily resembled the war in Ukraine. The ending was a bit sudden for me, I cared enough about the characters to want to know how they manage the situation they landed in. The book did a thing with the povs that put me completely on the wrong track and had me confused somewhere in the middle. I think it was intentional? Will nominate for Hugo."
Celia,1467,105,4,"February 8, 2023",2023-books；netgalley；novella,1,"A great sci-fi novella, tightly crafted - a group of soldiers with a new commander are trying to get off a mountain, but they have an enemy in their midst. Aaaaand the soldiers are cyborgs. Do they want to be? Ethical concerns! With cyborgs! In a war! I finished this and immediately wanted to read more about this world.Advance copy provided by Net Galley"
Runalong,1128,60,4,"April 13, 2023",,1,A great SF war story novella with a a twist on the young officer taking charge of troops for the first time. This time with the twist of a spy amongst the troops wanting to derail the mission. Very even handed treatment of war and an author to watch Full review -
zjakkelien,676,20,5,"November 13, 2023",,,"This was really quite good. I was a little worried it might be a slog (even though it's super short), but it got engaging quite easily. There is only the one battle, and after it's about the people and their decisions. The main character is quite likeable, and also the antagonist is not a bad person. What really helped to like this is that both Asher and Barghest are kind."
Alexandria Wilkie,16,1,5,"April 13, 2023",,,"I always enjoy books that have human relationships as their front and center, protagonists with realistic flaws, and scenarios where it isn't a black and white ""which side is correct?"" type of setup. This was a great read, and leaves a lot of interesting ideas to think through at the end."
Neil,1505,12,3,"July 14, 2023",science-fiction,6,"I received a free copy via Netgalley in exchange for an honest review.Although this was a short story, it certainly packed a punch.The characters are well developed and the story moved at a good pace.As with all short stories it did feel rushed and left me wanting more."
Victoria,1023,,3,"September 24, 2023",,,"This one suffers from a problem that I've found endemic to novellas: too many characters introduced at once without enough room to grow them into people. It's got some fascinating stuff happening on free will, warfare, nationalism, religion etc etc but imo there just isn't room for it to breathe."
Victoria Doyle,177,1,3,"March 20, 2023",,,"Really different , found myself wanting to know more about the world's and the people"
Miguel Azevedo,159,1,,"May 7, 2023",,,Cool cover.
L (Nineteen Adze),287,40,3,"February 8, 2024",2024-reads；bingo-2023；fantasy,,"First impression: 3 stars. There are plenty of good concepts here that make for good reflections on war and autonomy, but my attention just kept sliding off the details. RTC."
Shiwon,11,1,5,"February 28, 2023",netgalley,,"This story was so fun! It was fast paced and action-packed, but still had several moments where the reader could breathe. It follows Asher (a commander in training) and her team as they navigate the aftermath of an ambush. Aside from all the cool lore/history, Rebecca Fraimow posed many interesting questions about religion, autonomy, and what it means to maintain your humanity. Truly a treat.  It was really easy to care about (and empathize with) all the characters: the main protagonists, their chaotic team of Dedicates, and even the secret enemy that lurked among them. And, in the end, they all came out of their adventure with deeper insight—whether it was newfound empathy, confidence, or even a little bit of doubt.  The world in this book was fascinating. Although a bit loaded, the cohesive, easy-to-follow narration made it easier to understand the deeper intricacies behind the Levastani vs. Celesti conflict, the different ranks within Asher's team (Sor Commander, Sergeant, Dedicate, etc.), and the sacrifices they had to make to become a part of a greater(?) cause.  If the author ever chooses to make this novella into a book, or a series, I will read it all. Thank you NetGalley for an ARC in exchange for an honest review!"
Cailin,32,5,5,"January 17, 2023",,,"This book was a really interesting examination of autonomy. It explored the discussions I was hoping I'd see in The First Sister (which I wasn't super into) in far fewer pages, but I would be doing this novella a disservice if I only compared it to existing works. Asher and Barghest, two of the POV characters, had an interesting and compelling dynamic. (Sidenote, I loved how Asher's dialogue was written). I liked how both their individual arcs and the development of their friendship served the themes of this story. At first, I was worried that three points of view might be a lot for such a short novella, but the multi-POV format worked really well for this story, and the author did some cool stuff with POV switches in one scene toward the end. This is a really cool, richly detailed novella that I will probably reread multiple times.Thanks to NetGalley and Rebellion for providing me with an ARC in exchange for my honest review."
Jess,335,,3,"October 18, 2023",arc；read-2023,,"I was really intrigued by the world shown in The Iron Children and felt quite invested in what would happen with the characters. However, I think this novella would work better if we knew it was part of a series - as a standalone, it feels rather incomplete. I would like to learn more about the Sisters, and the Dedicates - it wasn't always clear how their situations worked. Despite the short length of time we meet these characters for, and the multiple POVs (I particularly liked the switch from first to third person depending on who we were focussing on), the characters all feel well-developed and have clear motivations. I would be keen to read more from Rebecca Fraimow, and definitely anything else set in this world - however, as a singular instalment, I was left hoping for more.Thanks to Rebellion / Solaris and Netgalley for the ARC."
Dea,600,1,3,"September 14, 2023",,,"It was OK, and I would enjoy reading a longer story set in the same universe. However, the ending was rather lukewarm. The moral questions that were proposed in the story were not resolved and the characters' final actions only added more questions. That said, I will keep an eye on other works by the author."
