Reviewer,Review Count,Followers,Rating,Date,Tags,Likes,Content
John Hamm,63,10,5,"November 20, 2023",,22,"A damn good mystic sci-fi. Best sci-fi I’ve read in 2023.Valdes has amazing world building, knows how to switch pacing, and writes romance very well.The MC, Kel, has a secret past and is looking to not share it on the planet Loth. She has a call to action with her local friend, Lunna, and is thrust into a mission to deactivate technology from the Pale Empire.The sci-fi is written to ‘just work’ so not the most technical of science fiction but that doesn’t take anything away for me as everything is still cool. There was so much depth in the 380ish pages that I’m hoping this turns into a series.An easy 5 star read for me!"
Mogsy,2126,2682,4,"September 29, 2023",review-copy；science-fiction,25,"4 of 5 stars at The BiblioSanctum Valerie Valdes has really come a long way since her debut Chilling Effect, surprising me with her newest space fantasy adventure Where Peace Is Lost. While her first novel was more of a fun-filled space opera that didn’t take itself too seriously, this one clearly sought to make stronger connections and tell a deeper story, and I believe it succeeded.In Where Peace Is Lost, we follow Kelana Gardavros, a lone sojourner on the swampy planet of Loth where she’s keeping a low profile as just another refugee of the war against the Pale empire. That was five years ago, when she gave up everything in the name of peace, but apparently the war isn’t done with her yet. Deep in the wilderness of Loth lies an abandoned machine known as a demolisher, and now it has come back to life with no way to stop it. Destruction on a massive scale would soon follow, but unfortunately, the rogue machine’s former owners, the Pale, prove to be no help at all. Loth itself has no defenses against such a devastating force and is desperate to find a way to save its people, and as luck would have it, along comes two off-worlders who claim they can deactivate the machine.Kel, however, is skeptical of their timing and can’t help but wonder at their motives. Her suspicion only grows when a friend of hers offers to be a guide for the newcomers, and seeing an opportunity, Kel tags along to keep an eye on things. All these years, she has kept her past life as a knight of the First Sword to herself, especially now that her order has been disbanded, but it is soon discovered that the Pale have not been following the conditions of the peace treaty. This development forces Kel to make a hard decision. As ever, her instincts are to fight back, but what if revealing her identity also means putting those she cares about in danger?Once again, Valdes has written an incredibly entertaining novel that’s fast paced and action-packed. From start to finish, the plot never really loses its momentum, featuring all manner of thrilling escapades which include everything from up close encounters with monstrous swamp creatures to bandit attacks. And yet, the author also manages to weave a number of thought-provoking themes into the narrative without allowing everything else to overshadow its underlying emotions. After all, we must remember that Where Peace Is Lost is also a post-war story, and Kel’s characterization is that of a survivor.What really stood out for me were the protagonist’s internal struggles and subsequent growth. Between the breathtaking action sequences, we get breaks to really appreciate the character development as Kel wrestles with her inner demons and personal dilemmas. As I recall, I described Chilling Effect as a fun romp that was nevertheless a shallow and fluffy read, but with this one, I sense a genuine effort to provide more depth, which definitely paid off. I have a feeling that, whether it is sacrifice or the consequences of living with one’s choices, the themes explored in this book will stick around for far longer than readers expect.Speaking of which, I was also pleasantly surprised by the side characters and their interactions which provided the life behind this book. The relationships felt genuine, and the dialogue was well-written. I just couldn’t help but root for the group as I watched them navigate the challenges of Loth. That said, although it was relatively minor, the romance arc that unfolded was perhaps the biggest treat of all, made even more delicious due to its unexpectedness, which added a layer of warmth and depth.All told, I had a blast with Where Peace Is Lost, with its snappy pace and endearing characters, plus a romance that sneaks up on you. The story is a lively mix of adventure and action, one that is also grounded in emotions. Valerie Valdes proves herself to be a fantastic storyteller whose future projects are worth keeping an eye on."
Justine,1211,330,4,"January 21, 2024",2024-read,18,"Kel is a former elite soldier, now in hiding to protect the terms of the treaty with the “winners” of the war. But now things are happening on her adopted home planet of Loth and she needs to decide whether the price she paid is really for peace or if she is just failing to protect innocent people from harm.The outward story is fast paced and action packed, but also has a quietly thoughtful inner story that plays out beautifully. Valdes writes descriptively and with a deft hand, providing the reader with a complete package of story, character, and vividly imagined setting. I’m not so interested in humorous SF, so I don’t plan to read Valdes’ previous series, but this more serious stand alone book is a wonderfully thoughtful and entertaining read, and was right up my alley."
Jenna Leone,130,88,3,"March 10, 2023",science-fiction,9,3 stars. Full review to come closer to publication date.
Peter Tillman,3736,411,4,"February 9, 2024",at-slo-paso-bg-pa；fantasy；romance,8,"Liz Bourke wrote at tor.com, ""my favourite novel of the year. It’s a well-executed, rip-roaringly good planetary space opera adventure with an incredibly skilled warrior protagonist—a protagonist whose commitment to the cause of least harm involves a willingness to die rather than kill, because her enemies’ lives are also valuable. A refreshing and entertaining look at the ethical conundrum of armed pacifism.""This paragraph sold me on reading the book. Thanks, Liz.I had fun with this one. The publisher describes it as a ""cozy space fantasy."" I'd call it a superhero action-adventure, with a really fine found-family ending. Almost certainly there will be a sequel, and I'll be reading on. There's not a lot of subtlety or depth here, which was fine with me. When the reluctant pacifist Kel Garda kicks out the jams, and flies out fully-armored to humble her enemies with her soul-sword, well. Hot stuff! An easy four stars from me. Recommended reading.Liz Bourke has a full review of the novel posted at Locus: I found it a bit spoilery and perhaps more than I would have wanted to know before I read the book (I didn't see it until after I read it.) But it's a good review, and she liked it a lot. We have similar tastes."
Ron,,151,4,"December 23, 2023",ebook；science-fiction；steampunk,5,"Excellent science fiction set in a backwater planet on the fringes of an expanding galactic empire. Fantasy elements meld well to add depth. Everyone has secrets; this protagonist even hides things from herself.Highlights the current pronoun mess. Surely the creative community can come up with something clearer than using an existing plural pronoun for single people of indeterminate gender. There are innovative solutions to this dilemma. This isn’t it.Cheesy cover art. Almost dissuaded me from reading. Art matters, if only negatively."
Dr susan,2575,38,5,"September 8, 2023",favorites；need-to-buy；read-again,4,"Excellent sci fi adventureThe worldbuilding is somewhat grim, since the Pale is a violent, usurping empire, although Loth is a marvelous, imaginative planet. Kel is a believable, grieving, awesome character. Lunna is funny, sensible, and delightful. Savvy and Dare have secrets as important as Kel's. The story is surprisingly mild, until it isn't, and the action becomes startling and explosive. There is graphic violence. There is also breathtaking beauty. I read a library copy of Where Peace Is Lost, but I will buy a copy to reread. I love this book."
William Bentrim,,69,5,"August 9, 2023",,2,"Where Peace is Lost by Valerie ValdesKel is lost, not literally but figuratively. She isn’t herself she is someone else. Kel is confused about her role and misled by her emotions. Her life before her exisiting, not living on Loth is lost to her. Then a remanent of the Pale, the autocracy that has destroyed her reason for living, threatens her new home, and she feels the overwhelming need to protect. The characters in the book are good but not as thoroughly defined as I would like. Kel has depth as well as Lunna but the other major characters, Savvy and Dare could use more depth. With that thought, this appears to be the beginning of a new series and it is certainly possible that the backstories will be told in future books. I hope they will as I enjoyed the book. There is action, violence, love, and treachery, What’s not to like?I recommend the book."
Valerie Lykes,42,,5,"September 16, 2023",,2,Really enjoyed this book - both the writing and the setting/plot- and look forward to trying more from this author.
Susy,902,148,3,"February 2, 2024",fantasy；lgbtq；romance,2,2.5 starsDefinitely not one of my favourite books. I didn't like the MC much (she’s too “sainty”) nor Luna (too childish for her age) and the pace is uneven (Kel’s thoughts are repetitive for one thing) making me lose interest and focus. Characters 5Atmosphere 5Writing Style 6Premise 7Execution/Plot 4Execution/Pace 4Execution/Setup 4Enjoyment/Engrossment 4Narration 6
Ian,186,,4,"February 25, 2024",lgbt；romance；scifi,2,Really enjoyed this. Great characters and fun world. Something happened at the end that I feel like was not set up at all.
Gina,181,2,4,"August 13, 2023",,2,"Where Peace is Lost is described as a romantic space opera, and there are elements of that - there's a romance, an evil galactic empire, and rebels who are fighting against the evil galactic empire. But mostly, it's a story about Kel and the simple world she has escaped to, so much so that, when technology pops up, it feels intrusive. Kel reluctantly volunteers to help disable a war machine that threatens the life she has built the last several years. She does this, knowing that it could cost her her refuge and possibly her life. It seems selfless, but as the story unfolds, we learn her motivations.The romance moved a bit quickly, I thought, especially given the backgrounds of the characters. The ending left me with a ""well, why didn't she just do that in the first place and save all this fuss"" feeling., but it was still good. The worldbuilding to me was the star of the book. I want to know more about the war and the different worlds and how all this came to be. Hopefully, there will be a sequel where there will be more backstory.Why you should read it: characters you want to spend time with and whose stories you'll care about; camaraderie, a romance that takes up a good chunk of the latter part of the book, and interesting abilities for some of the characters.Why you might not want to read it: the villains are predictable and not really worth our heroes' time. There's not a lot of tech for a SF novel, and the speed and amount of romance in the book may put some readers off.4 out of 5 stars. Recommended.I received an advance copy from Harper Voyager via NetGalley in exchange for my honest review."
wildnorthernerrr,225,22,3,"January 8, 2024",arcs；audiobooks；netgalley,2,"The cover really drew me in on this book.. that and I want to read more sci-fi. A dangerous quest between 4 different characters is what intrigued me. But this was just ok. There is a lot of action in this book but at the same time I’m not sure how, or if, it’s important to the plot? If that makes sense. Like things are happening, but things aren’t really happening.. for me. The romance was a miss for me unfortunately. The MMC was very bland. I didn’t believe the pacing of the relationship, nor did I find myself caring. Some characters felt very one dimensional. Like I said it was ok, I didn’t hate it, I didn’t love it.Thanks to NetGalley and the publisher for an ebook arc."
Raj,1499,35,4,"January 27, 2024",fantasy；sci-fi,1,"Kel is a refugee, from an Order that chose to disband in the hope that it could do more good than continuing to fight the Pale empire. Now she's in hiding on an out of the way planet, remaining anonymous to protect those around her. Except someone has activated one of the Pale's giant war machines, and Kel finds herself, along with a young friend, guiding two strangers who have offered to shut it down again... for a price.I really enjoyed Valdes' previous trilogy featuring swashbuckling space captain Eva Innocente so pre-ordered this as soon as I found out about its existence, without even stopping to check what it was about. And now, having read it, I don't regret that at all.This is a quieter, more contemplative piece than the  books. As the author unfurls the world, you get the impression that, if she wants to be, Kel could be incredibly powerful, and could leave destruction in her wake. But that's not what her Order was about. That can be summed up in their mantra, which Kel repeats to herself throughout the book:She continues to hide, always second-guessing herself - would she cause more harm by continuing to hide, or by revealing herself and fighting? And near the end of the book, you're just waiting for the switch and for her to stand up and draw her sword... and then she makes a different choice. It's not a story often told, and is slightly heartbreaking. (minor spoiler: you do get to see her doing her thing eventually, and it's ).The other thing I really liked about this book is showing how lonely that Kel is. She lives in the wilderness, with only the young Lunna going out of their way to befriend Kel. She tries to hide this loneliness from herself, but when she has to go on this road trip with Lunna and the off-worlders - Dare and Savvy - it starts to hit home. In a lot of ways, Kel reminds me of Obi-Wan or Yoda, albeit we see much more of the pain of self-inflicted isolation than we did with those two characters.The romance that slowly blossoms between Kel and another character is lovely to see, between two very damaged people who, it turns out, have as much in common as divides them.This is very much as self-contained story, but I hope Valdes comes back to the setting, since I'm sure there are more stories to be told about Kel and her new found family and resistance against the Pale. And I'm here for them."
K Mart Vet,655,26,5,"November 19, 2023",,1,"Valerie Valdes delivers a romantic space opera sci-fi story in ""Where Peace Is Lost,"" a story woven with found family, a fantastic character arc, and a soft romance with two former enemies. Kel, a former member of a highly trained but disbanded military order, retreats to live a quiet and anonymous life on a world whose people are highly connected to nature. When a relic of the prior war endangers the planet, she is pulled into a scheme to save the people while trying to keep her secrets intact. This all happens with the backdrop of a war-torn galaxy.The narrative is a whirlwind of action, maintaining an unyielding pace that keeps readers engaged. Valdes masterfully blends thrilling escapades with introspective moments. Moreover, the author excels at crafting believable found family dynamics, presenting an ensemble of diverse and multifaceted characters whose connections deepen as they navigate the perils of their mission. Kel’s journey to confront her past and redeem herself from haunting guilt is a compelling narrative arc, showcasing her transformation from a reluctant once-heroine to someone she recognizes again. Kel��s internal struggle with her past, coupled with the slow-burning admiration and romance between her and another character, is incredibly engaging. ""Where Peace Is Lost"" is not merely a space opera but a poignant tale of survival and personal growth. Valdes weaves a narrative that seamlessly intertwines action, emotional depth, and compelling character arcs, ensuring a gripping and thought-provoking read for fans of space fantasy and nuanced character-driven stories.I ADORED this book."
tillie hellman,325,11,5,"January 4, 2024",,1,"really good sci fi: not too complex world building, but everything it does is very effective and impactful. i especially liked the planet they are on, a very good demonstration of how people can take care of each other without harmful capitalistic and consumerist practices. the characters are great and i even enjoyed the straight ship! maybe i’m improving as a human being (it’s still very queer, with two queer secondary characters and general queer norm. which imo, all sci fi should be queer norm in this day and age. queer people exist and good sci fi knows that). great read, great message, great audiobook"
Ellen,144,2,5,"July 26, 2023",favorites,1,"An enthusiastic 5 stars. I picked up Where Peace is Lost based on the title and the cover — I think both are beautiful. As it turns out, the story lives up to that initial impression.There is plenty of action and romance to love, but the lyrical, meditative thoughts sprinkled throughout are what really stole my heart.It’s one of those books where I knew it was a new favorite just 10% in. I truly hope we get to see more from this world in the future. Thank you to Harper Voyager and NetGalley for providing an advanced copy for me to review."
Jayme,63,5,4,"February 7, 2024",,1,"Really enjoyed this book overall, I will admit that I was frustrated for the first quarter of the book. There didn’t seem to be a lot of world building - just plopped right in- so much so I actually checked to see if I was accidentally reading a sequel. But eventually information about the characters and the world they live in are supplied and the book picks up the pace."
Grace,38,19,4,"October 29, 2023",october2023；physical-library,1,"A truly delightful read. Surprisingly quiet for a sci fi action tale, and some lines so gorgeous they truly took my breath away. The motley crew of characters are easy to root for at every turn and the world was easy and lovely to slip into. Will definitely be checking out Valdes’ other works!"
Amalia Dillin,,288,5,"February 8, 2024",got-it,1,"I LOVE THIS BOOK SO MUCH IT IS SO GOOD!!!!Very Obi Wan on Tatooine vibes but if someone had given him a hard shake, plus a soft, slow-burn romance!"
Leticia,,120,,"February 7, 2024",,1,"I never thought I would set aside a book by this author since I liked her trilogy a lot. I might come back and finish this eventually, or not."
Tracy O'Brien,73,6,4,"January 1, 2024",netgalley,1,"Romantic space opera isn’t a thing the way romantic fantasy is, to my unending frustration, but Valdes has nonetheless managed to execute the genre to perfection. A compelling blend of classic space opera and romance, Where Peace is Lost throws together an unlikely cast under less-than-ideal circumstances in a world that slowly reveals its depth and richness.Kel has been living a mostly-solitary life, in hiding from her storied past, when a rogue war machine threatens her backwater planet’s safety. Out of the blue, two interstellar freelancers, glib, charismatic Savvy and stoic, mysterious Dare, promise they have a way to deal with the problem for a shockingly reasonable fee. Kel’s only real friend, Lunna, volunteers them both to accompany them as local guides, and Kel reluctantly agrees, even though she knows it may compromise her carefully guarded cover.Their journey together involves overcoming many obstacles, but the primary draw is watching the four of them get to know each other and allowing us to get to know the universe Valdes has painted for us. The worldbuilding unfolds naturally, but at a much slower pace than the plot, which I found delightful. Kel has been out of the loop for years, and the initial mistrust between Kel and the offworlders prevents either of them from sharing everything they know at once. I thought this was done very skillfully, allowing the reader to get a solid foothold on the planet before being thrust into the complex galactic politics that shape everything that happens on the ground.I grew really fond of all four of these characters very quickly! Taciturn Kel has more depth than her retired supersoldier archetype lets on at the onset, and Lunna’s cheerful naivety gives way to surprising strength of character when they’re tested. Dare’s dark secrets never veer too far into the melodramatic, and his struggles with communicating over the constant background hum of his trauma were really compelling. Savvy was the weakest of the four, ultimately, and a couple of her about-faces didn’t track well for me, but I still really appreciated her unique blend of pragmatism and flippancy.The romance in Where Peace is Lost isn’t the driving force of the narrative, but I really enjoyed it! Dare and Kel are both playing the part of the tortured soul with a dangerous secret, and most of the tension comes from their respective struggles to communicate and their completely rational reasons not to trust each other. It was sweet and jagged in turns, remarkably slow and quiet, and just a lovely romance overall.My only real complaint, which is more of a quibble, really, is that I felt like the end had a bit of a deus ex machina feel to it— we know that Dare and Kel have extraordinary abilities, but I would have liked the particulars of the finale to be a little more telegraphed.I loved it, I can’t wait for more! This is my first Valdes novel and I’m absolutely going to read her earlier stuff.Would I recommend Where Peace is Lost?YES, especially if… …you love space operas like the Sirantha Jax or Honor Harrington series …you care more about the political than the technological underpinnings of your sci-fiNO, if… …you don’t like new terms and factions being introduced without definitions right away …you’re looking for something that feels like a standalone (it’s not unpleasantly cliffhanger-y, but it left me wanting MORE)…when you want sci-fi romance, you want aliens, fated mates, and explosive emotionsThank you to Harper Collins and Netgalley for the eARC, provided in exchange for this review"
Amanda,30,3,5,"August 30, 2023",,1,"I received an e-arc of Where Peace is Lost by Valerie Valdes via Netgalley and a physical copy of the finished book via Harper Voyager. Thank you to both for my early access. The opinions below are my own, and I have already bought a copy of this book.   Who are you when everything you live for is gone? How do you move on when your life has ended? How do you trust people when you know everyone is hiding something?   This book wrestles with these questions. This novel is tonally different than Valerie Valdes's earlier work, but the themes of found family, the development of the world and the characters, and the building of the relationships are similar. I loved it, and I hope to goodness there is more in the series. Kel Garda is living life on a remote planet with minimal natural resources. It's a slow planet whose people dedicate themselves to living with nature and not exploiting it. Kel has a secret, and it is one that if it gets out will endanger the entire planet and its way of life.  One day, Kel gets word that a war machine has recently been reactivated. She knows she can stop it, but she doesn't know if she can stop without revealing her secret. As she decides what to do, she is wrapped up in a mission to escort to off-worlders and her friend to de-activate the war machine. They have to travel across the swamps. They face bandits and other complications, and as they do, three of the four party members reveal more than they intend to.  This story starts quiet. It's the quiet of grief, loss, and trauma, and it's the quiet of a wilderness world where humans co-exist with nature. It ends in a comfortable quiet of home. There is an homage to Firefly here, and I am here for it. I will add tiktok and instagram reviews."
Cressa,465,2,3,"May 19, 2023",arc,1,"""Where peace is broken, may we mend it. Where we go, may peace follow. Where we fall, may peace rise.""This is the story of Kel. The story of who she used to be, who she currently is, and who she decides to become. What on the surface looks like a group of travels going off to fix a machine, becomes a tale of strength and resilience. This didn't have as many comedic moments as her previous series Chilling effect, however my favorite funny line was ""You smell like you rolled in farts."""
Alan,1162,136,3,"March 29, 2024",,6,"Rec. by: Previous workRec. for: PeacemakersKel Garda is a refugee with a mysterious past, a recluse who has been able to stay comfortably anonymous for years on the backwater planet Loth.Kel lives in the woods, and makes a living harvesting kexeet (a rainbow-colored parasitic moss) from the backs of xoffedils (big herbivores— big). That's quite enough excitement for her. When we meet Kel, in fact, she is climbing the side of a xoffedil...I've seen people like Kel (and planets like Loth) before, but they've rarely been this well-drawn. From the very first page of ' 2023 novel , we encounter vivid science-fictional worldbuilding and a rich sense of backstory.Loth is a pastoral (maybe even ) place, with a rich culture but few exploitable resources, a planet that the expansionist Pale (more formally, the Prixori Anocracy) just doesn't care enough about to absorb.But of course that happy state of  cannot last (and Kel should have known it would not). Somehow, a Pale war machine—left on Loth since before the Anocracy decided the planet wasn't worth the bother—has been reactivated, and the device (a ""SIARV-417 Mark 3, commonly known as a demolisher"" according to p.18) is heading right for the xoffedils' breeding grounds.Kel's carefully-hidden past has suddenly become relevant again.Even so, though, Kel wasn't planning to get involved... until her enthusiastic young friend Lunna (they/them) volunteers them both for what soon becomes a ""mission""—to stop the demolisher before it wreaks havoc on the entire planet. isn't specifically YA, but I can see it appealing to that demographic. And, despite the desperate stakes,  maintains a light touch—this was a welcome breather, after reading 's devastating historical novel .But still,  carries some weight: is a standalone work, unrelated to the trilogy ending with , which is the only other novel by  that I've managed to read so far—but I'm already starting to keep an eye out for her name on the spine.Valdes is most definitely a developing talent to watch."
Connie Ling,37,8,5,"April 5, 2024",science-fiction,,"5/5 starsIf you have sci-fi, space opera, and a hint of fantasy all mixed into one, what does it become? The answer: an amazing standalone SF novel that I couldn't put down. Because  - a forbidden female knight set in space? That was all I needed to know to get me to dive into this book.Firstly, I want to mention just how much I loved the main character Kel, both with all of her strengths and weaknesses. We see her anxieties over the choices she makes throughout the novel and how fearful she is of her past catching up to her - and rightfully so because it'll affect not only her but of those around her. Kel was, to me, the perfect character for the high stakes that we see in the novel. We're slowly introduced to her personality and witness her growth firsthand through the struggles that plague her. She's extremely well-written and given her status as a member of an outlawed/disbanded order, we see her play to her strengths with both her physicality and intelligence. She's not some brute power busting her way through conflicts.Her relationships with the side characters of the novel were great to read as well - especially the romance that blooms with a certain character. Nothing felt forced and as a result, it was refreshing to read. Also, speaking of the side characters, I loved them all. Their banter with one another was entertaining to read and quite telling of each personality, from the snark to the innocence. And I can't  point out how much I loved Dare. His backstory, the interactions between him and Kel - I couldn't get enough. Side note: his physical description - a white-haired angsty warrior with a dark past? I had to pause and laugh when I read his description for the first time because it was just perfect and right up my alley.While there were moments of frustration while I was reading, it had nothing to do with the plot or pacing. Dare I say - it was the perfect amount of tension because it kept me hooked enough into the story to let me read most of the book in one sitting. This frustration was completely one-sided because it was just me being stupidly impatient and wanting to see more action - and boy oh boy, did the author deliver. The fighting scenes weren't confusing and instead, it left me in awe at just how powerful Kel is. Also a quick mention - the prose, especially when reading Kel's inner dialogue, was written beautifully. Overall, this book was such a great read. I don't think the author's other sci-fi novels are for me (as they seem to lean more into the comedy and insanity capabilities of a sci-fi novel) but I think I'll keep an eye on any future novels that are released.  is definitely a top contender for one of the best books I've read in 2024."
Kate,478,19,4,"August 24, 2023",netgalley,,"A big thanks to NetGalley and Avon and Harper Voyager for providing an eARC in exchange for an honest review.Yes! Yes! Yes! I love Valerie Valdes Chilling Effect series, and I'm over the moon to have gotten her newest sci-fy as an ARC.Where Peace is Lost by Valerie Valdes is a science fiction novel about a refugee with a secret, a dangerous foe, and a road trip that could either save a planet or start a war. Five years ago, Kelana Gardavros lost everything in the war against the Pale empire. Now Kel Garda is just another refugee living on the edge of an isolated star system. No one knows she was once a member of an Order whose military arm was disbanded and scattered across the galaxy. And no one knows that if her enemies found her, they might destroy the entire world to get rid of her. Kel’s past intrudes in the form of a long-dormant Pale war machine, suddenly reactivated. If the massive automaton isn’t stopped, at best it will carve a swath of devastation that displaces thousands of people. At worst, it will kill every sentient creature on the planet.When two strangers offer to deactivate the machine for a price, Kel and a young friend agree to serve as their guides. The journey through swamps infested with predators and bandits is bad enough, but can they survive more nefarious dangers along the way? And will Kel’s fear of revealing her secrets doom the very people she’s trying to protect?I JUST REALLY LOVE THIS BOOK! AND I NEED EVERYONE TO READ IT IMMEDIATELY. Trust me! You won't regret it!"
Erin,291,7,3,"January 21, 2024",2023-releases,1,"A lot of really cool things about this one, starting with the world building evident in the very first chapter. Right away, I was drawn in, and the writing captivated me right off the bat as well. And then it turned into a bit of a road novel. I love road novels!. . . and we went slightly downhill from there. But only slightly!At its bones, this is a pretty basic sci-fi book. Powerful being, keeping their power and history a secret, is on a quest against the evil overlords, and they find a bit of a family along the way. A tried and true basis. But where this stood out was in the imaginative world and the thoughtfulness of the narrative. I don't know how better to explain it other than I just felt hopeful throughout.However, I struggled to keep interest as the book went on. It was lovely, but I just wasn't engaged. I can't quite pinpoint the reason why, but I think it's something to do with feeling that while there were great concepts, the execution didn't quite hit the mark for me. I felt the same about the characters. They all had great things going for them, especially the core four, so to speak, I liked the ideas behind each of them and their interactions with one another, but just never felt like their characterizations got deep enough for me. They were a bit surface-level - but I am very willing to concede that this connection issue may be a me thing, and not an actual slight against the book or its writing.It was lovely and I think set itself up for more stories in this world, but I don't know that I'll remember the details of this one a month or two from now. Still an enjoyable read though, and I can see why it's resonated with so many other readers. Again, the world building is a true standout for me here, and I want to end this on a positive note, so I'll leave it at that."
Martha,605,,4,"March 5, 2024",,,"Please read Goodreads summary above.As a former soldier defeated by the empire-building Prixori Anocracy (known by the pejorative ""the Pale"") Kel suffers in silence on the planet she has chosen for her exile, Loth. She avoids social interaction on planet and would be a recluse if not for the visits by her chatty young friend, Lunna. Her greatest fear is that her exposure as a former opponent of the Pale will endanger not just her, but the whole planet of Loth.When she is lured by Lunna into a mission to disarm an aptly named demolisher device which the Pale left behind on Loth, joining mysterious off-worlders Savvy and Dare, she reluctantly becomes engaged in violence long before she and her fellows even reach the site of the demolisher.Complications with the mission ensue, and the Pale are shown to have acted in bad faith in terms of calling off their automated dogs. Kel is almost paralyzed when the complications keep coming, and ultimately she is taken to task for her inaction against the Pale by Savvy.Kel realizes that she has not lived in peace on Loth after all. Rather, she has been timid almost to the point of tacitly facilitating the evil deeds of the Pale. She realizes that “I will never be at peace so long as my circumstances are controlled…by an unjust regime.”Will Kel step up for more than just the disarming action(s) on Loth? If so, where will she go and what will she do?Although I think that spawning a sequel to a Sci-Fi adventure is an all too frequent occurrence-many of the sequels just aren't that good-""Where Peace Is Lost"" absolutely begs for a sequel. Good job!"
Dante Bravo,51,6,3,"October 15, 2023",,,"Thank you NetGalley and the publishers at Harper Voyager for a chance to read “Where Peace Is Lost.”Kel is fleeing from a troubled past and settles reluctantly in a small village far from her home. When danger knocks on her doorstep, and two strangers appear to have all the answers, her friend volunteers (more like voluntells ) her to join them on a trip that unearths more of her past for the sake of saving her present home. The premise sounds so cool but the lore and world building of the novel is pretty thick, and doesn’t offer much in the way of exposition. I know too much exposition can ruin the pacing, tone, and feel of a debut novel, especially one in a high fantasy/sci-fi setting, but I’d offer this book as an example of what happens when not enough exposition takes place. I spent months getting through this only to feel locked out of key information that would make the story make more sense. If you have the patience for sci fi book that has constant action even if you’re not exactly sure how this is moving the plot forward or even what’s happening, this is the book for you. To be clear, I really wanted to love this book because of its cool cast of characters, I just couldn’t get into it with how thick the sci-fi lore was."
Amber Toro,,29,5,"July 31, 2023",,,"A great adventure quest story! This book reads like a fantasy quest with a little sci-fi flavor. The tech is interesting but also lightweight and easy to understand. Great for those who enjoy fantasy!I really enjoyed all of the characters. The FMC Kel is complex and well developed. An exiled warrior, she makes you think about the impact of action vs. inaction. What does it really mean to preserve peace? The MMC Dare is great, I don't know about anyone else but in my mind he is a tan bright green eyed whitcher. I enjoyed his stoic personality and the way his character interacts with Kel and Saveyy. There is some fun banter and plenty of action. Valdes does a great job creating a rich universe for Where Peace is Lost. The story takes place entirely on the backwater world of Loth with some references to other worlds. I loved how well developed the world was with its own culture, ideology, ecosystem and unique creatures. This was a really fun read that was hard to put down. I hope we get to come back to this Universe soon. Tropes:🗺️Quest⚔️Reluctant Allies to Lovers⛈️Grumpy X GrumpySpice: 🌶️🌶️"
Christina,959,31,4,"December 30, 2023",sci-fi,,"I found this book very slow going at first, with the heroine's frequent internal moral agony monologues acting as the molasses in the gears of the stories. But then I figured something out, and the gears all clicked together. Kel is a paladin. A space paladin, sure, but a paladin. They're expected to be agonizing about ethics constantly and always trying to sacrifice themselves for the greater good. T. Kingfisher has several books about this. So once I'd accepted that, the book went much more smoothly. I appreciated that, like T. Kingfisher, the heroine and her love interest were out of their twenties and more or less mature adults. Unlike T. Kingfisher, the story didn't roll along smoothly with abundant good humor, but we can't have everything. The world building was the best part. The planet Loth, where the majority of the action takes place, is a solarpunk society where basic needs are provided, the justice system is about amends, and the balance of nature is a priority. It's been left alone by the encroaching menace known as The Pale, an imperialist society of ruthless conquerors, because they don't have much that anyone wants. The inciting incident is a Pale war machine that's gotten loose and could cause major destruction if not shut down, so when a couple of offworld adventurers offer to shut it down for a reasonable fee, a friend of Kel's offers their guidance and Kel comes along for the ride. The setting is great, honestly, I just never felt like the story itself was all that much. It picked up quite a bit towards the end but I wasn't particularly engaged with the characters, either. I'm gonna say YMMV again."
TrishEM,8,2,4,"August 30, 2023",,,"I really enjoyed Valerie Valdes’ Chilling Effect trilogy, so I’ve been eager to check out her new novel,Where Peace Is Lost, which debuts on Aug. 29. It was every bit as good as I had anticipated, but forsomewhat different reasons: Although the Chilling Effect books are basically tasty popcorn in the form of space opera, Where Peace Is Lost feels a little more chewy and substantial.Don’t get me wrong; it’s still a breeze to read and feels much shorter than its 388 pages plus end matter(trade size, large print). Its characters are well drawn, and the plot is a fairly direct adventure,except for some memories and secrets that eventually get revealed. But the tone is more serious, oftenwistful and haunted by trauma, as is the protagonist.My full review is posted on the Skiffy and Fanty website, linked below."
Jimmit Shah,403,7,2,"January 14, 2024",,,"An intriguing concept that unfortunately falls short of its potential due to its heavy-handed approach to pacifism and the forced inclusion of a ""They/Them"" character as a vessel for a woke agenda. The narrative centers around a Science Fiction-ish, mysterious male main character with a conspicuous lack of personality, and a female lead hiding behind a façade of survivor guilt. The plot incorporates elements of swordplay and technosorcery, but they come across as mere clichés, lacking the innovation needed to make them truly engaging. The storyline, fails to deliver the excitement or depth that one would expect from a speculative fiction novel. It spends too much time in building up the scene rather than the execution.While the worldbuilding displays promise, it fails to fully compensate for the novel's shortcomings."
Jenn (Jenn’s Bookshelf),300,,3,"February 20, 2024",,,"I really wanted to like this one more. There kept being moments where I felt myself almost being sucked in to the narrative - but it didn't quite get there for me. The tone was so drastically different from Chilling Effect, and expecting a more humorous fun ride (which is what I've come to expect from the CE series, and honestly is my own fault), that I was thrown with this one. Though, I do get what Valerie was trying to do. As always, Valerie has incredible world building and story craft, and I love how diverse her characters always are, but something overall fell flat for me. I really couldn't tell you what, though! I liked the idea of the plot and the world, and I wouldn't mind seeing more of it (that ending did leave space for sequels, which i really hope we get because i will read anything Valerie writes, her writing is fantastic and I do overall really enjoy her stories)."
D.L. Morrese,,56,4,"March 10, 2024",,,"Kel, a young woman with a hidden past, is making a simple life for herself on a rustic planet with a society that's sort of like a hippy commune. She's there partly to find peace but also to hide from an oppressive (or at least exploitative) interstellar empire that has a high bounty on her head. But, when an old war machine is reactivated, she finds that hiding from conflict is no longer an option, and she teams up with a couple other off-worlders to preserve the peace.I enjoyed this one quite a bit. It's a sort of space opera with conflicting cultures, good guys and bad guys, action scenes, and a touch of romance. The last felt unnecessary to the story and seemed a bit forced, but didn't detract too much. The good guys are likeable and relatable, and I found myself caring what happened to them. All in all, a very good read."
Dakota,79,2,5,"August 1, 2023",,,"Valerie Valdes has captured my imagination since Chilling Effect and Where Peace Is Lost has proven her to be a favorite sci-fi author! Where Peace Is Lost follows Kel, a format soldier who is hiding on an out of the way planet when a war machine wakes. The war ended years ago but equipment was deemed dispensable and left, but it poses a very real problem for the people who live on this world. It can and will destroy homes, cities, fields, and take people's lives. Kel, a friend, and two strangers take on the task of stopping the war machine. This book is wonderfully imaginative with the inclusion of weird animals, interesting cultures, and wonderful relationships. Where Peach is Lost is a great example of how science fiction can be imaginative and inclusive!"
USOM,2741,265,4,"October 10, 2023",,,"(Disclaimer: I received this book from the publisher. This has not impacted my review which is unbiased and honest.) I will never turn down a space, secretive past, reluctant found friendship book and Where Peace is Lost fits the bill. This is one of those books that snuck up on me. My initial thoughts were that I loved the friendship Kel has with the community she has found as a refugee. At the same time, I enjoyed the world. This idea that this small planet wouldn't be drawn into the galactic warfare because of its insignificance. It felt very much like a piece of SF worlds and stories I don't read too often about."
kristian,97,3,4,"December 31, 2023",,,Valerie Valdes writes some of the most fun sci-fi I have read in recent years. Her Chilling Effect series has been an absolute blast to read and I have loved the crew of La Sirena Negra. However with Where Peace is Lost we enter a new saga in possibly a different universe. Peace Lost is an intense focused adventure that introduces us to a vast immersive new war torn universe. As usual Valdes' world and universe building is immersive and fascinating. I am so looking forward to a whole new series within this new universe along with wherever the crew of La Sirena Negra find themselves. Still some of the most fun new SciFi in ages.
Kiva,101,3,4,"October 2, 2023",favorites,,"This book is SO GOOD! It has a lot of deep and profound thoughts about war and survival. I was blown away how well it addressed the fact that violence is violence and it does not matter that the other side is 'evil'. The author delves deep into the moral consequences of decision making during a conflict and it has a lot very thought provoking scenes.Outside of that the main characters are all so interesting and cool. And the final battle scene was so good! Overall the book was compulsively readable and overall a great surprise, I am really impressed by this author's range!"
Kat,165,38,4,"April 23, 2024",,,"An excellent piece of science fiction with the elements of romance and fantasy. I’ve never read any books by Valdes, but was impressed how well executed the book was and hoping there will be a sequel in a future. The world building was phenomenal, rich and extremely vivid. The author created a unique culture, ecosystem and war machines, which impacted my reading experience. But what made this novel a great read was the characters and fantastic found family dynamics. I enjoyed not only the complexity of our main character Kel, with all her strengths and weaknesses, but also the other side characters and their banter."
Mark Edlund,1452,2,3,"November 1, 2023",science-fiction-2023,,Science Fiction - a stand alone novel after her interesting Chilling Effect trilogy. Kel is a mysterious young lady living on a planet far off the beaten track. Her past as a monk-warrior catches up to her and things go bad very quickly. The only bit I didn't like was the sudden appearance of various happens that allowed the heroes to save the day. Not sure if this is the first of a series but I would not mind if it did.No Canadian or pharmacy references.
Rachel,571,4,4,"December 29, 2023",,,"The protagonist of this story, Kel, begins as someone who is hiding for her past in order to keep herself and others safe. As the book goes on, she gets reluctantly pulled into a rescue mission where political and personal reprecussions grow larger and larger as the story goes on. Secrets are both guarded and revealed, and close relationship sform as four people work together to save a planet. An enjoyable read, with bonus points for including a nonbinary character."
Atz,72,,4,"January 10, 2024",,,"SpoilersI can't tell if I enjoyed this audiobook or was bored of it. The characters were interesting if a little 2D, but they are probably why I kept reading. The issue was that the plot revolved around a single town in danger of being destroyed, the rather small scale of the potential threat meant it wasn't something that held my attention especially in a genre where often entire galaxies are at threat."
carlybanarly,183,,3,"January 10, 2024",,,"3.5 starsThis was a captivating read, and it kept me wanting to know more. The world created here is pretty interesting, although I would have liked to have known a bit more about Kel’s past. There is a tiny amount of romance, but it’s all closed door/fade to black. I reserve 4 star rating for books I know I will want to read again, and I just don’t think this will be one of those books. I enjoyed it, but not quite enough."
David,779,9,2,"January 24, 2024",,,"*.5Pretty bad. A sloppy mash-up of futuristic sci-fi and superhero fantasy, resorting to high-tech solutions or magic to get the hero out of any predicament. The premise is shallow, the plot barely coherent, the characters unrealistic caricatures, the love story trite, and the writing passable at best. It remains entirely unclear to me why her writing is so popular.Audiobook: the narrator mispronounces many common words, it's baffling and discordant."
zjakkelien,676,20,5,"April 11, 2024",,,"This was excellent. Very good world building, both politically and environmentally. I loved the community at Loth, how everything worked. I liked the slow build of the story, taking its time to unfold secrets across the quest for the demolisher. I liked the characters and how the relationships developed slowly. And I liked the 'size' of the story. This was a small skirmish in the grand scheme of things, but it matters to the people involved."
Ada,1890,32,,"December 7, 2022",social-media-sucked-me-in；sucker-for-the-cover,,in their yearly (?)  video published on 6 december 2022.The cover looked cool. That's it.
Casey,25,,5,"May 31, 2023",,,"Honestly, I am mostly just furious about how good this was. I loved Valerie's other three books and when I saw this one seemed to be a standalone and had a Kel main character (i've loved all Kels since Tamora Pierce) I had to read it and thankfully Harper Voyager approved my Netgalley request. I devoured it. Will read all Valerie Valdes for forever now, thanks."
Kiwi Carlisle,1005,8,5,"September 4, 2023",2023,,"I loved the Chilling Effect trilogy for its blend of action, humor, and outright quirkiness. This book’s neither as quirky nor as funny, but it’s original and entertaining. Valdes does know how to handle a romance with a delicate touch, too, as she proves here. I will definitely want to read the rest of the series."
John,1702,54,5,"September 22, 2023",sf-fantasy,,"Wielding swords, mystical or otherwise, just seemed out of place in what is otherwise pretty straight SF, and ugh, not another budding-romance-between-two-scarred-ex-enemies. Still, the world, the mission, and the cast all hit the right notes for me, and the mystical winged warrior makes a great visual image once she manifests. Very well read by Mozo, who has great character voices."
Kevin,,29,5,"November 4, 2023",,,"A wonderfully unique and refreshing sci-fi yarn. It has a fantasy feel to it, but doesn't get overly lost in world building, it has an impressive backstory that's slowly revealed, the characters are clear and sharp, and there's enough action to keep things moving. Perhaps best of all, it's a stand alone. No tripping into trilogy territory. Great read."
Bernard,491,4,2,"December 1, 2023",,,"Strong female character, so what.Typical story line wherein the main character has a secret. So what.How many stories have had the exact same build up? How many stories have, after a few books, failed to deliver?I read through the book and I wasn't all that surprised. In the end, I asked ""so what""?"
Doctor Science,293,17,4,"December 31, 2023",hugo-poss-2024,,"Star Wars fic with serial numbers filed off. I've never played Knights of the Old Republic, but it's possible that that's the source. I don't recognize the specific characters, so they might be brand-new or might be from KotOR. In any event, there's no Force: just nanites, other body mods, and training. But you'll recognize a lot of the look & feel of the world & tech.What makes our protag, Kel, especially interesting is that she's not just another quasi-Jedi in hiding from the Empire that killed all her friends & family. It's that she *really, truly* won't kill unless she absolutely has to. And boy, until you're reading it, you don't realize how unusual this is in our storytelling, and how *hard* the author and character have to work to keep to that code.Just for that, it goes on my Hugo longlist, even though it's a Kissing Book and I wasn't expecting a Kissing Book and wasn't in the *mood* for a Kissing Book. But I could skip over the kissing parts ... and I really loved what is in many was a Star Wars book about the regular lives of regular people, with no large-scale politicking or Big Forces. The danger Kel is trying to stop turns out to be due to , not the start of a plot of galactic importance--but it still could have completely ruined the lives of every living thing on the planet, in a 100% believable colonialist way.So overall, very good, probably even better if I'd have wanted romance."
Ay ,1087,32,2,"January 20, 2024",dnf,4,"This was an unusual experience for me. I DNF'd the book at around 52%. I already wanted to punch a couple of the characters. Then at around this point one of the MCs had some revelations (which were bleedingly obvious) and I could see the rest of the book unfurling in a certain way, and I just could not be bothered reading the rest of it."
Bfris,70,2,3,"February 8, 2024",,,"I was even going to finish this. The story was a little plodding. Many things about the planet Loth are interesting and the way their society is structured. But at the end, the story really picked up. So first 2/3 or more 2 to 2.5 stars. Last part 3.5 to 4 stars. I would probably read another book with these characters."
Lata,4071,227,4,"April 8, 2024",2024-read；auth-f；sf-f-h,,"On a peaceful planet, one of the Pale’s huge, automated and near unstoppable death machines left behind after the war between them and everyone else, begins advancing for no apparent reason towards human settlements. A small group made up of an elite warrior in hiding on the planet with a huge price on her head from the Pale, a naïve young person eager for adventure, and a captain and a warrior with secrets. They must learn to trust one another to find a way to stop the machine. They encounter difficult terrain, bandits, and their own fears and preconceptions before they can truly come together to save the planet.Thus was weightier and much more thoughtful than I expected, especially as the only other book I’ve read by this author is the one with the spaceship captain transporting space cats and having a difficult relationship with her sister. And despite its more serious aspects, this is also a fun, fast-paced adventure story with some humour and a little romance."
Zivan,678,6,4,"September 4, 2023",,1,"A mix of Le Guin and super hero adventure. In When Peace is Lost Valdes departs from her Chilling Effect universe, leaving behind the humorous aspects and concentrating on the drama. Her main characters are more fleshed out, but her villains are still too cartoonish."
Accidental_Hermit,45,,4,"October 1, 2023",,,"The rating is for the story itself, which I found pretty engaging. That said, I listened to the audiobook and I found the narrator's voices cringe. The main character and the third-person narration were good, but the other main characters, Savvy, Dar, and Lunna, and were awful."
Florence,70,2,5,"October 30, 2023",,,"I enjoyed this book so much! I admire Kel, and I want to be friends with Lunna. Because the book release coincided with the latest season of Our Flag Means Death, I kept picturing Dare as Taika Waititi’s Blackbeard. Dreamy!"
GwenPeds,241,,3,"November 15, 2023",audiobooks,,"Audiobook, well-delivered. Story is Meh -- SF(ish) hunky mysterious MMC with no personality, secretly badass MFC in hiding and wracked with survivor guilt, sword & technosorcery, blahblah. Worldbuilding shows promise"
Engel Dreizehn,1768,,4,"December 15, 2023",library-2023,,"What impressed and excited me the most about the narrative besides pretty, ""space fairy"" technology is just how dedicated to peace + justice, Kel (and her order is) even in the face of dangerous odds."
planethunt,81,1,4,"January 4, 2024",,,"3.5 stars rounding up because of the author’s philosophy that “being kind and thoughtful are the truest sources of power.” But overall I was a bit bored by the book, even though I liked the characters and the universe the author created."
Ma Colle,15,1,5,"January 4, 2024",audiobooks,,"I really enjoyed listening to this book.The story is well written, with a rich world building and well balanced characters.The writing has its weaknesses, but it didn't bother me, I was fully caught in the story.The narrator did probably the job, she is incredible, I loved listening to her!"
Ethan Freckleton,,23,4,"January 8, 2024",,,"Engaging, streamlined narrative in a space opera setting constrained to a single planet. Likable, familiar lead characters who are hide in shadows from their past."
Maya,525,7,4,"January 23, 2024",grrl-power；science-fiction,,"I didn't like this book initially. I was on the verge of DNFing it and then it got good. I loved the humanity and imperfection of the main character, her humility and her flaws. I hope to see her and the crew in sequel soon."
Kris,1292,,4,"January 31, 2024",scifi,,"Whilst I wouldn't quite describe it as a cozy space fantasy (as the back cover proclaims) it is a lot of fun. And whilst it isn't deep with its themes it is like a well made PS2 RPG, where the experience is immersive and enjoyable."
Fiona Maley,16,,4,"March 29, 2024",,,"From the back of the book “A cozy space fantasy” was a perfect descriptor. I found this a gentle but exciting space story with sound precepts, only the necessary amount of (thoroughly deserved) violence and a satisfying ending, all set in a beautifully imagined world."
Rose,690,,,"September 16, 2023",,,DNF 10%
Denise,499,9,3,"October 22, 2023",fantasy；lgbt；science-fiction,,"This could have been a lot better, I think, but fell flat for me in a few ways. A lot of rumination, a couple of characters that were a bit one note, etc."
Kristin,156,2,4,"November 18, 2023",sci-fi,,"4.5 stars for a really lovely eco science fiction book. Beautiful world building, good characters, a bit of romance and well done action."
Matt Evans,2,,4,"November 22, 2023",,,"The end rushes and is a bit self-righteous, but the world building is super fun and the self contained story is a breathe of fresh air in a genre that insists on serializing."
Bookheart.Dreams,328,1,5,"November 30, 2023",pre-order-23,,4.75
Emily,192,2,5,"January 5, 2024",sci-fi,,I loved the setting in this book. The worldbuilding was amazing! Swamp setting was very vivid. The empire building and bigger star system weren't as interesting to me.
Robert M Lewis,2,,4,"January 16, 2024",,,Well written with unusual characters and story lines. I plan on looking at some additional books she has written.
Aaron Warren,303,3,3,"January 30, 2024",,,I thought this was a very interesting story. The world building was well done and the tech was unique. I am interested to read the next in the series if there is one.
M.Marie.S.,469,1,4,"February 2, 2024",,,"Thoughtful and inspiring, with black-and-white Empire-type villains to fight against. The only moral ambiguity posed was when was the best time for the pacifist protagonist to actually fight back."
Kay Jones,121,15,5,"February 8, 2024",science-fiction；sf；space-opera,,Loved it. Great characters in a setting that mixes Becky Chambers' like vibes with space opera / military SF overtones. Maybe Becky Chambers meets The Expanse?
Lys,52,2,4,"March 1, 2024",,,"I really loved this one, which was another random library find. The world building was immersive and I look forward to a sequel."
T,200,3,4,"March 7, 2024",,,4.5 cool world building and good adventures. Romance was obvious but still felt rushed. I would be interested in reading more of the adventures.
Tanner,3,,4,"March 24, 2024",,,"It was a moderately paced and a fun read, but I felt like it was a pretty basic plot. I liked the little details about the intricacies of their society, and would like to have more backstory."
Crystal Blanton,28,,4,"March 27, 2024",,,"This story was amazing, more people need to read it! I would love to see more books with Kel, Dare, Savvy and Lunna."
Amanda Carreiro,36,1,5,"March 28, 2024",,,I seriously loved this book! Exactly the type of adventure story I love in space-form.
Kathryn,907,9,,"April 8, 2024",dnf-for-now,,Not catching my interest very well - has some Nausicaa vibes
Pawel Olas,270,6,4,"April 26, 2024",,,"It is a romance, set it space but could be in a fantasy realm as well. There is not much technology in the book and it actually feels more like magic system anyway. Enjoyable read though."
genie,116,5,5,"December 18, 2023",2023；cant-compare；five-stars,,this book has my heart. it is completely perfect to me. i am screaming in silence.
Marisa,134,,4,"November 20, 2023",,,I didn't like it as much as the Chilling Effect series. The author mentioned she wanted to write something quieter during the pandemic. I really miss her sense of humor which is also greatly needed and appreciated.
Teal,25,,5,"February 3, 2024",,,This beautiful story has stuck with me since I finished it 2 weeks ago. Where Peace is Lost is one of the best books I’ve read in the last year. The feel of the book is a mixture between Cibola Burn by James SA Corey and Black Sun by Rebecca Roanhorse. You should stop reading reviews and start reading this book!
Jona Christensen,294,,5,"February 28, 2024",,,"Kel does her best to stay out of it, but she just can’t help herself"
Lizzy Snow,159,16,4,"December 17, 2023",,,It’s been a moment since I’ve finished this book and I have got to say.It is living free rent in my brain. Just always rattling around up there doing a lil happy dance. Definitely have got to buy it.
Big Otter Books,307,,4,"August 29, 2023",z2023-read,,"In this space adventure with a fantasy twist, Kel Garda, is a refugee of the Pale war (Pale = very nasty, bad aliens). Kel is hiding a huge secret about her past and intends to quietly live out her life on an isolated planet in the middle of nowhere. Until her past comes back in the deadliest way: a war machine of the Pale has suddenly come back online, threatening the entire planet. Kel is reluctantly drawn into the journey to deactivate it by a young friend eager for adventure. Danger and secrets collide as Kel finds keeping her secrets may destroy them all. I enjoyed this book very much. It is a quest type of plot with bandits and weird alien critters just waiting to pounce on our intrepid team. The slow burn terror of the war machine inching ever closer adds another level to the tension of the plot. A touch of romance (very light and well done) and world building that is, as usual with Valerie Valdes, excellent. I was given a pre-publication copy and this is my own opinion. 4 big fat stars-you 'otter' be reading this book!"
Robert Brown,38,,5,"April 12, 2024",,,"Having ready Valdes's Chilling Effect series, I knew that she was great at creating a big universe with big characters with big consequences. It was a pleasant surprise that almost right from the start of Where Peace is Lost, she decided on making something more personal without compromising on the world building, making me quite interested in future stories in this world. If you like charming characters, a lush and vibrant setting, and redemption arcs that have IRL relevancy, get yourself this book!"
Cat Fithian,1052,1,5,"November 29, 2023",audio-listened-to-this；lgbt；science-fiction,,"Really cool world-building, great audio, interesting concepts of warriors, tech-augmentation, etc. Gender inclusive. Great representation of people of various abilities."
