Reviewer,Review Count,Followers,Rating,Date,Tags,Likes,Content
Eliza Jameson,32,4,3,"April 10, 2024",arcs,3,"Thank you to NetGalley and Harper Voyager for the e-arc in exchange for an honest review. All opinions are my own.2.5, rounded up has a really punchy premise that combines high fantasy worldbuilding with political critique. Amir is a “Carrier”; someone born with a mark identifying him as an individual who is capable of travelling through the Spice Gates, portals to other realms. Each realm cultivates a unique spice native to them, and trades it for a high price. Yet, the Carriers in The Spice Gate who make this lucrative trade possible are fated for a life of slavery and poverty. Amir is enraged by the injustice of his world and longs to escape it, with his mom and brother in tow. Basing a universe on the spice trade is very clever, and got me really excited about this book.Unfortunately, for me this novel did not meet the big expectations it set for itself. The opening of this book is in a rush to get started, making it not as engaging as it could be. It contains a lot of info-dumping without a lot of explanation; it feels like it’s trying to get the worldbuilding out of the way so it can tell its story. For example, take this sentence from roughly page two: “Of course, Amir was not certain if Ilangovan was even in Vanasi — no one could ever really know where he’d be when he was not in the Black Coves; the renegade Carrier was as much a spirit as a pirate. But there was one thing Amir was certain was in Vanasi: the Jewelmaker’s Poison” (citation below). This is so much lore about the world to absorb so early in the novel. It does all get explained later, but as you’re beginning a book you need something (often characters) to ground you in the world.This brings me to the other issue I had with this novel: I didn’t really care about the characters. I did find that as I kept reading I started to like Amir a bit more, but I still feel like he’s not super engaging. His initial argument with Hasmin felt really stilted. His dialogue in general felt stilted. The use of “ho” as an expletive (in the linguistic/grammatical sense) would have felt more natural had Amir’s style of speech been more fantasy-esque. As it is, Amir talks like a modern person, which made the interjections of “ho” feel really awkward. It took me out of the world instead of further immersing me.This book did have some very good moments of tension. Amir being chased by Fylan and then not making it back to the Gate in time to return to Raluha with the Carriers was so well written. I really enjoyed that part. I think several more rounds of editing and/or beta reading could have made this a pretty good book.Prashanth Srivatsa.  (Kindle Locations 99-101). Kindle Edition."
rachel x,239,11,,"December 10, 2023",age-adult；genre-fantasy；myth-asian,3,"holy shit, this cover is exquisite"
Catherine,269,4,3,"April 3, 2024",,2,"I received an advanced reader's copy of this book. Welcome to a world of spice. Spice is everything-money, magic, medicine, drugs, religion and regular old seasoning. I have never read a book that described scents and taste so elaborately. If only the relationships were described that well. Amir has been born with the spice mark on his throat so he must be a Carrier--someone who transports the spices to the eight kingdoms through a magic portal. The work is hard and the transport painful, but Cariers are the only ones who can do it naturally without Poison which is not made in any of the kingdoms. Despite everyone's dependence on spice, Carriers are the lowest in society presumably because of a bad past life.  Amir wants to save his family from their harsh life but it seems more an obligation than devotion. All we know about his mother is that she is pregnant with an illegitimate child and cooks well. His younger paints. His father deserted the family years ago. Amir is in love with a princess who is beautiful, kind and cares for her people just like all good princesses. There is a large cast of bad guys whose motivation is to keep things the way they are. The second thing that bothered me was the book seemed very critical of the caste system and the religion that instills it (presumably Hinduism since the author is Indian). Maybe it's because I'm western but the religion in this book did not quite make sense. The god is some cross between the asteroid monster and Jabba the Hut creature that poops out spice. It supposedly created spice and the gates so that people would have order so that civilizations could be created. In return the god seems to be a prisoner of the mysterious ninth kingdom. It really didn't make sense to me but I tried to just go with the flow because I did like Amir and wanted to see how he would end up."
A,90,1,5,"January 27, 2024",,2,"Get ready to be swept away by a mesmerizing tale of adventure, intrigue, and self-discovery! In a world where spice is power and freedom comes at a steep cost, Amir's journey will captivate and inspire you. With a richly woven narrative, this book masterfully explores the complexities of power dynamics, addiction, and the human spirit. I was particularly struck by the way the author wove themes of social justice and resistance into the story, making it a thought-provoking and timely read. You'll be drawn to the vivid characters, heart-pumping action, and mythical world-building that will leave you breathless. This story has it all: gods, assassins, throne-keepers, and slaves, all vying for control in a world where the spice trade holds the keys to power. Amir's transformation from a downtrodden Spice Carrier to a hero who must choose what kind of world he wants to live in will leave you cheering. I loved how the book kept me on the edge of my seat, wondering what would happen next. Do yourself a favor and dive into this epic tale – your imagination will thank you!Thank you Netgalley and Harper Voyager for the advance copy ♥️"
Andrea,,46,4,"January 19, 2024",4-star；epic-fantasy；fantasy,2,RTC
Payton,104,1,,"February 18, 2024",arcs,1,"The intrigue of this book is insane. I was totally enthralled by all the magic and mystery of this book. The beautifully written characters and storyline were so incredible and I couldn’t believe the marvels I was reading about. The adventure of that these strong characters are embarking on is truly amazing, and I enjoyed learning about the mythical land they were apart of. Thank you Avon and Harper Voyage for sending me an ARC of this book."
Riley Hines,15,,4,"April 24, 2024",giveaways,,"3.5 ⭐️’s rounded up!To start: Srivatsa’s writing is absolutely phenomenonal throughout. The imagery was so vivid at every turn - I could really visualize each part of the story. Srivatsa’s technique is especially prevalent when describing the sights and smells of the world. The bazaars, the spices, the environment - it all was so intriguing from the get go. I also enjoyed the opportunity to dive into a fantasy story that was based on a culture other than medieval England! The inclusion of classic Indian dishes, phrases, and clothing made the story that much more immersive and it really was a breath of fresh air to read something new!Now, onto the story itself. As with many fantasy stories, this one is on the denser side. The world building is super in-depth and thought out, but there were a few times when I had no clue what was going on, so it was definitely a “trust the process” kind of book. Many times, it’s paid off! Sometimes, however, it didn’t and I was left more confused than anything. I felt this way specifically about the last chapter of the book (not the epilogue); I think the conflict was resolved too quickly here, which is ironic considering I thought some parts were too drawn out. I also didn’t really understand how Amir killed the Mouth (the world’s God), and that’s a confusion I’m still left with - at the tail end of 400 pages, I think this affected my opinion of the overall story a little. I also think the story suffered from too many “here’s the new conflict or obstacle that our protagonist must overcome” scenarios. This, for me, contributed to the drawn-out feeling I had while reading some parts of the story.Back to the world building! The world building was heavily dependent on themes of religion and class, and I think Srivatsa explored these well. It was really interesting to read about myth and religion and how that can negatively inform class division and create servant classes that are justified by those beliefs. I think these themes were treated carefully and they seemed realistic to me. I also enjoyed the exploration of (spice) addiction and how that can affect how a world operates - if anything, I’d have liked to see this more!The characters: aside from the sometimes bogged down story, the characters are where the book fell a little flat for me. I didn’t really care about any of them. Amir, the main character, wasn’t likable or unlikable per se, but his constant internal struggle got a little old after a while. I also feel like this is a plot driven story where Amir is mostly pushed around by events and circumstances, rather than him making big decisions or “leading” the story himself. This made him “meh” to me as a reader. I also didn’t care about his relationship with Harini because the reader sees none of this in real-time. Amir tells us they’ve had great times together, but that’s all we get, so this part of the “love story” was a little lackluster.The end: in addition to the confusion of how Amir killed the Mouth (which he himself doesn’t understand - this seems like an authorial way to escape having to explain things…), I feel a little empty about the end. I agree that destroying the spice gates made sense for the story, but I think more exploration of the world after such a monumental shift is needed. It is hinted that this shift if difficult to handle, but it definitely needed more! Maybe this will be explored in a sequel? Or maybe the readers have the freedom to imagine how it all works out in the end? 🤷🏼‍♀️Definitely some high points in this story, and I’m glad to have read it! I’d love for a map or an extensive index to be added to the book for ease of reading. I love fantasy and I probably would have come across The Spice Gate on my own eventually, but I’m grateful for the advanced reader copy and GoodReads giveaways!"
Steph (starrysteph),309,302,3,"April 21, 2024",2024；adventure；arc,5,"(3.75 ⭐)  was a colorful & creative standalone epic fantasy – while the world building wasn’t quite integrated smoothly and the dialogue was a bit awkward at times, I really appreciated the vision and journey.In a land of eight distant kingdoms, spices are both power and balance. Each kingdom cultivates one critical spice, and each kingdom is connected to the others only through the magical Spice Gates, a gift from an ancient and powerful god.Amir is a Carrier – the spicemark on his shoulder distinguishes him as a person who can travel through the Gates and transport spices from kingdom to kingdom. Though Carriers are critical to every aspect of society, they are a terribly oppressed group, essentially treated as slaves. Amir experiences extreme pain, both from moving through space in moments and from the sacks on his back, and he fears for the day his kid brother will enter the trade. He dreams of escaping the kingdoms and their cruel royalty altogether, and all he needs is one vial of the Poison (which will help his spicemark-less pregnant mother travel through the gates alongside her sons to live among rebellious pirates). But as Amir searches for his freedom, he gets sucked into a deeper conspiracy – and perhaps a revolution against everything he thought was true about his world.I think this book has a challenging start - there’s a lot of info & lore tossed at you all at once in a bit of a clumsy way - and I can see a lot of readers DNFing this one. However, if you’re comfortable diving into new fantasy worlds and open to being a bit confused throughout the first chunk, I think it’s worth it. It’s a story about fighting back against oppression & the costs of revolution and reshaping, what it means to re-evaluate ancient traditions through a more just lens, and about what it means to be a good parent, child, and sibling. The romance element here is between Amir and Harini, a young woman who is also a throne keeper. Harini very readily dismisses the way she has been raised to view the world (we see this briefly in a flashback) and is wholeheartedly there for Amir. In my opinion, the nature of Amir and Harini’s relationship is a little too fairytale-esque when paired with the more brutal elements of their hierarchical world. I just don’t buy that Harini is SUCH an inherently good soul that she is able to immediately see past everything she has been told.As far as the writing goes, I generally found it quite compelling. The dialogue was the biggest issue (differentiating between character voices, leaning into cliches, mixing words so it felt partially fantastical and partially modern, and so on). But the descriptions of places and the inventiveness of the magic system really let the author’s creativity shine, and I thought the action scenes were well done. My favorite elements were most definitely the mythological ones. The description of the ancient god was visceral and chilling. And the beasts who prowled the outer forests were just as good. The sensory elements (how the spices smelled - how they brought up emotions & memories - the tastes of food) were really beautiful, too.CW: death (parent), classism, murder, gore, animal death, grief, abandonment, addiction, mental health, vomit, excrement  for book recommendations!(I received a free advance reader copy of this book; this is my honest review.)"
Pritesh Patil,,13,5,"April 12, 2024",re-read,,"A Sensory Feast of Fantasy (5/5 stars)Prashanth Srivatsa's debut novel, The Spice Gate, is a whirlwind adventure that tantalizes the senses and ignites the imagination. Step into a world where eight vibrant kingdoms, each defined by a distinct spice and culture, are linked by mystical portals. These Spice Gates, however, are not freely accessible. The burden falls upon the marked ones, the gatecaste, who carry the weight of both spices and societal oppression on their backs.Amir, our protagonist, is a Spice Carrier yearning for a life beyond servitude. His journey takes a dramatic turn with the emergence of a mysterious new spice, throwing the delicate balance of power into chaos. Srivatsa masterfully weaves a narrative that is both thrilling and thought-provoking. The world-building is sumptuous, with each kingdom bursting with sensory details that bring the story to life. You can practically smell the heady cardamom of Zairza or feel the fiery kick of chilies from Dharia.But The Spice Gate is more than just a culinary adventure. It's a story that delves into the complexities of social justice and the fight for freedom. Amir's determination to carve his own path is both inspiring and relatable. The supporting characters are equally well-developed, each with their own motivations and agendas that add depth and intrigue to the plot.Srivatsa's prose is captivating, drawing you deeper into this world with every turn of the page. The action sequences are heart-pounding, while the quieter moments resonate with emotional truth. The Spice Gate is a debut that announces the arrival of a major new talent in fantasy fiction. This is a novel that will stay with you long after the last page is turned.Highly recommended if you like:•	Unique and richly-developed fantasy worlds•	Stories that explore themes of social justice and rebellion•	Strong protagonists with relatable struggles•	Action-packed adventures with a touch of mysteryFans of food, colors and the deep riches of the different world cultures will love the story of Amir's travels and his long journey home."
Amal Singh,,13,5,"February 2, 2024",,2,"If your scriptures tell you to treat someone as sub-human, are they meant to be followed? Should a world be allowed to continue to thrive, exist, as long as some of its inhabitants are in subservience, in misery?Prashanth Srivatsa's rousing feat of imagination, ""The Spice Gate"" tackles the above questions while giving us a thoroughly magical secondary world, where Spices hold power, and multiple kingdoms are entrenched in political turmoil and an uneasy truce over the control of said spices. In ""The Spice Gate"", Amir is a spice-carrier, a gatecaste, is branded by birth to do one job and one job only - to carry spices across portals to kingdoms. Amir hasn't known a better life, but boy, does he want it! If not for him, but for his mother, and even more so, for his brother, whom he fears would meet the same fate as him. But when Amir stumbles upon a super-spice, that might just topple the balance of power across Kingdoms, his fate dangles precariously.The book doesn't waste any time plunging us into the fraught, often brutal world, giving us searing insights into Amir's struggles and his personal stakes. Page by page, chapter by chapter, Prashanth deftly weaves one story thread upon another, presenting us with a great mosaic, a vast canvas of a world that feels utterly lived in, but also immensely alien. Amir is a protagonist constantly worth rooting for, and cheering for, but it's also some of the other characters you'll come to love and want to spend more time with. The absolutely riveting climax would leave you gasping for breath, and the book will certainly leave you wanting for more."
Yannai,115,,,"March 14, 2024",,,"**Thank you to NetGalley and Harper Voyage for the e-ARC**""The spice gate"" is a original, well built fantasy novel, with an interesting exploration of power dynamics, addiction and freedom, novel worldbuilding and everything you might want in such a fantasy book. Unfortunately, I didn't manage to get invested despite these qualities. I felt a bit too far away from the characters or what was happening, even though the narration should have done the trick. I can't pinpoint why I was not so interested, on paper it was a perfect novel for me. I hope it will work out better for other readers !"
Vysakh,1,,5,"April 12, 2024",,,"The author Prashanth blends a tale of courage, betrayal, and discovery as the protagonist navigates a world filled with magic and danger.Prashanth’s writing is immersive, painting vivid landscapes and intricate cultures. His prose effortlessly blends action-packed sequences with engaging moments, creating a great intense narrative. With its richly developed “mystical world” and compelling storytelling, ""The Spice Gate"" is a must-read for fans of fantasy and adventure alike."
Tom Romine,5,,4,"April 14, 2024",,,"I won't get into details and ruin anything. I did really enjoy the novel however, I will say that it's very unique. Took me a few chapters to get into the (mind frame) needed to enjoy it fully. Read it if you can people!"
Elena L. ,795,146,,"March 3, 2024",,,I am intrigued!!!!
mary,19,,,"April 14, 2024",,,good. different than what i have been reading. need to read slow to keep up with all twists. not done yet but am enjoying
Lydia Wallace,416,65,5,"April 21, 2024",,12,"Although I'm not a big fan of science friction, I actually found this book to be quite engaging and entertaining. Very intriguing. I'm looking forward to the next novel. Highly recommend."
