Reviewer,Review Count,Followers,Rating,Date,Tags,Likes,Content
Archer,1366,2,4,"May 2, 2023",,2,"Great series so far, that poor girl can't catch a break. She's going to need a long nap after all this. I've learned to not grow attached to characters in this series."
Chantelle,253,1,2,"June 4, 2023",,2,"I wanted to give it more stars but just couldn't. The concept is amazing but the story is just lacking. It's choppy, dialogue is awkward at times and honestly I'm glad kik died because I was really sick of him as a character. Too much happened all at once. I felt like most of the book dragged and then the last 8 chapters just included everything at breakneck speed. I want to know how it ends but just don't want to waste my time on another book."
~Shawna the crazy coffee reader~,404,24,5,"April 29, 2023",,2,"An amazing return to Silvers world. I have been wanting to return to this series for a while now and I am so glad the authors complied! Silver honestly has the worst luck/fate/past…. And on and on. Not only did she grow up with Underhill as a mother (1st book), but she also lost one of the men she was close to (1st book). Now that she realizes she is on a longer mission than she thought, how many more trials will she go through and who might be lost along the way? Our FMC has truly grown from the wild woman that we saw in the first book. She is adaptable, strong, and righteous even when she wants to be selfish. I found her more relatable in this book and truly appreciated her characters personality. I honestly felt a lot in this book but I cried more than once. The reality that people will be lost in war is real but DANG! I didn’t want it to go down like it did (cry face). I can’t wait for the final book."
Rhiannon Chillingworth,790,186,4,"May 4, 2023",,1,"Kelly St Clare is one of my absolute faves, so I don't understand why I don't like this series more than I do.Silver is, objectively, everything I would want in a heroine, and while she's my da ourite but if the series, there is still something about her as the narrator that I struggle to connect with.I also never felt much towards the romance in book 1, and this book did nothing to change the fact, considering the events.So left with mixed feelings, really! I wasn't a fan of what happened with Unbalance, but there is the potential for the situation to be interesting, if it's going where I think it's going. I'll definitely read the next book, I guess I'm just a bit sad I didn't love it as much as the rest of Kelly's books."
Penny,2462,69,5,"April 15, 2023",,1,"I sometimes feel that I miss certain things since I read so fast, and this book really brought that home to me. I’ll get to that in a moment. Anyway, in this second book, Silver is mourning the loss from the first book, and she eventually realizes that something isn’t right with her love. In between trying to figure that out, she is battling the darkness, literally. I was so glad to see characters that I love, but it took me too long to realize that I knew them…see the statement above. LOL! This is a pulse-pounding, action-filled wild ride that I couldn’t put down. After the events at the end and meeting Andas, I can’t wait until the next one. Highly recommend. I was provided a complimentary copy which I voluntarily reviewed."
Dorian Ley,114,2,5,"April 27, 2023",,,"First, while this trilogy can stand on its own, I recommend reading The Honey and Ice trilogy. It will give you the background of some of the key people that appear in this book and how they got to where they are now.Second, this book has so much going on, it’s hard to leave a review without spoilers but I will do my best……Silver thought she had defeated the darkness. As we know from the first book, her mother, Underhill, told her that ending the child thief was only the first step in her journey. The child thief was created by the darkness. She still needs to stop that darkness but first, she has to free Sigella. We learn a lot about Silver in this book. She knows balance is of the utmost importance. However, since being taken from Underhill to fight the child thief, Silver has quickly learned about love and loss and that achieving balance can be soul crushing. She is torn when she learns what she needs to do to free Sigella. In her quest to free her, Silver meets who she believes is her nemesis, the Oracle. Self made by the jealousy she had for the Oracle growing up. She also meets a few others from the past trilogy and all are willing to help her free Sigella and fight the darkness in any way they can. She also finds changes in Underhill that she can’t believe and can’t quite grasp. We don’t know much about Sigella or even why she is in Silver, and let’s face it, she doesn’t seem all that nice. Will she be an ally, foe or just take off never to be seen again?Once Sigella is freed, Silver must, again, pick up the fight to keep the balance and defeat the darkness. In this fight, Silver jumps many times between Underhill, the scale realm and the Fae lands. With each “visit” to these places, she learns something new about her mother (aka Underhill), the Oracle, the darkness and herself.I absolutely loved the first book of this trilogy, Thorn Kissed and Silver Chained. I didn’t know how Shannon and Kelly would top it but I was quite sure they still had a few surprises left for us. I am happily surprised I was wrong. They gave us A LOT of surprises. Do yourself a favor, set apart some time to read this book in one sitting if you can because the action doesn’t stop. And you might want some tissues. This book will kick you in the feels in oh so many ways."
Laura,273,7,5,"April 29, 2023",,,"Ivy Touched and Bronze Blade, the second book in the Honey and Ice Series by Kelly St Clare and Shannon Mayer, and it explodes into action the moment you hit the first page. Welcome back to the world of Underhill, tie on your runners, you're going to need them. Silver's quest is set before her, her journey laid out by Underhill herself. But with all that Silver has been through, a bit of defiance awakens, and she bargains with herself to still do the bidding of her Mother, and to follow this new feeling within. This coming into her own sends out ripples of change throughout Underhill that manifest in strange ways. Silver may be young and largely untested, but she is a wild thing of Underhill. A wild thing of the ways of Underhill, new to the understanding of balance and all that it means, the implications for those she loves, and for herself. With balance there is light and there is darkness, there is friendship and there is betrayal. There is love and there is loss. There is life and there is death. Through Silver, the Wild Thing of Underhill, we feel all of these emotions. And it is the sting of loss that will have you in tears. It's hard to write a review about a book like this and not tell you everthing that happens. And I want to tell you all of it, about what I think happened and why, about what I think happens next, to share how I felt when certain things did happen. Why I laughed out loud for pages, and how tears rolled down my cheeks even though I tried to hold them back. And thinking of all that, I have tears in my eyes and a bittersweet smile on my lips as I write this. Only the best of stories can do that to you. Kelly St Clare and Shannon Mayer are master story tellers. Believe me when I tell you, they have created a tale that will twist you up in all manner of shapes before, and up to, the very last page. Ivy Touched and Bronze Blade is a must read. The entire series of 5 books are must reads for any fantasy lover. Well done Shannon and Kelly, very well done indeed."
Nyxi Luna,21,,5,"April 25, 2023",,,"Balance in all things my ass… I have fallen in love with this world and this 2nd series takes my connection to Underhill to a whole other level and has me loving it even more. Underhill must have balance and in Silver’s journey there has been anything but balance. Silver is the messenger and representative for Underhill. She has never known a human life or Fae life, yet is thrust into these worlds to do battle against the enemy of Underhill. Along the way she is forced to learn fast and outwit those who she opposes. Raised by Underhill and taught brutal lessons about balance in all things, she is ruthless in her tasks, fierce but also innocent and curious like a child at times…. Remember, balance… I love her for her innocence as well as her snark and tenacity. Early in the series I had a tendency to see Underhill as one of the antagonists, however, the understanding from this installment had me seeing things from a whole other perspective. I shed tears on Underhill’s behalf as well as Silver’s, and even the Oracle. These two authors slay my heart, mind and soul… this series once complete will be epic and may end up becoming one of my top 10 of all-time series. There are many memorable moments from this book, but the one that sticks with me is a quote I would LOVE to share here but due to the context and language I cannot… So, if you do get the book, AND YOU SHOULD, when you get to chapter 9 and read “The pawn of darkness had just ______ the wrong woman!” You will understand why this one just won’t leave my mind. And for those who think you get the gist of this one, trust me, you don’t. Crazy how one word can flip a saying on its head.. or on its face.. (Insert evil laughter here)."
Courtney Delgado,83,4,4,"May 6, 2023",,,"Picking up immediately after Thorn Kissed and Silver Chains, Ivy Touched and Bronze Blade continues Silver’s story. Authors Mayer and St. Clare have expanded the World of Honey and Ice, growing characters, taking readers to new places, visiting some old friends, and triggering all the emotions. In short, revelations are made and oh the plot twists. Watch for easter eggs, both from within this series and other series by these authors. I did remove one star because I am still struggling to connect with Silver, but the overall story is worth it. Undeniably an enjoyable read.A quick summary:🗡️Length: Novel🌿Genre: Fantasy – high, portal, and urban fantasy elements with fae, shifters, witches, and magic, etc.🗡️POV: First person, female main character🌿Age: New adult🗡️Warnings: Language, violence, mind control/possession, and spice🌿Spice: Moderate, there is some on page description; overall the romance isn’t the focus, but it’s definitely complicated🗡️Violence: Moderate, action-focused, grim🌿Editing: This author team’s writing blend continues to improve with each book. Nothing pulled me from the story.🗡️World: Earth realm and parallel/portal worlds🌿Series: Honey and Ice - Book 5; books 4 & 5 are part of a spin-off series, so you do not have to read the first three books, but I highly recommend it as you will get so much more from the story🗡️Tropes: Fate, chosen one, balance of good and evil, sacrifice, loyal friends🌿Ending: More is revealed, there are some answers, but the adventure is not over🗡️Continue the series? Yes! I need to know how this situation resolves"
S M,16,,4,"May 4, 2023",,,"Ivy Touched and Bronze Blade is the second book in the Honey and Ice Series by Kelly St Clare and Shannon Mayer, and even it says book 2 of 2, I'm pretty sure there is more to come! Yay!It starts right off where the first book ended so give that a re-read before you jump in. We are back in the wonderful world of Underhill.It is very hard to write a review without any spoilers as many others have pointed out. The book is amazing, there is great character development and a wonderful exploration of the bonds of love and friendship.Silver has received a quest from her mother Underhil and even though she sets out on the task, she begins to question things. Very much like how teenagers begin to question their parents at that age, but the stakes are so much bigger here!We get more answers on who Silver is, and why she was raised the way she was raised. Why Underhill is changing the way it is and the ongoing war between Balance and Unbalance.The story will carry you through all the emotions: Love, Lust, Passion, Pain, Grief.You will laugh and you will cry when reading this book. It is a fantastic combination of two great story tellers Kelly St Clare and Shannon Mayer.Ivy Touched and Bronze Blade is a must read!I do recommend reading the Honey and Ice trilogy beforehand. It is not a requirement but you will appreciate the background on some of the returning characters.Again, I'm thinking (hoping!!) there is more coming and I'm eagerly waiting for the next book!!!"
Erin Figueiredo,3078,65,5,"April 27, 2023",,,"DAMN! Silver can not catch a break. This girl has been put through the wringer but still comes back tougher and stronger than ever! Coming back into Silver’s story after the events that transpired in the first book, my heart was torn for her. The loss that she had to face while still trying to fight for survival, would tear anyone down, but Silver picks herself up, dusts herself off and continues to fight to end the darkness. Silver is a unique and spunky woman. She’s got a lot of sass and wit but continues to keep the innocence about her. Silver continues to take us on her journey to end the evil that she has been tasked with, but along the way secrets and revelations continue to be thrown at her trying to push her to the breaking point. With the incredible makeshift gang (and family) she has helping her, will Silver be able to accomplish the tasks that others set before her, or will she finally succumb to the darkness?The world building and imagery continues to be creative and imaginative, instantly bringing the story to life. And the storyline is filled with action, suspense, emotional turmoil, drama, angst, adrenaline inducing moments, and twists and turn throughout that kept me gripping my kindle tightly and turning the pages quickly just to see what happens next. And that ending – DAMN – I was not ready for it! Now I am waiting on bated breath for the next part of the story."
Seraphia,1911,26,5,"April 27, 2023",arc-shelf；dark；death,,"Welcome back to Underhill, and the land of the fae! Silver is back in this new installment. Cormac is gone, Silver is brokenhearted, but Aaden is...different to say the least. The big question...did the new tree do something to him when it pierced him? Or is there something more sinister at play? Think the questions stop there? Ha! Guess again! There are more than are going to pile on and you're going to be giving these authors some serious side-eye. LOL! Ivy Touched and Bronze Blade is another great addition to these two authors' combined efforts. You hit the ground running, and they leave you screaming for more. I promise you my tablet lives in fear of suddenly taking flight. LOL! When you start this book prepare to devour it and then wonder where it went. Silver is really maturing in this series and I'm loving it. Were you angry at Kik in the last book?? Well, this novel may or may not have a touch of redemption for the wayward land kelpie. We even get a surprise or two concerning Kik! Cue my jaw on the floor. There is so much going on in this book you're absolutely going to love it. I especially love how the authors tie the title into the story in subtle ways. Definitely keeps me page-turning to find out more every time. Loved book one? Don't miss book two. You already know the drill - prepare for twists, turns, drama, unexpected answers, and a cliffhanger that will leave you howling for book two. LOL! Hands down: 5 out of 5 stars."
Erin McDaniel Coolbaugh,77,,3,"May 1, 2023",,,"If I’m being honest, I am really struggling to connect to this series. The story is interesting and I want to know how the darkness is defeated, but Silver and her romantic relationships are a distraction for me. Part of my problem is the multiple love interests. That is something I’m not a fan of. I know plenty of people are, but I feel that the relationships aren’t as authentic when there are multiple love interests. Note, this is NOT reverse harem. If you’ve read the first book, you know Silver has two men she is infatuated with. Silver spent her life being neglected and she has latched onto these two men who have shown her attention. This is the other issue I have with the relationships, especially now that I’ve finished this book. She doesn’t know what love is and assumes that’s what she has with Aedan and Cormac. Now knowing what happens, I think she has a connection to them, because they are her opposite. After losing Cormac in the first book, she spends a good portion of the beginning of this book whining about how much he had come to mean to her in such a short period of time and now she must protect Aedan. He has been acting strangely. Silver feels compelled to help fix him, while she also needs to free Sigella and defeat the second henchman of darkness. There are some interesting revelations in the book and like I said, I am interested to see how she defeats the darkness."
Kristen,34,,5,"April 28, 2023",,,"Wow! Ivy Touched and Bronze Blade was another seamless & epic book from Shannon Mayer and Kelly St. Clare. Yet again I could not tell which author wrote which parts. Though I could probably guess who made wretched our hearts out.We pick up exactly where we left off, heart breaking all over again. But as we know, Silver is not done saving the realms yet. After losing Cormac, Silver notices Aaden is also acting strange though she cannot yet put her finger on it and must continue on with her journey. Things are changing though no one seems to know why or how. You’ll have to watch closely for all the twists and turns we will take with this one. Just when you think things are looking up….down they come. Feeling happy? That’ll change too. But we still have our heads held high while we support Silver as she embarks on this adventure. Our favorite little bat Ory is still with Silver and we will meet our bestie Kik down the road. We also meet some very familiar faces that well….let’s just say it’ll be very exciting when you figure out who they are. We also meet some new allies that you’re going to like right away. The journey is not over though, and I can’t wait to see what these two amazing authors have thought of next."
Laura Henman,186,2,5,"April 28, 2023",,,"I cannot deny that this book induced quite a lot of differing emotions, throughout reading it. I can also admit that this one is even better than Thorn Kissed And Silver Chains and that's saying something lol.Watching Silver battle the Darkness, through the past hurt and her own feelings, and seeing just how strong she is. Seeing just how she takes all of that past hurt and to then use it, to not only make her stronger, but was without doubt extremely empowering for her.It also helps her finally find and make her own friends and family!! People finally worthy to love and love her back, without expecting something in return for it and then losing a few of them in such a short amount of time was heartbreaking to read!!As is always the case with Shannon's and Kellys books, the action is there, the laughter is there, the heartbreak and the love you are made to have for each and every character is there. What more can anyone ask for??I wonder if Shannon and Kelly would be ok to buy my tissues for all those tears I shed of my own 🤣 🤣 What do you think, hmm?? 🤔 🤔I absolutely loved every single word this series is beyond brilliant.. I can’t wait to see how Silver's journey will end. And to find out what else these two can put Silver and Co through 🤣 😂"
Debbie Eyre,4856,97,5,"April 19, 2023",,,"I was so excited to read this and I have read it in just one sitting and am now sat here blubbering but also a little stunned. We hit the ground running as Silver & co defeated the child thief and suffered a great loss but discover that the darkness has not in fact been destroyed and so must journey on. Silver is an extraordinary character who has been raised in Underhill and not in our world of humans and fae but has adapted so well. She is strong, she is snarky and she is sassy and boy can she kick ass and I did shed a few tears for her as she struggles to come to terms with Cormac. We travel to meet up with some old friends and discover answers to secrets and questions as Silver and her team try to figure out how to defeat the second henchman of darkness. The world building is incredible and you can easily visualise yourself there alongside Silver and the others as they battle on and the storyline is action packed, adventure filled and brimming with excitement, heart pounding moments and devastation and surprise. Twists and turns, most I did not see coming and be prepared to have your heart ripped out with this ending, I am still sat here reeling from it."
Cricket,185,3,5,"April 28, 2023",,,"I loved this book! I have been waiting for this one to come out after the first book Thorn Kissed and Silver Chains. I was not sure that this book would be as good as the first one, but man let me tell you I think it might be even better. I love the characters, they are so well developed and the world building is fantastic! Silver is the daughter of Underhill, who or what is Underhill? The embodiment of magic.  Underhill is not someone you defy, yet Silver dares to do just that. Her friends back her up all the way even though it might mean that Underhill will kill them. I love the action that this book has. I also love the sense of humor that these characters have and the sarcasm is amazing. Of course there are plenty of twists to keep you guessing. And I have decided that I quite love the kelpie Kik. I think everyone should have a sarcastic, cussing and loyal kelpie for a friend. If you are a fantasy lover, love a great story one that will have you gasping, holding your breath, laughing, cussing, and crying and cheering this one is for you. I couldn't put it down."
Michelle,21,,5,"April 29, 2023",,,"This is the second book in the trilogy and so much easy to get into than the first. I grew to love and understand the world that Shannon and Kelly created with Silver and this book definitely does not disappoint and keeps you craving for more! More answers, more hope for for the characters that we have started to learn to love and root for. Silver was hard to get to know and understand in the first book. As Silver, herself is just learning how to interact with our world. Yet here we grow to love her and want her to find love and happiness. So many challenges, choices and losses in her short life. Yet a great support system to help her keep going and to “Get a Fucking Grip” as one reminds her. She is not alone in the fight against Darkness. She has a bigger and higher purpose in this world. One that her life/ mother has prepared her for. Another roller coaster adventure at a very fast pace. Be ready for some heart break on this adventure, along with some laughs. I’m still in shock and a little dumbfounded and yet can not wait for the next book!"
Traci Bookstagram,868,41,5,"April 27, 2023",fae；fantasy,2,"𝗧𝗿𝗼𝗽𝗲𝘀: Fantasy Romance, Slow Burn, Fae𝗢𝘃𝗲𝗿𝗮𝗹𝗹 𝗥𝗮𝘁𝗶𝗻𝗴: 🌟🌟🌟🌟🌟𝗦𝗽𝗶𝗰𝗲 𝗟𝗲𝘃𝗲𝗹: 🌶️🌶️𝗖𝗵𝗮𝗿𝗮𝗰𝘁𝗲𝗿𝘀: 💜💜💜𝗧𝗲𝗮𝗿𝘀 𝗟𝗼𝘀𝘁: 💧💧💧𝗣𝗹𝗼𝘁 𝗗𝗲𝘃𝗲𝗹𝗼𝗽𝗺𝗲𝗻𝘁: 🖊️🖊️🖊️🖊️𝗣𝗢𝗩: FMC𝗙𝗼𝗿𝗺𝗮𝘁: Ebook𝗥𝗲𝗹𝗲𝗮𝘀𝗲 𝗗𝗮𝘁𝗲: April 27th “𝗜 𝗵𝗮𝘃𝗲 𝗳𝗲𝗹𝘁 𝘁𝗵𝗲 𝗴𝗿𝗲𝗮𝘁𝗲𝘀𝘁 𝗽𝗮𝗶𝗻 𝗮𝗻𝗱 𝗹𝗼𝘀𝘀 𝗼𝗳 𝗮𝗹𝗹, 𝗮𝗻𝗱 𝗜 𝗻𝗲𝘃𝗲𝗿 𝘀𝗮𝘄 𝗶𝘁 𝗰𝗼𝗺𝗶𝗻𝗴. 𝗔𝗻𝘆𝗼𝗻𝗲 𝗰𝗮𝗻 𝗯𝗲𝗰𝗼𝗺𝗲 𝗮𝗻 𝗲𝗻𝗲𝗺𝘆 𝗮𝘁 𝗮𝗻𝘆 𝘁𝗶𝗺𝗲. 𝗜 𝗱𝗼𝗻’𝘁 𝗻𝗲𝗲𝗱 𝘁𝗼 𝘄𝗼𝗿𝗿𝘆 𝗮𝗯𝗼𝘂𝘁 𝘄𝗵𝗲𝗻 𝗮𝗻𝗱 𝗵𝗼𝘄 𝗺𝘆 𝘁𝗿𝘂𝘀𝘁 𝗺𝗶𝗴𝗵𝘁 𝗯𝗲 𝗯𝗿𝗼𝗸𝗲𝗻, 𝗷𝘂𝘀𝘁 𝗵𝗼𝘄 𝗜’𝗹𝗹 𝗿𝗲𝗮𝗰𝘁 𝗶𝗳 𝗶𝘁 𝗶𝘀.”Just… what in the world. I have to say that I am a bit broken after this book and I am really hoping that book 3 will stitch me back together again, because… ya… I am a bit broken. This book picks up right at the end of book 1, and Silver has a lot going on. She barely made it past the child thief from the first book, now there is another unknown causing issues. And who is behind both of them?This book gives you an epic adventure that tests Silver to see how much she can take before she breaks. And after breaking, can she still go on? I absolutely loved this book and I cannot wait for the next book!"
HERE FOR THE STEAM,332,,5,"April 24, 2023",,,"Ivy Touched & Bronze Blade is book two in the World of Honey and Ice series and we’re back with our girl Silver! I have to be honest, I don’t recall a time ever rooting more for a female lead who has been up against so many obstacles. Despite being a powerful Fae, she has lived a solitary existence and as time passes she creates more connections and finds more about her past but she just can’t seem to win! At least personally, poor girl can’t catch a break. But in the battle versus the darkness, she is fierce and relentless and it’s this selflessness that makes me so invested in seeing her succeed!Once again, I was completely immersed in this world and the characters. And that ending … here’s hoping there’s some hidden happy ending magic in store for book three cause Silver needs it!"
Kathern Watts,91,1,5,"April 27, 2023",,,"Awesome Book....This book has so many ups, downs, curves and twists that it will keep you on your toes at the edge of your seats. Better wear gloves while you read or you won't have any nails left cause you chewed them off.Silver has darkness coming at her from all sides. She has destroyed the child thief in book 1and now she has a 2nd dark evil to eliminate before she can get to the dark lord. Silver is loved by everyone she meets but evil, they hate her and want to eliminate her. She has to find a way to wipe out darkness and she has to help a certain person, who makes mean tea, escape her prison first. Then she will be able to go for the bad.I laughed and cried and cheered Silver, Kik, Olly and Peggy on throughout the book. Cheers to the author's. They know how to write and please their reader's......"
Heather,76,5,4,"April 30, 2023",,,"I love the world-building, writing, and story in this series. If you are into true fantasy books, this series is for you. It’s light on the romance (although there is some), and heavy on the storyline. I LOVED getting to see what some of our favorites from the Honey & Ice trilogy are up to now. But the suffering that Silver has to endure over and over is simply heartbreaking. She just can’t catch a break. On the positive side, this book really shows her come into her own, as evidenced by her adaptation of ""Earth speak,"" rather than the language of Underhill. And while there were some joyful moments, it is shadowed by so much loss. She’s overcome the child thief, just to realize the Darkness has new foes she has to battle, and new grief she has to endure. I am really hoping for some happy revelations and resolutions in the next book. Silver deserves some joy."
Sandra Bianchini ,84,4,5,"April 30, 2023",,,"I don’t know how they do it but this is another fantastic tale of love, friendship and family by Shannon Mayer and Kelly St. Clare. This is one writing team that you do not want to miss reading. The writing just flows and you won’t want to put it down.This story has it all! You get action, adventure, love and heartbreak. We read about Silver experiencing life’s firsts in a way that is not only heartbreaking but truly beautiful. The adventures that her and her friends go on are one of a kind that you will thoroughly enjoy.There are so many quotes throughout the book that I found quite striking and would love to share with you in my review but I don’t like to leave spoilers so I’ll end with this.You need to read this series! It will become your new go to book.Enjoy and Happy reading!"
Johanny,34,,5,"May 4, 2023",,,"Silver defeated the 1st henchman of darkness, the children are safe. Now she must defeat the second. Of course she can do it! Oh wait...but first, she has to free the ""guest"" living inside of her since birth, no problem, until she learns what needs to be done and sets out to find another way. On her journey she finds out about her past and family she never knew about, loses the love(s) of her life...again...loses one of her friends and the only family she did know. With little time to mourn, she sets of to her original journey, to defeat the second henchmen of darkness, and in the process meets Unbalance himself, becomes something that she believes is a mistake, but will accept for now in order to keep those who live in Underhill. Why are you still reading my review!?!?!? GO!!! Read the series!! Can't wait for the next one!!!"
Rosalyn Neihart Wold,21,,5,"April 14, 2023",,,"Now that Silver has saved the children and the future queen of all fae from the child thief life should get easier right? No such luck. Now, she has to rid herself of a stowaway before she can complete a task for her Mother, AKA Underhill, and save both realms. But how do you do that while you are protecting those that you care about, even though you don’t understand what is happening to them?Silver manages to make a few new friends and allies who happen to be characters that we already know and love. She also finds new enemies and they are who you least expect, which only makes you root for her even more, even though it rips your heart out.This new adventure is packed with action, the signature snark that everyone loves, and heartbreak that sneaks in and makes you cry (twice)."
Lin,268,2,5,"April 15, 2023",,,"Balance. Underhill has always been about balance. But the darkness Silver faced is growing stronger instead of weaker. There's a new threat to face, a trapped fae to save, and so many choices to make. Silver is supposed to face the next tasks alone, but will she? Silver seems to make new friends easier than she thinks she does, and she has so many who were on her side in the previous story, so what will that mean for her tasks? Silver knows that all choices have consequences and that she's supposed to strive for balance, always... It's not always that simple, though. So much happens in this story, and I have a mild book hangover! It's an absolutely heartbreaking, amazing, surprising, phenomenally written story. I need the next book!"
DEBORAH,44,1,5,"April 22, 2023",,,"Ivy Touched and Bronze BladeTwists and turns and twisted again. Silver faces a boatload of mind blowing changes when trying to deal with what she terms the Darkness. In Alaska with the Queen and Oracle, in her “home” of Underhill, in ANY arena dealing with the Darkness or as corrected, the henchmen of the Darkness; nothing is clearly defined. Silver faces truths about herself she never knew, about the Oracle she’s always hated, about her friends and lovers. She comes to realize the necessity of the Balance/Unbalance requirements as well as their costs. Will she succumb to her wants or hold the future paramount? Again there is lots of angst, but the story is so brilliantly complex that this reader hardly noticed."
Ling Whitehall-Cooper,33,2,5,"April 27, 2023",,,"“Men are not always what the sonnets and stories would have you believe. Just because he looks like one you loved does not mean he, or they, are the same people with the same heart.""Picking right off from the end of the first book (what an ending that was! Certainly wiped a few tears away), we join Silver and her friends as she is tasked by underhill to go on a quest. The quest as we predict as dear readers, is never easy and also became an adventure of Silver discovering truths and developing the understanding of the necessity of balance. Ultimately, the price of balance. Highly recommend to readers who like fast action paced Fae stories with strong female leads."
Kimberly,209,1,5,"April 28, 2023",,,"I loved this book and it’s a terrific addition to this addictive series! There’s awesome characters and lots of interesting secrets are revealed. I was pleased there was plenty of mystery and suspense, to keep me engaged and turning page after page. Silver is amazing, Underhill is in trouble and the darkness is difficult to battle. There is nothing I love more than a book that has me laughing and a story line that captures my attention, not only at first, but through the whole book! This action-packed book is filled with danger, Underhill, Fae, mystery, balance, forgiveness, the Oracle, Queen Hyacinth, suspense, oaths, magic, secrets, romance, a henchman, bestie, slaugh, Peggy, unbalance, loss, humor, destruction, twists and turns and more!"
Michele Sweet,50,,5,"May 11, 2023",,,"So Happy to return to Underhill. As well as the other realms. A return to beloved characters. Friendships and lovers. Twists and turns. This story is a continuation of love between Seelie and Unsealie. Love lost and found. Of war. Of creatures as large as dragons and as small as a fingernail. The characters are snarky and fun. The heroine of the story is amazing. She shows so much strength in a time when it seems all could be lost. I cannot wait to read the next book. I’m hoping more people read this series and fall in love with it as well. From the Unique characters, to the amazing realms, I’m enjoying how well written these books are. Thank you Shannon and Kelly, for an amazing escape!"
Patti Burton,182,,3,"January 31, 2024",,,"I really love this author! But these two books, or book 4 and 5, were not up to the first 3 which I read at least a year ago. And obviously based on the ending of book 5, there is a book 6 coming. I hate to start a series when all the books are not yet published. Silver and Orry (the bat) and Kik (oldest Kelpie ever) need to free the realms of the Unbalance are darkness. There is plenty of action and the pace is good, but the explanations of the worlds seem so much more confusing than in the first three books. The explanation of Silver’s heartache went on and on and on. Just a little too much. I don’t think we have seen the last of Cormac and Aaden. I would read book 6 as the darkness has not been totally defeated here yet. Hope soon or I will forget most of the plot/story."
Carol Kather,38,,5,"April 27, 2023",,,"Silver has grown so much since Book 1, Thorn Kissed and Silver Chains. This is a wonderful series, set in an interesting world of magic, with a rich history. Silver has learned that the Evil she is facing will come at her as three. The first was the Child Thief from Book 1, which she barely survived, loosing a valued friend and a part of herself in that battle. Does she stand a chance at winning the against the rest? With Underhill giving her a new mission, and everything around her continually changing, she feels confused and alone. As she battles on against the evil, the Darkness, she learns some earth shaking things about herself, the Fae, Underhill, and the Realms.Shannon Mayer and Kelly St Clare write together so well and so seamlessly, that I challenge anyone to be able to tell which one of them writes what in these books. If you didn't know, you would think a single individual author writes this series. It is astounding. I know there are going to be more surprises to come in the next book. I can't wait, sitting on the edge of my seat."
Lori Kettlewell,44,2,5,"April 27, 2023",,,"Hands down, best in series yet!!I knew when I picked this book up, that I'd bury my head in it till I was done. Matter of fact, am re-reading it now, I truly love these characters.We pick up where we left off with Silver, Orry, Aedan and the crew, and we're throw right off the deep end. Silvers been given her next task, and the decisions she's faced with now, are not for the faint of heart. Being raised in Underhill, and having Balance and Unbalance as her guide all these years, these decisions have serious consequences. The darkness awaits, are you ready for the plot twists? Grab this book!!"
Shelley,5340,482,4,"May 19, 2023",2023-release,1,"*Source* Kindle Unlimited*Genre* Fantasy / Romance*Rating* 3.5-4*Thoughts*Ivy Touched and Bronze Blade is the second installment in co-authors Shannon Mayer and Kelly St. Clare's World of Ice and Honey series. This story takes place 3 years after the original series featuring Kallik and Faolan. Our protagonist, Silver, thought she stopped the darkness and rescued missing children from the Irish Fae Court. She returned the alleged future Queen of all Fae to her mother and put an end to the child thief, but it came with a steep cost. One of their group fell, and another, Aaden, seems to be possessed by an unknown entity. *Full Review @ Gizmos Reviews*"
Taryn Marwick,17,,3,"April 24, 2024",,,"Okay i am into these books now! Silver dropped the weird Underhill speak and we LOVE it. I enjoyed the 3 bringers of darkness trials and thought it set the book up well. I love that kik got his little love story in the end though it was short, totally cried. Silvers relationship with her mom made me sob at the end of the book, I so did not see her dying or silver becoming Underhill. It will be interesting to see her and the oracle work together as power sistas! I also kind of love that even though silver was heart broken it wasn’t all about the men in her life stronger focus on friendship which is so cool"
Jennifer Ashburn,277,4,5,"April 24, 2023",,,"What an amazing read!!The world turns upside down and the bodies come crashing down around Silver and her friends…literally!! With no where to turn and feeling like she has no one to trust can Silver really beat the darkness before it heats her and those she loves. A few eye huge details come to light but also there is some definite gut wrenching heartbreak in this book, so much more than I expected, even knowing the way Shannon writes. Silver has left me feeling all kids of feels for her, she’s had such a hard and lonely life and I can’t wait for the next!"
Arielle stahl,468,9,5,"April 26, 2023",,,"This was an amazing second addition in the world of honey and ice. Throughout this book Silver is still struggling with the loss of one of her companions from the first book and in this one she faces more losses, while trying to find a way to deal with the darkness that threatens to take over.There are so many twists and turns throughout this book that you won't see them coming. Both Shannon Mayer and Kelly St. Claire did an amazing job with the first and second book and I need to read more I'm already having withdrawals."
April Mollenkopf,437,7,5,"April 27, 2023",,,"“Heartbreaking”Beware…these authors know how to gut you and laugh wickedly while they do it . Before you begin reading, grab a box of tissues. You’re going to need it.It is hard to convey thoughts on this book without spoilers but here goes…Love, choices, hate, evil, changes, disbelief, heartbreaking, crying (me)…all as the story unfolds. This was a rollercoaster of emotions, and not all the fun kind.I definitely need the next book now. I am in a book hangover. Good luck."
Cassandra Nina,209,3,5,"April 27, 2023",,,"Mayer and St. Clare are a dream team. The world that they’ve built around such unique characters is something to be admired. This most recent book in their second series together is beyond words. It has everything you can want, action, sass, heartache, love, hate, magic. What’s not to love about it? Silver is finding more and more of her strength as her trials continue but the question left unanswered is will it be enough? I can’t wait for the next book to see her kick more bad guy butt and find out what happens in the end."
Brightlotus1,114,2,5,"April 27, 2023",,,"You have to read this series if you love to read fantasy. Shannon Mayer & Kelly St. Clare are a phenomenal writing team. Their styles blend seamlessly. In this second book of the second trilogy set in the Honey and Ice world, Silver continues her journey. She is constantly growing, evolving and learning. The battle between Balance and Unbalance is taking place is all realms. The scales are tipping and our hero does all she can to stop the darkness. This is a fast paced, action filled adventure that pulls at your heartstrings. I am dying to know what comes next."
Tiffany Blassingill,6,,5,"April 28, 2023",,,"This series is action packed from start to finish. I tore through it in record time just to see what happens next. One of my absolute favorite things about great authors is fantastic sidekicks and this series does not disappoint. From snarky attitudes and quirky personalities the sidekicks have it all. Let's not forget an amazing heroine. She evolves so quickly and effortlessly that I couldn't help but root for her right from the start. Don't get it twisted, there is some heartbreak but it fits the narrative of the series really well. Highly recommend as your next read!"
Candice Martin,41,1,5,"May 5, 2023",,,"I felt so many emotions reading this absolutely perfect next in series/world book. Happiness, sadness, heart, heat…at 51% in, I was crying in a KFC parking lot while I read and waited on my next delivery order to come in. At 68% I was crying again in a different parking lot. I went in restaurants feeling wrung out in the best way. There are heroes to love, villains to hate, villains to kind of love, and heartbreak. But it’s all wrapped up in hope and tied with strength. I cannot wait for more of this story!"
Annie,199,,4,"May 10, 2023",,,This story is great but dragging its feet so hard that I started to skip bits and the story sill made sense. There is now another book in the convoluted story and I’m not sure that I’m going to keep it going. This was exhausting to read. However I may just be in a book slump. So I rated it highly because it is not like other books. The story line is awesome. And its not just about a love affair. This is really about a woman growing into her own skin. Which I like. It’s worth the read.
Kasandra Kurutz,99,1,5,"May 13, 2023",,,"Silver is back on her quest to defeat the darkness and save Underhill and the Earth realm. Although still stricken with the grief of losing Cormac, she must press on. We come to find out, as most probably surmised in the last book that Cormac and Aaden now both inhabit the same body, but what are the consequences of this union? Will it help or hinder the quest? Joined with all of our favorites, this is full of action, victories, and heartache. This story will keep you entranced and left wanting more."
Judy,35,,5,"April 16, 2023",fantasy；must-read-again；reread-recently,,"“Ivy Touched & Bronze Blade” continues Silver's battle for the Realms. Tossed into the Alaskan Court with the Queen and the Oracle, she must prepare for another battle. Can she trust those close to her? Can she trust the Oracle? While dealing with the loss of Cormac and Aaden acting “off”, who will back her in her next fight? Silver must use everything she has ever learned from Underhill to survive and keep her loved ones safe. This was an amazing ride, leaving me hungry for the next book!"
Stacey mann,431,5,5,"April 26, 2023",,,"Omg the emotional turmoil Iv been through reading Ivy Touched and Bronze Blade. Watching Silver battle the Darkness, past hurt and her own feeling, seeing how strong she is and how she takes her past to make her stronger was empowering. watching her finally find friends and family, people to love and love her back and then lose some in the next breath was heartbreaking. The full on none stop action from the first page to the last kept me captivated and on the edge of my seat. I absolutely loved every single word this whole series is a must read .. I can’t wait to see how silvers journey will end."
Beatrix Hagena,122,,5,"April 27, 2023",,,"We basically start right where we left off, and from there on out, this book is filled with snark and action. Balance, that is all Silver is looking for, but how can she balance all her responsibilities and her personal journey? Always by her side, an awesome mouthy team and new friends met along the way. But can they finish the quest for underhill? Maybe one day I will learn to expect the unexpected, but I doubt it. I’m ready for the next book!"
Rose G Reed,6,,5,"April 28, 2023",,,"This series is a MUST for fantasy readers. Shannon Mayer and Kelly St. Clare are masters of world-building and plot-twists that you will never see coming. This book will break your heart, give you hope, and make you laugh out loud with perfectly timed snark. Definitely read with a box of tissues! You thought your heart broke at the end of the first book in this second trilogy? This one hurt worse, and I can’t wait for more."
Leslie,35,,5,"April 29, 2023",,,I absolutely love this series. The writing style between the two writers is seamless. They have woven a fantastic world and series with crazy plots and twists. Silver is not who you think she is and she is more than she thinks she is. I love how much Silver grows and learns and adapts throughout this book. She goes through some hard times that made me outright cry. There are also laugh out loud moments. This series is a definite read and I look forward to the next book!
Judi Breeden,10,,5,"April 30, 2023",,,"Action packed, fast paced and will get you right in the feels! I don't usually cry with books, but this one may or not have produced a tear or two. (But don't worry, it made me laugh and smile just as much) Silver is ever evolving, learning, and growing but every time she thinks she has things figured out, life throws her for a loop (and in ways you won't expect). Pulled me in and kept me hooked through the end! 10/10 recommend."
Jessica Graham,54,,5,"April 30, 2023",,,"I swear this book is next level the authors must have been back and forth with hold my beer! Because it just keeps building up. The beauty, creativity and imagination of this series is amazing!!! Silver is my favorite character in this world and I'm really loving this series even more so than the original! Have a box of tissues ready but it's so worth it!! I plead allegiance to Underhill!!"
Bookish Serendipity Shannon williamson,954,9,5,"May 1, 2023",,,Really knows how to tear your heart out. I have no words for this book. I don’t really know what to say without giving everything away. I just really hope that the things that happened in this book are reversed. Cause it’s straight up rude 😭It was amazing though! These ladies truly know how to write and dig themselves deep in your heart. I need the next book nowwww!
Heather Rainwater-Alvarado,398,14,4,"June 3, 2023",,,"The second installment in this branch of this series picks right up where it left off, and you’d better buckle up, because the story expertly twists and turns till the very end. I love the unpredictability both of these authors build into the story. It makes for an exciting story till the very end. The characters are captivating though they have their own hang-ups and flaws to work through, and the storytelling is top notch!"
Clarissa Winger,124,,4,"February 27, 2024",,,"Another great book. I fell right back into this series. The characters are easy to like & have great qualities. A lot unfolded in between these pages. I was shocked & surprised. some of it i would have never expected. Never the less it was a great book. I am excited about the next book. I can't wait to see how Silver grows even more into her new role, even if she doesn't want it or thinks she is worthy of it or not. She is a born protector & survivor."
Amber,385,5,5,"April 27, 2023",,,There is so much action and heartache in this second book. I love how these books make me feel a wide range of emotions. Silver has to figure out how to correct the balance and unbalance scales.There are great sidekicks and friends. Kik is always amusing and made up for how he acted in the first book.The storyline just pulls you right in. Sliver has to repeatedly deal with ups and downs. A lot happened that I did not see coming. I can't wait to see what happens with Silver's new foe and what happens in the next book.
Christina Wells,218,,5,"April 27, 2023",,,"So we jump back into the world of Underhill with Silver and her gang. After defeating one henchman in the last story who else is left? Darkness continues to spread and only she can help end it. This has many ups and downs and took me on an emotional roller coaster that I would go again and again. Cannot wait for the next one to see who will ultimately win, the light or the dark?!?!"
Jacquie Stolz,438,,5,"April 27, 2023",,,"I didn't think I could love this world more after Kaliks' story. However, Silver has blown me away. So many hidden truths are uncovered. And the fight against the darkness takes a drastic turn. My heart is quite broken. Now, to see what happens next, can we fast forward time yet?"
Sally Robinson,122,3,5,"April 27, 2023",,,"It was a pleasure to come back to Underhill to meet with Silver and her crew. These two fantastic Authors have a way of weaving their words and pulling you into their story and making you care about the characters. Not sure which one of them had the ideas for this book but boy, you outdid yourselves. Salivating for the next one!"
Deanna Freeman,10,,5,"April 28, 2023",,,Yet another amazing journey by Shannon and Kelly!! Book two has us continuing on Silver’s journey to defeat the Darkness and bring back the balance that Underhill is missing.Hold on to your seatbelt because this is one heck of an emotional roller coaster. Will Silver ever catch a break? Will she be able to defeat the next evil on her journey to defeat the unbalance?
Michelle,278,1,5,"April 28, 2023",,,"Okay, first off, I enjoyed this one a lot more than the first book of this series.There's a lot more happening in this one, there's action, banter between Silver and Orry and and another quest for Silver to complete....I definitely needed some tissues for all the feels in this one too!If you like fantasy and you enjoyed the original series, you'd better pick this one up too!"
Amanda,40,,5,"April 28, 2023",,,"This series is heartbreaking, and magical, and thrilling! I love it. Silver is such a strong character. I love that some old friends are back for the ride and I cannot wait for book 3! I could not put this book down once I started reading. Edge of your seat adventure from beginning to end. Just have sometissues handy"
Alicia,206,,5,"April 30, 2023",,,"A Wonderful Harmonious Flowing Book! This is the 2nd Book in the World of Honey and Ice and again dealing with Underhill. We see Silver face truths about herself but about the Darkness she is facing. She learns the costs of Underhill, always requiring balance and unbalance. Many ups and downs in this installment of Silver's story, and I'm eager to see what the next book has for us."
Lynne,177,,5,"May 1, 2023",,,"The story telling of Ms Mayer and Kelly St Clare is as mesmerising as ever and this is even better than the first! Following Silver and her quest with her friends, you’ll be met with non stop action and entertainment from the very beginning right to the end. I can’t wait to find out what happens next."
Melodie Custer-luckett,276,1,5,"May 4, 2023",,,"I LOVE all things Shannon Mayer writes... Have read it all. This series is filled with all the feelings... it's really takes us on a wild emotional journey... Silver has been through a lot, and she is still fighting for what's right. You can read this series even if you have not read Honey and Ice Series, however why not read them all? it will be worth. I promise!!!"
Laura Martinez,1770,43,5,"May 8, 2023",,,From the moment I began reading till the very end I was captured by the story. I loved returning to this world and didn’t realize how much I missed it. Silver is amazing!! I was eager to discover so many things and many questions that I had were finally revealed. I was anxious to see what path Silver would take and I was just in awe of her capabilities. My heart aches for all of the heartache that Silver has to endure in her short life but I can’t wait to see her retribution! I loved the world building and any fantasy lover will enjoy this world immensely.
Stephanie Schmidt,199,,5,"May 6, 2023",,,"This is the second book in this series and they just keep getting better and better. I had a hard to putting this book down for real life to happen. I learned a long time ago to never get attached to a character in any of Shannon's books. This book is no different.  Poor Silver just needs a good nap, and hopefully she can get one now!! I can't wait for the next book in this series."
Hannah Duncan,172,7,4,"May 6, 2023",,,"Oh Underhill… after the last book I was a little confused and perplexed about where this series was going and how it was going to play out, especially with Silver being so naive. After this book, I can say I approve of the direction and growth of our female MC! Great installment to a sure to be fantastic series!!"
Shannon,68,,5,"May 10, 2023",,,"I have no words. I am speechless. I hate how fast I read these books. Even when I tell myself to slow down. This was an AMAZING read. Even though my heart hurts after reading this one, I can’t wait to see what Silver’s next adventure will be. I am hoping for some miracles and some true love for Silver. She deserves it."
Maghon Thomas,1484,1,5,"May 18, 2023",,,I seriously think I’m devastated! Please please don’t let this be the end. Like seriously! I mean I’m crying and shocked and completely heartbroken right now. This series has continued and I need it to keep going. I have questions. I have concerns. But oh boy do I love it!!
Anthony Boyd,300,,5,"June 15, 2023",,,I love this book and I love Ms. Mayer’s and Ms. St. Clare’s writing styles!! Their story flows easily and keeps you entertained. I never felt like there was a lull in the story or a lot of unnecessary filler. They are very gifted and creative authors. You won't be sorry to buy this book.
Lori L Snickles,119,1,3,"March 6, 2024",,,I liked this series. This book was a little hard to follow with the whole balance and unbalance battles going on. It kind of had a big buildup to a grand finale of things working out and the ending just happened with no resolution to some of the storylines presented in this book.
Rebecca S Anderson,7,,5,"March 14, 2024",,,So books 1-3 were… not as great as most of Shannon’s books. I fell like they lacked plot development and sometimes just kind of said what happened rather than using dialogue to show what happens. But these last 2 were much better. Really I wondered why I kept reading but now I know.
Tina Courts,416,1,5,"April 27, 2023",favorites,,I am at a loss for words. So many twists and turns and just when you think you have a handle on what is happening there is more twists. I could not stop reading and looking forward to the next book to experience what will happen next fir Silver. So many feels.
Rebecca,402,2,5,"April 27, 2023",,,"I don't know about anyone else, but I never see the twists coming. It was so hard to put this book down. (Even for a short break.) No spoilers, but no-one is safe in this world. I can't wait for the next book!"
Tina Hines,28,,5,"April 28, 2023",,,You need abs of steel for the gut punches and the roller coaster of twists in this book. Silver is a strong MC from the start and that doesn't change even through all her trials. This series is a must read for sure!
Karen,82,2,4,"May 1, 2023",,,"I love this series. After surviving her first test, Silver is tasked by Underhill (her mother) with another.Silver and her friends have no time to mourn the loss of Cormac or figure out what ails Aaden.Secrets of Silver’s origin are revealed and past characters return to assist her where they can. Silver is in the fight for her life and those she loves, but as we know Underhill must always have balance.Shannon Mayer and Kelly St Clare do not disappoint. This books is terrific, plot twists, fast past action, love and loss. It is a good read."
Becky,138,,4,"April 28, 2023",,,"Twists, loss, twists and more twists. Definitely, a good read! Don’t skip but things to do before this book:-Reread book 1. It picks right back up.-Read Honey and Ice. It will help you understand the side characters and the stage.Can’t wait for the 3rd book!"
Doreen Tuell,615,1,5,"May 4, 2023",,,I totally loved this series! The series have done a fantastic job with getting the details of the characters and scene in step. Besides the fact that I couldn't put it down!
thebooksuccubus,393,38,5,"May 5, 2023",,,Silver continues to feel loss even though she does do not have the time to feel the grief as she must defeat the darkness. This book had me feeling so sad at the end but I have hope for her that she will pull through and be stronger then ever. Once you have hit bottom all you can do is go up.
Angela Schwindt-paul,11,,5,"May 6, 2023",,,"This one brought me to strong emotion more than a few times! Many strings connected and a few severed as well, an intense story that will have you on the edge of your seat the whole time! I just wish our characters had SOME respite though!"
Garrett Olinde,526,5,4,"May 16, 2023",,,"Fairly good, if gloomy story line. Apparently there will be a third.I like the wacky characters, but they got annoying at times.I only read a few of the authors many story lines. This one seems good.The ending for this can be bleak, but don't make it stupid."
Sherri Hudson,13,,5,"June 2, 2023",,,Silver is glorious in her battle for the realms of man & beasts - couldn’t put it down! How long until the next in the series?!?!? I’ll just have to re-read the others while waiting!
Bekah,17,,5,"June 20, 2023",,,Really enjoyed the way this book progressed. The character development of silver really drew me in. I felt her burden and loved her strength. Can’t wait to see how it ends!
sandra,285,1,5,"July 18, 2023",,,"The story goes on. The pain Silver lives thru is unbelievable. I can’t even begin to imagine what comes next……can she have her men back. Kik? Sooooo much pain and loss, it can only get better from here"
Robert D Grady,177,1,5,"July 18, 2023",,,"As always, fast paced and holds my attention. Some parts became obvious to me as a reader that Silver had to figure out, but it was still a good read. Can't wait for the next installment to come out."
becky wilkinson,5,,5,"January 20, 2024",,,"This book had me spell bound, I had to know what was coming next to Silver. She didn't disappoint thru the final word. Can't wait to see what happens in the next book!!"
chrissy,19,,5,"March 29, 2024",,,This was a fantastic series I really hope there is at least one more book coming to finish the story of Silver and her love interest please don't let this story end like this
Tracy Langcake,83,,5,"April 25, 2023",,,"As always there is plenty of magic, adventure and chemistry. I really love Silver and how fierce she is and how savagely she will fight for those she cares for."
Kimberly J,17,2,5,"April 27, 2023",,,This book was action-packed and kept me from sleeping a few nights. I highly recommend this book and the whole series/world.
Nicole Busillo,122,,5,"May 5, 2023",,,Fantastic second book in the World of Honey and Ice series by Shannon Mayer and Kelly St Clare. I truly love this book. I experienced all the emotions while reading it. These two authors have seamlessly blended their styles while writing to the point that I could not tell who wrote which part. The book was so exciting I could not put it down. This book picks up right where Thorn Kissed and Silver Chains left off. It is fast paced and there is never a dull moment. There are several surprises in the book that I did not see coming. I love Silver and this world. It was nice to see some of the characters from the World of Honey and Ice. This book leaves you wanting more. I can’t wait for the next book to come out.
Rita Spriggs,447,1,5,"April 30, 2023",,,Such a beautiful story. Made me cry and want her to win so much. Can't wait for the whole series
Storm Jensen,129,1,5,"April 30, 2023",,,This is a great series. My heart breaks but I need more. I can't wait for the next book to come out. This is turning out to be a pretty epic series.
Lou,1,,5,"April 30, 2023",,,"Absolutely love this book. I can highly recommend this series, evokes so much emotion and full of twists and turns. Looking forward to the next instalment"
Dawn,30,1,5,"May 2, 2023",,,"This story is so good! Typical brutal Shannon though. I laughed, I cried, I continuously had to pick my jaw up off of the floor. 10/10 definitely recommend the whole story."
Ruby,139,1,5,"May 5, 2023",,,Silver has gone through so much! I adore these characters and I was so happy to see the Oracle and the Queen’s bffness in this book. I like Silvers Arc from being alone to be having a community.
Theresa Maas-Anger,81,,5,"May 6, 2023",,,"What a fast paced, emotional story. Everything that the main character believes gets turned upside down and rearranged. Definitely a must read."
Kristi K Reger,153,1,5,"May 11, 2023",,,A great second book in the series. It was fun to see old favorites return. Plenty of action from beginning to end. Can’t wait for the next book.
Kristin,392,2,4,"May 12, 2023",,,Ouch.
Mia,50,1,4,"May 13, 2023",fantasy,,"Where was the amazing romance of the first book?! So much intricate world building and a strong heroine, but I would habe loved to see more of Aaden and Cormac."
Laurie Allmaras,66,,5,"May 15, 2023",,,"Please Don't kill off Orry! Beyond that, this was an exceptional book. I really loved it. Can't wait for the next book!"
Jennifer Mengel,3,,5,"June 22, 2023",,,"Even after a time away, I felt the need to read farther . I hope that Silver maintains her strength to the end."
RH,92,1,5,"July 7, 2023",,,A great continuation to Silver's story. But because of the open ending I really want to next part.
Melissa,399,5,5,"July 30, 2023",,,Loved it. Had me in tears at some points. Need more!
Terri Mendez,1,,5,"August 29, 2023",,,Love this sequel. Gives the characters depth and it has a deeper meaning through the fight between good and evil.
Amanda Henderson,127,7,5,"September 14, 2023",,,Ok. I really liked this series! This book was so emotional. Silver is so strong and getting stronger I can't wait for the next book!
Lisa Wilson-Pennington,3,,5,"December 20, 2023",,,This book slays! All I’ve got to say is…. I’m really hoping there’s a book three. It’s an absolute must! ❤️☺️❤️😳❤️
Ed DeBerry,29,1,5,"January 27, 2024",,,Way too much time between books. I had actually forgotten a lot of the story. All in all worth reading and will read the next book when available.
Curly's  Ramblings,1904,8,5,"April 30, 2023",,,"Book 2 picks up where book 1 left off. It is easy to connect with the characters and immerse into this world where all odds are against Silver and crew. Some new characters are introduced that add to the series. Plenty of snark, action, twists & turns to keep you entertained for hours. The story was gripping and a wild roller coaster ride of emotions. I could have done without the heartbreak though. (Ugly crier here.) Have a box of tissues near by."
Crystal Smith,617,17,5,"May 3, 2023",arcs,,"Well sh!t. I listened to book one so reading this one was a little different for me, but still...SH!T on a cracker, when will Silver catch a break? How much can she loose before she just breaks? She's such a strong character, still learning things about herself all the while learning more and more about the Fae, Underhill and all that comes along with them. Mayer and St. Clare are amazing writers on their own, then when combined, you've got true greatness and simply beautiful stories with amazing characters that you will not forget."
Girlfred2,217,2,4,"April 27, 2023",,,"So well written!! These ladies make these characters feelings and experiences so deep you will definitely need some tissues. This book continues Silver and her plight to try and find the balance her mother Underhill always tried to teach her to achieve, while dealing with danger and heartache! You will go the whole gambit with this series. Laughing, anxious, joyful and sad but you just won’t want to put it down."
Amanda,266,2,3,"May 6, 2023",,,"I typically love Shannon’s work, in fact I love every series apart from 1, but I have struggled with this one for some reason. I’m having a hard time connecting to Silver and staying invested. I’m also having a hard time with the love connections. I just feel very disconnected. There was a lot of action as I’d expect, which is great. I also did enjoy reading the banter between Silver and Orry since I adore them together. Overall hoping that book 3 keeps me more invested."
Julie Miller,13,,5,"April 27, 2023",,,What to say without giving too much away… Silver really comes in to her own in this book. I really identified with her emotional growth as she cultivated and lost relationships. What I admire about Kelly & Shannons writing is that as Silver faced challenges she didn’t change who she was from Book one! I felt all the feels on this one and when it ended I was not ready!!!
Heather Nelson,92,7,4,"April 26, 2023",,,Shannon Mayer and Kelly St. Clare delivered another action-packed story with a kick-ass heroine and fantastic world-building.
Kaitlyn O'Neal,66,,5,"May 20, 2023",,,"Zero doubt about it. Shannon Mayer and Kelly St Clare know how to make you fall in love with characters and then break your heart. Ivy Touched and Bronze Blade was a fantastic read, well-written, and thoroughly plotted to lead to heartbreaks."
Alison EscapeThroughABook,242,11,5,"October 11, 2023",,,HOLY CRAP!! This book!! I couldn’t even! Like I cried and laughed. The mouthy animals. I love it!
