Reviewer,Review Count,Followers,Rating,Date,Tags,Likes,Content
Emerald Willms,4,,5,"June 10, 2023",,13,This book is what you would get if Scott Meyers wrote the Bobiverseseries.
Jeremy,8,,1,"July 28, 2023",,9,"Seems to be written by AI. Dialogue just feels off in many parts, and I love bobiverse too which this seems to be to similar."
Jeevan Kumar,2,,5,"June 10, 2023",,6,"I was lucky enough to read this book when it first came to Royal Road. Iwas hooked from the very start. The first 10 chapters of the book israppid fast, a total page turner.The story follows four characters are they escape from Mars and attemptto find new worlds to transform. Trillion is my favourate character - she’sa lot like how I imagined I would be if I was thrust into a god like position.Atlas is the brains of the team, constantly inventing new technology"
David Ivory,38,,5,"August 10, 2023",,5,A fast paced fun read with sly winks to popular SF works that inspired this original tale. Lots of science woven into the fiction which is nice to see - if you’re going to break science with FTL communication then do it in a manner that shows knowledge of what you’re breaking - nice bit of reality twisting here. If there’s anything to complain about is that it was over too soon. Definitely looking forward to the next instalment.
Chip,858,52,1,"August 3, 2023",dnf；science-fiction,5,Dumb. Read based on overblown reviews and incorrect comparisons to Denis E. Taylor’s decent enough Boboverse books.
Abdulmohsen Alreesh,1,,5,"August 16, 2023",,4,"Where to start?!I have not read a book In a long time, and one of the reasons was I could never find a book that captivated me long enough to keep me longing for more. this book does exactly that! the last book I read was the Martian and I realized then I'm into scifi books which look out of the world and our local problems and addresses problems beyond. this book does exactly that.what I loved about this book is that you get several stories in one with the main characters getting their back story fleshed out I honestly was never bored once. truly a page turner. I was surprised to learn this book is part of a trilogy and I'm excited for book 2 as I need to know what happens to the rest of the characters.get this book you will not regret it one bit."
Andrew Craig,29,2,1,"October 15, 2023",,4,Off brand Bobiverse with no depth or complexity. Avoid like the plague.
Varun Atul,5,,5,"June 10, 2023",,4,"Funny, clever, & originalThe world feels original and the technology is creative."
Ian,667,27,4,"September 13, 2023",novel；series；sf,2,"A great read. The writing is fast-paced and highly enjoyable. A page-turner. The story-uploaded humans escape from mandatory Facebook/Meta cyberspace into interstellar space, explore and terraform a few planets, and then defeat the bad earth ships. What more could anyone ask for? Next novel?"
Michael L. Langlois,4,,5,"June 10, 2023",,2,Read this when it was on Royal Road. It has a very similar feel to WeAre Legion.
Psyckers,156,2,4,"February 20, 2024",mystery；nz-author；science-fiction-fantasy,1,"An interesting book about a crew of synthetic humans and Artificial Intelligences escaping from Mars from the Tyranny of the 'Fermion Party', an organisation that believes humanities future lies within a simulation of their design.Thought provoking themes are discussed through conversations with the crew. Like why a spaceships artificial intelligence shouldn't have any curiosity? Can the practical use for entanglement be for time dilation in training systems and pathways? Could a synthetic human ever feel all the emotions caused from reproduction? ; Amongst other interesting ideas and concepts.Across the novel, there is a good healthy sprinkling of humour as the renegade synthetic crew journey to another star system, away from the prying eyes of 'Sol', while avoiding the attention of an alien empire and terraforming 'New Europa'.The plot reads quickly, which initially, it would be nice to flesh out some more background information and history. As the book progresses though, the characters are fleshed out more, usually through conversations and interactions with each other. Some of these conversations appear to be quite artificial, but the reader needs to remember that they are artificial entities that are trying to work out the universe beyond their programming and 'guard rails' of their artificial consciousnesses. Well done to the author in trying to portray how this aspect would progress.This is certainly an enjoyable read and worth the additional thoughts that result from reading the book."
Horia,267,2,4,"February 25, 2024",science-fiction,1,"I cannot skip comparing this book to the Bobiverse. I definitely would've enjoyed this one more if I would've read it first. Yet, I didn't. I'm a big fan of Bobs.For others it may not be the case, so I totally recommend it. I will definitely continue the series."
Jan Mc,609,88,,"March 26, 2024",audible；audiobook；own,1,"Unfinished, unrated. Not for me."
Barry Vandenburgh,10,1,5,"March 4, 2024",,1,I am a slow reader but would pick up this title every chance I got. I would review other books if there wasn’t a minimum number of words
Magnus Nordin,5,1,2,"August 3, 2023",,8,"I started reading this because I wanted something similar to  but with a bit more depth. A New Eden seemed to have a similar plot and very good reviews, so why not?The book starts out in a very similar fashion to We Are Legion: A number of ships to flee the solar system to escape extreme politics on Earth, piloted by uploaded simulated humans. There are many more details that are almost identical to Legion (I won't mention them because spoilers).However, someone forgot to mention that this is a book in the Young Adult genre. The dialogue is childish, the science is extremely basic (and not plausible, not hard sf at all), and the writing is mediocre. I gave it 100 pages, but I had to stop there."
Jerry,7,,3,"January 8, 2024",,,"Interesting world building and concepts. Overall felt like a draft of what could be an excellent book. There were high points for sure and I look forward to the sequel. Some of the characters made decisions that felt silly, like the time one character rebooted her ship AI because she thought something was wrong, but asked zero questions and did zero research before making the significant decision. Also turning an entire system into materials within 5 years is silly. Geometric growth is a real thing, but make it more believable like 50 or 100 years. If every species can harness the material wealth of a system in 5 short years, then build a giant army in a few more, than that ups the scale of any villians the characters might encounter. Power needs to be more constrained, take longer. It just felt like the book needed an additional editorial pass to really shine. Good bones, but it stumbled."
Liv,97,1,3,"January 31, 2024",2024；audible；fantasy,,"Initially, I bought this book for a credit on Audible for two reasons: 1., ratings indicated it felt very Bobverse-esque, and 2., Luke Daniels is the narrator of itDaniels, per usual, brought the story to life beautifully! This was a solid book, wherein I enjoyed the thought provoking it evoked. Additionally, I frequently found myself rooting for the characters in various tense situations—always good to enjoy the charactersBiggest reasoning for my rating is how sometimes the writing felt a little automated. That could, arguably, be heavily based on the characteristics of the story itself, but sometimes the feeling fell flat and it affected the personality of a few characters (not all, mind you, just a small handful)Overall rating: 3 out of 5 stars"
Brant,21,,2,"December 2, 2023",,,"I made it about halfway through. It’s just not worth the time. You can see potential in the idea, but everything - the characters, prose, and plot - just doesn’t add up to make it worth it. The characters are all strangely naive and juvenile, the AI is inexplicably stupid, the science that should be explained isn’t and the stuff that should be is, and the plot is going somewhere I suppose (I’ll give that one the benefit of the doubt since I did not finish it). I’ve seen a lot of comparison to the bobiverse - this book has a similar idea, but otherwise has none of the charm."
MrTele,5,,2,"September 13, 2023",,,"I did not notice it's filed under ""young adults"" because I dont use Goodreads any more. Regardless, this book is really bad. Characters are dumb, the tech is dumb (Pinocchio was technically more advanced) and AI's are unintelligent and lazy (yes, literally). Artificial Stupidity, perhaps? I made it to 1/3 of the book and then I had enough of this nonsense. How is this total waste of time rated at 4+..."
Fate's Lady,1324,2,1,"April 26, 2024",poc；sci-fi,,"The writing is weak, the story is a less interesting clone of the Bobiverse books but with none of the humor or wit, and the characters are dull, lifeless, and so bland that I am actually irritated. I tried to finish it since I was already close, but I just can't be bothered. You know a book is awful when one of the main characters is facing an existential threat and you're rooting for the soulless AI to just finish them already so you can do something more interesting, like watch paint dry."
Book Reader,1,,2,"August 5, 2023",,2,"I know its Young Adult writing, but it feels like that label is just used to cover up lazy writing.This book feels heavily like it was slammed out quickly on a weekend, due to the writing assignment being due and the author putting it off until the last minute."
Michael,71,,4,"October 2, 2023",,,Personal notes:Reminded me a lot of the Bobiverse with the change of it being multiple different people instead of one person split many times.Very distinct personalities among the 3 main characters with Icarus being a goof and turning into a duck
Adele,203,1,4,"January 4, 2024",,,Enjoyable space drama. Very reminiscent of the Bobiverse with several people being uploaded into VonNeumann probes but these are space ships. There are earth bound enemies and alien enemies and people/probes making big mistakes that can ruin all the plans for the future.
Jonnina Greenaway,1,1,5,"June 11, 2023",,8,Excellent read. Found the first half of the book on Reddit and I’m enjoying it so far. This is a gripping sci-fi novel that challenges the mind and how space exploration could be possible.
Logan Horsford,501,18,1,"August 12, 2023",,,People don't talk like that when they are sending killers. DNF.
Marcin W,165,2,2,"August 23, 2023",,,"Bobiverse like in tech only.As much is like Luke Daniels, he doesnt seem right for this story IMO.Just nothing special here."
Yusuf,1,,5,"September 5, 2023",,1,Honestly very great book!
Muad'Dib,87,,2,"September 16, 2023",young-adult,,"A bit silly, a bit like bobiverse series, just got sick of the whole ""hey lets invent something else to get us out of this jeopardy without explaining any of it"""
Dave Asper,11,,3,"October 6, 2023",,,"It's an enjoyable plot-line, but the dialog feels a bit forced. Finished it, but had to come back to it a few times."
Jan,1316,7,4,"December 24, 2023",audible；science-fiction；space,,"I liked this, looking forward to the second book in the series."
Garry Turkington,7,,4,"February 4, 2024",,,"Probably more accurately a 3.5. A decent SF romp, very much echoes of the Bobiverse light. Definitely picked up in the latter third, will probably pick up the sequel."
Alan,27,7,1,"March 27, 2024",,,Indefensibly pointless knock-off Bobiverse that only distinguishes itself in alternate plot points that make less sense and strain harder against credibility.
Jenni Ritchie,371,4,3,"April 13, 2024",,,So-so. Not good enough to make me want to read any sequels.
Sorcha,142,9,3,"April 16, 2024",,,"Honestly, this book was just meh for me. Not awful, not great. I wasn’t very impressed and idk that I want to pick up the next book in the series. I struggled to finish this."
Belated Brighton,3,,5,"July 30, 2023",ai-scifi；hard-science-fiction；mystery-sci-fi,9,I thought the Audiobook was fantastic. 10/10Fast paced book with a lot of new sci-fi ideas. Luke Daniels was outstanding.
Saige,,19,5,"September 13, 2023",,1,"Sci Fi hasn't been my go-to genre since my teens and early twenties. No regrets about returning to it for this sumptuous feast. Menelik certainly has created a Betaverse with New Eden. A page-turner and now my fingers are itching for #2. Can sci fi influence a beta world? I kind of hope so, but in any case this imaginative clever work is by an author who meets the genre with aplomb and definitely deserves applause."
Abby Goldsmith,,125,5,"January 6, 2024",advanced-tech；indie-authors；series-starter,,"A utopian future after a dystopian present. I think I speak on behalf of most humans when I say we want to terraform alien worlds, explore the galaxy, and discover new technologies to make life more fun and immortality possible! A refreshing read."
