Reviewer,Review Count,Followers,Rating,Date,Tags,Likes,Content
Caroline | BooktokEnthusiast,356,88,5,"March 26, 2023",,13,"4.5 stars rounded up to 5. Yep, I loved this. This is book 3 in a fantasy reverse harem series that everyone should read. It's such a good series. Side note: it is driving me crazy that the authors have not uploaded the book cover on Goodreads yet.After waiting an entire year to get book 3 in this series, I am so happy that it was worth it. I was a little worried about halfway into this book because it seemed to be super heavy on the smut and pretty light on the plot. However, the ending was incredible. I couldn't put the book down for the last ~15%. My heart is still racing. It ended on a cliffhanger, but a good cliffhanger. As in, they won the battle at the end of the book, and are now escaping, but with the promise of war still looming over them. I really like the female main character, Arawyn. She is so badass, but also is believably soft and vulnerable when the scene calls for it. I also think the authors do a great job of showing you that Arawyn is a badass without her having to tell the reader that she is badass over and over again (like so many other ""badass"" FMCs). I also really like all of Arawyn's guys. They are each distinct in their own way with their own personalities. My favorite is probably still Viper, but I think all of them have something special about them that makes me think they're each hot. She adds Dom to her group of men in this book, rounding us out to a total of 4 mates. I'm glad that Rathe had to grovel a bit in this book because what he did at the end of book 2 was fucked up. There are a ton of good smut scenes throughout this book. This book mainly focuses on Arawyn finally arriving in Faery. She is first taught by Dom how to use her powers, and then she poses as one of Rathe's sex slaves so she can hide in plain sight when he is summoned back to the castle by his father, which is where the majority of the story took place. Of course, there are complications back at the palace because Rathe's dad is fucking psycho. He is such a good villain. Finally, I really liked Nissa. Nissa is introduced in this book. She is the human changeling that replaced Arawyn as a baby when Arawyn was left in the human realm. Nissa has grown up in Faery thinking she is the real princess, despite having no powers, and she was raised by the evil king regent. As the princess, she has been betrothed to Rathe since childhood and has feelings for him. I was a little worried when Nissa was introduced that she was going to be vengeful and become a minor villain when she found out she is not actually the princess. I was pleasantly surprised that they did not end up pitting Nissa and Arawyn against each other at the end. I'm REALLY hoping we don't have to wait another full year for book 4. I love this series, but I feel like I start to really lose steam on it when the books are spaced out so far apart. They're not particularly long books, so the waiting period kills me because I finish reading them in like a day! Anyways, looking forward to seeing where they all end up and regroup after that final battle. I kind of hope that Fearson stays locked in his dragon form for awhile and becomes possessive of Arawyn as a dragon while being kind of animalistic (in a funny way) lolANYWAYS, people should read this :) it's a reaaally amazing fantasy/paranormal reverse harem series."
Jennifer,2,,5,"July 19, 2022",,8,My future rating
Matie’s Reads,76,9,5,"March 12, 2023",,6,"Well then. 😫🤩That was insanely good! So crazy action packed! How the heck am I supposed to wait for the next book?!This author duo has delivered once again. If you’re following this saga and liked the first 2 books, you will not be disappointed! Our princesses baddassery continues to evolve and our relationships continue to grow. This book is chalked full of devotion and adoration from these guys and I’m certainly here for it. I thought the relationships and steam in this book were excellent. Aaaaand the story with our new psycho friend is just ::chefs kiss::I don’t want to give too much away, but the world building and action will keep you enthralled and on the edge of your seat. This isn’t the last book in the series, but I don’t feel like the cliffhanger was painful- I just really really want to pick up the next book!"
Rachel ⭐️&#x1f5a4;&#x1f48b;Dark & Dirty & A Lot Of Smutty Reviews&#x1f48b;&#x1f5a4;⭐️,196,50,5,"September 30, 2023",book-boyfriends；favorites；reverse-harem,6,"I’m a little salty cause Amazon said this was book 3 of 3 and this ended on a cliffhanger! I make it a point not to read a series unless it’s finished or the last book is about to release. And I have no idea how many books are left in the series. BUT I absolutely loved this book. Heck, I’ve loved this whole series so far! I will be impatiently waiting for the next book. It’s gonna kill me!"
Hot Mess Sommelière ~ Caro,1288,161,2,"May 8, 2023",fae；magical-sue；mf,5,"Well this series is certainly something and none of it is something I love.To be fairy this was better than book 1 and 2 in terms of pacing and story. The plot was good!However, in book 2, two guys each did something really vile to the heroine. One betrayed her trust and the other broke her jaw (he was sent to assassinate her so fair enough I guess). The issue isn't what they did so much as the fact that there just were no visible, marked consequences.The jaw breaking guy had hurt the heroine multiple times (and exessively, I might add) before he essentially saw her get angry and he recognized her as the rightful Queen. Then, he fell in love quite suddenly, and his transgressions were kind of never mentioned again lol :PRathe, who betrayed the heroine quite heinously, also got off the hook without the authors handling the complexity of a situation like that. I feel robbed from all the OTT drama that should've come after that fallout, but nothing. Honestly the very least would have been to banish Rathe for a year at least.So yeah, I feel like the story always takes the easy way out and I don't like that. Also I was not fond of the glittery, Barbie-ish costume porn that was Arawyn's faeish glow-up. If I have any restraint at all I'll just dump the series.------Pre-reading: I love Stacy Jones' heroines. They are their heroes' hype girls and the heroes always worship them to the moon and back.That is not a dynamic any author can pull off. You have to be unironically corny and campy and filled with positive emotion to write the good stuff.And I'm here to read it."
Madison Smith,127,18,3,"March 31, 2023",,3,3.5⭐️ I really loved the first two books and maybe it’s because it’s been a while since I read them but didn’t hit as much as those for me. I was definitely entertained and it’s a fun easy read but I wasn’t overall underwhelmed compared to how much I remembered loving the first 2
Andrea Bond-Roberts,454,21,5,"November 17, 2023",,2,I am so mad at myself because I didn't realize that this was an unfinished series. Kicking myself for the fact that I now have to wait for the next book when all I want to do is continue to read about these characters. The ending of this book gave me anxiety. I was freaking out the whole end of this book and my heart was just breaking so much. I just can't even process anything right now. Hopefully the next book is out soon (fingers crossed)!
Jessica (Read book. Repeat),666,14,4,"March 27, 2023",,1,"This book picks up right where the last one left off. It took me a hot minute to get reacquainted with the world, the story and the characters, but once I did everything flowed beautifully. I originally thought that this was actually book 2, so I went back and re-read my previous review of the ACTUAL book 2, and that got me up to speed pretty quickly. I loved the descriptions of Faery. There was enough detail to have you able to vividly picture the world and the creatures, but not too much that the story got bogged down in the details and the pacing suffered. It can be a fine line between these two things and these authors are great at walking it. The characters are the same ones that I adore and remember from the previous instalments and I loved that we got to learn a little bit more about them. Viper is still my favourite, but I'm loving the addition of the new guy as well. Rathe and Fear took a bit of a backseat in this instalment, and I really enjoyed it as the authors are allowing us to have longer and more in depth interactions with the different love interests so it feels like they're all getting decent screen time. The story was, once again, well written and I loved learning more about Arawyn's history. Arawyn also really levelled up in this one which I enjoyed thoroughly, and I'm looking forward to seeing what she can do in the next one, which is also looking to be the finale of the series. It can be difficult to write a villainous character that is genuinely terrifying but these guys did a great job, the insanity and unstable unpredictability of Ehrendil was fantastic, and he's a character that you do not want to meet. The pacing moved along at a steady clip and kept the story moving which was great. The spice was fantastic and not too much, there was still a huge focus on the story itself and the character and relationship development aside from the spice, which I always enjoy. This book does end on a cliffhanger, but it's not one that makes you want to rip your hair out, it's a cliffhanger that denotes the end of this ""chapter"" so to speak, and alludes to that which is ahead. These are the kinds of cliffhangers that I enjoy because it still creates anticipation for the next book, but it doesn't leave you with severe anxiety over what is happening. All in all, a fantastic instalment to a series that I've thoroughly enjoyed since the beginning. If you've been reading along with the last two books, this one won't disappoint. And if you haven't read the first two books yet, I suggest heading back down the path and picking up book one. This is a fantastic fae fantasy world with amazing characters and it's just a genuine delight to read."
Kate Drier,42,2,4,"January 31, 2024",,2,"3.5 stars rounded up to 4!This romantic fantasy series is severely underrated! It has adventure, fae kingdoms, witty banter/angst and a why chose romance all on top of a great plot featuring a badass FMC. Amidst Secrets and Shadows is book 3 in the A Court of Gilt and Shadow series and I loved every minute. On a journey to reclaim the life stolen from her as a child and her rightful place as Queen, Arawyn travels to Faery under a guise with the help of her mates. One thing I particularly love about this series is Arawyn's personality, especially her determination. No matter what situation she is faced with she either finds a way or she makes one, but she never gives up. This trait in a character is so fun to read because you can never predict where the story will go or what kinds of situations the character will get into. While I love everything about this world and its characters, I wish these books were 10x longer!! Although book 3 gave us our first glimpse of life in the world of Faery and the horrors of the Kings, I felt things were rushed, and I was left wanting so much more! I think if this series were finished and I was able to read every book consecutively, this series would easily be a 4.5-5 star for me. However, because the books are so quick and there is a wait time in-between each book release, I find it hard to become immersed in the world and reach that top-tier rating."
Maryse,266,,3,"April 24, 2023",2023-reading-challenge；alternative-universe；ends-in-a-cliffhanger,1,"It has been a long wait for this book to come out and to be honest, I needed to brush up on what happened in the previous book before I continued. Thankfully I did, otherwise I would have been a bit lost in the story.I do enjoy this series and this book certainly didn't disappoint with all the action and twists and turns that were going on. The relationships also have grown and deepened and I love Arawyn's relationship with Dom.Be warned that this book does end in a cliffhanger and I'm not sure how many books are planned for this series but I have a feeling it is not going to be wrapped up in the next book."
Sarah (silvy),330,73,4,"June 13, 2023",,1,"the junk food of smutty KU fantasy romances. delicious for all the wrong reasons, but when the cravings hit, they hit, you know?probably the best of the books in this series so far, with a cooler setting, interesting magic developments, and even better spice, but a muuuuuuch slower pace. these books are so short, so the slow pace doesn’t exactly feel as slow as it probably is — but i did find myself wishing for a little more hot, easy to read (though skin-itchingly cringe at times — nothing LESS sexy than one of your boyfriends calling your other boyfriend ‘cookie monster’ during a spicy chapter), with enough actionable plot to keep me invested.check out book 1’s review , if a smutty why choose KU urban-ish fantasy romance sounds up your alley. or if you don’t mind cookie monster as a mid-coitus nickname."
Sarah J.,4,1,5,"March 17, 2023",,1,"Oh my damn. I just love this series so much.Book 3 picks up immediately where the last one ended. If it’s been awhile since you read book 2, I suggest you at least refresh the last few chapters. It started a little “slow” for some maybe, but it had to be. We are now entering Faery and some world-building must be done lol. It doesn’t last long at all and then you’re on a RIDE. We all love the guys. You really get to know them and connect even more. I loved the relationship growth.You would think one psycho-possessed mate would be enough for me , BUT ALAS! I’m in love with them both. I won’t say yet lol. Something I really loved about this book, is that nothing is overly drawn out. This books stays moving. There’s always something lol. It was SO much but still not enough for my greedy little eyes. Side note: I could NEVER read finish a book written in third person before this series. Book 1 reeled me in and it’s still the only books I can read as such. The writing is so well done.I want to say so much but I’m strongly against spoilers lol."
Rachel,1865,91,5,"March 24, 2023",,1,"A Court of Gilt and Shadow is one of my favorite series but gods the wait between books is gonna end me one day. It's like torture however Amidst Secrets and Shadows was beyond worth it. Arawyn is doing great in Faery, connecting with her home has done wonders for connecting to her magic and Faery in general. I kinda forgot how Arawyn may be a badass but she has such a soft and kind heart. It shows a lot in this book but so does a much darker side but not without provoking. Arawyn is powerful and caring and very much a queen. I can't wait to see her get her kingdoms (queendoms?) back.They are a group of five now, Arawyn, Viper, Fear, Rathe, and Dommik. Relationship-wise, things with Fear and Viper are great but things with Rathe had to be worked on however eventually they work out. A surprise comes in the form of Dommik, Viper's half-brother, the crazy Naga assassin who tried to kill Arawyn. The man has changed his tune, he's obsessed with Arawyn to the point he's willing to do anything for her. I mean the man admits to Arawyn that he's trying to get her to fall in love with him and he brings it. Dom has grown on me and I like that he's willing to put in the work. However, Viper is still my favorite with his manic feral personality. He's still dangerous AF, but there’s something playful about him, an unexpected innocence and vulnerability. I adore him and his sass which he most definitely brought in this one.The story has finally moved to Faery. That means unique fae, beautiful vegetation, and enemies everywhere. Ehrendil, the King of the Light Court and Rathe’s father isn't only evil but he's insane. The proof was all around his court who turns out was a lot less comfortable with it than I would have thought because usually fae and nobility like that kinda thing but Ehrendil is too dangerous. Let's not forget Malgath, the Regent of the Dark Court, whose alliance with Ehrendil isn't as great as I would have thought it would be. Things are bad in faery and have been for a while. I get a great understanding of all the things Rathe, Fear, and Viper have been dealing with. Trying to save what little they can and help however/whoever they can. Just mitigating the damage. Readers also get an up close and personal look at all the guys' pain. Fearsome homesickness, Rathe heavy burdens, all of Viper's trauma, and even Dommik's darkness. All of it was horrible but explained things so much more including how they all fit together. Harper and Stacy have done a fantastic job with this series, Amidst Secrets and Shadows is just further proof of it. A monster romance that centers on the fae, a uber powerful mfc, wondrous detailed magic, and devoted mates are just a few of the keywords that light up my heart. Harper and Stacy decided to punish readers once again with a mind-blowing cliffhanger that left my heart aching. The wait for Upon Crowns and Bones is gonna be brutal but once again I know it will be worth it."
Abigail Goess,169,13,4,"April 29, 2023",,1,"4.5 stars. My favorite reverse harem, I love this series. This one started off slow and I had to go back and read the last few chapters of book two to remember what was going on. Eventually the pace picked up. I appreciate that while this book used the mind control trope it was very brief and resolved quickly. I also appreciate that the main character, who we are told is one of the most powerful beings in Faery, is actually powerful! I can't stand when a book tells us its MC's are super powerful and then when it comes to a fight they lose instantly (looking at you Zodiac Academy). It's also the first time in a long time that a book actually made me blush 😂 I'm only sad I read this so quickly and now I have to wait SO LONG for the next one."
Leah,223,40,3,"March 1, 2024",2024-reads；3-stars,1,"This series is definitely not about the depth of the plot, but it was fun. I love the guys and their dynamic with Arawyn, so it was worth it. I got the right kick out of this, so what else can I wish for?Rating: ⭐⭐⭐Spice Meter: 🌶️🌶️🌶️🌶️Chemistry: 🔥🔥🔥🔥"
Rhiannon Chillingworth,790,186,4,"April 2, 2023",,1,"A good read, but I think it's my least favorite.The normal RH tropes felt a bit more apparent in this one, and I found myself getting a little tired of them. I also found her losing as a slave a little tedious.But the next book sounds promising and I'm sure I'll read it."
Brittani Kumar,205,,4,"May 10, 2023",,1,I love these books sm - I cannot get over the whole Cookie Monster pet name LOL but it’s okay bc the rest of the book makes up for it. I love all these men and Arawyn like what a badass. I can’t wait for the next one bc I need to know what happens to Fear 😭
Liz,416,19,5,"June 10, 2023",2023-top-reads,1,"To say that I have been eagerly awaiting the third book in this series would be a severe understatement. I am deeply invested in this series and these characters and this addition only further cemented that. There is so much plot momentum in this book. There are the bright moments of wit and humor, the smexy and sweet chemistry, and some seriously suspenseful and intense scenes, and that ending!!! I was heartbroken thinking we were going to see events play out a certain way, surprisingly (and with not a small amount of relief) events played out very different than my theories and it was some of the best pages of this series so far. Woooeee! This book ended with my heartbeat in my throat, eyes wide, and a huge grin on my face. Book four is going to be epic and I AM HERE FOR IT!"
R,107,4,4,"March 30, 2023",fae；fantasy；modern-fantasy,1,"I mostly enjoyed it, but a few things annoyed me.Warning, minor spoilers (kinda)One; why did the King summon Rathe? There was zero explanation given. He just wanted Rathe home, because reasons? And why didn’t Rathe question his lack of explanation?Two; why didn’t Dom tell anyone what he overheard? He could have prevented everything!Three; Arawyn is a Mary-Sue. She’s just good at everything as soon as she tries, which is boring! It removed so much conflict and stakes and lessened the tension.Four; we’re just cool with the guy who tried to murder us? Ok. I did really like Nissa though. That redeemed a lot of the negatives for me. I’ll def read the next book."
Kay,26,2,5,"March 26, 2023",ongoing-series-2023；pnr；reverse-harem,1,"The latest installment to A Court of Gilt of Shadow universe was well-worth the wait! I loved it. I was so excited about the newest character (considering how book 2 ended!), and love his personality in combination with the rest of the harem. Jones and Wylde are excellent writers and this book showcases that (no noticeable editing errors). I don't know how I'm supposed to wait for the next book, but I'll figure it out because this series has quickly become a forever favorite in my library. Edit: I will update with a more detailed review -post 3/25/23- because I just decided to do a series reread."
Lolo,249,,3,"April 3, 2023",,1,"Didn’t hate it, but didn’t fully enjoy it. 1) It had been so long since I read the previous book that I was confused and took a bit to get plugged into this one. 2) Only the last 20% of the book held anything of substance to the plot. 3) The majority of this book is just Arawyn being overly powerful & having very little flaws, all while getting railed by a few strange yet delightful Fae dicks (side note: I still stand by that the authors discovered you can buy alien/monster dildos and decided to write a book about them).I’m still enjoying this series as a whole, but this 3rd installment just felt meh to me."
Bluebyyou,235,4,1,"February 27, 2024",,,"And then it got worse.By two thirds of the way thru, I was all for the King sucking the life and power out of everyone but Viper.In case you can't tell, I am done with this series. It started out quite sweet but quickly fell into a mess of bad decisions and repetitive sex."
bananananas,118,12,3,"May 27, 2023",bookeddit-recs；rh；you-own-this,,"I was really looking forward to continuing this series but I had a hard time reading this one. My main gripe is that there was so much potential for the plot, which was set up decently in the previous books, but things fell apart because of the spice. There are a lot of plot points that could’ve been addressed better but were barely touched on. For instance, we had a chance to truly understand the backstories of Rathe and Viper, and even Dommick to a lesser extent. While we got to see some hints of it, I was left feeling like I wanted to know more about these character’s pasts. Some of the plot points that were carried through from the previous book felt like they weren’t properly addressed either. One example is the fallout after Rathe dug through Arawyn’s mind; they barely spoke about it and yet she forgave him because she knew he felt guilty? We also got to meet the villains in this one but one was dismissed as “mad” (big pet peeve of mine in fantasy novels when used as the reason why the bad guy is so bad) and the other was unimpressive and easily fooled/defeated. Relationship development between the leads is important in any why choose novel, but the pacing of the story is also important in fantasy novels. It felt like the authors sacrificed one for the other here. And I’m saying this as someone who enjoys spice in the books I read. I get that the authors were trying to develop the romances between the heroine and the love interests but substituting meaningful interactions and conversations with smut and internal monologuing made the story drag. The last few chapters of the book, which is when the plot starts picking up, pulled me in and kept my attention through to the end but had me wishing that this series could be rewritten to make it more plot-based. There was so much potential here and with some reworking on pacing and less emphasis placed on spicy scenes (or really, just better placement of these scenes), we could’ve had an amazing story. I’ll read the next book when it comes out - the authors mentioned it will likely be the series finale so I’m interested to see how they wrap everything up. I wonder if they’re ever going to get back to the guy mentioned in the first book who was Arawyn’s friend but disappeared randomly? I can’t remember his name right now but he seemed important."
Cinder,471,,4,"June 16, 2023",age-na；genre-fantasy；new-cover,,"Rating: 4/5 ⭐Spice: 2/5🔥 Open door / Romance: 3/5 ❤️World building: 3/5 🌎Plot: 3/5 📖 Writing: 4/5 📝Characters: 4/5 👥Cover: 3/5 📓🦄🌌 Portal Fantasy🧝 Fae🧙 Magic🐉 Dragon🥷 Assassin 💕💕 Polyamory Relationships❤️🔥⚔️ Enemies to Lovers💖 Fated Mates ☠️ Revenge-TropeSummary: ✔️ I really love this series and the characters. It's one of the best reverse-harems I read❌ I recommend reading this series when it's finished, I forgot a lot since I read the last book❌ The FMC learned too quickly to control her powers, she didn't even struggle. Also, some things were really confusing ❌ I don't like that the FMC forgave two MMCs so fast Will I continue this series? ✔️Would I recommend? ✔️TW / CW:"
Rachel,1865,91,5,"March 24, 2023",,1,"A Court of Gilt and Shadow is one of my favorite series but gods the wait between books is gonna end me one day. It's like torture however Amidst Secrets and Shadows was beyond worth it. Arawyn is doing great in Faery, connecting with her home has done wonders for connecting to her magic and Faery in general. I kinda forgot how Arawyn may be a badass but she has such a soft and kind heart. It shows a lot in this book but so does a much darker side but not without provoking. Arawyn is powerful and caring and very much a queen. I can't wait to see her get her kingdoms (queendoms?) back.They are a group of five now, Arawyn, Viper, Fear, Rathe, and Dommik. Relationship-wise, things with Fear and Viper are great but things with Rathe had to be worked on however eventually they work out. A surprise comes in the form of Dommik, Viper's half-brother, the crazy Naga assassin who tried to kill Arawyn. The man has changed his tune, he's obsessed with Arawyn to the point he's willing to do anything for her. I mean the man admits to Arawyn that he's trying to get her to fall in love with him and he brings it. Dom has grown on me and I like that he's willing to put in the work. However, Viper is still my favorite with his manic feral personality. He's still dangerous AF, but there’s something playful about him, an unexpected innocence and vulnerability. I adore him and his sass which he most definitely brought in this one.The story has finally moved to Faery. That means unique fae, beautiful vegetation, and enemies everywhere. Ehrendil, the King of the Light Court and Rathe’s father isn't only evil but he's insane. The proof was all around his court who turns out was a lot less comfortable with it than I would have thought because usually fae and nobility like that kinda thing but Ehrendil is too dangerous. Let's not forget Malgath, the Regent of the Dark Court, whose alliance with Ehrendil isn't as great as I would have thought it would be. Things are bad in faery and have been for a while. I get a great understanding of all the things Rathe, Fear, and Viper have been dealing with. Trying to save what little they can and help however/whoever they can. Just mitigating the damage. Readers also get an up close and personal look at all the guys' pain. Fearsome homesickness, Rathe heavy burdens, all of Viper's trauma, and even Dommik's darkness. All of it was horrible but explained things so much more including how they all fit together. Harper and Stacy have done a fantastic job with this series, Amidst Secrets and Shadows is just further proof of it. A monster romance that centers on the fae, a uber powerful mfc, wondrous detailed magic, and devoted mates are just a few of the keywords that light up my heart. Harper and Stacy decided to punish readers once again with a mind-blowing cliffhanger that left my heart aching. The wait for Upon Crowns and Bones is gonna be brutal but once again I know it will be worth it."
Rebecca Carsley,534,7,5,"April 7, 2023",,,"⭐️⭐️⭐️⭐️⭐️ReviewAnother phenomenal addition to this amazing series by two very awesome authors. I swear each book just gets better and better. I seriously can’t get enough of this series and am not looking forward to it ending. Thankfully it continues on a little bit longer!!! We pick up right where we left off in book two on the other side of the veil. She and her men take refuge in the ruins of her fathers Kingdom and it’s here Dommik her ex-assassin begins training her. Faery is beautiful beyond anything Arawyn ever imagined but her people and her land are hurting and there’s a darkness that’s growing and causing it to be dark and twisted. Can she save what’s left? Can she tame and control her magic in order to do so? This is the beginning of her story in a new realm and one you have absolutely got to read.This third book will have you on the edge of your seat all the way thru it. There’s lots of action, we get to see some serious connection growth between Arawyn and Dom, a deeper look into Rathe and Viper, intense character growth for everyone, suspense, steamy , and so so much more. Don’t even get me started on Fear, he just needs to be back to being him in the next book. Ends on a cliffy and I am seriously awaiting the next book in series. This is a series I will always highly recommend it’s absolutely phenomenal in every way."
Nichole,14,1,4,"October 26, 2023",paranormal-dark-romance,,"I'm really torn on this one. I definitely have to say I liked the flow of the first two books more than this one. At one point the book became more spice than plot, which is fine if that's what you plan to read but the first two books have a better ratio. **spoilers**Once shit started to go down at court that spice to plot ratio got better but I have to say I feel like we really missed out on the development of her connection with Dommik. We got to see her feelings grow between the other men in the first two books but with dommik that wasn't explained really and then suddenly he's eating her out in a closet. Another thing I kind of yearned for was all of the action that was packed into the last bit of the book. It was great! It was written so well, so descriptive, I was really getting into it. And then it was over. She held so much hatred towards malgath and then killed him within what 2 pages? Her mother's power that's been held captive for 25 years was released and 2 sentences goes by and that's just forgotten about? There could've been so much more on this whole scene. But then the story is ended, again, on a pretty perfect cliffhanger. I don't know what's coming next but I also don't want to claw my eyes out while waiting for the next book, which is the perfect amount of anticipation for me."
Carol Rupprecht,724,14,5,"March 30, 2023",,,"I love this series so much! Such a captivating storyline that keeps you on your toes while you read. There were a ton of surprises thrown our way and the inclusion of Domm was something I had been looking forward to. He's really grown on me and it seemed like he put forth a lot of effort to woo Arawyn in this book, in his own way. Him and Viper are my two favorites so far and both had some great moments with Arawyn in this book. I loved being introduced to Faery, even in its current state, and seeing what the guys had to experience while growing up there. The world may have once been grand and wonderful to live in but it no longer is. People are forced to follow a tyrant of a leader and Arawyn's men are no exception. It was incredible to see the lengths they would go to keep each other safe and very easy to see how it could be manipulated to get people to fall in line, but it gave you a sense of how close the men were with each other, not because they had to but because they chose each other as family no matter the connection of blood. Arawyn in Faery was truly amazing. It was so nice to see her go from being afraid of her powers and forcing herself to hold everything back in the first book, to barely making any progress with it, then to practically flourishing in her abilities in Faery. Just being in her element, her true home, opened everything up for her, proving she is so much more powerful than we thought. We got to see so many different abilities in this book and I hope to see many more in the upcoming book as she learns and becomes more in tune with her magic. As of right now, she's going with her intuition and it's been very effortless. I cannot wait to see her full potential."
Cat (catnapsnbooks),422,,5,"March 20, 2023",fantasy；faves-2023；omegaverse-rh,,"Amidst Secrets and Shadows was as brilliant as I expected it to be, as captivating as books 1& 2 in this series and it left me on just as much of a cliffy and book hangover as the first two. The characters and worldbuilding are next level and it is so easy to get lost between the pages.  Rathe, Fearson, Viper are by far my favourite harem with the perfect balance of fierce, swoony and touch her and die and it was so great to be reunited with my Cookie Monster again. This book sees the slow addition of one more and I am sure that it won't surprise readers of this series to see who has been added. Arawyn is such an amazingly written female main character, so strong and fierce and ready to throw down when it comes to defending her men and their relationship. This book sees them enter the land of the Fae and we are sent on an emotional rollercoaster as the authors throw in action, suspense and unexpected twists and turns before ending in their signature cliffhanger. If you have not started A Court of Gilt and Shadow it is a must add to your reading list."
Lindsay,644,2,4,"October 18, 2023",fated-mates；knotting；not-all-out-yet,,"Really solid fantasy romance. There’s a good amount of steam while still having plenty of plot, world building, and character development. I love a strong female main character.I didn’t realize they weren’t all out yet, so that’s disappointing. I always try to wait until a series is all out before starting.This is the second reverse harem series where one of the guys is nicknamed Cookie Monster and I don’t like it. It’s weird.I think Viper has had more of relationship focus than the others, so I’d like to see more Raithe and Fear in the final book. Maybe that’s just selfish because they’re my favorites. 😉Steam: knotting, unusual peens, no sword crossing and very little group action, non-virgin heroine but one hero was a virgin"
Sara Ann,599,3,3,"March 26, 2023",,,"I personally think this series is really dragging out. Basically they finally get to faerie, and they're like lets try to train her with her powers. But she is now magically good at everything, and she can do anything that Dom teaches her almost instantly. Like wow she's gone her whole life without this power, and now she can wield it as well as someone who's been alive over hundreds of years???? Then they end up in the evil king's castle, and Rathe's brilliant idea is to disguise her as a sex slave, because that isn't messed up at all. Then we sprinkle some other woman drama in. The only good thing about this book was the ending finally had some action in it. I feel like this could have been wrapped up in a trilogy. I don't know if I will continue with this series because I don't know if I care about the main characters enough."
Chey3995,1476,50,4,"April 4, 2023",,,"Arawyn is growing more into her powers with the help of Dom. As she takes refuge in Faery, trying her best to harness her magic, she finds herself being shoved toward battles with enemies that she isn't prepared for. The latest installment in the Court of Gilt and Shadow amps up the action from the previous book and really focuses on Arawyn and Dom's growing connection, as well as us getting to learn more about Rathe and Viper. I was thrilled to finally get to see more of their personalities and loved how broody and dark Dom was!The cliffhanger wasn't terrible, but the ending didn't quite match the book. Throughout the entire book, we are watching as the characters evolve into a set of bad@$$ people, but the ending kind of lulled and didn't really having me dying for the next book like the previous two did. Overall rating4 ⭐️ ⭐️ ⭐️ ⭐️"
Daphnne,1177,7,4,"March 13, 2023",,3,"Well that took a turn. So we're getting to know Viper and Rathe better while in Faerie. Fear his usual cinnamon roll self and Dom, Dom was unexpected but welcome. Arawyn is growing into herself which is nice to see but then of course it all goes pear shaped cause why not. Rathe's dad is a total malicious psycho. The courts have devolved into something evil and the land is dying. Poor Arawyn has her work cut out for her and by the end of the book was has arrived. This was a great read. A bit slower because we get to see more character development and background which answered several questions. I think the story moved along nicely and set up the next book nicely and I'm looking forward to it."
Sue Harbers,1065,11,5,"March 23, 2023",,,"I am totally in love with the characters and story line in this book!! I literally cannot get enough of this series. Arawyn is a total baddie and absolutely turning into the leader she was born to be. She still has a long road ahead of her in terms of righting the wrongs that have been done but she's well on her way. A lot of that is thanks to the directive and teaching she gets from a certain someone, who we have come to love!! And of course, my heart Viper is back and I couldn't be happier! Viper is one of my favorite characters of all time. I can't wait to see what the group has planned next but they have chosen their path and now everyone is aware so things will be happening fast from here out!"
Nina,17,,5,"April 1, 2023",,,"The authors really did a great job building this world and developing the characters. I’m really satisfied with hold everything played out…… well almost everything*spoiler*I just don’t get why Dommick did tell anyone what the king had planned and let the prince get poisoned like that. That’s the only thing that doesn’t make sense to me. Also, with book four I really hope the ending is a little more fulfilling. Books 1-3 ended after a big altercation. With the last one I hope we get to see a bit of the world they wanted to fix, fixed and thriving. Not the whole ok bad guy’s dead let’s put the next powerful person in charge and hope it works out. We all saw the last season of Game of thrones. I just want to see everyone happy and healed."
Jezzica  W,9,,3,"May 20, 2023",,,"Initially, this was one of my favourite series, but this book was so disappointingly rushed. So many things that didn’t really make sense, or were just so convenient? The whole part about Dom spying on the king and gaining important information - just to keep it to himself and it not go anywhere? Didn’t warn the others or even mention it?? I think the writers forgot they wrote that whole chapter, it was so frustrating and confusing to the storyline. I really wished they had taken the time to think out the storyline and reasoning behind the decisions the characters make. It was such a great fantasy but now unfortunately feels like it’s lost it’s substance throughout this book :("
ChocoholicReader,405,23,3,"June 20, 2023",,,"Rating- 3Heat- 4I must be in the minority, but I took off a star on my rating because of Dom. I rarely like it when harem members are added after the group has formed. It doesn’t make sense. Viper, Rathe, and Fear have repeatedly shown how possessive they are. Several times it’s been mentioned that they don’t mind sharing with each other but wouldn’t want her going outside the group. Then Dom shows up, tries to kill her, hurts her badly, and everyone is just immediately like “It’s fine if you want him too.” Arawyn never mentions feeling the same draw to him as she does the other three, so I don’t even know if Dom is also fated or just someone she fell in love with. Can she just add everyone she likes without any of the men blinking an eye?"
Cristy,368,11,5,"March 22, 2023",,,How does one even begin to write such an adequate review for such an impeccable story? I was so captivated by every word. Everything that happens in this amazing realm shed's light on the horrors that Arawyn's mates had to endure. The devastation and destruction that was caused by one selfish crazed individual becomes apparent. I was amazed at everyone's self control. Through the unmistakable darkness there is light.I am waiting on tenterhooks for the next book to learn what happens to my dragon 😁
Megan,21,3,5,"March 23, 2023",,,"I impatiently waited for this next addition to the story and it didn't disappoint! I loved everything; the connection between Arawyn and the guys, the fast paced action and the world of the fae. Everything is brilliantly written and makes you feel as if you are there with the characters, feeling the love, pain, and twists as they are revealed. I cannot wait to see what is in store for Arawyn, along with the Fear, Dom, Rathe and Viper. I have a feeling as their story continues we are going to be on a wild ride, as for what comes next, and I can't wait for it!"
Isabelle,296,12,4,"April 4, 2023",,,"I am a fan of the FMC, I personally feel that she is a well rounded character that is easily liked! Still had hoped for more plot/world building as it felt a little brief, it seemed heavy on the smut (which is appreciated) but would have liked a bit more balance as I know it is an amazing skill of Stacy's when reading her sci fi series. The relationships with the FMC are good, and you can see the growth and connection progressing which I love. Great description and writing on entering Faery though so was able to easily picture the world created. Eeeeek to the cliffhanger 👀"
Cristy,368,11,5,"April 4, 2023",,,How does one even begin to write such an adequate review for such an impeccable story? I was so captivated by every word.Everything that happens in this amazing realm shed's light on the horrors that Arawyn's mates had to endure. The devastation and destruction that was caused by one selfish crazed individual becomes apparent.I was amazed at everyone's self control. Through the unmistakable darkness there is light.I am waiting on tenterhooks for the next book to learn what happens to my dragon
Bec,182,3,4,"April 24, 2023",2023,,"i am a damn fool for thinking this was the last in the series. i don't know why i thought that, but FUCK, the CLIFFHANGER. god damn it.book two let me down a lil but book three bought it back! this was so action packed, full of interesting info and new information but was never once boring. i loved seeing the relationships grow between the characters, i love how easily dommik is fitting into the fold and seeing how much viper, rathe and fear just love arawyn.i can't fucking wait for the next book. time for girl boss arawyn shit to hit the fan"
Stephanie Terpstra,122,,4,"May 17, 2023",re-read,,Love this series so much ❤️ just wish I had morreeeee hahaBUT... Plot hole spoiler ahead that drives me crazy: Okay.. so at one point Dom goes to spy on the two big bad people.. where they pretty much layout their plan. Cut to a few chapters and Dom never tells them his findings? (AND there was a whole spy thing where he hears that one bad guy try to find arawyn... but like that never comes into play either?)And also the whole mind connection thing... if rathe knew he was being compelled... why wouldn't he tell arawyn? Instead of sending ' good vibes' through the bond. Like what!?
Victoria,392,,3,"May 23, 2023",2023,,": It was enjoyable but not without its faults. . I really saw no point disguising Arawyn into a slave, she could've just stayed in her father's castle with Dommik who is bound to protect her anyways. And also was a bit quick to forgive Rathe for what he's done in the previous book."
Laísa Aliandro,194,,4,"December 27, 2023",kindle-unlimited,,"*3,5Como comecei o livro achando que era o último da série, me frustrei demais com o pacing... achei o começo muito lento e fiquei irritada com o tempo perdido em detalhes sem importância nenhuma pro grande esquema das coisas.Várias decisões tomadas me deixaram bamboozled! Todo mundo concordando em uma direção de ação e de repente a gente ia pro lado oposto, sem nenhuma recompensa real. Mas estou animada pro próximo livro (espero que seja o último) e pra ver como tudo será resolvido."
Mumto2girls ,499,5,4,"April 4, 2023",,,"Arawyn is coming into her power in this latest (and hopefully second to last) instalment in the Court of Gilt and Shadows series. Her men who now include Dommik, have entered into the land of the Fae and, as they confront the madness of Rathe and Viper’s father, Arawyn begins to see the magnitude of the battle to come. The story does end on a cliffhanger but hopefully the next book will be the last and all will be resolved. I happily and voluntarily reviewed this book."
Arna Strømmevold,170,1,5,"April 4, 2023",,,I feel I’ve been waiting years for this book 🤩 and it definitely lived up to my expectations! I love how the plot develops and that ending!! The guys are amazing and I love how Dom fits. I am totally unable to pick a favourite. The realm of faerie is so cool. And I can’t wait to see the night realm in the next book. That cliffhanger killed me and I’m counting the seconds til I get to see what comes next ❤️
Ashleigh,160,1,4,"April 9, 2023",,,I really enjoyed this book I waited all year for this book series. It really mixes Why choose and such a good plot. I like the originality and difference of it. It really blends really well. I liked the outcome of Dom. He really seems to fit right in. I love the progression of her powers and watching her regain her sense of being. I’m eagerly waiting the next book. Also I love the various monster forms of the fae. Ugh. Fear!
Jacquie Stolz,438,,5,"April 30, 2023",,,"I am in love with this story. Arawyn and her men. The mess the false king and regent are doing to fairy. I love the developing bond she has with all the guys. She may be upset with a few and have been betrayed, but her heart and soul are so full of love and compassion that she can't stay mad long. Arawyns growth with her magic is astounding and I cannot wait to see what happens next"
Jannie Cv,987,28,5,"March 23, 2023",fantasy-romance,,"Exciting, hot, and more to come!The story continues: what a splendid adventure this is becoming! I can’t think of a better crew to have with you when all that stuff hits the fan in the land of Fae. I love it when Arawyn begins to truly come into her powers. She’s simply amazing! Definitely a not-to-be-missed read. Exciting and hot!"
Pamala Hunt,916,6,5,"April 4, 2023",,,"Wow!! Just wow..love this flipping series, that ending, I couldn't put the book down until I read it until the very end!! No spoilers.. just wow!!! Emotional Rollercoaster, wanting to smack Rathe, wanting to hold them all close, and then tell them, and me it will be okay. Right? I'm hoping for the next book to come really soon. Love it!!!!!!"
Edie Kidd,32,1,5,"April 16, 2023",,,"This third installment of A Court of Gilt and Shadows did not disappoint. I LOVE this series!! Arawyn, Rathe, Fear, Viper and Dom are characters that make you FEEL. I love Arawyn’s strength, her mens’ protectiveness and how their love for each other is healing in many ways. Jones and Wylde have done it again. Thank you, ladies."
Danielle Raymond,3,1,5,"April 25, 2023",,,The previous books perfectly set up this amazing story. I absolutely love all the characters and their personalities. This book has a perfect amount of smut with plot. This is an author I will continue to read and wait for their work. I absolutely recommend you read this series!!!!!!!!!
Misti Britnell,213,2,3,"May 3, 2023",,,"This book and the whole series so far is excellent, but I HATE cliffhangers with the passion of a thousand fiery suns. I would have given this one star except it is really good and I should have read the reviews before starting it. If you hate cliffhangers, wait for them to finish this series then read it."
Judith Moore,1,,5,"November 6, 2023",,,I loved the plot in the series and the characters. Felt like there could have been darker spicy scenes and more relationship building scenes but other than that I loved the intensity and hook. Recommended for people just starting to try and get into dark paranormal romance.
Rebecca & Will,29,,5,"April 6, 2023",,,"This is exactly what I look for in a 5-star book. Wonderful writing, relatable characters and an interesting story line with unique aspects. I can’t wait to read the other book in this series!"
Suzie,437,7,5,"July 16, 2023",,,I have read all 3 of the books one right after the other and will be starting the 4th book now. I only stopped long enough to sleep because the story is so engrossing. I can't wait to see what happens next!!
Rosenknospe ,20,3,5,"March 24, 2023",,,That was insanely good!! Just keeps getting better! So looking forward to Book 4!!
crystal  Gibson,18,,5,"March 27, 2023",,,Harper and Stacy pulled me in from the very first chapter. I was hesitant with the addition of Dom but OMG!!! Arawyn and her guys have become one of my fave stories to follow!
Brooklyn,341,,2,"March 28, 2023",,,I am so sick of hearing how much viper likes cookies but I will be reading the next one
Katherine ,482,1,5,"April 2, 2023",,,"And I can’t believe I missed release day, must be something wrong with the algorithms. Glad I got to read it now and it just means that it’ll be less time until the next one comes out. I was VERY worried there a few times but don’t worry, no real cliffhanger in sight for this book."
Nicole,4,,5,"April 2, 2023",,,This book/series is so good that I'm pissed I have to wait for the story to continue again.
Laura Donaldson,190,2,5,"April 7, 2023",,,This whole series had me from the first word..This book was sensational and I am already hanging for the next one.
Marysia Kiersnowska,7,,4,"April 20, 2023",,,I have a strong feelings that Rathe is on the cover…🫡🤭😏
Ansleigh Findlay,28,,5,"June 6, 2023",,,"At first this was hard for me to get into because I forgot so much about the book and okie, but then I remembered and damn!!!!!!!! This is the perfect mixture of reverse harlem, and fantasy."
Gina Difrancesco,82,1,5,"June 8, 2023",,,I love this series.
Ellie J,102,1,4,"August 10, 2023",,,I thought this was the last book but it’s not. The series isn’t done and ends on a cliff hanger 😭 fml. this book is so good I want the next one.
Reema,71,,3,"August 22, 2023",,,Nice series wish I knew it’s not complete before I read it …when book 4 is coming?
Nyxes,613,1,3,"August 23, 2023",cant-find,,Characters 6writing 5plot 5entertainment 65.5★
Sabrina M,40,2,4,"August 28, 2023",,,POV: Multiple 3rd person (limited)Spice: 2.5-3
Madison,2,,5,"September 11, 2023",,,All I gotta say is amazing can’t wait for the 4 book !! Omg and that cliffhanger!! I am so happy I found this series !
Kate Rose,155,18,1,"October 3, 2023",,,Meh. DNF’d. Couldn’t even get into it.
Arianna,1440,6,3,"January 7, 2024",,,Dnf
Kendall Smythe ,37,1,3,"January 14, 2024",,,"Ok I want to love this series. I like the main girl, love the magic and what we have seen of the worlds… but apparently three half siblings with the same girl is where I draw the line . Do I like Dom as a character? Yes . Did he need to join the gang bang? Absolutely not."
Chrissy,269,,5,"January 16, 2024",,,"I'm really enjoying watching this story unfold but, if I had known this was an unfinished series I would have waited to start it. I'll keep my fingers crossed on the next book coming out soon!"
Jenn,25,,5,"February 1, 2024",,,Fae with spice
Dagmara,117,,5,"April 21, 2024",,,jezu kiedy 4 część bo nie wytrzymam 😩
Sarah Anne,1713,158,4,"April 3, 2023",abuse；chosen-one；erotica,1,strong representation of diverse characters or minority identities. 4.25-starsSafety Rating: Safe with ExceptionsPossible Triggers: Yes Ending:
Amanda,883,5,5,"March 27, 2023",,,"I’m glad I re read the previous two books. I loved them as much as I did the first time. Despite the harsh reality they all face, they all make time for each other. Supporting one another, I love how the fmc is treated like she’s this dainty fragile thing but she’s anything but. I am a bit disappointed that there isn’t more scenes about her magical ability and love for making all sorts of weapons. I’m especially interested in the drawing of the sword that started the chang of events. It was heart breaking to read about Rathe being compelled, broke my heart even more reading both their povs. There’s a lot more heated scenes in this book than the previous. More knotty things, different kind of monster peens. All the fun stuff of course. I can’t wait for the next book!"
Jessica Scott,227,1,5,"April 2, 2023",,,"Wow, soooo good! The whole book had me enthralled. The whole series gets better and better, some of the mystery gets solved, more romance and now I cannot wait to see what happens. So excited for the conclusion of these books, would love more from this world."
 Jackie,232,5,5,"April 3, 2023",2023-books-read,,LOVED it!!
Arran Reads Toomuch,86,,3,"March 27, 2023",,,"Definitely hitting more fantasy now than mafia romance love that for Arawyn. Can’t believe we’ve forgiven Dommik so easily, I feel like that should have been given a few more pages to explain. Those pages could have come from the paragraphs of feelings Arawyn could feel through the bonds I was bored of them after the first time with each mate. Shame all the mates couldn’t speak to eachother through telepathy.There was a couple of plot holes though; no one addressing Dommik losing his mind when Arawyn first left feary, a major one being Dommik finding out information in erendils study and not sharing it with the group which would have prevented most of the ending. Why give information and not use it to an advantage?"
BlackAthena ,115,,3,"March 28, 2023",,,"Okay, normally by book 3 the MFC is hitting her stride. This one has taken all of her street smarts and lessons learned, threw it all away and went straight damsel. There is no reason that she has to be repeatedly told that she's not stuff enough, to keep her cool, to STFU! And now, all of a sudden, she's in life and declaring it?!? Ugh, here's to hoping book 4 is better and she gets her common sense back. Every man character doesn't have to be a bad-a*s, sometimes they can know enough to survive like the character from book 1 and not pretend and put everyone in danger for no reason like here."
Danielle,691,1,5,"April 1, 2023",,,"The third book in the ACOGAS was such an amazing read! I devoured this book, much like I have the rest. The characters keep getting better, and the storyline is just captivating! Great writing! I can't wait for the final book!"
Sabrina Gleason,123,,5,"April 1, 2023",,,Ahhh finally got the 3rd book in this series and I devoured it. The wait for the 4th is going to be hard but worth it I’m sure! I loved everything about this book!!
Sassafrack,479,11,5,"March 25, 2023",,,"I am loving this series so much. I didn’t know how they would do it, but I had faith that Stacy and Harper could make me love Dommik as well. Despite his less than endearing introduction in the last book. And I was not disappointed. We started with Arawyn and the guys arriving in Faerie. Things are not well here, with the corrupt king leeching off the land and it’s people. I loved Arawyn discovering her heritage, and her powers. But we not only get to see the lands and life that were taken from her, but also more insight into Rathe, Viper and Dom’s past. After being summoned by the king means Arawyn must hide in plain sight with Rathe, she gets an up close and personal look at just how evil the ruler is. We got to see a lot more of what Arawyn is facing in order to take back her crown. I absolutely love her relationships with the guys, and her determination and strength in fighting for them and herself. And with that bit if a cliffhanger, I can’t wait for the next book."
Katie,1674,12,5,"March 29, 2023",,,I was so excited to be able to read book 3. Such a fantastic book. I have been counting down to read this one and was so not disappointed. Love Arawyn. This is really a wonderful series. Yeah I’ve been hooked since book 1. Tons of action. Definitely a page turner. No spoilers here. Definitely recommend reading!!!
Tiffany,452,1,5,"March 31, 2023",,,Seriously amazing. These ladies write some great characters. The twists make you want to throw your kindle and I can't wait for the next book!
Sarah Magiera,32,1,5,"March 24, 2023",,,This series just keeps getting better and better. Watching Arawyn grow into her powers and work so well in the faerie world was refreshing since she’s struggled so much in the past. Her harem has come together more and gotten stronger especially adding Dom to the mix (which I absolutely love another crazy in the group).Sneaking into the enemies castle and being right under their noses was an added thrill and the drama of the wedding kept up the excitement throughout the book. I do wish we’d heard something from her friend at the gym this book but maybe in the next book. It did end in a cliffhanger but it wasn’t as bad as I was expecting especially with all of the crazy events near the end. Overall I definitely recommend this series and can’t wait for more!
A R Lines,320,1,5,"March 27, 2023",,,Every time I finish the next book in this series all I can think is MORE PLEASE. Even tho this ended on a cliffy it wasn’t a terrible one. I’m still anxious for the next book but also whew what a good read this was!!! I’m seriously falling for Dom and can’t wait to see how she falls for him. I love all her men and damn this book gave me some series anxiety during the angsty parts but I’m so glad how it ended.I can’t wait to see how their going to deal with the devourer (it’s what I’m calling him now).
Briana Briggs,180,13,5,"March 23, 2023",,,"Ahhhh!!! So much love! I loved this continuation of the series, and loved seeing the development of Arawyn's relationships with all the men! I loved her affirmations for all of them, and can't wait for book 4!"
Daphnne,1177,7,4,"March 23, 2023",,,"Well that took a turn. So we're getting to know Viper and Rathe better while in Faerie. Fear is his usual cinnamon roll self and Dom, Dom was unexpected but welcome. Arawyn is growing into herself which is nice to see but then of course it all goes pear shaped cause why not. Rathe's dad is a total malicious psycho. The courts have devolved into something evil and the land is dying. Poor Arawyn has her work cut out for her and by the end of the book war has arrived.This was a great read. A bit slower because we get to see more character development and background which answered several questions. I think the story moved along nicely and set up the next book nicely as well and I'm looking forward to it."
Christina,361,4,4,"March 27, 2023",,,"4.25⭐️ yes! Totally worth the wait. And I’m so glad I did a reread of the first two books. I’m not sure I would have remembered everything if I didn’t lol. I flew through this book. Super easy to read. I would have enjoyed some more world building now that they’re back in the fea realm. The spice was sort of boring, especially for an RH but I’m willing to sorta look past that lol."
Nancy VanSpunky Reads,1028,28,5,"March 23, 2023",fantasy；paranormal-romance；reverse-harem,,"Wow! If you're a fan of this series then you are getting more than you bargained for in this book! Arawyn and her guys, plus one, arrive in Faery. By her guys I mean Rathe, Fear, Viper, AND Dommik. Things are definitely turned up a notch or ten. Arawyn's power grows in Faery and the guys need to keep it dampened to hide her. They hide her right under Ehrendil's nose. Dangerous, for sure. This book is SUPER spicy. Yes, this writing duo turned up the heat in book 3! Arawyn and Dommik's attraction grows. Will she fall in love with him, too? Only one way to find out... Lots of twists and turns in this book. I was page turning like crazy! I won't say any more about the plot, but there is a book 4 coming! Love this fantasy series! 4.5 stars!"
Chelsey,764,1,5,"March 26, 2023",,,"I loved everything about this book. We got some super sexy scenes. The realm of Faerie is so cool. I could have read about the different courts and people forever. I can't wait to see the night realm in the next book.The guys are absolutely swoonworthy. I loved how Dom fit. It was great to see his relationship with Arawyn grow but I was also happy to see how he and Viper interacted. It was obvious that Dom cared for his little brother. The end was nonstop action. My heart is breaking about Fear. I need him to be fixed. I can't wait for the next book, but I'm also not ready to say goodbye. This series has been everything I didn't know I needed."
Tina,660,6,5,"March 25, 2023",,,"Oh man!!! What a ride! I have been waiting patiently for this book to come out and it didn't disappoint at all!! I was hanging on the edge of my seat with all the magical action going on, the twist and turns of the plot. The characters were outstanding and the world building was awesome! I truly can't wait for the next book to come out which I hope is soon!! I highly recommend this series."
Melanie,283,2,5,"March 23, 2023",,,"In book 3, Arawyn must learn how to use her magic, face the bad guys, and fix in the imbalance in Faery... no big deal... I enjoyed this book a lot. Arawyn is a strong character, though she has her moments of doubts and insecurity, and I like how her relationships with all the guys develop and they aren't cookie-cutter copies of each other. There are some spicy moments, but the plot is engaging and I liked the pacing of the story."
Leah,20,,5,"March 26, 2023",,,I LOVE this series. Can’t wait for more
Melissa Hickman,998,12,5,"March 24, 2023",,,"This series is AMAZING!!!! The characters are awesome, especially Arawyn!!! I have a huge book hangover that’s going to last awhile!!! I can’t wait for the next book!!!!"
Nage,75,8,5,"March 24, 2023",,,"So many things came together in to make this my absolute favorite of all three books. I loved watching the strength of our H. I loved, watching her men fall in love with her. I love the additional of Dom."
Klizbet,933,54,5,"May 2, 2023",5-star-reads；badass-heroine；burn-medium,,"This book, this entire series is so amazingly good...but I made a big mistake, I thought the series was already finished! It ends on a cliffhanger and now I'm dying to finish the story!The world-building, the character building, the story-line, all of it was absolutely fantastic. The writing here is awesome. I admit that I was a little hesitant while reading the first book. The first book starts off with a lot of repetition that had me rolling my eyes. However, the authors managed to fix that problem midway through the story (book one) and I've been having a blast reading the series ever since. The trope of the unknowingly lost Fae Queen is not a new one, especially in the RH genre. However,There are so many twists and turns happening here. Where we expect the authors to ""zig"", they end up ""zagging"", which leaves us at the edge of our seats. I love this story so far! I can't wait to finish the series; I'm dying to know what happens. This story is a fantastic slake for my constant thirst for good fae reverse harem books. I feel like I'm always looking and constantly let down. -"
JAMIE WHITE,120,,5,"March 24, 2023",,,So good. One of the best fantasy RH series ever. Love the world building and the relationship development. I like how there was actually distrust between one of the men and her that they had to overcome.
Kayla,65,,4,"April 25, 2024",,,"Updating this to 4/5 (from 3/5) because while I originally thought it was a pretty fun but typical actiony, fantasy RH, I keep checking the status of the next book so I'm clearly subconsciously addicted."
The Gothic Grimoire,52,9,5,"June 8, 2023",,,This will forever be one of my favorite series. Pick it up.... just pick it up. You're welcome in advance.
Samantha Vorce,12,2,3,"December 15, 2023",,,"This is definitely a filler book to lead up to the next one.. I’m hoping at least. Loved the first two, had high expectations for this one and was disappointed."
