Reviewer,Review Count,Followers,Rating,Date,Tags,Likes,Content
Kate V,1443,181,4,"March 14, 2023",,4,"3.5 - 4 smut-scale stars!Claiming Beauty was a smutty and sweet Beauty and the Beast retelling. Thatcher is a scarred shifter and finds himself opening his home to Clara when she stumbles on his doorstep during a snow storm. He immediately recognizes her as his fated mate but he fears rejection to his core.Clara is a shifter but her shifter nose isn't top notch so when she first sees the broody and perfect male, she doesn't immediately recognize that he is her fated mate. It isn't long before miscommunications are cleared up and they get down and dirty. Clara was a sweet and enjoyable character and Thatcher was such a grouch but it worked for his character. Steamy and short, this ended with a nice HEA."
Archana,1448,34,4,"April 28, 2023",,1,"My reviews always contain spoilers, I write them so I can remember the story. A retelling of Beauty and the Beast with a fantastic library , Thatcher is a wolf shifter who was badly scared as a youth by a trap, while trying to save him both his parents get killed by hunters. He lives his life as a recluse thinking no woman would mate him. Clara is a wolf shifter too, she is out hiking when a freak snow storm has her looking for a place to shelter. When she sees Thatcher’s house she happy to find a place to wait out the storm, especially because she’s not feeling well. She’s gotten a bad cold from being out in the storm which has messed with her sense of smell. Which is bad to begin with due to a condition from birth. When Thatcher opens the door he’s rude to her and refuses her shelter and slams the door in her face. But the wind picks up her scent when he slammed the door and he knows he’s found his mate. He opens the door and pulls her in. She’s very confused but glad to be out of the cold. He gets her settled and can’t understand why she’s not reacting to him, she’s his fated mate. Is it cause he was rude to her. Is it his scars? Poor Thatcher has a lot of insecurities. Clara does catch a whiff after a long hot shower and wonders why he hasn’t reacted to her, he’s her fated mate. These two go round and round until Thatcher asks why she doesn’t want him, they talk and clear up the misunderstandings. Their first mating moon is celebrated with lots of hot sexy times with lots of I love yous. When the snow stops Thatcher is worried Clara will want to leave and starts to shut down on her. She tells him they can only work if they communicate. He tells her his worry and she assures him she is his and not leaving. Epilogue five years later with twins and them blissfully happy."
 Lissa Smith Reads'~A Bookaholics Bookshelf,5238,130,3,"February 23, 2023",03-stars,1,Rated3.5 Stars: ⭐⭐⭐⛅Kindle Unlimited Read
Serena Loves Books,1593,89,3,"August 14, 2023",paranormal-fantasía,,"Este es el primer libro de la serie Once Upon a Shifter que se basan en cuentos de hadas. Cuatro amigos cambiaformas de lobo de la manada de North Star están a punto de encontrarse con sus parejas destinadas.Claiming Beauty esta basado en La Bella y la bestia. Me gustó la versión del cuento. Clara y Tatcher me daban la vibra Bella y Bestia. Él era un lobo ermitaño gruñon, sus cicatrices le impiden salir y socializar. Clara es una modelo de talla grande estuvo rodeada de gente superficial pero está cansada de ser una viajera sin hogar. Tiene la esperanza de encontrar su pareja destinada y sentar cabeza. Al ser un romance insta se siente que todo sucede rápido. La atracción es instantánea una vez que Clara y Tatcher se encuentran y se reconocen. Pero al principio ella no puede olerlo por su anosmia. Esto causó muchas dudas entre ellos. Una vez que aclaran el problema, se abren el uno al otro y la estalla la pasión. Lo único que puedo reprocharle a esta historia es que hubiera puesto menos escenas de sexo, no eran necesarias, y me hubiera gustado más interacción entre ellos, más escenas desarrollando un poco más su relación.De todas maneras es una linda historia corta. El epilogo a 5 años con los niños y un Tatcher feliz fue un adorable cierre."
Rebecca Grove,3491,22,5,"January 28, 2023",,,"Thatcher, a wolf shifter has spent his life living isolated and alone. A horrible tragedy when he was just a pup left him scarred and an orphan. He lives alone in a mansion on a mountain away from people after seeing too many people turn away from his scars. He believes that he will never find a mate because no one could love a monster like him. Then one night he hears a pounding on his door during a bad storm. He is shocked when he opens his door to find Clara a wolf shifter asking for shelter. Just one sniff and he knows he has found his mate but she doesn't seem to react to him. Is she hiding their bond because of his scars.Clara was a plus size model who recently retired. She is a wolf shifter with a dud sense of smell. She was always afraid that she would never find her mate because she wouldn't scent them. She was relaxing and camping in the woods when a bad winter storm comes up. It is so bad that it sends her running for shelter. It takes a long time but she finds an isolated mansion on the mountain. When she knocks on the door the scarred owner tells her to go away but then quickly changes his mind. He gives her a room for the night. Her time in the cold has given her a bad cold so she definitely isn't smelling anything. Thatcher is confusing her with how he blows hot and cold. When she wakes up the next morning she is finally able to scent her mate but she is worried because Thatcher never said anything.I received a free copy of this book via Booksprout and am voluntarily leaving a review."
Kita Rucker,33,2,3,"July 6, 2023",,,"Cute shifter Romance🐺Clara landing on Thatcher’s door step in the middle of a snowy blizzard. Seeking refuge And he instantly smells his mate. But Clara smell’s nothing due to a low sense of smell and from being in the cold to long. Thatcher already deal’s with insecurities and prefers to be alone. So his mate not smelling him sends him into questionable doubt about if Clara want’s him as a mate. Or if he is even good enough to be her mate at all.I do wish there was more tension between the two character’s. And just a little bit more character development. Normally when getting close to a mating Moon there is an uncontrollable animalistic frenzy that Mates go through. Almost sending them into clawing at each other ready to claim the other one. Yet these two were craved out of stone and had time to ponder if they were smelling each other correctly. Or if the other one didn’t want them as a mate. I expected Thatcher to have no manners and be a little more gruff since this is a small retelling of beauty and the beast. I expected since he could in fact Smell Clara was his mate, that he would need to distant him self from her to keep his wolf in tact and to avoid taking her like a beast. Our Thatcher is sweet and sensitive and reserved from the world due to losing his parents as small child. And having scars on his face from a bear trap. He is rich and lives in a Mansion working from home. Clara is strong confident plus sized super model who is retiring.I found this story super cute to say the least, but rushed. It felt like it was missing something. The mating scene was average as well. Nothing out of the ordinary. I thought it was good shifter novella. But i would not reread it. It had nothing that would draw me back to it to read it again."
Lauren ,614,,5,"January 16, 2023",,,"Thatcher is an introverted, grumpy, and burly shifter that prefers quiet solitude instead of enjoying company. He’s a scarred beast from a childhood accident and isolates himself at his cabin. When a beautiful curvy young woman bangs on his door in the middle of a storm pleading for help, he almost blew his chance with his fated-mate with his rough attitude. He doesn’t know how to interact with others, especially with someone as amazing as Clara. She’s everything to him. The beauty to his beast. He’s worried she will leave him because of his scars and must work hard to prove that he is worthy of her love. Little does he know that Clara loves him for him despite all of his scars (and attitude problems!). This short story was so good — sweet, fast-faced, romantic, and steamy. I loved that Clara wasn’t shallow and made sure Thatcher knew how devoted she was to him. She was perfectly happy staying wherever as long as she was with him.I love every book this author writes and can’t wait for more in the series!Tropes: Paranormal romance, fated mates, insta-love, virgin heroine, virgin hero, happily-ever-afterHeat: 3/5.I received a free copy of this book via Booksprout and am voluntarily leaving a review."
Hanna Barker,1341,3,5,"January 19, 2023",,,"This is book number 1 of the Once Upon a Shifter series and focuses on Thatcher and Clara. Clara has just left behind her life in the modeling world and is ready to see what else is out there for her. She decides to go camping when she gets surprised by a blizzard. She tries to find shelter when she comes up to Thatcher's house and she asks if she can stay with him until the storm blows through. When Thatcher meets Clara, he doesn’t make the best first impression because he knows she is his mate but she doesn’t seem to acknowledge that he is her mate and his insecurities about his appearance get in his way. Once they both realize that they are each other's mates, they waste no time falling for each other. This was a great story and a great start to the series!.I received a free copy of this book via Booksprout and am voluntarily leaving a review."
Emily Pennington,187,309,5,"February 1, 2023",reviewed,,"Are They Fated Mates ? . . .Clara Young is hiking in the mountains as snow blows wildly all around her and the blizzard intensifies. She is thinking about finding the mate she is fated to love, but born with an inferior sense of smell, she wouldn’t recognize him anyway. And being out in this storm all morning, her nose is congested. Finally seeking shelter when the snow storm is even too dangerous for her shifter strength, she sees smoke from a chimney. But the man who answers her knock actually turns her away! Thatcher was scarred in an accident and avoids people, accepting his loneliness. But he catches the woman’s scent which identifies her as his mate! However, she had no reaction at all to him. Was he wrong that she was his mate? Or was she disgusted by his ugly scars? Can he change her mind and convince her to stay with him after the storm is over?"
Shawna,1772,16,5,"January 25, 2023",,,"I loved Claiming Beauty Book 1 of Once Upon a Shifter. Clara needs somewhere to spend the night when a snow storm hits. Finding Thatcher and his home is just what she needed until he turns her away. Thatcher didn’t want a visitor and sends her away until he realizes she’s his mate but why doesn’t she realize it? Is she out off by his scars? After a good night sleep Clara smells it, her mate but he was so grumpy. They have a few obstacles to overcome but this beauty and beast will find their happy ever after. Such a sweet storyline and characters. I can’t wait for more books in this series and I would definitely recommend this book.I received a free copy of this book via Booksprout and am voluntarily leaving a review."
Cherie Snyder,327,4,5,"January 28, 2023",,,"Clara has retired from being a plus sized model. Wanting to get away, she decides to take a hike in the mountains, hoping to find her fated mate. But Clara has a problem. She was born with a lessened sense of smell. When a snow storm hits, she goes to the nearest house looking for shelter. Only, she's in for a big surprise! Thatcher has lived his life in solitude. After an accident when his was a child, he was left with scars on his face. During a snow storm, someone knocks on his door. When he opens it, he immediately turns the girl away. That is until he catches her smell. He knows that she is his fated mate but she is acting like nothing is a miss. Is she turned off by his scars? Or, is it because he was so rude to her when she arrived? I love this retelling of Beauty and the Beast!! Can't wait for the next one!"
Fiona,2079,24,5,"January 23, 2023",,,"This was a really steamy but fun version of the beauty and the beast romance. Clara and Thatcher are both wolf shifters and they want to meet their fated mate, only thing is Clara has a partially broken sense of smell. Thatcher has a scarred face and tends to hide away in his home. When Clara knocks on his door during a snow storm, Thatcher almost turns her away. These characters were both broken in a way and they had to work on themselves before they were accepting of their mate. There is a happily ever after and a family in the future.I received a free copy of this book via Booksprout and am voluntarily leaving a review."
Nikole,821,,2,"September 16, 2023",,,"Dude is literally insecure about his looks and scars then says ""I've never been insecure about my looks I don't consider myself vain"". Also being insecure about your looks is not the same as being vain. lmao. Idk I just thought that sentence was soooo lame and didn't match what the rest of the story said. Also, the author isn't really good about making the reader feel the emotions she's telling us to feel. I don't feel sad, happy, horny... Its like I'm not seeing the connection between the characters and It felt fake and a bit immature. I really wanted to like it, I just couldn't. Spice 1/5 Humor 0/5 Emotions 0/5World Building 2/5Overall 3/5"
kymagirl,3422,45,5,"January 16, 2023",arcs；shifters,,"Lost in a snowstorm, Clara (h), a wolf shifter with damaged sense of smell, knocks on the door of mansion only to be turned away, then quickly dragged inside. Thatcher (H), a scarred wolf shifter, is shocked when his fated mate knocks on his door only to seemingly reject him, perhaps due to his visage or his grumpy personality. He realizes that he only has until the snow stops to convince her they were destined for one another. Lovely hot and steamy fated mates shifter quickie with a side of angst. A reimagining of the classic BATB with some shifter love."
Sandy,1137,5,5,"January 17, 2023",,,This was sweet story filled with a lot of steam. First impressions aren't always the best ones so it was good they were able to dispel the misconceptions from their original meeting. I loved Thatcher. He was gruff but quite vulnerable. He and Clara were perfect together. I'm glad there was an epilogue set 5 years later. The only thing else I would have liked would be to have been able to see the first time Thatcher's friends came meet Clara.I received a free copy of this book via Booksprout and am voluntarily leaving a review.
Jessica,613,3,4,"January 27, 2023",,,This was a great first book in the Once Upon a Shifter series by Skye Alder! It's a quick and short read about Clara and Thatcher who are fated mates and find their way to each other. Clara is looking for what comes next in her life when she I'm gets snowed in during a camping trip and needs to rely on Thatcher to help her until the storm passes.Thatcher has never thought he would find his fated mate but soon after meeting Clara it becomes apparent it's her. This was a great book and I can't wait to see what comes next!
Natasha Tucker,1683,5,5,"January 27, 2023",,,"Wolf shifter, Clara, had recently retired from model and set out on an adventure. She got stuck in a snow storm and found a house to seek shelter. Thatcher was a scarred wolf shifter who hid from the world, when Clara arrived at his door he didn’t make a great first impression. Both were vulnerable and scared of rejection, they knew the other was their mate and set about winning the other over to forever. Sweet, steamy romance with off the charts chemistry, love, romance and a beautiful HEA.I received a free copy of this book via Booksprout and am voluntarily leaving a review."
Sabrina Flachsmann,1275,6,5,"January 30, 2023",,,This book is a great example of communication being key in a relationship. We get some mild beauty and the beast vibes with Clara stumbling into Thatcher’s house during a snowstorm. He seems beastly but fated mates are hard to ignore. Loved Clara who even as a model had her own insecurities with her trouble smelling her mate. These two were so sweet together with a lot of steam once they realized they were fated. Great read.I received a free copy of this book via Booksprout and am voluntarily leaving a review.
casvec,7063,71,5,"February 2, 2023",,,"Clare ad Thatcher's story is one of finding the love that goes beyond the looks. Clare finds herself lost, with the weather getting bad so was her health. Thatcher finds Clare and brings her into his home but wishes to keep to the shadows.Clare and Thatcher both have their own issues. Thatcher's scars, Clare lack of smell. When they are together, their animals recognize each other. This is a great read with love, heat, passion and tenderness that melt your heart.I received a free copy of this book via Booksprout and am voluntarily leaving a review."
Michelle ,366,,4,"February 3, 2023",,,The premise of the book really caught my attention. I liked the idea of fated mates with a beauty and the beast theme. For me parts of the book fell short a little. It seemed like almost half the book was just sex scenes with very little dialogue or progress in the plot. The parts of the book where the main characters interacted and got to know each other was very interesting. And I really enjoyed how devoted and protective Thatcher was to Clara and how sensitive Clara was to Thatcher's insecurities.
Oriana Reads,3766,25,5,"February 11, 2023",,,"Clara is a wolf shifter with a weak smell and that makes her kind of a freak in her pack. Thatcher has scars that make him look dangerous and he is kind of a hermit because of them. Clara one day takes a hike in a blizzard and knocks on Thatchers door. A few misunderstandings threaten their HEA ,but the heart wants the heart gets 🥰🥰 Instalove, sweet,steamy, romantic and totally safe (double virgins, their one and only- I freaking love that❤️❤️) and with an awesome HEA 😍😍😍😍. I can't wait for the next shifter to find his fated mate👍👍"
Shhh We're Reading Dirty Books,153,5,5,"August 8, 2023",,,"For this first book of the Once Upon a Shifter series, we sit down with authors Cameron Hart and Shaw Hart of Skye Alder to discuss their fun and sexy adaptation of a beauty who finds her beast. It is the perfect way to tell a concise and sweet story from beginning to end with the right amount of love and sexiness in between. We hope you’ve read along! Join our delightful conversation with these two wonderful ladies about their writing adventures, found partnership, and how they are inspiring us to finally get to writing ourselves!"
Jenni,6085,35,5,"January 16, 2023",,,"Thatcher keeps to himself, rarely goes out and avoids relationships for who could love a beast like him. When Clara takes a hiking trip away from her newly mated brother and best friend she finds her self caught in a storm, trying to find shelter she comes across Thatchers mansion and when the storm keeps her at his home, Thatcher realises she's his mate, but can he convince her to stay and give him a chance? Well written steamy shifter, fated mates romance"
Leslee,2438,72,5,"January 21, 2023",,,"Cute former plus size model wolf with an impaired sense of smell stumbles across her very grumpy mate. A twist on Beauty and the Beast, Thatcher doesn't know what hit him when Clara shows up on his porch during a blizzard. Really enjoyed this quick read, I just wanted to hug Thatcher and befriend Clara for being an absolute gem. This author duo always brings the sweet with the heat, check them out!"
Sarah Nielsen,3403,18,5,"January 26, 2023",,,"This was the first book in a new series and I really liked it. It was a retelling of beauty and the beast set in a shifter world. I loved the portrayal of both Clara and Thatcher, they were both very vulnerable for different reasons and very scared of rejection. The story made me really curious to see what fairytales will be retold next.I received a free copy of this book via Booksprout and am voluntarily leaving a review."
april ♡ is probably reading smut,1148,1876,5,"January 27, 2023",2023-arcs；cute-read；genre-fairytale-retelling,5,"5/5 🌟 3/5 🔥This is retelling of Beauty and the Beast- featuring shifters! I really enjoyed it. I loved reading about Thatcher and Clara- their chemistry is insane! beauty and the beast, shifters, tortured hero violencevirgin heroineno OM/OWno cheating/sharingHEA ❤"
Syd Springer,3649,6,5,"January 28, 2023",arc,,"This was a really good book. I really enjoyed Thatcher and Clara together. These two get off to a little bit of a bumpy start but when they drop their walls and let the other in, these two know that they true belong together. Thatcher and Clara are sweet yet steamy together and I can't wait for the rest of this series.I received a free copy of this book via Booksprout and am voluntarily leaving a review."
Samantha,4290,26,4,"January 30, 2023",,,I received an ARC from the author and am voluntarily leaving my review. Mother nature brings these two together and things change quickly for them. I thought that Thatcher and Clara were good for each other. They both feel broken in their own ways and wonder if they are fated to be alone. This was a good shifter romance with communication being their biggest obstacle. I liked the story and characters
Kim,1011,,4,"May 26, 2023",shifter；virgin；wolf,,"Pretty good story line and very quick read. I just finished a 6 books series, so I needed something quick and spicy. Not super spicy but still a great story and developed characters for how short it was. I'm not sure yet if I truly enjoy reading shifters genre yet, but for some reason I keep going back to it here and there. If you like shifters, you'll love this because it truly was well written!"
Sara,712,3,5,"January 18, 2023",,,Clara and Thatcher first meeting is awkward but one sniff and he is hooked. I love how sweet they are to each other. Nervous but supportive of the other. I'll take breakfast in bed any time. A heartwarming read. I can't wait to find out which of Thatcher's friends is next to fall.I received a free copy of this book via Booksprout and am voluntarily leaving a review.
Milinda (Mindy) Harper,169,4,4,"January 25, 2023",,,This was a great retelling? Of beauty and the beast if they were broken shifters?Either way the spice was 🔥🔥🔥The relationship between the two was amazing this is definitely a quick read but definitely worth it.I received a free copy of this book via Booksprout and am voluntarily leaving a review.
Flavia Karina,631,3,5,"January 28, 2023",,,Perfect!The perfect amount of sweetness and spiciness. The perfect amount of grumpiness and sunshine. After some misunderstandings and some insecurities Clara and Thatcher find their perfect happily ever after!.I received a free copy of this book via Booksprout and am voluntarily leaving a review.
Michele,3270,8,4,"January 28, 2023",,,Mates find their forever in this short steamy romance. An unlikely meeting when these two first meet and almost miss each other’s fate when they first don’t recognize or respond to the signals that are flaring. Like how they both come to grips with their fears and open themselves up to the possibility of being fated mates.I am voluntarily leaving a review for this book that I received free.
LiLu,4135,1,5,"January 28, 2023",,,"I really enjoyed reading this story. He had scars deeper than the one on his face. She had her own issues to deal with. Their first meeting was almost a bust because of their issues. She slowly got him to open up, and learn to communicate. From there it was a match made in heaven, it was fated. Loved their epilogue!"
Lisa Rodriguez,1236,17,4,"February 11, 2023",,,Clara is searching for her fated mate when she's caught in a snow storm. She finds a home in the woods and knocks on the door to see if she can wait the storm out there. Thatcher isn't wanting to let her in until he catches the event of his mate. Will they be able to make it work after he initially tried to send her away?
heart,282,6,3,"May 20, 2023",3star；alpha-male-rating-2-out-of-3；asshole-ish-hero,,3 stars check out my tags/shelves for more info dual virgins soulmates shifters (wolfs) insta love kinda misunderstanding slightly asshole ish H push/pull from H no protection no ow/om drama curvy gal slight after caremountain man safe hea epilogue w/kids spicy lvl 3.5/5 (long sex scenes) wish was longer
Cayla rimmell,179,,4,"July 26, 2023",,,"Click here for the full review! I really enjoyed this short story! The author was able to suck me into the story rather quickly, which as a reader you don’t get to experience frequently when it comes to shorter novels.Now, about the characters and the story line. The storyline was wonderful to read! I did not want the story to end at all. Reading how the characters interact with one another was to die for. You already know walking into the story that the main characters will end up together. However, you can literally feel the tension between them, and you just don’t want to stop reading until our characters finally do end up together."
Lizette Diaz,2543,28,5,"January 16, 2023",,,"Clara is a wolf shifter with a bad sense of smell. When she is stranded in a snowstorm, her mate is so near. Thatcher was scarred and knows Clara is his. He thinks she does not want him because he looks and acts beastly. Love how these two get their perfect ending."
Marianne,5815,70,5,"January 19, 2023",,,"This is a unique and engaging shifter/fairy tale romance.. I enjoyed it.. It's interesting and exciting, with great characters..I received a free copy of this book via Booksprout and am voluntarily leaving a review."
tburbr,5325,30,4,"February 2, 2023",,,This was a great start to a new series. The character work and story line were well written and kept me entertained. I enjoyed this rendition of Beauty and the Beast.I received a free copy of this book via Booksprout and am voluntarily leaving a review.
MandyMarie,932,19,5,"February 16, 2023",,1,This is a fun Beauty and the Beast retelling with a shifter twist. I loved the sunshine - grumpy vibe and it was drama free. A HEA of course!
Michelle,2552,8,5,"April 30, 2023",,,"Well written story and well developed characters! Now that she has retired from modeling, Clara just wants to settle down! She is tired of all the traveling that came with being a model. She has never found her fated mate so she is just looking for peace and quiet!"
Elena,915,1,2,"August 31, 2023",,,"Aww, cute insta love wolfy story. Though, I hate snowed in stories - they are always excruciating. Bit still cute. Kind of cool how she couldn't smell & how he was insecure of her maybe wanting to reject him because she hadn't reciprocated his immediate frenzy for her."
HorrorBook HellHound,177,13,2,"September 1, 2023",,1,"I'm not mad at this book one bit, I just feel that there could have been so much more to flesh it out and make it more interesting. However, the tropes and the characters were interesting and loveable. It just was too quick with not enough substance for me."
Babette,1013,1,5,"February 23, 2024",,,I love that it's a play on Beauty and the Beast. It's my all-time favorite movie!! Thatcher didn't know he needed Clara till she just showed up. Clara needed him more than she knew. She was damaged on the inside instead of outside
Jovette Bossé,3449,12,5,"February 2, 2023",,,I love Thatcher and Clara together! Such a sweet and beautiful healing love story! I absolutly loved it! 😍❤🔥🥰
Christy ,100,,5,"February 7, 2023",,,"I love this couple! The beast, who is actually a big ol' softy! And the beauty, who needs her beast! Give me more of this couple!"
Schauna Chambers,44,2,3,"July 2, 2023",,,I would have rated 2.75 . Wish the story was little longer it was very rushed
Angel Graham,,31,3,"July 7, 2023",,,Decent read.
Tujuanna,70,,4,"July 23, 2023",novella；werewolf-shapeshifter；will-continue-the-series,,"This was a cute, quick read. Loved the hero!"
Miranda,11,1,2,"September 2, 2023",,,Was three stars (which is generally my highest romance rate)until the last chapter.
M,825,3,4,"September 10, 2023",fairytale-retelling；shifter-romance；wolves,,"So cute! The story of Thatcher and Clara might be a fast one, but it’s filled with cuteness and spice. A lovely palate cleanser."
Aubrin,17,,1,"January 31, 2024",,,"The writing felt way too much like a fanfiction, except I have read better fanfics than this book.DNF."
Virginia,111,17,3,"February 29, 2024",kindle,,"I really enjoyed reading Claiming Beauty, and I'd highly recommend checking it out!"
Shawn,2645,,5,"February 2, 2023",,,"This was a sizzling take on Beauty and the Beast. Thatcher and Clara were an awesome, over the top couple. Lots of insta love and a good HEA. Enjoyed it."
Michele,1126,4,5,"January 26, 2023",,,"In a retelling of Beauty and the Beast, shifter version, Clara and Thatcher are fated mates, but there are issues that come into play. Lots of heat, cute storyline and lovely characters.I received a free copy of this book via Booksprout and am voluntarily leaving a review."
Romancing the Duchess - Bethany,243,21,3,"May 23, 2023",tbr_shifter,,"Thatcher is a recluse who was scarred and left as an orphan when he tripped into a bear trap and the trappers killed his parents. He lives alone in a huge mansion in the mountains.Clara is a curvy model who just retired and moved home to decide what to do next. She was hiking in the mountains when a Hugh snowstorm hit and she knocked on Thatchers door seeking shelter.Thatcher recognized her as his mate as soon as he scented her, but Clara has a weak sense of smell and didn’t notice until the next day. So, this is where the story kind of fell flat for me. It felt too much like, “welp, we are mates so that’s that. Let’s do this thing.” I get the dates mates thing, but Clara is a very independent woman and all the sudden she isn’t? I’m glad it worked out for them, but I really wanted a little more get-to-know-you before they took it to the bedroom…what ensued was 36ish hours of aggressive sexy which was great, but couldn’t they THEN actually talk and get to know each other or at least be romantic with each other.Thatcher was (rightfully so) very self-conscious and was convinced Clara would reject him and even after they mated, that she would leave. He was very insecure and at first it was endearing, but then…I just wanted him to man up! He did dominate in the bed, so I wanted that to translate to their whole relationship, but it never did. I prefer a man with a backbone.Claiming Beauty was a decent read, but felt very rushed and no character development. I would try another book by the author, but it appear a majority of their books are novellas, so I’m not hopeful the others will have much more character development than this one did."
