Reviewer,Review Count,Followers,Rating,Date,Tags,Likes,Content
Priscilla Berstler,60,,1,"April 18, 2023",,11,"please hire an editor. there are SO many typos and grammatical errors throughout all 4 books it immediately pulls you out of the story every time you come across one. these books are SHORT. so short that it could have been condensed into one book because we still haven’t completed the tasks presented to us in the first book!!most of the pages are filled with the same internal monologue over and over and over again. there’s zero chemistry between the characters, their conversations read like a courtroom transcript. i started the series last year so i had to continue with all of the books because i can’t leave things unfinished, but it was kind of dreadful."
Kate Foliage_and_Fiction,457,,,"March 8, 2023",,6,I will not support this author.She chose to block me over this comment in terms of her using Ai - “Unfortunately Ai is built off of stolen art made by artists in our community. There is no ethical way to use Ai at this time” Indie authors - your livelihood is at risk when your books are pirated or plagiarized. That is exactly what ai programs are doing to the artists in our community. Do better.
Skyla,137,,2,"August 18, 2023",,4,"Man this series declined hard thru each book and unfortunately the fourth did not save it at all. I am truly shocked and appalled that there are so many typos in this book. Like, basic grammar and editing mistakes, but also whole genders of character being changed paragraph to paragraph and plugging in the wrong name during dialogues? Cringe and hard to follow. Little to no character development. Booktok really led me astray for this one I’m so disappointed bc the concept is really cool but very poorly executed."
Asia,9,,3,"March 27, 2023",,2,"Some how, so much happened but in the very same breath nothing at all happened. Honestly I’m just continuing this series because I want to see how it’ll conclude. When I started reading this series I never would have imagined it would be so drawn out. We’ve been left with yet another needless cliffhanger and for what reason. Frankly I’m getting a little bored at this point. The premise of these books has the potential to be so engaging and enticing. But the continuous short blocks of storytelling with constant cliffhangers hinders the plot and the reader’s engagement in my opinion"
Sara,312,9,1,"October 12, 2023",,2,"DNF at 90%. These typos are bad. Like bad bad when you mix up character names. And felt like nothing was happening. Just them traveling from one court to the next. No character development, no plot development, no action."
margueritereads,192,2,1,"April 2, 2023",,2,DNF at 50%
Melanie Nelson,319,7,2,"April 10, 2023",2023,1,"In this 4th installment of the series the group makes it to the Sand Court…and that’s it. While there are smaller internal conflicts throughout, there’s is no buildup of the final conflict coming in the last book, except at the very end. I’m gathering that this series is supposed to be a Why Choose setting, but Delphine strikes me as nothing more than selfish and unable to make a decision. She expects all of these Fae princes to take care of her and throws a temper tantrum when she doesn’t get her way, and the reader doesn’t get to see much in the way of her character developing. While not a series that I’m enjoying overly much, I’m way too far in to stop now. The conclusion is yet to come."
Emily,1,4,3,"April 13, 2023",,1,"Delphine and the prince's story is great, I've read all through books 1-4 in a week. A Veil of Dusk and Deceit left me feeling like this book was written in a rush and barely edited. There were many sentences that didn't make sense, or needlessly used the same word or phrase twice. There were spelling errors, wrong word spelling use (ex. 'undo' where it was meant as 'undue'), and a paragraph where one prince is speaking yet it says a different one's name, one who isn't even in the scene. It was pretty disappointing to be distracted from the story with errors in seemingly every chapter."
Jessica Bass,27,,1,"May 2, 2023",,1,"I'm disappointed. Not much happened. I find myself annoyed with Delphine. She gets jealous at the thought of the princes with other women menawhile she is leading on 4 guys. She says she loves and chooses each of them. Either have an open relationship or don't. It's hard to take any of the characters feelings and motives seriously. The sex scenes are rushed, no build up. She's just ready to go, and it's always amazing. I was enjoying the overall story but even that fell short this book."
Kay Meow,41,,5,"June 6, 2023",,1,"I AM SO GLAD I knew there was a fifth book, bc if i had gone into this book expecting closure I would have been devastated.The book had such good pacing, and i enjoyed the dynamics between Seren & Calmadir a LOT."
Yuliya Barbi,8,,2,"June 2, 2023",,1,"A fourth book, a fourth time of Caldamir being a cuck. Still reading tho so girl’s getting the bag. 20 books to 50k going strong I guess"
Jessica,2,,3,"October 21, 2023",,,"A Vail of Dusk and Deceit picks up right after Delphine loses her brother and discovers her fae powers. This book focuses on an impending war and continuing to solve the riddle of the original deal made with Alderia.What I like - with the glamour back, the descriptiveness of the way the glamour works was nice. What I don't like - towards the end the book had many grammatical and story line related mistakes. For example, when they are in the Sea Palace with Tethys all of a sudden in the writing Delphine is talking with Armene. A few instances of those and you lose your audience.All in all, 3 stars for me. I think the writer and style is getting better, which is something you see with other authors like Sara J. Maas, where the original series is a little juvenile but then subsequent series and books start to pick up on world and character building. This is a great quick read in YA."
Isla Nyx,15,,1,"November 30, 2023",,,"I cannot believe I pulled through this one, as much as I can’t believe that there is supposed to be a fifth instalment of the series. Please let it end, let the suffering be over. This series has been underwhelming at best. Reading through those four books has felt like reading that one fanfiction you just know is going to suck humongously but you already went through all the good ones so you torture yourself with it because there is nothing actually interesting left. You simply cannot write a good fantasy series with only barely 300 page novels, there’s no time for world building, character development, setting up plot points or anything that would make it enjoyable."
Gigi Bastone,10,,3,"April 9, 2023",,,"While I enjoyed the book, so much happened yet so little happened… We didn’t really get to see much action in terms of moving the plot along so I feel like this was a filler book, almost as if 75% of it could have been condensed. I did enjoy it however and I will continue to read the series simply just so I can see where it goes. There were also some grammatical errors just as in the other books, however I didn’t notice as many in this one. **spoiler** I was also pleasantly surprised to see the return of my favorite demon ◡̈ overall I’d give this book 3.5 stars. And I will say that the ending was definitely a surprise!!! Interesting twist but I wish it hadn’t ended on another cliff hanger"
Marissa Pekurny,238,6,3,"April 12, 2023",,,"I enjoyed the book, but i felt this could have been combined in another as it mainly was just a whole bunch of info to fill up space between the ending conflict. It takes place mainly in the sand court and Delphine is trying to figure out her powers. There really isn’t a lot going on until the ending and then it ends on a cliffhanger and you don’t really get much. I am invested and will definitely read the final book in the series, this one just wasn’t my favorite."
Sydney,5,,2,"September 10, 2023",,,"I pushed through reading this one because I thought it was the last book in the series, I'd already read the first 3 books, and I thought it'd be worth it to push through to see how the series ended. That was especially hard because I have quite a lot of books on my TBR I'm excited to read. After finishing, I wish'd I'd just went ahead and DNF'd- lots of typos, felt like nothing happened, and honestly felt like a waste of time and disappointing."
Chelsea Cavill,85,,4,"October 20, 2023",,,Actually enjoyed this series more than I thought. Didn’t realise it wasn’t finished. Looking forward for the final book. Can understand some bad reviews. The typos are absolutely awful on KU. But I enjoyed the story. It was easy to read. Read all four within 3 days. Was easy to follow and I liked the build up. Hoping there is an improvement for the final instalment. Don’t know when it’s due for release though?
Kasie,12,,2,"June 2, 2023",,,"I really wanted to like this book (and the entire series) but this book was just so rushed and bad. There are dozens and dozens of grammatical errors, incorrect names (meaning, Tethys is supposed to be talking and instead it says “Armene looked into my eyes as he spoke.”It’s drawn out, with little plot, no action, and the spicy scenes are terrible."
Adresteya,22,2,4,"June 13, 2023",,,"The penultimate book in this series is jaw dropping. Some of it could be predictable, but it is still a fun read! The spice has kind of been forgotten in favour of the story line, but thankfully it is a really good plot, so it is still easy to get lost in. I do hope that in the final book of the series that comes out soon that there will be more of them together instead of one-on-one couplings."
Danielle,27,,4,"August 3, 2023",,,"This was my favorite of the series so far, which makes sense, because the last book to come out in TCTFF was also my favorite. So it must be about analeighs writing improving overtime and the stories getting more intense. I felt like I couldn’t read this fast enough!! I’m so excited for the next book to come out, hopefully it’s soon!!"
Crystal,1,,1,"October 11, 2023",,,"Is there anyone who does final reviews before a book gets published on Amazon? There were just so many typos. Also, there was a moment when the wrong name was used for a character. I was willing to look past some issues in the last book but I don't think I will bother paying to finish this series. What a shame..."
Peyton,34,,3,"January 14, 2024",,,"2.75 stars. There's so much potential in this story that it keeps me reading, but there are so many things about it that just make it a low quality read. The characters are fine, but nothing special, the world building could be interesting if it was fleshed out in more sensible detail. All around Ann average story."
Danika Kasmira,8,,4,"April 28, 2023",,,"I really do adore this story and the characters but please, hire an editor. There were so many mistakes in this book it was difficult to focus on the story at times."
Jada Sanders,9,,2,"May 26, 2023",,,"I love the story, I really do, but the number of errors in this book are a bit ridiculous. Referring to people as the wrong name, typos, sentences that don't make sense. The quality difference between the last three books & this one are night & day."
Cat N,36,2,4,"June 6, 2023",,,"Love the FMC's growth throughout the series. I feel like the relationships are solidified in this book and we are entering ""end game prep"" territory throughout this book."
Karli Majeski,83,,3,"July 27, 2023",,,This series has had so many word errors or grammar errors. They need to proofread or hire someone to do it. I will say though that the story continued pretty good. It’s starting to feel a big dragged out but all in all it’s good. Now to find the next book.
Aly Lay,29,3,1,"April 15, 2023",kindle-unlimited,,"DNF at 50%, I don’t know what happened with this book as I loved the three previous but absolutely nothing happened in the first half."
Alejandra Pylypchuk,22,,1,"August 28, 2023",,,just i hate myself
Nibras ⚡️,50,,1,"October 15, 2023",dnf；pure-hatred,,I just cant bring myself to continue reading this. God knows I´ve tried.
Hailey Tolliver,7,,2,"October 26, 2023",,,Seriously get a new editor. So many grammatical and spelling errors and there was even a point where names got mixed up.
Charlotte,8,,5,"March 27, 2024",,,"the world building in this series is so so good, though i actually cannot stand nyx and really hope he doesn’t get a redemption arc in the next book"
