Reviewer,Review Count,Followers,Rating,Date,Tags,Likes,Content
ashley roehl,80,1,2,"August 20, 2023",,1,"Everything was rushed at the end. And I feel like blazes story was cut short because of it. I really wish they would have found a way to save Axion. They didn't even try. Blazes story in general was good but the ending to the series, I expected a lot more. There could have been a final book"
Patricia,1676,45,4,"July 12, 2023",book-challenge-2023,,"We are back and Blaze is trying to get to groups of fighters that will hopefully take out Morningstar. When she is taken down by three hell hounds that want her to help them take out the enemy. Ransom, Axion and Maddox are well more then what they say they are and Blaze needs to trust herself and lean on them to help her defeat the enemy. While everyone is fighting hard to take out the enemy and return the world to normal. Blaze and her three men must make their way to free the one person who could change the tide of the war. Will they all be able to find their happy ever after and will they be able to fight and destroy the enemy.  Blaze is a fighter and a spy who has a hard time realizing that she is a chosen one. She is trying to get everyone where they are suppose to be and making sure that there are fighters . When she finds three hounds that well are her mates she is not sure how to take it. She knows she has feelings for two and the third gave his life to get them through. I must say Blaze is one of my favorite characters she is brilliant and feisty and wants to fight for what is right.Ransom is a devilish sweet guy who has the charm of twenty men when it comes to the ladies. Maddox is well he is a healer and wants to help those out but he is also very sweet and very good looking. Axion is the king and wants to get his followers back he will do what must be done to keep his people safe. We also get so more of the characters from the other books fighting for what is right . I think the author saved the best for last in characters they are well written and complex.  It is hard to say good bye to such wonderful characters and a great series. I usually have trouble with retelling of such fairy tales but this author made them her own and took them to new directions . These books are reverse harem and so much fun to read, the characters are well written and each of them are complex . This series is a fun easy read for those lazy summer nights . I think you need to read the books in order so you can keep up with all the ladies . Check it out ."
ChristiLovesBooks_smut,760,8,3,"August 15, 2023",,,"Blaze, book 10 (the last book), in the Happily Never After series by HP Mallory & @HPMalloryAuthor is an author I like as a standalone author. Most of her books with JR Rain I do not like. Blaze otherwise known as Little Red Riding Hood is kidnapped. Blaze is blind without the charms that are embedded in her temples. Blaze gets out of her bindings & is “rescued” by Ransom aka Ran, a Hellhound. Ran was ordered by his King/Alpha, Axiom, to have sex with her, as his magic is based on sex. Ran tells her that if they have sex, she will get some sight back. She agrees. Ran mates her on accident, which will make it so he is unable to have sex with anyone else. Ran is not there when she wakes up. She runs into Axiom & he tells her who he is & who Ran is. Blaze is furious. They agree to help each other. Ran is injured but the only way to heal faster is to have sex & since Blaze is furious with him he knows it won't happen. Blaze & Ran talk & he tells her that she may be part Hellhound as he marked & knotted her & should not be able to do that with a human. Maddox is jealous that Ran was able to mate with Blaze & he wants her. Axiom sacrifices himself to save Blaze, Ran & Maddox. Maddox & Blaze have sex & he mates with her. They free the Hellhound Goddess which freed all the Hellhounds from the slavery that they had been under. They win the war. Blaze takes a potion to turn full Hellhound so she can be with her mates in their realm. It was so-so. Maybe if I had read the entire series again before this? Unknown."
Cursed  Cuddles,45,8,3,"October 11, 2023",,,"""Blaze"" by H.P. Mallory is an exciting and enchanting urban fantasy novel that weaves together elements of magic, mystery, and romance. The story introduces readers to a captivating world filled with supernatural creatures and powerful witches.H.P. Mallory's writing style is engaging, and she effortlessly brings her characters to life. The protagonist's journey from an ordinary life to one filled with magic and danger is well-developed and keeps the reader immersed in the narrative. The romantic aspects of the story add depth and emotion to the plot, making it a well-rounded urban fantasy read.The pacing of ""Blaze"" is well-maintained, ensuring that the story unfolds at a satisfying speed, keeping the reader's interest from beginning to end. The book strikes a balance between the magical elements, character development, and action, making it a thoroughly enjoyable read for fans of the genre.In summary, ""Blaze"" is a spellbinding urban fantasy novel that offers a delightful mix of magic and romance. H.P. Mallory's storytelling is captivating, and her ability to create a vivid and magical world is commendable. If you're a fan of urban fantasy with a touch of romance, ""Blaze"" is a book that's likely to cast a spell on your reading list."
Jami Kehr,987,13,5,"July 11, 2023",,,"I wasn't a huge fan of Fairy Tales being retold.. But this series is so different from any others, you don't even realize the main players are derived from beloved characters all the time. Blaze was by far my favorite.. She even out beat Belle who for me was the running champ throughout the series.I'm excited to see what comes from Mallory next!"
Jana Oglesby,208,2,4,"July 27, 2023",,,"An end to a really good book series. I did enjoy this book, but it did seem a little rushed in places. The ending was great & I can’t wait to see what comes of the epilogue."
Amy,935,1,5,"October 7, 2023",,,"I have loved this series from the beginning. It is bittersweet to know that it is over. Meeting the chosen ones, and them meeting their mates has been a fun coaster ride! Happy reading!!"
