Reviewer,Review Count,Followers,Rating,Date,Tags,Likes,Content
a seductive cactus,263,230,4,"April 16, 2023",_genre_monster；_pairing_rh；_steam_3_high,9,This felt a little darker than the first book - but still a fun read.The FMC at times was frustrating - she seemed to have very bad survival instincts.
Cat Hoffpauir,1594,158,5,"May 1, 2023",monster-pnr-fantasy；why-choose,7,"4.7 stars. So good.🥰First off. Let me just say that I love how the ladies in this series accept the monsters so quickly…it’s just satisfying when they don’t really fight the pull of the big scary monsters. And the monsters were all so freaking sweet and sexy. The mystery in this one wasn’t as mysterious as the first one, but it was still just enough to have me completely hooked. And the fact that we get to see Juno(from the first book) interact with our FMC, was super cool. Though I was screaming at her to just Tell Juno what was happening when she was thinking about it throughout the book…I mean. I get why she didn’t. And it probably would’ve ruined the plot a bit. But still. It was a little frustrating to see her wanting to tell her about the monsters and thinking Juno wouldn’t understand, when we, the readers, having read the first book, Know she 100% would have. Not that it changed my opinion about the book at all. I still really enjoyed it. We got to see a few different monsters in this one. Plus it had that same spooktastic vibe I loved in the first one. With its own twist, of course. AND it totally set up the next book for us. So I can’t wait to see what comes next. Hopefully we get some more new monster types and cool spooky mysteries to solve and survive."
Poppy || Monster Lover,1011,144,4,"May 23, 2023",dark-romance；fast-burn；fierce-fmc,3,"I enjoyed this installment in the void series and I liked the mothman. It was good to have some variety in MMC types, although it wasn’t a huge variety. I would have liked a LOT more background on the mothman character.Elle is the cousin of Juno, the FMC from the previous book. She visits a sketchy lodge that she was invited to at her mother’s funeral by a couple who claim they knew her well. Then the horror begins with plenty of monster smut.Spice: 4/5Triggers: horror themes, cult, murder/sacrifice"
OneDayI'll,1416,31,3,"April 21, 2023",,2,"Elle just lost her mom. Two strange people approach her at her funeral to invite her to learn about the woman she thought she knew. It turns out she was Jon Snow. She knew nothing. The prim, put together, bland woman she thought she knew was anything but. Her eyes were opened. And then some. Spoilers ahead.While I enjoyed the twists and turns of the story, the romantic angle didn't gel as well as Juno's story did. The secret society, all the family history discovered, what she learned about her mom, the hunter, those were what carried the story. Toth went from understandably wary to circling her like a lamp and professions of love far too fast. And in almost a resigned manner, like he didn't like it but he guessed he had to settle for it. It was weird. His phrasing was so lackluster for what was essentially a life (an career) changing moment. Kiraxis was a trip with his braggadocios ways and wonder. He felt a little too innocent in some ways, though. Dra felt like a necessary tool on her kit rather than a full mate. Like, she had to have him to have the others. He faded into the background far too often. Elle seemed to forget her mission many times, never really sought out the society leaders, and didn't seem to care that the younger members had been groomed since they were adults now. Um. Considering the relationship the one had with the leader, which I'm hoping lacked trigger warnings because hopefully it occurred after she reached 18- which is still icky because he raised her...ew, that bothered me. She talked to Kase but never really to Willow. She tried to get Kase to open his eyes about the society but just shrugged off learning that Willow's father figure took her to bed. It left a bad feeling. I knew a new setting would have a different feel to it than the previous story. I just wasn't expecting to not like the characters as much. But the layout for the next book is set up and it will be interesting to see if the author can recapture that same feeling the 1st book had. PS: to be honest I skipped over almost every steam scene. Some had such ridiculous language that it just couldn't be read with a straight face. The regular conversation dialogue was fine. It was just the...scenes...that had me laughing and skipping past. They just didn't fit with the characters involved. It was like reading scenes from another book that just happened to have the same names."
❀ Crystal ✿ -  PEACE ☮ LOVE ♥ BOOKS ,2403,285,4,"May 9, 2023",2023-read-list；reverse-harem-read,2,"This was a cute and fun read, totally filled with monster porn and tentacles so if that’s your thing this series is for you. Story follows heroine Elle as she travels to some remote location her mother would disappear to for a month every year before her death. Elle is also harboring a secret, she can heal anyone and anything for injuries like a scratch or if you’re on your deathbed. When she arrives and starts transporting to a whole new dimension aka the void, she embraces it fully. Even monsters in the void are not as scary to her as they should be and when she finds herself 3 monsters wanting to call her theirs, it doesn’t take her long to accept their offer. Of course this is after she lets them know she wants them go out in some effort at courting her and as monsters with no true understanding of humanity they make most human men not just pale on comparison but fade entirely lol. This was overall a cute read and the length worked to flesh out the stories and give the characters enough depth to care about! There’s also a dual storyline about this creepy setting and the connections between her mother and the void that adds some mystery and danger to the story. Does briefly connect to the first book in the series but can also work as a standalone as I’m guessing further books in the series will as well. The women will have mild connections but new harems and HEA’s."
Dara,764,42,4,"April 20, 2023",lovecraftian；monsters；pov-multiple,2,"Take one generous serving of H.P. Lovecraft's cosmic horror, remove the racism, add a plucky heroine in place of the hero who always faints right at the exciting parts, and stir in a heaping measure of horniness for monster dick. Fun plot, loads of horror references, and spicy monsterfuckin'. (Though there's no kaiju-sized cock in this one.) What more could you want?"
Reanna Patterson,36,,5,"November 4, 2023",,1,"Cate Corbin does it again. Steamy paranormal/supernatural monster romance is definitely my favorite genre, if this is what I get. The lore was built upon beautifully and, while some twists are easier to see coming, there are unexpected turns that have me devouring the book that much faster. 😍 It's 100% a worthy sequel, and I can't wait until the next one! And hopefully new monsters?! 🥵5/5 stars AND spice!"
Shyla Colt,,992,,"April 21, 2023",,1,"I loved how much deeper she went into the Void. The expansion of the world was incredible, and I was hooked! Elle was a woman on a mission after her mother died and she was contacted by people she never knew existed. Desperate to know a different side of her cold and distant mother. The strange mansion in the middle of nowhere houses secrets and what appears to be a strange cult. I loved her mysterious journey and the new monsters she came across. They each had their own personalities and the hear between them was lava levels of hot. This was an amazing addition to the series and I can't wait for more."
Sarah,585,1,3,"December 21, 2023",2-star；3-stars；adult,,"2.75*This is the second book this week that I’m feeling pretty disenchanted by. Once again, my reading choice has resulted in a book that was bland and lackluster as the second novel of a series. What happened? Where was the magic and  of the first novel? We had all of the same ingredients: a Void-touched Marsh girl, 3 monsters, a mystery, and at least 1 evil person trying to kill the heroine. And yet somehow, the accumulation of all the right bits and pieces couldn’t come together to create  the same outcome. Elle was hard for me to fully root for. I think part of this was her questionable lack of sense. When Elle felt that trouble was lurking and her gut told her to run, Elle went investigating – repeatedly. It felt like a wonder in and of itself that Elle was still alive just in general, because she certainly wasn’t making choices that would help her cause. Admittedly, this ended up working out for her over and over again (perhaps feeding into the invincibility illusion?), but I don’t think we’re starting off on the right foot when our heroine appears to lack the good sense God gave her. Another factor that annoyed me about Elle was how fearful she was – and apparently always had been – because of her ‘healing hands.’ This gift/curse was something that Elle had hidden from  (including her mom, which didn’t make a lot of sense to me). Elle was scared to touch anyone for fear of healing them and then being found out and shipped away to become a lab rat. While her fears as an adult were more understandable, the fact that she’d had these same fears as a child and no one noticed or connected the dots (again, including the people that were closest to her) never made a lot of sense. It really shouldn’t be much of a surprise (based on book #1) that the author didn’t really build and develop her world very much. There was little depth or complexity to it and we (as readers) only come to understand the bare basic necessities – enough for it to kinda, sorta make sense (especially if we don’t look too closely). While this was certainly a complaint for the first book, I think this is even more frustrating by the second (because now, the author had the opportunity to build it up a little bit more) and she didn’t take it. An example of this would be with Toth the Moth. This moth-man was the only monster variation from the characters we were introduced to in the prior story. And yet, by the end of the novel, not only did I feel like I didn’t really know Toth as an individual, but we also spent  little time with him as a monster, it was almost pointless for him to be in the story (which was really sad because he’s the first monster we’re introduced to and it started out really well. I had liked him and been intrigued by him). As much as I enjoyed the harem getting together, the relationships that were developed between Elle and her monsters was quick, insta-lovey, and  underdeveloped. Their relationship had an almost non-existent foundation built before they were exchanging ‘I love you’s’ to one another. Weirdly, they each faded into the background (although this seems to occur more with Toth than with Kiraxis and Drazen). The smut wasn’t bad. It was fairly similar to the prior novel and there wasn’t a lot of variation, even with a different type of monster thrown in this time. I enjoyed it, but I don’t think it was quite up to snuff compared to its predecessor. Additionally, I’m still really confused about the Void and how it looks. There’s no sunlight, only the light of stars there. When I picture it, I picture it being very dark and fairly grim (with glimpses of light – so almost an Avatar-esque feel when things light up). Regardless, it’s still very gloomy because all of the monsters experience pain and a loss of sight when exposed to sunlight or any bright light (including a fire – which isn’t all that bright). Both Juno and Elle have described it as very beautiful but in contrast, they begin to disdain their own world and the light it has. People experience symptoms of Seasonal Affective Disorder (making them depressed) in the winter because there’s less daylight. I can’t imagine that living in a dark world 24/7 would be any different. The fact that they so willingly want to make the Void their permanent home and forsake light of all kinds (flashlights, fires, electric lighting, and sunlight) seems questionable. The monsters may be able to see better in the darkness, but humans can see better with light. To give it up almost completely seems no small thing (and yet, there’s a very flippant attitude with this by both girls). I think this is another part where the realism is lacking and the author could’ve done more with the world – or at least had our characters have a thought or two about having to give that up to live in the Void. I also saw the ending coming (where Mary was the biggest villain/threat instead of Joseph). Not only was this big “reveal” not all that surprising, but Elle’s supposed search into uncovering who the Hunter was and stopping that person from hurting/killing monsters was a joke. Elle was too busy hiding, sleeping, crying, and screwing her monsters than actually figuring out who the Hunter was. I was irritated by her (and the monsters’) poor priorities. Elle forgot her mission. And, what’s worse, is that she saw 2 young adults who’ve been groomed by cult leaders and did  to even try to help them. At one point, she was basically like, “well, they’re adults [at 18], so they can make their own choices” but the kids had been taken and groomed from like 11 years old (or so). Willow even makes a comment later on about the fact that she’s sleeping with Joseph (someone who was around Elle’s mother’s age – so around 40ish). This was a man Willow has grown up with, with Joseph acting like a father-figure (not to mention authority-figure)…so yeah, they were both technical adults, but Elle also kind of leaves them in their toxic cult when she’s the only one there to offer help. If they refused, that would’ve been one thing, but Elle just leaves them in the cold. I also HATED Mary’s villain monologue at the end of the novel. Even though Elle calls this nonsense out, Mary continues to talk and talk and talk as she spills all of her past secrets and plans as the sun goes down and the stars come out (meaning Elle’s monsters can come to her rescue). It was cheesy and ridiculous. I couldn’t help but roll my eyes. We also find out through this that Mary killed Elle’s mom through a curse (and that it wasn’t cancer after all). This is barely mentioned/discussed in depth but again lacked believability. I’m not saying I’d be completely against reading any further books in the series – which we may or may not get (as this was only hinted at as a  when this novel wrapped up and there are no further books as of now), but I’m also not sure that I’ll keep my eye on these books to come back to if the story really does continue. This novel wasn’t bad, it just wasn’t great, and I’m simply not as impressed as I had been by the end of book 1."
Loubie loves to read,225,5,3,"December 31, 2023",3-plus-stars-good；monster-romance,1,3.75 ⭐️ I do enjoy a good monster story…I actually liked this story more than the first one..It has horny monsters as well as having a good storyline with mystery and adventure😁
Angela Hedrick,1043,20,4,"August 21, 2023",dark；erotica；fantasy,,"I really like the first book, so I wanted to read the second one.	Read it as an ebook on Kindle.I read this book for pure entertainment purposes.Contemporary, Crime, Fantasy, Horror, Mystery, Paranormal, Psychology, Religion, Romance, Suspense, Spirituality, Thriller, AdultLike the first but I didn't have a favorite part but I did have a favorite character. Kiraxis was just too funny and I loved how he terrorize the cook into giving him food.Anyone who likes reverse harems, mysteries, erotica, horror, and monster men.I enjoyed this book but not as much as the first one. I think my biggest problem with it was the moments when the female lead did things that she knew were dangerous but did them anyway. She reminds me of those characters and horror films that are too dumb to live. I also didn't understand why she was so obsessed about finding out more about her mother when she had been treated so poorly by her. I mean, I guess I get it because she's trying to figure out how her healing powers have come to be. The author did a great job of keeping me on my toes while I was reading this. I was kind of sad when the young man from the Wendigo Society was killed. I felt like he got into the wrong crowd and could have been saved. It blew my mind who the villain called the Hunter was. I don't want to spoil it, but I never suspected it would have been them. The ending to this one was very satisfying, and it was fun to see some of the characters from the first book pop in occasionally into this book. Overall if you liked the first book then you'll like this one. The story can be read as a standalone. You do not need to read the first book to enter the series. I hope that this author writes more in this series, and I can't wait for the next book.VERY INTENSE. This story isn’t for the faint of heart. Mf, mfm, mmmf, tenticles, special genitals, breeding kink, and more. This story Is extra spicy hot. There are three love interests, all of them males, and monsters. Kiraxis – The monster under the house furnature. Dirazan – The lake monster. Toth – The mothman monster. Suicide Idealization, Self-Harm, Trivializing Mental Illness, Romanticized Mental, Emotional Abuse, Controlling Parents, Panic Attacks, Trauma, Child Abandonment Explicit Sex Scene, Masturbation, Oral Sex, Dubious Consent, Violent Sex Death, Death of a Loved One, Graphic Deaths, Mass Death, Murder, Execution, Extreme Violence, Gore, Threatening child, Child Abuse, Escalating Violence, Described Blood, Graphic Violence Body Shaming, Female Oppression, Kidnapping, Hostage Situation"
Bluebyyou,235,4,4,"July 23, 2023",,,"Highly recommend if you love or can at least deal with reading monster porn with a side of tentacles!The Good1) Great use of Lovecraftian mythology2) The world-building was thorough and amazing3) The settings were well-depicted and brought so much to the story4) Wonderful, clever details5) Some really hilarious moments! Love Horny Elle!6) The plot-driven storyline was compelling7) The plot was well-thought out with intricate breadcrumbs8) The climax was spectacular ()9) Oh, the twists10) The monsters are monstrous11) The male leads all have different personalities/voices12) The smut!13) Overall, I found it to be a more satisfying read than the first bookMixed1) 2) I enjoyed the female lead but she often vacillated between being savvy and/or clever and being too stupid to live3) There was more emotional content in this book than the first but it imbued the plot-driven storyline rather than the romance-driven storyline so....4) The romance-driven storyline, like the first book, relied completely on the smut and.... 5) There was an explanation as to why one of the monsters would prefer to mate with a human female over one of its own kind (), sort of explanation as to why another might not have the opportunity to mate with one of his kind but no explanation for the thirdThe Bad1) The rich horror-laden atmosphere/ambiance in the first book was completely absent here2) There were some errors like use of the word voyeur instead of exhibitionist, having one of the monsters able to read her mind when several paragraphs above he had express frustration at not being able to and calling her filthy-minded when it is made clear the monsters do not have that christian sex-is-dirty mindset3) Can't wait for the next book!!!"
Heather,989,12,5,"April 19, 2023",,,"Absolutely amazing!Wow… I thought I loved the first book in this series, but THIS one was absolutely fantastic! This book takes us on Juno’s cousin, Elle, story. At her mother’s funeral, she was told about some secrets that her mother kept from her from 2 strangers. She received an invitation to join them at the Wendigo Society in a remote location. Wanting to know more about these things her mother kept from her, she goes, and things immediately start getting weird. First, the people are a little off - there are only the two main people, Joseph and Mary, the two disciples, Kase and Willow, and the cook. Things get even weirder when she starts meeting monsters… First was Toth, who she met after waking up to screaming, and finds him trapped and rescues him, she meets Drazan when she goes for a swim and ends up in the Void. When she returns, she discovers that one of the main points of the Wendigo Society is to open the doors to this other realm. During one of her journeys to the Void, which none of the others can truly enter, she meets her final monster Kiraxis. But things start amping up in the real world – first there is a hunter about, and she starts learning more and more about her mother and her family history. This book is totally awesome, and I can honestly say I was a little shocked at who the true villain ended up being!!! But thankfully, it ended in a happily ever after for Ell and her group of men. Loved having Juno in the book, too! Great tie-in! And I can’t wait to find out what their distant cousin who is now attending that university will get up to!I received an ARC for my honest review!"
Bluebyyou,235,4,4,"December 30, 2023",,,"Note: for some reason this book is in two places under the same title so this is a copy of my review made on the other page.____________________________Highly recommend if you love or can at least deal with reading monster porn with a side of tentacles!The Good1) Great use of Lovecraftian mythology2) The world-building was thorough and amazing3) The settings were well-depicted and brought so much to the story4) Wonderful, clever details5) Some really hilarious moments! Love Horny Elle!6) The plot-driven storyline was compelling7) The plot was well-thought out with intricate breadcrumbs8) The climax was spectacular ()9) Oh, the twists10) The monsters are monstrous11) The male leads all have different personalities/voices12) The smut!13) Overall, I found it to be a more satisfying read than the first bookMixed1) 2) I enjoyed the female lead but she often vacillated between being savvy and/or clever and being too stupid to live3) There was more emotional content in this book than the first but it imbued the plot-driven storyline rather than the romance-driven storyline so....4) The romance-driven storyline, like the first book, relied completely on the smut and.... 5) There was an explanation as to why one of the monsters would prefer to mate with a human female over one of its own kind (), sort of explanation as to why another might not have the opportunity to mate with one of his kind but no explanation for the thirdThe Bad1) The rich horror-laden atmosphere/ambiance in the first book was completely absent here2) There were some errors like use of the word voyeur instead of exhibitionist, having one of the monsters able to read her mind when several paragraphs above he had express frustration at not being able to and calling her filthy-minded when it is made clear the monsters do not have that christian sex-is-dirty mindset3) Can't wait for the next book!!!"
Maryse,266,,2,"November 2, 2023",2023-reading-challenge；alternative-universe；contemporary,,"I read An Inheritance of Monsters quite a few months ago and I remember enjoying it very much. So I was interested to see if An Invocation of Monsters lived up to the first book in the series. It was enjoyable but I felt it didn't quite measure up.This book is about Ell who, after her mother passes away, is invited to visit a society that she was secretly involved with. This mystery of her mother's youth brings Elle to the Wendigo Society where strangeness is in the air and where she meets monsters.I would definitely recommend reading An Inheritance first as I feel a lot more detail is given there about the monsters and what the Void is. I also felt that the personalities of the monsters were described more.Elle feels like a generic character with little to set her apart or make her memorable. She comes face to face with her first monster and is completely unfazed by him. She finds out about the doors leading to the Void and instead of freaking out that a whole other world is within reach, she just accepts it. This was strange for me and I felt that more emphasis was put on the mystery of the Society and her mother's involvement and less on the actual relationships with Elle's monsters.I skimmed a bit near the end where it was a predictable reveal of the ""bad guy"" and ending.Not my favourite book by this author. It was a bit lackluster compared to her other books and the world building and relationships in them."
Lisa,173,1,3,"October 13, 2023",,,"2.75This just wasn’t for me. The first book was spooky, funny, mysterious, and spicy. This book just felt… flat.The monsters were cheap imitations from the first book and Elle also lacked personality so it all just kinda dragged.Also, I was disappointed with how unrealistic it was for Elle to go from having sex once before in her life years ago and to never touch someone again to suddenly she’s a freakish pro IMMEDIATELY. Like, there was no teaching or asking, she just “naturally” knew what to do. I know, I KNOW this is a monster book full of unrealistic things but you can have fantasy elements with still realistic elements. The whole thing just made me cringe. Also, the insta love. The first book was full of wonder and funny interactions that charmed and warmed Juno up. Not Elle. She was like, “oh hi nice to meet you.” ::nothing happens to develop relationships and suddenly she is going mad with how badly she wants to bang them:: (and then does)Just no. I stuck through to the end hoping at least maybe I’d find some interest in the “mystery” of the cult but that was as pretty anticlimactic too. Minus like 2-4 pages.If you have zero interest in a story and only want to read monster smut then this is for you. Do yourself a favor and skim to those parts though, trust me, you won’t miss a thing."
Meagan,623,17,4,"April 24, 2023",fantasy；fantasy-romance；paranormal,,"Great book, I liked that we delved deeper into The Void and got some more backstory. It was a bit convoluted though, and I'm sure I would've gathered more information had I read  closer to this book. I had the same problem with this book that I did with Juno's one of the monsters seems to take a back seat. I wanted to know about Toth, he was the first monster she met and he barely shows up.  It's fairly easy to see who The Hunter is (who I guess could be the big bad) but the last couple of twists I really didn't see coming so that was nice. It was interesting learning about The Wendigo Society and what a bunch of crazy fuckers they were. Glad too that there was no redemption for Elle's Mom after we learned about her. It'll be interesting to see if this series continues. The foundations have be laid and I'd like to delve more into this world."
TheBookBrat&#x1f5a4;,600,66,4,"April 14, 2023",rh-monsters；rh-pnr；shared-world,,"Holy moly monsters*RH*PNR*Multi-POV*secret cult*family secrets*interesting appendages *established harem (3)*fast burn 🔥 *standaloneThis story follows Elle who upon the death of her mother is busted by some strangers inviting her to visit the Wendigo society… It appears her mother had a whole secret life there and role Elle never knew about but may directly affect her 😣 the more she uncovers tidbits of info about this questionable society she realise she definitely does not fit in!!Alongside this Elle discovers the monsters, and boy oh boy does that open up her eyes to a whole new world to her 😜 we have Drazen the guardian of lake the knowledgable leader with incredible tentacles; Kiraxis the loveable beast with knotting abilities; and Toth the unsure protector with grippers and wings 😄 they certainly bring an out of this world experience to an inexperienced girl 🌶️🔥🌶️🔥🌶️ not only that but they help her to discover the answers she desperately needs to survive the secrets around here!!A monster smutty standalone with a good story!"
Carol Rupprecht,724,14,5,"April 22, 2023",,,"I had really been looking forward to Elle's story that we got a short intro to at the end of Juno's book. I have to admit, I thought the monsters were going to be wendigos based on the society name. I was hoping to see new and different types of monsters introduced in this book, and I got that, but not how I expected. You'll see a couple familiar monster types from Juno's book in this one as well as a couple of newer creatures too. I think the great thing about Elle's book is that it dealt a lot more with the history of her family and how they are different from everyone else, why the Void welcomes them. Elle goes into this society searching for answers and doesn't stop until she gets them. It is a bit darker than Juno's story but it really dives deep into the bones of the family tree and their history with the Void. This book has a lot of mystery to it as well and was really fun trying to put all the bits of discovered pieces together. Even when we had most of the information, the ending was still quite surprising."
Raye,193,7,4,"April 19, 2023",,,"3.5 Stars I really enjoyed the first book in this series, An Inheritance of Monsters. It had everything I could ever want. Good spice, lots of mystery, and some spook. This book had everything the last book did... almost to a T. I was a bit disappointed that this story wasn't a whole new story in an interconnected world where basically all the author did was switch out the names of the major players and we don't have ghost hunting. That is really the only difference. It was still entertaining and very spicy but I was hoping for something a little bit different and new. You still have mystery and some creep factor with the cult vibes, but it is really the same story as book one. I would highly recommend book 1. And maybe you will like book 2 as well. It was as I stated before entertaining but I was just put off but the almost identical similarities (other than name changes)."
Tara Syrnyk,662,4,4,"April 29, 2023",,,"This was a pretty entertaining read. This is the 2nd standalone in the void world and follows Elle. I have not read the first, which I learned is Juno’s but I will now! I really enjoyed the world building. I thought the authour’s attention to detail in the description of the Void and the monsters living there was really well done and unique. The story was easy to follow, and moved at a comfortable pace for a standalone. Elle goes on quite the journey , discovering another side to her mother, who definitely kept things from her, learning about a secret society , the Void and the monster that inhabit it, and what they and the secret society have planned for her. Overall I was entertained and enjoyed this read, it was spicy, mysterious and unique.I am looking forward to seeing what happens in the next book"
Lynne Joseph,139,2,5,"May 21, 2023",,,"⚠️Warnings⚠️1) Yes. There are monsters. The title sort of gives it away.2) Yes. There's plenty of on-page monster explicitness...a monster sandwich...if you will. Dont be a prude.3) It could probably be considered a standalone, but it's always better to read it as a series. 4) HEA I was so excited when Book 2 came out, and it totally lives up to my expectations. Not to mention I LOVE how Book 3 is set up, so that's already on my TBR, and I don't even know the name yet. 😅The book continues the Marsh legacy and dives a bit more into the family history, but there's a threat to the Void and its residents that lurks in Deepwater. And it's left to Elle to figure out what's stalker her monsters.Not to mention...monster sandwiches. So all you monsterfckers out there, enjoy!"
Niki Leyland-Hall,1,,5,"August 20, 2023",,,"Love the overarching plot, love that the story mirrors Juno's while still being unique to Elle and refreshing yet familiar to the reader. Corvin's books have great pacing in my opinion and this is no exception. I took a long time reading this one as my personal life was hectic, i normally struggle to enjoy the overall plot when I read like this but I found it was always easy to pick back up. Corvin does a great job of keeping the reading informed of new updates to the lore and plot while giving subtle ""previously on.."" segments for readers to remember. As we get more into the story of the Marsh family and the ties to the void I am going to need a family tree though. Very excited for the next book (and hopefully more) very interested in the workings of the void, lots of opportunity for new and unique monster romance stories!"
Nomims,1564,11,4,"July 22, 2023",paranormal,,"3.75 starsI remember being eager about reading the sequel, then it came out and i waited to be in the ""right"" mind to read it. Then i finally read it ^^Honestly i remembered almost nothing from Juno's story apart from the Void, the monsters and her being special. I was also sure she wasn't close to her cousin but apparently she was ^^Anyway, i wasn't the biggest fan of Elle but i was curious about the mistery. It was interested but not that into it, it felt like some parts lacked feelings (with the monsters) even the sex scene felt a bit bland. Overall i liked it but i'm not sure i want to continue this series especially because it feel like it will always be kind of the same thing : special girl who doesn't know it, monster sandwich, gardian of the Void."
Lilith Isha Brasil,3,,5,"April 24, 2024",,,"I have to admit, I almost didn't read this book because I thought it might be appropriating a myth from my culture, but that's not the case with this story. It is not the author who is culturally appropriating but certain characters in the story who are, and they are depicted negatively. Cate incorporates this myth beautifully and respectfully. I'm glad I read it, and it is now one of my favorite books. The spice is good, the monsters are sweet, and the mystery is interesting. Like in the first book, only just enough details are given to keep you invested and binge reading. I really hope there will be a third book in this series. These books are awesome"
Tori Puente,231,9,5,"May 1, 2023",reverse-harem,,"I enjoyed the first book getting into this world a lot, and I think this one was even better. The plot was darker, with more sinister undertones. The isolation was more pronounced, with an even creepier feel. Being that there's the Cthulhu mythos built up, a cult being the focus here felt right. And I felt like the Void setting was more fleshed out. There's also more monster spice, if that's what you love. I liked the inclusion of a new type of monster, and I kind of wish they had all been different from the first book. And it seemed like for being as inexperienced as she was, Elle was more than ready to get it on, which seemed kind of odd. Haha. Other than that, it was really enjoyable."
Nora Ellen (Nbbookery),325,12,5,"April 18, 2023",adult-series；monsters；paranormal,,"Sometimes, sequels drop the ball. This book was the exact opposite. Returning to the world of The Void and the beings beyond was like wrapping in a warm blanket on a chilly night. Elle and her monsters were a great storyline as they fought The Hunter to protect The Void and its power. There are things hunting Elle, and she realizes that her monsters can protect her more than her independent lifestyle cares to admit. The fact that those ✨️realizations✨️ were spicy ""monster sandwich"" scenes? Cherry on top. I also loved seeing Juno again! She was my first foray into this world, and getting an update on her and her monsters was A+! The setup for a third book has me turning on my Amazon notifications for the author. 🤞 Pretty, please?! 🥺"
Charlotte,3250,45,5,"April 16, 2023",,,"An Invocation of Monsters is book 2 in The Void series and its Elle's book. Darker than book 1 with plenty of steamy scenarios it was a brilliant read. With the death of her mother Elle's eyes are opened with each secret, lie and backstory that gets uncovered as the book progressed. It was definitely a book that kept me gripped from start to finish. I genuinely like Elle and her monsters. Their relationship was really sweet. This was a great addition that Juno (from book 1) popped up with her monsters in this book too. Loved that."
J.T. Kingsley,240,6,4,"April 20, 2023",,,"I waited eagerly for this book to release. I really enjoyed the first one, and was super excited to dive back into the world of the Void. Unfortunately, this book fell a little flat for me. Elle felt less likable than Juno, and so I was less invested in her relationship with the monsters. I enjoyed the plot with the society and the mystery surrounding her mother, but the romance just wasn’t as enjoyable this time around. I will probably read the next book because I like the world building, but this was just a little off the mark for me."
Ashley,87,,5,"April 25, 2023",,,"This was a great second book in The Void series. This one follows Elle as she tries to discover the mysteries of her deceased mothers life. While there are some similar situations as to how certain things occur in both book one and book two, they each have their own characteristics.This is a story where you're missing many pieces until almost the very end. However, this is understandable because the main character doesn't understand what's going on around who for a long time either. I really hope more books get written for The Void series!"
Tart,69,,3,"December 12, 2023",,,"Not near as good as An Inheritance of Monsters and this is in part due to the vibe the ""villians"" give off. I never really knew who, if any of them, was really the worst in the case of the wide cast of bad guys...which made it hard to focus their reason for their actions. The monsters were adorable as always, but just not the same feel as the last monsters. There is also a feel like there could be more books in the series coming, but I dont have that same urge to keep track of it and read the next book the moment it drops."
Roxanna Garcia,5,1,5,"January 4, 2024",,,"Another masterpiece by Cate! I wasn’t sure if anything could top the first book, An Inheritance Of Monsters, but boy was I wrong. First of all Toth, Kiraxis and Drazan are absolute cinnamon rolls, with the perfect amount of “touch her and die”. I also love Elle’s bravery and her insistence on finding out the mystery of the Wendigo Society. It has been some time since I read the first book, so I’m not sure why I didn’t put two and two together realizing that Juno was from the first book. The spice in this book was also amazinggggggg. Just the right balance of steamy and plot. Loved this book!"
Lauren,14,,5,"February 1, 2024",,,"4.5 stars, rounding upI am loving this series. It was fun to get to read Elle's story and meet her monster mates. The story was well written and the characters were good too. The steam was 5/5, especially later on in the book. The only reason I docked half a star was there were a few typos that distracted from the story and some weird labeling of characters (calling them a monster or by their species instead of their name). Overall, I'm a huge fan and can't wait for the third book to come out!"
Utena,681,22,5,"April 16, 2023",adult；contemporary；dark,,Secret Cult. A Mother's Secret. And Monsters. Oh my!4.9/5 |  |  |  |  |
MaddTheSimmer,167,,5,"April 17, 2023",,,"This series is so interesting! Even though this is the second book, this is definitely Elle’s story. She’s clever even when faced with the unbelievable and somehow has a healthy amount of skepticism while jumping into crazy situations head first. Definitely read the first book for the context as Elle learns about her lineage. I liked this book even more than the first one. I think Elle just resonated with me and I feel like I got to know her so well as I read."
Zane S,44,1,5,"April 23, 2023",,,"These books tickle me. They are sweet and spicy (extra spicy) and the plot is *chefs kiss*. The perfect blend of ridiculous, funny and sexy. The nods here and there to the master of cosmic horror are well done although I imagine he is rolling in his grave at the idea that somebody wants to get freak nasty with eldritch terrors. Just the best silly romp of a read. I’m sad it’s only a duet since I would move to the void myself if I could."
Marianne,2550,,3,"April 26, 2023",action-adventure；e-book；family,,"A low three star rating for . I kind of skimmed through some of the raunchy bits as I was more invested in the overall story/mystery. The suspenseful scenes were also quite good/anxiety inducing and I thought the resolution worked well. The author has left the door open for more books, but I'm not sure what other ideas there are to explore. I'll probably read them though if she does write more."
Teressa Leonard,2,,5,"August 12, 2023",,,This book did not disappoint in the slightest! it's just as good if not better than the first book in this series. It was slow to pick up but once it did oh boy you're in for a wild ride! And the twist at the end thinking that it was one person and it turns out to be another and then another and you never knew who the villian was until right before they showed themselves definitely a great read definitely worth it
Reyshine,85,,3,"September 7, 2023",digitally-owned；read-in-2023,,"Is this book better than the first one? No. Is it nice to have something other than a discount Ghostbusters? Yes!I'm all here for secret, societies and developing these women as more than just sex toys for monsters. Let's focus more on this lore, and then sprinkle in more of the MF. We have to have a plot honey, and you really are working with something here. I'm actually eager to read the third one to see if we keep improving little by little."
L R,288,57,5,"April 17, 2023",,,"An Invocation of Monsters goes deeper into the lore of the Void. I quite enjoyed Elle as the main character, as well as her harem of monsters. I don't think you definitely need to read these books in order, but it does help to have background from the previous book. I look forward to the next installation in the series."
Kelly,56,1,5,"April 20, 2023",,,This was a fun read! I loved book one of The Void and book 2 didn’t disappoint. Elle takes us on a journey where she needs to unearth more about her and her mother. During that she ends up at the Windeigo Society her mother belonged to. She learns about her mothers past and how that impacts her. This is a spicy read with her monsters and makes page turning easy and quick.
L,580,,3,"April 23, 2023",,,"Dark, twisty and quite an interesting premise following up on the first book. I actually liked the dark culty background of this book more than the first book but I felt like the first book had more build up and slow burn of the monsters becoming romantic interests (with a creepy island as a setting). This was still an enjoyable pretty quick dark monster romance read."
Katie,1674,12,5,"April 23, 2023",,,I so loved this story!!! The whole mystery that kind of went along with it was phenomenal. These characters especially Elle I loved. Also liked that Juno from the previous book was also brought back in. Really hoping for another book. I devoured this book. Storyline was so good. Definitely recommend this book. Loved it!!!
Camilla Bratt,468,5,5,"April 23, 2023",monsters,,"Elle's story is dark, steamy and delicious. Just like Juno and her monsters, Elle finds herself caught up in intrigue and mystery and is the perfect follow-up to Juno's story. I love that they show up as well and I'm completely fascinated by the Void and the monster's of the world. Definitely a must-read!"
Brice,758,2,4,"June 8, 2023",fated-mates；knotting；mfm,,"Plot: 👌👌👌Characters: 👌👌👌Spice: 🌶️🌶️🌶️Writing: ⭐⭐⭐Follows the same plot as the first book. It's like they're twins tbh. Also, I liked the first book better compared to this one. The cult thing wasn't really selling for me. However, I still did enjoy this read. Whatever charm the first book had on me, this book did the same. Plus, the cameos were just a welcome bonus."
Kelly Tabachnick,6,,5,"July 7, 2023",,,"I loved this book and how it tied with the first. I especially liked how what I thought was going to be the plot twist ended up surprising me. Elle is a lovable character and is quite witty. While her monsters didn’t all have amazing back stories, they did manage to make me love them nonetheless."
Colleen Sanchez,125,1,5,"July 24, 2023",,,"So much Love in these books!! Love these monsters super freakin sweet. This story has adventure, romance and interesting peen… great story about Elle and her monsters brings in knowledge about her and Juno so a great way to continue the story was happy to see Juno included in this one!"
Valery,19,,5,"August 1, 2023",,,"Wow! Darker themes from the previous book which totally had me hooked. The author did a good job at tying both books together imo. Sometimes tho the FMC was a bit oblivious and took quite sometime to put two and two together (kinda the point), but whatevs. Would recommend this series. Excited to see if the author is going to do a spin off or add the series"
Liz,138,,4,"October 10, 2023",,,"Another great monster Why Choose from Cate Corvin!!!! I love this world so so much and these characters were lovely, as always. I love how the monsters are such cinnamon rolls and only have eyes for their mate. The mystery and intrigue was well thought out and I enjoyed the twist on the identity of the villains. I hope there are more books in this series in the future!!"
Kassybetweenpages,423,39,3,"March 22, 2024",,,"This one was interesting, it didn’t pull me into it the way that book one did. Book one felt all consuming I loved both the plot and romance/monsters where this one I enjoyed the plot but found the monsters lacking in personality it almost felt like they were replicas or the “off brand” of the OG monsters in book one😆. But I still really enjoyed the story."
Victoria B.,85,4,5,"April 23, 2023",,,I really loved this book! I enjoyed how we returned to the world of monsters and the void. I always enjoy reading interconnected stories and getting to meet Elle was wonderful. Can't wait for the next book in this world!
Tina,104,,5,"April 26, 2023",,,"I love the world building Cate has created with this series! There’s mysteries, eldritch monsters, a cult & danger. I loved getting Elle’s story & having Juno as a side character. Elle’s monsters were awesome & took very good care of her 😏. Such a great duet!"
Galina Sulaiman,2066,5,4,"April 27, 2023",,,"Darker then the first book. This book will take you deeper into the void. You might think that you know what is going to happen, but trust me that you don't. If you enjoy a RH that has creepy secret society, monsters, possessive males, great world building This one is for you."
Lorena O'Neal,57,1,5,"May 7, 2023",,,"I loved the first book, but I loved this one even more!! The characters were great, the spice 🔥 🔥 🔥. I hope this series continues, and with an ending like that, it has to, right?!"
Rachel,147,,4,"May 19, 2023",read-2023,,"Smutty sequels are hit or miss for me, but this one was right on the mark. She managed to create a new and enthralling mystery, while still using elements I knew and loved from the first book. She managed to create the same vibe, without being overly repetitive."
The Thirsty Goblin,112,,5,"June 19, 2023",,,"Another great installment from the void, with more monstrous peens than we know what to do with! A tale of intruige and spice, what's not to love. Tying in books 1&2 was done really well, with no need for tedious recaps or flashbacks. Glorious!"
Bookishkal,22,,5,"September 1, 2023",,,This book was just as good as the first one! I don't give 5⭐s often but this one is definitely deserved! I love this world Cate built it's so unique and I hope there are more to come!
Lacey,50,1,5,"October 25, 2023",,,"Maybe better than the first, which is usually hard, I saw the twists coming in the plot but still thoroughly enjoyed the story and fell hard for each of these beautiful monsters in this why choose story can't wait for book three"
Angela,1043,10,3,"November 14, 2023",fairytales-n-myths-remixed,,A quick and very sexy read. also good job on making it so I don't have the read the first book in the series to enjoy this one. and thanks to the stuff in the epilogue it looks like there might be another book sometime in the future.
Ammi,44,,4,"November 18, 2023",,,I can’t believe I was left wanting more again. I didn’t think another book was coming after this one but it seems like it might be. I loved Elle and her monsters and the fact that Juno could come by was like a cherry on top.
Eli,153,1,5,"April 15, 2023",,,“Elle. You are my Elle.”
Pretzel Biscuit,764,,4,"April 18, 2023",aliens；fantasy-mid；fiction,,4.5
Stephanie,64,6,5,"April 18, 2023",,,WELP. I tore thru this book. It was just as horny and full of intrigue as the first one 👍🏻
Jimbo,28,,4,"April 20, 2023",,,"I had a great time reading this. Tater is one of my favorite characters of all time, what an absolute gem."
Emms,613,30,4,"April 23, 2023",,,"Liked the better than the 1st, and the 1st was excellent.Yummy monster fuckery."
Rachael Temaat ,49,1,5,"April 23, 2023",,,"Absolutely amazing! Elle thinks that she is undesirable because of her abilities, but really she is something altogether different and just needs to find her place in the world, a different world."
Rachel Joi Maples,2660,30,5,"April 23, 2023",,,"omg, absolutely epic read!! … Cate is a one-click author!!"
Stacie,72,,5,"April 28, 2023",,,I so can not wait to read more from this series. I like how all the girls are related but don't know it yet. Thank you 😊
Leslie Anne ,33,6,3,"April 30, 2023",,,This was a light hearted smutty monster mystery. RH.
Biola,84,,,"May 21, 2023",,,"This series is so dark. After the first book it took me long a while to work up the courage to read book 2. And after reading both, I need soft light books to cleanse my palette 😩"
celaena feely ,568,6,2,"June 6, 2023",,,"This one had less character personality. Like the lake monster, the end."
Clovis Ravenkey,111,3,3,"July 21, 2023",monster,,3.78 stars.
Sarah,37,1,5,"August 9, 2023",,,Just as good as the first book. Hopefully there’ll be a third??? I love this author and all her work so much!!!
Virginia,111,17,4,"October 6, 2023",,,Every book I've read by Cate Corvin makes me want to devour the rest of their books! I highly recommend The Void series as I could not put it down ... AHHHH INCREDIBLE!
Andrea,546,,4,"November 4, 2023",,,This instalment didn’t focused as much on the romance aspect and I felt it lacking in this department.The mystery was good but not as interesting as book 1 as well.
He11zbelles,149,,3,"December 18, 2023",,,Meh… it’s basically a copycat of the 1st book but not as intriguing. I did like how things got tied together from the 1st book. But felt it was redundant.
Sierra,326,,2,"January 19, 2024",spicy,,I enjoyed the first book but this one fell very flat for me. I was bored and barely made it through.
G,294,1,4,"February 17, 2024",,,⭐️⭐️⭐️⭐️ really liked this book as well and will be reading more from this author
Nikol,12,,5,"March 15, 2024",,,"LOVE IT! Amazing story, absolutely amazing. I wish there was more to this series cause I would eat that up."
Amy Temple,621,,5,"April 10, 2024",reverse-harem,,So so sooooo good!!!!... FIVE STARS.... Cate Corvin is quickly becoming one of my FAVOURITE authors!!!!
Nicole,1,,2,"April 28, 2024",,,Loved the first one. This one makes me so mad they kill that poor innocent kid. I mean to just have all the cruddiest luck in everything it bothered me so much.
Amber Mercer,108,,3,"July 25, 2023",,,"3 stars - I was hoping for more, it seemed slow and I wasn’t really there for the plot but it was entertaining enough to push through."
Jackie:),373,,4,"August 31, 2023",kindle,,4.2⭐️
Alex,58,,4,"April 18, 2024",,,Mothman
Phan,42,,4,"May 25, 2023",monster-demon；reverse-harem；smut,,"Came for the tentacles smut, stay for the tentacles smut. The plot is just a nice background music for me (there's so much plot though)Overall, fun read, really enjoy this, if this series have another book... count me in!!!"
Skay Dee,457,,5,"April 23, 2023",,,"This is a great addition to the series. We get Elle’s story and how she got her monsters. You have to love the monsters in this book because everyone else in her story is insane! It was so interesting to find out how everything connects. Also, this book is hott with two ts or 5 peppers or however you rate yours. If you liked the first book, you will love this one!"
retrovvitches,417,1,5,"January 9, 2024",,,i really enjoyed this slutty monster fest AGAIN
