Reviewer,Review Count,Followers,Rating,Date,Tags,Likes,Content
Deanna Greif,1,1,5,"May 22, 2023",,13,"This novel is such a beautifully written exploration of loss, love, and redemption wrapped in a delicious and exhilarating sci-fi candy coating. I would absolutely recommend for others to feel everything that comes along with becoming attached to these imperfect, complicated, and relatable characters. Hannah is an absolute master of mood and atmosphere in their writing -- there's a palpable reverence, specificity, and respect for words in their style, but never did it feel overly flowery or self-indulgent. I felt so incredibly connected to Harper and her journey -- her grief, her rage, her hopes, her fears, and her love for those she meets along the way. I *felt* her in some part of me. Getting lost in this book was easy, exciting, cathartic, and ultimately, joyful. Bravo, Hannah!"
Danika at The Lesbrary,588,1467,1,"June 16, 2023",,11,"I was so excited for this to be an entertaining listen, and it was a let down.The plot description sounds like a wacky space adventure that matches the fun of watching an old Doctor Who episode. The problem is that despite all of this, the tone is decidedly dour. Harper is an angry, resentful main character. The Argonaut doesn't add any levity: he's bitter and has decided there's no way for him to help anyone.I liked the glimpse we got into Miles's backstory, but that was only an aside. The way Harper's feeling for Peggy are a reveal near the end rubbed me the wrong way, and we don't get any resolution to their relationship (of whatever nature), even though the whole book seems to be leading up to that.Maybe if I had been prepared for it to be a heavy read and not a fun space adventure, I might have liked it more—but in my defense, the description for this book calls it a “wacky time-traveling sci-fi odyssey,” so I think I can be forgiven for thinking it would be fun and not bleak!This was one I was so excited for and ended up feeling disappointed.Full review at ."
Shannon  Miz,1267,1068,5,"June 19, 2023",2023；read-for-review,9,"4.5* was one of my most anticipated books of the year, and I was  let down! I loved this story about friendship and fandom, set across time and space. My one minor qualm was that some of the more technical stuff went a wee bit above my head, but that did not take away my enjoyment of this great story! I am going to tell you why I liked it, because that is always fun!  	 So, as likely everyone reading this knows, I am inordinately enamored with The 100. Like, it has become a huge part of my life, even after  it ended. So from the start, I could relate to Harper and Peggy's love for Infinite Voyage, and how deeply it had rooted itself in their lives and friendship. I know this is an homage of sorts to Doctor Who, but the truth is, anyone who has felt deeply about any fandom can relate to this story.  	 I loved Harper, I really did. She just felt so realistic, so... , and I don't mean that in a negative way! Just that she could be  of us, having the ups and downs of regular life, when she's thrown into this time traveling, alien mess. And so, she fumbles. A , because we would too. But she clearly has the best interests of her friends, and even strangers, at heart, which made me feel that much more invested.  	 So, this alien collective mind thing reminded me of The 100, where they are kind of a hive mind of sorts? And just like in The 100, these beings somehow got the idea that they should be able to control  the species, which is really annoying, especially if you are part of a species that doesn't fancy being controlled, as humans are. So that was compelling in itself, but the time travel stuff was really fascinating too. I don't really want to tell you much about what  of time travel this is (is it weird that there are like, ""brands"" of time travel? Well- I worry that if I tell you what ""brand"" this is it'll give away too much, so shh), but I haven't seen a ton of its kind, and I really was intrigued by it!  	 I love when I am like ""ahhh so THAT is why that thing happened!"" and everything falls into place and makes you feel satisfied. There is a lot of that in this story, and I dug it. A lot.  
  
While the time travel and alien aspects are awesome, the warmth and strength of the characters is what made me really love this book!"
Roberta R. (Offbeat YA),405,36,4,"May 24, 2023",adult；horror-or-gore；mc-double-mf,7,"Rated 4.5 really. Inventive, heartfelt twist on the time-travel trope. Ode to the power of friendship and hope. You have to buy into  in order to suspend your disbelief (click on the link at your own risk - it will spoil part of the fun...). Contains some violence and a dose of dark imagery (face scars, black blood, stabbing). Fans of Doctor Who (especially the Matt Smith era). People who know how to love ardently (and fight for what they love).Let's address the elephant in the room first: if the synopsis gives you strong Doctor Who vibes, it's intentional. Ferguson does pay homage to the iconic British show and its titular character in the form of the Argonaut, a time traveler who trades the Doctor's space vessel masquerading as a blue police box for his own spaceship disguised as a black muscle car (and occasionally a lime-green VW bus). However, despite taking its cue from the long-lived TV series, The Infinite Miles isn't anything like fan fiction made novel. The disillusioned and bitter Argonaut couldn't be more different from whatever incarnation of the Doctor (even troubled time-war-survivor Nine and grumpy post-regeneration Twelve) if he tried. And for all their parallels and (often clever and oblique) similarities, the novel puts a number of spins on its source material and creates its own independent mythology, while ultimately conveying the same message of hope and love (self-love, too) being the biggest weapons. Let's put it this way: if you're a Doctor Who aficionado, you'll gobble this book up. If you've never seen the show, but you like time-travel stories that span both the Earth and the stars, and sci-fi with a heart, you'll love The Infinite Miles nevertheless - and maybe pick up Doctor Who because of it. [...]."
wanderonwards,275,8,5,"July 16, 2023",2023-releases；arc-reviews；books-i-recommend,4,"Thank you to Blackstone Publishing for gifting me an ARC of this title. I received this copy for free and this review contains my honest opinions.  has quickly become one of my favorite reads of this year. It’s such a fantastic blend of alternate history, time travel, nostalgia, humor, and friendship. It was truly hard for me to put down! I had so much fun connecting all the plot points and can definitely see the appeal for fans of Dr. Who, but it works well for those (like me) who haven’t seen any episodes.I am so excited to see more from this author! Thank you again to the publisher for sending me a free ARC."
Kyle Churman,27,1,3,"March 27, 2023",,4,"The Infinite Miles has an intriguing premise that I was very excited for. The author lays out the plan at the beginning of the book that this will be essentially Dr. Who fan fiction. It absolutely felt like that, but seemed disjointed and slow at times. The overall concept of what happens to the friend who gets left behind when the Doctor recruits a new companion to travel through space and time had the potential to be amazing, but fell flat. Harper's best friend, Peggy, takes off with Miles and leaves Harper behind. Harper then has to battle a parasitic hive mind that feeds on her hate and anger and plans to take over the universe. The stakes never felt large enough and I could never figure out Peggy's motivations especially at the end. It had the potential to be an awesome queer romance, but never could get it's footing in that regard either.I would be curious what any Whovian would say about this book and would love to see what they would say about this homage."
laurel [the suspected bibliophile],1630,600,,"April 29, 2023",,3,Not in the mood for this writing style.
Mathgeek97pi,149,7,4,"July 3, 2023",netgalley,3,"This book takes place in an alternate universe. Some things are the same, some are different. The author wants the reader to be able to see ourselves in this world…and oh boy, it was fun to do so. This book is very clearly inspired by Doctor Who. Miles is the Doctor, Peggy the companion, and Peggy’s best friend Harper is the person left behind. The TARDIS? That is a 1972 Dodge Charger called Argo. And … and … in this reality Harper and Peggy grew up watching a tv show about Argo and the Argonaut, somehow based on Miles life and travels through space and time. He doesn’t have a clue which of his companions gave him up to a tv producer, but someone did. Imagine being Peggy…you find out that your all time favorite tv character is real and invites you along for adventures. So cool. Then … Peggy goes missing. Harper is waiting around for her ever since they had a huge falling out three years earlier, until Peggy comes back. But … Peggy isn’t Peggy anymore. Miles “saves” Harper but … what if he was burnt out, tired of losing companions, and ditches Harper in the 1970s after her best friend’s body was taken over by an alien parasite? What should Harper do? I really enjoyed this. Now, you have to take this book for what it is. Don’t go into it hoping for something that will blow the genre wide open. If you are a fan of doctor who and want to read something that is fan fictiony but also has a tone and feeling of it’s own, please go for it! I lied earlier, Miles is NOT the doctor, the Argo is NOT the TARDIS, but they were clearly inspired by them. There is a strong overarching story, a hero you can and will root for (Harper), and the Argo is amazing. I will admit, I really didn’t like Peggy, but that is okay. I do wish she deserved Harper’s love and loyalty though. Enough from me. If you want to read the book after reading this review? Go get it as soon as you are able. Strong four star rating. Bonus points: the books title is super cute and punny. Love it. Thanks to NetGalley and Blackstone Publishing for an arc of this book."
Horror Nerd,89,2,3,"August 6, 2023",,3,"This book is about broken friendships, grief, regret, and yes, it is also about time travel. It centers on Harper Starling, a young woman who's consumed by guilt over what happened to her childhood friend Peggy, who disappeared a few years ago and left no clues as to where she might have gone. One day Peggy shows up in Harper's apartment, very much unlike her old self, and so does the Argonaut and his time traveling vehicle (from Infinite Odyssey, the show Harper and Peggy used to love watching as kids). But that can't be real, Harper thinks. The Argonaut is just a fictional character, right? The first half of this novel was a 5/5 read, but around the 50-60% mark, the book divided attention between Harper and Miles (the not so fictional Argonaut). Everything stopped just so the character could give tons of exposition and back history that didn't really need to be given. Also, the whole subplot with Harper being stuck in the early 70s and developing a friendship/romance with Anthony was just dropped completely, before the character made a very brief reappearance at the very end.The main problem is how the character of Peggy was handled. The book seemed to be building up to an ending where Harper would confess her feelings and either die trying to save Peggy, or get that elusive happy ending. Well, neither of those things happened. After the climactic battle with the alien 'Big Bad', Peggy just disappears and leaves Harper and Miles in the present. I had to re-read that chapter to make sure I didn't miss something, but that was it. It's like the character was being developed, things were moving forward, her reunion with Harper was so emotional, and at the very end that was all discarded."
Jessica Johnson,24,6,5,"June 20, 2023",arc；finished-own-it,3,"Happy Release Day to ""The Infinite Miles""! I was lucky enough to read an ARC of this gem through my local bookshop in April. I was intrigued by the cover and then had to read it once I read the synopsis. I am so glad I did. I feel like this is a book that is ""not for everybody,"" but only on the surface. Yes, it's time-traveling sci-fi with an unmistakable homage to Dr. Who. But Hannah's debut novel has so much to say about self-discovery, friendship and love."
Benjamin J,1,,5,"May 8, 2023",,3,"A beautiful story about the delicate relationships between time and space, friendships and place, and identity and perception. There are many poignant story moments that add to conversations we should all be having, and they are woven wonderfully into an escapist fantasy that is equally full of wild whimsy and the heaviness of being human. If you like to fall into a story and really feel something, look no further than The Infinite Miles."
Renee,13,,5,"August 3, 2023",,2,A fun time travel romp. A poignant story of friendship with characters you will love.
Jorie Rao,32,,5,"July 31, 2023",2023；downloaded-ebook,2,"This book hurt. It hurt the way reading The Midnight Library did. In that healing scab way. Like you know it’s healing, but fuck if it doesn’t itch. And on a lighter note: READ THIS IF YOU’VE EVER DREAMED OF TRAVELING TO DISTANT PLANETS WITH THE DOCTOR AND HIS BLUE BOX!"
Geonn Cannon,,188,2,"January 15, 2024",,1,"The book is fine, for what it is. It's pretty open about the fact it's Doctor Who with the serial numbers filed off, but there's an aspect of reality and fiction blending that I thought would make it work. And it did, to a degree. My main issue with it is that while it paint-by-numbers the Doctor, it absolutely doesn't capture the feel of it. Everyone is miserable. Miles is supposed to be a mashup of the Doctor and David Bowie, but he's such a miserable asshole who doesn't enjoy ANYTHING that scenes with him were absolutely no fun (and how can a Doctor/David Bowie mashup be DEPRESSING??). I also dropped it a star because, despite both Harper and Peggy being exclusively shown with male love interests, the last stretch suddenly says ""But they also had feelings for each other, they were totally in love, now we can call it LGBT/Queer interest, boom!"" You can take it out and lose nothing. We've spent a good 75% of the book assuming Harper was just trying to save her friend, might as well keep that going without the lame twist.When I saw this book, I had the weird feeling I'd already read it. But it wasn't on my GR list, and it was new enough that it should've been. I eventually realized I was thinking of a comic book called The Infinite Loop. But, ironically, I have a feeling that if I see this book on another shelf in another few months, I will again be unsure whether I've read it or not. Let this review remind you, future!Geonn!(A side note that didn't fit anywhere else... how many episodes of that TV show involved the Argonaut losing his damn memory?)"
Meg,39,3,3,"June 26, 2023",2023；arcs；lgbtq,1,"The Infinite Miles mixes together a sci-fi time and space travel story and an ode to pop culture. Sprinkled throughout are themes of grief, loss, friendship, love, and hate. The title and cover of this book are showstoppers, and I was really intrigued by the sound of overall story. Unfortunately, for me, the book never went deep enough into its major promises, of space and time travel along with the relationship between Harper and Peggy, for me to feel anything beyond a little bit confused and disconnected from the characters and stories. Harper and Peggy's friendship came across as pretty one dimensional, with barely any really impactful moments shared between the two. I was told that Harper missed and loved Peggy, but I was never given enough reason to care about her quest to find and save her. The concepts of space and time travel did not feel fully thought out and explained, and I never fully understood how any of the sci fi elements really worked. By the end, some of the key messages of the story felt overdone and heavy-handed, with the characters sometimes literally shouting them through space. Ultimately, while I enjoyed Fergesen's writing overall, the plot and characters fell a bit flat for me. Fans of Doctor Who may have a better time with this one.Thank you to NetGalley and Blackstone Publishing for the arc."
Ric,1167,124,3,"June 20, 2023",2023-reading-challenge,1,"Time travel stories are definitely one of my favorite sub-genres, and I’m a huge Doctor Who fan. But with that being said, it’s basically an episode of Doctor Who fan-fiction, though that’s not necessarily bad. The story was a lot of fun for the most part, but I do think that the main characters were a bit gloomy for a lot of the story. And unfortunately, the ending didn’t resolve what I think was the main plot point of the story, which was Harper and Peggy’s friendship. But I did think the story of Harper traveling with Miles to try and stop a hive mind who’s infected her friend was really interesting. And I liked the 1971 storylines and how they connected to the present and the rest of the story. Not a bad story by any means, and I did like it. I unfortunately just didn’t love it."
Luke Sorge,7,,5,"January 6, 2024",,1,"Hannah Fergesen pulls off something impressive here — THE INFINITE MILES is thrilling without being cheap, touching without being maudlin, intricately plotted without being confusing, and manages to be geeky and referential while maintaining an addictive originality. And it’s all held together by the author’s hilarious, confident voice. Such a pleasurable read."
Abbey,45,9,3,"November 10, 2023",,1,3 .75 star rating. It's my first sci-fi book and I think this is a good first science fiction book to read if you want to get into the genre . You're not weighted down too much with sci Fi stuff . It's about time travel and time traveler and a parasite alien that wants to take over. There is a little character development towards the end.
Ryn,125,,5,"January 29, 2024",,1,4.5 stars. Cried. Damn it ted for luring me in by telling me it was dr who adjacent
Emma Cathryne,589,92,,"June 20, 2023",,1,published OC doctor who fanfiction in the year of our lord 2023……..i need to lie down
bogo_lode,376,1,5,"July 25, 2023",read-in-2023,1,I can see why people might respond really negatively to the end. But I really loved this overall.
Rhys,12,3,1,"January 27, 2024",,1,"As I love doctor who I found the premise of this very exciting and the opening chapters set up a very intriguing mystery and problem to solve. However, I have given up after 4 of the 14 hour run time on the audiobook. The main character Harper I initially found interesting enough and I sympathised with her issues and personality, however as the story progresses all she seems to do is is spout anger and hate she has for the past time she finds herself in regards to a particular race and gender. Now obviously the past had its problems when it comes to a lot of social and political issues and time talking about them in comparison with today in a time travel book seems obvious, but in the few hours I have listened she has angrily and with venom complained about a certain demographic 3 times and I have now given up. It is also the only demographic it is somehow now acceptable to complain about. If it was any other this couldn’t have gotten published. It’s a shame too as the premise is interesting. Life is too short to expose yourself to this level of strangely out of place hate and anger from an author who has her own hang ups."
Casey,384,,5,"August 16, 2023",,,"I LOVE SCI FI THAT IS LIKE THIS BABY!!!!!!Wow. Okay. I finished reading this book on a plane, a place where normally I have to be stimulated at all times otherwise I fall into despair. But upon finishing, instead of putting on a podcast or watching a movie or opening another book, I had to just sit and stare at the back of the seat in front of me and think and yearn and feel all the emotions of finishing an incredible book and knowing you can never read it for the first time ever again.A direct homage and love letter to Doctor Who—which, as the real ones know, was my beloved teenage-years comfort show and continues to be a favorite—THE INFINITE MILES (itself a pun on several levels) follows Harper, an astronomy student (not a dropout, okay, she's deferring school) grieving the death of her homoerotic best friend three years prior. On the anniversary of Peggy's death each year, she holes up in her room and watches the show Harper and Peggy loved about a time traveler battling alien monsters and his own past, the clear in-universe Doctor Who stand-in. Only, on the third anniversary of Peggy's death, who does Harper encounter in her own apartment but: Peggy, or, Peggy's body, puppeted by an alien parasitic hive mind (the Incarnate) bent on destroying the universe. Who swoops in to save Harper but Miles, the main character from the Doctor Who show who is actually a real time traveler and the reason Peggy got taken over by the Incarnate to begin with. But Miles's idea of saving Harper is dropping her in 1971 and leaving her there. And this is where the real story begins.(Spoilers to come and also in-depth discussion of Doctor Who. Be warned).I admit to being picky about my science fiction. I love aliens as much as the next person, but I find myself scrabbling for a grip whenever we're bogged down by the plot of it all. Doctor Who fits my tastes because of its procedural nature—sure, there's aliens and robots and time traveling and intergalactic stakes, but the monster changes every week. The overarching plots come together in the backdrop, helmed by the character power of Christopher Eccleston and David Tennant. (Sorry, I'm a Matt Smith hater.) But as I reflect on my time spent watching a gazillion episodes of bad CGI and random encounters, the standouts are the episodes about being human. The show is literally about an alien who can travel across space and time and do all sorts of magicky-tech things, but my favorite episode is one where he's not even in it for more than maybe 5 minutes: ""Blink"" starring Carey Mulligan. I love when genre in general and sci-fi specifically serves to expand and exacerbate human stakes. That dude just wanted to go on a date with Carey Mulligan, my friends, before a weeping angel zapped him back in time where he lived a full life and died just after passing through that time again. Or ""Turn Left,"" a ""Sliding Doors"" esque parallel universe. This book has time travel and alien planets and alien tech (including a lovely dress) but it was a breath of fresh air when it was revealed  Sci fi is about humanity! Harper's anger fuels the entire book and it's because she's HUMAN. She integrates herself into 1971 diner culture and the Hayden Planetarium and the nascent sci-fi TV boom because she's human and humans want to belong. And her humanity is what saves her.Hannah Fergesen I will follow you through space and time! I wish Miles Moonraker's songs were real."
K.A. Ashcomb,,49,5,"February 17, 2024",,3,"Sometimes, a book comes along that you didn't know you needed. This was just that. I gulped this book down, unable to stay away. Now, I'm trying to figure out why. Maybe it was the beautiful, haunting prose that pulled me into the story, or perhaps it was the flawed characters that felt ever so familiar, or it could be the concept that felt fresh yet experienced, or all above. Whatever the reason was, I felt a twinge of nostalgia like I had lived through the story before, not as a reader but as a person. And when the book ended, there was this sense of loss: I had lost a limp or, more so, a piece of me. So sometimes a book comes along that is part of you.The Infinite Miles is an odyssey of time travel and distant galaxies and music that you can hear inside you that speaks of who you are and what you are made of, but you don't know the lyrics or the melody to. It is a story fleshed out of the song Space Oddity and the promise it gives. It is about that one childhood friend that you lost ever so carelessly, and you want them back because they are who you were, and without them, you are so alone and not you at all. The book is about Harper's and Peggy's friendship. Peggy suddenly disappears from Harper's life, presumed to be missing and dead, but Harper knows that not to be the case. She knows that Peggy left her behind, destroying Harper's brilliant future as an astrophysicist. She is stuck living the past, watching Infinity Odyssey on repeat to catch a glimpse of life with Peggy while Peggy is gallivanting through the galaxy without her. However, the thing is not that simple, and space and time have their dangers and beings that want you dead. Still, Peggy left Harper behind to live a small, miserable life on planet Earth.The book's premise promises a poignant story of Harper being pulled into space and time travel, but it is darker than declared. This one is about that deep feeling you have inside you that poisons your mind and leaves you all sad and bitter. While I found the book beautiful and nourishing, it catered to my melancholic side, not to that curious side that loves to ask questions like what space and time travel could be. I loved the book to bits. It could be because I had a friendship like Harper and Peggy had. A morphed one where I'm both Harper, who focused all her time on her studies, and Peggy as well who left her friend behind. Either way, I had my friend with whom we did everything when we were children, with whom I watched all the odd TV shows with spaceships and aliens, searched the woods for fairies and witches, knew that ghosts were real, that space and time isn't fixed, that there are ancient civilizations out there, and you can never gaze stars too long. Now, it feels like there are a million miles between us and the life we had. So the sadness Hannah Fergesen wrote about and the distance between Harper and Peggy felt real. So did the ending and how painful it was. It is impossible to get back to what it once was. Like Peggy, we all wear scars from what we have gone through, and sometimes, it is difficult to arrive home to those who knew us. We all grow up. We all become something else than all the possibilities we had as children.Thank you for reading the review! See you in the future <3"
Carrie (brightbeautifulthings),877,31,4,"February 6, 2024",grown-up-person-fiction；netgalley；science-fiction-double-feature,3,"Three years ago, Harper’s best friend, Peggy, went missing. Peggy had been acting strangely before that, more distant and secretive, culminating in the worst fight they’d ever had. Now, Harper can’t seem to move on, having quit school to work in a diner and watch re-runs of Infinite Odyssey. Then, on the anniversary of her disappearance, Peggy suddenly returns and demands that Harper take her to the Argonaut, the time and space traveling star of their favorite show. When the Argonaut himself shows up and strands Harper in 1971, she realizes that Infinite Odyssey may be more reality than fiction, and she’s going to need all her knowledge of it to defeat The Incarnate, an insidious alien parasite that has Peggy in its thrall and intends to spread throughout the universe. I received a free e-ARC through NetGalley from the publishers at Blackstone Publishing. Trigger warnings: death, sexism (countered), severe injury, violence, brainwashing, self-loathing.My freaking heart. I requested this despite not being much of a sci-fi person (or much of a Doctor Who fan) because I couldn’t resist the words “queer space fantasy,” and I’m so glad I did. It was everything I was hoping for and more, and I found myself sinking right away into this slightly alternate Earth where we have Miles Moonraker instead of David Bowie and Infinite Odyssey instead of Doctor Who. There’s a little bit of several beloved science fiction fandoms included here, from Doctor Who and Back to the Future (1985) to Invasion of the Body Snatchers (1956), and The Infinite Miles feels like a love letter to all of them.The mechanics of time/space travel and paradoxes aren’t so complicated as to put off the casual sci-fi reader (re: me), and I never felt bogged down in the details of Fergesen’s world-building. She gives us just enough to make us feel at home in her slightly alternate Earth and to make the story plausible when it’s needed. On the whole, I’d say it’s more of a character novel, and I loved the relationships between Harper, Peggy, Miles, and of course Argo, the starship with a soul and a mind of her own (who, incidentally, is my favorite character). Harper and Peggy’s childhood friendship and their shared love for Infinite Odyssey is the heart of the novel, the need to save her the thing that drives all of Harper’s actions. It emphasizes how fandoms help to create bonds and even, to some extent, shape reality.The Incarnate is a formidable villain, more sentient and relatable than the Blob or Pod People but with a similar drive to feed and a lack of empathy. I like the direction Fergesen takes for a solution to what, at times, looks like an insurmountable problem. There are also healthy doses of queer representation, critiques of 1970s sexism, and lessons in self-love. The ending made me cry but in a cathartic way, and while there are some bittersweet overtones, it ultimately felt right. I’ll be looking for a copy for my shelf for future rereads (and look at that cover! 😍).I review regularly at brightbeautifulthings.tumblr.com."
MJ James,,33,5,"July 11, 2023",,1,"I love this book. This is an alternate reality Dr. Who fan service. I honestly thought that it would be a great nod to Dr. Who, a cute fun read. And it is. But it is also so much more. The story is complex with rich characters that both encompass the style of Dr. Who but also expand in their own way. There are nods to the way aliens are perceived but then it goes beyond to where I was left completely shocked by the turn of events. It is queer, specifically looking at gender beyond what biological parts a person was regenerated with. And as someone had to point out to me it has the Aro/Ace flag right on the cover. How could I not love it?While the book does not get into politics and historical (politically at least) events on earth, it also does not ignore them. Society is called out for what it is when it is. Although, science fiction fandom is more integral to the plot and I found myself transported to the first Star Trek convention. In my soul it felt like I was really there and I cannot tell you how much joy that gave me. If you like Dr. Who, TOS Star Trek, and/or queer sci-fi then pick up this book. If you like none of those I still say you should read it - because those are all very epic things."
Michael Keskeys,104,,3,"February 5, 2024",,,"As a long time fan of ""Doctor Who"" I love seeing different fan takes on the show, such as Dan Slott's Silver Surfer run, which read as very coded Doctor Who stories using the Silver Surfer. Though this one isn't as joyful as that , it's much more dour than the character is, but this isn't Doctor Who though, in this world the story takes place in that show doesn't exist but there is an American show called Infinite Odyssey, that was a childhood favorite to best friends Harper and Peggy . Peggy, now and adult, went missing three years ago, then one day Harper encounters a man who should be fictional, but who is nothing like the hero from television she remembers, and it's going to take trips in time and space to save her friend and also the universe. I liked a lot of this book. It does lose me at parts, things aren't fully explained, like how the ""regeneration "" process works for Miles, how he could also be an analogue to David Bowie known as Miles Moonbeam. And other things. To me the story was at its most interesting when Peggy was stuck in the early 1970s, but then the book leaves that setting for the rest of the book to wrap up its conclusion on an alien planet. All that said I still liked a lot of the book and was hooked reading it."
Joyfully Jay,8039,465,4,"June 20, 2023",jay,,"The Infinite Miles is a really entertaining time-travel adventure. I enjoy this genre and found this story a lot of fun and engagingly twisty. The story focuses primarily on two timelines, taking place mostly on Earth in present day and then back in 1971/1972, though we do travel to other times and places as well. The plot makes good use of sort of a “time paradox” where the characters are often acting in the past to bring into reality things they know happen in the future. We also have multiple versions of the characters roaming around at times and so it is a fun use of the time-travel genre. Personally, I learn more into the “fiction” than the “science” side of science fiction, so I didn’t need it all to get too technical or have a lot of deep scientific explanations for how the time travel all works. We do get some details as the story goes on, but mostly it is waved away as futuristic technology from another world and left at that."
Tori Thomas,48,,3,"October 20, 2023",,,"This book gives me a lot of Doctor Who feels, but not as exciting and heartfelt as the TV series makes me feel. This book was fun and not overly complicated in the fantasy department. Miles is obviously a less cool version of the Doctor, but how he comes into his role as the time traveler is a twist that was different than I expected. All the characters are flawed and have some growing to do and the author does a very good job of showing them learn from their mistakes and learn to love themselves. I did not, however, like how whiny the main character Harper was. I felt like it was a lot of “woe is me” and then she kept getting mad at everyone. This read was very slow to begin with and I’m not sure it ever really picked up, for my tastes, but I did become more interested as it went along."
Rebecca Benson,58,2,4,"May 7, 2023",,,This was an extremely enjoyable debut novel by Hannah Fergesen. Oftentimes novels like this start off string but can lose my interest yet this one held my attention the entire time.I love a good story that circle backs which this one does beautifully. Yes it most definitely takes elements from Doctor Who and other fun pop culture elements but it works very well with in the storyline. It’s more a what if you found out that your favorite science fiction show of all time was real and suddenly you are in the midst of the craziest adventure ever. Harper is a character that grows a great deal and gets the closure she needs in order to move forward in her life. Sometimes this novel is mind boggling but in such fun ways.
Karen Hufman,717,1,2,"August 14, 2023",,,So close but the story felt awkward and stilted. It was kind of interesting but it felt a little too serious. Harper Starling's best friend goes missing 3 years ago and Harper can't get beyond the loss. Once a promising student she's now working as a waitress in a dead end job. Unexpectedly Peggy appears to have returned and is referencing a show (similar to Dr Who) that she's treating as if it's a real thing. Harper soon finds out that people can really time travel and visit other planets at the same time she is trying to rescue her best friend. It was interesting to see how someone from today would view NY in the 1970's but I felt like the story just kind of skirted Harper's real feelings for Peggy and sometimes the 'lessons learned' from the adventure was a little too heavy handed.
JJ,1956,7,4,"August 20, 2023",,,"Another book I went in to ready to dnf and ended up really enjoying. This was a love letter to friendship, and fandom, and finding love in the spaces between those things when you don't quite yet know yourself. It was about grief and loss, and simply how hard it can be to deal when the world around you keeps changing and letting you down. It felt like an homage not just as a fan letter to Doctor Who, but to the ways all the shows we grew up with can shape us and change us, and bring us together. Plus a nod to the overly optimistic 80s movies where positive thinking, hard work, and love saves the day. Maybe a 3.5 star read for me because of a little tiny unfullfilled bit at the end, but giving it .5 more star for lesbians and queerness in general."
Bess McAllister,4,9,5,"May 9, 2023",fantasy,4,"I love Dr. Who but also have some deep frustrations with the show (as you would expect, with such a long run on the air), and this book was the perfect blend of homage and critique, but more importantly it's just an excellent story in its own right. You do not need to know or love the show to love this book. The characters are all drawn with nuance and empathy. Harper is a great protagonist, someone you can root for and relate to. This is the perfect book if you want an adventure that is both super entertaining and also going to tug on your heart strings (like the best episodes of the show do!)."
Robert,120,5,4,"June 6, 2023",,,"I decided to read The Infinite Miles just due to the Doctor Who analog. I got that out of the book and a bit more. The Infinite Miles is the debut novel by Hannah Fergesen. It’s about a woman who lost her best friend and the TV show they both loved. And the fact that it’s actually real.  This book, while a fun adventure in the Doctor Who vein, also contained some heavier themes. Like loss and grief. Those are two things that I wasn’t prepared for. Don’t get me wrong, it was a beautiful, well written novel. The actual heaviness of those parts I just wasn’t ready for. If you’re looking for a good time along the the space thing continuum, pick up this book."
Anjali,1729,14,3,"June 22, 2023",,1,"An odd science fiction adventure that comes across as a lighthearted romp but actually has some heavy themes. The two main characters were both disappointing to me, too focused on their own anger and loss to seem deserving of the fantastical time- and space-traveling they were treated to. The story is disjointed due to all the time traveling, and the eventual showdown with the big enemy felt anticlimactic. This may be a book that would have landed completely differently for me at another time. If the description sounds appealing, don't let my ambivalence stand in the way of giving it a try."
Mary,481,6,4,"August 5, 2023",science-fiction；space-travel；time-travel,,"Reading this I was feeling it was too much like fan fiction (not that I have ever actually read fan fiction) as it is a kind of retelling of Dr. Who. But by the end, I thought -- the world needs a retelling of Dr. Who and this is a great one! It was timey-wimey. Had a great deal of complexity to the plot and the characters were rendered well. Also, could not put it down - the pacing and plot were great. Fantastic for a debut, I hope Fergesen has more to write!"
Jessica,88,,2,"September 18, 2023",adult；adventure；fantasy,,"This book was ok, very much a 2 star. Like, it wasn't horrible and it wasn't great. Mostly kind of forgettable? The writing style was pretty solid for a debut. Not too clunky or on-the-nose, but nothing special. Same for the characters. They were unique enough, had problems and flaws and backstory, but they were nothing special either. The book wasn't offensively bad and at no point did I consider not finishing it. But, I can barely care enough to keep writing this review. So, I'll stop."
Melanie,7,,3,"April 24, 2024",,,"While I did enjoy the book I also felt like Peggy leaving at the end kind of turned her into a plot device so the story could happen.It would have been nice if there had been a few paragraphs about what she got up to after she left. I hope it involves therapy to help her deal with her post-possession trauma.I don't understand why she left and why Harper isn't more bothered by that, since Peggy was supposedly the person she loved the most."
Tammy,297,80,4,"May 2, 2023",,1,"What if, one day, you discover your favorite tv show is actual real?What if, on that same day, you discover that time travel exists? What if, that ever night, you learn that your best friend left you and everyone to travel the universe?And what if you're now faced with saving your best friend from herself, and everyone else, from ominous threat?What would you do?This is a book that deserves to be re-read, and if you're a fan of Dr. Who or Quantum Leap, you need to add The Infinite Miles to your TBR list!"
Dawn-Lorraine,494,10,3,"August 7, 2023",2023-reading-list；arcs；netgalley,,"An engrossing sci-fi adventure. The author admits to basing Miles and Argo on Doctor Who and the TARDIS. But this is not fan fiction. The plot has a life of its own and the characters are well developed. As a Whovian, I felt right at home in the story as it travelled through time and across universes."
Biana,504,6,,"April 11, 2024",,,"This book claims to be very Doctor Who-esque.Except there is no running.The audiobook is read with no inflection. Well, one. Everything is tragic. She's getting stabbed. She is seeing her long lost friend. She sees her future self. She saves the whole world. Ugh. What a dreadful thing that's happening to me. Oh. My. Stars. Sigh."
Robert,120,5,4,"June 6, 2023",,1,"I decided to read The Infinite Miles just due to the Doctor Who analog. I got that out of the book and a bit more. The Infinite Miles is the debut novel by Hannah Fergesen. It’s about a woman who lost her best friend and the TV show they both loved. And the fact that it’s actually real.  This book, while a fun adventure in the Doctor Who vein, also contained some heavier themes. Like loss and grief. Those are two things that I wasn’t prepared for. Don’t get me wrong, it was a beautiful, well written novel. The actual heaviness of those parts I just wasn’t ready for. If you’re looking for a good time along the the space thing continuum, pick up this book."
Randy Rasa,445,11,3,"June 26, 2023",audiobook；science-fiction,,"This sounded like mind-blowing fun with lots of pop-culture references, and while there was some of that, it never really clicked for me. Ultimately, none of the characters really had much fun, and so I didn't either. It was just OK."
Connie Valkema,205,4,4,"September 7, 2023",,,"4.5… Time travel, astronomy, recreating a science fiction tv show, rewinding time and living many lives, and rescuing a friend from evil aliens. Lots of twists that keep you guessing. This book was very unique and I enjoyed it so much!"
Mara,316,11,4,"September 22, 2023",,,"This was so much fun. As a doctor who can I enjoyed this. It felt like a doctor who special episode. Time and space travel, suspense, the puzzle, aliens, companions, and friends. I'm happy I read this, it was fun."
Rachel,1623,30,4,"October 2, 2023",sf-fantasy,3,"This was fun to read. It helps, but is probably not necessary, to be familiar enough with Dr. Who (I am, barely) to pick up references. Like Dr. Who, this is as much fantasy as it is science fiction. And it's almost as much about relationships as it is either."
Lauren,,122,5,"May 8, 2023",,4,"This book was fantastic. It's fun and exciting and beautifully written. If you like Doctor Who, or even if you don't, this book is not to be missed."
Laura Southern,1,1,5,"May 10, 2023",,3,"A beautiful, smart, and haunting science fantasy that will stay with me for ages to come. Can't recommend this book enough!!! Would imprint all of Hannah's writing upon my eyeballs if I could!"
Jack,58,,4,"July 3, 2023",,,Doctor Who but make it (more) queer.
Emily (thegirlwiththetbrpile),180,7,3,"July 12, 2023",readin23,,3.5⭐
Jacob Guy Segalov,237,1,4,"July 25, 2023",,,3/5 stars + 1 star if you love D.B.'s Ziggy Stardust. + 2 stars (a must read) if you're Dr. Who fan.
Rosemary,32,,4,"August 19, 2023",,,"Enjoyed it overall, hated what happened with Peggy"
Samantha Ania,499,30,4,"August 21, 2023",,,"This was really fun. You could definitely feel the Doctor Who vibes but it's starker and more unforgiving. It also gave me adult Wrinkle in Time vibes as well, which I loved."
Luke,962,18,3,"August 27, 2023",fiction,,Not Doctor Who & Not David Bowie get mixed up in a time travel romp in ways that don't matter much with a handful of fascinating setups and characters who never add up to as much as that promises.
Illy Evzen,25,1,3,"September 5, 2023",,,Nothing write home about
Susan,1041,3,3,"September 13, 2023",,,"Very nice debut, looking forward to their next one."
Lady Brainsample,570,64,2,"October 12, 2023",fic-sci-fi,,Abandoned ~30%.
Andrew Somers,336,2,2,"October 23, 2023",,,"Some decent stuff but kind of too fast and too slow at the same time, a mess"
Lauren,518,9,4,"December 1, 2023",,,"This is just a charming little love letter to Doctor Who and to friendship/love, and it’s a nice time. We love a queer, power of love time travel story in this house."
Christina,49,,2,"December 28, 2023",,,"Some pretty weird antivax overtones and a bigger lack of payoff. The references specifically to ""Blink"" and to catchphrases of many other sci-fi properties were pretty heavy-handed."
Liz,16,,3,"January 17, 2024",,,3.5/5
Pete Goodchild,137,,5,"January 23, 2024",,,What a ride.
Sarah Marquis,45,,4,"February 25, 2024",,,I think I'd rate it closer to a 3.5. The story was super creative and fun. The internal dialogue of the main characters was a bit overdone - it got a bit repetitive.
Julie,42,,1,"March 25, 2024",,,Another book that would have been better if it wasn’t so long!
Michael Hirsch,454,5,3,"April 13, 2024",science-fiction,,"A fun Hitchhikers Guide meets Dr Who kind of novel. I would give it 4 stars, but the solution that saved the universe was stupid. I did like how it all wrapped up, however."
Cook Memorial Public Library,3727,81,5,"December 22, 2023",2023-staff-fiction-favorites；debut-novel；science-fiction,1,A 2023 Favorite Fiction pick for Erica! Similar to An Absolutely Remarkable Thing by Hank Green and Chosen Ones by Veronica Roth.Check our catalog:
Josh Hedgepeth,574,166,4,"June 28, 2023",e-arc；lgbt；most-anticipated-2023,8,"Check out my video review.thanks to netgalley for e-arc.Imagine if Doctor Who was based on a real life time traveling alien, and the Doctor was actually beloved artist and actor, David Bowie. Then, instead of a police box, his ship is an old muscle car akin to the DeLorean of back to the future. That is nostalgia to the max, and it is effectively the set up of this book, with all the major players renamed likely for copyright reasons. TLDR: I loved it; it was almost perfect. 4.5/5 starsIt's not secret that this book is leaning heavily on the success and popularity of other works. That can be lazy or it can be ambitious. In this case, I think it is ambitious. Fergesen isn't just using nostalgia for the attention. It is clear that she has a deep love for the inspirations behind this book. It is engrained in every aspect of the book, but it doesn't stop them from making the story their own. That isn't just in the twists that utterly flip the cannon of these other works on their head. They're taking preexisting entities to create a framework and then reimagines them in her own unique way. To me, that is really what makes this book work.Our Doctor is not the Doctor, but in many ways, he reads like him. I couldn't help but imagine every piece of dialogue from him in the voice of David Tenant (even if he is a David Bowie archetype). But the way he talks it expands the perception I have of the doctor, bring a level of realism that doesn't exist within the more family friendly inspiration.The biggest issue I had with the book was with the direction it took in toward the end. It felt Whovian enough, but it felt out of place in the world Fergesen had developed (i.e., one with more realistic consequence). Fergesen, I think intentionally, foreshadows where the story is going. Its really the central thesis of the story: love over hate. I like the central thesis, but I wanted to see a deeper implemention than the somewhat surface level exploration that is, I think, common in the classic mythos. More consequence would have given the story more weight. If I'm being honest, there were some inconsistencies toward the end that needed addressing too, but I'm not as bothered by those.I'll be rereading this when its released on audio, and I am very curious to see whether the story works so well after all the mystery and surprise is gone. That will be the ultimate test to whether my love for this was in the story or the nostalgia.The audiobook is great (but I didn't love the voice for Miles). Overall, my feelings about the book are the same. I love the story and the characters, but I think the story could have been more fleshed out. On first read, its easy to get caught up in the very fast paced story as we see some much happening. Without the shock of surprise, it was easier to see how little time we spend moment to moment, and for an emotionally driven book, I think it would have paid off to spend a bit more time connecting to each character. The book has all the right beats, but once I knew what was coming, it was more obvious how little time we got to exist within each moment. As a result, some of the emotions and character connections feel a little unearned. I also still feel a bit dissatisfied with the ending. I'll dig into the specifics (spoilers):The ending felt very safe. 1) our main character is able to defeat the big bad for no specific reason--one second she's this massive source of hate/food for the parasites, the next she turns out to be the only one full of love enough to defeat them. Why is it that our character succeeded at that while every one before her failed. That includes Argo who is presented as almost transcendent in her knowledge and emotional connection.2) There is a lack of weight to the threat. Everyone (Harper cares about) survives. The aliens who provided Miles with Argo all die, even though Peggy is presented as nearly dead before she breaks free, because she isn't capable of sustaining the parasites like the alien species is. Granted, I think Fergeson hints at why the alien race was unable to survive, but (2.5) I think it needed to be more explicitly addressed. I think because they are colonial and feel entitled to spread there is an implied lack of empathy and an inherent sense of superiority. However, what little exposure we are given to them absolutely contradicts that notion when there is clearly love between one of them and Miles. The end result is sadly a very convenient conclusion, and it made the entire story feel very inconsequential.Overall, I still really liked this book. Please don't mistake my critiques for hate (I do my best to starve it out :p), but its my love of the book that drives my commentary on its shortcomings."
Audrey,736,10,3,"July 3, 2023",fantasy；science-and-speculative,,"Wow, the author of this one really, really likes Dr. Who. Fun, but a bit meandering. Kind of similar to Catherynne Valente's Space Opera in overall vibes."
Celeste,674,13,3,"August 5, 2023",adult；scifi,,SOOOOO confusing i think i should stop reading time travel books. i didn’t get the end (as in the climax) much at all BUT i really liked the part when harper was stuck in 1971. but not bad. kinda like 3.5
Hazel,59,16,4,"February 12, 2024",,,"So I do in fact read a fair amount of fluff and/or garbage so you know I had mediocre expectations going in. ""What if Ziggy Stardust was the Doctor though""?! C'mon. But this was surprisingly good: well shaped, and nobody complained about the circular Ashbless of a couple things. There was character development (haha) and all. But. There is a strange thing near the end that I didn't understand diagetically. Structure wise for the thematic growth of folks, sure. In context of the overwrought preface. Sure."
Teddy,1029,,4,"December 10, 2023",netgalley；wish-list,,"I received an e-ARC via NetGalley in exchange for an honest review.Oh man, I enjoyed this. It's very much an homage to , which the author makes no attempts to hide. But it's very much  than just an homage to . Beyond just being a scifi adventure, the book is intensely interested in all sorts of grief, and how we move (or don't move) through them. It felt deeply resonant to me, as someone who has lost two close family members over the past year. There were several moments I just sobbed, because Fergesen captured the feeling of loss and love you can feel in an ordinary moment so perfectly. The one and only thing I did not love was a component of the ending.  It would have made the themes around grief even more effective, in my opinion. Overall -- definitely recommend. I'll be buying my own copy."
Connie,153,2,2,"December 20, 2023",2023-reading-log,1,"The cover and description of this book grabbed my attention. I was excited for a fun Doctor Whoesque adventure. Boy, was I in for a shock. The book was dark and moody. Depression. Anger. Depression. Anger. And more anger. It took effort to finish the book, especially in the middle. The book tries to end on a positive note (kinda) about not giving in to your hate. Thank you to Netgalley and Blackstone Publishing for providing me with an e-ARC in exchange for an honest review."
Joy,183,28,3,"October 25, 2023",arcs；fiction；women-scifi,,"2.75⭐This was supposed to be great for fans of Doctor Who (which i am) but I didn't like this. The premise is good, the plot is okay, the characters need some work and the whole execution needs redone. It's like holding a lump of coal when you know they could have made a diamond."
