Reviewer,Review Count,Followers,Rating,Date,Tags,Likes,Content
Nick Borrelli,393,418,5,"February 28, 2023",,38,"Original review posted on my blog Out of This World SFF:R.S. Ford's opening book in The Age of Uprising trilogy Engines of Empire was such a wonderful blend of epic and heroic fantasy. I really enjoyed it a lot when I read it last year and it definitely struck me as a series with a ton of potential. So when I saw the cover reveal for book two ENGINES OF CHAOS a few months ago I started getting excited again as I couldn't wait to continue my journey with these amazing characters and compelling world. Soon thereafter I was fortunate enough to snag an early copy thanks to the publisher Orbit and away I went, sucked back into what has quickly gone from ""potential"" to one of the best fantasy series out there right now.As this is the second book in the series I will stay away from potential spoilers to book one and stick with how this book made me feel and how I believe it advanced the story. ENGINES OF CHAOS is one of the few middle books that doesn't fall into the setup syndrome. In fact, this book takes the action to unheard of levels and doesn't relent one iota from the opening pages to the breathtaking final chapter. Honestly this is one of those sequels that makes you ask yourself why more authors don't take this approach. I found it completely refreshing and the action just made me want to have book three in my hands yesterday.Having finished the first two books now I can say that I adore everything about this story. The treachery, intrigue, suspense, warring factions, captivating world with an interesting history, just all of it is epic fantasy the way it should be written. And what I love best is that Ford is not shy about putting his characters in extreme peril and yes even killing some off if necessary. Absolutely no one is safe. These to me are the books I enjoy reading the most because they keep the palms sweaty and the nerves frayed at all times, making the reading experience that much more rewarding.Make no mistake the stakes are upped significantly in ENGINES OF CHAOS and this is all leading up to what I have a strong suspicion will be a finale that will both shock and delight in equal measure. We use the term ""must read"" series quite often as reviewers but if any series is worthy of that label, this is the one. If you like fantasy that is dripping with conspiracies, political maneuvering, heart-stopping battles, conniving villains and inspirational heroes, then you better get into The Age of Uprising series right now. This truly is fantasy that breaks all of the popular conventions and delves into uncharted areas with extraordinary results. And I for one cannot wait to find out how it all ends!"
Trinity,667,78,5,"April 17, 2023",could-not-put-down；dark；fantasy,12,"What an amazing continuation!! I have been screaming at anyone who will listen to read Engines of Empire. Seems I shall need to scream louder.I will post full thoughts in my monthly wrap up on YouTube but damn, this book was excellent!"
Christina Pilkington,1679,216,4,"February 5, 2024",,8,"Engine of Chaos picks up right where Engines of Empire left off. The Ministry has dethroned the Guilds. Sanctan Egelrath has gathered the forces of the Draconate Ministry and is systematically wiping out all traces of magic. Rosomon is still reeling from her losses and is thrust into a position of power she never wanted. Connell is in a dangerous new land, navigating how to survive, and Tyreta is still getting used to her new powers and figuring out how to get back to her mother. I’d say the first half is a lot of set up and getting our main characters into positions where the story can progress. It wasn’t until about two thirds of the way, that the story really took off for me. By the end, I was once again sucked into the politics and family drama and very excited to see what happens next. I’m sure all the setup will pay off in the final book. The cast of audiobook narrators were fantastic! I’d definitely recommend reading this series on audio. They really did bring the characters to life. If you enjoy political fantasy, if you enjoy religion pitted against magic, and if you like gritty fantasy, I’d recommend picking up this series! *Thank you to NetGalley and Orbit books for the audio review copy. All opinions are my own."
Margaret,117,608,4,"March 12, 2024",,6,"Excellent sequel. Built upon everything in book 1 so well and left me constantly engaged and turning the page. The slow descent of some of our characters into madness/evil??/just being a bit unhinged had me hooked. There were two new POVs in this edition and I was riveted by both of them. Little bit of middle book syndrome at the end, it didn’t feel like anything really concluded - it felt like it could have very easily been just another chapter in the book vs. The end. If that makes sense? Regardless, cannot wait for book 3."
Aaron McKinney,370,8,5,"February 26, 2023",fantasy,6,"9/10 ARC received from publisher Warning, this review will NOT contain spoilers for Engines of Chaos (EOC) HOWEVER it will assume knowledge of Engines of Empire (EOE) so if you have not read EOE yet please stop reading now and go do so.Once again R.S. Ford has brought to life a fantastic world with a (mostly) great cast of characters who feel genuine. The reader can really understand the characters motivations and what drives them to do the things that they do, whether they agree with them or not. The story is told mainly from 7 different character POV's, with the occasional chapter from a different POV, or from the POV of multiple people. This allows for a diverse story to be told and for each character to have their own voice, as well as to help build suspense. My favorite POV's were probably Tyreta's, Rosomon's, Conall's (The Hawkspur family is awesome ok), and Lancelin's, but all of them are unique and well done. The only POV I didn't enjoy as much was Keara's, while it was still done well, and I by no means hated it, it just didn't feel as good as the others. This could just be because I am not a huge fan of her character and her ideologies though. The plot of EOC picks up right where EOE left off and brings us to new locations and into the wider conflict between the Guilds and the Ministry. The unique setting of a fantasy world with elements of industrialization works just as well in EOC as it did in EOE, possibly more so due to certain plot points and what has become a civil war in Torwyn. We continue to see different cultures, religions, and ideologies and how they conflict or synergize with each other. We also continue to see and learn more about the different artifices and magics in the world. Battle and fight scenes are done extremely well, sparing no details of the carnage and grim realities of a civil war. Tactics are cleverly employed between the combatants, you wont just find one army rushing another here. My only real complaint would be that I wish the magic system was a bit more of ""hard magic"" system with more outlines rules on how it is governed as that is my preferred style. That being said I suppose given the mystic of magic and how much knowledge of it has been lost to time or only known by certain cultures a softer system makes sense in this case. The prose throughout the book is easy to understand but by no means dumbed down (Similar to Brandon Sanderson's work) and the pacing of the story feels just right, for a book that is 561 pages (at least my ARC was) it never feels drawn out or like space is just being filled. This is especially noteworthy as this is a notorious problem for second books in a series."
Ronald Watkins II,74,,3,"October 21, 2023",2023,4,"I liked it. Overall: 3/5 (14/25)A story about a mother waging a war of vengeance while her adult children try to return home. If you like steampunk, political fantasy and grimdark elements all blended together, then give this series a read. I struggle a bit with the characters and writing style, but the plot is serviceable and the setting is interesting.Minor Spoilers Below.Plot: 3.5/5There are a few plotlines to follow. Rosomon is gathering allies to go to war. Her children are each trying to return home. There are some interesting points, twists and turns to the plot that I found to be enjoyable.But there were also a couple misfires for me. The catch-and-release/spare a hero/villain plot device was used a few times, and I absolutely hate reading it. This is a personal eye roll for me every single time I have to see it. Readers not bothered by this device will find the book much more enjoyable.The second misfire would be some repetition in storylines. In Book 1, a son is taken west to Malador. In Book 2, a son is taken west to Malador. Both sons suffer similar fates while over there, namely torture, magical change, and demonic whispers. Though done very differently in this book, the similarities are still noticeable.Those are the only two negatives to the plot. Most of the plotlines I liked. I'm trying to be careful not to spoil things for someone who wants to read this series, so I wont go into everything great, but there is plenty here to like. From an animal companion to shifting alliances, the plot is mostly enjoyable.Characters: 2/5I still find characterization to be a weaker element in the writing. I don't feel like I know the mc's well enough to try and predict what they're going to do. In the first half, there is a lot of passivity in the mcs, reacting to the villains and conflict as they arise instead of actively leading the charge forward. They need saving or releasing at times from side characters or villains, taking away some of their agency at times. Some of this would be okay, but it felt a little heavily used.There is a lot of ""do you know who I am?!"" dialogue from one character early on and it quickly grates on the nerves. It doesn't seem believable or warranted given the character or circumstances, either.There are some villainous outlooks added in, and some gray characters, and this added some complexity to the plot, but I still wasn't feeling for these characters, either. Ansell is okay.Setting: 4/5Ford focuses mostly on all new locations in this book, from The Forge, to Wyke and Oakhelm, to new parts of Malador. Every set piece used was distinct, and added so much toward creating a wider world, without losing the setting already established. Each played into the moving plot in a satisfying way.Arcturius, with new sorcery introduced there offering an entirely new outlook on the established magic systems, was especially imaginative and interesting.I would have enjoyed some more specific descriptions of The Forge and Wyke, before certain events took place, as a bit of foreshadowing but that's my only criticism. Excellent job.Style: 1.5/5The general prose felt more streamlined, more consistent, and less sporadic than EOE. This helped the story feel more coherent.The pacing was stilted a bit by redundancy in scenes and plotlines. But I did like that I could feel the build up towards the first big battle.The Big Battle. First, it is the only chapter in the series told through multiple povs. Every other chapter has gotten one pov per chapter. I think I can see what Ford was going for, here: Giving life to the background characters, showing the larger scope of the battle, moving through the battle by bouncing from combatant to combatant. But second, this included numerous new characters, who I didn't know or care about, and new pov's as well. The big battle seemed like the wrong spot to be introducing new characters or pov's when other characters are present and witnessing the same things, just less directly involved. Third, I already mentioned the passive feeling with the mc's and this battle didn't help that. Ultimately, it was an interesting risk but one that didn't payoff for me.Last gripe about style is the paragraphs with a bunch of questions. Frequently, inner dialogue consisted of numerous questions right in a row - like every mc is crippled with worry and doubt in the exact same way, all the time. The what-ifs and other hypothetical questions distracted me A LOT. It was a heavy-handed way of telling fears, without showing, and handholding the reader into the obvious possible stakes. I know something bad will happen if the heroes fail - I didn't enjoy all the coddling. Especially when some of it is purely speculative and never comes to fruition - making it a waste of time to read or worry about.The ideas and setting are there - but Ford's characterizations and certain style choices/executions still leave me wanting for some improvement. My issues with the first book were mostly addressed, but I sorta feel like they were just replaced with new problems, hence the decrease in score from EOE.Themes: 3/5Another improvement, the themes get a little more complex upon adding gray and villainous character pov's into the mix. That complexity allows for extra twists, betrayals and unexpected allies. It colors the world with a little more depth, especially with Ansell. These added layers go beyond the simplicity of common fantasy books, so the score is improved from EOE.Ansell's moral dilemma will be the most interesting to watch play out. Religious zealots are tough to get right, but I trust Ford here, seeing that growth in his thematic work and plotting already."
James Harwood-Jones,392,24,4,"April 30, 2023",,4,Another great book in this innovative addictive series.
Kelsey Rhodes,1029,23,5,"February 4, 2023",netgalley,4,"5/5 stars! This is the second book in the ""Age of Uprising"" series and I felt like I did miss a bit of the story starting here. But that was on me for not realizing it was a sequel until I'd already dove in. That said, this book blew me away. There were so many intricate plotlines and I found myself getting caught up in Rosomon, Lancelin, Conall. and Tyreta's stories. This book was the definition of epic fantasy and didn't suffer from the filler problem that second books in trilogies often do. This book was fulfilling and packed full of action, angst, mistakes, and consequences. I cannot wait to read the final book in this series. I received an advance review copy for free through NetGalley, and I am leaving this review voluntarily"
Eddie,357,16,4,"June 25, 2023",,4,"I give this ⭐️⭐️⭐️⭐️'sAn Ingenious landscape!You still have the 7 POV 's (Conall's & Fulren being my favorites) the other characters didn’t hold up as good as they did, in the first book in my opinion.The guilds and the ministry still have bad blood for each other .Tyreta enjoying her newfound power. Betrayal and suspense,we still have a fascinating world with lavished history , all characters are on the brink of danger. Who comes out alive? I’ll let you decide when you read it.Still looking forward for the third book when it comes out."
Cerviallacarica,222,14,5,"May 25, 2023",,3,"⁸Sto ancora urlando. E piangendo.Voglio il terzo ora.Questo secondo libro mi è piaciuto ancora più del primo, nonostante la sofferenza, e ho trovato molto interessanti i nuovi pov. Aggiungono spessore alla situazione politico-sociale e ci rendono partecipi di un po' tutte le macchinazioni e le verità nascoste ai ""buoni"". Adoro l'incertezza che si ha verso tutti, non solo per il loro destino (qui nessuno è al socuro, nemmeno i protagonisti), ma anche per la loro lealtà. Conall medaglia al valore, MAI UNA GIOIA, dategli una tregua.ROSOMON SPACCA, BEST PERSONAGGIO.Tyreta mi è piaciuta parecchio, non mi ha mai annoiata.Altri due nello specifico non posso nominare per questioni di spoiler, ma hanno il mio cuore.Worldbuilding dalle vibes steampunk che è sempre reso benissimo, mentre il sistema magico ha ancora tanto da mostrare.Ho ADORATO la soluzione narrativa di una certa battaglia, STUPENDA.L'unico difetto che ho notato, a livello narrativo, è che troppi capitoli finiscono con svenimenti vari. Dante approva, ma ecco... LEGGETE QUESTA SERIEEE"
Rachel,37,1,5,"September 25, 2023",,3,One of the best books I've ever read.
Viking Jam,1189,15,3,"April 12, 2023",5,3,"This installment sat on the edge of a 4 star rating, often plunging to 3 stars based on a repeated pattern of phrasing. ""Bile rising"" in his or her throat was an oversused pattern. ""So what""?, you say. Well, phrasing when done right, uses a mix of words that derive the same meaning, phrase to phrase. For instance, use ""bile rising"" once or twice but intersperse with a different phrase to denote disgust or a twist on the oft use phrase like, ""Gorge"" or ""Acid"" or a lengthy description like the ""acid thrust of bile surging against my molars"" etc. The characters are well built with an infusion of new to make it interesting. There are some expected and unexpected die offs. Some killed the story line, others enhanced it. The ones that deserve it, of course, keep on keeping on as we love to hate. The constant bad luck and rubbish odds for our protagonists is lengthy to a fault. The fault being, believability. Hey lets lose two legs, an arm, our eyes and leave us for dead floating in the sea or, pluck out an eyeball and run through the desert for months without water. blah, blah. Not buying some of this shjt but overall an entertaining read.Better pick it up for the finale'."
B,40,2,5,"November 25, 2023",epic-fantasy；fairly-good-worldbuilding；good-side-characters,2,"I think it's safe enough to say that this book was a massive improvement from its predecessor, and that said, it doesn't really pick up the pace until midway through the book. But when it did, damn. All the themes came together so nicely. And, sick as I am of pseudo-feminist commentary in every YA book ever, reading a book with some genuinely interesting commentary and ideas at play felt incredibly refreshing. Returning to the world of Hyreme has proven most resourceful.If Engines of Empire had a severe lack of substance and the plots of each character didn't quite feel full, engaging, consistent or well-rounded, this book completes said characters, and creates a clearer picture of a conflict that, deadass, I missed almost entirely in book 1. The story continues with a growing conflict that you won't be able to get your eyes off of. People keep dying and switching sides and I can't promise you that you will be dizzy by the end of it.The new characters introducted really helped add depth to the already existing characters.Keara is an anti-antihero to put it simply, but her character doesn't really kick until [again] the second half of the book. I was largely uninterested in her at first, but as the book progressed she got more and more interesting. She is such a refreshing take on grey morality, and fuck it. The moment you think she's in her redemption era, bam. She gets worse (but also for the [partial] benefit of our heroes? It's hard to say) Also, her foil dynamic with Tyreta was genuinely really genius. I personally was like 'Yes! This is what Tyreta's character was missing!' but aside from being a complementary character to Tyreta in a way, she is excellent on her own.On the other hand, Ansell is a character that we know from book 1, bur we never know his name. What's reallt genius about having him as the insider POV for Sanctan's dealings, is that we are esentially denied a right to Sanctan's mind - who knows what motivates him? Nobody. But slowly, we realise that Ansell is aware that Sanctan is hardly the Wyrm-devoted man he claims to be, and so do we. Also, Grace was really cute, and Ansell's weakness to children did a great job at showing his nobility, a nobility that Sanctan is, more than once, shown to lack.The supporting characters are mostly fantastic too. We have Sted back, although I wish she played a more important role. She still devoured every scene she was in. Oleksig is literally just a massive mood, and Ianto is quite endearing. Ashe and Verlyn are also really cute and important supporting characters for the resurrected Fulren. Nylia was a great foil of sorts to Conall, but that plotline was a bit hard to follow, so I'm conflicted on that one. But aside from Oleksig (from the new additions) the Merigot brothers were stellar and also my favourites.As for themes, the not-so-subtle commentary on Religious leaders being usually the most sinful was well rounded. Although there are well-meaning servants of the Wyrms (Such as Ansell), Sanctan is a zealot who will kill his child's mother mercilessly, ravage cities, betray his allies, abandon his only child and eliminate all sorts of commodities from the people, proclaiming he is a saviour. When, in truth, all he truly cares about is power and financial gain. Engines of War, I predict, will give more insight on his motivations and show what exactly breeds about his heart.I particularly loved the strong women in the book. Rosomon became one of my absolute favourite female characters in fiction. She endured abuse, allegedly losing two children, her lover's death (ahem, I'm not over him either), many betrayals, and yet - She is a general willing to lead her people no matter what it takes, rising from the ashes like a phoenix again and again. She mostly shows mercy, but her corruption towards the end was actually just... deserved. Like, damn. The Ministry deserves it. The greatest part is that at no point did I feel like it was shoved up my ass that she was a strong woman, and I could say the same for Tyreta and Keara. I'm glad I got a chance to make up my own mind as the author simply showed us readers their strength and intellect.The three Hawkspur heirs undergo their own arcs for this book as well. Fulren in particular FINALLY gets to complete his arc, and I can't wait for him to return to the war, all slaying in prosthetics and shit. He better become iron man or I'm suing. And if you read my previous review, you'd know I was thinking I was delusional for thinking Fulren was alive. Well, turns out I'm not insane. I literally almost threw a tantrum because of how glad I was he was alive.In my previous review, I also slandered Tyreta's character. The good news is that thanks partly to Keara, she finally becomes a more interesting character, figuring out her newly acquired powers. I found her far more likable and complex in EoC than in EoE, and I think it was also product of the circumstances she was put in.As for the plot - The circumstances the characters are now in forces the book to have to give more info about artifice and expand on what's actually interesting about this world; the tech! It's not perfect, but it's an improvement.I'm lazy to write more. But the TLDR is; Damn. This book really outdid its predecessor like a LOT. I'm just worried that this one was so good that EoW will not be able to surpass EoC's current greatness.All in all, I still have high hopes for The Age of Uprising, and if it's gonna be like I think it's gonna be, then it'll be an amazing conclusion to the series. I just... I'm not really excited about fucking 'Wenis' (Still a terrible name) being back in the game. I wasn't invested in her little instalove crush on Fulren and I'm still not! God spare me from a possible Wenis POV. Until then, I'll be praying."
Birte,757,34,4,"January 21, 2024",,2,"4.5/5I really enjoyed the first book in this series, but this one was a step-up in my opinion. The characters all had great story-arcs of their own and the story intermingled the characters more than in the first book. I loved seeing them interact and finding out more about the world. I can't clearly articulate what I want to say, but I really loved reading this, especially Tyreta. I hope we get news about the third book soon."
Dan Montgomery,37,,5,"April 10, 2023",,2,Even better than the first one! There's not a single thing about this book I didn't like. SO excited to read the next one when it's out!
Tracy Barrett,449,1,5,"June 13, 2023",library-rentals,2,4.5/5This is an awesome series. Part steampunk and part fantasy with great characters and a fun magic system.
Ned Ludd,759,16,5,"March 12, 2024",,2,Reminds me of why I had such a sublime loveaffair with Epic Fantasy for decades. 4.5⭐️
Nina (the fussy reader),540,11,4,"June 27, 2023",fantasy,1,"ＴＬＤＲ🌕🌕🌕🌕🌗 - ᴄʜᴀʀᴀᴄᴛᴇʀꜱ🌕🌕🌕🌕🌑 - ᴘʟᴏᴛ🌕🌕🌕🌕🌑 - ꜱᴇᴛᴛɪɴɢ🌕🌕🌕🌕🌑 - ᴡʀɪᴛɪɴɢ🌕🌕🌕🌕🌗 - ᴘᴀᴄɪɴɢ🌕🌕🌕🌗🌑 - ᴇɴᴅɪɴɢ°🌕🌕🌕🌕🌑 - ꜰɪɴᴀʟ ʀᴀᴛɪɴɢPicking up pretty much where book one left off, Engines of Chaos does a decent job of filling the shoes of its predecessor. This is a truly brilliant book series and already shaping up to be a standout within the fantasy genre.I have to say, this is one of the few books boasting this many POVs that has successfully made me care about more characters than I don't. Though I wasn't necessarily satisfied with every character's journey, I still love these characters and can't wait to see them kick some arse in the next book.The world-building continues to intrigue and I was most interested in how the effects of the battle at the Anvil and the new administration that's taken over have affected the smaller, more rural communities beyond the city. I love when the consequences of war are depicted in this way, through the eyes of the small folk rather than the ones giving the order. The author has an incredibly smooth flow to his writing, making the book an easy and compulsive read. The wording and descriptions are strong and every sentence pulls its weight.Picking up pretty much where book one left off, Engines of Chaos does a decent job of filling the shoes of its predecessor. We witness the aftermath of the battle at the Anvil. The Sanctan has taken control and Rosomon and her allies are scattered. Civil war strikes Torwyn as she struggles to build a force large enough to take on the capital.This is a truly brilliant book series and already shaping up to be a standout within the fantasy genre. The author does a great job of not allowing this book to fall victim to second-book syndrome. There simply isn't the time for that sort of nonsense. This book is dramatic and action-packed from the start and kept me turning pages.One thing to be prepared for going into this series is the fact that the books don't have definitive endings. There are no resolutions here, only cliffhangers and open-ended stories pending completion. Like parts of a whole assembled in the process of reading, much in the vein of the Lord of the Rings. In order to get a full and satisfying story, one must read all three parts.I have to say, this is one of the few books boasting this many POVs that has successfully made me care about more characters than I don't. Of all the many conflicting perspectives here, there is only one that I'm not a fan of.In a book that already has so many POVs, most of whom I thankfully really like and root for, I was a little wearied to discover more POVs being added. I'm a bit stubborn. Once I've gotten used to a set of characters, it can be difficult for me to adjust to new ones, however, I'm pretty sure by the end of this book, Ansel was my new favourite. I just loved every one of his chapters. The relationship he builds with Grace is heartwarming and sweet. And as a character, Ansel underwent some serious growth, questioning everything he believes in for the sake of one little girl. He definitely had the most growth and strongest character arc for me and I loved him. Connel was a favourite in book one and while I'm still deeply invested in his story, I have to admit I wasn't crazy about his chapters in book two. I found it all a little confusing what was happening to him and why, and who those people even were and why they were doing that to him. I'm ultimately satisfied with where his journey took him in the end, but the journey itself was a little bizarre.Again, Rosomon is a great character but it didn't feel like she achieved a whole lot in this book. It was always one step forward, two steps back and where she finds herself by the end isn't greatly improved from where she was at the start. But it was really great to see her step more into the role of badass bitch. She is fucking brutal in this book and I'm kind of loving that for her.I do really like Tyreta as a character but I found her chapters a little unsatisfying and annoying. I started to feel like everything she did was thwarted. There were no small victories for her like with the other characters. Even when it starts to feel like the tide is turning and someone is on her side and about to help her...nope, she's been betrayed again. It was maddeningly frustrating. I get things don't always go to plan, but in order to make a character arc satisfying and enjoyable to read, sometimes they do need to win just once.Keara was my least favourite character. I just seemed to clash a little with her personality and though I know she's not meant to be particularly likeable, I also found nothing redeeming about her either. She just bounced from one clusterfuck to another and didn't really seem to know herself what she wanted, changing sides whenever she felt like it. This book also sees the loss of one favourite and the return of another. And I was both saddened and thrilled by these developments respectively. Though I wasn't necessarily satisfied with every character's journey, I still love these characters and can't wait to see them kick some arse in the next book.The world-building continues to intrigue and I was most interested in how the effects of the battle at the Anvil and the new administration that's taken over have affected the smaller, more rural communities beyond the city. The effects of war can be felt far and wide and though it may take a little longer for the changes to trickle down to the farmsteads of Torwyn, the outcome is quite dire for them all. This was an excellent exploration. I love when the consequences of war are depicted in this way, through the eyes of the small folk as well as the ones giving the order. There's some conflict from other countries hinted at but I don't really know what's going on there and, tbh, I'm more interested in everything going on in the Anvil and the civil war. The author has an incredibly smooth flow to his writing, making the book an easy and compulsive read. The wording and descriptions are strong and every sentence pulls its weight.Chapter 44 was a weird one. An entire battle told through multiple enemy POVS of characters never seen before, or again. It made the battle difficult to engage with, written in a way that made me feel like I was supposed to care about these characters, but of course, I didn't. But I have to give major props to the author, he's not afraid to maim his characters in grisly and gruesome ways. I'm not talking about something that can heal, I'm talking permanent damage. It's bold and shocking and a sick part of me kind of likes it.All in all, I think I liked book one a bit more than this one. Mainly because I did have many expectations going in. but this is still a fantastic book. I'm looking forward to book three to see how this all concludes."
Leah M,1380,43,5,"July 6, 2023",,1,"Thank you to Orbit and Angela Man for sending me a copy of this book in exchange for an honest review.CONTENT WARNING: blood, murder, enslavement, violence, substance use, torture, ableism (challenged)I was expecting a book full of action and intrigue after the way book 1 ended, but I honestly had no idea how much I was going to get in this book. Normally, I’d fly through a book like this in 2-3 days, but it took me almost 2 weeks. This was mainly because I wanted to savor the story and truly enjoy it, but also because I wanted to take my time with the stories. There’s so much going on, and all the plot lines are all so wildly different.One of the strengths in this story is the shifting narratives that Ford offers, with the variety of POV characters. This is especially important in this book, where there is action occurring in different areas of the empire, and groups are on the move across the empire. There are some new characters added to the roster, and while I didn’t like them at first, at least one grew on me a lot, and I wound up liking them so much by the end of the book.In the last book, we saw Rosomon’s children spread across the empire and kind of floundering with their assigned tasks, while Rosomon is handling business like a boss in The Anvil. But in this book, things have changed dramatically. The coup shakes things up, and Rosomon is no longer managing things as well. This book shows her struggling as the head of a revolutionary faction to save the Guilds and fight the Ministry, and she’s completely out of her depth. However, Tyreta and Conall are thriving despite the tough circumstances that they’re stuck in. Since we kind of get an all-around view of what’s going on within the empire—we have a POV within The Anvil, and throughout various other areas of the empire, it really shows us what is happening on the inside of each faction and location. The pacing is consistent throughout the story, but there were so many plot twists that came out of nowhere and completely blindsided me. This is one of those books where I wish I had someone to buddy read it with me, because there were certain parts I just needed to vent about, discuss, and just screech about with someone else, and unfortunately I didn’t have anyone until just before finishing the book. Overall, this was a fantastic book, with so many great plot lines and I can’t wait to see how Ford plans to wrap everything up in the final book (which I can’t wait for)."
Christian Galano,225,13,4,"May 21, 2023",2023-book-challenge,1,"This book was very interesting. It picked up exactly where the first book left off, but went into a different direction altogether that I did not expect. I thoroughly enjoyed the new characters introduced to the story. Keara, Ansell, and Veryn provided a much different perspective to the story and brought fresher view of the world, the magic system, and the overall conflict. I enjoyed how they were more unique than the original characters in the story (Tyreta, Connal, and Fulren), and I loved how they were neither morally good or bad, but somewhere in between. Each of them had their own agenda, beliefs, and mission in this uprising that I think will later contribute to the overall plot of the series. I also enjoyed how their stories intertwined with the original characters. It made the plot all the more exciting.I was very worried where the story was going because I felt like there was no progress to the plot at all. Every time I thought I was being led somewhere, the story would change drastically, and I'm left to wonder where it would pick up next. This pattern was purely consistent with the first book, but I trusted Mr. Richard Ford, and hoped that the end would be worth it. The last few chapters were a great setup for the next book in the series. That Epilogue though...it connected all the pieces together. Just when I thought the story was going nowhere, we were finally being led to a much bigger and exciting plot. I'm still baffled and confused about the magic system and the world, but I'm excited to learn more about them in the third book! Can't wait!"
Zoe Kaylor,334,19,4,"September 18, 2023",,1,"I""m not going to lie. I struggled with Engines of Empire. It felt a bit like Ford was trying to put too much into the book and I wished we would slow down a bit to spend more time with the characters. So I'm delighted to say that Engines of Chaos felt like a huge step up. The first half was much more character focused and I was so much more invested in the Hawkspurs and especially Ansell. Despite taking more time to focus on characters the plot kept going and kept me intrigued. The back half of the book felt more plot heavy, but I was so much more invested now that I liked the characters. The the reveals at the end - I'm super curious about what's going on with the magic and how R.S. Ford will wrap this up!I mostly listened to the audiobook, and really liked our narrators and they told the story well!Thanks to Orbit and Netgalley for an advance eARC and an audioARC in exchange for an honest review."
Monika,55,10,5,"May 7, 2023",,1,"I've finished reading the second installation in The Age of Uprising series by R. S. Ford, Engines of Chaos. I've listened to it as an audiobook, courtesy of Netgalley and the Publisher. The physical book is on its way to me and it's going straight to one of my favorites shelf.In this part we have even more points of view that add depth to the story. The narrators are again doing an amazing job and I recommend the audio version of the series to everyone who likes such medium.The plot is thickening, it's fast paced and the scope and stakes are even higher than in the previous books. It also brings the idea of a crazy cat lady to a whole new level. 😎😅I can't recommend it enough, I'm very glad I've decided to dive into these books and honestly, it's a mandatory read for fans of John Gwynne and Joe Abercrombie. This series is resembling of Age of Madness by the latter author, but it also has some other factors that make it unique in my opinion.⭐⭐⭐⭐⭐!"
Mackenzie Busalacchi,188,10,5,"March 29, 2023",,1,"Engines of Chaos, a steampunk Game of Thrones, is the second book in an absolutely gripping epic fantasy trilogy. As Sanctan Egelrath tightens his grip on power, Rosomon must find it within herself to overcome recent tragedies and lead a resistance, while her surviving children face their own obstacles and demons. R.S. Ford builds a fascinating world with interesting (and often morally gray) characters, all while skillfully weaving together numerous storylines through multiple POVs. The way the author develops each character is masterful - I honestly feel like I personally know the characters. I cannot praise this series enough! Easy 5 stars!"
Erin (thatwritergirl),265,4,5,"May 12, 2023",,1,"My thanks to NetGalley and Orbit Books for providing me with a digital copy for review. Quite frankly, I loved everything about this book. The characters all grew and found themselves in harrowing situations, and the way they handled them really spoke to the growth they had overall. Even my least favorite character, Tyreta, came into her own and I rooted for her along the way. Honestly, it was the secondary characters that I enjoyed reading from the most. This book has everything that a fantasy/steampunk fan would enjoy and I would highly recommend this book. I cannot wait for book three!"
Lesa Divine,977,241,4,"June 11, 2023",favorite-list；i-own；june-2023,1,There was a lot of excitement towards the end for me very curious on book 3 but that's too far away.But enjoyed the growth of these characters. To see a character I missed finally pop back up I was too happy.Just don't see where this is going which is a good think it's hard to predict what's going to happen since it's just too much betrayal on top of betrayal omg.
Annarella,13,143,5,"May 13, 2023",,1,"Fast paced, action packed, featuring interesting characters. Loved the world building.The group of narrators made the story comes alive.Highly recommended.Many thanks to the publisher for this arc, all opinions are mine"
Joselyn,56,1,3,"December 12, 2023",,1,"3.75. Overall, a good read. I really enjoyed the first half of the book. The last half felt a bit muddled and chaotic."
Sarah Robins,69,4,4,"March 22, 2024",,1,"Ford, you know what you did."
Danielle,1118,10,5,"May 6, 2023",2023；2023-faves；2023-releases-read,1,"Loved it, can’t wait for the final (?) book next year hopefully"
Kraig,9,,5,"April 19, 2023",,1,"If you liked the first in this series, get this one too. It’s great. This author has created a unique world and some very interesting characters. I can’t wait to see what happens next."
Nathan Fantasy Reviews,101,21,3,"April 26, 2023",,,"This review was originally published at Well, this was a bit disappointing.Engines of Chaos is in no way a bad book, and in most ways it is even a serviceable multi-POV epic fantasy. But it in no way lives up to the potential of its predecessor, Engines of Empire.I initially read Engines of Empire when it first came out on the recommendation of Elliot Brooks from Booktube. I didn’t fall in love with it the same way that she did, but I saw a lot of promise in the world and story that was being built up there. RS Ford was building this cool steampunk world full of battling families, an autocratic religious authority, and some larger magical power brewing in the background. I think it was the closest thing for readers looking for the next A Song of Ice and Fire. While Engines of Empire didn’t really live up to the full potential of was Ford was building (mostly, he built up this really cool steampunk city with lots of cool politics and then put most of the POV characters outside of that cool city), I anticipated a really awesome sequel that would finally deliver.However, I am disappointed to say, it did not.Warning: Spoilers for Engines of Empire. This review is spoiler free for Engines of Chaos.Engines of Chaos picks up right where Engines of Empire left off. The Hawkspur family is in shambles after the Archlegate Sanctan has assassinated the emperor. Rosomon, the matriarch, is trying to cobble together some kind of army in which to unite the Guilds and fight back against Sanctan; Fulren and Connall are both presumed dead after the climatic events of the last book; and Tyreta is returning to Torwyn after discovering magical abilities in herself. Readers should be aware that Ford does no hand-holding in catching readers back up, so it might be a good idea to refresh yourself on Engines of Empire first!When reading Engines of Empire, I loved the Hawskspur family. I read a lot of books in a year, and these are characters that immediately came back to me. However, in this book everyone felt a lot more muted. Now, this could just be the case that everyone is pretty beat up in this book after the wallops they had taken in the first book but I think it is more than that. Ford seems to have lost the spark of what made the Hawkspurs so engaging and interesting. Many of the characters no longer felt like people, but rather just pieces on a board being moved around so that the political machinations could happen. Everyone was one-dimensional compared to who they were in the first book. Theses were definitely not the characters I remember and fell in love with.(Side note: I recommend not looking at the table of contents if you don’t want spoilers. You will quickly find out who survived and who died at the end of Engines of Empire just by seeing who does or does not have POV chapters!)The most interesting POV characters are the ones not part of the Hawkspur family – Keara and Ansell. Both of them are much more lively than the hapless Hawkspurs (who in this book resemble budget Starks). They are complex people with conflicting allegiances and contradictory goals. I really enjoyed seeing them try to navigate the increasingly messy political waters of Torwyn as they tried to achieve their goals. I think Ansell especially, who had a relatively minor role in the first book, will become a fan favorite in this book.Because so many of the character didn’t feel like real people, nor did they feel all that different from one another, meant that all of the Guild families and various political factions all just felt the same. The names of different families and battalions kept being thrown around, and I couldn’t differentiate them. This made for shallow political games, as everyone felt like faceless pawns on the board rather than a fully realized lived in world with history and culture.Plotwise, Engines of Empire suffers from middle-book-syndrome. Not a lot happens until about 3/4 of the way through the novel, and then everything happens so quickly that it is hard to follow the nuances of all of the plotting, scheming, and backstabbing. It really felt that for two or three of the POV characters spent most of the book travelling from one place to another.This impacted the pacing of the novel, which felt like it came in spurts and stops. Because of this, a lot of the plot and character moments that should have wowed me fell flat. There is a climatic battle scene that all of the plot threads are building to throughout the book that comes out of nowhere. Everyone was still getting the troops together, and then the battle just hits. It took me way too long to get my bearings to enjoy the battle that I had been anticipating; this was exacerbated by the fact that the battle jumps between the POV of multiple minor characters that I had no emotional investment in.Overall, the book just felt a bit cold and distant.Having said all of that, there is still stuff to like in this book. As much as I just outlined everything I didn’t like, I still finished it and at no point was I seriously considering DNFing it. Readers looking for an epic fantasy with dueling families, armies, and religious conflict will find a lot to enjoy here. What Ford does really well is give us all of the tropes of epic fantasy while just tweaking them enough where the book still feels fresh. This book will scratch the epic fantasy itch while serving up some fun conflicts, a couple of great characters (looking at you Ansell and Keara!), a unique spin on magical elements.As much as there was stuff in this book that didn’t work for me, I am still ready to jump into the next book and see how this entire thing plays out. The end of Engines of Chaos once again alludes to the bigger thread hinted at in the beginning of Engines of Empire, and I really want to see what it is all about!Concluding Thoughts: Disappointingly, this book does not build on the promise of Engines of Empire, but still serves up a fun fantasy read. Readers looking for warring families, religious threats, interesting magic, and multiple POV characters should definitely look for this series. Readers looking for wonderfully complex characters should probably look elsewhere."
Lourdes (Chapters We Love),594,59,4,"December 13, 2023",2023-anticipated-releaes,1,"So excited for this release, as soon as it comes out Im dropping everything and I mean everything including calling in sick to work so I can read this. Loved, Loved the first book and I can’t wait to see what’s coming."
Chris Monceaux,339,7,5,"April 18, 2023",,1,"I don't think this series gets nearly enough hype. This book was an intense ride from beginning to end with so many twists and turns. If I learned anything from the first book, it was to expect my expectations to be shattered. Spoiler alert... They were. I also knew that I shouldn't get attached to any of the characters, but I did it anyway and regretted it. Read into that what you will. lol. The title was definitely chosen well because everything about this book was absolute chaos but in the best possible ways.I love this world so much. It just felt incredibly huge and exciting, and this story added so much depth to the framework laid down in the previous book while also adding some fascinating new elements. The magic and technology were used in some really cool ways. The melding of the two is probably my favorite thing about this series. The conflict between the guilds and the ministry was incredibly tense, and it provided a great way to explore a society coming apart at the seams as religious zealots overthrow an oligarchy.I'm not going to say much about the plot or specific characters because I don't want to spoil anything from either of the books. Reading them is such an experience, and knowing things beforehand would make it less enjoyable, in my opinion. I will, however, comment on a few generalities. The plot was full of fighting, battle planning, and tons of peril. I never knew if a character would make it past the next page, and it kept me on the edge of my seat the entire time. The pace was brisk, but there were some quieter moments, especially in the first half when most of the characters were traveling. I found myself getting more attached to the characters in this book even though there were even more POVs than the first one. Even though a lot of this story was build up for the finale in the next book, each character had a very clear and complete arc. Many of the POVs felt much more intimate this time, as well, with some of them dealing with topics like a crisis of faith, learning to live with a new disability, and struggling to maintain control of one's own will and mind. The story felt more grounded in the characters rather than being solely forced forward by the plot, which was a good change.I liked that the audiobook had different narrators for the different POVs. It helped to distinguish the characters even more and allowed for their personalities to truly shine. Each of the narrators did an excellent job of bringing their character to life, and it made me wish I had listened to the audio of the first book. Overall, this was a really solid sequel in a very good fantasy series. If you enjoy reading about complex societies with tons of turmoil, fascinating powers that blend science and magic, and intriguing characters that go through the wringer, you'll probably enjoy this book. It is definitely all building toward something huge, and I cannot wait to get my hands on the next book to find out where it's all headed. See more of my reviews and other bookish content on my ."
Dawn ,378,5,3,"April 17, 2023",fantasy,,"is the second installment of R.S. Ford’s  series and suffers from “middle book syndrome” – other than “that thing” (which was telegraphed from book one) and a (not so surprising) reveal, the entire novel is a set up for the next installment. This is in no way a  book, it just felt . . . underwhelming. shows the aftermath of the emperor’s assignation and the coup of the Draconate Ministry lead by Sanctan Egelrath, who is determined to destroy the Guilds and anyone/thing that stands in his way. The Guilds, lead by the Hawkspurs, are determined to stop Sanctan , his unbridled lust for power and his determination to eliminated all use of artifice, returning Torwyn to the time where the Ministry controlled everything. The magic system continues to be the most interesting aspect of the novel. In Mr. Ford’s world, magic is science based; where artificers create weapons, machinery, vehicles, engines, and gadgets powered by pyrestones, which in turn, are “activated” by webwainers. Through this magical science Torwyn, lead by the Guilds, has become powerful. In addition to the pyrestone magic system, Mr. Ford expands on the other magical systems that were briefly mentioned in the first installment. After the prologue, the novel was off to the races, with non-stop action, battle, battle planning, fighting, and some more battles. Although the stakes were raised, I didn’t feel any tension because (as was true in the first installment) there is little thought to falling action. While I understand that the “go-go-go” pace was used to illustrate the seriousness of the situation and the importance of acting quickly, the plot would have been better served if there was a moment or two to reflect on some of the things that happened (at least more than a single sentence stating Character A missed Character B after they died). The entire plot was basically moving the characters from point A to point B so they’ll be in place for the eventual show-down between the Guild and Ministry.As was true in the first installment, where the story was lacking, for me, was in the characters. They weren’t well developed, ranging from mildly interesting to annoying. Of all the POV chapters, I found Ansell’s the most interesting and enjoyed reading his personal journey as he examined his belief system. I also enjoyed Connell’s chapters and found his struggles between “good” and “bad” engaging – also, the poor boy needed a hug. The rest of the POV characters were “meh”, with Kera’s being highly repetitive and Tyreta’s bordering on annoying (mainly because her powers seem to wax or wan depending on what the plot needed).Even with its flaws,  was a fast paced, enjoyable read that nicely sets up the next installment."
MikaReadsFantasy,254,15,4,"April 13, 2023",,,"A big thanks to NetGalley and the publisher Orbit Books for giving me the opportunity to read an advance copy in exchange for an honest review.The newly released ""Engines of Chaos"" by R.S. Ford is the second book in the ""Age of Uprising"" series. In the first book we follow a hand full of characters in an epic fantasy world that is ruled by the guilds of industry. The political system is thrown into chaos through the influence of outer forces and intrigue in their own ranks.The second book in the series is a great continuation of the first novel. It expands on some of the POV's of the first book and introduces new characters from various sides of the empire. I liked to get a peak into the opposition and the struggles those characters have with the new rule. Especially Ansell's POV had me emotionally invested from the very beginning. I found many of the story lines to be interesting but two of them didn't convince me. Both Rosomon and Tyreta lacked a bit of personality in my opinion. Especially in comparison to another female POV Keara the former two fell a bit flat. I found Keara's conflict exciting and I liked her way of plotting and the exploration her weaknesses.While I loved seeing all those different perspectives I found the side characters in every perspective to be too many. I had a hard time telling all of them apart and their fates sadly had no emotional impact on me. On the other hand one of the main POV's absolutely wrecked me with the way their story went. I believe the multitude of POV's added to the world building but hindered my investment in most of them individually.What made this world special for me is the idea of the guilds and their artifices in this fairly classical fantasy world. I wish there would have been even more implementation of the engines. I see how the political climate has influences that decision but I nonetheless wish for more creative and epic engines.I'm curious how the factions that have been plotting in the background will be integrated in the next books and how the story lines converge. Looking forward to more!"
Neil M,272,1,4,"November 11, 2023",prose-novels,,"Grade: A-. This story is very Song of Ice and Fire. The growing threat from outside, the brutality, the fall of a powerful house, the war with tons of betrayal – all of this is clearly Martin-inspired. I know lots of people will love that. I like a lot of these elements, but not the repeated failures of all the heroes.I got super frustrated for a period of maybe 150 pages near the beginning, because our heroes got squashed every time they did *anything*. I got tired of having the rug pulled out from under me. I fucking hated it when Wymar's men all get blown up, I fucking hated it when Lancelin died, and I fucking hated it when Ansell was stabbed and Grace got kidnapped. All of this gave me Kaladin-in-Way-of-Kings vibes. That's not a compliment.The rest of the book redeemed things for me, though. This is truly a grand story. The world feels vast, and the magic and worldbuilding are truly top-notch. The story goes by at a brisk clip, and the prose, though nothing special, is approachable in a way that serves the story. Also, I'm a vindictive bastard. I LOVED all of the comeuppances that the villains receive: Rosomon has Jarlath beheaded (finally!), Keara stabs Hisolda in the throat and burns her father alive, and Rosomon drowns the Ursus Battalion and chops off Loren’s hand. All of this was brutal, and brutally satisfying.As far as the different perspectives go: - I wasn’t that invested in Keara, though she had a few cool moments.- Like I said, I'm real mad that Lancelin died -- he was my favorite perspective.- I guessed that Fulren’s necroglyphs would keep him alive, but, boy, was I happy to get him back.- Rosomon's incompetence made her frustrating to follow for a long time. In the end she turned things around in a big way, though.- Tyreta was decent to follow all the way through."
Gregg Buford,203,4,4,"March 6, 2023",,,"I did a reread of Engines of Empire before reading this and that was needed for me as I forgot a things about the book. The reread WA not as good the second time for me and wonder when I do a reread of Engines of Chaos how that will go. I think this rather good in many aspects from the writing to the story itself. In regards to the story and the journey you go on with the characters I was pleased for most part. I wanted something more though I suppose or I it's the what happens didn't go as I thought it would. For some reason I thought the dragons that see as their gods would be shown to be behind the overthrow of the guilds but it turns out just one mans lust for power. There other threats that hinted at but those will become more apparent in the next book. Never like to see characters get killed off but then they are at war so that does realistic for that to happen. The growth and trials the characters go through are all rather interesting and rather challenging to mind, body and spirit. There are some surprises for sure but that is something I wouldn't want to spoil for others when they read this book. There are moments of and triumph mixed with moments of misery and sadness.but each character finds a a way to keep moving forward. I will eagerly await the next book to see how this story continues. Thanks to netgaley and the publishers as always for the opportunity to read another good book by a talented author."
Toast,37,1,3,"May 4, 2023",,,"While I do think that to some extent, Engines of Chaos suffered from classic ""middle book syndrome"" in that it's mostly build-up which left some sections feeling sort of slow in pacing, I still had an enjoyable time with the story and was never left feeling bored. This book also did a great job building on a lot of the characters (mainly Rosomon and Ansell, who shined the most here) and putting them in situations that left me genuinely excited for Engines of War in order to see how things work out for them. There was a lot exploration of morals and motives and while I think Rosomon and Ansell had the best character work here, the character that I'm most excited to see in the sequel is Conall. That poor boy spent the entirety of this book just GOING THROUGH IT- sure the other characters aren't exactly partying 24/7 and loving life but man Conall could NOT catch a break. It was also incredible to see Tyreta exploring her newfound abilities and really leaning into her new role- all of the characters were honestly great here and it was great seeing just how different they are from book 1. I'm really looking forward to reading book 3 and seeing in what new ways the author decides to make the Hawkspur family have a terrible time."
Lori King,23,,5,"April 16, 2023",,,"So I only received the first couple hours of this book. My honest review will be based on that.So first I absolutely loved Engine of Empire. So I was grateful and surprised when I received the early audio. I cannot rave about the narrators enough. I love the fact that each character has their own person. I always know whose chapter I am listening too. The way each narrator brings to life their part of the story...omg AMAZING!!This is the second book in the series The Age of Uprising trilogy. You will continue with Rosomon, Lancelin,Tyreta, and Conall. As well as meeting new characters and their POV. If you love revolution and magic this is a great series for you.My only regret is I had received the whole audio but I do have audible credit."
Nichole,882,22,5,"April 20, 2023",net-galley,,"Engines of Empire was one of my favorites last year, so I was super excited for this one. It did not disappoint. I'm not going to get into the plot since this is the second book in the series, but I will say it has everything I want in a fantasy. It's well written, the characters are fantastic, the world is interesting, there's political intrigue and the magic is great. After loving the first book, I was concerned that this would suffer from middle book syndrome, but it was just as good as the first. I switched between ebook and audiobook, and I have to say I preferred the audio. The multiple narrators did a fantastic job and I had a great time!Thank you to Net Galley and the publisher for an early copy."
Daniel Holland,191,1,4,"May 1, 2023",,,"The Hawkspurs are having a rough go of it. In R. S. Ford's ""Engines of Chaos"" we pick up in the fallout of the battle at the Anvil. The Ministry has seized the capital, overthrown the Guilds, and is pushing their religion on everyone. We follow most of the same POVs as they seek allies, survive the plots of demons, grapple with unexplained powers, and see corruption they have enabled.Thank you Orbit and Netgalley for the copy!Reasons to read:-Character growth for people who bad poor choices in the first book-They really don't have a plan for what to do after they take away artifice... Let's see how that pays off-The conflict is way bigger with more players than I expected-War crimes-Some comeuppance-It isn't precious with it's charactersCons:-Animal deaths"
Kristopher,11,8,3,"December 4, 2023",fantasy-epic,,"3* AudiobookStill good, not great. Better evolution in most characters and new POVs, but Conall’s story and characterization still prove insufferably boring. The pacing is the biggest villain of the book; some characters spend nearly all their time traveling and reacting to circumstances, sapping all narrative momentum gained. Even more troubling is the way that it seeds storylines, lore, world building and the like that confuse the reader into thinking this book will be a 8-10 book series to fully explore it, but then other elements make it seem like this will be a trilogy. Feels like this could use some serious editing to improve this issue, or at the very least clearer vision from the author."
Kat,5,,4,"March 23, 2023",,,"The main thing I have to say is that I found this book consistently entertaining and I felt like the plot consistently moved forward, which is great for a second book honestly. I did have a few issues with it in that one character in particular really annoyed me. (I can't say why because that's spoiler material and the book isn't out yet, but maybe I'll come back and update this to reflect exactly what I'm talking about.) To be fair I felt like it fit the character but the fact that it was obvious to me so early on probably made that more frustrating than necessary. Overall, I really enjoyed it though. I will absolutely be waiting for the third book. (My actual rating was 4.25 stars.)"
Carl Phillips,478,5,3,"May 16, 2023",,,"Richard Ford writes in a very particular way, with similar plot rhythms across all of his books. And this is a classic middle book from him. Want a checklist? A spider webbing plot, casual brutality, evil ascendent while the heroes struggle, seemingly dead characters return, utterly mental decision making, implausible antagonists that achieved power hilariously etc etc. It's great fun, but it is also utterly mad. And just when you think it can't get madder, he adds two more factions, a god and a new army."
Michele (Mikecas),242,8,4,"May 26, 2023",ebook；fantasy；steampunk,,"Una buona continuazione di una buona storia.In questo secondo capitolo l'aspetto steampunk, che era già debole nel primo romanzo, dato che la tecnologia è sostanzialmente dovuta ai contenuti energetici di certi cristalli attivati da capacità mentali di alcuni e quindi più o meno magiche, diventa ancora più minoritario rispetto all'aspetto puramente fantasy della controparte, con demoni o semidemoni, magie varie e controllo mentale.Però si legge bene, la storia scorre e le vicende dei protagonisti, anche se siamo ancora nella direzione del ""sempre peggio"" in attesa del finale, abbastanza accattivanti.Vedremo come la saprà concludere... ma ora non è più un novellino, non ha più scusanti... :)"
Cheryl Campbell,112,3,5,"November 29, 2023",,1,"I'm more of a hard science fiction reader and read fantasy less often, but this second book is a winner. The battle scenes, of which there are many, are each different and engrossing. The story hinges on three characters who grow in strength against a backdrop of competing guilds, magical kingdoms, and a theocracy. I am looking forward to the third book to see how these battle-hardened characters use their new gifts and experience in the upcoming third novel. Quite a bit of blood is spilled in this book."
Amy,350,,4,"January 15, 2024",2024,,"This book does not suffer second book syndrome and I really enjoyed what it brought. A lot going on still, and honestly, even more trauma was happening. R. S. Ford does not pull punches. You are here to gasp like you’ve never gasped before, scream, and feel all the pain these characters endure. Which is a looot. It feels like there’s absolutely no hope at points and you wonder how the hell these characters will get out of the situation they’re in. But this series is so good and I can’t wait for the third to come out!"
Malwin Turnyanszki,12,,4,"October 12, 2023",,,"I enjoyed this book much more than the first.We got to spend more time with our POV characters, and I've seen more development for them. Especially Rosomund's storyline, which I couldn't wait to get back to chapter after chapter.I did enjoy the new POVs, however found them a bit one note, and wished they could have been expanded a bit more.As usual the prose is ah-mazing, I love the writing style of this author.Can't wait for book 3."
Josh,81,8,4,"March 10, 2023",2023-new-releases,,"Thank you to NetGalley and Orbit for an ARC in exchange for an honest review. 4.25 starsEngines of Chaos is a great installment in the Age of Rising series by R.S. Ford. Though I enjoyed this slightly less than the first book, the world continues to be very unique and I am quite attached to the characters. I very much look forward to the next installment in the series."
Blake Morgan,6,,4,"May 29, 2023",,,This was everything I wanted it to be as the second book in the series. picked up right where the first took off and then surprised me with new perspectives and more intrigue. It was so fast paced I think I finished it too soon. I fell in love with characters that I didn't previously like and that was extremely refreshing to get so much development in the second book. I can't wait for the next!
Adam Barnes,203,1,5,"August 10, 2023",,,"An excellent sequel to the first book and it sets up perfectly for a hell of a finish in the next book or two. I assume this will be a trilogy, but I can't fathom how Ford will wrap it all up in 1 book if he stays under 500 pages. Either way I am looking forward to this series finale, and I'd love for there to be further tales within this world of magic, machines, and fanatics."
Angie ~aka Reading Machine~,3501,135,4,"August 28, 2023",,,Engines of Chaos picks up right where Engines of Empires left off and hit the ground running. I'm so excited for Engines of War to come out today. I am truly blown away by this series so far. You need to read this series. Go to your favorite book retailer and buy these books. I highly recommend them. Until next time Happy Reading!
HungerLunger,46,2,4,"October 4, 2023",,,"Mit nochmal mehr POV Charakteren fand ich es durch den laufenden Perspektivenwechsel am Anfang etwas schwer in die Geschichte rein zu finden. Nachdem die Geschichte dann aber Fahrt aufgenommen, und sich etwas stärker fokusiert hatte habe ich es innerhalb kürzester Zeit fertig gelesen weil ich es nicht mehr weg legen konnte."
Vanessa,502,6,4,"December 10, 2023",fantasy,,"An overall solid second book. This is a very unique world - sci-fantasy - which is where technology battles with ancient religion and dragons. This is a complex fantasy and I sometimes lose track of characters. However, I am still intrigued to see what happens next, so I will continue the series. 4⭐️"
Randy Pursley,247,,4,"July 30, 2023",,,"Re-read the first book before jumping into this one. Still enjoying it a great deal. There is still some mystery about how the magic system works in this world, which makes me wish the third book was already out. Looking forward to when it is."
Chris Williams,15,,4,"December 22, 2023",,,"A fantastic addition to the Age of Uprising series, and a brutal continuation of an already gripping series. Many unexpected turns and events, with character progressions that are surprising but make sense! Not the most unique of stories, but it was done damn well. Can’t wait for the third book!"
Shanna,133,4,,"January 26, 2024",,,"DNF about 70% of the way in. Audiobook. The first book was so much better. This book has perspectives that I just do not give AF about. I find everyone to be whiny, tedious, and annoying. I’m so disappointed."
Laura Shank,228,3,5,"April 20, 2023",,,"4.5 stars. Lots of action and more intertwining storylines than in book one. I appreciated POVs that were on different sides of the conflict. Did get tired of the word ""baleful"" though!"
Dean Marquis,84,,4,"May 1, 2023",,,This was an enjoyable sequel. His sentence construction is great. I like his writing style. I am looking forward to reading the third book when it comes out.
G,105,1,5,"June 28, 2023",,,"4.5 Book one was very good, this is great & deserves more attention (especially if you like political fantasy). Love the character work and world building. Looking forward to book three."
Dayna,207,1,5,"July 7, 2023",,1,"That was way more awesome than book 1. The backstabbing, the constant misery, the explosions, I love it and can't wait for book 3."
K Saju,624,3,4,"September 9, 2023",,,Wonderful read.
Nick Handfield-Jones,132,17,3,"September 18, 2023",,,"Although as action-packed as the first instalment, Engines of Chaos falls into some of the rusts of 2nd Book Syndrome."
Marcus Latham,414,,5,"September 18, 2023",,,Excellent middle volume…continues the storyline…very believable action…cliffhangers at the end.
Jessebell,150,26,4,"December 23, 2023",,,4.5
Rick,233,4,3,"January 26, 2024",,,"Follows from the first book with even more pov’s! Non stop action, a page turner. Some great descriptive writing."
Twainy,928,,,"June 4, 2023",yesss,,Unable to review ARC as it will not download from NetGalley. I’ll update my review later when/if I find the time & money to purchase the book. In the meantime here is my review for book one - fantastic!
Jake,55,1,4,"July 22, 2023",,,"I really like the world building by this author.Must say I enjoy the horror aspects more than politicking.Could very easily be adapted for tv.Couldn't find a synopsis of the first book, so struggled with the beginning. Have made and left notes on this one - so should ease into the third book a bit easier than this one.Excited to see how it finishes."
Andrew Mmbogori,41,,4,"September 11, 2023",,,"This is possibly the best fantasy book I've read all year. Good pacing, good character work. Strong all around. While I would normally have given this book 4 stars on account of familiarity (the backdrop is not entirely unique with squabbling nobles and power struggles), I added an extra star for execution and shock value. Yes the concept has been done but some of the things that happened in this book, I just didn't see coming. In my view, In a political tug of war such as is contained in this series, things shouldn't always go according to plan, there's also a couple of characters in the grey so you've got people to root for on both sides of the divide. It's a well balanced book.I am eagerly anticipating the next book in this series."
Andrea,,46,4,"March 7, 2023",4-star；epic-fantasy；fantasy,,"Lady Rosomon Hawkspur and her wild and willful children return in this mercilessly epic sequel to . The story picks up right where the first book left off. The Empire has traded corrupt guilds for tyranny, but Rosomon hardens herself to lead the resistance against the Draconate Ministry. Tyreta adjusts to her newfound abilities and embarks upon a dangerous mission to retrieve a deadly weapon. Conall fights to escape slavery until he realizes that slavery is the least of his problems. Even with upheaval on all ends of the Empire, a much more monumental threat emerges from behind the scenes, and their war of machines, gods, and demons is right in the thick of it. Constant peril and charged action sequences propel this high-octane steampunk thriller forward at break-neck speed. The solid writing and engaging plot establish a fully realized world with diverse magic systems mixed with artifice. The large cast of multifaceted characters grapples with thorny family dynamics, and they’re determined not to be pawns in a much larger game. Perfect for fans of Brian McClellan and Tyler Whitesides.(This review was originally written for  magazine.)"
Garrett Olinde,526,5,3,"August 18, 2023",waiting-2,,"A good overall story. However, to many people do dumb predictable things, over and over. Similar things happen to different people.I am looking forward to climax"
