Reviewer,Review Count,Followers,Rating,Date,Tags,Likes,Content
Poppy || Monster Lover,1011,144,3,"May 21, 2023",dual-pov；fated-mate；paranormal,5,"Gotta say, the title of this book is misleading. There isn’t a pack or an alpha/beta/omega dynamic. The MMC is a grizzly shifter who meets the FMC while she’s being auctioned off on his land that he allows the infamous Coco St James to host her auction on.The spice was nice and sweet, though I gotta say even with raging fated mates hormones, multiple Os for a virgin’s first time without any manual help or special features was over the top. I mean, he puts in the work before they get down and dirty, but we all know most women don’t get there from P in V alone. Spice: 4/5Triggers: violence"
Olivia Turner,,1978,,"January 9, 2023",,5,Auctioned To The Pack Alpha is LIVE!! This is book four in the Highest Bidder Series. All books are standalones. Amazon Link: Amazon Universal Link -
PeaceOfGod,781,286,4,"January 17, 2023",50-shades-vibe；5starer-chemistry-of-mcs；age-gaaaap,4,"✴Me after reading this book-▶I NEVER read shifter romances, but its OTT so.... ❣As I have said before in every OTT book, Olivia writes ONE OF the best insta-loves out there.▶The BEST BEST thing about this book, is, that ..... the MCs were.... you know....from COMPLETELY different world.....▶She is a city girl who is.....wait for it.... former CEO of a multi-millionaire company. ▶And he is a Rancher in Montana.▶They are quite the pair. 🤣▶This time though, I feel like the ..... length of the book was a bit short.▶Because of which, the intimate scenes were numbered. Idk....I wanted them to wait, but if the book is short, you cant make the characters wait any longer.▶All in all it was good. I like how in less than 100 pages, the introduction, the back-story, the drama, the claiming, the HEA , everything happened fast.▶The characters, specially the FMC is strong and not disgustingly desperate.❎Dual-virgins.❎9 year age gap(33/24)❎No-cheating.❎Smut-8.5/10.⛔Om drama- 😒 The H killed him.❎HEA.❎Epilogue- few years and 40 YEARS LATER!!!!!!!!! 💖💖💖💖💖💖💖"
Charlene,105,5,2,"September 30, 2023",,3,Dumb.
kymagirl,3413,45,5,"January 5, 2023",arcs；shifters,1,"Warren (H), a grizzly shifter, receives an offer he can’t refuse to allow a virgin auction to be held on his remote Montana mountain property. Daisy (h) is trying to start her life over after her business partner left her holding the bag after being an unwitting accomplice in his con that stole many from many people, including her family and friends. She decides to act on a suggestion to sell her virginity and become a billionaire’s wife so that she can give the auction money to hey family to make up for their financial loss. Warren scents Lucy and instantly realizes she's his, and even though he may not have the funds to support the winning bid, nothing will stop this grizzly from claiming his mate. Intensely hot and sexy shifter quickie!"
Lisa Bing,3919,45,5,"January 10, 2023",,1,"This was another fab addition to this multi author series and I really liked how Warren and Daisy came together ;D He rented out his property for the auction to take place but he was uncertain that the gals participating were there by their own choice. He sneaks in to check things out, but of course, he sees his fated mate and starts making trouble for Coco, the auction organizer. Daisy couldn't get over how powerful the connection was between them and she had no qualms about running to him for safety. What followed was a wonderful romance and I loved their HEA :D"
Hailey Miller,77,4,,"January 29, 2023",,1,DNF
Holly M,358,7,1,"June 1, 2023",,1,Oof. This might have been written by a man? A man who is a virgin? Nothing about this was giving and I cannot recommend it
Syd Springer,3649,6,5,"November 22, 2023",,1,This was an awesome OTT PNR. This was a short insta-love mates book that has lots of steam and love and a little bit of drama but nothing is going to stand in Warren's way of keeping Daisy with him. I really enjoyed this book and I can't wait for more from this series and Olivia.I received a free e-book copy of this book and am voluntarily leaving an honest review.
Joyce Gray,1135,6,4,"May 3, 2023",,,"Part of a series where virgin women are auctioned off to millionaires and billionaires, authored by a few different authors, including Olivia T. Turner (OTT). This can absolutely be read as a stand-alone, but for higher reader satisfaction, I recommend they be read in order. There are a couple reoccurring characters, with the main one being Coco St. James, the owner of the auction house, as well as overarching themes.** If you have not read the story, the following may contains spoilers, but hopefully only enough to adequately explain my opinion and/or to support my rating. **⛔️ Contains subject matter that may be a trigger or offensive to sensitive readers, such as: adult language; mental health challenges of depression, anxiety, etc.; steamy adult intimate scenes with elements of dominance, submission, biting / mate marking, etc.; violence such as abduction, fraud, embezzlement, fighting, threats, suicide, etc.This is a very fast read, so I was surprised it was able to develop a pretty decent story universe. I am very rarely satisfied with character descriptions, so I will say they were sufficient, especially for a novella. I enjoyed the sense of humor OTT built into the story, there are a couple of areas I just had to highlight. I just needed background info for Warren, all we know is his age, the ranch and logging company he runs was started by family, and he has always wanted a mate. I just needed something about his history, such as what happened to his parents? Where are his sisters? But primarily, where is his pack? Warren is supposed to be the pack Alpha, but there are no meetings, nothing discussed about ‘pack business’ and no one there to support him with the auction company (not that he needed it!). If he is the ‘pack Alpha’, I expected to see something listed about them, even if it is just an introduction of his new mate.I mention the following for readers such as myself that visualize the story as it is read, because errors interrupt the flow. Contains a few grammatical issues with commas, incorrect word choices and an incorrect passage concerning Daisy’s physical appearance. I uploaded my notes to goodreads for anyone interested."
Rebecca Grove,3491,21,5,"January 10, 2023",,,"Warren is a bear shifter who hasn't found his mate. He owns his own spread in Montana and has a lumber business. One day he is approached by a strange woman and her lion shifter body guards. They want to rent the use of his land for one day for their Breeding Bidders Auction. They explain to him that they auction virgins to the highest bidder. Warren could use the million dollars they promise him to pay back taxes owed by his family so he agrees. He is going to check on the night of the auction to make sure the woman are willing. The night of the auction, he checking out the auction tent and is surprised by the scent of his mate coming from one of the virgins. He knows he can't win her in an auction because he doesn't have enough money but he is determined to steal her away. He won't let his mate go with someone else.Daisy is a human woman who was betrayed by someone she trusted. She was giving a job to promote sales of a beauty product that she was told would make people younger and it really seemed to work. She was very successful in gaining investors including her friends and family. Then she learns that it was all a big scam and she was set up to be the scapegoat when it all fell apart. No one believes that she was tricked. She even has a billionaire who is out for her blood. She feels guilty about her friends and family losing their money so when she learns about the Breeding Bidding Auction she signs up. Virgins are given a million dollars to participate and she plans to repay her friends and family. The night of the auction she hears Warren claiming her as his and wishes that she could be. However she has to go through with the auction and to her horror, it is won by the billionaire who wants revenge. How is she going to get free from this horrible match?"
Dee,3913,49,5,"January 9, 2023",,,"This is part of the Highest Bidder series each book can be read as a standalone with a sexy shifter and the women he will give everything to win. Warren a sexy as all get out blue collar ranch owner without a mate never thinking he will find his mate he has given up on that notion so when approached to used his ranch for the virgin auction he feels it is the crazies thing he has heard and do not feel right about allowing billionaire use his land for their game all because it is secluded off the beaten path since he lives in his bear form most days he accepted the easy cash. Daisy sweet but in trouble having picked the wrong business partner losing everything desperate to make enough to live auction off her v-card was her only option and never realizing that one act would change her path because her investor is there to buy her not because he wants her but to make her pay for him losing a lot of money. The moment he smells her it sends his bear into “MINE” mode but not having enough capital to outbid the one bidder who won’t concede and he wasn’t going to just walk away leaving her his bear wasn’t going to allow it and willing to tear anyone apart who gets in his way. The obsessive, possessive bear isn’t allowing it but will she allow him to care for her, will she get auctioned off to the jerk who wants to hurt her for losing his money considering he has millions to give just why, will Daisy accept both of them or will he scare her away with is possessiveness, and will she understand it all being his fated mate can they find their own HEA?.I received a free copy of this book via Booksprout and am voluntarily leaving a review."
Thisbe,413,7,5,"January 5, 2023",,,"*spoilers* Warren is a kind of grumpy bear shifter, he did not meet his mate yet and struggles to keep his family inheritage and business afload. When he is offered one million dollars to host a virgin auction on his beautiful land, he signs the contract, but wants to make sure nothing happens against the will of the women. Daisy had it all, she was a famous entrepreneur used to a lost of luxury. Then she lost everthing, also the millions her friends and family invested into her product. Her partner scammed her. She meets an old friend whose husband gives her the suggestion for the virgin auction, she could start fresh and earn one million. When everything is set up for the auction Warren can not stay away and then he realizes that his mate is one of the girls to be auctioned off, but there are so many shifters,bodyguards and more he can not just take her. But he is willing to do anything to get to his mate.She was bought by somebody, who is likely to take his revenge out on her. This is another amazing story in the series and ott alpha from Olive T. Turner. Warren kept his smart, also he is desperare for his mate. He is willing to do whatever it takes and he does not judge her. Daisy used to need the luxury, but she learned the hard way what really matters in life and can really value it. Pretty things are nice, but love and genuine affection and family can not be bought. I loved the extended epiolgue.I received a free copy of this book via Booksprout and am voluntarily leaving a review."
Anya Z.,212,3,5,"January 7, 2023",,,"I know I can always count on a delicious over-the-top, instalove sexy story from Olivia T. Turner... We have that in Auctioned to the Pack Alpha; which is the newest contribution in the Highest Bidder Series from multiple amazing authors. We meet Warren, a grizzly bear shifter (desperate for his mate) who owns a remote ranch in Montana that is set to be the newest location for the Breeding Bidders Auction House for one night. Then we meet Daisy, a human woman going thru a dumpster-fire of her work & life choices. She is desperate to get money to pay back people in her life. (...let's not give *too many details* away...) Warren patrols the auction set-up area... aaaaannnnddd this is what happens... ""...My eyes slice through the crowd and land on the most beautiful girl I’ve ever seen. She’s… She’s… It’s her. It’s really her. I recognize her immediately. She’s my mate. The one I’ve been looking for. The one I would kill for. My bear perks up inside. He recognizes her too ... I shiver all over as I stare at her in awe ... I’m falling in love with her on the spot. I’m already obsessed. I would already kill for her, die for her, do anything for her..."" Instalove at its finest! Olivia writes it so well. We have a little bit of drama & back-story sprinkled in.. but really - we are here for the instalove & sex. 😏 *Of course* all the sex is down 'n dirty wicked good... 🥵🔥🥵 Give yourself a little escape - me time & pick up this short story to enjoy. 😊🌴🌺 I received an ARC via BookFunnel from the Author for my honest review."
Kacy,189,5,4,"May 21, 2023",age-gap；breeding；monster,,"⭐️⭐️⭐️⭐️/5 Stars🌶️🌶️🌶️/5 SpiceThis is book four in the Highest Bidder Series. There is three authors contributing to this series: Michele Mills, Olivia T Turner, and Hope Ford. Each one of them has published three books each for this series (so far). They are all standalone novellas revolving around the same auction house. The author of this book is Olivia T Turner. This book follows Warren and Daisy. Warren is a thirty three year old grizzly shifter that runs a logging company in the mountains of Montana. When he is approached one day by a strange women wanting to use his land to host her auction he can’t see any reason to turn her offer down. It’s a substantial amount of money that he could really use, and everything seems legal, though morally dubious. Daisy has recently lost everything. At just twenty four she has little hope left when she turns towards the auction house looking for a way to help pay back her family. This isn’t how her life was supposed to go. Auctioning herself off the the highest bidder? What has her life come to.I am loving this series. Each book is a standalone novella revolving around the same auction house. So far you don’t need to have read any of the previous books to enjoy whichever one you want pick up next. This is an Insta love, fated mates, shifter romance. If you love these tropes then you have to check out this book. I loved the heat between the main characters, and that we got three epilogues at the end of the story. This book is available in print or ebook on Amazon. It is also apart of the KU library."
Nina Diab,3147,35,4,"November 24, 2023",,,"I love this series and the various males who find their brides at this auction, so I was looking forward to this audiobook. Grizzly bear shifter Warren is approached by Coco St. James to use his ranch property to host an auction for virgin brides for one night for a million dollars. He could use the money for repairs and accepts. Daisy has lost everything and is essentially a social pariah when her business partner swindled millions through the company she built- including from her family and friends. Having lost her company, home, car, money, and nearly all the people in her life, she's out of options and signs up for the auction. The million dollars she would get she could use to repay her family and friends who lost money because of her. As soon as Warren saw her, he knew she was his mate.This was a fun story, and Daisy's plight kept me very interested. Great chemistry between these two. Though the title is misleading. I expected Warren's pack to have a role in this book. Both to be seen, as well as maybe some pack politics. But Warren was all alone. The only other characters were small cameos from his employees at his logging company and no indication that they were shifters. It was disappointing.Noel Harrison and Vivienne LaRue did a great job narrating this audiobook. Their voices suited their characters. Noel had a perfect sexy deep voice for an alpha.Overall: 4.5 starsPerformance: 5 starsStory: 4 stars"
Vicenta Ramos Giner,704,68,5,"February 2, 2023",curvas；curvilineas；oliviat-turner,,Es un libro muy bello y muy maravilloso ¡¡me encanta un monton!!😍😍😍😍😍😍😍😍😍😍😍😍😍😍😍😍😍😍😍😍😍😍😍😍😍😍😍😍😍😍😍😍😍😍😍😍😍😍😍😍😍😍😍😍😍😍😍😍😍😍😍😍😍😍😍😍😍😍😍😍😍😍😍😍😍😍😍😍😍😍😍😍😍😍😍😍😍😍😍😍😍😍😍😍😍😍😍😍😍😍😍😍😍😍😍😍😍😍😍😍😍😍😍😍😍😍😍😍😍😍😍😍😍😍😍😍😍😍😍😍😍😍😍😍😍😍😍😍😍😍😍😍😍😍😍😍😍😍😍😍😍😍😍😍😍😍😍😍😍😍😍😍😍😍😍😍😍😍😍😍😍😍😍😍😍😍😍😍😍😍😍😍😍😍😍😍😍😍😍😍😍😍😍😍😍😍😍😍😍😍😍😍😍😍😍😍😍😍😍😍😍😍😍😍😍😍😍😍😍😍😍😍😍😍😍😍😍😍😍😍😍😍😍😍😍😍😍😍😍😍😍😍😍😍😍😍😍😍😍😍😍😍😍😍😍😍😍😍😍😍😍😍😍😍😍😍😍😍😍😍😍😍😍😍😍😍😍😍😍😍😍😍😍😍😍😍😍😍😍😍😍😍😍😍😍😍😍😍😍😍😍😍😍😍😍😍😍😍😍😍😍😍😍😍😍😍😍😍😍😍😍😍😍😍😍😍😍😍😍😍😍😍😍😍😍😍😍😍😍😍😍😍😍😍😍😍😍😍😍😍😍😍😍😍😍😍😍😍😍😍😍😍😍😍😍😍😍😍😍😍😍😍😍😍😍😍😍😍😍😍😍😍😍😍😍😍😍😍😍😍😍😍😍😍😍😍😍😍😍😍😍😍😍😍😍😍😍😍😍😍😍😍😍😍😍😍😍😍😍😍😍😍😍😍😍😍😍😍😍😍😍😍😍😍😍😍😍😍😍😍😍😍😍😍😍😍😍😍😍😍😍😍😍😍😍😍😍😍😍😍😍😍😍😍😍😍😍😍😍😍😍😍😍😍😍😍😍😍😍😍😍😍😍😍😍😍😍😍😍😍😍😍😍😍😍😍😍😍😍😍😍😍😍😍😍😍😍😍😍😍😍😍😍😍😍😍😍😍😍😍😍😍😍😍😍😍😍😍😍😍😍😍😍😍😍😍😍😍😍😍😍😍😍😍😍😍😍😍😍😍😍😍😍😍😍😍😍😍😍😍😍😍😍😍😍😍😍😍😍😍😍😍😍😍😍😍😍😍😍😍😍😍😍😍😍😍😍😍😍😍😍😍😍😍😍😍😍😍😍😍😍😍😍😍😍😍😍😍😍😍😍😍😍😍😍😍😍😍😍😍😍😍😍😍😍😍😍😍😍😍😍😍😍😍😍😍😍😍😍😍😍😍😍😍😍😍😍😍😍😍😍😍😍😍😍😍😍😍😍😍😍😍😍😍😍😍😍😍😍😍😍😍😍😍😍😍😍😍😍😍😍😍😍😍😍😍😍😍😍😍😍😍😍😍😍😍😍😍😍😍😍😍😍😍😍😍😍😍😍😍😍😍😍😍😍😍😍😍😍😍😍😍😍😍😍😍😍😍😍😍😍😍😍😍😍😍😍😍😍😍😍😍😍😍😍😍😍😍😍😍😍😍😍😍😍😍😍😍😍😍😍😍😍😍😍😍😍😍😍😍😍😍😍😍😍😍😍😍😍😍😍😍😍😍😍😍😍😍😍😍😍😍😍😍😍😍😍😍😍😍😍😍😍😍😍😍😍😍😍😍😍😍😍😍😍😍😍😍😍😍😍😍😍😍😍😍😍😍😍😍😍😍😍😍😍😍😍😍😍😍😍😍😍😍😍😍😍😍😍😍😍😍😍😍😍😍😍😍😍😍😍😍😍😍😍😍😍😍😍😍😍😍😍😍😍😍😍😍😍😍😍😍😍😍😍😍😍😍😍😍😍😍😍😍😍😍😍😍😍😍😍😍😍😍😍😍😍😍😍😍😍😍😍😍😍😍😍😍😍😍😍😍😍😍😍😍😍😍😍😍😍😍😍😍😍😍😍😍😍😍😍😍😍😍😍😍😍😍😍😍😍😍😍😍😍😍😍😍😍😍😍😍😍😍😍😍😍😍😍😍😍😍😍😍😍😍😍😍😍😍😍😍😍😍😍😍😍😍😍😍😍😍😍😍😍😍😍😍😍😍😍😍😍😍😍😍😍😍😍😍😍😍😍😍😍😍😍😍😍😍😍😍😍😍😍😍😍😍😍😍😍😍😍😍😍😍😍😍😍😍😍😍😍😍😍😍😍😍😍😍😍😍😍😍😍😍😍😍😍😍😍😍😍😍😍😍😍😍😍😍😍😍😍😍😍😍😍😍😍😍😍😍😍😍😍😍😍😍😍😍😍😍😍😍😍😍😍😍😍😍😍😍😍😍😍😍😍😍😍😍😍😍😍😍😍😍😍😍😍😍😍😍😍😍😍😍😍😍😍😍😍😍😍😍😍😍😍😍😍😍😍😍😍😍😍😍😍😍😍😍😍😍😍😍😍😍😍😍😍😍😍😍😍😍😍😍😍😍😍😍😍😍😍😍😍😍😍😍😍😍😍😍😍😍😍😍😍😍😍😍😍😍😍😍😍😍😍😍😍😍😍😍😍😍😍😍😍😍😍😍😍😍😍😍😍😍😍😍😍😍😍😍😍😍😍😍😍😍😍😍😍😍😍😍😍😍😍😍😍😍😍😍😍😍😍😍😍😍😍😍😍😍😍😍😍😍😍😍😍😍😍😍😍😍😍😍😍😍😍😍😍😍😍😍😍😍😍😍😍😍😍😍
**Elle**Bee**Double U**,2199,25,4,"January 9, 2023",insta-love；older-male-younger-female；paranormal,,"This story was different than I thought it would be. I loved that there was no game or playing around. Both Daisy and Warren lock eyes and know that they belong together from the beginning. Daisy is looking for a fresh start and maybe a way to make amends with her family. Her life has been turned upside down when it came out that the company she co-founded and her business partner was stealing all of their clients money, clients that included many of Daisy's family members. This fresh start sees Daisy on the auction block for billionaires looking for a virgin bride. Warren thought things were too good to be true when he's offered a millionaire dollars for the use of his land for one night. Although the owner of the auction has assured him everything is in the gray area of legality Warren can't just leave things without knowing that the women being sold are there voluntarily. But things take a turn when Warren discovers one of the women being bought is his mate. He may have signed contracts and agreed to stay out of the picture, but Warren has waited 33 years for his mate and he'll stop at nothing to get his woman.I received a free copy of this book via Booksprout and am voluntarily leaving a review."
Dawnmarie Burke,1864,10,5,"January 11, 2023",,,Auctioned To the Pack Alpha is part of the multi-author Highest Bidder Series featuring Warren and Daisy's O.T.T. sexy insta-love story. Warren is a very alpha/possessive bear shifter who works on his ranch in the Montana mountains when he is approached by a peculiar woman who offers him one million dollars to use his land for a Breeder's auction. Daisy has lost everything that she worked so hard for the business she started with her partner went down in a blaze of glory and everyone blames her for it making her a pariah in her own community. She really needs money so when she hears about the auction from an old H.S. friend and her husband Daisy thinks that this could solve her money issues and fix the mess her business partner made. What could possibly go wrong? The night of the auction Warren goes over there to make sure that everything is legitimate he's not going to let any girls be sold against their will then he sees Daisy on stage and instantly recognizes she's his mate. I don't want to say anymore and ruin it for anyone else with spoilers. You really need to read this short sexy insta-love story to see what happens. I would recommend reading this book. I was given a copy of this book in exchange for my honest opinion.
Brianna,,43,3,"January 20, 2023",,,"Yet another short and over-the-top read with insta-love. Which is fine by me, otherwise I wouldn't have picked it up, obviously. I liked that Daisy had been the CEO of a very well-known company, though things did turn pretty awful for her when she found out her partner was a con man. Warren was a rancher and he also happened to be a grizly bear shifter. To help herself get out of a desperate financial situation and pay back family who had loaned her money to help start the company, Daisy agreed to auction off her virginity. Warren, for his part, let the auction take place on his land because he needed money to pay for his barn. All his thoughts about money vanished, however, when he spied Daisy and instantly realized she was his mate. The rest of the book followed the two as they got together and dealt with Daisy's past. I felt like Warren could've used development, as Daisy's past was the primary focus, and we learned nothing about Warren's past other than that the ranch had been in his family for years. Still, this was quick and steamy, with a hero who was all-in, no questions asked."
Fay J,1163,10,5,"January 9, 2023",,,"This is a new author for me and I am kicking myself that I did not find her sooner!Daisy is struggling to cope with a business crash that was not her fault. Her partner stole, lied and did it all behind her back. Unfortunately he is not there now to have to face up to his guilt so it is all being piled on Daisy. Those who should know better are not even bothering to ask her about it, they just believe what has been said in the newspapers. She just wants to be able to give some money back to those she knows need it. The only way she is going to get it now is to put herself up for auction. Warren has been trying hard to make his ranch a success but all that pales in comparison to finding his mate. When he is approached in a rather unconventional manner about his land being used for a one night only event that would nett him a million dollars he doesn't feel that he can say no. He is meant to stay in on that night but something makes him go out and take a look. When he does it's like being hit by a Mack truck. His mate is right in front of him and she is about to be sold!"
Mandy,3648,35,2,"January 10, 2023",,,"Bear shifter Warren receives an offer he can't refuse (especially as his family has back taxes to pay)- to let his Montana ranch be used as the location for an auction for virgin women where billionaires can pay vast fortunes for them and their hand in marriage. Apparently, it is all consensual and the women profit from it too - in fact, Daisy is doing it to pay her family back from a financial loss that she believes is her fault. When he goes to check it out he sees Daisy on the stage and immediately knows that she is his mate. No matter who won her he is going to take her and doesn't care if the whole place burns down.A pleasant story with instalove, posturing and an alpha bear who was determined to have his mate. This one felt even less involved than some of the other books in this series as it stuck to the formula and there wasn't really anything interesting happening outside of the auction. I did like the epilogues at the end of the book but it wasn't as interesting a book as I would like. Easy to read and understand. Contains plenty of mature content."
Emily Pennington,187,309,5,"January 9, 2023",reviewed,,"Protecting His Mate . . .Warren Hensley is offered a million dollars to rent his isolated Montana ranch land for a Breeding Bidder Auction. Billionaire bidders are bidding on virgin brides. They are not being “sold” because the women are being paid for this. Daisy Douglas is one of the women ready to sign up. Her business crashed when her partner stole everything and she needs money to get back on her feet and reimburse her family investors who had put their own money in to help her get started. On the night of the auction, Warren goes in his bear form to make sure the women are not being forced. He never expected to see his mate up for auction! Others are bidding on her, but he and his grizzly will not let anyone touch her except him! How far will he go to claim his mate? Will he keep her safe when someone is trying to take her from him? Will she be willing to be Warren’s mate?"
Rose,2576,26,3,"January 15, 2023",,,"I liked this story but it didn’t hit the spot. It was entertaining and enjoyable for the most part. The characters were interesting and likable for the most part. Caroline and her husband John were good people even though it was odd that John had a friend from work that he could get the number for the auction for Daisy. Lincoln was a real piece of work. The plans that he had for Daisy would not have been fun for her. Coco seemed a lot harder and harsher than I remembered. Daisy and Warren were attracted to each other immediately. Warren knew that she was his mate but he didn’t have the money to bid on her. Coco sent him away but he checked on the progress of the auction. After Daisy was sold, she knew that she couldn’t get out of it but still really wanted to. Warren came to her rescue and after some drama and angst, it resolved well. I liked how the story ended. I recommend reading this book for yourself and decide from there."
Lauren ,614,,5,"January 6, 2023",,,"This was a fast-paced super sweet and steamy shifter novella. Warren Hensley is a blue collar ranch owner that is mateless. Daisy Douglas made life-changing mistakes that cost her to lose friends, family, her career, and money. She needs cash quickly to survive and begin to re-pay the people she unknowingly conned and signs up for the virgin auction being held at Warren’s ranch. He spots her getting ready and immediately knows she is his mate. The problem? Bids can go upwards of 10 million dollars and Warren is not wealthy. He fights for Daisy and won’t let anyone take her away.Tropes: Paranormal romance, shifter romance, auction, fated mates, instalove, virgin heroine, happily-ever-afterHeat: 3/5.I received a free copy of this book via Booksprout and am voluntarily leaving a review."
Michelle,478,5,3,"January 11, 2023",,,"For me this isn't as good as other Olivia shifter books. Although there are sweet moments between Warren and Daisy I never really felt the deep connection that her other couples have shared. I wish Daisy got more time with Warren's bear. She gets to spend a couple minutes with him when they first meet but nothing after that. Story does end in an hea with a very sweet epilogue.“You’re my mate, Daisy. I’ve always loved you. I always will. Nothing from the time before we met can change that. Nothing will ever change that. A bond between mates is pure, unconditional love. It’s sacred. It’s eternal.” ❤😊“It feels different,” she whispers. “What does it feel like?”“Like I’m home. Like I’m right where I’m supposed to be.” I hold her tighter and kiss her again. “That’s because you are.” 🥰🥰🥰I am leaving my honest review for a complimentary copy of this book via the author."
Georgia Herpen,118,1,4,"January 14, 2023",,,"LOVED!! Warren and Daisy were such a cute couple, plus I love shifter romances and that Warren was a bear shifter. Daisy's reason for auctioning herself off is an interesting twist, but I'm not revealing any spoilers. I will tell you that Warren's dog, Snoops, was awesome. He added to the story, and made it better. Warren is not too intense until he figures out Daisy is his mate. Then all bets are off and he is alpha extreme while still being a sweetheart with Daisy. As for Daisy, she's no shrinking violet. She insists on helping her mate, and I love her sass and bravery. If you've been following this series, all of the usual characters return. They're slowly developing personalities, but the focus remains on Warren and Daisy.I received a free copy of this book via Booksprout and am voluntarily leaving a review."
Ali Schaeffer,97,16,3,"December 28, 2023",,,"I knew going in that this short and spicy story would likely include insta love, which I don't typically like. Which I didn't, but my rating is based on other items..1. The number of times his balls were mentioned during sex2. The number of times sticky was used about sex activities (I hate sticky in general, so this may not bother the average person)3. How long it took to get to the smut (and the fact there wasn't a ton)4. The general cheesiness of the story line. That by itself wouldn't have been awful but some of the language threw me off. Things I liked1. It was short and easy to read2. Shifters!3. Characters that were easy to like, though they weren't terribly complex All in all, it fit the bill of a short, spicy story. I probably won't read it again but don't regret spending the time on it."
Shawna,1769,16,5,"January 5, 2023",,,"I enjoyed Auctioned To The Pack Alpha Highest Bidder. Daisy’s life has gone down the drain, she’s desperate and signs up to be in a virgin auction. Warren let the the auction use his ranch but the second he saw and smelled Daisy he knew she was his mate and he would do anything to have her and protect her. Daisy’s investor who lost a lot of money buys her to torment her, will Warren be able to save her before the man drags her away? What will she do when she finds out he’s a bear shifter? This was a great storyline and characters. It was a quick read and flowed really well. I would definitely recommend this book.I received a free copy of this book via Booksprout and am voluntarily leaving a review."
Sara Sigler,2015,5,5,"January 8, 2023",,,"Warren was asked by CoCo St. James to use his ranch to sell virgins to billionaires and he would be paid 1 million dollars. Daisy lost her home, car, business, family abd credibility because she trusted the wrong person so she sold her herself to pay back her family money they had invested with her. Warren was supposed to stay away from the auction but he went to ask some of the girls if they were doing this freely and saw his mate. Lincoln bought her because he was going to make pay for all of the money he lost in her company but she got away and ran for Warren’s bear. Things got a little dicey but worked out. Good book!.I received a free copy of this book via Booksprout and am voluntarily leaving a review."
Danee,2840,,5,"January 9, 2023",,,"This is another great book from the Highest Bidder series Warren doesn't know what to do with himself he sees everyone around him with a partner and he doesn't at his age. When he receives an offer to use his ranch as an auction site where young women who are still virgins are auctioned. After agreeing, he is shocked to find out that his partner is one of the young women, and he does everything he can to get her and wants to fight everyone and more and will stop at nothing. I think this is a great book and the Highest Bidder is a fantastic series and well worth reading. Olivia T Turner is one of my favorite authors.I received an Advance Reader copy of this book and am voluntarily leaving a review."
Natasha Tucker,1683,5,5,"January 11, 2023",,,"This was an amazing story. Daisy had been taken in by a conman and left to take the fall when their company collapsed. She was homeless, jobless and desperate. She agreed to take part in an auction where she would marry the highest bidder. Grizzly shifter, Warren, was desperate to find his mate, he had almost given up hope. When he was approached to hold an auction on his property he agreed as the money would help with much needed repairs. When he realised his mate was about to be auctioned he and his grizzly were not going to let her go! Sweet, steamy romance with amazing chemistry, danger, suspense, ,true love, a big, growly, protective hero and a wonderful HEA.I received a free copy of this book via Booksprout and am voluntarily leaving a review."
Christal,1107,1,4,"April 14, 2023",,,"This is another great story in this series! Warren agrees to allow Breeding Bidder Auction to use his ranch for an auction for a lot of money which will allow him to rebuild his barn. He checks out the auction just to make sure the women aren't being forced to participate in the auction. Then he sniffs out his mate among the women. Daisy agreed to participate in the auction after she was disgraced by her partner in her business - she lost everything to include family. She was sold to an evil man who lost a large amount of money due to her business going under. Fortunately, her mate, Warren, saves her. Life is now the best it can be. The three epilogues at the end of the story is a nice addition to the storyline."
Alba M. ,1711,142,3,"April 23, 2023",,,"Daisy está arruinada y encima el mundo entero, incluida su familia y amigos la odian por haber perdido también su dinero. Cuando una inesperada amiga la acoge sabe que no puede quedarse allí para siempre por eso cuando el marido de esta le habla de una subasta donde puede conseguir 1 millón de dólares entiende que es su única esperanza. Pero conseguirá mucho más que el dinero en esa subasta, va a conseguir un compañero para toda la vida.Después de la resaca emocional que tenía del libro de ayer necesitaba algo rápido y sin drama y como siempre recurro a Olivia que no falla. Es una mierda lo de las subastas? Por supuesto pero le dan el toque dramático a la historia y además siempre aparece el macho alfa protector a salvar el día 😏.Recomendado para pasar el ratito!!!"
Leidy,45,17,2,"April 27, 2023",,,"It was ok but a little weird. It was so subtle on the first two books that the breeding kink snuck up on me. I guess it was just a little cringy in this book. To top it off at the beginning of the book they are 33 and 24. After 2 epilogues we get a third! Why? But this one is 43 years after the original story making the characters 76 and 67. Instead of a sappy see how happy and far we made it, we get a sex scene with some mechanics that would make somebody 20 years younger hurt. That just catapulted the story into the ridiculous. Lastly, and this is a pet peeve of mine the title has nothing to do with the story. There’s no pack, there’s no alpha shifter dynamics and she was not suction of to him."
Nicole,398,,5,"January 5, 2023",,,"Daisy’s in trouble. She picked the wrong business partner and has lost everything. When she finds out she can auction her v card, she’s desperate enough to do it. Warren, a grizzly shifter, has all but given up on finding his mate but the moment he sees Daisy, he knows she’s finally come to him. He doesn’t have the capital to buy her, but why would he? She already belongs to him and he’ll do everything in his power to make her his forever. An amazing book. A phenomenal addition to the series. A must read!!!.I received a free copy of this book via Booksprout and am voluntarily leaving a review."
Fran B,1194,4,4,"January 7, 2023",,,Warren is a grizzly bear shifter who has been waiting forever for his mate. When the Breeding Bidders Auction House offers him one million dollars to use his ranch for one night he decides he can definitely use the money for upgrades on his home. But when the auction starts he sees Daisy and realizes she is his mate. Warren is not going to let anyone get in his way of having her. This is a fast paced steamy read with lots of intrigue especially about Daisy's past. But is it a very good story and I enjoyed it immensely.I received a free copy of this book via Booksprout and am voluntarily leaving a review.
Noemi,1722,10,4,"January 7, 2023",,,"Daisy fell into business with an unscrupulous partner. He stole the money she raised for their business venture and ran. Now she's stuck handling all the fury from their contributors. She hears about an auction for ladies that are virgins and if she signs up she gets paid 1 million dollars. That'll help pay some of the stolen money. Warren is approached and offered a million to host the auction at his ranch in Montana. He agrees, but then the day of the auction he sees Daisy, his mate. All he'll breaks loose when he claims her!I enjoyed this read 📚!I received a free copy of this book via Booksprout and am voluntarily leaving a review."
Jeanne,2219,8,4,"January 8, 2023",,,"Warren agree to rent his property out for a bride auction. Daisy is auctioning herself because she has lost literally everything. When the brides arrive for the auction, Warren finds his mate in Daisy, who knows nothing of shapeshifters only to find herself surrounded by a bear and lions fighting each other for her. Warren will do anything to keep and take care of Daisy which includes taking on the extremely wealthy people coming for them. Short read. Pretty good. Would have maybe liked a little more reconciliation shown on page. Big time jump in epilogue, which I LOVE.I received a free copy of this book via Booksprout and am voluntarily leaving a review."
Lisa Parker,3267,20,5,"January 9, 2023",,,"Warren has people who want to use his ranch for an auction and they are willing to pay one million dollars to be able to. But they are auctioning off woman, he will just have to check things out to make sure they are on the up and up. He sees her, his mate, she is one of them up for auction.Daisy cannot believe everything she worked for is gone, she lost everyone's money including her family's. She signs up for the auction to pay them back. She did not expected to be captivated by that man. What will happen when someone else wins her?.I received a free copy of this book and am voluntarily leaving a review."
Athena Diven,729,1,5,"January 9, 2023",,,"What a cute little novella! Great read for a Sunday afternoon! When Warren gets approached by Coco about using his ranch to host the next auction, he's scepticle, but as they say money talks.Daisy's been through a rough patch and thinks the auction is the only way to help make amend and pay back her family and friends. So imagine the chaos that erupts when Warren see his his fated mated among the girls waiting to be auctioned off. It's short, it's sweet, it's got great characters and is packed with action. Loved it!.I received a free copy of this book via Booksprout and am voluntarily leaving a review."
Sabrina Flachsmann,1275,6,4,"January 9, 2023",,,"I loved this original collaboration between authors so I was excited to see them release additional books in this series. I love Olivia's writing and stories, it gives us a bit of action and drama but overall, over the top love stories. Warren and Daisy are no exception. Daisy is down on her luck after her career blows up in her face. Warren is just a gruff lumberjack with a ranch that needs updating. Both are swept up in the Auction House for different reasons. Once Warren see's Daisy though, all bids are off!.I received a free copy of this book via Booksprout and am voluntarily leaving a review."
Sue,2351,,5,"January 10, 2023",,,"Warren knows as soon as he sees Daisy she is the woman he has dreamed of an nothing will stop him from having her, she already feels their connection and knows this beautiful man is willing to do anything for her.Their life was not the easiest of starts and only his and his beard bravery saved her from a marriage in hell. Every day since has been blessed and happy, she loves him and together they build a wonderful life and beautiful family on the land left to hi by his father.You will read th I book in one action filled sitting its simply wonderful, I cannot recommend it enough"
Sassy Angel,2482,,5,"January 10, 2023",,,This was a great story by Olivia T. Turner. I couldn’t put it down. I couldn’t wait to see what happened next for Warren and Daisy. Warren is a bear shifter who is waiting and wanting his mate. He makes a deal that he will somewhat regret. Daisy made a mistake by trusting the wrong person in her partner. Now she has nowhere to go and doesn’t have a job. She agrees to be auctioned as a bride. Warren never expected to find his mate at the auction on his land. Will they get a chance for their happy ending together?I received a free copy of this book via Booksprout and am voluntarily leaving a review.
Sam,451,,5,"January 10, 2023",,,"Alpha Auction RomanceDaisy is in a tough situation and the money she would get from the action would help fix all the issues in her life. Warren is a bear shifter who wants to find his mate and is surprised to find her at the auction. He was just planning on collecting the money for letting the auction use his land, but he found the reason for his existence at the same time.Sexy, insta-love romance with a spicy theme. Really enjoyable with great characters and storyline. Overall, a good paranormal read.I received a free copy of this book via Booksprout and am voluntarily leaving a review."
Michelle,8908,21,4,"January 15, 2023",2023；arc；booksprout-arc,,"Warren is a grizzly bear shifter and finds his mate while hosting an auction of women on his property. Daisy has lost everything including her family and friends and now she desperately needs money to pay back her debts so she signs up for the auction. When Warren's bear sees Daisy he instantly knows that she's his mate. This is a fast paced, fated mates love story with great characters and a story that held my attention from the first page to the last. Auctioned to the Pack Alpha is part of the multi-author Highest Bidder series and I look forward to reading the rest of the books. I voluntarily reviewed a copy of this book."
Maggi,1029,,4,"January 8, 2023",,,"This is a quick read that has an entertaining storyline and characters that grow on you. Warren is in his 30s and still hasn’t found his mate. When he is Offered a million dollars to use his ranch for an auction of young virgin women as a wife for millionaires and billionaires he signs the contract. Little did he know his. Fated mate was on of the womentobe auctioned off. He would stop at nothing to protect her and calm her, even kill for his mate.I received a free copy of this book via Booksprout and am voluntarily leaving a review."
casvec,7060,71,5,"January 8, 2023",,,"Daisy finds herself in the middle of a rock and a hard place. When someone in her company forged lab results, the truth brought down her company and left her in the lurch.Warren is a bear shifter and owns a ranch. When an offer comes for one night to use his land, he cannot turn it down, but he wants to make sure it is true. He did not expect to find his mate in the mist of it. Warren and Daisy's story is hot, steamy with extreme passion as the mate while dealing with her past.I received a free copy of this book via Booksprout and am voluntarily leaving a review."
Crystal Emerson,199,,5,"January 9, 2023",,,"First I'd like to thank these amazing authors who wrote more of this series!!!! I've read them all so far & can hardly wait for the rest. OTT is definitely a go to author! I just love her alpha possessive bear shifter men! This was a fabulous short shifter romance full of super hot sexy times phewww!!! Great story & writing as well. I need me a bear shifter!!!!Must read! If you haven't already, go read ALL ""Auctioned to the..."" books NOW. You will not be disappointed! As always the come with a perfect HEA"
Brooke King,412,4,2,"January 10, 2023",,,"i would have enjoyed this book more if it wasn't a thinly veiled love note to elizabeth holmes (theranos. look it up). that immediately took most of my enjoyment away. daisy's family's was another point that made no sense. this book just....made no sense. and yes,it's about secret virgin billionaire bride auctions and bear shifters,but it still didn't even fit THAT world. i did like the multiple epilogues,and it was kinda steamy. my opinion only. feel free to read and form your own."
Kristine L.,6063,55,5,"January 11, 2023",,,"Warren, a grizzle shifter has been looking for his mate for years. He ends up getting talked into letting an Auction of virgins on his farm. Warren sneaks and looks into the tents and sitting right there is his mate. His bear is ready to go and get her. This was a short, sweet, steamy, OTT alpha male instantly in love with his mate and Daisy feel the mating pull towards Warren. There was some action, adventure, little violence, but lots of steam. Great story, I've enjoyed this series.I received a free copy of this book via Booksprout and am voluntarily leaving a review."
Lisa H,4699,18,5,"January 11, 2023",,,"A new crossover series…There’s an auction for a specific type of lady…a vCard.This auction is taking place on Warren’s ranch…Warren needs the money the use of his property brings in…he’s a bear shifter with no mate. Until he goes to check out the auction (to make sure the ladies are willing) and gets a glimpse of his mate, Daisy. Daisy is broke, disgraced (think Elizabeth Holmes and Theranos) and desperate to start over clean and maybe pay back her family. So, the auction block it is…Fun, OTT, instant, a little bit crazy and steamy, of course. Recommend.Borrowed on KU."
Cherie Alvaro,967,9,5,"January 19, 2023",,,"Daisy has hit rock bottom and thinks her only way to help herself is to sign up for the auction. Warren has been looking for his mate for a lifetime. When he rents out his ranch for an auction he is both shocked and surprised to find her waiting to be auctioned. But Warren has news for them all, No one will be touching his mate. I love the way Olivia writes alpha male stories, they are always amazing and have the just the right amount of heat!!! This is a must read!.I received a free copy of this book via Booksprout and am voluntarily leaving a review."
Melissa Wilson,18,,5,"June 10, 2023",,,"This was a quick read. Cute story about a girl finding her mate. Warren was a bear shifter. He lives on a big ranch with his dog snoop. Daisy was auctioning her virginity off to pay back her family for a bad business adventure. The owner of the auction house approached Warren about holding the action at his ranch for 1,000,000. He agreed. That is were he meets his mate Daisy. He saves her from a bad Billionaire. This was a short story but good. Free if you have Kindle unlimited"
Dee Mac,1746,3,5,"January 5, 2023",,,"Fast, fun and growly. After a financial disaster Daisy is left with nothing and no one, with no other choice she becomes an auction item. Warren been waiting years for his mate but never thought she’d turn up at a virgin auction. He’s obsessive, possessive and ready to take on any and all to the death to obtain his girl. Steamy and fun with a HEA.I received a free copy of this book via Booksprout and am voluntarily leaving a review."
Karen,729,6,5,"January 5, 2023",,,"Shifter Insta LoveWarren had been waiting years for his fated mate when he comes across her on his land with the company who are holding a virgin auction to millionaires he had agreed to. He’s denied his mate so he takes matters into his own hands.A fast paced fun read with lots of sexy, steamy, erotic moments, true love and a HEA. Well worth a read!I voluntarily read and reviewed an ARC. All thoughts and opinions are my own."
Mandy,280,3,5,"January 5, 2023",,,"Auctioned To The Pack Alpha is Warren and Daisy's shifter HEA. Warren owns his family ranch in the mountains of Montana. He's made an offer he can't refuse,and allows an auction to take place on his land. Cut and dry...at least until he sees Daisy.I enjoyed this one. The beginning felt a bit rushed to me. Overall the dominant,dirty talking Warren made it better😏.I received a free copy of this book via Booksprout and am voluntarily leaving a review."
Mistie Best,684,5,5,"January 5, 2023",,,"I love this series! Daisy and Warren met when she signed up for the auction being held on his land. He was just supervising to make sure that nothing strange was going on, but when he caught wind of her, he knew she was meant to be his. One thing led to another, and chaos ensued! These two were great together and I loved getting another installment in the auction series. Great short read!.I received a free copy of this book via Booksprout and am voluntarily leaving a review."
BurgundyKitten,50,,5,"January 6, 2023",,,"Yet another winner by Olivia T. Turner! I just can’t get enough of her bear shifters who are willing to do anything to get their mates—and here Warren is to continue the delightful trend. I swooned when he didn’t give a single dang about anything but getting and protecting his mate, at all costs. And Daisy was smart enough to go with her hunky mate without looking back. So sexy!I received a free copy of this book via Booksprout and am voluntarily leaving a review."
Trixie,4104,,4,"January 6, 2023",,,"The story is enjoyable though you need to suspend a bit of the real life. The grizzly here is too possessive, i.e., woe to everyone who dares to get her from him. Understandable considering that she is his fated mate. I liked the Coco in the other book. The Coco there is much more humane and forgiving when it comes to a mated pair compared to the Coco in this story.I received a free copy of this book via Booksprout and am voluntarily leaving a review."
Amos24601,1219,40,4,"January 6, 2023",arcs；mf-growly-alphas,,"A sexy little read to start the new year. Warren was the perfect growly alpha claiming what was his. Daisy had gotten herself into a sticky situation and had no idea how to get herself out. Warren sees his mate and immediately goes into “mine” mode. The insta-love was on point, the sexy chemistry between Warren and Daisy was through the roof and this was a great read to kick off the new year. I always look forward to what OTT will bring us next."
Veronica Albertson,521,1,5,"January 8, 2023",,,"I’m loving this one. I’ve read order by Olivia before and this one is just as good as the others. I loved the way the story played out and I loved how the characters came together. It was pretty entertaining the way she found out he was a beast shifter like “you’re a shifter and I’m your mate?” Okay cool, let’s go. Either way it was pretty good. Great work.I received a free copy of this book via Booksprout and am voluntarily leaving a review."
Jennifer,653,3,5,"January 9, 2023",,,"Grumpy Grizzly, Warren, is an owner of a ranch. Warren is approached and asked if he will host a virgin auction. Daisy needs money because of bad choices she made.This is an instant love type read, quick, but ever entertaining. I love the writing style and fully developed story that Olivia T. Turner had written.I received a free copy of this book via Booksprout and am voluntarily leaving a review."
BobaFett114,1935,3,5,"January 10, 2023",,,"Daisy's company went belly up in a horrible way and she lost everything. She needs money so she auctions herself off for the money. Warren, a grizzly shifter, saves her from a horrible man. These two are perfect are for each other. Olivia T Turner always gives you a great read. And this series is amazing. Though technically you can read this series in any order, I would start at the beginning due to the wider story arc."
Linda Bonanno,397,3,5,"January 11, 2023",,,Olivia T. Turner has been a must read author or mine for some time now. She is truly the queen of the over-the-top alphas. Her books grab you from the 1st page to the last with her terrific story telling. Her characters are so deliciously flawed that you can't help cheer for their happily ever afters. Warren and Daisy's story is one of being in the lowest part of your life when you find your other half. You don't want to miss this fantastic addition to the Highest Bidder series of books!
Samantha,4290,26,4,"January 12, 2023",,,"I received an ARC from the author and am voluntarily leaving my review. Warren and Daisy meet when the auction becomes an opportunity for needed money. She wants to right some wrongs and he wants to take care of the needs of his ranch. It's a fast paced, instant connection, shifter romance with some conflict from the past and present. I enjoyed it but wanted a little more between them in the story. Other than that, I thought that it was a good story"
Lisa Rodriguez,1236,17,4,"January 15, 2023",,,"Daisy has been ostracized by everyone she knows because the company she worked for lost them all millions of dollars. No one believes that she was innocent so she decides to be auctioned for marriage. Warren is letting this auction happen on his land, but he wants to make sure everything is legal. He's checking things out when he does Daisy. He instantly knows that she's his mate and he has to take her away from there until everyone leaves."
Dorothy Holness,964,1,4,"January 16, 2023",,,"Okay first thing this was a okay/good read. I loved when Warren put those lions in their place. You would have never know Daisy was a virgin by the way she acted with her first time with Warren. What I really liked about this story was the epilogues. I love when authors do a one year, or five years or twenty years later epilogue. But Olivia T. Turner did a forty year epilogue. I almost cried. It was sweet."
Am Goff,465,1,5,"January 20, 2023",,,"Oh my! I loved this author's writing style. Daisy's life has fallen apart when she along with everyone who invested with her cheating partner lost everything. The auction takes place on Warren's ranch and promised 1million dollars in return. When Warren and his bear realize Daisy is his mate, all bets and all bids are off. I loved their chemistry, sexy scenes and how strong Warren's bear was. The epilogues too!"
Mfelovesstories:),158,2,4,"January 23, 2023",2023-baby,,Two things I've learned from this book:1. What's the best way to deal with someone you're owing lots of money? Have your bear boyfriend maul them. To death. Solves the issue very quickly. Murder clears debts. 2. You can be 67+ and have hard abs without doing a single sit-up. Just wow.
Ameesa,194,1,5,"February 4, 2023",,,"I'm new to shifter stories, I love OTT so I had to give it a shot. It was nice because you were never confused by the character being human or bear. The epilogues are so good especially the last one. Both Daisy and Warren's love and need for one another is intense. However, the book isn't all just about the spicy parts even though those were awesome too. There's actually a really good story here."
Lizette Diaz,2543,28,5,"January 6, 2023",,,"After losing everything, Daisy decides to join the auction. Warren has given permission to hold the auction on his land, but when he smells his mate, there is nothing he won't do to make her his. I love how these two get their perfect ending. I love this series and can't wait to read the other books."
Sarah Nielsen,3402,18,5,"January 6, 2023",,,"This was a steamy fated mates romance. It was as expected super over the top in the best way, a growling grizzly shifter alpha and a misunderstood virgin heroine then throw an auction in to the mix and you get one steamy tale. I loved it.I received a free copy of this book via Booksprout and am voluntarily leaving a review."
Jenni,6082,35,5,"January 7, 2023",,,"when shifter Warren gets asked if they can hold a virgin auction on his property he doesnt expect to be bidding himself, but spotting Daisy he knows shes the one, but what was daiseys motive for signing up? well written steam fast paced shifter, billionaire, romance.I received a free copy of this book via Booksprout and am voluntarily leaving a review."
Claire Trickett,670,4,5,"January 7, 2023",,,"Wow, Olivia turned the heat up with this book! Damn! My heart goes out to Daisy for the hurt that she goes through with losing everything. Just as she's hitting rock bottom, she meets her mate. However, is it just that simple?I highly suggest that you read this book. I received a complimentary copy of the book and I'm leaving a voluntary and honest review."
Book Lover,1333,12,5,"January 8, 2023",,,"PerfectJust when Warren was starting to lose hope he would find his mate, Coco St. James shows up with the Breeders Auction and when Warren sees Daisy, even when he's not participating, all bets are off for everyone. In spite of Daisy's past, she and Warren get the HEA they've dreamed of. I received a free copy of this book via Booksprout and am voluntarily leaving a review."
Lyne Carroll,657,3,4,"January 8, 2023",,,"Very enjoyable, fast paced and gripping shifter short read, with lots of intense and action sequences and some very nice steamy moments.I do recommend this book :)Very enjoyable, fast paced and gripping shifter short read, with lots of intense and action sequences and some very nice steamy moments.I received a free copy of this book via Booksprout and am voluntarily leaving a review."
Barbara,178,8,5,"January 8, 2023",,,"The fourth book in the Highest Bidder series, another good story. Warren a bear shifter and human Daisy meet at an auction. Their story has suspense, drama, danger, twists, turns, villains and romance. The story was well worth reading. I received a copy of this book and am voluntarily leaving a review."
Eva,106,,5,"January 9, 2023",,,"An intelligent but in crisis Daisy finds a solution to her problems, but Warren has other ideas. This explosive couple would do anything to be together. I loved how not passive Daisy was, she actually got herself out of the mess before Warren had any chance at saving her. They work so well together and I loved reading their story."
robin thompson,45,,5,"January 9, 2023",,,Warren needs money to pay back taxes so he lease his yard out for a one night auction. Daisy lost everything she had after a business partner did some shady deals. Her friends husband told her about the auction. When Warren sees her getting on a plane with another man he snaps because she’s his mate. HEA
Debra,6577,36,5,"January 9, 2023",,,"An amazing, emotionally deep, and intriguing on the edge of the seat page-turner with action, twists and turns, danger, and drama guaranteed to pull you in from start to finish. The characters are well written; the chemistry between them is instant and sizzling. Definitely recommended! I voluntarily reviewed an Advance Reader Copy."
Gloria,1610,14,5,"January 9, 2023",,,Grizzly shifter Warren needs money to save his ranch. So when he is offered a million dollars to hold a special auction at the ranch he agrees. The auction is for virgin women who are auctioned off to the highest bidder. Among the women Warren senses his fated mate. He will do anything to make her his. Steamy HEA
Flavia Karina,631,3,5,"January 10, 2023",,,"Wow! Insta everything!I love stories where the savage super protector is nothing but the sweetest man on the planet. And this damsel in distress is a force of nature. I loved!Good characters, and I loved that someone ruined Coco's plans, she's so annoying!"
Holly,3313,4,4,"January 11, 2023",,,"Daisy is universally hated for bad business decisions that her partner made, her only solution for a future is a virgin auction. Warren has waited for his mate for years but one look at Daisy he knows his search is over but first he needs to save her from the msn who won her a auction in this sexy tale."
Lucy Chesna,855,28,5,"January 14, 2023",,,All I can say this one is my favorite. All about doing what you need to to finding your mate in a crazy situation. The characters in this was love ar first site with a chemistry that was off the charts. Just loved it !.I received a free copy of this book via Booksprout and am voluntarily leaving a review.
Lara,2964,8,5,"January 21, 2023",,,Warren knows the moment he makes the deal to use his land for the auction is a mistake. When he sees his mate he can't control his bear and that's when it all falls apart. Daisy knows she needs to get away from the man dragging her to his plane. When she sees the bear fighting his way to her she knows something is drawing her to him.
Elizabeth,2087,19,3,"January 21, 2023",,,"Very enjoyable read. Really fun. It was packed with action, angst, and red hot romance. Warren was a bear shifter working on his farm. Daisy and Warren did meet in strange circumstances, but he knew straight away that she was his fated mate, and despite her being a human, she felt a pull towards the handsome bear shifter.Highly recommended"
S.K Talkington  Author ,541,2,5,"February 19, 2023",,,"Holly shit, I need a bear shifter in my life. This story was awesome, sexy as hell and beautiful. I can say I was a little shocked when Warren killed the ass hole billionaire. The bonus epilogues were nice and to see that the couple still got it on fourth years later was amazing!"
Sheila,1923,4,5,"March 3, 2023",,,"Warren finally meet his mate but Daisy’s horrible past keep following her, good thing her mate was determined to make it better. But despite mistress Coco St James being freaking ruthless, things did fall into place… Love love love all the epilogues So sweet and hot when grandma and grandpa are getting it on!!!"
Jeannette,956,,5,"April 28, 2023",,,"This is a very good, well written, Shifter/Human romance. Daisy had it all, then lost it due to a fraud of a business partner. Her family and friends have turned their back on her. An old friend helps and she learns of the auction. The auction is held on Warrens Montana ranch. Read and find out what happens."
Tania Rodriguez,697,2,4,"July 7, 2023",,,"It was was a good book, what was funny too me in this book the bear was not going feral but was grumpy 😡 had to kill the dumb man who got between him and his mate. It was funny to to me that both bears went 🤪 nuts! 😂 lol.Entertaining book. Another crazy thing was;( 40 yrs after) I was cracking up because the Warren musta been 73 and Daisy 64 I m guessing. Lol"
Kirsten Pardini,600,3,5,"November 23, 2023",,,"Grizzly shifter and mountain man, Warren has all but given up on finding his mate. Until a mysterious woman offers him money for the use of this property. What could possible go wrong. Another amazing fated mate story from the Queen of alpha men, OTT.I received a free copy of this book via Booksprout and am voluntarily leaving a review."
CJ,8929,52,5,"January 6, 2023",,,"The author has given us a wonderful story that pulls us into the lives of Warren and Daisy and does not let go. The story keeps us turning the pages with despair, instant connection and OTT steam.I received a free copy of this book via Booksprout and am voluntarily leaving a review."
Lisa A,1251,10,4,"January 6, 2023",,,"Destiny…Warren and Daisy know they are mates as soon as their eyes meet. Nothing will stand in their way, nothing else matters… I received a free copy of this book. This review was posted voluntarily."
Michele,1125,4,5,"January 6, 2023",,,"Another great read by Ms. Turner. It’s a quick read with intense emotion, lots of heat and a happily ever after. Three epilogues finish the wonderful story.I received a free copy of this book via Booksprout and am voluntarily leaving a review."
Becky Jean,925,13,5,"January 7, 2023",,,Loved Warren and Daisy's story. Instant love/mates Bear shifter. Girl needs rescued. Hot sexiness between the two. Everything you need for a quick entertaining evening read. Auctioned to the Pack Alpha by Olivia T Turner. Kudos!
Carlyn Zanidean,1466,4,5,"January 9, 2023",,,Wow.. you know what I am NOT surprised that once again Olivia T Turner writes another fantastic Hot and Steamy story.This book was great and I could not put it down until it was finished..This is a must read and I can not wait till the next book in this series to be released.
Kanani ,1392,,4,"January 9, 2023",,,This story was blazing hot and wildly romantic! I was rooting for Warren and Daisy from the beginning. I loved watching their story unfold! This was an action-packed story with a perfect ending! I'll be recommending this to everyone!
Judy,1349,9,5,"January 9, 2023",,,Daisy has had a very rough time and is going to do something drastic to make things right. But she gets more than she bargains for but ends with a HEA.I received a free copy of this book via Booksprout and am voluntarily leaving a review.
Michele,3270,8,5,"January 9, 2023",,,"Holy hotness, this was off the charts….1. Hot Shifter - Check2. Innocent Virgin - Check 3. Will protect her at all costs - CheckMs. Turner is true to form on this novella with intense action, feelings and a great HEA.I am voluntarily leaving a review for this book that I received free."
Yareth,816,,4,"January 10, 2023",,,"OTT is one of my favorites for Shifter stories. Warren lets his ranch be the auction of virgin girls, but what he does not expect is that when he sees Daisy he knows that she is his mate. This is a short story but with HEA."
Shawn,2641,,4,"January 11, 2023",,,This book falls into the okay category for me. It’s not one of my favorites from this author and I usually really like her shifter books. Just didn’t really feel these two characters and the auctioneer just felt like she was a slime ball. So it was okay for just a quick read.
Neecee,202,,5,"January 12, 2023",,,"Again, a great bear shifter story. Warren is awesome. I wouldn’t mind being his mate. Daisy is just a regular girl, but once she meets Warren’s bear, she knows she’s his mate. I love that we get multiple episodes!"
LiLu,4135,1,5,"January 12, 2023",,,"Loved It ~ Another fantastic story! I liked that it fits perfectly in the series, and has that instant knowledge of finding what you were missing. All it took was just one look, swoon… Loved the multiple epilogues, and the ending, cool."
Carla,632,4,3,"January 12, 2023",,,"Book 4 in the series, this is a quick and spicy read. Daisy is down on her luck while Warren is going through the motions every day. Sparks fly from the first glance for these two."
Lauren Stockdale,652,,4,"January 12, 2023",,,Warren and Daisy were made to be together! Warren wanted to meet his mate and Daisy was down on her luck because she had lost her family and her company. They were perfect together and I loved the epilogues.
Regina C Seastrand,175,,5,"January 16, 2023",,,"I love this series. Each book has some drama, but it is full of heat. OTT writes so well. You are drawn in immediately, and before you know it, the book is finished. On to the next one!"
Anael,212,3,4,"January 21, 2023",,,"Definitivamente, los libros de esta serie escritos por esta escritora, SON LOS MEJORES. Amo que de varios epílogos, que nos den el felices X100PRE ❤️Y obviamente, sus cambia formas osos son un nuevo nivel que subí KSJFJD"
Carol,1617,5,4,"January 30, 2023",,,"Interesting turn of events when the Grizzlie shifter meets his mate, that is about to be auctioned off.Enjoyed the unrealistic story. Her in the dark back story, etc not believable."
Misty Schott,3821,27,5,"March 16, 2023",,,Daisy is desperate to pay her family back for the money she lost by believing in a liar. She ends up being auctioned to the highest bidder but that doesn't quite go as planned. Warren has finally found his mate and he'll stop at nothing to have her!
Rebecca,3696,,4,"March 19, 2023",,,Coco and her henchmen really showed their true colors in this book . That millionaire got everything he deserved. Her family should’ve believed her and trusted her. I glad she found her happiness.
Maranda Prigmore,905,1,5,"April 7, 2023",,,Warren and Daisy's story is full of excitement. A powerful CEO and a bear shifter. Another amazing installment of the highest bidder series. When she is sold to another. Warren will do anything to protect her.
Heidi,4092,2,3,"April 23, 2023",,,So let me say i love these books love the fierce chemistry and connections between the characters but 3 epilogues too much 40 years lster too much takes away mystery. But its a good read.
Susan,810,,4,"May 8, 2023",,,He didn't know what he was doing when he told Coco she could have the auction on his ranch but he needed the money to save his ranch. She need to get away from what the con man did to her and her company. He took every thing and blamed it on her.
Valerie,36,8,4,"May 24, 2023",,,"The title of the book is a little misleading since there really is not a pack or alpha/omega dynamic. It is still a good book and the spice is definitely top tier. I like Olivia’s writing stuff, enough detail to make the story but still short and sweet to keep it as a novella."
Susan Short,306,,5,"August 20, 2023",,,"to the writer.... we all love a good epilogue, 43 years is good, but what is not good is reading about 70 year olds having s£x its just... no, just knocked me sick and ruined the book.Loved the storyline and characters. avoid the last page if you're like me."
La'Jacinth,1188,,4,"November 27, 2023",,,"Olivia does it again. I love these shorts OTT insta-love when the heroine meets her her...and this time the Grizzly makes sure his mate is loved, protected and his.This series is beyond excellent."
Moriah,2564,21,5,"March 16, 2024",,,"Loved Warren and Daisy. They meet in an unconventional way, but their love lasts forever. Loved that they were fated mates and he saved her from a marriage she didn't want. Such a great read."
Sarah Oliver,839,4,5,"January 8, 2023",,,"Such a fun, sweet and steamy read. I loved Warren and Daisy and their beautiful, extended HEA. The sweetness, empathy and unconditional love was delightful and the steamy chemistry was HOT!"
Vanessa,2376,10,5,"January 9, 2023",,,I love reading each book in this series. Warren & Daisy story was short but packed with a lot of drama and spice in the best way.
Jovette Bossé,3447,12,5,"January 9, 2023",,,"WOW! I love Warren and Daisy,they're just soo good together! Such a sexy and beautiful love story! I absolutly loved it and recommend it! 😍❤🔥🥰"
Sharon Faurot,693,3,5,"January 10, 2023",,,Quick read . Loved it . A women looses everything and plans on selling her virginity to the bidders house auction but she meets her mate .
Debra  Williams,1965,1,5,"January 10, 2023",,,This was one of my favorites so far. Just a glance and Warren knew Daisy was his mate. An incredible read
Shannon Jade,,5,3,"January 10, 2023",read-2023,,"A bear shifter agrees to let his land be used to host the auction and then realises one of the girls is his mate and steals her away, what's not to enjoy lol3/5 stars"
Janisa Chumley,77,,4,"January 11, 2023",,,"This was a good short story about fated mates. Warren thought he'd never find her, but found Daisy in the most unlikely of places!"
Mayar,88,1,5,"January 11, 2023",,,Love it. Much entertainment . Beaat recognize jis mate and doing everything hi must to have her and she is so willing ....and lot of hot sex there
Kathrin,1505,12,4,"January 14, 2023",adult；books-read-in2023；fantasy,,I enjoyed this novella and like the concept of the series.
Roxanne,384,4,4,"January 15, 2023",,,"Can't help but I love these shifter books. Instant attraction, total commitment and unending sexual desire."
TEC,104,2,2,"January 15, 2023",,,It was just ok. I keep trying this author's book's as they always have a great story idea. The however the execution is always missing something.
Wanda Grier,453,,5,"January 16, 2023",,,"I really enjoyed this novella, it was filled with such passion for a mate. The action, family issues, money no limit and in the end love conquered all."
Sönïa Dhillion,332,35,,"January 16, 2023",,,Dnf
tburbr,5321,30,4,"January 18, 2023",,,"This was a quick, fun read that kept me entertained from start to finish thanks to the endearing characters.I received a free copy of this book via Booksprout and am voluntarily leaving a review."
Jude,3208,5,5,"January 19, 2023",,,Enjoyed reading this book
LORRIE,3492,53,5,"January 20, 2023",,,"This was a good read. A shifter without his mate. A woman who's been disgraced. When they meet, fireworks go off like crazy"
Dorothy Y Nunamacher ,690,7,5,"January 23, 2023",,,OTT has done it again. This series is amazing. I can't wait for the next one.
Robin is it summer yet,2482,,4,"January 24, 2023",alpha；bear-shifters；kindle-unlimited,,Just like all of her book wonderful read
Bozena,18,1,1,"January 26, 2023",,,"A waste of time, super cringy with ZERO PLOT. Only 70ish pages. MC falls in “love” 10 pages in and it’s just all rushed."
The Doctor's Companion,602,2,2,"February 6, 2023",,,Not my favorite OTT. The story didn’t flow very well.
Zo,107,1,4,"February 9, 2023",,,Need to find myself a grizzly shifter 😩
Elizabeth Carrick,46,,3,"February 10, 2023",,,It was okay. Didn't really like it.
R.J. Stevens,,27,,"March 24, 2023",,,This book had a lot more action than I expected. Love that the main characters had their own background that was so different from each others.
Amy,599,4,3,"March 31, 2023",romance,,"I don't know....this was just weird. It started out well, but I don't know. It didn't speak to me.And as graphic as the sex scenes were, they weren't arousing at all. They were just cringey."
 Lissa Smith Reads'~A Bookaholics Bookshelf,5238,130,2,"April 7, 2023",02-stars；review-or-comment,,"Rated2 Stars: ⭐⭐Kindle Unlimited ReadMore like, Stolen not Auctioned."
Kaylyn,44,,4,"April 13, 2023",,,This was a fun little respite from the really long books I’ve been devouring lately. It was a short time but a fun time!
Linda Meyers,167,2,4,"April 15, 2023",,,I love a good shorty and this one was tops if you weren’t rotating for these 2you were reading the wrong story great book
☆Laura☆,2665,26,3,"April 18, 2023",,,2.5
Cherie Clark,3031,9,5,"April 29, 2023",,,Loved it. 📚🔥📚🔥📚🔥🔥📚📚
Teresa Wright,1213,,4,"June 11, 2023",,,Liked Warren and Daisy. Liked the storyline about how Daisy lost everything and was trying to start again. Even liked Snoop.
Lee-anna Dunk,1241,54,5,"June 27, 2023",,,Another amazing insta love romance book by author Olivia T. Turner . Lots of action in this book and the spice factor was off the charts .
Kellyythoralabatalla,580,12,2,"August 13, 2023",lieben；mate-predestinada；shifters,,🥴🥴
Cydney,4,1,1,"October 12, 2023",,,Not worth it in my opinion
Robin Readye,377,1,5,"November 3, 2023",,,Definitely a great job! Sensual in-depth pleasure throughout this book! Love the outcome! I will pass along to my friends!
Snow2717,252,2,4,"December 17, 2023",,,OTT intense smexy hot read. Entertaining addition to the series. Highly strung male character intent on claiming his mate. Some angst with satisfying HEA.
Phibi,89,,2,"February 23, 2024",2024-read；dnf-nfm-or-avoid,,DNF 30% Dropped lost interest so quickly
Carla,11,,2,"February 29, 2024",,,I miss the person I was before reading this book.
Ericka,170,1,3,"April 27, 2023",,,Well they are easy reads and I’m in a bit of a slump. I have only been able to read novelas recently
Gladys,121,138,4,"January 9, 2023",,,"I enjoyed this book. This fast-paced read kept me easily entertained and I loved the intensity of emotions. The chemistry was great and the heat lush. Of my own accord, I am posting a volitional review."
Charlene,5351,2,5,"January 11, 2023",,,I am so glad this series continued. There was more story with a lot of steam. Warren and Daisy were meant for each other.I received a free copy of this book via Booksprout and am voluntarily leaving a review.
Brittany (Brit.tea.reads),898,136,4,"February 20, 2023",age-gap；breeding；fmc-virgin,3,"𝒯𝒽𝒾𝓈 𝓌𝑜𝓂𝒶𝓃 𝒾𝓈 𝓂𝒾𝓃𝑒 𝒶𝓃𝒹 𝐼'𝓂 𝑔𝑜𝒾𝓃𝑔 𝓉𝑜 𝒷𝑒 𝒷𝓎 𝒽𝑒𝓇 𝓈𝒾𝒹𝑒 𝒻𝑜𝓇𝑒𝓋𝑒𝓇.Warren receives a million-dollar offer to let a Breeding Bidder Auction house use his land for one day. Warren sees Daisy and instantly knows she's his mate; he knows he doesn't have the money to bid on her, but nothing will stop him from claiming his mate. 𝐼 𝓃𝑒𝑒𝒹 𝓉𝑜 𝒷𝓇𝑒𝑒𝒹 𝒽𝑒𝓇. 𝒯𝒽𝑒 𝓊𝓇𝑔𝑒 𝒾𝓈 𝓉𝒶𝓀𝒾𝓃𝑔 𝑜𝓋𝑒𝓇. 𝐼 𝓌𝒶𝓃𝓉 𝒽𝑒𝓇 𝓅𝓇𝑒𝑔𝓃𝒶𝓃𝓉 𝓌𝒾𝓉𝒽 𝓂𝓎 𝒸𝒽𝒾𝓁𝒹. 𝐼 𝓌𝒶𝓃𝓉 𝓂𝓎 𝓈𝑒𝑒𝒹 𝓉𝑜 𝒷𝑒 𝓅𝓁𝒶𝓃𝓉𝑒𝒹 𝒾𝓃𝓈𝒾𝒹𝑒 𝒽𝑒𝓇. 𝐼 𝓌𝒶𝓃𝓉 𝓂𝓎 𝒸𝒽𝒾𝓁𝒹 𝑔𝓇𝑜𝓌𝒾𝓃𝑔 𝒾𝓃 𝒽𝑒𝓇 𝒷𝑒𝓁𝓁𝓎."
Marcie,942,48,5,"February 3, 2023",,,"My weakness for Olivia’s bear shifter romances knows no end and this one stokes my love for them even more.Daisy is a young woman who has lost everything and has no one to turn to after being used as a scapegoat in a company scam. Desperate times calls for desperate measures as she decides to place herself on the auction block to be won by the highest bidder.Warren is a grumpy alpha who is trying to run his business and make it day to day - but when a once in lifetime opportunity, with a huge payout, comes along he doesn’t expect to find his mate on top of it. Olivia can do no wrong when it comes to her deliciously growly alpha bear shifters and this one is a perfect example. Yes it’s instalove, but it’s also so much more. This talented queen packs in tons of emotion and action in with her panty drenching signature steam. I loved seeing how Warren and Daisy come together, grow and earn their heart meltingly sweet HEA. This is one I can easily see myself reading again and will definitely be doing so."
Raecharmed,8589,60,5,"January 21, 2023",,,"Warren is a grizzly shifter, and his ranch is struggling. A mysterious woman shows up on his ranch in a jet and offers him a large amount of money to use his place for a live auction. He agrees and wonders if he is making a mistake. Daisy's business partners ruin their business by stealing the investors' money. Daisy has to close down her business and everyone from her family to strangers on the street hate her. When a friend from her past offers her a place to stay, she accepts and learns from her friend's husband about a auction that she could earn some money from. What she didn't count on was for a former investor to show up and bid on her. Warren knows that something isn't right with this auction and walks over to the tent. When he sees Daisy, he knows instantly that she is his mate. What is going to happen if she doesn't go through with the auction? Can they find a way to be together?This is a great story that will have you on the edge of your seat. This is a well written and very entertaining story. Its a book that any book lover would enjoy.I received a free copy of this book via Booksprout and am voluntarily leaving a review."
Oriana Reads,3766,25,5,"December 4, 2023",,,"Daisy lost everything.. her money, her family , her reputation and her home ,because of a stupid business partner. She now has to auction her virginity off. Warren has a ranch in Montana that he rents out for a virgin auction. As soon as he sees Daisy he knows he found his mate. And nobody will stop him from getting his woman. Instalove, fated mates , sweet, steamy, romantic ,with a bit action and safe (double virgins-heck yes 🥰) with a sweet HEA 😍😍😍😍"
Carlyn Zanidean,1466,4,5,"January 9, 2023",,,Wow.. you know what I am NOT surprised that once again Olivia T Turner writes another fantastic Hot and Steamy story.This book was great and I could not put it down until it was finished..This is a must read and I can not wait till the next book in this series to be released.
Charlene,5351,2,5,"January 11, 2023",,,I am so glad this series continued. There was more story with a lot of steam. Warren and Daisy were meant for each other.I received a free copy of this book via Booksprout and am voluntarily leaving a review.
