Reviewer,Review Count,Followers,Rating,Date,Tags,Likes,Content
Kate V,1443,181,4,"April 2, 2023",,8,3.5 smut-scale stars!Jax finally finds his mate in Ruby's friend Chrisinda! He can't wait to make her his but not only is she unaware of the shifter world but she lives with her evil stepmother. This is Cinderella style romance with steam and a HEA! Enjoyed it.
Melissa,1650,96,4,"April 24, 2024",,1,Safety and Spoilers Safe. No ow/om drama. h’s family are horrible people and make they pretty much make her a slave to their every need. She has no money so she can’t escape.H and h are both virgins. H can’t be aroused by anyone but their mates.Relationship moves quickly as do most mating stories. H gives h the confidence to stand up to her family and her father.No abuse or cheating by H/h.
kymagirl,3422,46,5,"February 20, 2024",arcs；shifters；werewolves-wolves,1,"Jax (H), a wolf shifter who looked for his fated mate far and wide, is shocked when he scents Chrisinda (h) when Ruby asks him to check on how her friend is doing. He quickly realizes that she’s being mistreated by her family and wants nothing more than to protect her. Chrisinda is unaware of shifters and fated mated but luckily for Jax she sees something in his eyes. Lovely hot and steamy fated mates shifter quickie with a side of drama. A reimagining of Cinderella with some shifter love."
 Lissa Smith Reads'~A Bookaholics Bookshelf,5238,130,3,"April 5, 2023",03-stars,1,Rated3 Stars: ⭐⭐⭐Kindle Unlimited Read
Archana,1448,34,3,"April 30, 2023",,,"My reviews always contain spoilers, I write them so I can remember the story. Chrisinda is the Cinderella of this story, her father is always working and her stepmother and stepsister use and abuse her terribly. The story picks up sort of from the previous book, Marking Red, she had to leave Ruby and return home when her stepmother called. She’s been stuck there for a month, the hero from Marking Red asks his friends to go and check on her. Jax and Sayer both wolf shifters arrive at her house and see her in worn dirty clothes working while her stepsister is laying out catching some sun. When Jax sees her he thinks she’s beautiful and smells her scent he knows she’s his mate. He’s not happy at the way she is treated and won’t leave until he can see her again. Sayer is the one to talk to her and she assures him she will be leaving the next morning. She leaves and the guys follow. Back in town he visits Kade to find out where his mate is, she’s with Ruby at her grandmother’s house. Ruby has talked Chrisinda into leaving her terribly family and move to town and the two will start their Etsy business. She agrees and Jax shows up, they decide Jax will drive her back home to pack her things, and Ruby and the guys will bring the moving van. Back home her stepmother refuses to let her take anything and her stepsister attacks her, she wants Jax for herself. Jax saves her from the stepsister and takes her back to his car. She says she only wants one thing from her room, her mother’s scrapbook and necklace. Jax sneaks into the house and gets it from her attic room. On the drive back to town she asks him if he is a shifter. Ruby told her about shifters and she really hopes Jax is one and that she is his fated mate. He tells her he is and invites her to dinner at his house. When she arrives he explains that she is his mate and they have their first time together. More sexy times, her dad calling to chastise her but Chrisinda isn’t alone anymore, she is loved by Jax and has friends now too. She tells her dad off and cuts all ties with him. I love yous, more sexy times, Jax proposes, and an epilogue five years later with two kids and her dad still trying to talk to her because he knows Jax has money. We did not see Jax shift for her even once. Did his wolf not want to meet his mate?"
Serena Loves Books,1593,89,3,"August 18, 2023",paranormal-fantasía,,"La historia de Jax y Chrisinda está basada en el cuento de Cenicienta.Chrisinda es una joven atrapada por la maldad y manipulaciones de su madrastra. Un personaje que ya apareció en el libro anterior y es la amiga de Ruby. Esta le explica sobre los shifters y por eso está preparada para el reclamo de Jax. Él solo quiere su felicidad y protegerla. Me gustó que finalmente se sintiera valorada y querida, y que después no quisiera tener nada que ver con su familia.No es un retelling distinto a los que ya leí antes pero tiene un giro diferente porque no solo estaba la madrastra y hermanastra para maltratar a Cenicienta/Chrisinda sino tambien el padre que es un hombre desamorado. Eso no me lo esperé.Es un romance rápido, dulce y sexy sin complicaciones y súper insta. De mesita de luz como le digo yo, cuando se quiere algo rápido para leer El epilogo a 5 años es muy parecido a los de los otros libros, con dos niños y una reunión con todos los amigos de libros anteriores."
Lauren ,614,,5,"March 29, 2023",,,"Chrisinda Poppy is a sweet and innocent young woman with a sad home life. Her detached father is never around, her stepmother is wicked, and her stepsister is a snobby princess. She’s spent years being a servant in her own home and living in a small attic space with few amenities. Jax is a wealthy alpha male wolf shifter tasked to check-in on Chrisinda, as her best friend Ruby hasn’t heard from her in a couple weeks. He’s stunned to learn that this mistreated beautiful girl is his fated mate. He devises a plan - take her away from her awful family, make her fall in love with him, and spend eternity together. He promises to worship her and never let any harm come to her again. Their chemistry is undeniable and neither fight their desires. Even though Chrisinda is human, she takes to the shifter world quickly and handles it well. Jax shows her in every way that he will meet her needs and more. There are a few bumps on their journey to a happily-ever-after, but they get there and it is so sweet!Tropes: Paranormal romance, fantasy romance, fated mates, shifters, fairytale inspired, virgin heroine, virgin hero, happily-ever-afterHeat: 3/5.I received a free copy of this book via Booksprout and am voluntarily leaving a review."
Dawnmarie Burke,1864,10,5,"April 1, 2023",,,This is the 3rd book in the Once Upon a Shifter series featuring the sweet and sexy shifter twist on Cinderella. Jax is the Alpha male and he hasn't found his fated mate yet and although he's wealthy money doesn't make him happy he wants to find his mate. Chrisinda is a nice and innocent young lady with a miserable home life her father is oblivious and never around her stepmother is mean and her stepsister is a stuckup princess. For years they've treated her like a servant in her own home having her live in the small attic space. Jax has been tasked with checking in on Chrisinda since her best friend Ruby hasn't heard from her in weeks and he's shocked to discover that the beautiful girl who's being abused is his fated mate. I don't want to say anymore and ruin it for anyone else with spoilers. You really need to read this sweet and sexy shifter twist on Cinderella to see what happens. I would recommend reading this book and I'm looking forward to the next book in this wonderful series.I received a free copy of this book via Booksprout and am voluntarily leaving a review.
Shawna,1772,16,5,"March 28, 2023",,,"I loved Mating Cinderella Book 3 of Once Upon a Shifter. Chrisinda can’t escape her evil stepmother and stepsister. They work her to the bone, take all her money and make her sleep in the attic. When Ajax realizes she is his fated mate he will do anything to rescue Chrisinda from her nightmare. He must be careful as he isn’t sure what she knows about shifters and he doesn’t want to scare her. Chrisinda Leaves in the middle of the night and runs. Thanks to her friends and Jackie she is free from the evil but how will she respond when she finds out Jax is a shifter? This was a super cute story and I love the characters. It is a quick read. I would definitely recommend this book and the series. Can’t wait for the next book.I received a free copy of this book via Booksprout and am voluntarily leaving a review."
Hanna Barker,1341,3,5,"March 28, 2023",,,"This is book number 3 of the Once Upon a Shifter series and focuses on Jax and Chrisinda. Jax has spent years looking for his fated mate to no avail. When he is asked to go check in on Chrisinda and make sure she’s okay, he doesn’t expect to finally find his mate. He knows he has to get her out of the awful living situation she is in due to her step-mother and step-sister. Jax wants to free her from the life she’s been living and give her all the love and protection she has been sorely lacking in her life. He knows he is the person meant to care for Chrisinda the way she deserves and is determined to win his mate over as soon as possible. This was a great story and a great addition to the series.I received a free copy of this book via Booksprout and am voluntarily leaving a review."
Day,759,4,5,"March 27, 2023",,,"Oh God! This book! This book is AMAZING. I would totally recommend this novella to anyone.Jax was so adorable the way he wanted to be with her but his friends needed to hold him back to not scare her. Also, Chrisinda was amazing. I loved these two characters a lot. They had such a great relationship and their spice scenes were immaculate. I'm so sad I don't get to experience this book again for the first time.I received a free copy of this book via Booksprout and am voluntarily leaving a review."
Lisa Parker,3271,20,5,"April 1, 2023",,,"Chrisinda was supposed to helping her bestie pack up a house, but her stepmother said they needed her back home, to do chores that no one else wanted to do. Jax and his friend pretend to ask for directions to slyly ask Chrisinda if she is ok. While Jax is talking to her stepsister, he realizes that Chrisinda is his mate. He has to find a way to get away from that house. Will his human mate be accepting of him? This is a steamy read, third in the Once Upon a Shifter series.I received a free copy of this book and am voluntarily leaving a review."
heart,282,6,3,"May 25, 2023",3star；alpha-male-rating-2-out-of-3；boring-ish,,"3 stars check out my tags/shelves for more info the thing about sky alder books is that i love them they got what i want but they are so short and end right when the main couple sleep together for the first time, wish was had moredual virgins insta love soulmates shifter (wolf) cinderella retelling no om drama/ slight ow drama (the h step sister had a thing for the hero but it was one sided)family drama (they treated h badly)side char no protection safe heaepilogue spicy lvl 3/5 wish was longer"
Karen,730,6,4,"March 27, 2023",,,The Wolf Knows She’s HisSince her mother had died Chrisinda had been treated like a slave by her step-mother and step-sister. Jax had been asked to quietly check on Chrisinda as a favour to his mate and when he caught her scent he knew she was his fated mate!A heart warming fast paced inst-love read with a fairytale take on a shifter romance with wonderful characters.I received a free copy of this book via Booksprout and am voluntarily leaving a review.
GOLE,124,1,4,"March 27, 2023",,,"A Cinderella retelling in shifter, fated mates form. Chrisinda and Jax are fated mates, but Chrisinda is living in perpetual Hades with her evil stepwitch and stepsister. Jax aims to rescue her from the situation she has found herself trapped in for years. I liked it and recommend it if you like shifter stories.I received a free copy of this book via Booksprout and am voluntarily leaving a review."
Lizette Diaz,2543,28,5,"March 27, 2023",,,"I absolutely love the newest book in the Once Upon a Shifter series. This book is based on the Cinderella fairy tale. We first met Chrisinda in Ruby's story, and she is a slave to her stepmother and step sister. When Jax and Sayer are sent to check on her, Jax realizes she is his fated mate. I absolutely love their perfect story, and I really adore this series. Skye always gives us the greatest shifter stories."
Sandy,1137,5,4,"March 29, 2023",,,"Jax finally gets his turn finding his fated mate. Only Sayer remains without a mate and the poor guy is the one who really wanted one! We'd met Chrisinda in the previous book and knew her home life wasn't great. Her stepmother and stepsister were horrible people who managed to tear her down every chance they got. Jax was a sweetheart. I enjoyed watching him squirm as he tried to figure out how to tell Chrisinda what he was and who she was to him. After her lifelong poor treatment, the question is whether Chrisinda will be able to trust the love of a fated mate is forever."
Syd Springer,3649,6,5,"March 29, 2023",arc,,This was a short yet sweet and steamy read. Chrisinda and Jax were wonderful together. I loved that Jax was really sweet and protective of Chrisinda. Chrisinda has had a very heard life but that all gets changed when Jax comes into her life. These two are really sweet yet steamy together and I loved the connection and chemistry between them. I can't wait for the next book in the series.I received a free copy of this book via Booksprout and am voluntarily leaving a review.
MandyMarie,932,19,5,"April 2, 2023",,,"No one does sweet shifter romances like Skye Alder and I love the Cinderella retelling! This third book definitely builds from the previous ones so don’t sleep on those. They’re all quick, sweet, fairytale retellings too with a shifter twist. I loved how hard Jax feel for his mate, Chrisinda. I mean, that’s the whole deal with shifters, but Jax was pretty sweet how he swooped in and saved the day and built up Chrisinda’s confidence too."
Oriana Reads,3766,25,5,"April 2, 2023",,,"Chrisinda is helping her best friend to pack her grandma's house, but gets called back home by her evil stepmom and step sister. Jax checks up on Chrisinda as a favor for Ruby and his friend. But as soon as he sees and smells Chrisinda....he just knows she is his mate. But her evil family tries their best to break them apart, but Jax won't stand for it. Instalove, sweet, romantic ,steamy, and safe with a sweet HEA 😍😍😍😍 Fated mates ,each other's one and only ❤️❤️"
casvec,7063,71,5,"April 3, 2023",,,"Chrisinda was called back home from helping her friend, to do chores her stepmother and stepsister were to good to do. Tired and wanting to get away, Chrisinda finds herself in the arms of Jax.Jax notice Chrisinda and is drawn to her. When the wind shifts, Jax realizes who Chrisinda is.... his mate.Chrisinda and Jax's story is a wonderful Cinderella twist that I loved getting lost in.I received a free copy of this book via Booksprout and am voluntarily leaving a review."
Natasha Tucker,1683,5,5,"April 3, 2023",,,"Absolutely wonderful story! Jax went to check on a Ruby’s friend for her and realises straight away she’s his fated mate. Now he needs to get Chrisinda away from her awful family so he can show her how loved and special she is! Sweet, steamy story with amazing chemistry, true love, lots a romance, a wonderful, protective, loving hero and a beautiful HEA.I received a free copy of this book via Booksprout and am voluntarily leaving a review."
Michele,1126,4,5,"March 27, 2023",,,"Chrisinda has a hard life thanks to her stepmom and stepsister and her negligent dad. A friend of Ruby’s, Ruby sends some friends to check on her. With one sniff, Jax finds his mate. Chrisinda and Jax are the perfect couple, the storyline is wonderful - what a great read.I received a free copy of this book via Booksprout and am voluntarily leaving a review."
Jenni,6086,35,5,"March 28, 2023",,,"Chrisenda is nothing but a slave to her step mother and sister when Jax is asked by Ruby to check in o her friend he finds his fated mate, and he will do anything to save her, but how can he tell her about shifters? and that hes one shes fated too? well written steamy Cinderella retelling.I received a free copy of this book via Booksprout and am voluntarily leaving a review."
Sarah Nielsen,3404,18,5,"March 30, 2023",,,This was a great fated mates romance. I’m really enjoying this series of fairytales retelling the shifter edition. This was a Cinderella retelling and I loved it. Jax and Chrisinda had amazing chemistry and I loved how quickly she accepted the shifter side of things. Great story.I received a free copy of this book via Booksprout and am voluntarily leaving a review.
Laura Likes To Read,18,1,5,"March 30, 2023",,,"Another great read from Skye Alder. This author never disappoints. We get Chrissinda’s and Jax’s story. Chrissinda lives with an evil step-mother and step-sister and Jax is like the prince charming who saves her. A great, romantic, spicy read. Both virginsNo OM, OWInsta-love.I received a free copy of this book via Booksprout and am voluntarily leaving a review."
Michele,3270,8,4,"March 31, 2023",,,"A fast paced novella of searching for his mate, only to find in Windy Pines, next to his small town of North Star. Liked the similarities to the fairytale of Cinderella, with some major differences that play an impact on how Chrisinda decides to pursue the rest of her life.I am voluntarily leaving a review for this book that I received free."
Leslee,2438,72,5,"April 2, 2023",,,"A very sweet retelling of Cinderella, Jax easily and swiftly takes on the role of Prince Charming. Sin's stepmother and stepsister are awful but what is truly criminal is that her father allowed her to be treated terribly. Sin didn't hesitate to leave her painful past behind her for a brand new life with her mate. I adore the family this friends group is creating, its truly precious."
LiLu,4135,1,5,"April 6, 2023",,,"I loved this story! There was some uncomfortable moments in the story, just like the famed original story. But all it did was make the sweet and happy moments mean so much more. This story will definitely be a repeated re-read, I liked it that much. There’s nothing better than a fairytale happily ever after."
Sabrina Flachsmann,1275,6,4,"April 17, 2023",,,"Super sweet, fits the Cinderella story line perfectly. I loved Chrisinda in Ruby’s story so I was glad to see her get her happy ending with Jax. He was perfect for her, I loved that he wanted a lifetime of taking care of her. Minimal action, sweet heat.I received a free copy of this book via Booksprout and am voluntarily leaving a review."
ajscenic,678,7,4,"March 30, 2023",,,"Sometimes you don’t need, near death experiences, or will they, won’t they types of books. Sometimes you want a nice simple book without dilemma, where two people fall in love. This is that type of book.This is a nice read with some steam and a guaranteed HEA."
"thewoollygeek (tea, cake, crochet & books)",2658,105,4,"April 1, 2023",,,"This is such a great read, for when you just want a nice happy book, where our couple meet, fall for each other, steam ensues and a guaranteed happy ever after, Skye Alder always manages to deliver.I received a free copy of this book via Booksprout and am voluntarily leaving a review."
Manisha Robinson,2331,12,5,"April 16, 2023",,,This is book three in the Once Upon a Shifter Series. This story is an wolf shifter paranormal fated mates fairytale Cinderella retwist romance with a great page turner.I received a free copy of this book via Booksprout and am voluntarily leaving a review.
Jovette Bossé,3449,12,5,"March 31, 2023",,,"I love Jax and Chrisinda,they just belong together! Such a sweet,steamy and beautiful healing love story! I absolutly loved it soo much! 😍❤️🔥🥰"
Lea & Sandra,2481,2,5,"April 2, 2023",,,This is truly a Cinderella story. Jax recognized his mate while checking on her for her friend. This story is how they rescue each other.
Shawn,2645,,5,"April 2, 2023",,,Jax and Chrisinda were a great couple. This was a good addition to this wonderful series. I love all the original takes on favorite fairy tales.
effin surrey,1584,18,5,"April 4, 2023",,,🖤🖤🖤
BookFox,457,37,2,"April 4, 2023",alpha-male-but-sweet；double-virgins；dual-pov,,"If you want an Instalove and nothing but sex then it’s for you. I like a little more story then met,sex sex sex epilogue and more sex."
"Lori Walsh, Guaresimo",1019,8,5,"April 25, 2023",,,"I really wish the stepmother and step sister got what they deserved and the father to, all three deserved to have a miserable life."
Michelle,65,6,3,"August 6, 2023",,,Cute short and simple.
