Reviewer,Review Count,Followers,Rating,Date,Tags,Likes,Content
urwa,331,212,,"May 9, 2023",wishlist,84,"How am I supposed to wait  2 years after THAT ending!!! Also, book 3 better have both Malini and Priya smooching on the cover or I will RIOT"
Sheryl,2,,,"August 23, 2022",fantasy-sapphic,58,Hello? After The Oleander Sword's ending??? Need this right this second.
Krina || Amazeofwords,165,22,,"November 22, 2021",,25,20 freaking 23. 2023? It's a long way.😭
maggie (taylor’s version),80,9,5,"March 30, 2024",published-tbr；the-stars-around-my-scars,22,i can’t wait to read this book! i love the cover <3
The Lesbian Library (Maddy),99,48,,"January 17, 2024",2024-sapphic-releases；dummy-excited,9,I am not sure if I can wait 10 months until this is out. I have very rarely been this excited for a release. Especially with how their story is left!!!
hannah ♡,349,53,,"January 15, 2024",,6,cover reveal: eating this up it’s so pretty !!!! god i NEED this 😤
Azhar,263,9,,"February 10, 2024",,5,literally feels illegal that i have to wait till november to read this 😩
Isabel,745,134,,"March 14, 2024",,3,"have I read book 2? nowill I be preordering? of course, I am first and foremost a Tasha Suri stan"
annie,271,56,,"January 15, 2024",anticipated；high-fantasy,3,OH MY GOD the cover is beautiful! can’t wait to see how this series wraps up!
Janine Ballard,525,70,,"October 25, 2023",2020s-decade-releases；2024-0-releases；diversity-lgbtqiap,3,"A blurb! We have a blurb people! And it sounds great. I have missed you, Tasha Suri! Looking forward to this one and hoping it's the culmination of all the great things in this series, and especially the romance."
Trudy Cowan,1,,5,"July 18, 2022",,2,Looking forward to the Oleander Sword and this sequel #cancelkendra
Taylor,3,,,"June 22, 2023",,2,Here are my guesses for the name of the book.1. The Lotus Crown 2. The Orchid Crown 3. The Lotus Palace4. Potentially something to do with a type of wood?
Gosia,15,,,"November 6, 2023",expected；have-not-bought,2,I JUST NOTICED THERES A TITLE!!!!! AND A DESC!!! A win for the gays
mar,29,1,,"April 4, 2024",,1,i need this book like malini needs priya
Bakhtawar Khan,121,82,,"January 19, 2024",2024-releases,1,☹️☹️☹️☹️☹️☹️☹️ i need this right now ☹️☹️☹️☹️☹️☹️
Kevin,154,7,,"January 12, 2024",,1,THE COVER IS E V E R Y T H I N G
Olive Garden Breadsticks ,47,2,5,"January 12, 2024",,1,LETS FUCKING GOOOOOOOO!!!!!!!!I will go into a coma directly after reading this istg 😎(My guess was that the cover was going to be indigo/purple but red is ALSO FUCKING AWESOME)Update: HOLY FUCKING SHIT THE COVER OH MY HEAVENS I WILL NEVER RECOVER THANK YOU TASHA SURI THANK YOU MICAH EPSTEIN !!!!!!!
Leti,81,,,"December 26, 2023",,1,god I need this book to come out
Anushka,23,,,"October 14, 2023",,1,we got the title and summary LETS GOOOOOOO
Storm,2114,4,,"April 3, 2024",author-2-asian；fantasy-06-asian；fantasyz-rfbingo-2024-hm2-bipoc,,Placeholder - To be Read for r/Fantasy Bingo 2024. Expected Release 11/1/24.Read this third concluding book of Tasha Suri's  for  Multi POV. This qualifies for hard mode as it has at least 5 point of view characters.After
kb,13,,4,"April 12, 2024",,,"Oh my dear! I thought this series was already finished, now I have to wait for months to give this story an end. Ugh! Anyway, what do you call a life well lived? I'd like to believe it is a life filled with anticipated books to read. Can't wait!"
Mimi,29,,,"December 9, 2023",,,Wait I'm confused here. Why are people giving it 1 star when they haven't read it yet? Did I miss something?
Tayyaba (Tubz),178,26,5,"January 6, 2024",,,IT HAS A NAME! AND SOON A COVER!
Deepti,194,,,"January 12, 2024",,,pls pls pls pls
Sophie,34,,,"January 12, 2024",,,WE HAVE A COVER!!! AND IT’S GORGEOUS!!!
Coffee,230,1,,"January 15, 2024",cover-porn；high-anticipation,,1/15/24it's coming out a few days before my birthday ಥ ͜ʖ ͡ಥ god blessI will not be a sane person after I read this
♡ dee ♡,11,2,5,"February 21, 2024",,,This COVER!! how am I supposed to wait for 8 months
