Reviewer,Review Count,Followers,Rating,Date,Tags,Likes,Content
Armetta M Wireman,13,,,"February 6, 2023",,115,how can you all be rating a book you haven't read because it has not been published yet? The date of release is still TBA. Rating and Reviews should be turned off right now for this book as it is misleading. I am impatiently awaiting the release and this was a letdown.
Crystal,138,6,,"September 18, 2021",fantasy；read-a-book-in-this-series-before；urban-fantasy,59,"Well Duh I'm gearing up to read it, especially after finishing the last one. Dresden Files books and waiting for them to come out is just part of my life now."
Mark Heath,1,,5,"April 1, 2022",,14,"Man, I cannot wait!! Please Jim. Finish it! We are all waiting with baited breath. I have read this series to my kids (older lol) for the entire series, and they love this more than Harry Potter. Need I say More?"
Linda ~ they got the mustard out! ~,1712,127,,"March 5, 2022",,15,I'm going to be waiting for reviews on this one before I waste any more time on this series. Whenever it eventually gets published.
Jorge Fernando,1,,,"March 30, 2024",,3,"All of you release date whiners are mouse-hearted and weak of spirit.Respectfully,A Rothfuss fan"
Laura Cahill,1,1,,"May 15, 2023",,2,Huge fan of the Dresden Flies books! With a clift hanger in the last book I can't wait to read Twelve Months!!
William Alexander,1,,,"June 13, 2023",,2,"I have created my Goodreads account for the sole purpose of sharing my excitement and my hope that this series continues its epic journey. If I could buy my copy in advance right now, I would."
