Row,Tags,Tag_Count
1,fantasy；high-fantasy,2
2,2023-releases,1
3,2023-reads；adult-books；e-books,3
7,audiobooks,1
8,2023-books；fantasy；review-copy,3
11,fantasy；horror；science-fiction,3
12,3-stars；achillean-side；adult-lit,3
14,2022-books；arc,2
16,could-not-put-down；fantasy；favorites,3
18,goldsboro,1
19,reviewed,1
21,fantasy；lgbtq；own,3
23,audiobook；f-f_sapphic；fantasy,3
25,fiction；lgbtq,2
26,have-audio；have-physical,2
27,wishlist,1
28,2023-releases；february-2023-tbr；january-2023-tbr,3
32,ebook-owned,1
36,2023-reads；four-stars,2
37,2023；favorites,2
38,adult；battle-content；black-rep,3
43,fantasy,1
46,fantasy；gay_rep,2
47,2023-releases；netgalley-arcs；rainbow-flag-emoji,3
48,2024；fantasy,2
49,fantasy；fiction,2
50,2024；queer；sci-fi-fantasy,3
56,fantasy,1
57,favorites；owned,2
63,owned,1
64,sf-fantasy,1
65,contemporary-fiction；fantasy；grimdark,3
67,2023-best；fantasy；sci-fi,3
74,fantasy,1
80,2023；recommended；sf-fantasy,3
84,epic-fantasy；fantasy；lgbt,3
93,audiobook,1
95,2024；epic-fantasy；fantasy,3
101,2023；arc；autonomatons,3
102,fantasy,1
105,faves；favorites；queer-scifi-fantasty,3
107,2023-bingo；fantasy；fiction,3
108,goldsboro-se；own,2
109,2023-rev；reviewed,2
110,2023-releases；fantasy-i-read；netgalley-arc,3
111,ebook-kindle；high-fantasy；netgalley,3
114,sf-fantasy,1
128,netgalley,1
133,fantasy；novels,2
134,badass-women；cape-and-sword；fantasy,3
135,2023-books-read,1
137,arcs,1
144,audiobook；ebook；fantasy,3
