Row,Tags,Tag_Count
4,arcs；fantasy；ya,3
5,romance；young-adult-fantasy,2
7,mehhh；read-in-2024；so-disappointing,3
9,2023-releases；fantasy；five-starred-reads,3
10,arc；covergasm；cringey-romance,3
14,true-threes,1
15,arc；fantasy,2
17,arcs,1
20,physical-copy,1
21,fiction-fantasy-sci-fi,1
25,fantasy；favorites；five-stars,3
28,arcs；fantasy；pretty-covers,3
31,2023-releases；reviewed-2023；standalones,3
32,fantasy；ya-ya-land,2
34,books-that-deserve-less-hype；fantasy；romantasy,3
35,stunning-covers,1
36,adventure；magic；magical-realism,3
37,arcs-finished；audience-young-adult；format-ebook,3
39,advance-review-copy,1
41,read-2023；ya-fantasy,2
43,read-in-2023,1
44,2024-reads；more-romance-than-fantasy,2
47,read-in-2024,1
50,audiobook；coverlove；fantasy,3
52,fantasy；romance；ya,3
54,fantasys-aka-my-ultimate-fave-genre；gorgeous-covers；i-like-this-books,3
56,fantasy；netgalley,2
57,arcs,1
58,2023-reads；4-star-reads,2
59,don-t-own-yet；released-2023,2
60,owned-bookish-signs-and-more；physical-library-read,2
62,read-arcs,1
65,arc,1
66,arcs,1
67,favorite-books,1
68,audiobook-life,1
70,books-i-love,1
72,2023；books-i-own；fantasy,3
73,audiobooks,1
77,4-star-reads；contemporary；fantasy,3
80,extra；favorites,2
83,unowned-read-ya,1
89,2023；fantasy；kindle,3
90,15-18-years-old；books-with-4-and-a-half-stars；e-to-do-in-physical-copies,3
91,arc-reviews,1
94,2-stars,1
95,favorites；multiple-copies；signed,3
97,netgalley,1
98,netgalley,1
99,arc；clean-ish；magic,3
101,arc,1
103,netgalley,1
108,favourite-reads,1
109,arcs；audiobooks；netgalley,3
113,2023-release；arc-netgalley,2
114,fantasy-scifi；ya-fiction,2
116,hannahs-library,1
127,witches；ya-fantasy,2
129,arc；fantasy-tbr；up-next,3
130,2023-books；advanced-reader；goodreads-giveaway,3
132,physically-owned-read-books,1
134,audiobook,1
135,netgalley；owned,2
136,arc-list；netgalley,2
139,netgalley,1
143,read-in-2023,1
144,2023-releases；audible；books-i-own,3
146,2024；cozy-fantasy；fantasy,3
147,books-i-own；fantasy；magic,3
148,read-in-2023,1
154,2023-release；age-ya；e-arc,3
157,2023-reads,1
160,2023；fantasy,2
161,contemporary；magic；mystery,3
162,2023-arcs；2023-releases；physical-owned-read,3
163,fantasy-or-folklore；romance；ya-fiction,3
164,arc；fantasy；romance,3
167,netgalley,1
168,2023-release；anticipated；arc,3
170,arcs,1
172,2023,1
173,absolute-5-stars；best-fmc-and-mmc；dark-and-delicious,3
174,fall-2023,1
175,arcs；books-i-own,2
176,favorites,1
182,format-audiobook；genre-ya-fantasy；rated-3-stars,3
183,audiobooks,1
184,dnf,1
186,read-in-2023,1
188,netgalley,1
189,dnf,1
193,5-star-reads,1
196,cover-porn；its-me-not-the-book,2
201,leídos-2023,1
202,2023-release；2024-reads；fantasy,3
204,audible-audio；fantasy；library-book,3
210,5-star-reads,1
212,2023-books-read；love-triangle-or-square；magical-realism,3
213,2023,1
217,2023-reads；3-stars；netgalley,3
220,2023；arcs,2
225,2023,1
227,booktuber-bookstagram-booktok；high-praise；soft-romancce,3
228,2024；audiobooks-read；buddy-reads,3
229,dnf,1
230,fantasy,1
233,0-fantasy-paranormal；0-ya-closed-door；2023,3
234,2023-120-books-challenge,1
235,added；amnesia-and-memory-loss；animal-death,3
237,arcs；arranged-marriage；hetero,3
238,arcs；witchy-magic-books,2
239,book-club,1
240,arcs；netgalley,2
241,audiobook-only；fantasy-sci-fi-supernatural；in-english,3
244,favorites；my-top-10-books；my-top-10-books-in-2023,3
247,2023-reads,1
252,2023,1
253,netgalley,1
254,arranged-forced-marriage；forbidden-romance；romantasy,3
255,2023；arcs,2
259,recenzenckie-2024,1
260,5-star-reviews；advanced-reader-copies；fantasy,3
261,netgalley-arcs,1
262,arcs,1
264,2023-favourite,1
265,arcs,1
267,2023-exciting-releases,1
270,2023-release；owned,2
272,kindle；netgalley,2
273,2023；netgalley,2
277,kindle；witchy,2
278,favourite,1
279,2023-arcs；physical-owned-read,2
282,netgalley-arc；three-star-reads,2
283,ya-fantasy,1
284,2024-reads,1
285,netgalley,1
287,2023；4-stars；review-books,3
293,edelweiss；fantasy；love-triangle,3
296,2023；forbidden-romance；grumpy-sunshine,3
