Row,Tags,Tag_Count
4,2023；bad-dialogue；boring-annoying-or-stupid-mc,3
5,adult-fantasy；adult-romance；arc-giveaway-freebie,3
8,2024,1
9,3-stars；enemies-to-lovers-vibes；fantasy-sci-fi-pnml,3
11,fantasy-romance,1
12,knife-to-the-throat；one-horse-trope；who-did-this-to-you-trope,3
16,fantasy-romance；strongfemalelead,2
17,2024-audiobooks；arcs；enemies-to-lovers,3
18,fantasy-romantic；indie-authors,2
21,high-on-my-radar,1
24,arcs,1
30,fantasy,1
33,am-i-crying；amazing-book；amazing-mc,3
34,fantasy；favorites；romantasy,3
39,fantasy,1
40,disappointed；dnf,2
41,fantasy-romance；just-okay；some-spice,3
45,all-my-physical-books；new-adult；spicy,3
46,2023-reads；my-personal-library,2
58,2024,1
63,action-adventure；age-gap；dark-fantasy,3
64,arc；fantasy；read-once,3
67,5-stars；author-to-keep-an-eye-on；badass-herione,3
68,2023-read；2023-tbr-hopefuls；arcs2023,3
77,fantasy-books-i-enjoyed,1
85,2023-reads,1
94,books-read-in-2024,1
95,ku-read；recs-i-can-body,2
96,2023；cliffhanger；fantasy,3
100,fantasy-romance,1
101,fantasy-romance,1
103,favorites；owned-books,2
104,booksta-made-me；fantasy；loved,3
109,faves,1
110,epic-fantasy；fantasy-romance；five-stars,3
111,2024；adult；audiobook,3
116,fantasy,1
120,fantasy；kindle-unlimited；romance,3
125,2024-audiobook-challenge,1
129,2024,1
130,2024,1
131,2024；ku,2
154,genre-fantasy；genre-romance,2
155,fantasy；favorites；read-in-2023,3
157,favourite；gifted-or-arc；next-book-unreleased,3
159,2023-read-in；fantasy-romance-adult；fantasy-sci-fi-or-dystopian,3
161,kindle-unlimited-or-prime-reading,1
162,adult；book-boyfriends；enemies-to-lovers,3
166,2023；fantasy；kindle-unlimited,3
169,audiobook；kindle；library,3
178,2023,1
180,did-not-finish,1
183,kindle-unlimited,1
186,2023-release；fantasy；indie,3
194,favorites；gems-of-23；romantacy-reads,3
201,kindle-unlimited,1
205,arcs-read；audiobook；fantasy-ya,3
206,audiobooks；netgalley,2
210,5-star-reads-fiction；book-tour,2
212,2023；favorites,2
213,1-the-romantasy-trifecta,1
231,kingdom-court；romantasy,2
233,enemies-to-lovers；favorites；forbidden-romance,3
238,audiobooks；library,2
240,book-boyfriends；dual-pov；fantasy,3
263,dnf,1
266,favorites,1
267,arcs-from-publishers；fantasy,2
268,fantasy,1
272,fantasy-romantasy,1
278,favorites,1
280,dnf,1
281,faves,1
283,kindle-unlimited,1
287,2023；dnf；romance-fantasy,3
293,physical-books-2023,1
295,2023；recs,2
