Row,Tags,Tag_Count
0,netgalley,1
1,advance-listening-copy；audiobook；fairytale,3
2,audible；mythical-witchy-or-supernatural；netgalley,3
3,arcs-and-such；fiction,2
6,2023-books；fantasy,2
7,arc-giveaway-freebie；dnf,2
8,arc-2023；audiobook；illumicrate,3
9,historical-fiction,1
10,folk-fairy-tales；gingerbready-goodness；wascally-witches,3
11,2023-releases；adult；book-box-owlcrate-own,3
12,aussie-authors；freebies-and-gifts；historical-fiction,3
13,adult-that-feels-ya,1
14,arc-s-netgalley-and-edelweiss；fantastico-fantastics-scifilicious,2
15,hardcover；retellings,2
18,the-bookshelf,1
20,dnf,1
21,2023-reads,1
22,2023；2023-netgalley-challenge；audio-book,3
23,fantasy；retelings,2
24,audiobooks,1
25,adult；fairytale；fantasy,3
26,book-box-illumicrate；book-box-owlcrate；fantasy,3
28,2023；fairytales；review-books-arcs,3
30,arc-audiobook；audiobook,2
31,macmillan-audio-arcs,1
33,fantasy；magic；retellings,3
34,fantasy,1
35,retellings,1
36,arcs-and-galleys；fairy-tales-and-folklore；fantasy,3
37,fiction；gifted；historical-fiction,3
39,book-boxes,1
40,best-folklore；kindle,2
41,fantasy；read-2024；ya,3
42,2023；eng；eng-rez,3
43,adult；books-i-own；fantasy,3
48,3-stars；fantasy；retellings,3
50,arcs,1
51,2023-reads,1
54,arc；audiobook；fantasy,3
55,arcs-read；liked,2
58,past-arcs,1
65,netgalley,1
68,adult；arc-or-from-pub；audio,3
70,arc,1
71,australian-authors,1
76,fantasy；historical,2
77,net-galley,1
79,fantasy；historical；retold-tales,3
80,audiobooks；aussie-authors；borrowed,3
81,bina-octavia-camila-book-club,1
87,fresh-meat；kindle；netgalley,3
92,2023；fantasy；witches,3
93,audiobooks；fantasy-and-sci-fi；fiction,3
95,owlcrate,1
100,illumicrate,1
106,2024,1
109,retelling,1
110,adult-adult-fantasy；illumicrate,2
113,books-i-own；fantasy；favorites,3
115,monthly-book-subscription,1
118,read-for-bookclub,1
122,giveaways,1
129,arc；fantasy；fantasy-dark,3
132,2024-into-the-forest-challenge；fairy-tales-and-classics-retold；historical-fantasy,3
133,arcs,1
134,received-from-publisher,1
137,adult；arcs；audiobook-listen,3
138,owned,1
140,4-star；mitt-bibliotek,2
141,advanced-reader-copies；dark-fantasy；fairy-tale-and-folklore-novels,3
143,arc-s；favorites；netgalley,3
146,2023-releases,1
148,arc-s,1
149,reviewed,1
150,2023-release；fairy-tales；historical-fantasy,3
151,genre-sff-fairytales-and-retellings；genre-sff-historical,2
153,fantasy,1
157,audiobook；netgalley,2
158,books-i-own；favourites；netgalley,3
163,fantasy；read-2023,2
166,fantasy；library；romance,3
168,adult；adventure；arc,3
169,boys-cannot-be-trusted；fantasy；romance,3
173,historical-fantasy；retellings；stories-about-stories,3
175,2023；europe-continent；fantasy,3
186,arc；fantasy,2
188,owned,1
192,owned-and-read,1
195,fantasy,1
197,netgalley,1
212,added；animal-cruelty；showcase,3
216,debut；fairytale；fantasy,3
218,2023-reads；book-shelves；highly-recommend,3
220,on-my-shelf,1
223,4-stars；adult,2
224,annie；fantasy；fiction,3
226,audiobook；book-box,2
228,fantasy；historical-fiction,2
230,2024；fantasy,2
238,borrowed-from-library；retellings,2
242,epic-emotions；fae；fantasy,3
246,2023；arcs-review；audio-book,3
250,2023-reads,1
252,owned,1
260,2023,1
269,read2023,1
271,2023-releases；2024-reads；around-the-year-2024,3
274,audio-books；fantasy；mystery,3
275,age-new-adult；ge-fairytales；ge-historical,3
279,2023,1
282,2023-reads；audible,2
284,favorites,1
285,2024-books；4-stars；books-i-own,3
286,2023；arc；baking,3
288,netgalley2023,1
290,arcs；audio,2
292,fairy-tale；favorites-2023；magical,3
298,dnf；unrated,2
299,fantasy；young-adult,2
