Row,Tags,Tag_Count
1,advance-review-copy-digital；fantasy；gryphons,3
2,netgalley,1
4,fantasy；netgalley,2
5,2023-books-read,1
6,2023-release；arc；fantasy,3
7,fantasy-scifi,1
8,arc-jul-2023；netgalley,2
9,fantasy,1
10,arcs；f-sf；fiction,3
11,gave-up-on,1
13,arc-books；fantasy；sff-with-lgbtqia-rep-reviewed,3
17,fantasy,1
23,review-copies,1
24,adventure；demons；fantasy,3
27,fantasy；gods；magic,3
28,reviewed,1
32,netgalley,1
34,netgalley,1
37,netgalley,1
41,ng,1
42,adventure；fantasy；feral-pov,3
44,gryphon-reading-list,1
54,fantasy,1
56,adult；borrowed-audiobook；everend,3
57,netgalley；read-in-2023；sci-fi-fantasy,3
58,2024-reread；fantasy,2
61,fantasy,1
62,fantasy；netgalley,2
63,fantasy-lackey,1
71,2023-releases；arcs；audio-books,3
87,fantasy,1
98,fantasy；medievaloid-fantasy；reviewed,3
100,adult；fantasy,2
102,fantasy,1
105,action-adventure；adult；fantasy,3
121,fantasy,1
122,fantasy,1
125,slow-at-times,1
130,advance-reader-copy,1
133,action-adventure；ebooks；fantasy-series,3
139,fantasy；x2023,2
141,prose,1
142,fantasy,1
149,fantasy；myshelf,2
150,2023-reads,1
152,coping-with-death-fiction；fantasy；flight,3
155,r-fantasy-2023-bingo,1
157,2023；fantasy；magic,3
167,action-thriller；fantasy；fiction,3
178,fantasy,1
