Row,Tags,Tag_Count
1,2023-favorites；hero-blushes；husband-material,3
2,arc；ebook-owned,2
3,2023；arc；consent-done-well,3
4,age-gap；celibate-hero；cute-animal-sidekick,3
5,would-not-read-again,1
6,billionaire-or-just-about；boss-assistant；boss-employee,3
8,edelweiss；read-in-2023,2
10,2023-releases；contemporary；paranormal,3
11,and-they-were-roommates；fake-relationship-real-feelings；fantasy-and-magic,3
12,arc；read-in-2022；romance,3
13,2023-releases；fantasy；romantic,3
14,2023-publication,1
16,arc-s-netgalley-and-edelweiss；don-t-look-it-s-smutt-ssshhhh；oh-my-sweet-romance,3
18,netgalley,1
20,grumpy-sunshine；hilarious；paranormal,3
21,netgalley；romance-novels,2
22,2023；berkley-prh,2
23,arc；reviewed；romance,3
25,2023；age-gap；audiobooks,3
27,netgalley；netgalley-2023；netgalley-edelweiss-2023,3
30,2023-releases；audiobook；fantasy-modern,3
31,own,1
36,netgalley；paranormal；read-2023,3
38,2023；2023-netgalley；arcs-2023,3
39,23netgalley,1
43,2-stars；2023；review-books,3
47,adventure；arc；close-proximity,3
48,fantasy-scifi；netgalley-arc；prh-audio,3
50,5-stars；audio-book；favorites,3
51,romance,1
52,2023；audiobook；duce,3
63,read-owned,1
72,blush-worthy；cozy；fantasy,3
73,arcs；ebook；netgalley,3
77,arc,1
79,romance；romance-paranormal,2
80,2023；favorites,2
85,2023-march；2023-reads；arc,3
87,new-adult；physical-copies；romance-erotic,3
88,rom-com,1
92,grumpy-sunshine；witch,2
94,2023,1
97,contemporary；fandom；fantasy,3
102,done,1
109,books-read-in-2023,1
112,romance,1
113,april-2023；waiting-for-next-book-to-come-out；waiting-on-series,3
114,audiobooks；dhasg-2023-challenge,2
120,fav-reads,1
123,grownup；paranormal-romance；romance,3
127,paranormal；romance,2
131,2023-reads,1
132,fantasy；light-and-fluffy；spooky-season,3
136,2023,1
151,read-2023,1
158,romance；witchy,2
163,4-enjoyed；magic-fantasy-supernatural；rom-com,3
165,adult；dual-pov；fantasy,3
167,2023；adult；fantasy,3
168,netgalley；romance,2
169,3-stars；adult；arc,3
170,2023-reads,1
171,2023-reads；reylo-recs,2
173,fake-dating；grump-and-sunshine；paranormal-romance,3
175,favorites,1
176,contemporary-romance；fantasy；romance,3
181,fantasy；novels；romance,3
182,2023,1
185,adult；arcs；ebook,3
188,cbr15；cozy-urban-fantasy；paranormal-romance,3
193,2023；2023-netgalley-reads；adult-fantasy,3
195,2023-reads；amazing-world-building；fave-romances,3
201,spooky-season-reads,1
204,2023；romance,2
213,the-big-tbr-shelf-2023,1
214,adult；comedy；contemporary,3
225,2023；romance；series,3
228,grumpy-heroes；sunshine-heroines；witches,3
229,2023,1
231,2023-books-read；fantasy-magical-realism；new-adult,3
234,fake-dating；fantasy；rom-com,3
235,read-audiobook；romance；spicy,3
236,contemporary；enemies-to-lovers；netgalley-arcs,3
241,paranormal-rom-coms,1
243,comedy；fantasy；paranormal,3
247,fiction；witchy-romance,2
248,2024-tbr；erotica；fiction,3
260,e-book,1
261,read-in-2023；witches-etc,2
263,2023；contemporary；ebook-from-netgalley,3
265,cheesy；cute；eye-roll,3
268,romcoms；spicy,2
269,fantasy,1
272,books-i-own,1
274,fantasy；magic；romance,3
283,2023；urban-fantasy-romance；witches-and-magic,3
289,books-i-own,1
290,physical,1
292,2023-reviews；netgalley；reviewed,3
293,favorite-2024；witchy,2
296,2023；netgalley；paranormal-supernatural-urban,3
299,2023；arc；audiobook,3
