Row,Tags,Tag_Count
1,danmei,1
2,books-i-own；my-precious-babies；omg-i-am-in-love-with-this-book,3
4,adult；danmei；high-fantasy,3
5,2023；danmei,2
7,2024-favoritos；danmei；queer,3
8,own-it；slash-fiction,2
11,2023；400-600-pages；5-stars,3
13,21st-century；chinese-lit；fantasy,3
14,danmei；read-in-english,2
17,danmei,1
19,owned-physical,1
20,danmei-books-i-ve-read；fantasy-books-i-ve-read；lgbtq-books-i-ve-read,3
23,danmei,1
28,queer,1
30,asian-authors；danmei,2
33,historical；own-a-physical-copy；queer-rep,3
36,read-physical,1
37,owned,1
39,danmei；fantasy；mm-bl,3
41,favorites；my-book-shelve；read-2023,3
43,accion；bi；danmei,3
46,authors-of-color；lgbt,2
48,asian-and-asian-inspired；danmei-read；diverse-read,3
55,fantasy；historical；lgbtqia,3
58,danmei,1
61,personal-faves,1
63,danmei；historical-fiction；queer,3
64,abuse；action-adventure；alternate-universe,3
65,danmei；kindle,2
67,danmei；fantasy；historical-fiction,3
71,2024,1
72,action；court-intrigue；east-asian-literature,3
73,continuing-series；danmei；french-flaps,3
74,owned-physical,1
76,2023-popsugar-reading-challenge；danmei-or-bl；fantasy,3
78,adult；danmei；fantasy,3
79,2023；art-lovely；bage-mature,3
81,2024；danmei；physical,3
82,all-over-asia；danmei；light-novels,3
83,chinese-lit,1
84,books-with-queer-characters,1
86,abandoned,1
94,bl-danmei；china；queer-reads,3
95,books-i-own,1
96,danmei；favorites,2
97,booktube-made-me-try-it；danmei；fantasy,3
98,owned-books,1
101,on-my-bookshelf,1
102,adult；fantasy,2
104,lgbtq；light-novel,2
105,2023,1
107,alt-history-fiction；bl；coming-of-age,3
114,danmei,1
117,danmei；fantasy,2
120,2024；bl,2
124,owned,1
129,danmei-and-manhwa,1
130,china；east-asia-novels,2
131,2023-release；adult-fantasy；asian-mc,3
133,danmei；dnf,2
143,danmei,1
148,fantasy；fight；lgbtqia,3
150,bl-yaoi；danmei,2
151,dnf,1
155,asian；author-of-colour；authors-i-need-to-read-more-of,3
157,2023；age-gap；danmei-novels,3
160,1-chinese；2023-reads；asian-literature,3
161,2023-releases；adult；asian-rep-or-author,3
169,historical-fiction,1
173,read-in-2024,1
181,no-review-yet；steampunk；translated-to-english,3
182,danmei-baihe,1
187,dnf,1
189,danmei；fiction；queer-fiction,3
190,cbr15；cbr15-bingo；cbr15-passport,3
197,lgbt,1
