Row,Tags,Tag_Count
1,botm；netgalley,2
5,arcs-read,1
7,will-make-my-kids-read,1
8,april-2024；book-bfs；ending-gave-me-whiplash,3
9,fantasy；historical；series,3
12,4-stars；are-you-serious；fantasy,3
13,historical-fantasy,1
16,fairyloot_sub,1
19,five-star-reads；vernal-virtual-book-club,2
20,2024；awhhh；book-boyfriend,3
21,netgalley；ya-fantasy,2
22,arcs-received；fantasy；historical-fiction,3
23,libro-fm-library,1
25,arc；netgalley,2
26,3-stars；adventure；feminism,3
28,2023；dnf,2
29,arc；young-adult,2
31,2024,1
32,historical-fiction；mystery；romance,3
33,book-boyfriends；books-i-own,2
41,2024-audiobooks；enemies-to-lovers；fantasy,3
42,priority-tbr,1
43,africa；historical-fantasy；historical-fiction,3
47,2023；arc；fantasy,3
48,2023-releases；historical；mythology,3
50,2024-tbr,1
52,fantasy-dystopian；favorites；mystery,3
55,netgalley,1
58,historical-fantasy,1
60,enemies-to-lovers-cat-fishing,1
61,2023-reads,1
62,2023-releases；netgalley-arc,2
63,four-stars；young-adult,2
64,ajsjdkfjksj-that-plot-twist；better-than-expected；books-i-stayed-up-late-to-read,3
67,2023；reviewed,2
68,dnf,1
70,2023-releases；fantasy；historical,3
73,fantasy；forbidden-romance；historical-fiction,3
74,fantasy；historical,2
77,historical-fiction；magical-realism；mythology,3
79,2023-anticipated-releases；4-stars；fantasy,3
81,4-star-reads；books-i-own；do-you-believe-in-magic,3
82,arc-reviews,1
83,2024-favs；fantasy；fav-covers,3
84,2023；decent-enough；fantasy-adventure,3
85,2023；netgalley-and-edelweiss；ya,3
86,2023-releases；arcs；reviewed-2023,3
88,latin-american-author-books；looking-forward-to-read-asap,2
90,historical-fiction；ya-fantasy,2
91,book-reviews；fantasy；historical,3
92,botm；fantasy；historical-fiction,3
95,botm,1
98,already-on-kindle-shelf；owned-books；physical-tbr,3
99,2023-reading；audiobooks；books-for-review,3
102,fantasy；historical-fiction；romance,3
104,polite-society,1
105,got-an-arc；gotta-read-for-work；library-order-considerations,3
107,arc；kids-and-ya；sf-f-h,3
108,archaeology-is-awesome；ya,2
115,fairyloot；meh-that-was-disappointing,2
116,arc-reviews,1
117,5-star-reads；favorite-all-time-books,2
122,adventure-seeking-consequences；botanicals-flowers-trees-plants；bulliesnjerks,3
124,2024-shelf；fantasy；fantasy-romance,3
125,owned-books,1
130,2024,1
139,2024-reads；romantasy,2
142,2023；booktok,2
143,contemporary；young-adult,2
144,ya-books-worth-reading,1
146,favorites,1
151,unfinished-series-bc-ash-and-sash,1
152,arcs；five-stars,2
154,favorites,1
157,did-not-finish,1
159,fantasy；historical；read-in-2023,3
160,arc-s-netgalley-and-edelweiss；fantastico-fantastics-scifilicious；prince-or-pauper,3
162,2023；arc；own,3
163,favourites-2024；historical-fiction；in-a-series,3
164,books-i-own；love-it,2
165,bookclub,1
166,2023；diversity-across-genres；fantasy,3
167,2023；genre-historical-fiction,2
168,authors-of-color；fantasy；historical-fiction,3
170,2023；arcs,2
171,2023-in-books；fantasy,2
173,fantasy；history,2
175,arizona；hardcover；own-book,3
181,2023-releases；arcs；historical-fantasy,3
183,2023；ebook；rivals-to-lovers,3
186,action-adventure；historical；magic,3
189,4-star-may-reread-recommend；action-adventure；age-young-adult,3
190,review-copy；ya-fantasy；ya-historical,3
192,2023-11-november；netgalley,2
196,best-ya,1
199,goldsboro；releases-2023；series-i-need-to-finish,3
202,2023；blog-library；english,3
207,favorite-4-stars,1
209,netgalley-arcs,1
212,fantasy；historical-fiction；romance,3
215,4-stars,1
217,fantasy-i-have-read,1
219,bipoc-and-aapi-reads；fantasy,2
221,fantasy；february,2
222,adventure；cultural；historical-fiction,3
224,2024-favs；fairy-loot-ya,2
225,quest-spring-2024,1
226,e-book；fantasy；historical-fiction,3
229,2024,1
234,personal-library,1
238,book-reviews；jaw-dropping,2
242,arc；best-of-2023；best-of-fiction,3
250,arcs；fantasy；historical-fiction,3
252,arcs；netgalley,2
256,2023；arc；eng,3
258,gloomy,1
267,library,1
268,reviews,1
270,2023,1
275,2023-reads；netgalley；new-year-releases-2023,3
284,fairyloot；ya-ya-fantasy,2
285,favorites,1
287,2023；africa；era-regency,3
288,botm-books；five-stars；read-in-2023,3
290,audiobook-life,1
292,audiobooks,1
294,audiobook；fantasy；historical-fiction,3
