Row,Tags,Tag_Count
6,digital-copy,1
7,2023；adult；fantasy,3
9,library-books,1
14,giveaway-or-galleys；let-my-mom-borrow；magical-realism-books,3
15,4-stars；contemporary；fantasy-paranormal,3
16,arc-received,1
17,2023；library；owned-read-unhauled,3
18,2023-all；2023-new；library-ebook,3
22,fantasy；netgalley；romance,3
23,2023-releases；3-star；age-adult,3
24,2-star-read；2023；52-books-2023,3
28,2023-books-read；insta-love；magical-realism,3
30,favorite-covers；netgalley-arc,2
31,autumn-reads,1
32,audio；july-2023-reading-list,2
36,2024；24-audio；audio,3
37,dnf；fantasy,2
43,arc-reads-2023；book-reviews；fantasy-reads,3
47,dnf,1
49,2023-audiobooks,1
50,adult-lit；fantasy；light-cozy-reading,3
54,arcs；books-i-own；recs-2023,3
57,2023-releases；for-lonely-readers；paranormal-romance,3
68,2023-reads；listened-to-audiobook；release-in-2023,3
72,read-romance,1
88,2024,1
91,2024；2024-woc；contemporary-romance,3
93,2023-reads,1
99,2023；netgalley,2
107,netgalley,1
108,fiction,1
118,received-from-publisher,1
128,contemporary；magical-realism；series,3
130,5-star-read-2023；contemporary-fiction；fiction-womens,3
131,bipoc-main-character；culture-and-diversity；library-check-outs,3
134,magic-realism；romance,2
135,family-drama；magic-realism；mothers-and-daughters,3
139,audiobook；dnf,2
142,4-star-reads,1
147,contemporary；romantic,2
148,2023；genre_magical-realism；rating_2stars,3
149,my-reviewed-books；summer-reading-2023,2
150,books-about-books；contemporary-romance；cosy-fantasy,3
154,audiobooks；fantasy；review-books,3
160,2023；audio；fantasy,3
163,2023-releases；bipoc-authors,2
164,review-copies,1
179,2023-reads,1
181,audiobook；librarybook；read-2023,3
182,2023；hispanic-heritage；mexico,3
185,magic；magic-modern；magic-realism,3
193,2023；canada；fantasy,3
197,contemp-catch-all,1
200,2024-reads,1
202,stand-alones,1
203,arcs；fantasy；netgalley-arc,3
205,books-i-own,1
210,2023,1
213,cosy-fantasy；fantasy,2
217,bookshelf；favorites,2
218,arc；magic；read-in-2024,3
223,magic-realism,1
230,dnf,1
234,speculative-romance,1
236,fantasy；fiction；romance,3
237,fantasy；romance,2
239,fantasy；favorites；library-2023,3
243,books-that-mention-ucla,1
245,2023；netgalley,2
248,audiobooks-from-library,1
250,2023；romance,2
264,about-books-writing；fall-reads；family-drama,3
278,2023,1
281,auidobook,1
282,at-the-res-hall-libraries；audiobooks；fantasy,3
286,fantasy；netgalley；netgalley2023,3
288,2023,1
