Row,Tags,Tag_Count
1,netgalley,1
2,netgalley,1
3,arc；curvy-woman；ecopy,3
4,5-stars；arc,2
5,adult-romance；chick-lit；contemporary-fiction,3
6,netgalley,1
8,arcs-netgalley-giveaways-to-review；paranormal-romance；witches,3
9,4-star-read；audio-book；netgalley,3
10,netgalley；own-print；paranormal-romance,3
11,advance-review-copy,1
12,arc；netgalley,2
13,netgalley,1
14,fantasy；publication-2023；romance,3
15,2023-4-stars；2023-arcs；2023-releases,3
16,book-boyfriends；fantasy；favorites,3
18,giveaway-arc；owned,2
19,demons；magic；paranormal,3
21,netgalley；read-in-2023；theyre-tattoos-not-ink-or-tats,3
24,arcs-2023,1
26,fantasy-scifi；netgalley-arc,2
29,2022；adult-romance；netgalley-edelweiss,3
34,2023-read-around-usa；audiobook；fantasy-scifi-spec,3
37,2023-reads；netgalley-arcs,2
39,arc-reads；netgalley；spooky-season,3
42,netgalley-books,1
47,netgalley；paranormal；read-2023,3
52,arcs-or-gifts,1
54,two-star-reads,1
58,netgalley,1
59,e-arc；net-galley；physical-arc,3
62,books-in-a-series-romance；fantasy；netgalley,3
63,netgalley,1
64,2023-anticipated-releases,1
65,2023-arcs,1
68,netgalley,1
71,2023-releases,1
72,netgalley,1
73,coveted-bookshelf-status,1
79,paranormal；romance,2
80,netgalley-arcs,1
81,2023；23-in-2023；fantasy-paranormal,3
87,read-2023,1
92,shaes-library,1
95,read-in-2023,1
97,2023-reads,1
98,paranormal；romance；urban-fantasy,3
100,big-girls-need-love-too；fantasy；fiction,3
102,arrangement；cinnamon-roll-hero；contemporary-romance,3
103,2023-most-anticipated；arc；read-in-2022,3
107,2023-release；arc；romance,3
110,2022,1
111,netgalley；romance,2
112,netgalley-arc；pnr,2
117,angels；demons；dual-point-of-view,3
124,chik-lit；contemporary；fantasy,3
126,2nd-chance；contemporary-romance；enemies-to-lovers,3
128,paranormal；read-2024；review,3
130,netgalley,1
131,netgalley,1
132,action-packed；cliff-hanger；easy-to-read,3
134,audiobooks；netgalley,2
135,arc,1
137,2022；arc；magic,3
139,arcs,1
141,arc；big-sis,2
142,arcs,1
143,3-stars；audio-book；paranormal-romance,3
149,arc-netgalley-giveaway；favorites,2
150,2022；netgalley；witchlife,3
151,arc；contemporary-romance；enemies-to-lovers-romance,3
152,contemporary-romance；paranormal；romance,3
161,books-i-own；books-won-off-goodreads,2
164,my-shelf-irl,1
165,arc-review；forced-proximity；grump-sunshine,3
166,contemporary；physical-book；rom-com,3
172,arcs-i-have,1
173,arcs；check_for_sequel；owned_ebooks_read,3
175,netgalley,1
176,netgalley；paranormal-romance,2
181,2023,1
182,apollycon-2023,1
187,netgalley,1
190,i-own-this-book；kindle；netgalley,3
193,2024；adult；audiobook,3
197,arcs；demon-romance；enemies-to-lovers,3
204,netgalley,1
212,netgalley,1
213,2022；arcs；dnf,3
215,netgalley,1
224,purchased-or-free-on-kindle,1
234,adult-fiction；arc；netgalley,3
238,netgalley,1
247,read-2023,1
250,5-star；fantasy；paranormal,3
252,free-netgalley-arcs；genre-fantasy；genre-romance,3
258,2022-reads,1
259,2023-book-goals,1
261,fantasy；netgalley；review-copy,3
263,best-of-2022,1
266,2023；net-galley；ngt,3
267,2023-new-release-challenge；netgallery,2
268,arc,1
271,netgalley-2023,1
272,1rom-com,1
275,physicallllll,1
276,arcs,1
281,contemporary-romance；enemies-to-lovers；erotic-romance,3
282,netgalley,1
283,netgalley,1
285,from-netgalley；read-as-audiobook,2
286,3-star；grumpy-sunshine；netgalleyarc,3
287,family-drama；fantasy；paranormal-romance,3
288,arcs,1
292,2023-releases,1
294,other-reviews,1
296,net-galley,1
297,2022-book-list；netgalley,2
