Row,Tags,Tag_Count
2,netgalley,1
5,netgalley,1
7,fantasy,1
8,arcs；books-that-speak-to-my-soul；fantasy,3
11,fantasy-all-subgenres；fantasy-epic-or-high；lgbtqia,3
12,arc；dark-fantasy；epic-fantasy,3
18,audio；dnf；overdrive,3
19,arcs；netgalley,2
22,arcs；thanks-i-hate-it,2
23,adult-sff-horror；arcs-physical；reviewed,3
27,arcs,1
29,epic-fantasy；fantasy；tbr-2023,3
30,2023-aty；2023-books；fantasy,3
36,addictive；beautiful-characters；beautiful-world-building,3
37,fantasy,1
41,fantasy；netgalley,2
43,classic-fantasy,1
45,2023-releases；arcs；fantasy,3
48,netgalley,1
50,netgalley-reviews,1
55,fantasy；published-in-2023,2
58,2023,1
63,author-publisher-arcs-copies；netgalley；read-2023,3
64,arc；dnf；fantasy,3
67,gifted,1
69,past-arcs,1
70,fantasy；favorites-2023；high-fantasy,3
74,2023；5-star-books；fantasy,3
79,bad-past；bad-present；demon,3
80,arcs,1
82,e-arc,1
83,genre-sff-epic-fantasy,1
84,netgalley,1
85,adult；arcs；fantasy,3
86,2023；fantasy,2
88,collection-arc-2023；genre-fantasy,2
90,fantasy-bingo-2023；nhsggc-reading-challenge-2023,2
93,5-stars；fantasy-scifi；favorites,3
102,arcs；read-fantasy,2
103,dark-fantasy,1
108,fantasy,1
110,2023,1
115,audiobooks；fantasy,2
118,fantasy,1
121,ongoing-favoritess,1
122,fantasy,1
135,series-to-finish,1
136,e-book,1
137,2023；favorites；year-s-best,3
141,fantasy,1
142,arc；fantasy；read-2024,3
144,reviewed,1
146,fantasy；series,2
148,netgalley,1
150,2023；baked-potato；waiting-for-sequel,3
151,fiction；netgalley；sff,3
152,ebook；netgalley；twitter-writers,3
155,adult；chosen-one；fantasy,3
160,arc；fantasy；wishlist,3
162,4-star；adult；cozy-fantasy,3
164,contemporary-fiction；fantasy,2
165,2023,1
168,2023-reads；arcs；ya-and-adult-fantasy-sci-fi,3
170,audiobook；fantasy,2
171,fantasy；military,2
173,plant-writing,1
174,arc-reviews,1
181,sci-fi-fantasy,1
183,fantasy；netgallery；reading-list-2023,3
185,classic-fantasy,1
197,fiction；read-2023,2
198,2023；adult；epic,3
199,2024-soulsbourne-reading-list；souls-like-maybe,2
202,netgalley,1
203,books-i-own；books-i-own-have-read；fantasy,3
205,pathways-of-magic,1
206,arc；fantasy；quotes-pulled,3
209,2023-reading-challenge；fantasy,2
211,dnf-series,1
213,yep-yep,1
216,dnf,1
218,did-not-finish；fantasy；read-in-english,3
221,kindle,1
228,allfantasyallthetime；favorites,2
230,2023；broken-binding-edition；creatures,3
232,600-pages；buddy-read；celtic,3
242,dnf,1
244,arcs,1
252,fantasy,1
253,fantasy,1
255,2023-books-i-read；adult-fiction；owned-audiobook,3
268,2023；fantasy,2
269,alternnate-history；things-i-left-unfinished,2
276,dnf,1
278,2024；fantasy-high,2
283,netgalley,1
290,to-read-2023,1
296,fantasy,1
