Row,Tags,Tag_Count
0,dark-academia,1
1,adult；bisexual-rep；dark-academia,3
2,all-time-favorites,1
8,adult；fantasy；how-disappointing,3
9,4-stars；adult-fantasy；owned-read,3
10,fall-tbr,1
11,dnf,1
12,indie,1
13,favorites,1
15,2023-five-star-reads；a-certain-feeling；top-10ish,3
16,favorites,1
17,characters-i-love,1
24,beautiful-writing；god-tier-fantasy；god-tier-romance,3
25,favorites,1
26,fantasy-adult；fantasy-poc；in-the-nook,3
27,2023-reads,1
30,dnf,1
31,2024-reads,1
32,academic-rivals-to-lovers；all-time-favorites；i-would-die-for-these-characters,3
33,all-times-fav；fave-of-2023；indie-faves,3
39,gloomy,1
40,deceptions,1
43,dark-academia,1
55,favorites-of-all-time,1
56,dnf；fantasy；fiction,3
57,fantasy；first-in-series,2
60,5-star-reads；favorites,2
61,dnf；fantasy；read-in-2023,3
63,reviews,1
73,2023-releases,1
74,fantasy,1
76,faves；recommendations,2
82,read-before-you-die,1
86,fantasy,1
88,magical-forests；sff-speculative,2
89,favourites；lgbtqa；witches,3
92,2023-goal-1-own-voices,1
95,2023；favs；owned,3
96,2023-reads,1
98,autumn-recs；dark-academia；fantasy,3
99,yearning,1
101,book-tok；buddy-cop-thriller-murder-mystery；dnf,3
106,2023；2024；favourites,3
108,books-that-make-up-my-soul；favorite,2
109,2023-reads,1
111,2024-reads,1
112,p-e-r-f-e-c-t-i-o-n,1
113,adult-fantasy,1
116,my-god-tier-reads,1
117,lgbtqia,1
119,2024,1
121,romance,1
123,fantasy-magic,1
125,fantasy；hard-copy-reads；own-in-hard-copy,3
128,almost-favorites,1
134,favorites,1
135,ebook,1
136,favourites,1
141,read-in-2023,1
143,read-in-2023,1
144,4-stars；adult；fantasy,3
146,bookish-swifties-reads；sept-readathon,2
147,witchy-reads,1
151,dnf,1
152,w-lgbtqia-rep,1
153,books-i-own；own-but-havent-read；physical-books,3
154,dnf,1
159,adult；transrightsreadathon2024,2
162,dnf,1
163,fantasy；witch,2
167,2023,1
173,2023-faves；faves-all-stars-ed；genre-cozy-fantasy,3
175,2023-releases-im-excited-for,1
178,dropped,1
179,aburrido；academia-colegio-escuelas-privadas；brujas,3
184,2023,1
185,books-23,1
189,2023；enemies-to-lovers；fantasia,3
191,fantasy；romance；smut,3
195,2023；queering-my-shelf,2
198,e-books；read-in-english,2
199,fine-fours,1
201,adult-i-guess；contemporary；family,3
203,bipoc-author；fantasy,2
208,absolute-faves,1
209,read2023,1
213,favourites,1
214,fantasy-romance,1
216,2023；arc,2
217,books-i-own；fantasy,2
218,fantasy；romance,2
220,bisexual-disasters；immaculate-vibes,2
221,arc-s；ebooks；favorites,3
224,arcs,1
229,march,1
235,favorite,1
237,contemporary；fantasy；magic,3
240,dnf,1
257,gothic,1
262,favorites,1
273,all-time-faves,1
275,us,1
280,2022-reads,1
288,favorites,1
290,academia；awful-mls；disappointing-endings,3
292,favorites,1
297,2023-favorites,1
