Row,Tags,Tag_Count
0,2023-releases,1
3,fantasy-romance,1
4,fantasy,1
5,advance-reader-copy；drama；fantasy,3
6,adult；ebooks；fantasy,3
8,fantasy-romance,1
11,fantasy；kindle-ebook,2
15,2023-release；23-books-for-2023；anticipated,3
21,beautiful-covers；best-of-the-best；brb-gotta-kill-myself,3
22,fae；fantasy；romance,3
31,adult；age-gap；dark-romance,3
34,fae；fantasy；romance,3
49,adult-fantasy；badass-fmc；cliffhanger,3
52,for-becca,1
56,desaf-o-2023；fantasía；favorites,3
57,fantasy-romance；forced-proximity；spice,3
58,december-tbr,1
59,angst-whore；bad-bitches；book-bae,3
62,abuse；action；epic,3
63,2023-anticipated-release；enemies-to-lovers；faerie-folk,3
73,romance-fantasy-pnr,1
76,antihero；cliffhanger；dark-fantasy,3
79,raven-kennedy,1
84,fae-faerie-inspired,1
107,give-me-fantasy-or-give-me-death,1
112,fantasy；new-adult,2
113,2023；highlight；own-physical,3
114,2024-reading-challenge；5-stars-of-2024,2
118,2024,1
119,books-i-own,1
120,dark-fantasy；fae-fantasy；forbidden-love,3
121,2023-anticipated-releases,1
127,fantasy；kindle；romance,3
136,4-stars,1
141,2023-reads,1
146,2023-release；arc；ebook-reads,3
148,3-star-reads；adult-fiction；fantasy,3
150,audiobook,1
154,ethereal-otherworldly,1
165,adult；amnesia；fae,3
174,04-2024；will-finish-later,2
175,fantasy；mythology；retellings,3
182,on-my-shelf,1
184,fantasy；kindle-unlimited-reads；spice-spice-and-everything-nice,3
189,fantasy,1
195,vo,1
205,epic-high-fantasy；favorites；retelling-mythology,3
209,fantasy；new-adult；romantasy,3
212,physical-shelves,1
213,fantast,1
215,adult；fae；fantasy,3
222,2024；read-fantasy,2
226,books-i-physically-have,1
230,2024；favorites,2
233,favorites,1
241,fae,1
246,fantasy；read-2023,2
248,2023,1
252,fae,1
254,05-stars；got-2023；own-a-copy,3
260,all-time-favorites；year-2023-favorites；year-read-2023,3
264,1rom-com；4podcast,2
266,wishlist,1
273,2023；annotated；favorites,3
276,fantasy；historical-fantasy；mythology,3
279,2023-most-anticipated；end-of-year-tbr-2023,2
284,dual-pov；fantasy；forever-favorite,3
287,2023-reads,1
290,fantasy；kindle-unlimited；romance,3
297,best-couples；book-boyfriends；disappointment,3
