Row,Tags,Tag_Count
0,2023-reads；arcs；enemies-to-lovers,3
1,western,1
3,2023；fiction；lgbtqia,3
4,arc；auth-f；sf-f-h,3
7,science-fiction,1
9,2023-read；book-tour；own,3
10,lbgtq；netgalley；science-fiction,3
12,2023；read-for-review,2
14,2023；4-star；fiction,3
15,2023；adult；arc,3
16,arcs,1
17,2023-books；arcs；bookshelf,3
18,2023-reads；lgbtqiap；sapphic,3
25,netgalley；wlw-recs,2
26,read-2023,1
28,lgbtq-books；space-gays,2
31,friend-recos；new-tbp；science-fiction,3
32,read-in-2023,1
38,tbr-kindle,1
39,2023；lgbt；sapphic,3
40,netgalley；science-fiction,2
41,never-again,1
44,netgalley,1
45,netgalley-arcs,1
46,2023；arc；reviewed,3
49,lgbt,1
50,netgalley,1
59,hornsby-library,1
60,queer-rep；scifi,2
64,4-stars；adult-science-fiction；read-in-2023,3
65,science-fiction；space,2
71,adult,1
72,2023,1
73,best-read-in-2023；fucked-up-in-so-many-ways；girls-kicking-ass-and-taking-names,3
74,1-fiction；3-adventure；3-future-speculative-dystopian,3
82,netgalley；netgalley-audio-books,2
83,favorites；lgbtq,2
86,2023；science-fiction,2
87,03-march-2023；2023；lgbt,3
89,lgbt；netgalley；sci-fi,3
91,dystopian；owned；past-challenges-275-in-2023,3
94,2023-challenge-books；kindle-reads；sciencefiction,3
95,favorite,1
97,academiesque；arcs；disability-mental-health-rep,3
98,2022-faves；arc；read-2022,3
107,arc；audiobook；lgbt,3
110,netgalley；queer；sci-fi,3
111,adult；lgbtq；read-in-2023,3
114,post-apocalyptic,1
115,fabulous-fiction；favourites；sacred-science,3
116,2024-read,1
117,net-galley；science-fiction,2
119,kindle-tbr,1
121,alien；sci-fi；ya,3
127,arc；arc-owned；signed,3
129,2023-releases；arcs；lgbtq,3
130,badass-women；lgbtq；queer,3
133,netgalley,1
138,2023-finished；5-stars；arc,3
139,2023-releases；netgalley-arcs；rainbow-flag-emoji,3
140,sci-fi-fantasy-book-club,1
142,2023,1
143,2020s；arc-review；audiobook,3
145,climate-fiction；dystopian；lgbtq,3
148,lgbt；netgalley；sci-fi,3
149,arc-read,1
150,2023,1
154,favorites,1
155,2023-netgalley；audiobooks,2
157,2023；adult；apocalyptic,3
158,my-collection；queer-books,2
160,female-author；lgbtq；rc-committee,3
172,sf-f,1
176,favorites,1
184,2024-books；2024-favourites；lgbtq-books,3
193,2023-releases；owned-books,2
199,netgalley,1
200,owned；physical；read-in-2023,3
201,lgbt；sci-fi,2
209,owned-books,1
213,audiobook；sci-fi；wlw,3
214,books-i-dont,1
218,romance；scifi,2
221,2023；adventure；cli-fi,3
224,lgbtq；not-amazing-but-not-terrible；read-in-2024,3
237,reviewed-elsewhere,1
242,science-fiction,1
244,read-in-2023,1
245,i-love-the-library；sci-fi,2
255,books-read-in-2023,1
258,female-main-char；sf,2
267,dnf,1
271,dnf,1
285,read-2024,1
286,2024；digital；library,3
287,physical-tbr,1
292,dnf-did-not-finish,1
295,2024,1
