Row,Tags,Tag_Count
0,angels；demons；diverse,3
1,angels；not-released；paranormal,3
4,2023-reads；buddy-read,2
6,fantasy；freaky-supernatural-adventures；read-this-if-it-kills-you,3
8,books-id-save-from-fire；historical；physically-owned,3
9,୨୧-they-survived-the-great-war；a-2023-favorites；a-m-o-r-t-e-n-t-i-a,3
10,2023-release；fantasy,2
12,angels；audiobook；demons,3
14,boring；fantasy；reviewed,3
15,fantasy,1
16,chefs-kiss,1
18,fantasy；fave-gentlemen；fave-ladies,3
21,adventure；historical-fiction；lgbtq,3
23,2023；2023-5-stars；they-always-hit,3
24,fantasy,1
25,fantasy；favorites,2
26,would-do-anything-to-have-this,1
27,would-sell-my-soul-to-read-this,1
28,anticipated-2022-releases,1
29,2023；genre-fantasy；genre-historical,3
30,cassandra-clare；fantasy,2
31,3-stars；annotated；best-siblings,3
33,2023-anticipated-release；fantasys-aka-my-ultimate-fave-genre；favorite-foreva,3
35,anticipated-2023；cassandra-clare；fantasy,3
36,2021-and-beyond；take-my-money,2
39,much-anticipation,1
41,9s；angels-and-demons；badass-women,3
42,2023-reads,1
43,2023；fantasy；hated,3
44,4-good-reads；friendships-and-co-that-i-love；lgbtqia,3
45,a-own；audiobooks；queer,3
46,fantasy；read-in-2023；ruined-the-series,3
47,en-celular；english；los-que-odié,3
49,almost-favourites,1
50,all-time-fav；cover；ebooks,3
51,2023-3-stars,1
52,family-dynamics；fave-protagonists；found-family,3
53,2023；owned；series,3
54,2023-reads；comfort-books；favorites,3
55,2023-anticipated-releases；chosen-ones；creative-mc,3
56,best-fantasy-books；favoritess,2
59,3-stars；read-2023,2
60,audience-young-adult；format-audiobook；genre-fantasy,3
63,disappointing；young-adult,2
65,fucking-magical；write-review；young-adult,3
67,2023-releases；books-i-own；favorites,3
68,fantasy；fav；have-2-pry-out-of-my-cold-hands,3
69,2023-releases；fantasy；paranormal,3
75,2023-reads；fantasy；good-covers,3
76,a-list-favorites；bechdel-test；book-boyfriend,3
78,4stars；cassandra-clare；lgbt-characters,3
79,2022-releases；i-have-waited-my-whole-life-for-you,2
85,anticipated-releases；fantasy-recs,2
91,favorites,1
105,2023；anticipated-2023；owned,3
106,own-audible；own-hardcover；queer,3
110,05-stars；ya-lgbtq；ya-sf-fantasy,3
113,disappointed-tbh,1
114,2023；fantasy,2
116,indigenous-or-protag-of-colour；lgbtqiap-all；lgbtqiap-f-f,3
118,2023,1
119,fantasy,1
125,2023-reads；audiobook；completed-series,3
128,fantasy,1
129,books-2022；physical-book,2
131,diverse-reads；fav-ships,2
132,favourites,1
134,5-star-2023,1
136,all-time-favorites,1
137,2023；lgbtq,2
139,fantasy,1
140,2023-tbr,1
142,best-fantasy；enemies-to-lovers；fantasy-romance,3
146,2023；english,2
154,fantasy,1
155,format-print；genre-ya-fantasy；rated-4-stars,3
156,i-love-their-love；made-me-cry,2
163,favorites,1
165,queer,1
167,most-anticipated-23,1
169,sequels-to-read,1
170,bane-of-my-existence,1
174,2023-reads；4-stars；book-series,3
175,2023,1
177,favorites；wanna-buy,2
179,fantasy；read-2023,2
182,dnf；young-adult,2
183,books-i-own；has-not-come-out-yet；i-m-a-little-afraid-to-read-this,3
185,most-anticipated-releases,1
187,4-star-reads；angelic-characters；books-i-own,3
190,books_i_absolutely_dislike；fantasy；read-in-2023,3
191,genre-ya-fantasy-sci-fi,1
193,cdfc,1
195,2023-releases,1
197,fantasy,1
202,400-plus-pages；5-star；fantasy,3
203,2024；favorite-books,2
208,2023-favourites；2023-releases；read-in-2023,3
218,ya-paranormal；ya-series,2
220,cassandra-clare；fantasy,2
221,bi-pan-rep；fantasy；gay-rep,3
223,favorites；personal-collection,2
225,2023-reads；cool-covers,2
227,2022-releases；shadowhunters,2
228,fantasy-and-sci-fi；read-in-2023；young-adult,3
229,bisexual；demons；end-art,3
238,ensemble-cast；i-love-you-more-than-starlight；just-another-hot-sad-dark-haired-bo,3
241,read-in-2023,1
243,2023-tbr,1
245,owned-books,1
246,audiobook；lgbt；read-in-2023,3
248,2023；received-from-pan-macmillan-sa,2
250,citazioni；fantasy；romance,3
251,brujas；childhood-crush-to-lovers；fantasía,3
252,2023-reads,1
255,2023-releases；favorites-2023,2
256,read-2023,1
257,favorites,1
258,fae-and-faeries；ghosts；historical-romance,3
264,2023；disappointments；made-me-suffer,3
267,fantasy-etc,1
269,adventure；historical；humour,3
278,fantasy,1
284,2023；fantasy；historical-fantasy,3
287,2023-priority-releases；2023-reads；4-star,3
289,2023；2023-books-hauled,2
290,audiobook；lgbtqia；paranormal,3
292,2023-reads,1
296,completed-series；diversity；fav-friendship,3
298,fantasy,1
