Row,Tags,Tag_Count
0,my-stuff,1
2,arc,1
3,black-lead；space,2
4,arcs-and-galleys；review-copy；science-fiction,3
6,read-2024,1
7,space-opera,1
8,2023-fiction；2023-reading-challenge；did-not-finish,3
11,giveaways；science-fiction,2
13,speculative-fiction,1
14,novels；politics；racism,3
17,arcs；lgbtq-representation；sci-fi,3
19,lgbtqia；sci-fi-current,2
22,read-in-2023,1
23,audiobook；disappointed-due-to-the-hype；diverse-reads,3
26,did-not-finish；edelweiss；sci-fi,3
27,physical-tbr,1
28,2023-release；lgbt-queer；sci-fi,3
32,black-authors；female-led；horrors-of-war,3
34,2024-read,1
36,2023；science-fiction,2
37,1-fiction；3-future-speculative-dystopian；3-sff,3
38,sf-fantasy,1
40,netgalley,1
42,giveaways,1
43,advanced-reading-copy；fucked-up-in-so-many-ways；lgbtqai-protagonists,3
50,authors-of-color；sci-fi；women-authors,3
51,arc；lgbtq；read-2023,3
53,fantasy,1
54,books-read-2023,1
56,arc；audience-new-adult；contains-queer-rep,3
57,owned-and-read,1
58,libro-fm,1
59,2023-release,1
61,2023-releases；arcs；free-or-won-in-giveaway,3
62,lgbtqa-rep；science-fiction,2
65,genre-scifi；rating-3-stars；released-2023,3
67,2023-debuts；hapa-authors；sff,3
71,cultural-differences；library；sci-fi,3
72,sci-fi,1
74,arc；read-2023,2
77,favorites,1
78,2023-books-read,1
79,audio,1
81,2023；owned-books；sci-fi,3
83,audiobook-read；judged-a-book-by-its-cover；read-in-2024,3
85,2023；lbgtqia；library,3
89,2023release-july；goodreads-giveaway；on-my-shelf,3
91,blackitty-black；queer-rep；read-2023,3
93,giveaways,1
94,dnf；has-gay-or-bi-characters；has-non-cis-characters,3
95,science-fiction,1
96,netgalley,1
106,sci-fi；writers-of-color,2
107,kemi-ashing-giwa；science-fiction；space-opera,3
109,i-love-the-library；sci-fi,2
110,queer；sci-fi,2
115,anticolonial-mannerpunk；brutal-women；hooray-for-queers,3
117,2023；fantasy-spec-fic；spec-fic-standalones,3
118,fantasy；fiction,2
119,2023；aoc；e-book,3
121,black-authors；read-in-2024,2
122,authors-of-color；sci-fi,2
126,audio-listened-to-this；bullying；diversity,3
129,partial-read,1
130,ov；sci-fi-fantasy,2
131,sci-fy,1
132,2023-releases；scifi,2
133,give-aways,1
134,sci-fi,1
135,dnf；read-2023,2
143,bnwfneb；library-book；new,3
144,2023；sci-fi,2
149,sci-fi,1
153,trash；woke,2
157,did-not-finish,1
160,2024；lgbtq；science-fiction-dystopia,3
161,blerd-books；fantasy_godpunk；scifantasy,3
162,f-scf-the-final-frontier；queerio,2
163,audio；author-of-colour；lgbtqia,3
167,audiobook；libby-overdrive,2
168,audio-book；read-in-2024,2
169,author-1-african；fantasyz-rfbingo-2023-hm1234；genre-lgbtq,3
170,black-authors；black-book-stack；goodreads-giveaways,3
172,dark,1
