Row,Tags,Tag_Count
3,book-boyfriends；favorites；reverse-harem,3
4,fae；magical-sue；mf,3
9,2023-reading-challenge；alternative-universe；ends-in-a-cliffhanger,3
14,2024-reads；3-stars,2
17,2023-top-reads,1
18,fae；fantasy；modern-fantasy,3
19,ongoing-series-2023；pnr；reverse-harem,3
22,bookeddit-recs；rh；you-own-this,3
23,age-na；genre-fantasy；new-cover,3
26,paranormal-dark-romance,1
28,fantasy；faves-2023；omegaverse-rh,3
29,fated-mates；knotting；not-all-out-yet,3
41,2023,1
42,re-read,1
43,2023,1
44,kindle-unlimited,1
49,fantasy-romance,1
68,cant-find,1
77,abuse；chosen-one；erotica,3
80,2023-books-read,1
93,fantasy；paranormal-romance；reverse-harem,3
100,5-star-reads；badass-heroine；burn-medium,3
