Row,Tags,Tag_Count
0,adult；fantasy；signed,3
4,adult；creatures；ethics,3
6,ebooks,1
7,2023,1
8,action；fantasy；limbo,3
9,2023-novels-novellas-read；read-2023,2
13,sucker-for-the-blurb；sucker-for-the-cover,2
15,novella；science-fiction,2
17,2023-reads；fantasy；popsugar-2023-reading-challenge,3
21,april；fiction；owned,3
22,2023-reads；jri；purchased,3
24,to-be-released,1
25,apocalypse-nowish；conspiracy-theories；cried-actual-tears,3
29,risa-book-club,1
30,fantasy；read-in-2024,2
31,fairytales-n-myths-remixed,1
35,booksreadin2023；ebook；inmycollection,3
42,contemporary-fantasy；fantasy；female-protagonist,3
45,contemporary-fantasy；found-family；novella,3
47,books-that-make-you-think；short-stories；superheroes,3
49,fantasy；its-all-about-the-cover-art；not-tall-tales,3
50,2023；fantasy；magical-realism,3
51,mental-health-issues；superheroes；wars-soldiers-rebels,3
53,e-books-i-own；urban-fantasy,2
55,recs-shelf,1
56,2023-reads；2023-releases；fantasy,3
58,favorites,1
