Row,Tags,Tag_Count
4,my-reviews；netgalley,2
5,audiobooks,1
6,netgalley,1
7,fantasy；favorites,2
10,arc,1
14,arcs；giveaways,2
15,arcs-and-galleys；fantasy；historical-fiction,3
16,arcs,1
17,female-nb-gq-2023；read-in-2023,2
18,netgalley,1
21,netgalley,1
22,2023；arc；fantasy,3
24,adult-books-we-own；fantasy-adult,2
25,historical-fiction；netgalley,2
27,fantasy,1
29,2023；arc；audio,3
31,debuts；disability-books；fantasy-scifi,3
32,arc,1
33,advanced-reader-copies；coming-of-age；epic-fantasy,3
40,arc；auth-f；sf-f-h,3
43,netgalley-arc,1
45,netgalley,1
46,ebook；fantasy；historical-fiction,3
48,disability-reads,1
50,children-young-adult；fantasy,2
56,2023；magic；other-mythology,3
57,2024-reads；fantasy-sci-fi；fiction,3
59,netgalley,1
65,netgalley,1
67,arcs；audiobooks,2
76,fairy-tales；warrior-girl,2
79,fantasy；fractured-fairytale,2
81,2023,1
85,arc-s；standalones,2
86,ebooks；read-in-2022,2
88,arcs；maythology,2
89,read-2024,1
94,fantasy,1
95,2023；arc,2
97,netgalley-reads,1
99,adult；badass-ladies；disability-disorder-mental-illness,3
100,2023；arcs；audiobook,3
101,net-galley；reviewed,2
103,arcs,1
104,arcs-alcs-beta；audiobooks；netgalley,3
110,arc；netgalley,2
112,netgalley,1
114,first-editions；gsff；numbered,3
115,netgalley,1
116,fiction；historical-fiction；library-rental-audiobook,3
123,lent-out；owned,2
124,arc；audiobook；books-i-don-t-own,3
130,2023-january,1
132,arcs-review,1
133,netgalley-arc,1
138,fantasy；mythology；retelling,3
141,read-in-2023,1
143,arc,1
144,2023-books；advanced-reader,2
145,arc,1
147,arc；audiobook；fantasy,3
148,ng,1
149,netgalley,1
154,my-reviews,1
155,audiobook；netgalley,2
157,fantasy；young-adult,2
160,2023-releases；audio；fantasy,3
163,2023；fiction,2
164,arc,1
170,dragons；myth；retelling,3
176,arc；netgalley,2
181,future-home-library,1
182,reviewed,1
189,fantasy；historical-fiction；read-in-2023,3
201,read-2023,1
204,fantasy；mythology,2
207,glasser-recs,1
208,adventure；dragons；fighters,3
215,audiobook-reads,1
216,arc,1
217,2023；fantasy；mythology,3
219,favorites；my-most-treasured-books,2
223,netgalley,1
225,fantasy；historical-fiction,2
228,owned-physical,1
237,fantasy；mythology,2
248,best-friend-romance,1
250,giveaways,1
253,arcs；netgalley,2
254,fantasy；netgalley；netgalley2023,3
262,norse；physical-shelf；women-do-it-best,3
263,arcs,1
264,best-fantasy；favorites,2
268,2023；adult；historical-fiction,3
272,favorites,1
278,fiction；historical-fiction,2
279,fairytale,1
281,2023-reads-137,1
283,did-not-finish,1
289,2023-releases；myths,2
295,clean,1
299,2024,1
