Row,Tags,Tag_Count
0,2023arc；bought-2023；favorite-authors,3
2,witches,1
3,2023-releases；2023-tbr-cleanup-challenge；audiobook,3
4,paranormal,1
11,e-book；netgalley,2
13,dear-god-i-need-these-books-now,1
14,ebook_scribd；favorites-i-do-not-own；uf-series,3
15,owned_audiobook；sff,2
16,netgalley；read-in-2023,2
20,giveaways,1
23,anticipated-2023,1
24,10-oct-2023,1
27,fantasy；horror,2
31,2023-releases；adult；audiobook,3
32,fantasy,1
40,fantasy；magic；paranormal,3
42,adult；contemporary；fantasy,3
43,2023-reading-list,1
45,contemporary-fantasy；fantasy,2
47,fantasy；fiction；magic,3
49,fantasy,1
56,2023-reading-challenge,1
57,netgalley,1
62,sci-fi-fantasy,1
70,fantasy；urban-fantasy,2
71,2023-releases,1
75,2023；own,2
76,21st-century；fantasy,2
79,fantasy；urban-fantasy；zzz-epub,3
82,arcs；giveaways,2
85,magical-realism；urban-fantasy,2
87,audiobook,1
90,fantasy；fiction；urban-fantasy,3
91,2024,1
93,audiobook,1
94,won,1
99,magical,1
100,2023,1
101,2023-books；4-and-a-half-stars,2
103,2023,1
108,audio2023；library2023,2
109,2023-books-read；audiobook；magic,3
113,giveaway,1
116,urban-fantasy,1
119,2023；fantasy,2
122,sff,1
125,been-there-read-that,1
128,2023-audiobooks；finished-series,2
134,audio；fantasy；fiction,3
135,fantasy,1
144,2024；audiobooks,2
149,2023；ebook；fantasy-scifi,3
150,netgalley,1
152,fantasy,1
153,2023；4-stars；books-i-own,3
156,fantasy；fantasy-contemporary,2
158,fantasy；urban-fantasy,2
160,3-and-half-stars；own-hard-copy；read-in-2023,3
