Row,Tags,Tag_Count
0,annoying-character；apocalyptic-dystopian；cheesy-fun,3
1,alpha-male；asshole-male；cocky-motherfucker,3
6,fuck-buddy-read；kinky-fuckery；paranormal-sci-fi-fantasy,3
7,dnf,1
8,2023,1
9,contemporary；dystopia；read-in-2023,3
11,fantasy；reverse-harem,2
13,_genre_apocolypse；_pairing_rh；_steam_3_high,3
17,apocalyptic；arc-reads；boy-obsessed,3
18,2023；bbs-challenge；f-br,3
19,arc；book；fairy-tale-retelling,3
21,age-gap；babies；killing-violence-gore,3
22,erotic-romance；menage-multiple-partners；panty-melting,3
23,2023-reads；kink-breeding；trope-enemies-to-lovers,3
24,2023；doctors-nurses；other-retellings,3
27,age-difference；alpha-male；breeding-kink,3
33,reverse-harem,1
46,2023；reseñado,2
47,rh-dystopian；rh-fairytale-legend-retelling；rh-sweet,3
48,fairy-tale-remakes,1
51,3-stars；age-gap；dystopian,3
52,connected-world；fairy-tale；own,3
53,3-stars；dystopian；rh-mmf-mfm,3
61,2023,1
73,2023-arcs-read,1
74,all-the-lovers；retellings,2
89,read-2023,1
93,arc；fairy-tales-and-retellings；poly-why-choose,3
94,arc；dark-romance；fantasy,3
95,dystopian,1
102,fantasy-pnr-scifi；rh,2
104,why-choose,1
119,2023-reads；darkromance；smutsmut,3
121,bad-bitches；ku-recs；paranormal-romance-x,3
123,2023,1
132,romance,1
140,o-why-choose,1
149,3-star-reads,1
151,2023；apocalypse；breeding-kink,3
156,dnf；dys-utopian-postapocalyptic；reverse-harem,3
159,apocalypse；brothers-in-harem；eh-its-alright,3
161,erotica-smut；retellings；reverse-harem-polyamory,3
