Row,Tags,Tag_Count
0,cinnamon-roll-mc；monster-romance,2
1,cinnamon-roll-hero；hero-blushes；likeable-heroine,3
2,2023；arranged-forced-convenient-marriage；consent-done-well,3
3,arranged-marriage；fantasy-mf；multi-supernaturals,3
4,fae；fantasy；favorites,3
5,fae-faeries-fairies；marriage-of-convenience；no-third-act-breakup,3
6,adult-fantasy-dystopian；arranged-forced-marriage；friends-to-lovers,3
8,cozy；fantasy；fantasy-romance,3
9,2023-releases；fantasy；romance,3
10,ibooks-added；pages-100-300；romance-fantasy-fluff,3
15,arranged-convenience-marriage；demons；dual-virgins-read,3
17,2024-favorites；book-bfs；dual-virgin,3
18,cosy-fantasy；fae；fantasy-romance,3
19,cinnamon-roll-mmc；cozy-reads；dual-pov,3
20,arranged-marriage；disabled-characters；fantasy-romance,3
22,misc-arcs,1
26,1-e-book；arranged-marriage；bonkers-romance,3
31,05-4-stars；zp-2023,2
34,communication；fantasy；hero-has-a-personality,3
35,dual-pov；my-fav-book-boyfriends；quiet-mmc,3
37,read-2023,1
38,fantasy；paranormal,2
41,fantasy-paranormal；kindle-unlimited；monster-alien-vamp,3
46,july-tbr,1
48,dark；fantasy-romance；indie,3
50,23-reads-for-2023；new-releases-23,2
54,kindle-unlimited-2023,1
57,kindle-unlimited,1
62,audience-adult；own-kindle；tag-fantasy,3
65,arcs-2023；smutty-aliens-monsters,2
66,lost-interest,1
71,fae-elves；marriage-arranged-convenience；royals,3
78,04-star；06-romance-chick-lit；23-2023,3
79,arranged-marriage；demons；fae,3
80,arc；arranged-marriage-marriage-of-conv；fae,3
81,kindle-unlimited；romantasy,2
88,pnr,1
92,all-the-feels；arranged-marriage；delightful-hero,3
93,reviewed,1
100,arc-gifted；fantasy；romance,3
101,2023；characters-death-reapers-lichs；characters-vm,3
106,f-sf-for-adults；romances-for-adults；romantic-fantasy,3
112,arranged-marriage；beta-heroes；fae,3
119,1romance-fantasy；cozy；self-pub-or-indie,3
126,amazon-finds,1
132,fantasy；forced-proximity；romance-fantasy,3
135,angels；animal-sidekicks；clairvoyants,3
137,arcs,1
140,0-stars-not-enough-to-rate,1
143,cozy；fantasy-romance；spicy,3
144,a-blip-not-a-climax；dont-reread；fantasy-romance,3
152,read-in-2023,1
154,fantasy-romance；paranormal-romance；romance,3
157,fantasy-pnr-scifi,1
159,kindle-unlimited,1
162,fantasy；romance,2
163,dnf,1
164,fantasy-paranormal-scifi,1
166,romance,1
167,2023-read,1
169,adult；fantasy；romance,3
170,virgin-hero,1
176,fantasy；kindle-unlimited；romance,3
181,fae；fantasy；paranormal-romance,3
182,arranged-marriage；da；series,3
186,fantasy-paranormal-sci-fi,1
188,ebooks,1
191,fantasy；gods；paranormal,3
195,fairytale；fantasy；feel-good,3
199,speculative-romance,1
202,sampled-not-for-me,1
204,ebook,1
205,as-sweet-as-peaches；cute-easy-romances,2
211,romance,1
216,fae；insta-love；m-f,3
218,aliens-monster；grumpy-sunshine；kindle-unlimited-reads,3
220,5-stars；arranged-marriage；paranormal-fantasy,3
222,favorites,1
