Row,Tags,Tag_Count
0,imaginary-world-fantasy；read-as-ebook；read-in-english,3
1,bisexual-love-interest；bisexual-main-character；cover-love,3
4,author-friends；faves；indie-books,3
10,arc；fantasy；lqbtqia,3
12,2023；love-it；queer-stuff,3
13,book-betas-and-arcs；book-i-liked-a-lot；g-fantasy,3
15,indie；queer,2
16,mm-romance-reads,1
17,fantasy；own-a-physical-copy；queer-rep,3
21,adult；ebook；fantasy,3
23,2024；5-1-low-spice；8-physical-copy,3
24,fantasy；lgbtq；scribd,3
28,lgbt,1
30,2023-reads；adult；fantasy,3
32,fiction；lgbtq,2
33,arc；black；cozy-fantasy,3
36,read-2023,1
38,5-star；fantasy-slice-of-life；protag-achillean,3
40,2024-reads-re-reads-and-re-reviews；books-i-d-recommend-to-others；fantasy,3
41,fantasy；romance,2
42,fantasy；romance,2
43,bi-rep；cozy-fantasy；cozy-read,3
45,bi-boys,1
47,tragic-little-gay-men,1
51,fantasy；glbta；hurt-comfort,3
52,2024-challenges,1
55,fantasy；historical；lgbtq,3
56,2023；fantasy；queer,3
58,2023-releases；ebook-tbr,2
60,fantasy-magical-realism；queer,2
63,1ssa；bamfb；cozy,3
64,dnf,1
67,fantasy；the-realistic-couple,2
71,gaybies,1
73,lgbtqiap,1
77,romance,1
78,indie-authors,1
79,2023；3-star-ratings；arcs,3
80,adventure；arcs-that-i-reviewed；epic-fantasy,3
81,favorites,1
82,books-on-kindle；favorites,2
83,once-was-enough,1
85,cozy-fantasy；easy-read,2
88,arc；contemporary-romance；enemies-to-lovers,3
90,favorite-books；lgbtqa-reads,2
94,arc；lgbt,2
95,indie,1
100,2023reads,1
103,arc；high-fantasy；magic-in-another-world,3
105,fantasy；gay；lgbt,3
107,favorites；own-a-copy；own-digital,3
