Row,Tags,Tag_Count
0,_genre_monster；_pairing_rh；_steam_3_high,3
1,monster-pnr-fantasy；why-choose,2
2,dark-romance；fast-burn；fierce-fmc,3
4,2023-read-list；reverse-harem-read,2
5,lovecraftian；monsters；pov-multiple,3
8,2-star；3-stars；adult,3
9,3-plus-stars-good；monster-romance,2
10,dark；erotica；fantasy,3
14,2023-reading-challenge；alternative-universe；contemporary,3
16,fantasy；fantasy-romance；paranormal,3
17,rh-monsters；rh-pnr；shared-world,3
23,paranormal,1
25,reverse-harem,1
26,adult-series；monsters；paranormal,3
33,adult；contemporary；dark,3
36,action-adventure；e-book；family,3
38,digitally-owned；read-in-2023,2
43,monsters,1
44,fated-mates；knotting；mfm,3
54,read-2023,1
58,fairytales-n-myths-remixed,1
61,aliens；fantasy-mid；fiction,3
71,monster,1
76,spicy,1
79,reverse-harem,1
82,kindle,1
84,monster-demon；reverse-harem；smut,3
