Row,Tags,Tag_Count
0,kindle-prime,1
20,aaa-2024；mystery-crime-thriller；sci-fi-fantasy-horror,3
24,miltary-romance-contemp-fut-hist；review-requests；sci-fi-romance,3
25,favorites,1
26,sci-fi-fantasy,1
33,2023；arc；fantasy,3
34,2024-reads；science-fiction；time-travel,3
37,sci-fi-liked,1
47,2024-audiobooks,1
48,2024；audible；blacklit,3
50,own,1
56,2023-read,1
59,dnf,1
60,2023；audiobooks；ebooks,3
63,books-i-had-a-hard-time-reading,1
65,future；military；science-fiction,3
71,2023,1
72,book-review-shared,1
73,2024；miltary；scifi,3
77,2023；adult-fiction；apocalyptic-and-dystopian,3
79,read-in-2023,1
82,unfinished,1
84,adult；dystopia；fantasy,3
85,military-sci-fi；prime-reads；science-fiction,3
88,2024；science-fiction；war,3
89,speculative-fiction,1
94,sci-fi,1
101,sci-fi,1
116,dystopia；science-fiction,2
117,science-fiction,1
120,sci-fi,1
135,military；sci-fi,2
140,keith,1
151,ebook-owned；want-to-read-and-own,2
160,gave-up-on,1
162,dnf,1
167,audible；military；science-fiction,3
213,2024；apocalyptic-dystopian；military,3
219,2023,1
221,on-my-kindle；read-in-2023,2
222,mystery；spec-fic,2
223,2023；thriller,2
