Row,Tags,Tag_Count
0,by-women；novella；sff,3
1,2023,1
2,sf,1
3,f-sf-for-adults；novellas,2
4,grief；not-like-every-other-book-out-there；novella,3
8,arc；auth-f；sf-f-h,3
10,sci-fi,1
11,2024-read；lgbtq；novella,3
15,2023-pub；arc；novella,3
18,2023-releases；essays-novellas-plays-shortstories；netgalley-arcs,3
19,arcs；fantasy；netgalley,3
21,2020s；fantasy；novella,3
22,action；adventure；fantasy,3
25,2023-reading-challenge；netgalley,2
29,fantasy；novella；science-fiction,3
31,2023-books；netgalley；novella,3
35,science-fiction,1
39,2024-reads；bingo-2023；fantasy,3
40,netgalley,1
42,arc；read-2023,2
