Row,Tags,Tag_Count
2,exwishlist；read-in-2023；review-copy,3
5,fantasy；horror；lgbtq,3
9,2023-tbr-cleanup-challenge,1
11,disability；diverse-and-women-authors；fantasy,3
12,collections-single-author；fantasy；science-fiction,3
14,2023-release,1
15,favorite；short-stories,2
17,short-stories,1
22,2024-reading-list；fantasy；horror,3
24,2023；short-stories,2
25,2023,1
26,shorts,1
29,2023-challenge；fiction；sci-fi-and-speculative-fiction,3
30,most-want-to-read；to-read-short-stories,2
35,favorites,1
37,2023；library,2
41,fantasy-magical-realism；story-collections,2
45,author-woman；format-short-stories；genre-fantasy,3
46,story-collection,1
47,2023,1
51,bookclub,1
54,sf-fantasy,1
56,f-sf,1
59,science-fiction,1
60,favourite-short-stories；read-in-2024；short-stories,3
62,rfantasy-bingo；rfantasy-bingo-short-story；scifi,3
63,sff；short-stories,2
