Row,Tags,Tag_Count
0,fine-fours,1
6,sff-ya,1
8,favs；still-crying,2
9,best-reviews；book-boyfriends；emotional-sad-heartbreak,3
11,arc,1
13,2023；audio-hoopla；family,3
14,april-2024；best-book-ever；best-in-2024,3
15,2023；audiobooked,2
17,2023,1
21,binged；dystopian；realistic-fiction,3
27,book-boyfriends；made-me-cry,2
31,favorites,1
34,2023-young-adult；audiobooks；cybil,3
42,2023；audiobook；cybils-2023,3
46,amazon-review；edelweiss；favorites,3
48,giveaways,1
49,romance,1
51,contemporary；sci-fi,2
59,favorites,1
63,romance；sci-fi；young-adult,3
64,romance,1
70,mental-health；tear-jerkers；to-buy,3
85,2023-copyright；audiobook,2
88,young-adult,1
91,2023-staff-fiction-favorites；romance；science-fiction,3
92,friendship；mental-health；psychological,3
96,read-soon；to-read-owned-books,2
100,childhood-friend；death；different,3
102,hard-topics；ya-contemporary,2
104,booksdhasread；wish-i-hadn-t-read,2
105,audiobook；death-of-a-family-member；family,3
107,2023,1
109,finalist；nominated-2023；recommended-2-us,3
113,ya-mlis-class,1
117,death；young-adult,2
122,2024,1
133,leia-mulheres,1
135,2023-reads；made-me-cry；romance,3
136,favs,1
139,3-stars；contemporary,2
