Row,Tags,Tag_Count
3,arcs-read,1
4,adventure；fairytale-retellings；high-fantasy,3
5,anticipated-2023-releases；can-t-waitt,2
7,2023-releases,1
9,walk-the-plank,1
10,drcs；e-book；fantasy,3
11,karcs,1
12,horror,1
13,fantasy；horror；mystery-thriller,3
14,2023-faves；gothic-mystery；spooky-season,3
15,2023-releases；bought-in-2023,2
17,thriller-horror,1
19,netgalley,1
20,past-arcs,1
21,horror,1
22,books-read-2023；fantasy-and-sf,2
25,2023；audiobook；august-2023,3
26,ekpe-s-book-club,1
27,arc-reviews,1
32,best-characters；favourites；lives-rent-free-in-my-head,3
33,faves；faves-2023；fiction,3
34,2023-reads；dnf,2
35,2023,1
36,2023；arcs-to-read；audiobooks,3
37,favorites,1
40,1-2023-releases,1
43,2023-reading-challenge；5-stars-of-2023,2
44,audiobooks；gothic；review-copy,3
49,fairy-tales-and-retellings；fantasy；high-fantasy,3
53,2023；adaptations；apl,3
55,arc-for-review；own；read-in-2023,3
59,read-in-2023；young-adult,2
60,3-stars；young-adult-fantasy,2
61,2023；action；arc,3
65,arc-s-netgalley-and-edelweiss；fantastico-fantastics-scifilicious；horrororor,3
68,arcs；books-i-own,2
69,2023-releases；ebook；fantasy,3
70,audio-books；completed-library-rentals；mystery-suspense-crime,3
72,ya-fantasy,1
76,fantasy,1
77,arc,1
80,fantasy,1
82,2023-reads；fantasy；mythology,3
83,october-2023-tbr；september-2023-tbr,2
92,gothic；ya-fantasy-or-paranormal,2
93,2023-books；autographed-books；fantasy-books,3
94,2023,1
95,2023-read-list；arc-s,2
102,2023-releases；age-young-adult；genre-fantasy,3
108,dark-twisty-stabby-gothic；disability-and-neurodivergence-rep；fairy-tales-fables-and-retellings,3
113,arc；atmospheric；curse,3
118,read-age-ya；read-genre-fantasy,2
120,favorites,1
121,2023-reads；5-stars；fantasy,3
122,physical-tbr；shelved,2
124,to-buy,1
127,read-in-2023,1
128,arc；fantasy；favourite-english-novel,3
129,a-million-stars；atmostpheric；beautifully-written,3
130,gothic；mc-is-a-painter；netgalley,3
131,2023-reads；favourites,2
134,recenzenckie-2023,1
139,2023-anticipated-releases；creative-mc；gothic,3
140,2023-releases,1
143,netgalley,1
145,bipoc-li；disability-rep,2
146,2023-release；paranormal；ya-fantasy,3
147,read-2023；read-ebook-owned；released-2023,3
148,reviews；x-2023,2
149,2024-challenge；4-star；on-my-shelf,3
150,books-i-own；my-loves,2
154,2024；want-to-buy；young-adult,3
157,2023；2023-netgalley-challenge；booktober,3
160,dark-fantasy-horror；fantasy-romance；paused,3
162,mmmmm,1
164,2023-releases；and-then-there-was-romance；arcs,3
165,arcs；books-i-own,2
166,2023-releases；adult-romance,2
167,2023-releases；5-star；best-of-2023,3
168,kids-young-adult-read,1
171,favourites,1
173,female-author；from-library,2
183,fantasy；favorite-authors；library-lend,3
185,audiobooks,1
188,horror；ya,2
199,faves-of-2023,1
201,fantasy；ghosts；horror,3
202,2023-reads；my-library,2
203,read-in-2023,1
205,disability-rep；high-fantasy；netgalley,3
208,arc；horror；young-adult,3
213,2023；audiobook,2
214,2023-reads,1
217,romantasy,1
223,2023-reads；arcs-earcs,2
225,ebook；library,2
228,books-i-own；fav-fantasy；the-bes-tbooks-ever,3
229,2023-year-in-reviews；audiobook；fantasy,3
230,arcs；cover-love；e-books,3
231,full-5-stars；owned；reread-worthy,3
237,betrayal；bookshelf；coming-of-age,3
241,netgalley,1
243,did-not-call-the-twist；morally-grey-love-interest；owned,3
247,read-as-an-arc；read-print-copy-in-my-library,2
248,gothic；horror,2
252,netgalley,1
259,owned,1
262,2023,1
263,owned,1
267,audiobook；fantasy；female-leads,3
270,2024-reads；fantasy-sci-fi；fiction,3
271,arcs；net-galley,2
273,2023-reads,1
277,kenny-s-physical-library,1
278,fantasy；mystery-thriller-horror；personal-library,3
281,anticipated-2023-releases；cover-love；horror,3
283,advanced-reader-copies；fantasy；retellings,3
284,books-i-own；favorite-fantasy-books；favorites,3
286,fantasy；mystery；romance,3
289,ya-fantasy,1
296,netgalley,1
298,books-i-own,1
