Row,Tags,Tag_Count
2,bingo-2023；read-in-2023；science-fiction,3
5,aty-2023；audiobooks；sci-fi,3
6,audiobooks,1
7,dystopian；netgalley；science-fiction,3
8,black-author；british-author；science-fiction,3
15,2023；read-for-review,2
18,2-star；adult；cyberpunk,3
21,arcs；maythology,2
23,2023-books,1
24,anticipation；romance；science-fiction,3
26,books-i-own；netgalley,2
30,fiction,1
31,fiction,1
33,2024；sff,2
35,netgalley；science-fiction,2
39,black-stories,1
41,dystopian；new-adult；sci-fi,3
47,24-in-2024,1
49,sci-fi,1
53,netgalley,1
54,dystopian；fiction；science-fiction,3
56,2023,1
57,science-fiction,1
59,read-2024；retellings；sci-fi,3
60,2023-faves；arc；read-2023,3
66,giveaways,1
67,adult-fiction,1
68,owned-books,1
70,advanced-reader-copy；fiction；science-fiction,3
73,fic-sci-fi-fantasy,1
82,2023,1
85,ebook-owned,1
91,did-not-finish,1
98,2024,1
100,science-fiction,1
101,2023-books-read,1
102,science-fiction,1
104,fantasy；kindled；library,3
106,sci-fi,1
107,22-23；black-author；british,3
116,library；stand-alone,2
122,abandoned,1
126,from-the-library；mystery-suspense-thriller；read-in-2023,3
129,2023-speculative,1
130,dnf,1
131,dnf；read2024,2
133,owned,1
134,4-star-silver-medal；fantasy-and-scifi；great-characters,3
135,2024,1
136,library-reads,1
140,2023-releases,1
142,book-club,1
