Row,Tags,Tag_Count
1,starwars,1
2,star-wars,1
4,4-stars；star-wars,2
6,read-audiobook；read-star-wars,2
7,2023；sci-fantasy,2
8,reading-challenge-2023,1
10,star-wars,1
12,audio-reads；guerre-stellari；la-haute-république,3
15,2023；audiobooks,2
17,star-wars-canon,1
18,a-read-in-2023；v-aud-adult；w-gen-sci-fi,3
19,science-fiction；star-wars,2
22,2023-read-august；ehrtbm23；floab2023,3
23,high-republic,1
25,audiobooks-2023；library-2023,2
29,audio；star-worms,2
33,2023,1
34,star-wars,1
35,science-fiction；star-wars,2
38,star-wars,1
39,bibliothèque；hard-copy-reads；the-high-republic,3
42,2024-read；adult；audiobook,3
45,star-wars,1
48,2023；mystery-thriller；space-opera,3
52,2023-release；fandom-star-wars；format-audio,3
54,star-wars,1
57,disney-star-wars-universe；movie-tie-in；sci-fi,3
59,2023-books-read,1
60,sci-fi；star-wars,2
61,borrowed,1
62,2023；star-wars,2
64,star-wars,1
65,audiobook,1
72,star-wars；the-high-republic,2
74,2023；fantasy；fiction,3
76,scifi,1
77,audiobook；star-wars,2
79,the-high-republic,1
80,media-tie-ins；star-wars-books,2
81,audible,1
82,audible；star-wars,2
84,science-fiction；theater-stage-play；tv-movie-tie-ins,3
88,audible；audio-drama；film-tv,3
90,star-wars-the-high-republic；y2023-favorites,2
93,star-wars-audiodramas；star-wars-the-high-republic-phase-2,2
94,star-wars,1
101,audiobook；star-wars,2
105,high-republic；star-wars,2
117,2023；star-wars,2
120,owned,1
122,books-i-own,1
123,books-only-2023,1
125,audible；sw,2
126,star-wars,1
134,2023；adult；audiobooks,3
137,star-wars,1
150,star-wars,1
153,star-wars,1
155,star-wars,1
157,audiobook；star-wars,2
158,2023；audio；read-your-bookshelves,3
159,tv-movie-tie-in,1
162,audiobooks,1
166,star-wars,1
167,star-wars,1
168,1-fiction,1
175,audio-book；geek-and-sundry；library-book,3
177,dnf,1
179,reading-2024；sw-highrepublic-2024,2
205,audiobooks；middlegrade；sci-fi,3
208,kelsie,1
211,2023-challenge-books；physical-books；read-with-hubby,3
213,audiobook,1
218,star-wars,1
221,star-wars,1
224,sci-fi；star-wars,2
225,the-high-republic,1
233,audio,1
235,fiction；skiffy；ya-fiction,3
244,audiobooks,1
247,star-wars,1
249,listened-to-audio-book；science-fiction,2
256,completed-star-wars-canon,1
263,star-wars-scripts,1
265,star-wars,1
267,audio-books；review-books,2
268,audio；star-wars,2
274,star-wars,1
277,the-high-republic-phase-2,1
