Row,Tags,Tag_Count
1,could-not-put-down；dark；fantasy,3
4,fantasy,1
5,2023,1
7,netgalley,1
11,5,1
12,epic-fantasy；fairly-good-worldbuilding；good-side-characters,3
15,library-rentals,1
17,fantasy,1
19,2023-book-challenge,1
24,favorite-list；i-own；june-2023,3
28,2023；2023-faves；2023-releases-read,3
31,2023-anticipated-releaes,1
33,fantasy,1
35,prose-novels,1
39,net-galley,1
41,fantasy-epic,1
44,ebook；fantasy；steampunk,3
46,2024,1
48,2023-new-releases,1
53,fantasy,1
66,yesss,1
69,4-star；epic-fantasy；fantasy,3
70,waiting-2,1
