Row,Tags,Tag_Count
0,fantasy；january-2023-3k-book-a-thon；netgalley-2023,3
2,first-reads；kindle,2
3,horror；netgalley；sci-fi-fantasy,3
4,audiobooks,1
5,2023；sci-fi-fantasy,2
6,2023reads；fantasy-scifi；favorites,3
8,2023-netgalley-all-reads-challenge；2023-netgalley-reads；2023-reads,3
9,2023；audio-book；fantasy,3
10,net-galley,1
11,fantasy；netgalley；read-2023,3
14,paranormal；top-books-2022,2
17,audio-version；fantasy-genre；netgalley-arc,3
18,5-star-read；action；fantasy,3
20,kindle-read,1
23,2023-books-i-read；adult-fiction；owned-audiobook,3
26,fantasy；kindle-e-book,2
30,arcs-giveaway；audiobook；fantasy,3
32,other-reviews,1
34,netgalley,1
37,ebooks；fantasy-and-sci-fi；fiction,3
42,fantasy；favorites；netgalley,3
48,giveaways-arcs,1
51,arc；fantasy；giveaways,3
54,paperbacks,1
55,2023；netgalley,2
58,2022-books-read,1
62,ebooks-i-own,1
63,apotpourriofopinions；netgalley,2
65,odds-and-sods,1
74,cthulhu；fantasy；kindle-and-ebooks,3
81,won-read,1
91,2-audiobook；2020s-reads；buddy-read,3
92,fantasy,1
96,arc；fantasy,2
103,fantasy,1
104,ancient-gods；cults；dark-fiction,3
107,action-adventure-thriller；fantasy；series,3
128,advance-reader-copy；cannot-wait-to-read；giveaways,3
