Row,Tags,Tag_Count
2,fantasy,1
3,fantasy；romance；series,3
4,keepers；romance-goodies；sf-f-goodies,3
5,on-my-shelves；owned-ebook-kindle,2
6,2024-reads；bingo-2023；fantasy,3
8,fantasy-scifi,1
9,2023；fantasy；gentle-magic,3
15,ebook_scribd；favorites-i-do-not-own,2
16,fantasy,1
21,fantasy；series,2
22,fantasy,1
25,fantasy,1
32,ebook；sf-fantasy,2
34,historical-fantasy,1
36,ebooks；fantasy,2
37,romance；scifan；spy,3
38,read-on-kindle,1
40,fantasy；scalzi-big-idea,2
42,ebook,1
43,author_female；genre_fantasy；genre_romance,3
47,2023-all；2023-new；format-ebook,3
48,fantasy,1
52,reviews；top-reads,2
