Row,Tags,Tag_Count
0,arcs-and-review-copies；favorites；self-published-and-indie,3
5,favorites-fantasy；favorites-of-all-time；reviewed-reads,3
11,ficton,1
12,2023-releases,1
13,indie-and-selfpub；spfbo9,2
16,souls-like-definitely,1
21,adult；adult-fantasy；fantasy,3
26,fantasy；grimdark；kindle,3
30,fantasy；s-p,2
31,fantasy,1
32,fantasy；self-pub,2
35,fantasy；grim-or-dark；new-releases-2023,3
37,2023-tbr；spfbo-9-tbr,2
38,favorites；indie,2
40,favourites；owned-digital；read-2023,3
43,best-books-i-read-in-2023,1
49,fantastic-fantasy-n-where-2-find-em；indie；kindle-unlimited,3
55,2023；fantasy-dark-grimdark；spfbo-9,3
56,owned,1
58,fantasy；indie-self-published,2
60,fantasy；indie-reads,2
63,fantasy；grimdark；three-star-reads,3
65,fantasy,1
75,fantasía,1
76,fantasy；spfbo9,2
77,berserk；grimdark；kentaro-miura,3
81,2023,1
82,2023-novels；novels,2
84,dark-fantasy；epic-fantasy；fantasy,3
90,the-best-books-of-2023,1
93,favorites,1
94,fantasy；tbr-2023,2
103,2023；indie-pub,2
114,spfbo9,1
117,fantasy,1
118,fantasy；read-2023,2
123,next-in-series,1
124,not-dnf-just-on-hold,1
127,2024,1
131,dnf,1
136,2024-reads；favorites；five-stars,3
140,21st-cent；dark-fantasy；f-high-fantasy,3
143,review-copies-arcs,1
144,adult-fantasy；read-in-2024,2
154,2023；fantasy,2
160,dark-fantasy；fantasy；horror,3
163,2-stars；adult；beautiful-cover,3
171,2023-reading-challenge,1
176,2023,1
188,owned-to-read,1
194,from-readerly,1
195,alien；dark；fae-fairies-mythical-creatures,3
200,dnf-for-now；own-tbr；self-pub-tbr,3
203,indie；sp9；to-read-owned,3
213,favorites,1
215,bloodbath；buys-of-2023；high-fantasy-otherwordlies,3
