Row,Tags,Tag_Count
0,2023；2023-5-stars；comfort-reads,3
4,2023,1
7,2023；future-anticipated,2
8,reviewed；upcoming,2
9,gifted,1
10,comfort；marry-you-with-paper-rings；my-heart,3
11,comfort-reads；family-dynamics；fave-protagonists,3
13,tied-in-a-౨ৎ,1
14,favorites；middle-grade,2
18,4-stars；comfort；fantasy,3
19,year-2023,1
21,will-make-my-kids-read；you-will-be-in-my-heart,2
22,anticipated-2023-releases；found-family；fun,3
24,5-star-loves；book-bfs,2
25,fantasy；middle-grade；mythology-and-folklore,3
26,2023；owned,2
27,2023；fantasy；heartwarming-fluff,3
30,contemporary；fantasy；fav-authors,3
32,2024；awhhh；book-boyfriend,3
33,fantasy；middle-grade；my-heart,3
35,2023-releases；beautiful-covers,2
40,fine-fours,1
42,barnes-and-noble-editions；cried；lover-of-mine,3
43,fantasy；middle-grade；mythology,3
44,2023；5-stars；all-time-fav,3
47,2023；fantasy；middle-grade,3
50,1-2023-releases；2-middlegrade；3-sff,3
54,beautifulest-book-covers；books-i-have-on-my-irl-bookshelf；my-favorite-books,3
55,2023-anticipated-release；fantasys-aka-my-ultimate-fave-genre；greek-and-norse-mythology,3
56,physical-owned,1
58,2023-releases；own；read-2023,3
59,read-2023,1
61,read-2024,1
65,high-priority；in-a-series；middle-grade-children-s-etc,3
66,2023-pub；fantasy；highly-anticipated,3
70,200-299-pp；author-american；genre-folklore-myth,3
71,współprace,1
81,audiobook,1
82,2023；fantasy；greek,3
83,awesome-author；fearless-protagonists；great-but-not-quite-there-yet,3
84,2023-releases；childrens-and-middle-grade；cover-love,3
87,middle-grade；mythology；owned,3
91,comfort-books,1
94,read-in-2023,1
95,mg,1
102,anticapted,1
104,fantasy,1
105,book-boyfriend；my-favs；percy-jackson-heroes-of-olympus,3
110,owned；young-adult,2
112,read-ya,1
114,fantasy；mitología；retellings,3
118,2023-anticipated-reads,1
119,did-not-see-that-coming；fluffy；grinning-like-an-idiot,3
123,2023-reads；4-5-stars；chick-i-want-to-hang-out-with,3
127,4-stars；breeders；comfort,3
128,2023-reads,1
131,recenzje,1
133,fantasy；middle-grade,2
134,audience-young-adult；format-physical；genre-fantasy,3
138,2023-releases；read-in-2023,2
139,2023；5；fantasy,3
141,4-fantasy；5-mg-children,2
142,fantasy；friends-by-vmin-starts-playing；riordanverse,3
143,0-0-twentyfour；0-repeat-author；1-borrowed,3
144,middle-grade；read-2023；ya-fantasy,3
145,found-family；greek-mythology；the-kids-aren-t-alright,3
146,books-with-best-characters；on-the-shelves-at-my-house,2
148,book-boyfriend；books-that-i-own；dramatic,3
149,owned；physical-tbr,2
154,my-children-will-read-this,1
155,fiction-genre-middle-grade-sff；read-via-audio；read-via-library-hoopla,3
157,dnf；read-but-dont-own,2
160,favourites,1
162,children-s；contemporary；fantasy,3
163,2023-releases；disappointing；middle-grade,3
165,2023-read,1
168,2023-hype；fantasy；mythology,3
170,ancient-worlds,1
176,all-my-five-star-reads；december-2023-reads；favorites,3
183,2023；comfort-book；mejores-lecturas-2023,3
184,favorites,1
185,contemporary-fantasy；mythology,2
187,2023-reads；4-star；characters-of-color,3
191,fantasy-tbr；the-absolute-death-of-me,2
192,middle-grade；mithology,2
194,5-stars；5-stars-2023；a-2023-most-anticipated-releases,3
197,2023-reads；middle-grade；myfaves,3
200,audible,1
207,fantasy；myths；physical-books,3
211,2023-reading-challenge,1
216,2023-most-anticipated,1
217,2023-challenge；3-star-ok；fantasy,3
218,physical-tbr,1
220,fantasy；favorites；ya,3
221,best-of-2023；read-in-2023,2
231,books-that-left-an-impact-on-me,1
240,very-dear-to-me,1
242,fantasy；fiction；middle-grade,3
244,badass；beautifully-written；books-that-should-be-movies,3
245,2023,1
248,2023,1
253,g-fantasy；g-young-adult；new-releases-2023,3
254,young-adult,1
255,04-stars；got-2024；own-a-copy,3
258,fantasy；favorites；fiction,3
259,middle-grade；urban-fantasy,2
260,audiobooked；did-not-finish,2
261,academic-rivalry；first-person-pov；greek-myth,3
264,2023,1
271,cupertino；libby,2
272,2023,1
275,anticipated-2023；best-characters；crying,3
277,want-to-read-2023；want-to-read-2024,2
