Row,Tags,Tag_Count
5,dnf,1
6,2024-audiobooks；fantasy；favourites,3
8,arcs；read-in-2023,2
9,dnf；monthly-book-subscription,2
11,fantasy-general；romance-m-f；young-adult-fiction,3
12,fantasy；favorites；romance,3
13,reviewed；ya,2
15,arc-s-netgalley-and-edelweiss；fantastico-fantastics-scifilicious；oh-my-sweet-romance,3
18,2023；dark；earcs,3
21,dnf,1
22,2023；2023-netgalley-challenge；fantasy,3
23,finished-for-credit-not-pleasure,1
27,fantasy,1
31,fantasy-romance；forbidden,2
35,2023-reads；arcs；netgalley,3
36,arc-reads；netgalley,2
37,2023；fantasy；romance,3
39,arcs；creatures-gods；fantasy,3
44,arcs；emotional-hazard；entangled-reads,3
47,dark-fantasy；fantasy；forever-fave,3
51,2023-reads,1
53,arc-netgalley,1
54,so-bad-its-good,1
55,own；read-2024；se-owlcrate,3
56,net-galley,1
59,dnf,1
61,owlcrate,1
63,adventure；fantasy；high-fantasy,3
64,my-library,1
66,arcs-from-publishers；fantasy,2
67,2024；own,2
74,entangled；netgalley,2
77,netgalley,1
78,arcs-read,1
83,read-as-an-arc,1
88,dnf,1
92,other-world；owlcrate,2
95,most-fantastical-fantasy；poor-sweet-boys；wonderful-world-building,3
96,sapphic-characters；subscription-books,2
102,owed,1
107,arc-books-from-netgalley；physical-books-i-own,2
114,arc-reads,1
115,fantasy-romance；y-a-fantasy,2
117,netgalley,1
122,2023；arcs,2
132,2023；ebook-audio；favorites,3
144,audiobooks；special-editions；ya,3
145,2023；netgalley；reviewed,3
151,favs,1
152,dnf-series；one-star,2
154,2023-release；cx；g-high-fantasy,3
155,arc；on-kindle,2
158,lost-interest,1
165,ya-fantasy,1
166,2024-reads；fantasy；owlcrate,3
168,arcs,1
170,2023；age-young-adult；arcs,3
172,arcs；favorites,2
174,favorites,1
176,abuse；betrayals；dark,3
178,january-2024；kindle-2024；owlcrate-read-2024,3
179,arcs；ebook；netgalley,3
180,2023-arcs；2023-releases,2
186,bookbox-owlcrate；ongoing-or-need-to-complete-series；signed,3
187,loot-crates；owlcrate,2
190,2023-favs,1
193,2023；ebooks-read；netgalley-reviews,3
197,fantasy；romance,2
206,physical-book,1
208,favorite-reads-of-2024,1
210,5-star-reads；all-time-favs；books-ill-never-get-over,3
215,arcs；kindle；netgalley,3
217,fantasy；i-have-a-real-book；magic,3
228,netgalley,1
234,books-i-own,1
240,2023,1
243,kathrine-quinn,1
255,audiobook,1
259,dnf,1
261,did-not-finish,1
276,advanced-reader-copies；book-series；dark-fantasy,3
277,2023；4-star；good-audiobook,3
279,arcs-giveaway；fantasy；fiction,3
280,arc,1
287,fantasy；favorites；fiction,3
290,fantasy；romance；romantasy,3
