Row,Tags,Tag_Count
0,arcs-and-review-copies,1
1,2023；assholes-and-liars-everywhere-yay；fantasy,3
3,arc-reviews,1
5,2024,1
8,audiobooks,1
9,2023；arcs；favorites,3
12,2023-releases；arcs；fantasy,3
16,read-in-2023,1
17,fantasy；magic,2
18,net-galley,1
23,awesome-fantasy,1
27,mam2,1
29,beast-dragon-adjacent,1
30,novel,1
31,2024-reads；arcs；audiobooks,3
35,fantasy,1
39,arc；fantasy；favourites,3
40,fantasy；net-galley,2
43,advanced-reading-copy,1
51,2024；arcs；audiobooks,3
52,netgalley,1
53,sf-fantasy,1
56,high-fantasy；magic；na,3
58,netgalley；netgalley-audio-books,2
65,ebnovels-recommendation；epic-fantasies；mythical-magical-creatures,3
66,audio；fantasy,2
67,collection-arc-2023,1
68,read2023；specfic,2
71,fantasy；netgalley；netgalley2023,3
72,fantasy；fiction；giveaways-won,3
74,fantasy,1
75,2023-tbr；23-september-tbr,2
76,fantasy；first-editions；hardback,3
81,fantasy；high-fantasy；parent-child-relationships,3
83,fantasy,1
85,favorites,1
88,2024-reads；fantasy,2
89,it-s-from-the-library,1
90,favourites；personal-library；series,3
92,favourites,1
96,2023-read,1
