Row,Tags,Tag_Count
2,adult-books-read；science-fiction-sagacity,2
3,ebook-kindle；favorite-reread；netgalley,3
6,arc；horror-sci-fi-anime-manga；stand-alone,3
7,2023_all-reads；2023_netgalley；2023_netgalley_reads,3
8,2023-reads；arc；netgalley,3
15,netgalley,1
24,space-opera；thought-provoking；thriller,3
25,arc；audiobook；sci-fi,3
26,audio；netgalley；netgalley-2023,3
29,psychological-thriller,1
31,science-fiction；space-opera,2
34,audiobooks；netgalley；sci-fi,3
36,sf,1
38,adult；dnf；sci-fi,3
39,already-own,1
44,arc,1
48,yesss,1
51,arc-netgalley；z-2023-all,2
