Row,Tags,Tag_Count
0,netgalley；ng-2023；waste-of-time,3
1,fantasy；historical-romance；queer-romance,3
3,arc-received,1
4,adult；fantasy；historical-fiction,3
5,lgbtq,1
7,hist-rom；queer；romancelandia,3
8,2023-dnf,1
9,2023-reads；arc；lgbtq,3
10,netgalley,1
11,arc-or-free-reads；historical；queer-themes,3
12,net-galley-and-other-arcs,1
13,arcs,1
14,2023；arcs；mythology,3
16,anglophilia；class-gender-race；cozy,3
19,fiction；lang-en；libby,3
21,dnf,1
22,fantasy；historical-fiction；lgbt-plus,3
23,netgalley,1
24,netgalley；romance-novels,2
25,f-f；fantasy-romance；historical,3
28,2023-releases；adult；adult-fabulism,3
29,audiobook；f-f-and-nm-nm；histrom,3
31,alt-historical；dark-comedy；fae,3
32,2-stars；i-own-audio；read-in-2024,3
33,fantasy；historical-fiction,2
35,netgalley-arc；random-house,2
36,dramatic；fun-with-narrators；queer,3
38,e-read,1
39,2023；4-stars；adult,3
40,1-2023-releases；2-adult；3-historical,3
43,queer；romance,2
46,2023-reads；4-stars；favorites,3
48,arcs；arcs-2023；historical,3
50,queer；read-in-2023,2
52,1700s-1800s；abuse-cw-tw；adventure,3
55,arc；fantasy-historom；regency,3
56,fantasy；glbtq；historical-romance,3
57,2023-arcs,1
58,2023-releases,1
62,2024-reads,1
63,audiobook；faerie；fantasy,3
64,2023；tt2023,2
65,queer-reads,1
67,audiobook,1
73,2023,1
74,fantasy-science-fiction；historical；queer,3
78,buddy-read；fantasy；historical-romance,3
80,netgalley,1
83,arc,1
85,books-read-in-2023,1
86,adult；audiobook；fantasy-elements,3
88,added；animal-death；death-of-a-parent,3
89,fantasy-romance；historical-fantasy；historical-romance,3
91,britain；faeries；fantasy,3
92,arcs；books-i-reviewed；fantasy-pnr-sci-fi,3
94,2023；2023-ng-group-challenge；2023genrechallenge,3
95,fmc-virgin；genre-fantasy-romance；genre-funny,3
96,2023-releases；on-shelf,2
97,arcs,1
99,edelweiss；lgbtq,2
102,adult；lgbtqia；netgalley,3
103,arcs,1
105,arc-s；netgalley,2
106,michelle,1
114,2023；libby；ttx,3
115,2023-reads；lgbtqiap-rep；mythology,3
116,2023；the-goods,2
117,2023-romance；in-audio；lgbtq,3
120,read-in-2023,1
121,adult；fantasy；historical-fiction,3
122,audio；fantasy；historical,3
123,on-my-shelves,1
124,3-fmt-f-novel；f-mystery；f-queer,3
132,audiobook,1
133,alexandria,1
135,a-historical；a-romance,2
136,e-book；overdrive；read-at-2023,3
139,dnfs,1
141,2023-releases-im-excited-for,1
144,hardback23,1
145,2023-cecilia-is-having-a-time；arcs；queer-babies,3
146,fae；historical-fantasy；lgbtq-rep,3
147,2023-reads；advanced-reader-copy；fantasy,3
149,listened-mostly-or-all-on-audiobook,1
150,2023-audio；author-queer；historical-fiction,3
153,2023,1
157,fantasy-scifi；lgtb,2
160,good-actually,1
164,c19；fantasy；historical,3
166,dnf,1
169,netgalley；queer-lit；romance,3
170,adult；arcs；beautiful-writing-style,3
172,past-arcs,1
173,2023-review-copy,1
174,fantasy-romance；queer；regency,3
175,british；speculative,2
180,arc；fairytale-retelling；fantasy,3
183,fantasy；lgbtqiap；netgalley,3
191,2023-reading-challenge；alexis-hall；fantasy,3
192,2023；audience-adult；diverse-author,3
198,read-w-hazel,1
201,arc；read-on-ebook,2
205,2023-audio-libby；2023-finished-audio,2
206,audiobook,1
207,netgalley,1
212,2023；lgbtqia；new-adult,3
213,queer-lit；romantic-reads；strange-worlds,3
216,favorites,1
220,adult；arc；fairies,3
222,book-club；dnf；fairytale-esque,3
223,fantasy,1
224,arc,1
227,netgalley；wishlist,2
229,fantasy-scifi；historical-fiction；lgbtqia,3
231,audiobooks；ebooks；library-books,3
233,paranormal；period；romance,3
235,library,1
236,blend-into-the-wallpaper-heroine；cover-porn；ff-romance,3
238,arc_copy；fae-faerie-fairy；femme-femme,3
242,bad-first-impression；ff-romance；lgbtqia,3
246,arcs-netgalley,1
249,2023；alexis-hall；lgbtqia,3
253,2024；kris,2
255,adult；audiobooks；lgbtqia,3
258,audiobooks,1
262,2023-reading-challenge；fantasy；lgbtq,3
269,lgbtq,1
270,aty-2023；historical-fantasy,2
271,fantasy；netgalley；read-2023,3
272,fantasy；fiction；history,3
274,netgalley,1
276,2023-releases；audiobooks；best-protagonists,3
280,books-i-own；fairy-tales；historical-romance,3
285,queer；romance,2
295,fantasy-urban-fantasy,1
297,supersapphic,1
298,dnf,1
