Row,Tags,Tag_Count
2,audio；cool-cover；library-book,3
3,arcs；best-of-the-best；book-boyfriends,3
4,dnf；enemies-to-lovers；romantasy,3
5,arthurian；dragon-hoard；young-adult,3
6,fl,1
7,2023-releases；arcs-netgalley；fantasy,3
8,laufende-reihen；reihenliebe；warte-auf-die-fortsetzung,3
9,audiobooks；fantasy；from-publisher,3
16,read-2023；ya-fantasy,2
18,wishlist,1
20,2023,1
21,do-not-read；fantasy；magical-realism-or-urban-fantasy,3
24,7s；fantasy；paranormal,3
26,e-books,1
27,2023-releases；arcs-advanced-reader-reviews；favourite-books,3
28,actually-good-enemies-to-lovers,1
31,arc-s-netgalley-and-edelweiss；fantastico-fantastics-scifilicious；i-m-so-excited-to-read-this,3
33,contemporary；fantasy；magic,3
34,2023,1
35,arcs-finished；audience-young-adult；format-ebook,3
38,arcs；netgalley,2
39,fantasy；new-2023；retellings,3
41,audiobook；in-the-bookshelve,2
42,arcs-from-publishers；fantasy,2
47,books2023,1
49,forced-proximity；found-family；opposites-attract,3
50,4-star-reads；books-i-own；fantasy,3
52,arcs；favourites；signed-books,3
55,fairyloot；own-physical,2
57,disappointing；unhaul；with-review,3
58,arthurian；fantasy；rating-pg-13,3
60,2023,1
61,2022-reads；fantasy；female-protagonist,3
62,2023-reads；books-i-really-enjoyed；ya,3
65,2023-release；arc-netgalley,2
66,young-adult；young-adult-fantasy,2
68,adventure；romance；ya,3
69,netgalley；non-tradotti,2
70,books-i-own；owlcrate-books,2
72,physical-books-i-own；read-arcs；signed-copies,3
73,2023-books-read；audiobook；enemies-to-lovers,3
75,book-box；read-in-2023；released-2023,3
76,beautiful-covers；books-i-own；bought-in-store-brand-new,3
80,arcs；fantasy；retellings-and-mythology,3
84,2023-books-i-read；owned-audiobook；owned-book,3
85,audiobooks,1
86,5-star；most-anticipated-2023,2
88,books-i-love,1
89,books-i-own,1
90,2023-release；fantasy,2
93,iread-challenge-2024；libropoly-2024；popsugar-2024,3
94,arc,1
97,netgalley；young-adult,2
108,2024,1
109,arcs,1
111,2024,1
114,2023-releases；arc；urban-fantasy,3
118,dnf,1
120,fantasy；female-leads；kings-and-queens,3
121,netgalley-arcs,1
122,couldn-t-finish,1
125,favorites；own；read-2023,3
127,2023-releases,1
128,2023,1
131,2023；arcs；released-in-2023,3
133,read-in-2023,1
134,best-of-2023；fantasy；fast-paced,3
138,books-i-physically-own；favorites,2
141,fantasy,1
146,book-club；books-i-own；special-edition,3
151,2023-reads；2023-releases；arc,3
152,fairyloot-monthly-book,1
156,all-time-favorites；arcs；summer-23,3
157,arc,1
165,2023；2023-papier；2023-pl,3
168,2023；audio；cs-library,3
170,fairy-loot-ya,1
171,bookclub-avec-les-biochimistes；let-s-get-physical,2
172,books-i-own；creatures；curse,3
181,netgalley,1
182,read-in-2023,1
187,owned,1
189,2023-faves；fantasy；young-adult,3
190,2023；ebooks；fantasy,3
191,arcs；books-i-own；fairyloot,3
193,2022-booklist；fantasy；part-of-a-series,3
194,arc；ya-fantasy,2
196,audiobook；borrowed-from-library；dnf,3
197,fantasy,1
198,2023-reads；fantasy；owlcrate,3
200,arcs-read；liked,2
201,arc；netgalley；review-copies,3
203,2023-releases,1
204,read-in-2023；współpraca,2
213,arc；fantasy；netgalley,3
214,2023-reads；5-star-reads；arcs-2023-release,3
216,read-in-2023,1
217,fairytales-read,1
218,2023；fantasy；four-star,3
219,arcs；audiobook,2
220,netgalley,1
222,did-not-finish,1
226,netgalley,1
230,contemporary-fantasy；portal-fantasy；short-series,3
232,netgalley,1
233,arcs-2023；enemies-to-lovers；fantasy,3
235,arcs,1
236,2023-arcs；2023-releases；physical-owned-read,3
239,2023-arcs,1
241,2023；arcs；fairyloot,3
245,kingarthur；unfinished-series,2
246,owned,1
250,2023-reads；favorites,2
253,favorites；netgalley,2
255,2023-favorites,1
259,action-packed；netgalley；retellings,3
261,badass-mc；fantasy；lgbtqia,3
263,netgalley-arc,1
265,arcs-finished-copy,1
266,fantasy；my-bookshelf；young-adult,3
270,favorites,1
271,2024,1
272,arcs；fantasy；magical-realism,3
278,read-in-2023,1
279,fantasy；freaky-supernatural-adventures；young-adult,3
282,2023-releases；audio；fantasy,3
283,all-things-supernatural；ebooks；kick-ass-heroine,3
284,book-boyfriends；fairytales；fantasy,3
286,2023,1
288,favorite-reads-of-2023,1
290,2023-release；ya-fantasy,2
291,young-adult；young-adult-fantasy,2
295,arc；fantasy；ya,3
296,2023-releases；fantasy；netgalley,3
297,fantasy-recs；favorites,2
