Row,Tags,Tag_Count
0,2023-reads；i-want-my-time-back,2
1,audiobooks-2023；sci-fi；star-wars,3
2,reading-challenge-2023,1
5,queer-rep；star-wars-books,2
6,nope,1
7,2023-most-anticipated,1
8,star-wars-canon,1
10,star-wars-books,1
11,2023；endless-pile-of-sci-fi；star-wars,3
13,abandoned,1
18,2023-reads；did-not-finish；owned,3
19,star-wars,1
20,on-my-nerd-shit；physically-owned,2
22,favorites；lgbtqia；star-wars,3
23,galaxy-far-far-away,1
24,2023；lgbtq；star-wars,3
26,2023；lgbt；star-wars,3
27,star-wars-canon,1
28,star-wars-canon,1
30,video-game,1
34,star-wars,1
36,star-wars,1
39,lgbtqa；star-wars；tie-ins,3
40,queer-fiction；star-wars,2
43,star-wars,1
45,star-wars；tie-in-bts-and-novelizations,2
48,library-2023,1
49,canon；jedi-fallen-order；novels,3
50,star-wars-canon；swc-books,2
51,dnf-did-not-finish,1
52,sci-fi；star-wars,2
57,star-wars-read,1
58,lgbt；sci-fi-and-fantasy；star-wars,3
61,sci-fi,1
63,2023,1
65,2023-hype；scifi；star-wars,3
67,2-stars；adventure；disney,3
71,reviews；star-wars,2
73,great-ladies；queer-protag；sff,3
74,star-wars,1
75,star-wars,1
89,star-wars,1
91,star-wars-books-read,1
94,autumn-vibes；favorites；lgbtqia,3
101,star-wars,1
103,bookcase；star-wars,2
107,books-only-2023,1
110,audiobook,1
112,star-wars,1
115,star-wars-books-ranked,1
116,audiobooks；sci-fi；youngadult,3
118,2023,1
119,2023,1
136,fiction；joseph-s-books；star-wars,3
138,ebook；own；star-wars,3
139,science-fiction,1
142,2023,1
151,star-wars,1
152,star-wars,1
153,apple-books,1
155,own,1
158,disney-star-wars-universe；movie-tie-in；sci-fi,3
159,star-wars,1
163,e-read；read-in-2023；read-in-english,3
168,sci-fi；star-wars,2
169,added-2022；lgbtq-plus,2
170,star-wars,1
172,2023；star-wars；video-games,3
175,2023-on,1
177,star-wars,1
179,own；sci-fi,2
181,sci-fi；starwars,2
182,star-wars,1
186,audiobooks,1
189,star-wars,1
193,audiobook；star-wars,2
196,badass-women；band-of-rascals；lgbtq,3
206,review-books；star-wars,2
210,2023-releases；audiobooks；lgbt,3
212,books-i-own；star-wars,2
214,audiobook；star-wars,2
222,2023,1
225,politically-aware；read-in-english；sci-fi,3
231,audible；star-wars,2
233,star-wars,1
249,owned-books,1
253,2023；audiobooks；books-we-own,3
259,audiobook；books；star-wars,3
265,physical-books,1
269,books-i-own,1
271,sci-fi；star-wars,2
272,star-wars,1
274,star-wars-new-cannon-owned,1
279,science-fiction-fantasy,1
280,star-wars,1
283,star-wars,1
291,science-fiction,1
294,star-wars,1
