Row,Tags,Tag_Count
0,reading-challenge-2023,1
1,guerre-stellari,1
2,star-wars,1
4,star-wars-books-read,1
5,star-wars-canon,1
7,star-wars-books,1
8,star-wars,1
9,2023；2023-books；medium-novel,3
14,auth-f；bipoc-actor；sf-f-h,3
15,star-wars-canon；swc-books,2
17,star-wars,1
19,star-wars-canon；strong-heroine,2
21,audiobooks-2023；favorites；hardback,3
22,2024；star-wars,2
23,star-wars,1
24,favorites,1
29,2023；fantasy；fiction,3
34,star-wars,1
41,sw,1
43,star-wars,1
54,audiobooks,1
58,star-wars,1
60,owned；star-wars,2
64,star-wars-canon,1
65,star-wars,1
66,disney-star-wars-universe；movie-tie-in；sci-fi,3
74,fiction-fantasy-adult；own-it；review-written,3
81,2024,1
84,star-wars-canon,1
87,reading-2024,1
90,5-star；detailed-review；owned,3
93,books；favorites；star-wars,3
94,2023；from-library；science-fiction,3
95,audio,1
96,audio,1
97,peak-sw-books,1
98,in-space；magic-is-known；spinoff,3
102,star-wars,1
103,on-the-shelf；star-wars,2
104,star-wars,1
105,2023；audiobooks；fiction,3
110,star-wars-read,1
113,fiction；sci-fi；star-wars,3
114,favorites,1
115,favourites-5-star,1
116,audible；star-wars,2
118,star-wars-recs,1
121,sad；space-adventure；space-fantasy,3
128,star-wars,1
133,star-wars,1
135,star-wars,1
137,audio-book；science-fiction；space-stories,3
141,star-wars-canon,1
142,favorites,1
148,2023-popsugar,1
153,read-in-2023；star-wars-canon,2
155,completed-star-wars-canon,1
159,star-wars-canon,1
161,star-wars,1
163,star-wars,1
175,sci-fi,1
188,audibles-own；female-authors；female-protagonist,3
190,1-fiction,1
199,audiobook；star-wars,2
204,galaxy-far-far-away,1
207,audio；sff；star-wars,3
216,birthday-presents；books-by-female-authors；media-tie-ins,3
222,star-wars-canon,1
228,science-fiction；star-wars,2
235,audiobook；sci-fi；star-wars,3
237,star-wars-books,1
239,science-fiction；star-wars,2
245,2023-reads,1
256,audiobook；fantasy；sci-fi,3
257,star-wars-new-canon,1
264,audible；sw,2
265,star-wars,1
266,own,1
272,adventure；beg-borrow-steal；fiction,3
273,pretty-covers；reviews；star-wars,3
275,star-wars,1
276,audio；star-wars,2
280,good；star-wars,2
285,books-in-order,1
294,sci-fi；star-wars,2
296,library,1
297,star-wars,1
298,sad；star-wars,2
