Row,Tags,Tag_Count
1,fantasy；russian；wintery,3
4,fantasy；horror-chilling,2
5,contemporary；fantasy,2
6,2023-releases；fantasy；series,3
11,2023,1
12,adult；contemporary；fantasy,3
15,fantasy；fiction；russian-lit,3
18,cultural-russian；science-fiction,2
19,fantasy；next-in-a-series,2
23,fantasy；non-english-sff,2
24,audiobook-life,1
26,academia；dark；horror,3
27,2023-tbr-cleanup-challenge；audiobook；country-ukraine,3
28,4-stars；adult-fantasy；dark-academia,3
29,series-finished；underwhelming；urban-fantasy-magic-realism-horror,3
30,attempts-at-humour-alert；casual-misogyny；contemporary,3
31,audiobook；owned；purchased-2023,3
34,2021；autumn；bitch,3
35,2023-march；owned-books,2
38,dark-academia,1
42,ebook；fantasy；fever-dream,3
46,book-club-discussed；sf-magic-realism；speculative-fiction,3
47,2023-hype；audiobook；oma-kirja,3
51,2024-must-reads,1
53,magical-realism；science-fiction；supernatural-and-fantasty,3
56,2023；audiobook；e-book,3
58,fantasy-scifi,1
59,fantasy；library,2
61,english；popsugar-23,2
63,2023-releases；fantasy；magic-school-dark-academia,3
67,aty-2023；audiobooks；real-world-fantasy,3
71,novels,1
75,dark-academia,1
76,2023-read；fantasy,2
83,sci-fi,1
84,dark-academia-ish,1
87,arcs-read；fucked-up-books-that-i-liked；idk-whats-going-on-but-im-down,3
90,adult；contemporary；fantasy,3
91,2023；i-want-to-write-like-this；in-translation,3
93,just-my-style,1
95,dark-academia；fantasy；own,3
96,fantasy；translated-books,2
99,fantasy；parallel-worlds；school,3
100,around-the-world；fantasy-and-mythology,2
101,science-fiction-fantasy,1
104,fantasy-and-sf,1
108,fantasy,1
113,2023；audiobook；fantasy,3
116,got-from-the-library；recent-favorites,2
121,audiobooks,1
124,4-star；bingo-2024,2
127,adult；fantasy,2
128,audio；fantasy；sf,3
130,translation,1
136,2023-reading-list,1
140,dark-academia-read,1
145,2023,1
147,4-star；adult；english,3
155,europe；fantasy；series,3
159,audiobooks,1
162,fantasy；russian,2
164,fantasy；fiction；romance,3
174,2023-tbr,1
179,2023,1
182,fiction,1
185,audiobooks,1
197,fantasy；summer-2023,2
198,2023；3-star-books；fantasy,3
206,kindle；shelf,2
208,fiction；library-rental-audiobook；sff,3
209,we-own,1
210,audiobook,1
211,adult；fantasy；sci-fi,3
216,2024-fiction,1
219,library-book,1
228,contemporary；fantasy,2
233,fantasy,1
238,2023；dark-academia；eastern-european,3
239,2023；fiction；it-was-fine,3
240,adult-fantasy,1
241,2023；dark-fantasies-but-not-that-perv,2
242,the-dark-fantastic；для-україни,2
246,5-stars；contemporary；fantasy,3
