Row,Tags,Tag_Count
2,2023；read-for-review,2
3,adult；horror-or-gore；mc-double-mf,3
4,2023-releases；arc-reviews；books-i-recommend,3
7,netgalley,1
9,arc；finished-own-it,2
12,2023；downloaded-ebook,2
14,2023；arcs；lgbtq,3
15,2023-reading-challenge,1
20,read-in-2023,1
24,grown-up-person-fiction；netgalley；science-fiction-double-feature,3
27,jay,1
32,fantasy,1
35,science-fiction；space-travel；time-travel,3
36,adult；adventure；fantasy,3
39,2023-reading-list；arcs；netgalley,3
42,audiobook；science-fiction,2
45,sf-fantasy,1
49,readin23,1
53,fiction,1
56,fic-sci-fi,1
64,science-fiction,1
65,2023-staff-fiction-favorites；debut-novel；science-fiction,3
66,e-arc；lgbt；most-anticipated-2023,3
67,fantasy；science-and-speculative,2
68,adult；scifi,2
70,netgalley；wish-list,2
71,2023-reading-log,1
72,arcs；fiction；women-scifi,3
