Row,Tags,Tag_Count
0,2023-releases；adult-na；fantasy,3
1,earc；most-anticipated,2
3,2023-anticipated-release；fantasys-aka-my-ultimate-fave-genre；morally-grey,3
7,emotional；favorites；its-always-been-you,3
10,read-in-2023,1
16,every-lifetime；top-tier-fantasy,2
17,2023；dark_romance；fantasy,3
20,2023,1
21,arc-reads-2023,1
31,5-star-reads；adult-fantasy；high-fantasy,3
34,favorites-of-2023,1
36,another-guy-also-wants-her；favorite-books-of-all-time；favorite-men,3
37,2023-read；favorites,2
41,age-gap；angsty；betrayal,3
45,best-of-2023,1
47,3-stars；young-adult-fantasy,2
48,2023,1
50,fae；fantasy；favorites,3
55,kindle-unlimited,1
57,mf；romantasy,2
69,fantasy；romantasy,2
75,5-stars,1
83,2023,1
95,favourites,1
97,emotional-reaction,1
125,absolute-favorites；couldn-t-put-down；worthy-of-reread,3
127,2023；favorites,2
129,faves-of-all-time,1
133,kindle-unlimited,1
138,audiobook；best-fmc-and-mmc；boyfriend-please,3
144,slay,1
155,favorites,1
164,favorites,1
168,2024-reads；fav-dark-reads,2
176,4-stars,1
186,fantasy-epic,1
195,2023；all-time-favs,2
196,fangbangers；paranormal-passions；series-in-progress,3
200,dark-fantasy；retellings；sexy,3
203,2023；done；paperback,3
211,favorites,1
235,kindle-unlimited,1
236,fantasy,1
238,3-peppers；fantasy-romance；favorites,3
246,read-2024,1
255,kindle-library,1
257,2023,1
259,2020-2023-releases；ku-books,2
260,2023-whats-it-gonna-be；fairy-tales；fantasy-romance,3
272,5-stars；fantasy,2
288,2023-reads；almost-a-dnf；fantasy-romance,3
295,2-star-reads；fantasy,2
