Row,Tags,Tag_Count
0,2023-books；review-copy；science-fiction,3
1,sci-fi,1
2,2023；ebook；science,3
6,2023-read；asian-rep；bipoc-author,3
7,futurism；india；posthuman,3
8,asian-sff；bisexual-mc；hard-sci-fi,3
9,audiobook；kindle-unlimited；sci-fi,3
10,audio-books；review-requests；sci-fi-romance,3
11,fantastico-fantastics-scifilicious,1
15,bizarre-concepts；colony-on-a-alien-world；eco-sci-fi,3
17,2020；adult；arc,3
18,2023-books；audiobook-purchased-2023；february-2023,3
20,arc；asian-author；fantasy,3
24,genre-fiction；genre-society；i-genre-worldview,3
26,artificial-intelligence；cyborgs；far-future,3
28,friend-recos；science-fiction,2
31,scifi,1
33,speculative-fiction,1
34,favorites,1
35,read-2023,1
37,free-at-the-time；scifi,2
41,2023；disappointing-reads；dnf,3
59,2023；audible；audio,3
60,not-worth-finishing,1
64,favorites,1
65,dnf,1
68,3rd-person-past；adult-fiction；authors-of-color,3
69,books-i-own-kindle；disability；feminism,3
73,science-fiction,1
76,ebook；sci-fi；space-opera,3
77,free-ebooks,1
81,sff-by-women,1
83,2023-read；audiobook,2
85,2023；7arcs；a-1zip,3
86,dnf；sci-fi,2
88,givaway-win；own,2
89,netgalley-arc,1
90,sf-fantasy,1
91,2023；kindle,2
96,21st-century；science-fiction,2
109,science-fiction,1
114,science-fiction-fantasy,1
117,climate-fiction；disability；queer-lit,3
118,audible；books-i-own,2
127,scifi,1
136,done；kindle,2
147,1-print-book-library；feb-2023-releases,2
154,dnf,1
159,giveaways-reviewed,1
161,adult；science-fiction-adult,2
162,science-fiction,1
163,absolute-favorites,1
164,asian-asian-american-specul-fiction；asian-diaspora-literature；buddhist-hindu-inspired-fiction,3
176,fiction,1
178,fantasy,1
192,2023；ebooks,2
205,fiction；sci-fi,2
212,dnf,1
232,amazon-first-reads；fantasy-sci-fi；fiction,3
233,sci-fi；survival；twenty-somethings,3
246,sanskrit；sci-fi,2
248,laser-2023,1
250,will-not-complete,1
251,consider-for-read0,1
252,did-not-finish；science-fiction,2
253,unread,1
260,kindle；own；sci-fi,3
261,unable-to-finish,1
263,sci-fi,1
274,2023；science-fiction,2
275,first-read-in-2023；kindle-freebie；romance,3
288,kindle-unlimited；science-fiction,2
297,science-fiction,1
