Row,Tags,Tag_Count
1,2023-books；mystery-thriller,2
2,science-fiction,1
6,horror；net-galley,2
7,2023；2023-netgalley-challenge；audio-book,3
9,2023-releases；horror；paranormal,3
10,2023-reads,1
11,2023-reads；buddy-read；dont-know-how-i-feel-about-you,3
13,2023-releases,1
14,evernight；fiction；horror,3
15,2023；dnf；giveaway-wins,3
17,horror；library-book；sff,3
18,2023-reads；audiobooks；baa-baa-black-sheep,3
20,arcs-read,1
22,2023-october-reading-challenges；2023-september-reading-challenges；2023-wbtm-spooky-bingo,3
23,2024-tbr；best-of-2024；queer-lit,3
24,evernight；releases-2023,2
25,book-box-evernight；horror；womens-wrongs,3
26,arc；auth-f；sf-f-h,3
28,nates-queer-recs,1
29,audiobook；fiction；netgalley,3
30,2023；horror；scifi,3
31,2-star-reads,1
32,2023-release；on-my-bookshelf,2
33,2023；adult；e-books,3
37,z-cus-minis-1-3；zzzz-2023,2
40,___audiofile-magazine；_standalone；contemporary,3
43,cubes-of-flesh-and-other-grossness；hugo-reading-2024；multiverse-same-as-the-first,3
45,netgalley,1
47,2023-releases,1
49,queer-lit；sci-fi,2
50,1-2023-releases；2-adult；3-mystery-thriller,3
52,arcs；horror,2
55,audiobook,1
57,books-i-own；physical；read-this-year,3
59,books-i-ve-reviewed,1
64,horror-vibes；lesbian；lgbtqia,3
66,arcs；horror；netgalley,3
70,adult-adult-fantasy；illumicrate,2
72,horror；its-so-gay；the-vibes-were-spooky,3
73,netgalley；sci-fi；thriller,3
74,2024；action；arc,3
78,2023；horror；science-fiction,3
79,arcs；lgbtq；science-fiction,3
80,3-star；horror；sci-fi,3
81,book-box-illumicrate；favourite-covers-se；horror-elements,3
86,horror；lgbt；mystery,3
87,2-5-star；a-adult；c-oth,3
90,fantasy；favorite-author；fun,3
92,genre-horror；genre-scifi；rating-3-stars,3
93,2023；adult；horror,3
94,horror-thriller,1
95,dnf,1
98,dystopian；horror,2
100,horror；scifi,2
103,ebooks；fiction；horror,3
105,2023；2023-anticipated-releases；own,3
108,horror-201-at-tombolo-books；horror-read；sci-fi-read,3
109,2023-releases,1
111,horror；to-review,2
112,2023；2023-releases；arcs,3
113,2023-pub-date；sci-fi,2
115,books-i-own；my-special-editions,2
119,2023-anticipated-releases；arcs；horror,3
122,illumicrate-evernight,1
123,horror；queer；read-in-2024,3
127,horror；queer-fiction；science-fiction,3
128,2023-new-horror-release；arc-novels；contemporary-fiction,3
130,owned-ebooks,1
134,fantasy-horror-sci-fi,1
136,audiobooks；popsugar-24,2
137,netgalley,1
139,arcs；fiction；horror,3
142,netgalley-arc；st-martins-press,2
147,reviews,1
149,favorites,1
154,advanced-reader-copies；body-horror；horror,3
155,handsome-horrors；netgalley-reads,2
158,genre-horror；type-fiction,2
159,arc,1
160,arc-promotion；kindle；reviewed-books,3
161,most-enjoyed,1
163,arc；netgalley,2
164,caitlin-starling；last-to-leave-the-room,2
167,favorites；netgalley-2023,2
168,arc；butch-and-or-femme；impossible-doors,3
171,2023；arc；audiobook,3
174,netgalley-arc；to-read-in-2024,2
179,2024；2024-spring-reads,2
182,october-2023,1
183,fiction；gloom；netgalley,3
184,2023；fem-lead；grls,3
185,dumpster,1
187,arcs,1
190,tony-jones,1
192,netgalley,1
194,favoritesreadin2023,1
195,fiction；horror；lgbtqia,3
198,netgalley-2023,1
201,horror-paranormal；lgbtq；mystery-thriller,3
202,arc；dnf,2
203,2023-reads,1
204,bad-girls-good-books；leave-the-lights-on,2
205,2023,1
207,arc；horror；netgalley,3
211,2023,1
214,arc,1
215,netgalley,1
226,2023-netgalley-all-reads-challenge；2023-netgalley-reads；2023-reads,3
229,fiction；science-fiction,2
233,2023；adult；alcohol,3
235,fantasy；horror；tbr-2023,3
237,2024-favorites,1
238,2024-read；300-pages；autographed,3
241,horror-i-recommend；net-gally,2
250,evernight,1
252,2023；2023-audio-books,2
254,horror；lgb-literature；science-fiction,3
258,contemporary；gothic,2
261,giveaways,1
271,femmes-écrivaines；horreur；livres-audio,3
272,5-star-reads；bookshelf；evernight,3
273,arcs-ive-read,1
279,giveaways,1
285,audiobooks,1
286,2023；descent-into-madness；horror,3
287,2023-reading-list；arcs；netgalley,3
289,audiobook；bored-me-to-tears；library-books,3
297,favorites-5-stars；fiction,2
