Row,Tags,Tag_Count
0,most-anticipated；wishlist,2
1,anticipated-releases；exited-to-read,2
2,most-anticipated-up-coming,1
3,opinion-time-to-cry；rep-achillean；rep-lgbtqia,3
4,chefs-kiss；grumpy-sunshine,2
5,camp-half-blood；i-love-the-cover；lgbt-kissemoji,3
6,contemporary-fantasy；favorites；mythology,3
8,bane-of-my-existence,1
9,greek-mythology；hardcover,2
13,books-of-2023；favorite；favorite-authors,3
14,4-stars；achillean；comfort,3
15,mythology；read-this-year-2023,2
17,2023；audiobooks；conflicts,3
18,2023-faves；fave-protagonists；koi-no-yokan,3
20,i-own-a-copy；otps,2
21,2023-releases；comfort-read；disaster-gays,3
23,achillean；author-of-color；canonically-chaotic-bisexuals,3
24,2-stars；favourites,2
28,books-i-own,1
30,fine-fours,1
35,awaiting-anxiously-releases,1
36,year-2023,1
37,fell-out-of-love；hate-the-mc；holy-what-the-hell,3
38,4-stars；a-2023-most-anticipated-releases；a-2023-releases,3
40,1-star；dnf；ya-fantasy,3
42,audience-young-adult；format-audiobook；genre-fantasy,3
43,2023；fantasy；heartwarming-fluff,3
45,2023-anticipated-release；owned,2
48,fantasy-urban；middle-grade；mythology-and-folklore,3
50,read-classical-mythology-related；read-lgbtqia；reread-reread-reread,3
51,2023；fantasy；greek-mythology,3
52,reasons-not-to-die,1
56,2023-books；achillean-come-down；lgeebeetees,3
57,lgbtqiap-all；lgbtqiap-bisexual；lgbtqiap-gay,3
60,anticipated-releases；lgbtqia；mythology-folklore,3
62,2023,1
63,all-time-favorites,1
66,fantasy；favorite-relationships；hidden-treasures,3
67,fantasy；usa,2
68,5-stars；rtc,2
70,2023-releases；lgbtq-bi；lgbtq-ff-side,3
72,2023-favorites；fantasy；young-adult,3
73,2023-reads；baa-baa-black-sheep；ebook,3
75,i-need-more-than-air,1
76,2023-and-on-releases,1
77,i-dont-care；mid；queer-trans,3
78,2023,1
80,2023；lgbt,2
82,1-2023-releases；2-middlegrade；3-sff,3
83,6-2023-releases；books-i-want-to-own；i-would-die-for-this,3
87,not-released-yet-tbr；physical-wishlist,2
88,anticapted,1
89,giggling；lgbtq；oh-to-be-in-love,3
93,owns-my-soul,1
100,2023；fantasy；ya,3
101,bookshelf,1
102,favorites,1
103,i-would-sell-my-soul-to-get-this,1
105,2023,1
106,best-of-2023；listened-to-audio,2
107,1-bisexual-mc；1-gay-mc；1-lgbt-queer-rep,3
111,dnf；mg-2023-2028；rick-riordan,3
112,mg,1
113,1-urban-fantasy-paranormal；5-ya,2
114,2023-anticipated-release；dystopian；fantasys-aka-my-ultimate-fave-genre,3
115,can-t-wait；give-me-my-fix,2
122,mg,1
126,five-stars；ily；lgbt,3
127,middle-grade-and-children；stay-away,2
129,lgbtq；physical-read；zread-in-2023-books,3
130,bought；favs；mlm,3
131,bipoc；favorites-of-2023；queer,3
133,4-stars；anticipated-2023；best-characters,3
134,4-stars；achillean-main-couple；fantasy,3
135,2023,1
137,middle-grade,1
139,read_2023,1
141,2023-hype；fantasy；mythology,3
147,dnf,1
156,fantasy；favorites；lgbt-mostlty-wlw,3
160,5-stars；lgbt；percy-jackson,3
164,2023-tbr,1
168,genre-fantasy；lit-middle-grade；releases-2023,3
173,leídos-2023,1
174,lgbtq,1
175,2023-releases；favorites；lgbtq,3
176,2024；favourite,2
186,fantasy；favorites；lgbt,3
187,length-put-down-the-pen-maybe；rating-mid；the-plot-plotted,3
188,gay-gay-gay；god-i-ship-them-so-hard；just-another-hot-sad-dark-haired-bo,3
191,__fiction；_own；fantasy,3
192,favourites；lgbtq,2
196,coming-out-2023,1
197,c-ya-mg；g-queer-ya-mg-sff；r-queer,3
199,3-and-a-half-stars；bisexual-rep；fantasy-magic-sci-fi-bitch,3
200,fantasy,1
203,2-stars-kinda-meh；book-series；kindle,3
204,mythology；owned,2
205,lgbt；ya,2
206,2023；4-5；książkiwbiblioteczce,3
209,4-star；fantasy；lgbt-main-character,3
215,2023；fantasy；lgbt,3
217,barnes-and-noble-editions；cried；feel-the-rainbow-taste-the-rainbow,3
219,do-kupienia-want-to-buy,1
228,2023；lgbtqa,2
235,young-adult,1
237,favorites；libreros；mitología-griega,3
238,arc；german-books,2
239,lgbtq；read-in-2023,2
242,fantasy,1
248,cute；emotional-damage；favorites,3
249,ebooks-i-own,1
250,2023-releases,1
252,2023-reads；lgbt,2
253,own；r-23,2
254,300-pages-or-more；cried-will-reading；fantasy,3
255,five-star-reads；owned,2
256,favourites-3,1
258,2023-favorites；own,2
260,lgbt,1
262,mythology；read-fantasy；read-middle-grade-childrens,3
263,for-middle-grade；for-young-adult；gn-fantasy-urban,3
264,childrens；lgbtq；mythology,3
265,lgbt-books；recommendations,2
269,faves,1
278,kids,1
280,2024；in-love-with-character；rc,3
281,not-owned,1
283,2023；favorites；lgbt,3
285,reviewed,1
288,3-stars；lgbtqia；read-23,3
292,fantasy；in-english；love-story,3
296,2023,1
