Row,Tags,Tag_Count
0,2022；2022-ng-challenge；2022-ng-group-challenge,3
1,arc-simon-and-sch；books-i-abandoned；fiction-adult,3
2,2022；netgalley,2
5,2023-books；science-fiction,2
6,2022-reads；2023-netgalley；environmental-fiction,3
7,2022-buzz-books-fall-winter；2023-new-releases；arc-or-ng-2023,3
8,fiction,1
9,2023-read,1
11,2022；fiction；male-author,3
12,books-i-own,1
13,americans；fiction；top-ten-2023,3
17,2023；dystopian；general-fiction,3
19,eco-literature；exceptional,2
20,literary-fiction；sci-fi-speculative,2
22,arc；best-of-2023；netgalley,3
25,science-fiction,1
27,dystopian；environmental；kindle,3
30,cli-fi；climate-change-horror；disaster,3
33,netgalley,1
35,arc,1
37,0reviewed；1science-fiction；2novel,3
38,2023-favorites；american-authors-translators；american-literature,3
39,favorites；fiction,2
44,2023-releases；annoying-lead；cli-fi,3
50,environment,1
52,2023；adult；dystopia,3
53,all-time-favorites；read-in-2023,2
54,audiobook；favorites,2
57,own,1
59,2024,1
64,gifted；owned,2
68,drama；dystopia；literary-fiction,3
79,contemporary-literature；dystopia；sci-fi-speculative,3
85,favorites,1
86,novels,1
87,favorites,1
88,advance-readers-copy；climate-change；edelweiss,3
89,2023；favorites,2
91,favorites,1
94,alh2022；environmental-nature；fiction,3
98,favorites,1
100,fiction,1
103,had-to-put-down,1
105,2023；2023-best-of；dystopia-postapocalyptic-futuristic,3
109,activist-essentials；speculative-fi；trouble-in-paradise,3
116,climate；dystopia；fiction,3
118,2022；arc；cli-fi,3
121,scribd-audio-read,1
122,books-sent-to-me；galleys-completed-net-galley,2
131,2023-completed-books,1
142,books-you-can-t-stop-thinking-about；dystopian-science-fiction；favorites,3
146,beautiful-writing；california；climate-change,3
148,climate-markley,1
155,5-star-reviews；all-timers,2
167,fiction,1
175,climate-environmentalism；post-apocalyptic,2
182,march-2024,1
183,bookbeat-hörbuch,1
188,dnf,1
190,2024,1
191,2023；all-time-favorites；dystopia,3
192,audiobook,1
194,favorites,1
197,fiction,1
204,audio-shelf,1
213,1304；cali；ebook,3
216,2023,1
220,adult；contemporary；sci-fi,3
223,favorites-2024,1
226,actual-bookshelf；arc,2
228,first-read,1
229,21st-century；apocalypses；climate-fiction,3
230,fiction,1
232,dystopian,1
242,fiction；politics；science,3
244,climate,1
248,favorites；reviewed；speculative,3
250,fiction-stories,1
251,400-or-more-pages；audiobook；earth-capitalized,3
252,audiobooks；new-in-2023；sci-fi,3
258,giveaways,1
259,end-of-the-world,1
265,climate-change；democracy；fiction,3
268,book-pub；long-2024,2
277,environmental；favorites,2
280,dnf,1
282,climate；fiction；listened-to-it,3
285,ng-reviews；reviewed,2
286,netgalley,1
289,favorites,1
296,climate,1
