Row,Tags,Tag_Count
2,2023-books；fantasy；series-caught-up,3
4,2024-reads；adult-books；e-books,3
8,e-books；fantasy；owned-ebooks,3
9,fantasy,1
14,2023,1
15,2023-releases,1
17,2023-anticipated-releases；arcs,2
18,high-fantasy,1
19,2023-releases；december-2022-tbr；november-2022-tbr,3
20,arc；fantasy,2
21,2022-netgalley-reads,1
24,2023-releases；fantasy；lgbtqia,3
25,fantasy；jack-s-shelf,2
27,2024-reads；favorites；five-stars,3
28,2023；arc；epic,3
30,fantasy-adult,1
33,read-in-2024,1
46,netgalley,1
48,2023-release；adult；books-i-own,3
55,3-star-reads；netgalley-arcs,2
63,anti-hero；assassins；fantasy,3
67,owned-books,1
71,2023,1
78,audiobook；fantasy；fiction,3
79,things-i-left-unfinished,1
82,prose-novels,1
83,sff,1
84,2023-releases；e-arcs,2
