Row,Tags,Tag_Count
0,horror；queer；ya,3
1,arcs-read,1
2,3-stars；beautiful-cover；netgalley-all,3
4,lgbtq,1
5,favorites；netgalley-2022,2
6,2023-releases,1
7,my-books,1
10,2023-releases；horror,2
11,arc-netgalley；library-ebook,2
12,2022；2022-arcs；fantasy,3
13,horror；lgbtq；netgalley,3
14,ebook；netgalley,2
15,arcs-netgalley-giveaways-to-review；horror；lgbtqaplus,3
16,netgalley,1
17,fantasy；ya,2
19,netgalley,1
20,arcs；best-books-of-2023；contemporary-ish,3
21,coyer-upside-down-2023；coyer-upside-down-chapter-1,2
22,horror；lgbt；ya-thriller,3
23,arcs-finished；audience-young-adult；format-ebook,3
24,netgalley-2022,1
25,horrorshow；netgalley；ya-fantasy,3
27,purchased,1
28,horror-thriller；lgbtqia；young-adult,3
29,arc；netgalley,2
32,book-i-bought-2023；own-english；read-physical-books,3
34,netgalley,1
35,arc,1
41,2022；horror；lgbtqa,3
42,net-galley,1
44,books-i-own；dark；dark-fantasy,3
46,horror；supernatural；young-adult,3
48,2023-reads；4-star-reads；owned-books,3
49,2023-releases,1
50,arc；fantasy；horror,3
51,arc；audiobook；galley,3
52,arcs-and-free-copies；reviewed,2
54,arc-netgalley；collection-kindle；fantasy-contemporary,3
55,lesbian-main-character,1
56,52bookclub2023,1
57,netgalley,1
58,netgalley,1
60,arc-s-netgalley-and-edelweiss；mystery-thriller；young-adult-awesomeness,3
63,horror；thriller；ya,3
66,2023-read,1
68,contemporary；thriller,2
69,arc；z-cus-1-3；zzz-2022,3
70,2023-anticipated-releases；arcs,2
71,netgalley-2022,1
79,arcs；owned,2
82,horror-and-gothic-novels,1
85,2023-reads；lgbt；netgalley,3
86,300-pages；fantasy；horror-and-suspense,3
89,audio；horror；lgbtq,3
91,dnf,1
96,audiobook；netgalley,2
97,scifi-fantasy-read；ya-read,2
98,got-an-arc；library-order-considerations；reviewed,3
99,ya-horror-mystery-thriller,1
101,giveaways-arcs,1
103,impressions-of-2022；netgalley-reads；sounds-more-interesting-than-it-is,3
105,magical-realism-or-urban-fantasy,1
107,arc-publisher；feb-23；mystery-suspense-mag,3
108,2023；read-for-review,2
110,2-stars；netgalley,2
112,folk-horror,1
113,2022-reads；arcs；paranormal,3
114,2023；arc-alc；audiobook,3
115,2023-reading-challenge；audiobook；netgalley,3
119,22-23-school-year；arc；ebook,3
121,2023-releases；arcs,2
122,arcs；fantasy；favorites,3
123,4-star-books；horror；netgalley-arcs,3
127,fave-2022-reads；horror；lgbt,3
130,giveaways,1
131,eco-horror；folk-horror；horror-mystery,3
132,arcs,1
135,horror；lgb-literature；ya-literature,3
138,horror,1
142,2023；e-books；fantasy,3
148,netgalley,1
153,2023-reads；favorites,2
154,finished-arcs,1
160,2023-arcs；2023-releases；arcs,3
163,giveaways,1
165,arcs-giveaway；contemporary；dnf,3
167,read-2023,1
168,audio-book,1
169,teen,1
175,2023；uno2023,2
176,4-star；kindle-read；read-2023,3
178,netgalley；read-2023；thriller-mystery-horror,3
179,2023-finished；giveaways-netgalley-arcs,2
180,2022；2023-releases；arc-netgalley,3
181,horror；lgbtq；magical-realism,3
185,arcs,1
187,2022,1
191,owned-library,1
194,netgalley,1
196,netgalley,1
199,arc,1
202,anticipated-2023-releases；arcs-alc；cover-love,3
203,arcs,1
205,top-queer-books；top-reads-2022,2
207,advanced-reader-copies；coming-of-age；cult-horror,3
209,arc；horror,2
211,lesbian-sapphic-wlnb-character；lgbtqiap2s-rep；trans-nonbinary-intersex-2s-gnc,3
212,lgbtqia2s；netgalley,2
213,other-reviews,1
214,e-book；netgalley；orilium-readathon,3
218,arc-list；netgalley,2
219,netgalley-reads；underwhelming,2
221,2023-popsugar-reading-challenge；arcs；audiobook,3
223,magical；netgalley；thriller,3
226,2023-reads；fantasy；horror,3
227,fantasy；low-fantasy,2
229,arcs,1
230,fantasy；suspense,2
231,2023-reads；netgalley-arcs,2
233,2021-2022-releases,1
238,netgalley；read-in-2023,2
239,2023；arc；horror,3
240,contemporary；fantasy；horror,3
241,2023-netgalley-all-reads-challenge；2023-netgalley-reads；2023-reads,3
242,netgalley,1
243,arc-reads；magic-mystery-fall-vibes,2
244,arcs,1
247,fantasy-magic；gothic；horror,3
252,2023；age-ya；arcs,3
255,best-books-ever,1
260,2022；action；arc,3
261,arc；ya-horror,2
262,netgalley,1
263,netgalley,1
271,netgalley,1
272,nancy-drew；reading-rainbow,2
274,netgalley,1
276,2023,1
281,2022；arc；netgalley,3
283,giveaways,1
284,horror；netgalley-arcs；queer-fantasy-sci-fi,3
288,read-as-an-arc,1
289,2023-alphabet-reading-challenge；2023-popsugar-reading-challenge；netgalley,3
290,arcs；is-this-just-fantasy；rainbow-mafia,3
295,2023-reads,1
297,arcs,1
