Row,Tags,Tag_Count
0,dual-pov；fated-mate；paranormal,3
2,50-shades-vibe；5starer-chemistry-of-mcs；age-gaaaap,3
4,arcs；shifters,2
14,age-gap；breeding；monster,3
16,curvas；curvilineas；oliviat-turner,3
17,insta-love；older-male-younger-female；paranormal,3
22,reviewed,1
45,2023；arc；booksprout-arc,3
60,arcs；mf-growly-alphas,2
69,2023-baby,1
123,read-2023,1
126,adult；books-read-in2023；fantasy,3
135,alpha；bear-shifters；kindle-unlimited,3
141,romance,1
142,02-stars；review-or-comment,2
149,lieben；mate-predestinada；shifters,3
153,2024-read；dnf-nfm-or-avoid,2
158,age-gap；breeding；fmc-virgin,3
