Row,Tags,Tag_Count
2,2021-releases；fantasy；favorites,3
3,favorites；free-e-book；free-kindle,3
5,arcs；south-asian-books,2
6,1-and-a-half-stars；genre-fantasy,2
7,4-stars；arcs；buddy-reads,3
9,all-time-favorites；arcs；asian-authors,3
11,fantasy-debuts,1
12,asian-rep；authors-of-color；not-for-me,3
13,2021-reads；adult；arcs,3
14,arcs；arcs-read；reviews,3
18,kindle；reread,2
19,favourites,1
22,2023-releases；ebooks,2
25,fantasy,1
28,arcs-netgalley；dystopian；fantasy,3
32,bipoc-fantasy；south-asian-fantasy,2
34,arc,1
36,2021-releases,1
39,arcs-and-netgalley,1
46,arcs-reviewed,1
47,2021-releases；arcs；author-indian,3
50,arc；asian-rep；buddy-reads,3
52,arc-reviews,1
53,arcs,1
57,genre-fantasy；misc-arcs；rating-3-stars,3
58,arcs,1
60,2021；arcs；asian-rep,3
63,2021-reads；arcs,2
64,anticipated；arc；bipoc,3
67,arcs；authors-of-colour；fantasy,3
74,arcs；asian-authored-books,2
75,south-asian-caribbean,1
77,fantasy；read-an-an-arc；ya,3
79,fantasy,1
80,arcs；read-fantasy,2
82,adult；bipoc-authors；bipoc-rep,3
90,arcs-read；buddy-read；liked,3
91,2021-read；fantasy-and-scifi；politics-feminism-religion,3
92,2023-read；adult-novels；anticipated-releases-2023,3
93,adult-fantasy；asian-authors,2
96,2021-releases；arcs；genre-adult-fantasy,3
97,2021-releases；arc,2
99,arcs,1
102,2021；arcs；fantasy,3
103,2-stars-didnt-like；2021-challenge；adult-na,3
107,favorites,1
112,arc；ebook；june-2021,3
113,4-and-a-half-stars；adult-fantasy；arc,3
114,arc；fantasy-poc；fantasy-ya,3
116,netgalley,1
120,dnf,1
121,2023；arc,2
123,2024,1
126,2024,1
127,netgalley,1
128,2023-reads；adult；fantasy,3
129,adult；arcs；disability-and-neurodivergence-rep,3
130,arcs,1
131,read-in-2021,1
132,adult-fantasy；arc；asian-inspired,3
135,arcs-finished；asian-authors；audience-adult,3
137,2022-reads,1
138,arc；auth-f；bipoc-actor,3
139,desi-rep；high-fantasy；political-intrigue,3
141,asian-rep；fantasy；goodreads-giveaway,3
144,iv-arcs,1
148,favourites-of-2024,1
154,authors-of-color,1
155,arcs；favourites,2
158,dnf；sci-fi,2
159,arcs；reviewed,2
163,bipoc-authors；bipoc-main-character；enemies-to-lovers,3
164,a-adult；anticipated-releases；f-novel,3
167,2024-faves,1
169,arcs；netgalley,2
173,2024-favorites,1
177,arc；favorites；recommend-yes,3
178,arcs,1
179,netgalley,1
192,books-i-own,1
197,2021；arc；desi,3
198,arcs,1
201,2023；asian-pacific-islander-bookshelf；fantasy,3
202,arcs；net-galley；review-copy,3
204,favourites；read-in-2023；trilogy-in-progress,3
205,fantasy；netgalley,2
206,2023-books；4-star-read；arc,3
208,arcs,1
211,arcs,1
214,asian-inspired；best-of-2023,2
216,netgalley-arcs,1
218,desi,1
221,earth-shattering；lowkey-obsessed；my-historical-fantasies,3
223,arcs；solid-5-stars,2
225,arcs；scifi-fantasy-adult,2
226,ebooks；for-review；netgalley-2023,3
229,arc；digital,2
231,arcs-to-read,1
233,books-to-preorder,1
236,fantasy；sci-fi,2
238,arc-s；netgalley,2
241,2021-reads；arcs；disappointing,3
243,arc；audiobook；books-i-don-t-own,3
245,bipoc；disability-rep；enemies-to-lovers,3
247,received-arcs,1
252,trilogies,1
256,2022-reads；3-star；arc,3
257,2023-reads,1
260,2022,1
264,advanced-reader-copy-reviews,1
265,arcs,1
266,arcs,1
267,2021；netgalley,2
273,blue-bookshelf,1
274,bipoc-adult-fantasy,1
278,audiobook；fantasy；military-war,3
280,fantasy,1
281,net-galley,1
283,4th-quarter-dnf-s,1
291,its-straight-but-its-allowed,1
292,3-stars,1
295,netgalley,1
296,2023-favourites；fantasy；highly-recommended,3
298,fantasy；high-fantasy,2
