Row,Tags,Tag_Count
0,advance-listening-copy；advanced-reading-copy；audiobook,3
1,netgalley；smp-influencer；widget-received,3
2,giveaways,1
3,2023-books；mystery-thriller,2
7,climate-change；dystopian；lgbtq,3
8,2024-fuck-yeahs,1
10,netgalley,1
11,arcs；favorites；to-buy,3
15,3-stars；netgalley；new-release,3
16,sapphic-speculative,1
17,fantasy-sci-fi,1
18,netgalley,1
19,cities,1
20,arc；dystopian；read-2023,3
23,2024,1
27,advanced-copy；dystopian；queer,3
35,2023,1
36,arcs,1
38,2023-reads；3-stars；arc-reviews,3
40,fiction；netgalley；shtf,3
41,arcs,1
42,audiobooks；books-i-own；fantasy-magical-realism,3
48,2023；apoca-lit-dystopic；arcs,3
51,2023-reads；fiction,2
55,arcs；netgalley,2
56,dystopian；female-forward；fiction,3
57,fantasy；giveaways；lesbian,3
61,arc-r2r；audiobook-other-vendor；lgbtqia-queer,3
62,2023,1
69,arcs；netgalley-read,2
79,african-american；lgbtq,2
84,favorites,1
87,2023-reads,1
89,publisher,1
95,arcs；environmental；lgbtqia,3
96,on-my-book-shelf,1
108,giveaways,1
110,arc；audiobook；cli-fi,3
111,book-club-reads,1
112,2023；at-the-library；netgalley,3
119,2023-books,1
128,lgbtq；sci-fi,2
136,2023-books,1
140,2023-books,1
141,arc；earc；netgalley,3
146,advanced-reader-copies；conspiracy-thriller；dystopic-or-post-apocalyptic,3
149,ebook；netgalley,2
153,fiction；net-galley,2
155,netgalley；sci-fi,2
156,2024-reads；aardvark；science-fiction,3
160,read-as-an-arc,1
161,arc-reads,1
162,netgalley-arcs,1
165,netgalley,1
171,aardvark-book-club,1
172,adult-sci-fi,1
173,goodreads-giveaway,1
174,netgalley,1
177,february-2024-tbr,1
185,netgalley-2023,1
193,aardvark-picks；owned-physical；read-in-2023,3
195,2024,1
196,aardvark；lgbt；sci-fi,3
197,gonna-buy-my-own-copy,1
198,dystopias；feminist；grrl-power,3
210,2024,1
211,alphabet-mafia；envs,2
213,literary-league,1
216,action；dystopian；fantasy,3
221,queer,1
223,fiction-historical-fiction,1
225,2024-reads,1
228,queer,1
230,arcs；author-lgbtq；category-adult,3
235,4-stars；arc-reviews-2023；diverse,3
241,environmental；lgbtq,2
243,2023-releases；own；reviews,3
244,netgalley；sff-infinity-stars,2
245,arcs；audiobook,2
253,arc-2023,1
254,2023；arc,2
255,f-f；feminist-utopia-dystopia,2
256,2024,1
257,arc；audience-adult；contains-queer-rep,3
258,dystopia；lesbian；lgbqt,3
259,2023-releases,1
261,american-literature；science-fiction-and-fantasy,2
266,arc；queer,2
268,2024；dystopian；feminism,3
269,audiobook；cli-fi；dystopia,3
270,2024,1
274,future-home-library,1
279,books-i-own；dystopian；scifi,3
282,aardvark；family-book-club；netgalley,3
284,2023-books,1
286,2024,1
294,2023,1
297,2024；cli-fi；speculative-fiction,3
