Row,Tags,Tag_Count
0,2023-reads；genre-fantasy,2
1,2023；fantasy；netgalley-and-edelweiss,3
2,2023；arcs；contemporary,3
3,arcs,1
4,freebies-and-gifts；light-fantasy；myths-legends-and-retellings,3
5,2023-reads,1
6,arcs-read；liked,2
9,arc；on-kindle,2
10,arc-s-netgalley-and-edelweiss；fantastico-fantastics-scifilicious,2
11,audiobooks；netgalley,2
15,2024-read；2024-read-your-shelf-completed；2024-read-your-shelf-done-arcs,3
16,arcs,1
17,fairyloot；releases-2023；series-i-am-not-continuing,3
19,do-not-read；fantasy；historical,3
21,2024；arc；fantasy,3
22,books-i-own,1
27,2-political-intrigue；3-royalty；4-war-or-rebellion,3
28,arcs；dnf；thanks-i-hate-it,3
29,2024-release；arc-edelweiss,2
30,couldn-t-finish；netgalley-arcs；not-for-me,3
35,fantasy,1
38,fairyloot-edition,1
39,arcs,1
42,fantasy,1
43,fiction；historical-fiction；netgalley,3
44,2-star；abuse；angels-or-demons,3
45,netgalley,1
47,2023-reading-challenge,1
48,adult；fantasy；historical-fiction,3
49,book-club,1
51,netgalley,1
52,2023-reads,1
55,mexico；world-fantasy,2
60,arc；audiobook；fantasy,3
66,2024-ng-arcs；advanced-reader-copies；fantasy,3
67,library,1
68,favorites,1
69,authors-of-color；fantasy；historical-fiction,3
72,collection-arc-2023；collection-fairyloot；genre-fantasy,3
73,arc；fantasy,2
75,2024-debut；arc；author-of-color,3
81,netgalley,1
86,fairyloot-adult；physical-copies,2
87,fantasy,1
92,library；myth-retellings,2
93,my-library；signed,2
94,2023-read；adult-fantasy；fairyloot,3
98,adult-adult-fantasy；fairyloot,2
106,arcs,1
108,historical-fantasy,1
109,fairyloot；fantasy；giveaways,3
111,netgalley,1
113,fantasy；fiction；has-a-love-story,3
116,2023-releases,1
120,rural-fantasy；subscription-books,2
121,arcs,1
122,arcs,1
123,arcs,1
125,arc；fantasy；historical,3
127,dnf,1
128,gender-swapped-retellings,1
129,fantasy,1
134,animals；audiobook；gods-and-goddesses,3
138,giveaways,1
140,advanced-reader；fantasy；meh,3
141,received-for-review,1
144,arcs,1
147,fairyloot,1
150,arc-reads；netgalley,2
152,dnf,1
156,fantasy,1
159,netgalley,1
162,netgalley-and-giveaways,1
163,epic-fantasy；fantasy；historical-fiction,3
166,arcs-read；fantasy-adult；netgalley,3
167,library-overdrive,1
169,read-in-2023,1
173,netgalley,1
176,1-star；2024-release；historical-fantasy,3
178,2023-releases；4-star；age-adult,3
179,arc,1
191,reads-23,1
192,arc,1
195,arc；books-i-don-t-own；netgalley,3
198,netgalley,1
199,2023；arc；fantasy,3
200,arc；fantasy；give-away,3
203,dnf,1
204,action；adventure；fantasy,3
205,dnf；netgalley,2
206,fairyloot,1
209,bookbox-fairyloot；ongoing-or-need-to-complete-series；retelling-movie,3
210,fiction；giveaways,2
212,arc-reviews,1
214,didnt-make-it；fiction；library-book,3
217,adult；arc；fantasy,3
218,2023；fantasy；historical,3
219,2023,1
221,fantasy；tbr-2023,2
226,2024-reads；netgalley-arcs,2
229,hispanic-authors,1
231,2023-releases；fantasy-i-read；netgalley-arc,3
235,fantasy,1
236,arcs；physical-shelf；women-do-it-best,3
243,fantasy；magic,2
250,netgalley,1
252,netgalley,1
256,adult-fantasy-historical-mystery；dnf-shelf,2
258,arc,1
260,adult-fantasy；arcs-2024；bipoc-authors,3
262,read-in-2024,1
265,2024；adventurous；faeries-or-folklore,3
268,arcs-earcs,1
272,fantasy；netgalley；netgalley2023,3
287,2024-reads,1
288,stranger-stories,1
295,netgalley,1
299,2023；fairyloot；fantasy,3
