Row,Tags,Tag_Count
1,netgalley,1
2,reviewed；reviewed-2023,2
3,fantasy,1
5,fantasy；horror；owned,3
19,crime；fantasy；fiction,3
20,2023brs,1
26,freebobhoward,1
27,quantum；religion；these-characters-are-awful-people,3
30,alternate-world；britain；crime,3
31,mythos,1
32,2023-shelf；fantasy；horror,3
33,2023,1
36,fantasy,1
40,fantasy；historical,2
41,awwwdeeeoooo；fiction；strossing-out,3
42,team-sword,1
49,2024-hugos；horror,2
50,alternate-history；fantasy；horror,3
51,netgalley,1
60,1816-and-all-that,1
64,2-audiobook；2020s-reads；buddy-read,3
78,sff-fantasy,1
79,my-favs,1
90,things-i-left-unfinished,1
95,adventure；alternative-history；audiobook,3
97,alternate-history；british-isles；dystopia,3
