Row,Tags,Tag_Count
0,beauty-and-the-beast-theme；fairy-tale-retellings；fantasy,3
1,02；2023；books-i-audio,3
2,netgalley,1
5,2023；library-books,2
6,netgalley；review-copies,2
9,2023-releases；review-copy-arc-provided,2
10,2022-reads；arcs-2023-release,2
11,did-not-finish,1
12,net-galley,1
14,adventure；fantasy,2
15,2023-mounttbr-challenge；arcs-free-review-copy；fantasy-fae-fairies,3
17,adult；dnf；romantasy,3
18,autumn；cold,2
25,arcs-ebooks-netgalley,1
26,2023-owned-read；2023-reads；fae,3
28,netgalley,1
31,bought-with-my-hard-earned-bd-cash；la-crème-de-la-crème；properly-fairy,3
40,audiobooks,1
41,netgalley,1
43,faeries；historical；issues-without-preaching,3
47,fall-reads；owned-not-read,2
49,2023-releases,1
50,2023-reads；favourites,2
53,netgalley,1
55,2023-january,1
56,read-in-2023,1
57,4-stars；audio-book；science-fiction-and-fantasy,3
59,netgalley,1
60,adult；fantasy；fiction,3
71,arc；netgalley,2
75,2023-release；read-2023,2
76,kindle；queer,2
77,format-physical-owned；genre-fantasy；genre-romance,3
79,fairy-tale-retellings；fantasy,2
94,fantasy,1
95,2023；arcs-alcs-finishedcopies；i-should-ve-dnfd,3
96,2023；adult；arc,3
98,dnf,1
103,2023-reads-137；own-read,2
105,fantasy；historical；magical-realism,3
109,fantasy,1
110,netgalley,1
111,most-enjoyed,1
113,1910s；2023-read；400-pages,3
115,arcs；netgalley,2
116,1-2023-releases；6-library-books-to-buy,2
118,netgalley,1
121,netgalley,1
123,supernatural-urban-fantasy,1
130,books-read-in-2023；net-galley-arcs,2
131,sad-girl-mood,1
137,netgalley；reviews,2
143,2023-kindle；netgalley；read-in-2023,3
145,e-book；faery；fantasy,3
146,adult-fiction；arc；edelweiss,3
153,kindle；netgalley,2
167,2023；netgalley,2
168,favorites；monstrous-fae；toxic-love,3
173,finished-netgalley-arcs,1
174,2023-challenge；netgalley,2
181,dark-fae；dark-fairy-tales,2
184,arc；fantasy；magic,3
192,2022,1
193,2023-reading-challenge；netgalley,2
206,2023；advanced-readers-copy；arc,3
209,2023；fae-lore；history,3
226,adventure；fairy-tales；fantasy,3
232,audiobook,1
233,netgalley,1
238,arc；creepy-forest；fairytale-for-adults,3
242,did-not-finish,1
248,5-star-reads,1
249,discarded；netgalley-2023,2
252,academia-vibes；fantasy；historical,3
255,netgalley,1
256,netgalley,1
258,2023,1
259,library,1
270,fantasy；folklore；hist-fic,3
297,not-for-me,1
