Row,Tags,Tag_Count
0,favorites；self-published-and-indie,2
2,all-time-favorites；arc-team-reviews；best-of-2023,3
3,sffbooksihaveread,1
4,2023-releases；favourites-2023；indie-and-selfpub,3
6,2023-reads,1
10,2024-reads；adult-books；fantasy,3
12,adult；adult-fantasy；fantasy,3
13,indie；kindle-unlimited,2
14,favourites,1
15,author-publisher-arcs-copies；bound-and-the-broken；favourites,3
19,favourites,1
20,top-books-check-them-out,1
21,2024,1
23,fav-self-published；favorites；owned-audible,3
27,favourites,1
29,absolute-favorites；available-on-kindle-unlimited；ebook-library,3
30,adult-and-na；bromance；brothers,3
31,2023-tbr,1
33,2023-reads；5-star-reads,2
38,bound,1
39,fantasy,1
43,fantasy,1
44,2023,1
46,2023-05-may,1
47,my-favorite-books-read-so-far,1
53,books-in-english；fantasy,2
57,2023；fantasy；fiction,3
60,best-fantasy；favorites,2
64,fantasy,1
68,favorite-books；self-published,2
71,adult；dragons；fantasy,3
75,all-time-favorites；dragons；year-2023-favorites,3
76,favorites,1
89,tbr-in-permanent-ink-2024,1
92,eragon-vibes,1
96,god-tier-fantasy,1
102,fantasy；self-pub,2
109,favorites,1
113,2024-reading-plan；fantasy；fiction,3
115,2024-books,1
123,favorites,1
124,faves,1
129,2023,1
130,favorites,1
132,2023-releases；top-tier,2
133,seal-of-approval,1
136,read-in-2023,1
137,epic-fantasy；the-bound-and-the-broken,2
140,epic-sci-fi-fantasy,1
142,arcs；fantasy；indie-selfpublished,3
147,all-time-favorites,1
150,epic-fantasy；fantasy；favorites,3
151,5-star；books-i-want-to-reread；read-in-2023,3
155,fantasy,1
159,favorites,1
177,2023；2023-rr-audio,2
190,600-or-more-pages；fantasy；favorites,3
192,fantasy-scifi,1
194,favourites,1
202,10-10；dragons,2
203,2023-finished；books-i-own,2
204,fantasy；recommend,2
205,epic-fantasy,1
220,read-2024；top-books,2
227,loved,1
241,epic-fantasy；fantasy；kindle,3
244,fantasitical；fantasy；favorites,3
247,my-top-books-of-all-time；top-series-of-all-time,2
257,ebook；fantasy,2
259,read-in-2023；seriestbrathon,2
282,2023；audible,2
