Row,Tags,Tag_Count
2,2023-books；horror；science-fiction,3
4,2023；audiobook；horror,3
6,2023_climate；2023_decades_ha；2023_ecotage,3
7,giveaways；horror；netgalley,3
8,abandoned；arc-arc-arc；audio,3
9,audiobooks,1
10,arcs；horror；meh,3
11,dnfs；horror-thriller；sci-fi,3
12,arcs,1
13,dnf,1
15,2023-read；dnf,2
16,2023；read-for-review,2
17,223-in-2023；aborted-efforts；aliens,3
18,arcs-and-galleys；horror；review-copy,3
19,netgalley,1
20,read-2023,1
24,horror；sci-fi,2
25,2023；arc；horror,3
26,space-opera,1
29,adult；horror；review-copies,3
31,2023-releases；space-horror,2
33,dnf,1
40,arc,1
44,netgalley；scifi；series,3
50,netgalley,1
55,sci-fi-hi-fi,1
56,sci-fi-thriller；scifi,2
58,arcs,1
59,2023-favourites；highly-recommended；horror,3
61,audio；science-fiction,2
63,2023-releases；colony-generation-ark-ships,2
64,dnf,1
65,audiobook；fiction,2
67,audiobook,1
68,4-star-reads,1
70,favorites,1
71,ai；aliens；creepy,3
73,2023；favorites,2
74,2023；horror；scifi,3
78,horror；sci-fi,2
80,dnf,1
81,best-of-2023,1
83,sci-fi,1
86,first-reads,1
93,2023-reviews,1
101,horror；mystery；sci-fi,3
102,adult；androids-cyborgs-robots；ghosts-souls-spirits,3
103,2023,1
105,science-fiction,1
107,2023,1
110,horror；sci-fi,2
114,own,1
116,arc,1
117,aliens；audio-book；paranormal-fiction,3
119,2024-reads,1
122,2023-goodreads-challenge；publisher-physical,2
123,audiobook；fiction；horror,3
125,artificial-intelligence；psychological-thriller；space-horror,3
126,arcs；audiobooks；horror,3
127,adult-fiction；horror-thrillers；sci-fi,3
129,spaceships；spooky,2
132,audiobook；netgalley；review,3
138,gothic；sf；space-opera,3
143,horror；science-fiction,2
144,books-i-own,1
146,arcs；audiobooks,2
148,sf,1
155,z2023-read,1
163,sci-fi,1
165,1-horror；1-mystery-thriller；1-science-fiction,3
172,owned-on-kindle；read-in-2023；science-fiction,3
173,audiobooks,1
175,yesss,1
176,oms；omsread；read-in-2023,3
181,sci-fi,1
197,read-2023,1
198,horror；sci-fi,2
200,audiobook,1
208,adult；horror；owned-physical-read,3
212,library,1
216,horror；sci-fi,2
219,horror；media-audio；mystery-detective,3
220,2023-read；no-spice；should-have-been-in-a-box,3
225,arc,1
226,netgalley,1
232,2023；favorites；sci-fi,3
233,2023,1
236,horror；sci-fi,2
239,horror；sci-fi；series,3
241,2023；2024,2
245,2024-books,1
246,2023-releases；own,2
247,sci-fi,1
250,3-stars；releases-2023；review-copies,3
255,psychological；sci-fi；space-horror,3
256,horror；scifi；thrills,3
259,giveaways,1
261,horror；science-fiction；thriller,3
266,library,1
272,own,1
274,read-2024,1
278,aliens；artificial-intelligence；disaster,3
281,horror；science-fiction,2
285,books-without-pictures,1
286,bad,1
295,2023；2023-wrap-up；horror,3
296,sci-fi,1
