Row,Tags,Tag_Count
0,audiobook；giveaways；kindle,3
5,2023-reads；books-of-my-heart；cool-creatures,3
8,advanced-reader-copy；fantasy,2
9,age-adult；amazon-first-reads-selection；cooking-food,3
10,review,1
18,netgalley；readtoreview,2
20,owned,1
21,already-own；audible；books-i-will-never-read-again,3
31,2023-release；arc-netgalley,2
32,2023-reading-challenge,1
33,arc；fantasy,2
35,didnt-finish；netgalley,2
37,dnf,1
43,just-can-t-finish,1
49,bookclubs,1
54,2023；amazon-first-reads；fantasy,3
55,2023,1
56,fantasy；novels,2
60,2023-challenge；punta-cana-23,2
62,2023；ya；ya-fantasy,3
66,ebook；fantasy,2
69,arc,1
72,2023-read；2023-review,2
75,2023；fantasy,2
83,be-gay-do-crime；fantasy；fiction,3
84,fiction,1
92,fantasy,1
97,kindle-first-reads,1
107,2024-reading；ebook-own,2
112,net-galley,1
113,read-in-2023,1
115,2023；book-in-a-series；fantasy,3
121,alternate-history；dragons；fantasy,3
130,fantasy；kindle-first；kindled,3
134,2023reads,1
137,fantasy；netgalley,2
141,2023；library,2
146,historical-fiction；magic；speculative-fiction,3
147,fantasy；speculative-fiction,2
148,netgalley,1
154,2023-books-read,1
155,netgalley,1
156,free-ebooks,1
160,action-mystery-suspense-thriller；indigenous-and-marginalized-peoples；sci-fi-and-fantastical,3
163,dnf,1
165,did-not-finish,1
166,dnf；reviewed,2
169,reviews,1
177,2023-books-i-read；fantasy-urban,2
179,book-club；kindle,2
182,fantasy,1
188,sci-fi-fantasy,1
191,own-kindle,1
194,giveaways,1
198,fantasy,1
208,fantasy；kindle,2
214,favorites,1
215,2023-challenge；audio-book；fantasy,3
220,audible,1
221,speculative-fiction,1
228,fantasy,1
230,fantasy,1
234,2024-read,1
238,sff,1
255,netgalley,1
256,favorites-2023,1
259,2023-books；fantasy-scifi；favorites,3
265,audible,1
270,2023-popsugar-reading-challenge,1
272,books-i-recommend,1
280,2023,1
283,fantasy；fiction；kindle,3
290,favorites,1
293,amazon-prime；fantasy；series,3
295,book-club,1
296,children-ya；sf-fantasy,2
