Row,Tags,Tag_Count
3,read-on-libby,1
5,dnf,1
7,2023-read；audiobooks；dystopian,3
9,audiobook；x_2024,2
10,arcs-read；favorites；lesbian-recs,3
11,books-i-own,1
15,i-got-chapter-issues；sci-fi,2
16,2023,1
17,literally-bookish-2023,1
18,lgbtq,1
26,2023；to-buy,2
27,2023-releases；queer；speculative-fiction,3
29,families-love-marriage；grief；life-itself,3
32,books-that-made-me-cry,1
34,audiobook；lgbt-read；speculative,3
35,2023-release；apocalypse-dystopia；lgbtq,3
39,bookclub；favorites-2023；lgbtq,3
41,apocalypse-of-the-heart；arc-reviewers-copy；audio-book,3
45,lesbian；sapphic,2
48,pub-2023,1
49,sci-fi,1
50,1-star；lgbtq；worse-than-expected,3
54,netgalley,1
55,x2023-52-books；x2023-book_hoarder-challenge；x2023-book-hoarder-surprise-prompt,3
56,2023；net-galley,2
60,audiobooks,1
61,queer；sci-fi,2
62,2023-releases；fiction；queer,3
64,2023-read；4-stars；dystopian,3
72,2024-reads,1
80,feminism；fiction-apocalypse-dystopian,2
83,adult-fiction-non-fiction；audiobooks；fiction,3
86,2023；audiobook,2
88,2023；queer-recs,2
89,2023；dystopian；literary-fiction,3
92,2023；scifi,2
98,2024,1
110,gender,1
115,2-and-a-half-stars；2024,2
120,21,1
125,2-star；literary-fiction,2
127,2023；borrowed,2
129,best-of-2022；fiction；queer-reads,3
130,lgbtqia-characters-author；post-apoc-dystopian,2
131,2022-favorites；arcs,2
135,books-that-stick-with-me-eternally,1
136,dnf-skimmed-through；i-heavily-despise-these-ones,2
139,2023-july,1
140,splendor,1
141,favorites；lgbtq；scifi,3
148,all-time-favorites；professor-aubrey,2
149,books-i-heard；queer-lit；strange-worlds,3
155,2023；lgbtq-spec-fic；rip-open-my-heart-and-add-salt,3
162,alphabet-soup；science-fiction-double-feature,2
164,gay,1
165,favourites,1
168,2024；antiracism；book-club,3
169,mid,1
170,audible,1
171,2023；the-goods,2
173,fiction；trans-writers,2
196,2023-release；science-fiction,2
197,2023；favourites；queer-reads,3
199,books-i-recommend；queer-fic,2
200,books-i-d-admit-to-reading,1
202,read-in-2023,1
204,favorites,1
206,lgbtq,1
207,2023；dystopia；fem-lead,3
210,2023,1
213,2023,1
215,2023；audio；dystopian,3
221,2023-favorites,1
222,2024,1
228,has-gay-or-bi-characters,1
236,lgbtq,1
239,ebook,1
242,death-grief；grief；lgbtq,3
243,dnf-shelf,1
245,2023；audiobooks；borrowed-from-library,3
247,sci-fi-fantasy-whatever,1
251,author-lgbtq；author-they-them；book-group-book,3
260,2023-read；five-star-reads,2
272,adult-fiction；audiobook；blue-covers,3
274,2023,1
275,lgbtq；not-owned；scifi-fantasy,3
277,2023-favorites；read-in-2023,2
278,2023；library-borrowed；sci-fi,3
279,personal-is-political；sick-girl-lit；speculative,3
286,2023-faves；interesting-books；potential-bookclub,3
287,dystopian；lgbtq,2
288,dnf,1
289,dnf,1
295,2023-releases；pride-readathon；queer-lit,3
296,kindle,1
297,2023；fiction；lgbtqia,3
298,science-fiction,1
