Row,Tags,Tag_Count
0,not-released；series-to-continue,2
11,not-my-fav,1
14,2024,1
16,mid,1
18,greek-mythology,1
25,2024-books-all,1
29,mythology-hot；next-in-series,2
30,fantasy,1
44,2024,1
45,all-going-fine-until-they-ruined-it；its-a-no-from-me-dawg,2
47,2-stars,1
61,my-physical-library,1
65,fantasy；romance,2
67,2024-reads,1
68,erotica,1
69,dark-romance；estante；fantasy,3
72,to-buy,1
77,books-i-own,1
78,ebooks；school-2023-2024,2
87,read-2024,1
90,01jan2023；hades-and-sephi,2
92,most-anticipated-24,1
94,audiobooks；storytel,2
100,i-hate-it-here,1
101,2024；fantasy；historical,3
102,erotica；retellings,2
119,dark-spice；fantasy-spice,2
120,fantasy-paranormal；retelling-mythology；romance-drama,3
124,fantasy；greek-mythology；magic,3
131,all-time-faves；books-i-own,2
137,next-up,1
138,owned-kaci-me-donutila,1
146,2024；fantasy-paranormal；romantasy,3
159,favorites,1
161,double-or-nothing-baby-2024,1
167,dark-romance；fantasy；fantasy-romance,3
168,2024,1
174,on-my-bookshelf,1
186,own,1
197,fantasy；romance,2
198,fantasy,1
199,2024,1
201,2024,1
208,classics-inspired,1
219,audiobook；print-own,2
230,2024；romantasy,2
241,audiobook-audible；dark；erotic-scenes,3
251,serve,1
261,2024-tbr；owned-physical,2
263,kindle-tbr,1
278,school-year-23-24,1
284,2024,1
286,2024-releases,1
287,own-kindle,1
296,myth-retellings,1
