Row,Tags,Tag_Count
2,2023；fantasy；listened-on-audio,3
3,arcs,1
6,arc,1
9,2023-release；arc-netgalley,2
10,2023；dystopian；series,3
11,arc-s-netgalley-and-edelweiss；fantastico-fantastics-scifilicious；i-m-so-excited-to-read-this,3
13,4-or-4-and-a-half-stars；arcs；wolves-and-dogs,3
14,2023-popsugar-reading-challenge；arcs,2
17,arcs,1
18,2023；audiobook；netgalley,3
20,arcs-from-publishers,1
25,2023；read-for-review,2
26,cover-love；dystopia；poc-on-cover,3
27,2023-arcs,1
28,net-galley,1
29,arcs-giveaway；dystopia；fantasy,3
32,2023-netgalley-all-reads-challenge；2023-netgalley-reads；2023-reads,3
33,netgalley,1
35,2023-buddy-reads,1
36,netgalley,1
39,arcs,1
40,reviewed,1
43,netgalley；read-in-2023,2
46,2023-reads；adults-read-ya-too；arc,3
48,young-adult,1
54,august-2022；netgalley-arcs；sci-fi,3
56,2-star；audiobooks；spaaaace,3
57,science-fiction；young-adult,2
58,2023；i-should-ve-dnfd,2
60,other-reviews,1
61,fantasyish-sci-fi；kidsyoungadultread；series,3
62,arc；fantasy；netgalley,3
63,arc-publisher；fantasy；jan-2023,3
72,2023-read；age-group-ya；arc,3
75,young-adult,1
79,arcs；audiobooks；lgbq-spn-fantasy-scifi,3
80,2023,1
81,arc；sci-fi,2
82,netgalley-edelweiss-arc；sci-fi；young-adult,3
83,angst；another-world；space,3
89,netgalley,1
91,giveaways-arcs,1
98,2023-reads；arcs；ehh,3
103,e-book；netgalley,2
106,giveaway；own,2
107,science-fiction；ya,2
108,dnf,1
110,netgalley,1
120,action-packed；animal-companion；lgbtq-rep,3
128,netgalley,1
130,tbr,1
137,sci-fi；teen,2
142,mine,1
143,1-10,1
144,added-2022；arcs-i-got；netgalley,3
153,rachae,1
154,awesome-women；clean-reads；cool-worlds,3
155,2023,1
160,2023-reads,1
164,netgalley,1
165,2023；lgbtq,2
169,2022-4-star-reads；edelweiss,2
170,arc,1
173,netgalley,1
175,arc；netgalley,2
180,2023；arcs,2
181,2023-new-releases；children-ya；netgalley,3
182,netgalley,1
