Row,Tags,Tag_Count
0,favorites；netgalley-2023,2
2,2023-releases；arcs,2
4,netgalley,1
5,4-star-reads；arcs,2
6,5-stars；arcs；fantastic-fantasy,3
7,2023；read-for-review,2
8,absolutely-loved；arcs；cleaning-out-the-tbr-closet-2023,3
12,2023-reads；disappointing,2
13,arcs；fantasy；netgalley,3
15,anticipated-2023-releases；arcs-alc；buddy-reads,3
17,audiobook,1
18,2024,1
19,2023；arc；fantasy,3
20,arcs,1
23,audiobook,1
24,audio-book；boring；cover-porn,3
29,2023-releases；access-library；age-young-adult,3
30,2024；fairy-tale；fantasy,3
32,2022-reads,1
33,netgalley,1
34,2023；fantasy；mystery,3
35,2023-releases；adult；anthology,3
40,arc；netgalley,2
43,2023；halloween-fall-books-to-read,2
47,2023-releases,1
50,fantasy；young-adult,2
54,anthology；arc-beta；lgbtqia-characters,3
56,fantasy；lgbtq-character；magic,3
58,absolute-favorites；i-recommend,2
61,2023；fairytale-classics-retellings；fobidden-love,3
64,library-recommendations,1
67,libby,1
68,libby,1
71,arcs；book-with-a-map；edelweiss,3
74,fantasy；retelling,2
76,fantasy；mystery；young-adult,3
79,netgalley,1
81,3-75-stars；fantasy；horror,3
83,2023-read；5-stars；arc,3
90,fantasy；ghosts；murder-mystery,3
92,netgalley,1
94,favorites,1
95,fairy-tales,1
97,2024；fantasy,2
99,books-i-own；netgalley,2
101,4-star；arc-or-galley；fantasy,3
102,2-star-reads；netgalley-arcs,2
104,netgalley,1
105,kindle,1
106,netgalley-edelweiss-other-arcs；ya-fantasy,2
108,2023,1
116,2023；myth-and-fairytale,2
117,2023-releases；ya-fantasy-paranormal,2
118,action；dark；female,3
123,2023-releases；fantasy,2
126,cover-love；fairy-tale；lgbtqiap-narrator,3
128,2024,1
129,audiobook；fairytales,2
134,netgalley,1
138,2023,1
139,retold-fairy-tales；ya-lit,2
142,2023-reads；mombookclub,2
143,dark-thriller-scary；mystery；sequoyah-consideration-2025,3
147,books-2023,1
150,february-2024,1
153,audiobook,1
154,2023-reads；fantasy；young-adult,3
156,fairytales-folklore,1
160,fantasy；young-adult,2
161,fantasy；horror；young-adult,3
163,audiobook；floab-2023；library,3
170,arc-reads；retelling-misc；young-adult,3
172,4s；bought-2023；fantasy,3
176,bloody；creepy-sh-t；darkness-and-shadows,3
184,fantasy；retelling；weak-cast,3
185,high-fantasy；young-adult,2
186,4-star；fantasy；library,3
190,audiobook；dnf,2
197,2023-books；books-bought-in-2023；books-i-own,3
202,netgalley,1
203,5stars；all-ages；alternate-history,3
205,another-world；audiobook；fairytale,3
216,ya-sff,1
221,livres-perso,1
223,2023；library；young-adult,3
228,dnf,1
231,audiobook-experiment,1
234,2024；not-owned-read,2
238,fairy-tales；read-in-2024,2
239,zz-2024-mar-new,1
244,fantasy；ya,2
245,netgalley；read-but-don-t-own,2
248,challenge-2023,1
250,4-stars；fairy-tales；retellings,3
252,2023-ng-challenge；netgalley,2
255,2023-reads,1
256,netgalley,1
259,2023-releases；genre-high-fantasy；genre-horror,3
260,favorites,1
262,fantasy；fantasy-classic；fractured-fairy-tales,3
263,uno-2023,1
264,audiobooks；read-fiction；read-teens,3
