Row,Tags,Tag_Count
0,2023-reads,1
1,fantasy；my-library；my-library-hardcover,3
2,3-and-a-half-stars；arc；fantasy,3
3,adult；arc；fantasy,3
4,arc；favorites；physical-owned,3
5,audiobook,1
7,lgbtq,1
8,4-star；author-love；authors-of-color,3
9,2023-favorites；asian-rep；authors-of-color,3
12,audiobook；fantasy；queer-bipoc,3
13,arcs；fantasy；lgbtq,3
14,beautiful-writing；best-of-2023；brb-crying,3
15,2023；owned,2
19,2024-faves；fantasy；novella,3
20,favourites-of-2023；love-the-cover；read-in-english,3
21,arc；audiobooks；lgbtqia,3
22,arc；fantasy；lgbtq-rep,3
24,bingo-2023；fantasy；novella,3
25,adult；arc；audiobook,3
26,fantasy；fiction；novellas-and-short-stories,3
28,asian-sff；lgbtq-sff；library-book,3
29,adult；disability-rep；fantasy,3
30,3-and-a-half-star；adult；audiobook,3
36,5-stars；danny-faves,2
38,audiobooks；bipoc；queer,3
39,reviewed；reviewed-2023,2
40,2024-reads；from-the-library；genre-fantasy,3
41,bookshelf,1
44,novella；sff,2
45,2023-reads；2023-releases,2
46,fantasy,1
47,2023-releases；audiobooks,2
50,audio；fantasy；novella,3
53,fantasy,1
54,adult-lit；aoc-et-al；lgbt,3
55,fantasy；historical-fantasy；novella,3
56,fanta；favorite-series；novellae,3
57,at-slo-paso-bg-pa；fantasy；friend-recos,3
58,elizabeth,1
59,adult；audiobook；fantasy,3
60,audiobook；fantasy；queer-themes,3
62,fantasy,1
63,audio-books；favorites；series,3
66,fantasy；novella；queer-lit,3
67,asian-literature；audio；fantastical,3
68,arc；fantasy；queer-fiction,3
70,2024；fantasy；nebula,3
71,2023,1
74,read-2023,1
75,fantasy；lgbtqia,2
76,2023-releases；adult；asian-rep-or-author,3
77,arcs,1
78,2023；adult-swim；fantasy,3
81,2023；books-i-own；fantasy,3
82,aapi-books；disability-books；fantasy-scifi,3
84,animal-companion；fantasy；ghost,3
85,05-star；2023；category-audio,3
88,audiobooks-i-listened-to,1
89,netgalley-and-arcs,1
93,2023-reading-challenge；fantasy；lgbtq,3
98,queer,1
99,2024-reading-challenge；adult-fantasy；contos-and-novellas,3
100,fantasy；novellas-my-beloved；queer-collection,3
102,anticipated-2023-releases；queer；read-in-2023,3
104,fantasy,1
105,anticipated-2023；fantasy-or-magical-realism；novella,3
112,arcs；net-galley；review-copy,3
113,2024,1
114,2023；arc；fantasy,3
115,fairytales,1
116,arc；lgbtq-rep；netgalley,3
118,2023,1
120,fantasy；fiction；historical-fantasy,3
123,favorites,1
124,2023；read-for-review,2
126,faves；faves-2023；fiction,3
127,bipoc-actor；bipoc-author；sf-f-h,3
128,netgalley；queer-lit,2
131,audiobook,1
136,2023-read；4-star；fantasy-and-scifi,3
137,fantasy；new-releases-2023,2
139,2024-hugo-finalists；e-book,2
140,arc,1
142,the-good；the-lgbtq,2
144,2023-books；fall-2023；fantasy-general,3
146,audience-adult；contains-cool-magic-system；genre-historical-fantasy,3
148,2024-reads；favourites,2
153,arcs；aty-2023；owned-ebook,3
157,non-binary-rep,1
158,something-borrowed,1
163,fiction-fantasy；fiction-short-stories-and-novellas,2
165,2023-read；2023-release,2
166,2023,1
167,2023-releases；adult；audiobook,3
170,historical-fantasy；im-not-crying-you-are,2
171,a-adult；f-novella；g-fantasy,3
174,fantasy；netgalley,2
175,audiobook,1
179,fantasy；short-fiction,2
180,2023-pub；audio-read；b-i-poc-authors,3
181,r-2023-releases,1
182,fantasy；short-story,2
186,fantasy；novella,2
187,fantasy；lgbtqa,2
188,borrowed-from-the-library；e-book,2
190,aapi-authors；adult-fantasy；adult-fiction,3
191,audiobooks,1
192,fantasy；novella,2
193,4-stars；fantasy；lgbtq-rep,3
197,audio；gays-with-dragons；nonbinary-genderqueer-fluid,3
198,fantasy,1
199,2024；anticipated-2023；novella,3
202,52-book-club-2024；borrowed-books；broke-me,3
204,best2023-24；warmfuzzyfeelz,2
205,2023-releases；access-edelweiss；age-adult,3
206,2023-favourites,1
208,fantasy,1
209,audiobook；fantasy；fiction,3
210,asian-literature；fantasía,2
214,2023；absolutely-loved-it；audible,3
217,decolonizemyshelfchallenge；readmyshelf2024,2
218,5-star；favorites,2
220,fantasy,1
222,best-serial-sff,1
224,fantasy,1
225,adult；borrowed-audiobook；everend,3
227,fantasy；lgbtq-rep；poc-author,3
232,asian-sff,1
233,2023-releases；a-adult；author-of-color,3
234,arc；favorites；queer-lit,3
235,2023-most-anticipated,1
236,2023-releases；fantasy,2
238,all-time-favs；asian；contemporary-fiction,3
241,2023-reads；best-2023,2
242,4-half-star,1
243,5-star-reviews；advanced-reader-copies；book-series,3
244,hugo-2024,1
245,2024challenges,1
247,2023-releases；arcs-read；asian-female-authors,3
248,fantasy；high-fantasy；lgbt,3
249,arc-books；books,2
250,fantasy；speculative-fiction,2
252,animals；fantasy；lgbt,3
254,adult-fantasy；favorites；novellas,3
255,2023-reads；fantasy；fantasy-recommendations,3
256,fantasy,1
257,fantasy；queer,2
258,2023-challenge-books；fantasy；netgalley-arcs,3
259,e-arc；kindle；net-galley,3
260,birds；death；fantasy,3
261,asian,1
262,arc；fantasy,2
263,aty-2023；netgalley；sff-shelf-cleanup-2023,3
265,2023；format-ebook；netgalley,3
269,netgalley；read-in-2023,2
271,adult,1
272,category-fiction；topic-fic-sf-modern,2
273,beautiful-cover；vietnamese-author,2
274,audiobook-reads；read-in-2024,2
277,e-arcs,1
278,260-pages-or-less；category-2-read-c；novella,3
281,anticipated-2023；favorites；new-release-2023,3
282,asia-china；china；ethnic-diversity-asian,3
283,fantasy；historical,2
287,fantasy,1
289,fantasy,1
291,arcs,1
292,fantasy；five-star-books；novellas,3
295,arc-reads,1
298,fantasy；literatura-asiatica；netgalley,3
