Row,Tags,Tag_Count
1,review-copy；science-fiction,2
2,2024-read,1
3,science-fiction,1
4,at-slo-paso-bg-pa；fantasy；romance,3
5,ebook；science-fiction；steampunk,3
6,favorites；need-to-buy；read-again,3
9,fantasy；lgbtq；romance,3
10,lgbt；romance；scifi,3
12,arcs；audiobooks；netgalley,3
13,fantasy；sci-fi,2
16,favorites,1
18,october2023；physical-library,2
19,got-it,1
21,netgalley,1
23,arc,1
25,science-fiction,1
26,netgalley,1
27,2023-releases,1
31,sci-fi,1
39,favorites,1
41,science-fiction-2023,1
47,social-media-sucked-me-in；sucker-for-the-cover,2
49,2023,1
50,sf-fantasy,1
53,hugo-poss-2024,1
54,dnf,1
56,2024-read；auth-f；sf-f-h,3
60,audiobooks,1
61,library-2023,1
63,audiobooks,1
65,grrl-power；science-fiction,2
66,scifi,1
69,fantasy；lgbt；science-fiction,3
70,sci-fi,1
72,pre-order-23,1
73,sci-fi,1
77,science-fiction；sf；space-opera,3
83,dnf-for-now,1
85,2023；cant-compare；five-stars,3
90,z2023-read,1
92,audio-listened-to-this；lgbt；science-fiction,3
