Row,Tags,Tag_Count
0,fantasy；female-lead；my-library-kindle,3
2,lgbtq,1
4,2023；boredom-fest；br-2023,3
5,arcs,1
6,dnf,1
7,arc,1
8,arcs-and-galleys；review-copy,2
10,fantasy,1
11,4-stars；achillean-side；adult-lit,3
12,arcs；cleaning-out-the-tbr-closet-2024；fantasy,3
13,2023；2023-royalty-vs-commoner；finished-april-23,3
14,fantasy；lgbtqa,2
15,body-horror；cover-appreciation；fantasy,3
16,2023-pub；audio-read；im-not-proud,3
17,arc；netgalley-via-publisher,2
18,fantasy,1
20,2024-books；giveaways；scribd-audio-read,3
23,read-2023,1
25,april-23；favorites-2023,2
26,2023,1
27,2023；fun-fantasy,2
28,giveaways,1
32,f-sf,1
33,adventure；audio_book；lgbtq,3
36,elizabeth,1
38,fantasy,1
39,high-rec；shesgotthis；thomas,3
42,lgbt,1
43,2023-reviews,1
44,2023-challenge-books；fantasy；kindle-reads,3
45,adult；arc-or-from-pub；fantasy,3
46,favorites,1
50,machalo-buddy-read,1
53,arcs-read,1
54,print,1
55,netgalley；netgalley-2023,2
58,first-reads,1
60,arc,1
61,2023-reads；fantasy,2
67,arc,1
68,2023-books-read,1
69,2023-audiobooks,1
70,2023-novels-read；netgalley,2
76,fav-fantasy；sapphic；unfinished-series,3
78,2023-releases；lgbtq,2
80,dnf-2023,1
83,21st-century-fiction；bought2023；fantasy,3
84,2024,1
87,audio-books；fantasy；library,3
91,fantasy,1
94,own,1
96,2023-releases；audiobook；fantasy-high-fantasy,3
98,read-in-2023,1
104,2023；2023-shortlist,2
105,assorted-human-magic-users；girls-kicking-ass-and-taking-names；lgbtqai-protagonists,3
112,library-book,1
113,fantasy,1
121,2023-releases；arc；from-the-publisher,3
123,arc,1
124,netgalley,1
128,books-i-own,1
133,2023-reads；arcs；audiobook,3
141,1-2023-releases；3-lgbt；3-wlw-rep,3
143,2023；fantasy,2
145,arc；fantasy；sci-fi,3
147,2023-read；best-of-2023,2
149,science-fiction-fantasy,1
153,83-for-23；fantasy；lesbian,3
156,fantasy,1
159,scifi-fantasy-book,1
160,2023,1
161,books-i-own,1
163,fantasy-urban-fantasy-paranorma；top-tier-favourites,2
164,annoying-main-character；derivative；girls-and-gays-only,3
166,fantasy,1
170,fantasy,1
172,fantasy；library,2
177,dnf,1
183,sampled,1
190,fantasy,1
194,fantasy；quest；series,3
199,2024-reading-challenge,1
217,fantasy；queer,2
226,2023；adult；audiobook,3
229,2023-most-anticipated；fantasy,2
234,start-series,1
238,sff,1
240,fantasy；summer23,2
241,sampled-and-could-finish-if-time,1
245,2023；fantasy；lgbtq,3
252,no-sexual-violence,1
258,adult；fantasy；queer-reps-main,3
262,2023-releases；e-book,2
263,fantasy,1
264,2023-radar；adventure；autumn,3
265,anticipated-2023；fic-fantasy；new-release-2023,3
266,arc-reviews；reviews,2
268,major-gay-bi-character；poly-fiction；strong-dark-female-characters,3
269,dnfs,1
271,netgalley,1
273,2023,1
