Row,Tags,Tag_Count
0,dark-fantasy；epic-fantasy；fantasy,3
1,arc；cmcon24-reading-challenge；dark,3
4,arc；netgalley,2
5,pows-checkout,1
6,advanced-reading-copy；lgbtqai-protagonists；other-magical-creatures,3
12,adult；lgbtqia；netgalley,3
13,fantasy；fiction；lgbt,3
14,2023；dnf；fantasy,3
16,fantasy；fiction；lgbtq,3
17,fantasy；favorites；gay,3
18,2023,1
25,reviewed,1
28,author-lgbtqia；genre-fantasy；genre-romance,3
30,2023-year-of-queer；ebook,2
35,lgbt,1
39,fantasy-high-fantasy,1
43,cmc24,1
45,fantasy；not-on-page；paranormal,3
48,netgalley,1
52,arc；fantasy,2
53,books-i-own,1
54,2023-releases；netgalley-arcs；rainbow-flag-emoji,3
56,dark-fantasy；epic-fantasy；high-fantasy,3
58,action-adventure；fantasy-scifi-paranormal,2
61,arc；sword-challenge,2
62,fantastical；indie-favs；part-of-a-series,3
63,fantasy,1
65,fantasy；historical-fantasy；vox,3
67,arcs,1
69,lgbtqia,1
70,2024,1
78,activism；audiobook；book-tok-tube-gram,3
81,2402；ebook；fantasy,3
88,would-read-again,1
90,2023-books-read,1
96,action-and-adventure；dark-fantasy；dystopian,3
97,audiobook,1
102,fantasy-and-sci-fi；fiction,2
104,fantasy；gay,2
105,edelweiss；fantasy；netgalley,3
107,lgbt-mm-sffr,1
108,2023,1
113,2023-releases；arcs-read；edelweiss,3
129,audio-books；dnf,2
134,library,1
135,2024-read；action；adult,3
140,fantasy；m4m,2
142,2024；sff,2
143,arc；need-to-review,2
144,read-physical-book；reviewed,2
146,2023-netgalley,1
151,audio；did-not-finish；free-for-me,3
