Row,Tags,Tag_Count
3,2022-releases；adult；fiction,3
5,2023-releases；adult；fantasy,3
7,arc；curvy-woman；dark,3
8,sheri,1
13,contemporary；contemporary-romance；fantasy,3
14,romance,1
15,arcs-netgalley-giveaways-to-review；audiobook；contemporary-romance,3
18,excerpt-arc；fm-romance；netgalley,3
22,arcs-2023；read-2023,2
24,adult；fantasy；fiction,3
25,lgbtq；libro-fm-library,2
28,4-stars；fantasy-paranormal；fiction,3
31,3-stars；audiobook；dark,3
33,2023-reads；calls-her-love；fantasy,3
34,romance,1
35,plus-size-rep；workplace-romance,2
36,advanced-reader-copy；bi-bi-bi；fake-dating,3
39,audiobook；ebooks；erotica,3
41,2023-feb；2023-reads,2
43,arc；books-i-own-read,2
44,edelweiss,1
45,the-kendall-jenner-of-books,1
46,read-in-2023；release-2023,2
47,2022-read-list；arc-s,2
48,hades-persephone,1
50,fuck-buddy-read；romance-love,2
56,romance,1
59,office-romance；revenge-driven-plot,2
60,arcs；lgbtq；romance-favs,3
61,netgalley-2023,1
63,audiobook；contemporary-romance；fake-relationship,3
67,romance；should-have-dnfed；spicy,3
69,4-stars；i-borrowed-audio；location-city,3
70,3-star-reads,1
71,bdsm,1
73,favorites；personal-library,2
75,75books2022；arc；contemporary,3
77,2023-reads,1
79,2023-reads；baa-baa-black-sheep；crime-mystery,3
81,libro-fm,1
86,bookbeat,1
89,2023；audiobook；books-in-english,3
92,naughty,1
93,arcs,1
95,2023-in-books；favorites,2
96,libro-arc；z-2023,2
99,2023-reads；crime；fake-dating,3
100,2023-reading-challenge；4-stars-of-2023,2
105,2023,1
108,audio-books；netgalley-books-read；z-2023-books-i-read,3
110,books-of-2023,1
111,first-reads,1
115,netgalley,1
120,on-my-shelves；reads-02-2024；reads-03-2023,3
121,dark-romances；my-bookshelves；queer-reads,3
123,buddy-reads；mythology-and-folklore；retellings,3
124,2023-releases,1
125,coveted-bookshelf-status,1
126,dark-olympus；fiction；katee-robert,3
127,net-galley-and-other-arcs,1
128,arcs；contemporary,2
132,fantasy-scifi；netgalley-arc,2
134,2023-reads；book-boyfriends；fantasy,3
137,audiobooks,1
141,boss-man；dnf；eroticized-tales-of-old,3
142,adult；book-boyfriends；retellings,3
143,collected,1
144,2023；retelling；romance,3
145,audiobooks,1
146,did-not-finish；fantasy-romance,2
152,alcs；audiobooks；buddy-reads,3
154,arc；audiobook；best-fmc-and-mmc,3
157,audiobook；fantasy；fire,3
158,owned-read,1
160,arc；cinnamon-roll；close-proximity,3
165,read-2023,1
169,favorites,1
171,adult-fiction；fantasy；favorites,3
172,2024；bbs-challenge；f-br,3
173,audiobooks；netgalley,2
174,billionaire；cute；fake-dating,3
176,2023；at-library；fantasy,3
179,2023,1
181,greek-mythology,1
182,mythology；retellings；romance,3
184,2023,1
187,2023；contemporary-romance；ebook,3
192,favorite-books-of-all-time；plus-size-rep,2
196,adult-fiction；romance,2
197,2023；adult；fantasy,3
199,2023-reads,1
201,300-to-500-pgs；erotica；read-2023,3
204,romantasy,1
208,2022；aug22,2
218,mythology-related,1
220,2022；arcs-read；fake-dating,3
221,adult；arc；fantasy,3
222,anticipated-reads-2023；fake-dating；forbidden-romance,3
224,mythological-fiction；publisher-for-review；queer,3
225,audiobook；ebook；fiction,3
226,2023-anticipated-release；fantasys-aka-my-ultimate-fave-genre；greek-and-norse-mythology,3
232,romance,1
238,owned,1
243,2023；one-sitting,2
244,book-club；book-log-2024,2
249,boss-employee-romance；fake-dating-marriage-of-convenience；heavy-on-the-smut,3
252,2023-anticipated-releases,1
253,2023；books-i-own,2
262,greek-history-revised,1
263,grecco-roman-retelling；romance-read,2
268,0223；fantasy；retelling,3
269,read-mythology,1
271,4-and-a-half-star-books；books-i-read-in-2023,2
272,fantasy-romance,1
273,2023,1
275,fantasy；netgalley；romance,3
278,alt-reality；bipoc；bisexual,3
283,2023-reads,1
286,2023-anticipated-releases；intrigue；retellings,3
287,2023；adult-reads；audiobooks,3
289,2023,1
290,2023-release；arc；erotica,3
293,adult；contemporary；romance,3
295,tbr2023,1
