Row,Tags,Tag_Count
0,elizabeth,1
1,arcs-freebies；delightful；mm,3
2,gay-fic-nonfic；sci-fi-fantasy；ya,3
3,fiction；science-fiction,2
5,queer-themes；science-fiction,2
11,2023-releases；favorites,2
12,2020-2030；sci-fi；usa,3
14,books-read-in-2023,1
15,queer-rep；scifi,2
25,gays-in-space；lgbtqia,2
26,lgbtq；m-m；nonbinary-character,3
28,body-image；friendship-rules；girls-kicking-ass-and-taking-names,3
32,2023-reads；science-fiction,2
34,2023；sci-fi-dystopian,2
36,female-nb-gq-2023；read-in-2023,2
41,cozy-sf,1
43,science-fiction,1
46,aliens；queer；science-fiction,3
47,e-book；fantasy；lgbtq,3
48,scifi,1
52,aliens；male-protagonist；mm-romance,3
54,queer-friendly；scifi；to-read-again-and-again,3
56,ciencia-ficción,1
57,lgbtq；scifi-fantasy；ya,3
59,fiction；library；music,3
61,2023；ebook,2
63,fascinating-aliens；found-family,2
64,ebook；female-author；sf,3
65,science-fiction；scifan,2
68,books-and-brews-club；summer-reading-2023,2
69,fantasy,1
72,adult-fiction；new-adult；sci-fi,3
73,borrowed；e-books,2
74,library；science-fiction,2
75,cosy-sf；young-adult,2
79,science-fiction,1
97,fun；performance-training,2
104,2023；ebook；read-your-bookshelves,3
106,2023-books-read,1
107,good-feels；hea；incomplete,3
115,2024-read,1
120,aliens；competition；science-fiction,3
122,science-fiction,1
125,kindle-books,1
128,favorites；sci-fi；young-adult,3
135,si-fi,1
137,read-in-2023；science-fiction,2
138,d-n-f,1
143,ereader,1
144,2023；lgbtq；science-fiction,3
147,2023；kids,2
153,2024,1
159,aliens；coming-of-age；creatures,3
161,author_female；genre_queer；genre_romance,3
167,125-in-2023；adorbs；warm-and-fuzzy-inside,3
171,science-fiction,1
175,re-reading,1
176,heroine-s-journey；music；queer-mc,3
