title,author,average_rating,num_pages,rating_count,text_reviews_rating_count,genres,url
Witch King,Martha Wells,3.72,424,"14,464","3,149",Fantasy;Fiction;Adult;Magic;High Fantasy;Witches;Science Fiction;Audiobook;Science Fiction Fantasy;Paranormal,https://www.goodreads.com/book/show/57861689-witch-king
Hell Bent,Leigh Bardugo,4.15,484,"110,357","15,385",Fantasy;Fiction;Horror;Mystery;Urban Fantasy;Paranormal;Adult;Audiobook;Magic;Contemporary,https://www.goodreads.com/book/show/34019110-hell-bent
System Collapse,Martha Wells,4.23,245,"30,845","3,904",Science Fiction;Fiction;Audiobook;Adult;Science Fiction Fantasy;Space;Space Opera;Novella;Fantasy;Humor,https://www.goodreads.com/book/show/65211701-system-collapse
Tress of the Emerald Sea,Brandon Sanderson,4.44,483,"106,742","16,483",Fantasy;Fiction;Romance;Adventure;Young Adult;High Fantasy;Audiobook;Adult;Pirates;Science Fiction Fantasy,https://www.goodreads.com/book/show/60531406-tress-of-the-emerald-sea
A Day of Fallen Night,Samantha    Shannon,4.39,868,"27,062","4,781",Fantasy;Fiction;LGBT;Queer;Adult;Lesbian;Dragons;High Fantasy;Romance;Magic,https://www.goodreads.com/book/show/60766189-a-day-of-fallen-night
The Adventures of Amina al-Sirafi,Shannon Chakraborty,4.3,496,"36,972","7,554",Fantasy;Historical Fiction;Fiction;Pirates;Adult;Adventure;Historical;Audiobook;Historical Fantasy;Science Fiction Fantasy,https://www.goodreads.com/book/show/53183549-the-adventures-of-amina-al-sirafi
The Cheat Code,Misba,4.59,465,"2,347",838,Fantasy;Science Fiction;Science Fiction Fantasy;Post Apocalyptic;Adventure;Adult;Thriller;Dark;Philosophy;Conspiracy Theories,https://www.goodreads.com/book/show/59784480-the-cheat-code
Untethered Sky,Fonda Lee,3.9,152,"7,220","1,714",Fantasy;Novella;Fiction;Adult;Audiobook;High Fantasy;Short Stories;Science Fiction;Science Fiction Fantasy;Adventure,https://www.goodreads.com/book/show/60784305-untethered-sky
The Stolen Heir,Holly Black,4.01,11,"90,615","16,368",Fantasy;Young Adult;Romance;Fae;Young Adult Fantasy;Fiction;Magic;Audiobook;Fantasy Romance;Urban Fantasy,https://www.goodreads.com/book/show/61198118-the-stolen-heir
Yumi and the Nightmare Painter,Brandon Sanderson,4.5,480,"42,791","6,228",Fantasy;Romance;Fiction;Adult;High Fantasy;Science Fiction;Audiobook;Epic Fantasy;Science Fiction Fantasy;Magic,https://www.goodreads.com/book/show/60531416-yumi-and-the-nightmare-painter
A House with Good Bones,T. Kingfisher,3.7,247,"30,907","5,637",Horror;Fantasy;Fiction;Gothic;Mystery;Paranormal;Adult;Audiobook;Thriller;Contemporary,https://www.goodreads.com/book/show/60784409-a-house-with-good-bones
The Sunlit Man,Brandon Sanderson,4.38,447,"25,102","2,787",Fantasy;Fiction;Science Fiction;Epic Fantasy;Adult;Audiobook;High Fantasy;Adventure;Science Fiction Fantasy;Magic,https://www.goodreads.com/book/show/60531420-the-sunlit-man
Light Bringer,Pierce Brown,4.75,682,"32,510","3,566",Science Fiction;Fantasy;Fiction;Dystopia;Audiobook;Space Opera;Adult;Young Adult;Science Fiction Fantasy;Space,https://www.goodreads.com/book/show/29227774-light-bringer
The Remarkable Retirement of Edna Fisher,E.M.   Anderson,3.76,370,875,194,Fantasy;Fiction;Dragons;Adult;LGBT;Queer;Cozy Mystery;Magic;Mystery;Science Fiction Fantasy,https://www.goodreads.com/book/show/61175640-the-remarkable-retirement-of-edna-fisher
The Frugal Wizard’s Handbook for Surviving Medieval England,Brandon Sanderson,3.78,399,"37,682","5,012",Fantasy;Science Fiction;Fiction;Audiobook;Adult;Time Travel;Humor;Historical Fiction;Adventure;Magic,https://www.goodreads.com/book/show/60531410-the-frugal-wizard-s-handbook-for-surviving-medieval-england
Heavenly Tyrant,Xiran Jay Zhao,4.27,400,187,76,Fantasy;Science Fiction;Young Adult;Queer;Romance;LGBT;Fiction;Historical Fiction;Young Adult Fantasy;Asian Literature,https://www.goodreads.com/book/show/52934483-heavenly-tyrant
He Who Drowned the World,Shelley Parker-Chan,4.3,486,"6,112","1,524",Fantasy;Historical Fiction;Queer;Historical;LGBT;Fiction;Adult;Lesbian;Historical Fantasy;Audiobook,https://www.goodreads.com/book/show/63132362-he-who-drowned-the-world
Lost in the Moment and Found,Seanan McGuire,4.33,161,"12,252","2,310",Fantasy;Young Adult;Novella;Audiobook;Fiction;Adult;Magical Realism;Urban Fantasy;Magic;Contemporary,https://www.goodreads.com/book/show/60784912-lost-in-the-moment-and-found
Some Desperate Glory,Emily Tesh,4.06,438,"6,669","1,572",Science Fiction;LGBT;Queer;Fiction;Fantasy;Adult;Lesbian;Space Opera;Space;Science Fiction Fantasy,https://www.goodreads.com/book/show/58388343-some-desperate-glory
In the Lives of Puppets,T.J. Klune,3.95,432,"55,643","10,571",Fantasy;Science Fiction;Fiction;LGBT;Romance;Queer;Adult;Audiobook;Retellings;Dystopia,https://www.goodreads.com/book/show/60784549-in-the-lives-of-puppets
Kill Your Darlings,L.E. Harper,4.17,320,268,196,Fantasy;Dragons;LGBT;Mental Health;Magic;Asexual;Adult;Dark Fantasy;Books About Books;Dark,https://www.goodreads.com/book/show/62882793-kill-your-darlings
The Deep Sky,Yume Kitasei,3.72,399,"5,380","1,120",Science Fiction;Mystery;Fiction;Thriller;Adult;Mystery Thriller;Space;Science Fiction Fantasy;Fantasy;Audiobook,https://www.goodreads.com/book/show/61884842-the-deep-sky
Emily Wilde's Encyclopaedia of Faeries,Heather Fawcett,4.06,317,"71,828","14,320",Fantasy;Romance;Fiction;Historical Fiction;Adult;Fae;Historical;Cozy Mystery;Magic;Audiobook,https://www.goodreads.com/book/show/60657589-emily-wilde-s-encyclopaedia-of-faeries
Translation State,Ann Leckie,4.13,13,"8,207","1,172",Science Fiction;Fiction;Space Opera;Queer;LGBT;Fantasy;Science Fiction Fantasy;Audiobook;Adult;Speculative Fiction,https://www.goodreads.com/book/show/62873911-translation-state
The Line That Cannot Be Crossed,Ian Gregoire,5,N/A,1,1,N/A,https://www.goodreads.com/book/show/59992791-the-line-that-cannot-be-crossed
Godkiller,Hannah Kaner,3.94,304,"21,918","4,729",Fantasy;Fiction;Adult;LGBT;Mythology;Queer;High Fantasy;Audiobook;Young Adult;Gods,https://www.goodreads.com/book/show/61244268-godkiller
Defiant,Brandon Sanderson,4.36,420,"16,584","1,977",Science Fiction;Young Adult;Fantasy;Fiction;Audiobook;Adventure;Space;Space Opera;Aliens;Science Fiction Fantasy,https://www.goodreads.com/book/show/43606308-defiant
Starling House,Alix E. Harrow,3.86,320,"61,082","9,707",Fantasy;Horror;Gothic;Fiction;Romance;Mystery;Adult;Audiobook;Thriller;Paranormal,https://www.goodreads.com/book/show/59426445-starling-house
Under This Forgetful Sky,Lauren Yero,4.16,415,228,93,Young Adult;Science Fiction;Fantasy;Romance;Dystopia;Fiction;Young Adult Fantasy;Young Adult Science Fiction;Science Fiction Fantasy;Speculative Fiction,https://www.goodreads.com/book/show/58651939-under-this-forgetful-sky
Immortal Longings,Chloe Gong,3.53,372,"15,976","4,159",Fantasy;Romance;Adult;Retellings;Fiction;Historical Fiction;Science Fiction;Historical;Fantasy Romance;Young Adult,https://www.goodreads.com/book/show/62919356-immortal-longings
The Will of the Many,James  Islington,4.64,639,"23,322","4,307",Fantasy;Fiction;Adult;High Fantasy;Mystery;Epic Fantasy;Science Fiction;Science Fiction Fantasy;Magic;Audiobook,https://www.goodreads.com/book/show/58416952-the-will-of-the-many
The Last Tale of the Flower Bride,Roshani Chokshi,3.71,304,"19,679","5,013",Fantasy;Gothic;Horror;Romance;Mystery;Fiction;Adult;Magical Realism;Audiobook;Thriller,https://www.goodreads.com/book/show/60847626-the-last-tale-of-the-flower-bride
Bookshops & Bonedust,Travis  Baldree,4.25,352,"38,231","7,542",Fantasy;Fiction;Cozy Mystery;LGBT;Romance;Audiobook;Adult;Queer;High Fantasy;Magic,https://www.goodreads.com/book/show/65213543-bookshops-bonedust
The Sun and the Void,Gabriela Romero Lacruz,3.36,511,"2,462",874,Fantasy;Lesbian;LGBT;Queer;Fiction;Adult;Romance;Historical Fiction;Historical;Mythology,https://www.goodreads.com/book/show/60568206-the-sun-and-the-void
The Water Outlaws,S.L. Huang,3.84,488,"1,780",519,Fantasy;Historical Fiction;Queer;Fiction;LGBT;Historical;Adult;Retellings;Lesbian;Historical Fantasy,https://www.goodreads.com/book/show/55684173-the-water-outlaws
Thornhedge,T. Kingfisher,4.06,116,"19,527","3,905",Fantasy;Novella;Horror;Retellings;Fiction;Fairy Tales;Adult;Audiobook;Magic;Romance,https://www.goodreads.com/book/show/61884932-thornhedge
Ascension,Nicholas Binge,3.59,320,"8,028","1,423",Science Fiction;Horror;Fiction;Thriller;Mystery;Fantasy;Adult;Mystery Thriller;Audiobook;Speculative Fiction,https://www.goodreads.com/book/show/59070061-ascension
The Sword Defiant,Gareth Ryder-Hanrahan,3.89,554,920,229,Fantasy;Fiction;High Fantasy;Epic Fantasy;Adult;Dragons;Dark Fantasy;Vampires;Dark;Science Fiction Fantasy,https://www.goodreads.com/book/show/62315620-the-sword-defiant
Paramour,Robin Alvarez,4.86,N/A,22,1,Young Adult;Urban Fantasy;Romance,https://www.goodreads.com/book/show/61377358-paramour
The Book That Wouldn’t Burn,Mark  Lawrence,4.11,571,"13,555","2,532",Fantasy;Fiction;Books About Books;Science Fiction;Adult;High Fantasy;Time Travel;Audiobook;Science Fiction Fantasy;Epic Fantasy,https://www.goodreads.com/book/show/61145554-the-book-that-wouldn-t-burn
The Doors of Stone,Patrick Rothfuss,3.56,896,"4,897",865,Fantasy;Fiction;Epic Fantasy;High Fantasy;Science Fiction Fantasy;Adult;Magic;Epic;Science Fiction;Novels,https://www.goodreads.com/book/show/21032488-the-doors-of-stone
The Dead Take the A Train,Cassandra Khaw,3.71,384,"2,794",671,Horror;Fantasy;Urban Fantasy;Fiction;Adult;Queer;LGBT;Paranormal;Audiobook;Magic,https://www.goodreads.com/book/show/56054198-the-dead-take-the-a-train
The Daughters of Izdihar,Hadeer Elsbai,3.77,384,"2,264",652,Fantasy;LGBT;Queer;Lesbian;Adult;Fiction;Romance;Young Adult;Magic;Feminism,https://www.goodreads.com/book/show/60833941-the-daughters-of-izdihar
Ebony Gate,Julia Vee,3.83,N/A,697,261,Fantasy;Urban Fantasy;Dragons;Adult;Fiction;Contemporary;Magic;Audiobook;Science Fiction;Science Fiction Fantasy,https://www.goodreads.com/book/show/58750291-ebony-gate
The Thorn of Emberlain,Scott Lynch,4.3,512,"2,731",107,Fantasy;Fiction;High Fantasy;Epic Fantasy;Adult;Science Fiction Fantasy;Adventure;Dark Fantasy;Audiobook;Crime,https://www.goodreads.com/book/show/8074907-the-thorn-of-emberlain
The Judas Blossom,Stephen Aryan,4.05,419,394,169,Fantasy;Historical Fiction;Fiction;Historical;Historical Fantasy;Adult;Epic Fantasy;Asia;LGBT;Science Fiction Fantasy,https://www.goodreads.com/book/show/63041390-the-judas-blossom
Silverborn,Jessica Townsend,4.6,464,173,67,Fantasy;Middle Grade;Young Adult;Childrens;Fiction;Magic;High Fantasy;Science Fiction Fantasy,https://www.goodreads.com/book/show/56487333-silverborn
The Winds of Winter,George R.R. Martin,4.39,N/A,"11,933",538,Fantasy;Fiction;Epic Fantasy;High Fantasy;Adult;Dragons;Science Fiction Fantasy;Novels;Adult Fiction;Epic,https://www.goodreads.com/book/show/12111823-the-winds-of-winter
The Mimicking of Known Successes,Malka Ann Older,3.66,176,"4,721","1,088",Mystery;Science Fiction;Queer;Novella;LGBT;Romance;Fiction;Lesbian;Adult;Mystery Thriller,https://www.goodreads.com/book/show/59054079-the-mimicking-of-known-successes
A Soul of Ash and Blood,Jennifer L. Armentrout,3.95,703,"66,455","7,276",Romance;Fantasy Romance;Vampires;Fiction;Adult;Paranormal;New Adult;High Fantasy;Audiobook;Magic,https://www.goodreads.com/book/show/63847274-a-soul-of-ash-and-blood
The Magician’s Daughter,H.G. Parry,4.01,384,"5,934",986,Fantasy;Historical Fiction;Fiction;Historical;Magic;Historical Fantasy;Adult;Young Adult;Magical Realism;Audiobook,https://www.goodreads.com/book/show/58349172-the-magician-s-daughter
The Last Saxon King,Andrew Varga,4.06,185,306,183,Historical Fiction;Fantasy;Young Adult;Time Travel;Historical;Science Fiction;Fiction;War;Adventure;Audiobook,https://www.goodreads.com/book/show/61034453-the-last-saxon-king
Cold People,Tom Rob Smith,3.51,368,"3,459",695,Science Fiction;Fiction;Dystopia;Post Apocalyptic;Thriller;Fantasy;Horror;Adult;Speculative Fiction;Apocalyptic,https://www.goodreads.com/book/show/61273860-cold-people
Into the Sunken City,Dinesh Thiru,3.91,368,278,97,Fantasy;Young Adult;Science Fiction;Retellings;Dystopia;Pirates;Adventure;Young Adult Fantasy;Fiction;Romance,https://www.goodreads.com/book/show/62193720-into-the-sunken-city
Infinity Gate,M.R. Carey,4.17,544,"4,048",565,Science Fiction;Fiction;Space Opera;Dystopia;Fantasy;Audiobook;Science Fiction Fantasy;Adult;Space;Aliens,https://www.goodreads.com/book/show/61237044-infinity-gate
A Power Unbound,Freya Marske,4.33,422,"5,648","1,236",Fantasy;Romance;LGBT;Historical Fiction;Historical;Queer;Fiction;Adult;Magic;Historical Fantasy,https://www.goodreads.com/book/show/65211689-a-power-unbound
On Earth as It Is on Television,Emily  Jane,3.65,352,"2,991",773,Science Fiction;Fiction;Fantasy;Humor;Contemporary;Adult;Aliens;Science Fiction Fantasy;Audiobook;Comedy,https://www.goodreads.com/book/show/62874129-on-earth-as-it-is-on-television
The Archive Undying,Emma Mieko Candon,3.29,496,"1,162",409,Science Fiction;LGBT;Fantasy;Fiction;Queer;Adult;Science Fiction Fantasy;Speculative Fiction;Artificial Intelligence;Audiobook,https://www.goodreads.com/book/show/61885010-the-archive-undying
The Valkyrie,Kate Heartfield,3.51,314,699,170,Fantasy;Mythology;Retellings;Historical Fiction;Fiction;LGBT;Adult;Queer;Historical;Historical Fantasy,https://www.goodreads.com/book/show/62713039-the-valkyrie
To Poison a King,S.G. Prince,4.24,434,"1,173",394,Fantasy;Romance;Fantasy Romance;Adult;Witches;Magic;Fiction;High Fantasy;Dark;New Adult,https://www.goodreads.com/book/show/61288500-to-poison-a-king
Unseelie,Ivelisse Housman,3.77,432,"2,096",741,Fantasy;Young Adult;Fae;Young Adult Fantasy;Disability;Fiction;Autistic Spectrum Disorder;Adventure;Magic;Fairies,https://www.goodreads.com/book/show/60840489-unseelie
The Tyranny of Faith,Richard  Swan,4.34,496,"3,417",641,Fantasy;Epic Fantasy;Adult;Fiction;High Fantasy;Mystery;Dark Fantasy;Science Fiction Fantasy;Horror;Audiobook,https://www.goodreads.com/book/show/60028919-the-tyranny-of-faith
A Study in Drowning,Ava Reid,3.86,378,"35,497","8,594",Fantasy;Young Adult;Gothic;Mystery;Fiction;Young Adult Fantasy;Fae;Audiobook;Fantasy Romance;Thriller,https://www.goodreads.com/book/show/75302266-a-study-in-drowning
The Surviving Sky,Kritika H. Rao,3.61,416,"1,435",403,Fantasy;Science Fiction;Adult;Fiction;Romance;LGBT;Queer;Science Fiction Fantasy;Dystopia;Speculative Fiction,https://www.goodreads.com/book/show/61679390-the-surviving-sky
The Terraformers,Annalee Newitz,3.39,352,"4,596","1,008",Science Fiction;Fiction;Fantasy;Speculative Fiction;LGBT;Audiobook;Queer;Adult;Science Fiction Fantasy;Space Opera,https://www.goodreads.com/book/show/41070431-the-terraformers
Labyrinth's Heart,M.A. Carrick,4.31,688,"1,900",353,Fantasy;Adult;LGBT;Queer;High Fantasy;Fiction;Audiobook;Romance;Magic;Epic Fantasy,https://www.goodreads.com/book/show/59954183-labyrinth-s-heart
A Ruinous Fate,Kaylie Smith,3.72,432,"1,751",410,Fantasy;Young Adult;Romance;Witches;Young Adult Fantasy;LGBT;Queer;Magic;Fiction;Lesbian,https://www.goodreads.com/book/show/61030595-a-ruinous-fate
The Sinister Booksellers of Bath,Garth Nix,4.07,416,"4,879",605,Fantasy;Young Adult;Urban Fantasy;Fiction;Historical Fiction;Magic;Audiobook;Books About Books;Historical;Mystery,https://www.goodreads.com/book/show/59849682-the-sinister-booksellers-of-bath
Time Trials,M.A. Rothman,4.1,368,366,35,Science Fiction;Time Travel;Fantasy;Adventure;Historical Fiction;Science Fiction Fantasy;Fiction;Adult,https://www.goodreads.com/book/show/61273838-time-trials
Lords of Uncreation,Adrian Tchaikovsky,4.36,608,"8,246",665,Science Fiction;Space Opera;Fiction;Aliens;Audiobook;Science Fiction Fantasy;Fantasy;Space;Adventure;Novels,https://www.goodreads.com/book/show/62315578-lords-of-uncreation
The Pomegranate Gate,Ariel Kaplan,4.03,512,861,374,Fantasy;Historical Fiction;Fiction;Jewish;Adult;Historical;LGBT;Historical Fantasy;Queer;Science Fiction Fantasy,https://www.goodreads.com/book/show/61541145-the-pomegranate-gate
The Salt Grows Heavy,Cassandra Khaw,3.61,106,"13,235","3,322",Horror;Fantasy;Novella;Fiction;LGBT;Adult;Queer;Retellings;Mermaids;Audiobook,https://www.goodreads.com/book/show/61884779-the-salt-grows-heavy
Night's Edge,Liz Kerin,3.93,278,"1,807",493,Horror;Vampires;Fantasy;Fiction;Paranormal;Adult;LGBT;Queer;Contemporary;Audiobook,https://www.goodreads.com/book/show/61884780-night-s-edge
Critical Mass,Daniel Suarez,4.2,450,"3,065",278,Science Fiction;Fiction;Space;Thriller;Audiobook;Technology;Fantasy;Hard Science Fiction;Novels;Speculative Fiction,https://www.goodreads.com/book/show/59773398-critical-mass
Starter Villain,John Scalzi,4.21,264,"33,068","5,600",Science Fiction;Fiction;Fantasy;Humor;Audiobook;Contemporary;Adult;Comedy;Cats;Science Fiction Fantasy,https://www.goodreads.com/book/show/61885029-starter-villain
Rose/House,Arkady Martine,3.8,128,"1,517",266,Science Fiction;Mystery;Novella;Fiction;Horror;Fantasy;Short Stories;Speculative Fiction;Adult;Science Fiction Fantasy,https://www.goodreads.com/book/show/52263339-rose-house
The Keeper's Six,Kate Elliott,3.64,197,"1,233",298,Fantasy;Science Fiction;Novella;Dragons;Fiction;Adult;Science Fiction Fantasy;LGBT;Magic;Queer,https://www.goodreads.com/book/show/60784304-the-keeper-s-six
Sleep No More,Seanan McGuire,4.37,368,"2,785",313,Fantasy;Urban Fantasy;Fae;Fiction;Paranormal;Magic;Adult;Romance;Fairies;Audiobook,https://www.goodreads.com/book/show/45434033-sleep-no-more
The Fury of the Gods,John Gwynne,4.71,N/A,28,16,Fantasy;Fiction;Mythology;High Fantasy;Epic Fantasy;Adult;Dragons;Science Fiction Fantasy;Magic;Action,https://www.goodreads.com/book/show/61755703-the-fury-of-the-gods
The Scourge Between Stars,Ness Brown,3.6,165,"3,224",854,Horror;Science Fiction;Novella;Fiction;Space;Adult;LGBT;Thriller;Audiobook;Aliens,https://www.goodreads.com/book/show/60784410-the-scourge-between-stars
The Lies of the Ajungo,Moses Ose Utomi,4.21,87,"2,104",568,Fantasy;Novella;Fiction;Adult;Science Fiction;Short Stories;High Fantasy;Science Fiction Fantasy;Dystopia;Africa,https://www.goodreads.com/book/show/60784306-the-lies-of-the-ajungo
Dragonfall,L.R.  Lam,3.52,448,"2,596",904,Fantasy;Dragons;Romance;Queer;LGBT;Adult;Fiction;Magic;High Fantasy;Fantasy Romance,https://www.goodreads.com/book/show/61378273-dragonfall
Mirrored Heavens,Rebecca Roanhorse,4.36,608,55,33,Fantasy;Adult;Fiction;LGBT;Queer;High Fantasy;Science Fiction;Science Fiction Fantasy;Lesbian;Mythology,https://www.goodreads.com/book/show/60656015-mirrored-heavens
The Jasad Heir,Sara  Hashem,3.99,523,"11,297","2,372",Fantasy;Romance;Adult;Fantasy Romance;Fiction;Magic;High Fantasy;Mythology;Science Fiction Fantasy;Audiobook,https://www.goodreads.com/book/show/60581370-the-jasad-heir
The Cavalier,Israh Azizi,4.48,458,231,163,Fantasy;Young Adult;Romance;Fiction;Young Adult Fantasy;Fantasy Romance;Adventure;High Fantasy;Action;War,https://www.goodreads.com/book/show/82151960-the-cavalier
The Faithless,C.L. Clark,4.32,512,"2,051",427,Fantasy;Lesbian;Queer;LGBT;Adult;Fiction;High Fantasy;Romance;Science Fiction Fantasy;Gay,https://www.goodreads.com/book/show/59007314-the-faithless
Bitter Medicine,Mia Tsai,3.69,325,"1,630",488,Fantasy;Romance;Urban Fantasy;Adult;Fiction;Fantasy Romance;Paranormal;Magic;LGBT;Science Fiction Fantasy,https://www.goodreads.com/book/show/61432172-bitter-medicine
City of Nightmares,Rebecca Schaeffer,3.77,384,"5,348","1,416",Fantasy;Young Adult;Horror;Urban Fantasy;Vampires;Mystery;Paranormal;Young Adult Fantasy;Supernatural;Audiobook,https://www.goodreads.com/book/show/60017811-city-of-nightmares
The Fragile Threads of Power,V.E. Schwab,4.35,22,"21,730","4,331",Fantasy;Fiction;Adult;Magic;Historical Fiction;High Fantasy;Audiobook;LGBT;Science Fiction Fantasy;Science Fiction,https://www.goodreads.com/book/show/36140857-the-fragile-threads-of-power
When Oceans Rise,Robin Alvarez,4.09,420,392,255,Fantasy;Young Adult;Romance;Retellings;Fiction;Mythology;Young Adult Fantasy;Mermaids;Asian Literature;Audiobook,https://www.goodreads.com/book/show/62891319-when-oceans-rise
Abeni's Song,P. Djèlí Clark,3.97,N/A,373,185,Fantasy;Middle Grade;Young Adult;Mythology;Fiction;Magic;Childrens;Adventure;Science Fiction Fantasy;Action,https://www.goodreads.com/book/show/61076345-abeni-s-song
Dark Water Daughter,H.M. Long,3.88,457,"2,916",828,Fantasy;Pirates;Romance;Adult;Fiction;Magic;Fantasy Romance;High Fantasy;Audiobook;Adventure,https://www.goodreads.com/book/show/62326344-dark-water-daughter
The Bone Shard War,Andrea Stewart,3.95,611,"4,772","1,006",Fantasy;Adult;High Fantasy;Fiction;LGBT;Queer;Audiobook;Epic Fantasy;Lesbian;Magic,https://www.goodreads.com/book/show/59251290-the-bone-shard-war
The London Séance Society,Sarah Penner,3.49,352,"46,578","5,885",Historical Fiction;Mystery;Fiction;Fantasy;Historical;Paranormal;Audiobook;Mystery Thriller;Thriller;Adult,https://www.goodreads.com/book/show/61109069-the-london-s-ance-society
The Foxglove King,Hannah F. Whitten,3.79,466,"16,563","3,651",Fantasy;Romance;Fantasy Romance;Adult;Fiction;Magic;Young Adult;High Fantasy;Young Adult Fantasy;Audiobook,https://www.goodreads.com/book/show/59397314-the-foxglove-king
These Infinite Threads,Tahereh Mafi,4.12,416,"23,154","4,473",Fantasy;Young Adult;Romance;Fantasy Romance;Young Adult Fantasy;Fiction;Mythology;Audiobook;Magic;High Fantasy,https://www.goodreads.com/book/show/61085925-these-infinite-threads
A Tournament of Crowns,Elise Kova,4.27,428,"1,400",181,Fantasy;Young Adult;Romance;Fantasy Romance;Magic;Young Adult Fantasy;Adventure;High Fantasy;Science Fiction Fantasy;Amazon,https://www.goodreads.com/book/show/60549509-a-tournament-of-crowns
To Shape a Dragon's Breath,Moniquill Blackgoose,4.2,511,"4,707","1,200",Fantasy;Dragons;Young Adult;Fiction;LGBT;Queer;Historical Fiction;Young Adult Fantasy;Audiobook;Adult,https://www.goodreads.com/book/show/61937038-to-shape-a-dragon-s-breath
The First Bright Thing,J.R.  Dawson,3.62,336,"2,234",611,Fantasy;Historical Fiction;Fiction;Queer;LGBT;Historical;Adult;Lesbian;Time Travel;Historical Fantasy,https://www.goodreads.com/book/show/61884813-the-first-bright-thing
The Crane Husband,Kelly Barnhill,3.89,118,"5,728","1,180",Fantasy;Horror;Fiction;Magical Realism;Novella;Retellings;Adult;Adult Fiction;Fairy Tales;Audiobook,https://www.goodreads.com/book/show/60784308-the-crane-husband
