title,author,average_rating,num_pages,rating_count,text_reviews_rating_count,genres,url
Descendant Machine,Gareth L. Powell,4.13,328,673,70,Science Fiction;Space Opera;Aliens;Space;Fiction;Artificial Intelligence,https://www.goodreads.com/book/show/62595650-descendant-machine
The Galactic Zookeeper's Guide to Heists and Husbandry,A.C. Huntley,3.78,394,119,73,Science Fiction;Fiction;Humor;Fantasy;Audiobook;Animals,https://www.goodreads.com/book/show/122750534-the-galactic-zookeeper-s-guide-to-heists-and-husbandry
Bones of the Lich King,Megan Derr,4.22,274,343,41,Fantasy;Magic;M M Romance;Romance;Zombies;Paranormal;Horror;LGBT;High Fantasy;M M Fantasy,https://www.goodreads.com/book/show/75403614-bones-of-the-lich-king
Hopeland,Ian McDonald,3.86,648,359,89,Science Fiction;Fantasy;Fiction;Audiobook;Time Travel;Speculative Fiction;Science Fiction Fantasy;Climate Change;Novels;Historical Fiction,https://www.goodreads.com/book/show/43063809-hopeland
The Jaguar Path,Anna Stephens,4.45,626,93,26,Fantasy;Queer;Adult;Epic Fantasy;High Fantasy;LGBT;Dark Fantasy,https://www.goodreads.com/book/show/59552003-the-jaguar-path
The Forest Grimm,Kathryn Purdie,3.52,352,"2,596",909,Fantasy;Young Adult;Retellings;Romance;Young Adult Fantasy;Fairy Tales;Magic;Fiction;Audiobook;Fantasy Romance,https://www.goodreads.com/book/show/65214310-the-forest-grimm
The Necessity of Rain,Sarah Chorn,4.42,N/A,78,46,Fantasy;Queer;LGBT;Fiction,https://www.goodreads.com/book/show/58158847-the-necessity-of-rain
Captured by the Orc General,Charlotte Swan,3.97,254,"2,147",221,Fantasy;Romance;Fantasy Romance;Monsters;Adult;Paranormal Romance;Paranormal;Fae;Erotica;Magic,https://www.goodreads.com/book/show/64656298-captured-by-the-orc-general
The Prophet of Edan,Philip Chase,4.32,713,179,61,Fantasy;Epic Fantasy;Science Fiction Fantasy,https://www.goodreads.com/book/show/171285064-the-prophet-of-edan
The Body Catcher,Megan Derr,4.15,192,257,25,Fantasy;M M Romance;Magic;Menage;Romance;Historical;Polyamory;M M M;Adult;Paranormal,https://www.goodreads.com/book/show/75452185-the-body-catcher
Legacy of Brick & Bone,Krystle Matar,4.7,1128,91,35,Fantasy;Romance;Dark;LGBT;Science Fiction Fantasy;High Fantasy;Adult,https://www.goodreads.com/book/show/123264034-legacy-of-brick-bone
Magic Tides,Ilona Andrews,4.52,158,"14,065","1,375",Urban Fantasy;Fantasy;Paranormal;Magic;Novella;Vampires;Romance;Shapeshifters;Adult;Paranormal Romance,https://www.goodreads.com/book/show/65969788-magic-tides
Magic Claims,Ilona Andrews,4.71,240,"11,182","1,211",Urban Fantasy;Fantasy;Paranormal;Magic;Romance;Shapeshifters;Vampires;Adult;Paranormal Romance;Fiction,https://www.goodreads.com/book/show/109554429-magic-claims
The Husky and His White Cat Shizun: Erha He Ta De Bai Mao Shizun (Novel) Vol. 2,Rou Bao Bu Chi Rou,4.58,524,"4,195",458,Fantasy;Romance;LGBT;Boys Love;Queer;Historical;China;Fiction;Light Novel;Adult,https://www.goodreads.com/book/show/60587527-the-husky-and-his-white-cat-shizun
Quest of Fools,Megan Derr,3.87,165,198,27,Fantasy;M M Romance;Romance;Historical;LGBT;Road Trip;Family,https://www.goodreads.com/book/show/179965805-quest-of-fools
A Chain of Braided Silver,Sherwood Smith,4.65,584,17,6,Fantasy,https://www.goodreads.com/book/show/70502634-a-chain-of-braided-silver
Liberty's Daughter,Naomi Kritzer,4.11,264,196,36,Science Fiction;Fiction;Young Adult;Mystery;Science Fiction Fantasy;Speculative Fiction;Fantasy;Dystopia,https://www.goodreads.com/book/show/192777167-liberty-s-daughter
Demonic Desires,Emilia Rose,4.4,244,45,19,N/A,https://www.goodreads.com/book/show/64658136-demonic-desires
Children of Memory,Adrian Tchaikovsky,4.04,486,"16,704","1,761",Science Fiction;Fiction;Audiobook;Space Opera;Fantasy;Space;Science Fiction Fantasy;Aliens;Novels;Speculative Fiction,https://www.goodreads.com/book/show/60850767-children-of-memory
Master of the Fallen,Justin Call,4.19,448,21,0,Fantasy;High Fantasy;Young Adult;Adult,https://www.goodreads.com/book/show/40769612-master-of-the-fallen
Translation State,Ann Leckie,4.13,422,"8,333","1,186",Science Fiction;Fiction;Space Opera;Queer;LGBT;Fantasy;Science Fiction Fantasy;Audiobook;Adult;Space,https://www.goodreads.com/book/show/62873999-translation-state
The Mimicking of Known Successes,Malka Ann Older,3.66,169,"4,808","1,108",Mystery;Science Fiction;Queer;LGBT;Novella;Romance;Fiction;Lesbian;Adult;Mystery Thriller,https://www.goodreads.com/book/show/60784309-the-mimicking-of-known-successes
Devil's Gun,Cat Rambo,3.82,288,268,56,Science Fiction;Fiction;Space Opera;LGBT;Science Fiction Fantasy;Space;Adventure;Magic;Adult;Fantasy,https://www.goodreads.com/book/show/59808156-devil-s-gun
Taken by the Fae King,Jessica Grayson,4.05,404,800,38,Fantasy;Fantasy Romance;Romance;Magic;Fae;Paranormal Romance;Fiction;Paranormal;Science Fiction,https://www.goodreads.com/book/show/60555142-taken-by-the-fae-king
Next-Door Incubus,Emilia Rose,4.18,292,107,36,Romance;Paranormal Romance;Demons;Fantasy,https://www.goodreads.com/book/show/63203231-next-door-incubus
Claimed by the Monster,Jessica Grayson,1,N/A,1,1,N/A,https://www.goodreads.com/book/show/62877251-claimed-by-the-monster
Fighting for the Demon King,Lindsey Devin,4.48,318,48,3,N/A,https://www.goodreads.com/book/show/75336767-fighting-for-the-demon-king
Wild Night,Nikolai Andrew,4.06,111,65,6,Paranormal;Fantasy,https://www.goodreads.com/book/show/75252209-wild-night
How Not to Date a Demon,Lana Kole,3.6,163,"1,563",272,Romance;Fantasy;Paranormal;Demons;Paranormal Romance;Adult;Novella;Urban Fantasy;Monsters;Fiction,https://www.goodreads.com/book/show/65002893-how-not-to-date-a-demon
Into the Rift,Clay Harmon,5,448,2,0,Fantasy,https://www.goodreads.com/book/show/62919510-into-the-rift
The Last Dragoners of Bowbazar,Indra Das,4.29,119,168,75,Fantasy;Dragons;Novella;Queer;Fiction;LGBT;Contemporary;Historical Fiction;Science Fiction Fantasy;Asian Literature,https://www.goodreads.com/book/show/123503956-the-last-dragoners-of-bowbazar
Shadow Guard,Jessica Grayson,5,N/A,1,1,N/A,https://www.goodreads.com/book/show/59913539-shadow-guard
The Dark Lord's Daughter,Patricia C. Wrede,3.97,368,586,134,Fantasy;Middle Grade;Fiction;Childrens;Magic;Young Adult;Adventure;Humor;Dragons;Science Fiction Fantasy,https://www.goodreads.com/book/show/25648170-the-dark-lord-s-daughter
The Demon Sword Asperides,Sarah Jean Horwitz,3.96,352,135,49,Fantasy;Middle Grade;Adventure;Childrens;Audiobook;Juvenile;Fiction,https://www.goodreads.com/book/show/63251938-the-demon-sword-asperides
Maeve Fly,CJ Leede,3.82,288,"8,627","2,573",Horror;Fiction;Thriller;Adult;Contemporary;Fantasy;Audiobook;Splatterpunk;Halloween;Adult Fiction,https://www.goodreads.com/book/show/61884781-maeve-fly
Claws and Contrivances,Stephanie Burgis,4.45,360,272,64,Fantasy;Romance;Historical Fiction;Dragons;Regency;Historical;Fantasy Romance;Historical Fantasy;Adult;Cozy Mystery,https://www.goodreads.com/book/show/58756290-claws-and-contrivances
Alebrijes: Cuentista,Donna Barba Higuera,3.98,416,588,159,Middle Grade;Science Fiction;Fantasy;Dystopia;Childrens;Young Adult;Fiction;Juvenile;Adventure;Kids,https://www.goodreads.com/book/show/103512484-alebrijes
Thief Liar Lady,D.L. Soria,3.59,416,"1,538",482,Fantasy;Retellings;Romance;Adult;Fairy Tales;Fiction;Magic;Audiobook;Fantasy Romance;Fairy Tale Retellings,https://www.goodreads.com/book/show/63139926-thief-liar-lady
Bound to Ares,Jessica Grayson,5,N/A,3,0,N/A,https://www.goodreads.com/book/show/59924895-bound-to-ares
Jade Shards,Fonda Lee,4.35,136,"1,480",355,Fantasy;Short Stories;Urban Fantasy;Adult;Fiction;Audiobook;Novella;Anthologies;Asian Literature;High Fantasy,https://www.goodreads.com/book/show/123362384-jade-shards
The Last One,Rachel Howzell Hall,3.7,512,10,4,Fantasy;Romance;Adult;Fiction;Fantasy Romance;Young Adult;Adult Fiction;Young Adult Fantasy;New Adult,https://www.goodreads.com/book/show/75675224-the-last-one
My Brother's Keeper,Tim Powers,3.82,320,310,91,Fantasy;Horror;Historical Fiction;Gothic;Historical;Werewolves;Fiction;Science Fiction Fantasy;Historical Fantasy;Adult,https://www.goodreads.com/book/show/101161569-my-brother-s-keeper
High Vaultage,"Chris Sugden, Jen Sugden",4.52,400,29,15,Science Fiction;Steampunk;Mystery;Fantasy,https://www.goodreads.com/book/show/122780900-high-vaultage
Nordic Visions: The Best of Nordic Speculative Fiction,"Margrét Helgadóttir(Editor), John Ajvide Lindqvist, Maria Haskins",3.68,352,123,61,Short Stories;Fantasy;Science Fiction;Horror;Fiction;Anthologies;Dystopia,https://www.goodreads.com/book/show/101153821-nordic-visions
Destiny of Ashes,Tessa Hale,4.01,276,"4,945",310,Reverse Harem;Fantasy;Romance;Paranormal;Shapeshifters;Magic;Paranormal Romance;Dragons;Fantasy Romance;High School,https://www.goodreads.com/book/show/63831652-destiny-of-ashes
Griffons & Gains,Ashley Bennett,4.8,N/A,5,3,N/A,https://www.goodreads.com/book/show/62633689-griffons-gains
Just My Suck,Andie M. Long,4.59,158,105,15,Vampires,https://www.goodreads.com/book/show/75446298-just-my-suck
Legacy of Shadows,Tessa Hale,4.12,290,"8,476",521,Reverse Harem;Fantasy;Paranormal;Romance;Paranormal Romance;Magic;Dragons;Shapeshifters;Fantasy Romance;Demons,https://www.goodreads.com/book/show/63831651-legacy-of-shadows
Anchor of Secrets,Tessa Hale,4.11,270,"6,262",309,Reverse Harem;Fantasy;Romance;Paranormal;Magic;Shapeshifters;Dragons;Paranormal Romance;Vampires;High School,https://www.goodreads.com/book/show/63831654-anchor-of-secrets
Night of the Nymph,Bianca D'Arc,4.62,270,250,20,Romance;Vampires;Paranormal Romance;Paranormal;Magic;Fae,https://www.goodreads.com/book/show/64089604-night-of-the-nymph
Hell or Highwater,"Mila Young, Harper A. Brooks",4.8,N/A,5,1,N/A,https://www.goodreads.com/book/show/62925809-hell-or-highwater
The Ruthless Fae King,Leia Stone,4.19,342,"6,325",358,Fantasy;Romance;Fae;Fantasy Romance;Paranormal;Magic;Paranormal Romance;Audiobook;Young Adult;Adult,https://www.goodreads.com/book/show/62196148-the-ruthless-fae-king
Ruins of Sea and Souls,Lisette Marshall,4.31,588,"3,939",358,Fantasy;Romance;Fantasy Romance;Fae;New Adult;Magic;Fiction;Epic Fantasy;Paranormal Romance;Adult,https://www.goodreads.com/book/show/63103521-ruins-of-sea-and-souls
Four Masked Wolves,Emilia Rose,4.11,452,46,16,Reverse Harem,https://www.goodreads.com/book/show/63127967-four-masked-wolves
Monster Lover,Emilia Rose,4.13,286,40,10,Paranormal;Fantasy;Romance,https://www.goodreads.com/book/show/63127916-monster-lover
Frantor,Honey Phillips,4.34,163,"1,937",167,Romance;Science Fiction;Aliens;Science Fiction Romance;Novella;Disability;Fantasy;Paranormal;Military Fiction;Paranormal Romance,https://www.goodreads.com/book/show/75607295-frantor
Gilmat,Honey Phillips,4.31,163,"1,811",190,Romance;Aliens;Science Fiction;Science Fiction Romance;Fantasy;Paranormal;Paranormal Romance;Futuristic;M F Romance;Monsters,https://www.goodreads.com/book/show/95585170-gilmat
