title,author,average_rating,num_pages,rating_count,text_reviews_rating_count,genres,url
Rook,Jillian Graves,4,N/A,4,1,N/A,https://www.goodreads.com/book/show/61358592-rook
Chain of Thorns,Cassandra Clare,4.05,778,"45,109","8,096",Fantasy;Young Adult;Romance;Historical Fiction;Young Adult Fantasy;Paranormal;Urban Fantasy;Historical;Fiction;LGBT,https://www.goodreads.com/book/show/17699859-chain-of-thorns
Lost Places,Sarah Pinsker,4.08,288,240,63,Short Stories;Fantasy;Fiction;Science Fiction;Horror;Anthologies;Short Story Collection;Adult;Science Fiction Fantasy;Speculative Fiction,https://www.goodreads.com/book/show/60899068-lost-places
Silver in the Bone,Alexandra Bracken,3.91,480,"7,552","1,880",Fantasy;Young Adult;Mythology;Young Adult Fantasy;Romance;Retellings;Fiction;Magic;Arthurian;Urban Fantasy,https://www.goodreads.com/book/show/62031346-silver-in-the-bone
The Spice Gate,Prashanth Srivatsa,4.33,512,9,7,Fantasy;Adult;Science Fiction;High Fantasy;India;Fiction;Epic Fantasy;Science Fiction Fantasy,https://www.goodreads.com/book/show/60305959-the-spice-gate
The Warden,Daniel M. Ford,3.79,307,861,253,Fantasy;LGBT;Queer;Adult;Fiction;Science Fiction;Lesbian;High Fantasy;Science Fiction Fantasy;Magic,https://www.goodreads.com/book/show/60784419-the-warden
Assassin of Reality,Marina Dyachenko,3.72,256,"1,418",235,Fantasy;Fiction;Adult;Russia;Science Fiction;Audiobook;Contemporary;Urban Fantasy;Magical Realism;Novels,https://www.goodreads.com/book/show/61331501-assassin-of-reality
A Touch of Chaos,Scarlett St.  Clair,4.16,464,"5,636",444,Fantasy;Romance;Mythology;Greek Mythology;Fantasy Romance;Retellings;Fiction;Adult;New Adult;Audiobook,https://www.goodreads.com/book/show/56670031-a-touch-of-chaos
Where Darkness Blooms,Andrea Hannah,3.48,320,"1,726",802,Horror;Young Adult;Fantasy;Mystery;Thriller;LGBT;Fiction;Lesbian;Mystery Thriller;Queer,https://www.goodreads.com/book/show/60784586-where-darkness-blooms
Gods of the Wyrdwood,R.J.  Barker,4.11,640,"1,244",284,Fantasy;Fiction;Adult;Epic Fantasy;High Fantasy;Dark Fantasy;Science Fiction Fantasy;Audiobook;Magic;Science Fiction,https://www.goodreads.com/book/show/62874007-gods-of-the-wyrdwood
Of Knights and Books and Falling in Love,Rita A. Rubin,3.79,232,248,105,Fantasy;Romance;LGBT;Queer;Adult;M M Romance;High Fantasy;Historical;Magic;Boys Love,https://www.goodreads.com/book/show/174740206-of-knights-and-books-and-falling-in-love
What the Hex,Jessica Clare,3.74,336,"5,000",830,Romance;Fantasy;Witches;Paranormal;Paranormal Romance;Magic;Contemporary;Fiction;Adult;Halloween,https://www.goodreads.com/book/show/61423835-what-the-hex
Marking Red,Skye Alder,4.19,82,247,42,Shapeshifters;Supernatural;Romance;Paranormal,https://www.goodreads.com/book/show/60745199-marking-red
Talonsister,Jen Williams,4.28,560,257,90,Fantasy;High Fantasy;Magic;Epic Fantasy;Adult;Audiobook;Science Fiction;Fiction;Science Fiction Fantasy,https://www.goodreads.com/book/show/62606460-talonsister
The Deluge,Stephen Markley,4.22,896,"3,234",781,Fiction;Science Fiction;Dystopia;Climate Change Fiction;Speculative Fiction;Literary Fiction;Climate Change;Novels;Adult;Audiobook,https://www.goodreads.com/book/show/60806778-the-deluge
Refractions,M.V. Melcer,4.19,441,100,52,Science Fiction;Thriller;Space Opera,https://www.goodreads.com/book/show/198717615-refractions
Life Beyond Us: An Original Anthology of SF Stories and Science Essays,"Julie Nováková (Editor),Eugen Bacon,Gregory Benford",3.96,582,50,12,Science Fiction;Short Stories;Anthologies;Fiction,https://www.goodreads.com/book/show/61129692-life-beyond-us
Radiant Sin,Katee Robert,3.8,345,"34,582","3,867",Romance;Fantasy;Mythology;Retellings;Adult;Fiction;Audiobook;Greek Mythology;Contemporary;Fantasy Romance,https://www.goodreads.com/book/show/60478017-radiant-sin
The Chalice of the Gods,Rick Riordan,4.36,268,"65,093","11,820",Fantasy;Mythology;Young Adult;Middle Grade;Fiction;Greek Mythology;Adventure;Audiobook;Urban Fantasy;Young Adult Fantasy,https://www.goodreads.com/book/show/63035432-the-chalice-of-the-gods
After the Forest,Kell Woods,3.83,14,"3,799","1,023",Fantasy;Retellings;Fiction;Adult;Romance;Witches;Fairy Tales;Historical Fiction;Magic;Historical,https://www.goodreads.com/book/show/61795240-after-the-forest
Emperor of Ruin,Django Wexler,4.15,527,"1,182",137,Fantasy;Epic Fantasy;Science Fiction;High Fantasy;LGBT;Fiction;Queer;Lesbian;Science Fiction Fantasy;Post Apocalyptic,https://www.goodreads.com/book/show/81223775-emperor-of-ruin
The Phoenix King,Aparna Verma,3.72,513,"2,696",920,Fantasy;Romance;Young Adult;Mythology;Adult;Fiction;Fantasy Romance;Science Fiction;High Fantasy;Young Adult Fantasy,https://www.goodreads.com/book/show/63325346-the-phoenix-king
Sun of Blood and Ruin,Mariely Lares,3.17,400,944,358,Fantasy;Historical Fiction;Mythology;Fiction;Historical;Adult;Retellings;Historical Fantasy;Romance;Science Fiction Fantasy,https://www.goodreads.com/book/show/60146664-sun-of-blood-and-ruin
The Enchanted Hacienda,J.C. Cervantes,3.65,352,"3,183",567,Fantasy;Romance;Magical Realism;Fiction;Contemporary;Magic;Adult;Audiobook;Fantasy Romance;Adult Fiction,https://www.goodreads.com/book/show/61935476-the-enchanted-hacienda
Son of the Poison Rose,Jonathan Maberry,4.35,704,751,128,Fantasy;Horror;Fiction;Audiobook;Dark Fantasy;Science Fiction Fantasy;Magic;Zombies;Dark,https://www.goodreads.com/book/show/60784635-son-of-the-poison-rose
House of Roots and Ruin,Erin A. Craig,4.16,544,"9,202","2,025",Fantasy;Young Adult;Horror;Gothic;Romance;Mystery;Young Adult Fantasy;Fiction;Thriller;Audiobook,https://www.goodreads.com/book/show/62649010-house-of-roots-and-ruin
Engines of Chaos,Richard S. Ford,4.17,N/A,316,70,Fantasy;Epic Fantasy;Steampunk;Fiction;Adult;High Fantasy,https://www.goodreads.com/book/show/61918520-engines-of-chaos
The Splinter in the Sky,Kemi Ashing-Giwa,3.45,384,707,165,Science Fiction;LGBT;Fantasy;Queer;Space Opera;Fiction;Adult;Lesbian;Science Fiction Fantasy;Space,https://www.goodreads.com/book/show/61339314-the-splinter-in-the-sky
The Infinite Miles,Hannah Fergesen,3.61,N/A,282,69,Science Fiction;Time Travel;LGBT;Adult;Fiction;Fantasy;Audiobook;Science Fiction Fantasy;Historical Fiction;Contemporary,https://www.goodreads.com/book/show/61890722-the-infinite-miles
Eleventh Cycle,Kian N. Ardalan,3.77,779,707,215,Fantasy;Dark Fantasy;High Fantasy;Fiction;Adult;Horror;Epic Fantasy;Dark;Science Fiction Fantasy;Audiobook,https://www.goodreads.com/book/show/59425056-eleventh-cycle
To Flame a Wild Flower,Sarah A. Parker,4.17,591,"4,059",466,Fantasy;Fantasy Romance;Romance;Fae;New Adult;Retellings;Dark;Magic;Fiction;Dark Fantasy,https://www.goodreads.com/book/show/61913327-to-flame-a-wild-flower
Blood & Steel,Helen Scheuerer,4.25,550,"11,683","1,462",Fantasy;Fantasy Romance;Romance;Magic;New Adult;High Fantasy;Adult;Paranormal;Fiction;Audiobook,https://www.goodreads.com/book/show/63905241-blood-steel
A Thousand Recipes for Revenge,Beth Cato,3.89,399,"4,219",481,Fantasy;Fiction;Historical Fiction;Mystery;Magic;Food;Historical Fantasy;Historical;Science Fiction Fantasy;Audiobook,https://www.goodreads.com/book/show/62094088-a-thousand-recipes-for-revenge
To Kill a Shadow,Katherine  Quinn,3.88,448,"2,886",812,Fantasy;Romance;Young Adult;Fantasy Romance;Young Adult Fantasy;Magic;Fiction;LGBT;Horror;Queer,https://www.goodreads.com/book/show/70020893-to-kill-a-shadow
Greymist Fair,Francesca Zappia,3.84,336,919,256,Fantasy;Young Adult;Mystery;Retellings;Horror;Young Adult Fantasy;Fairy Tales;Fiction;Paranormal;Thriller,https://www.goodreads.com/book/show/61361706-greymist-fair
Beauty So Golden,Lilith Vincent,3.85,223,809,159,Reverse Harem;Fantasy;Romance;Retellings;Dystopia;Zombies;Contemporary;Post Apocalyptic;Dark;Supernatural,https://www.goodreads.com/book/show/61846157-beauty-so-golden
The Thorns Remain,J.J.A. Harwood,3.45,416,"1,743",446,Fantasy;Historical Fiction;Fae;Romance;Historical;Historical Fantasy;Fiction;Fantasy Romance;Adult;Fairies,https://www.goodreads.com/book/show/62047662-the-thorns-remain
Twelve Months,Jim Butcher,4.35,N/A,65,6,Urban Fantasy;Fantasy;Fiction;Paranormal;Mystery;Adult;Science Fiction Fantasy;Magic;Vampires;Detective,https://www.goodreads.com/book/show/56143881-twelve-months
Modern Divination,Isabel Agajanian,3.74,418,"1,637",533,Fantasy;Romance;Adult;Urban Fantasy;Witches;Fantasy Romance;Paranormal;LGBT;Magic;Queer,https://www.goodreads.com/book/show/62107762-modern-divination
Captured by the Kraken,Jessica Grayson,3,N/A,4,0,N/A,https://www.goodreads.com/book/show/61846230-captured-by-the-kraken
Blaze,H.P. Mallory,3.98,229,59,7,N/A,https://www.goodreads.com/book/show/62593253-blaze
Shield Maiden,Sharon Emmerichs,3.66,413,971,332,Fantasy;Historical Fiction;Mythology;Retellings;Fiction;Dragons;Historical;Young Adult;Magic;Historical Fantasy,https://www.goodreads.com/book/show/62116825-shield-maiden
The Iron Children,Rebecca Fraimow,4.22,139,88,43,Science Fiction;Fantasy;Novella;Science Fiction Fantasy;Adult;Adventure;War,https://www.goodreads.com/book/show/67428242-the-iron-children
Not Your Ex's Hexes,April Asher,3.85,343,"4,587","1,178",Romance;Fantasy;Paranormal;Witches;Paranormal Romance;Magic;Adult;Fiction;Contemporary Romance;Contemporary,https://www.goodreads.com/book/show/60784601-not-your-ex-s-hexes
Claimed by the Orc,Jessica Grayson,2,N/A,1,0,N/A,https://www.goodreads.com/book/show/60063128-claimed-by-the-orc
The Half-Life of Love,Brianna Bourne,4.19,368,525,137,Romance;Young Adult;Science Fiction;Contemporary;Fantasy;Death;Fiction;Family;Young Adult Romance;Young Adult Contemporary,https://www.goodreads.com/book/show/60759236-the-half-life-of-love
A New Eden,Menilik Henry Dyer,3.76,308,194,32,Hard Science Fiction;Young Adult Science Fiction;Science Fiction;Young Adult;Fiction;Space;Audiobook;Science Fiction Fantasy;Space Opera,https://www.goodreads.com/book/show/169552322-a-new-eden
Paradise-1,David Wellington,3.81,681,"1,854",435,Horror;Science Fiction;Fiction;Mystery;Space;Thriller;Space Opera;Adult;Aliens;Audiobook,https://www.goodreads.com/book/show/61634435-paradise-1
The Lotus Empire,Tasha Suri,4.16,N/A,32,24,Fantasy;Lesbian;Queer;Adult;LGBT;High Fantasy;Romance;Fiction;Science Fiction Fantasy;Magic,https://www.goodreads.com/book/show/59558627-the-lotus-empire
Yours for the Taking,Gabrielle  Korn,3.7,336,"1,621",497,Science Fiction;Queer;Fiction;LGBT;Dystopia;Lesbian;Adult;Romance;Feminism;Fantasy,https://www.goodreads.com/book/show/65213204-yours-for-the-taking
Tolerant,C.J. Sparrow,4.08,380,36,25,Fantasy,https://www.goodreads.com/book/show/63827997-tolerant
Where Peace Is Lost,Valerie Valdes,4.07,390,397,81,Science Fiction;Fantasy;Space Opera;Romance;Audiobook;Adult;Space;Fiction;Science Fiction Fantasy;LGBT,https://www.goodreads.com/book/show/62645181-where-peace-is-lost
Mortal Follies,Alexis  Hall,3.46,416,"4,443","1,435",Fantasy;Romance;Historical Fiction;LGBT;Historical;Queer;Lesbian;Fiction;Adult;Historical Romance,https://www.goodreads.com/book/show/62984592-mortal-follies
Season of Skulls,Charles Stross,4.21,376,"1,402",96,Fantasy;Horror;Urban Fantasy;Science Fiction;Fiction;Lovecraftian;Audiobook;Historical Fiction;Magic;Romance,https://www.goodreads.com/book/show/62595513-season-of-skulls
Of War and Ruin,Ryan  Cahill,4.64,1477,"3,754",480,Fantasy;Epic Fantasy;High Fantasy;Dragons;Fiction;Adult;Science Fiction Fantasy;Magic;Audiobook;Elves,https://www.goodreads.com/book/show/59919045-of-war-and-ruin
"Stars of Chaos: Sha Po Lang, Vol. 1",Priest,4.24,452,"1,050",179,Fantasy;Romance;LGBT;Steampunk;Boys Love;Historical Fiction;China;Light Novel;Queer;Historical,https://www.goodreads.com/book/show/62145799-stars-of-chaos
An Invocation of Monsters,Cate Corvin,4.18,354,854,82,Reverse Harem;Monsters;Fantasy;Romance;Paranormal;Paranormal Romance;Supernatural;Erotica;Fiction;Adult,https://www.goodreads.com/book/show/61179503-an-invocation-of-monsters
The Battle of Jedha,George Mann,3.84,512,"2,347",268,Star Wars;Science Fiction;Audiobook;Fiction;Fantasy;Adult;Space Opera;Science Fiction Fantasy;Novels;Media Tie In,https://www.goodreads.com/book/show/61153770-the-battle-of-jedha
Seduction of a Psychopomp: Erogenous Hand Holding and Other Ways to Tame your Reaper,Elsie Winters,4.08,290,995,208,Romance;Fantasy;Paranormal;Fantasy Romance;Fae;Paranormal Romance;Monsters;Magic;Fiction;Demons,https://www.goodreads.com/book/show/61359197-seduction-of-a-psychopomp
Wedded to Lucifer,Aiden Pierce,0,N/A,0,0,N/A,https://www.goodreads.com/book/show/60814731-wedded-to-lucifer
Inquisitor: Rise of the Red Blade,Delilah S. Dawson,4.38,343,"2,313",328,Star Wars;Science Fiction;Fiction;Fantasy;Audiobook;Space Opera;Adult;Space;Novels;Science Fiction Fantasy,https://www.goodreads.com/book/show/62802781-inquisitor
I Keep My Exoskeletons to Myself,Marisa Crane,3.98,352,"4,736",936,Fiction;Science Fiction;LGBT;Queer;Dystopia;Lesbian;Adult;Fantasy;Speculative Fiction;Audiobook,https://www.goodreads.com/book/show/60679392-i-keep-my-exoskeletons-to-myself
Bring Me Your Midnight,Rachel  Griffin,4,402,"6,029","1,806",Fantasy;Romance;Young Adult;Witches;Young Adult Fantasy;Magic;Fantasy Romance;Paranormal;Fiction;Audiobook,https://www.goodreads.com/book/show/62688758-bring-me-your-midnight
Amidst Secrets and Shadows,Stacy  Jones,4.29,319,"1,012",103,Reverse Harem;Fantasy;Fae;Romance;Paranormal Romance;Paranormal;Magic;Adult;Fantasy Romance;New Adult,https://www.goodreads.com/book/show/60749595-amidst-secrets-and-shadows
Slay Me,Jessica Wayne,4.44,259,476,121,Paranormal;Fantasy;Shapeshifters;Romance;Urban Fantasy;Magic;Dragons;Paranormal Romance,https://www.goodreads.com/book/show/61303763-slay-me
Jedi: Battle Scars,Sam Maggs,3.15,304,"3,470",601,Star Wars;Science Fiction;Fiction;Audiobook;Fantasy;LGBT;Novels;Space Opera;Video Games;Adult,https://www.goodreads.com/book/show/61327519-jedi
"Dark Moon, Shallow Sea",David R. Slayton,4.05,360,545,141,Fantasy;LGBT;Queer;Romance;Fiction;Adult;Magic;M M Romance;Paranormal;High Fantasy,https://www.goodreads.com/book/show/90586711-dark-moon-shallow-sea
Auctioned to the Pack Alpha,Olivia T. Turner,4.04,93,"1,725",164,Romance;Paranormal;Novella;Shapeshifters;Fantasy;Fiction;Paranormal Romance;Unfinished;Supernatural;Contemporary,https://www.goodreads.com/book/show/63221849-auctioned-to-the-pack-alpha
The Sun and the Star: A Nico di Angelo Adventure,Rick Riordan,4.27,480,"33,169","6,187",Fantasy;Mythology;LGBT;Middle Grade;Young Adult;Queer;Romance;Fiction;Greek Mythology;Adventure,https://www.goodreads.com/book/show/63028719-the-sun-and-the-star
To Save a Kingdom,Nisha J. Tuli,5,N/A,1,0,N/A,https://www.goodreads.com/book/show/61439874-to-save-a-kingdom
The Sapphire Altar,David Dalglish,4.21,496,418,83,Fantasy;Epic Fantasy;Adult;Fiction;LGBT;Lesbian;Queer;High Fantasy,https://www.goodreads.com/book/show/61030571-the-sapphire-altar
Meru,S.B. Divya,3.78,432,"2,692",335,Science Fiction;Fiction;Fantasy;Space Opera;Space;Adult;Romance;Science Fiction Fantasy;LGBT;Speculative Fiction,https://www.goodreads.com/book/show/60898230-meru
Frontier,Grace  Curtis,3.65,256,943,291,Science Fiction;LGBT;Lesbian;Queer;Romance;Adult;Westerns;Fiction;Dystopia;Post Apocalyptic,https://www.goodreads.com/book/show/60709198-frontier
More Perfect,Temi Oh,3.72,589,483,129,Science Fiction;Fiction;Dystopia;Mythology;Fantasy;Retellings;Adult;Speculative Fiction;Novels;Science Fiction Fantasy,https://www.goodreads.com/book/show/58485405-more-perfect
Mammoths at the Gates,Nghi Vo,4.26,120,"3,675",790,Fantasy;Novella;Fiction;Queer;Adult;LGBT;Audiobook;Short Stories;Science Fiction Fantasy;Asian Literature,https://www.goodreads.com/book/show/65211737-mammoths-at-the-gates
Unbreakable,Mira Grant,4.39,152,406,59,Fantasy;Novella;Urban Fantasy;Horror;Science Fiction;Adult;Superheroes;Fiction;Short Stories;Magic,https://www.goodreads.com/book/show/61469940-unbreakable
Protected by the Wolf Prince,Jessica Grayson,4.09,202,304,23,Fantasy;Romance;Shapeshifters;Retellings;Werewolves;Fairy Tales;Fiction;Fantasy Romance;Wolves;Fairy Tale Retellings,https://www.goodreads.com/book/show/59801325-protected-by-the-wolf-prince
Claiming Beauty,Skye Alder,3.88,81,441,57,Shapeshifters;Romance;Paranormal Romance;Paranormal;Novella;Wolves;Beauty and The Beast;Erotica;Supernatural;Fairy Tales,https://www.goodreads.com/book/show/60740082-claiming-beauty
Last to Leave the Room,Caitlin  Starling,3.55,312,"1,340",431,Horror;Science Fiction;Fiction;Thriller;Mystery;Adult;LGBT;Queer;Audiobook;Speculative Fiction,https://www.goodreads.com/book/show/65213922-last-to-leave-the-room
The Words of Kings and Prophets,Shauna Lawless,4.59,476,514,167,Fantasy;Historical Fiction;Mythology;Historical Fantasy;Audiobook;Historical;Fiction;Ireland;Adult;Medieval,https://www.goodreads.com/book/show/62847701-the-words-of-kings-and-prophets
What the River Knows,Isabel Ibañez,3.98,416,"27,396","6,591",Fantasy;Historical Fiction;Young Adult;Romance;Mystery;Historical;Fiction;Adventure;Young Adult Fantasy;Magic,https://www.goodreads.com/book/show/63892232-what-the-river-knows
Divinity 36,Gail Carriger,4.44,332,911,170,Science Fiction;Young Adult;Fantasy;Aliens;Fiction;LGBT;Romance;M M Romance;Queer;Adult,https://www.goodreads.com/book/show/124934812-divinity-36
"The Best of Catherynne M. Valente, Volume One",Catherynne M. Valente,4.13,800,45,28,Fantasy;Short Stories;Science Fiction;Anthologies;Collections;Adult;Speculative Fiction;Dystopia;Fiction;Science Fiction Fantasy,https://www.goodreads.com/book/show/63249948-the-best-of-catherynne-m-valente-volume-one
Gate Sinister,Tansy Rayner Roberts,4.15,131,71,20,Fantasy;Magic;Historical;Novella;Steampunk,https://www.goodreads.com/book/show/61482101-gate-sinister
Mating Cinderella,Skye Alder,4.32,81,230,39,Shapeshifters,https://www.goodreads.com/book/show/60745198-mating-cinderella
Whispering Wood,Sharon Shinn,4.23,302,386,49,Fantasy;Romance;Adult;New Adult;Magic;Science Fiction Fantasy;Fantasy Romance,https://www.goodreads.com/book/show/190013474-whispering-wood
A Sleight of Shadows,Kat Howard,3.58,320,884,155,Fantasy;Urban Fantasy;Adult;Fiction;Magic;Audiobook;Contemporary;Science Fiction Fantasy;Paranormal;Witches,https://www.goodreads.com/book/show/43703686-a-sleight-of-shadows
Gold,Raven Kennedy,4.1,646,"21,595","2,704",Fantasy;Romance;Fantasy Romance;Fae;Magic;New Adult;Fiction;Adult;Retellings;High Fantasy,https://www.goodreads.com/book/show/61314205-gold
Gryphon in Light,Mercedes Lackey,4.28,368,"1,070",178,Fantasy;Fiction;Adult;Magic;Adventure;Action;Science Fiction Fantasy;Gods;Suspense;High Fantasy,https://www.goodreads.com/book/show/62905136-gryphon-in-light
Stealing Snow,Skye Alder,4.23,73,201,33,Supernatural;Paranormal,https://www.goodreads.com/book/show/61052512-stealing-snow
"Swift the Storm, Fierce the Flame",Meg  Long,3.89,416,311,181,Fantasy;Young Adult;Science Fiction;Dystopia;Queer;Fiction;LGBT;Young Adult Fantasy;Teen;Audiobook,https://www.goodreads.com/book/show/60784627-swift-the-storm-fierce-the-flame
House of Boreal,K.L. Kolarich,4.62,676,92,42,Fantasy;High Fantasy,https://www.goodreads.com/book/show/181852258-house-of-boreal
Arca,G.R.  Macallister,4.1,544,254,64,Fantasy;Fiction;Lesbian;Queer;Feminism;LGBT;Science Fiction Fantasy;Magic;Adult Fiction,https://www.goodreads.com/book/show/61272272-arca
A Veil of Dusk and Deceit,Analeigh Ford,3.35,276,365,30,Fantasy;Fantasy Romance;Reverse Harem,https://www.goodreads.com/book/show/62659687-a-veil-of-dusk-and-deceit
Den of Devils,Avery Song,4,N/A,5,0,N/A,https://www.goodreads.com/book/show/60770827-den-of-devils
Lessons in Birdwatching,Honey Watson,3.41,295,98,48,Science Fiction;Fiction,https://www.goodreads.com/book/show/63334026-lessons-in-birdwatching
Space Oddity,Catherynne M. Valente,4.43,368,7,5,Science Fiction;Space Opera;Fiction;Queer;Science Fiction Fantasy;Humor;Fantasy;Speculative Fiction;Space;Aliens,https://www.goodreads.com/book/show/101127034-space-oddity
Ivy Touched and Bronze Blade,"Shannon Mayer,Kelly St. Clare",4.51,350,1455,113,Fantasy;Romance;Fae;Magic;Fiction,https://www.goodreads.com/book/show/63888802-ivy-touched-and-bronze-blade
Beyond the Reach of Earth,Ken MacLeod,4.04,368,525,30,Science Fiction;Space Opera;Aliens,https://www.goodreads.com/book/show/62118379-beyond-the-reach-of-earth
Androne,Dwain Worrell,3.93,335,"2,654",219,Science Fiction;Fiction;Fantasy;Military Fiction;Time Travel;Science Fiction Fantasy;War;Thriller;Dystopia;Robots,https://www.goodreads.com/book/show/63293036-androne
