title,author,average_rating,num_pages,rating_count,text_reviews_rating_count,genres,url
The Saint of Bright Doors,Vajra Chandrasekera,3.73,368,"1,306",370,Fantasy;Fiction;Queer;LGBT;Adult;Urban Fantasy;Science Fiction;Science Fiction Fantasy;Asia;Speculative Fiction,https://www.goodreads.com/book/show/59344991-the-saint-of-bright-doors
The Last Heir to Blackwood Library,Hester Fox,3.36,320,"10,598","1,434",Historical Fiction;Fantasy;Fiction;Mystery;Gothic;Historical;Books About Books;Paranormal;Horror;Adult,https://www.goodreads.com/book/show/58675447-the-last-heir-to-blackwood-library
Trials of the Innermost,"Jonathan Fuller, Kristina Kelly",4,N/A,18,7,Fantasy;Science Fiction;LGBT;Adult;Fiction,https://www.goodreads.com/book/show/59127642-trials-of-the-innermost
Warrior of the Wind,Suyi Davies Okungbowa,4.06,480,177,66,Fantasy;Adult;Queer;High Fantasy;LGBT;Epic Fantasy;Fiction;Epic;Science Fiction Fantasy,https://www.goodreads.com/book/show/131124858-warrior-of-the-wind
Seven Faceless Saints,M.K. Lobb,3.5,400,"5,021","1,269",Fantasy;Young Adult;Mystery;Romance;Young Adult Fantasy;LGBT;Fiction;Magic;Thriller;Queer,https://www.goodreads.com/book/show/61237032-seven-faceless-saints
Barrow of Winter,H.M. Long,4.06,336,384,149,Fantasy;Mythology;High Fantasy;Fiction;Adult;Epic Fantasy;Audiobook;Magic,https://www.goodreads.com/book/show/60535949-barrow-of-winter
Venom & Vow,Anna-Marie McLemore,3.77,336,601,217,Fantasy;LGBT;Young Adult;Queer;Romance;Transgender;Young Adult Fantasy;Fiction;Disability;High Fantasy,https://www.goodreads.com/book/show/60129284-venom-vow
The Invocations,Krystal Sutherland,4.17,400,"2,313",797,Fantasy;Horror;Young Adult;Witches;Paranormal;Mystery;Thriller;Contemporary;Lesbian;Fiction,https://www.goodreads.com/book/show/59475768-the-invocations
Blood Over Bright Haven,M.L.  Wang,4.48,527,"3,608",886,Fantasy;Adult;Fiction;Magic;High Fantasy;Science Fiction;Dark;Science Fiction Fantasy;Academia;Dark Fantasy,https://www.goodreads.com/book/show/57915993-blood-over-bright-haven
A Game of Gods,Scarlett St.  Clair,4.06,592,"11,012",911,Fantasy;Romance;Mythology;Greek Mythology;Fantasy Romance;Fiction;Adult;Retellings;Audiobook;New Adult,https://www.goodreads.com/book/show/56587784-a-game-of-gods
Never a Hero,Vanessa Len,4.09,528,"4,856","1,231",Fantasy;Young Adult;Romance;Time Travel;Young Adult Fantasy;Paranormal;Urban Fantasy;Fiction;Magic;Fantasy Romance,https://www.goodreads.com/book/show/53305764-never-a-hero
The Death I Gave Him,Em X. Liu,3.44,432,"1,366",541,Science Fiction;Mystery;Retellings;Queer;Fiction;LGBT;Thriller;Adult;Mystery Thriller;Science Fiction Fantasy,https://www.goodreads.com/book/show/59883853-the-death-i-gave-him
Dead Country,Max Gladstone,4.2,239,925,130,Fantasy;Fiction;Urban Fantasy;Adult;Science Fiction;Horror;Magic;Science Fiction Fantasy;High Fantasy;Young Adult Fantasy,https://www.goodreads.com/book/show/60784301-dead-country
Vampire Weekend,Mike Chen,3.58,352,"1,249",317,Fantasy;Vampires;Horror;Fiction;Urban Fantasy;Paranormal;Adult;Contemporary;Audiobook;Adult Fiction,https://www.goodreads.com/book/show/61199286-vampire-weekend
The Becalmer,Nick Wilford,4.92,N/A,12,8,Young Adult,https://www.goodreads.com/book/show/61377350-the-becalmer
The Museum of Human History,Rebekah Bergman,3.54,256,662,138,Fiction;Science Fiction;Literary Fiction;Speculative Fiction;Contemporary;Adult;Novels;Fantasy;Science Fiction Fantasy;American,https://www.goodreads.com/book/show/62972521-the-museum-of-human-history
Prescribed Burn,Arkady Martine,4,N/A,1,2,Science Fiction;Thriller;Fantasy;Dystopia;Cyberpunk,https://www.goodreads.com/book/show/52083486-prescribed-burn
And Put Away Childish Things,Adrian Tchaikovsky,3.81,208,"1,251",300,Fantasy;Novella;Horror;Fiction;Science Fiction;Urban Fantasy;Books About Books;Magic;Adult;Audiobook,https://www.goodreads.com/book/show/61273440-and-put-away-childish-things
The Ashes & the Star-Cursed King,Carissa Broadbent,4.17,665,"154,572","14,978",Fantasy;Romance;Fantasy Romance;Vampires;Adult;Paranormal;Magic;Fiction;New Adult;High Fantasy,https://www.goodreads.com/book/show/62335396-the-ashes-the-star-cursed-king
Blade of Dream,Daniel Abraham,4.32,N/A,793,131,Fantasy;Fiction;Epic Fantasy;Science Fiction Fantasy;High Fantasy;Magic;Speculative Fiction;Romance;Urban Fantasy;Adult,https://www.goodreads.com/book/show/62895426-blade-of-dream
Divine Rivals,Rebecca   Ross,4.24,357,"329,369","58,054",Fantasy;Romance;Young Adult;Fiction;Historical Fiction;Fantasy Romance;Audiobook;Young Adult Fantasy;Historical;Magic,https://www.goodreads.com/book/show/60784546-divine-rivals
Lassiter,J.R. Ward,4.24,468,"7,174",931,Paranormal;Romance;Paranormal Romance;Vampires;Fantasy;Angels;Urban Fantasy;Adult;Audiobook;Contemporary,https://www.goodreads.com/book/show/61295517-lassiter
Lore Olympus: Volume Four,Rachel  Smythe,4.5,416,"27,034","1,954",Graphic Novels;Fantasy;Romance;Mythology;Comics;Retellings;Greek Mythology;Fiction;Adult;Graphic Novels Comics,https://www.goodreads.com/book/show/62698816-lore-olympus
What Lurks Between the Fates,Harper L. Woods,3.79,455,"18,211","1,624",Fantasy;Romance;Fantasy Romance;Fae;Audiobook;Magic;Dark;Adult;Fiction;New Adult,https://www.goodreads.com/book/show/61937339-what-lurks-between-the-fates
The Heavenly Sword,Alice Poon,3.7,390,37,23,Fantasy;Mythology;Adult;Fiction;China;Romance;Science Fiction Fantasy;Historical Fiction;Young Adult;Asian Literature,https://www.goodreads.com/book/show/62604870-the-heavenly-sword
Painted Devils,Margaret  Owen,4.31,512,"4,280","1,099",Fantasy;Young Adult;Romance;Young Adult Fantasy;Retellings;Fiction;Audiobook;LGBT;High Fantasy;Queer,https://www.goodreads.com/book/show/59406591-painted-devils
Capture the Sun,Jessie Mihalik,3.76,432,"2,278",317,Romance;Science Fiction;Fantasy;Space Opera;Adult;Science Fiction Romance;Fiction;Space;Science Fiction Fantasy;Audiobook,https://www.goodreads.com/book/show/61923821-capture-the-sun
"Sister, Maiden, Monster",Lucy A. Snyder,3.58,265,"5,133","1,416",Horror;Fantasy;LGBT;Science Fiction;Fiction;Adult;Queer;Dystopia;Lovecraftian;Audiobook,https://www.goodreads.com/book/show/60784461-sister-maiden-monster
Fourth Wing,Rebecca Yarros,4.6,663,"1,392,479","191,757",Fantasy;Romance;Dragons;Fiction;Audiobook;Fantasy Romance;New Adult;Magic;Adult;Young Adult,https://www.goodreads.com/book/show/63219094-fourth-wing
Arch-Conspirator,Veronica Roth,3.42,112,"4,598",978,Science Fiction;Dystopia;Fantasy;Fiction;Retellings;Mythology;Novella;Adult;Audiobook;Greek Mythology,https://www.goodreads.com/book/show/60795459-arch-conspirator
Conquer the Kingdom,Jennifer Estep,4,432,"1,351",183,Fantasy;Romance;Magic;Paranormal;Urban Fantasy;Audiobook;Science Fiction Fantasy;Fantasy Romance;Adult;Epic Fantasy,https://www.goodreads.com/book/show/58553639-conquer-the-kingdom
The Queen’s Price,Anne Bishop,4.41,528,"1,896",200,Fantasy;Fiction;Magic;Romance;Dark Fantasy;High Fantasy;Paranormal Romance;Paranormal;Witches;Fantasy Romance,https://www.goodreads.com/book/show/61285912-the-queen-s-price
Ink Blood Sister Scribe,Emma Törzs,4.05,416,"31,772","5,074",Fantasy;Fiction;Magical Realism;Magic;Adult;Books About Books;Urban Fantasy;Audiobook;LGBT;Witches,https://www.goodreads.com/book/show/62052996-ink-blood-sister-scribe
The Hexologists,Josiah Bancroft,3.86,318,"2,908",675,Fantasy;Mystery;Fiction;Adult;Urban Fantasy;Magic;Historical Fiction;Historical;Paranormal;Mystery Thriller,https://www.goodreads.com/book/show/59612836-the-hexologists
The Witch and the Vampire,Francesca Flores,3.26,368,"2,527","1,016",Fantasy;Lesbian;LGBT;Romance;Young Adult;Vampires;Queer;Retellings;Witches;Paranormal,https://www.goodreads.com/book/show/60784554-the-witch-and-the-vampire
A Fire in the Flesh,Jennifer L. Armentrout,4.09,632,"41,692","4,284",Fantasy;Romance;Fantasy Romance;Adult;New Adult;Paranormal;Fiction;Vampires;Magic;Dragons,https://www.goodreads.com/book/show/61150440-a-fire-in-the-flesh
A Woman of the Sword,Anna Smith Spark,3.95,431,123,50,Fantasy;Epic Fantasy;Science Fiction Fantasy;Dark Fantasy;Family;Fiction,https://www.goodreads.com/book/show/75305069-a-woman-of-the-sword
Red Side Story,Jasper Fforde,4.59,416,862,198,Fantasy;Fiction;Science Fiction;Dystopia;Science Fiction Fantasy;Speculative Fiction;Mystery;Humor;Adult;Audiobook,https://www.goodreads.com/book/show/59560907-red-side-story
World Running Down,Al Hess,4,335,553,189,Science Fiction;LGBT;Queer;Romance;Dystopia;Transgender;Fiction;Adult;Post Apocalyptic;Gay,https://www.goodreads.com/book/show/61152848-world-running-down
Feed Them Silence,Lee Mandelo,3.57,105,"2,496",677,Horror;Science Fiction;Queer;Novella;Fiction;LGBT;Adult;Lesbian;Short Stories;Fantasy,https://www.goodreads.com/book/show/60784259-feed-them-silence
Visions of Flesh and Blood: A Blood and Ash/Flesh and Fire Compendium,Jennifer L. Armentrout,3.27,580,"1,864",443,Fantasy;Romance;Fantasy Romance;Adult;Vampires;New Adult;Magic;Fiction;Shapeshifters;Paranormal,https://www.goodreads.com/book/show/63844859-visions-of-flesh-and-blood
Sing Me to Sleep,Gabi Burton,3.87,432,"3,775",907,Fantasy;Young Adult;Romance;Young Adult Fantasy;Mythology;Mermaids;Fiction;Fantasy Romance;High Fantasy;Mystery,https://www.goodreads.com/book/show/62039217-sing-me-to-sleep
This Cursed Light,Emily Thiede,3.82,448,"1,279",409,Fantasy;Young Adult;Romance;Fantasy Romance;Young Adult Fantasy;Fiction;Magic;High Fantasy;Paranormal;Science Fiction Fantasy,https://www.goodreads.com/book/show/61885005-this-cursed-light
The Stars are Dying,Chloe C. Peñaranda,3.52,566,"8,195","1,614",Fantasy;Romance;Fantasy Romance;Vampires;Fae;Adult;New Adult;Magic;High Fantasy;Fiction,https://www.goodreads.com/book/show/63890424-the-stars-are-dying
The Ten Percent Thief,Lavanya Lakshminarayan,3.85,368,471,168,Science Fiction;Dystopia;Fiction;Short Stories;Speculative Fiction;India;Fantasy;Cyberpunk;Adult;Science Fiction Fantasy,https://www.goodreads.com/book/show/61273436-the-ten-percent-thief
The Shadow Casket,Chris Wooding,4.2,832,"1,017",140,Fantasy;Epic Fantasy;Fiction;High Fantasy;Audiobook;Adult;Adventure;Magic;Science Fiction Fantasy;Dark Fantasy,https://www.goodreads.com/book/show/59781038-the-shadow-casket
Lone Women,Victor LaValle,3.73,285,"23,668","4,482",Horror;Historical Fiction;Fiction;Fantasy;Historical;Westerns;Mystery;Audiobook;Adult;Thriller,https://www.goodreads.com/book/show/60460704-lone-women
When a Moth Loved a Bee,Pepper Winters,3.87,830,"1,081",400,Fantasy;Romance;Fantasy Romance;Paranormal;Dark;Magic;Adult;High Fantasy;Mystery;Fiction,https://www.goodreads.com/book/show/60866133-when-a-moth-loved-a-bee
The Ferryman,Justin Cronin,3.94,538,"26,653","3,930",Science Fiction;Fiction;Dystopia;Fantasy;Thriller;Mystery;Audiobook;Horror;Adult;Science Fiction Fantasy,https://www.goodreads.com/book/show/61282437-the-ferryman
Threads That Bind,Kika Hatzopoulou,3.95,352,"7,515","1,913",Fantasy;Mythology;Young Adult;Mystery;Romance;Greek Mythology;Young Adult Fantasy;Fiction;Retellings;Urban Fantasy,https://www.goodreads.com/book/show/60590948-threads-that-bind
The Battle Drum,Saara El-Arifi,4.37,560,"1,933",529,Fantasy;Adult;LGBT;Lesbian;Fiction;Queer;Romance;High Fantasy;Audiobook;Science Fiction Fantasy,https://www.goodreads.com/book/show/62628927-the-battle-drum
"Song of Silver, Flame Like Night",Amélie Wen Zhao,3.83,512,"8,634","2,284",Fantasy;Young Adult;Mythology;Romance;Young Adult Fantasy;Dragons;Fiction;Magic;High Fantasy;Asian Literature,https://www.goodreads.com/book/show/58303740-song-of-silver-flame-like-night
A Queen of Thieves & Chaos,K.A. Tucker,4.24,606,"4,007",583,Fantasy;Romance;Fantasy Romance;Vampires;Audiobook;Magic;Fiction;New Adult;Adult;Adventure,https://www.goodreads.com/book/show/62004837-a-queen-of-thieves-chaos
Esrahaddon,Michael J. Sullivan,4.65,713,"2,366",264,Fantasy;Epic Fantasy;Audiobook;Fiction;Adult;High Fantasy;Science Fiction Fantasy;Magic;Adventure;Young Adult,https://www.goodreads.com/book/show/43453386-esrahaddon
Camp Damascus,Chuck Tingle,3.98,246,"9,671","2,213",Horror;LGBT;Queer;Fiction;Adult;Thriller;Fantasy;Audiobook;Contemporary;Religion,https://www.goodreads.com/book/show/61884782-camp-damascus
The Cage of Dark Hours,Marina J. Lostetter,4.06,464,362,85,Fantasy;Horror;Adult;Mystery;Fiction;Queer;Mystery Thriller;Epic Fantasy;LGBT;Thriller,https://www.goodreads.com/book/show/57693296-the-cage-of-dark-hours
To Gaze Upon Wicked Gods,Molly X. Chang,3.59,368,809,559,Fantasy;Young Adult;Romance;Young Adult Fantasy;Fiction;Science Fiction;Asian Literature;High Fantasy;Adult;Fantasy Romance,https://www.goodreads.com/book/show/186872482-to-gaze-upon-wicked-gods
Godly Heathens,H.E. Edgmon,3.91,400,"1,003",555,Fantasy;Young Adult;Queer;LGBT;Mythology;Fiction;Romance;Transgender;Young Adult Fantasy;Urban Fantasy,https://www.goodreads.com/book/show/58663472-godly-heathens
"Deep as the Sky, Red as the Sea",Rita Chang-Eppig,3.51,281,"3,461",722,Historical Fiction;Fantasy;Fiction;Historical;Pirates;Adult;China;Audiobook;Adult Fiction;Adventure,https://www.goodreads.com/book/show/62039263-deep-as-the-sky-red-as-the-sea
The Fairy Bargains of Prospect Hill,Rowenna Miller,3.65,28,"2,602",483,Fantasy;Historical Fiction;Fiction;Historical;Fae;Historical Fantasy;Adult;Magic;Fairies;Audiobook,https://www.goodreads.com/book/show/57884359-the-fairy-bargains-of-prospect-hill
A Sword from the Embers,Chloe C. Peñaranda,4.2,819,"2,294",294,Fantasy;Fae;Romance;Fantasy Romance;Young Adult;High Fantasy;Magic;New Adult;Fiction;Audiobook,https://www.goodreads.com/book/show/61292989-a-sword-from-the-embers
"Thousand Autumns: Qian Qiu, Vol. 1",Meng Xi Shi,4.17,396,"2,239",281,Fantasy;Romance;LGBT;Boys Love;Historical;Fiction;Historical Fiction;Light Novel;Queer;China,https://www.goodreads.com/book/show/62145800-thousand-autumns
The Gargoyle's Captive,Katee Robert,3.68,192,"9,813","1,108",Romance;Fantasy;Monsters;Paranormal;Paranormal Romance;Adult;Fantasy Romance;Fiction;Magic;Novella,https://www.goodreads.com/book/show/61124204-the-gargoyle-s-captive
A Duet with the Siren Duke,Elise Kova,3.66,554,"4,318",756,Fantasy;Romance;Fantasy Romance;Magic;Mermaids;Adult;New Adult;Paranormal;Fiction;Retellings,https://www.goodreads.com/book/show/62009833-a-duet-with-the-siren-duke
A Prayer for Vengeance,Leanne Schwartz,3.97,368,198,80,Fantasy;Young Adult;Young Adult Fantasy;Romance;Fiction;Autistic Spectrum Disorder;Mythology;LGBT;Fantasy Romance;Disability,https://www.goodreads.com/book/show/61245963-a-prayer-for-vengeance
Superbia,Colette Rhodes,4.13,265,"2,899",305,Fantasy;Romance;Monsters;Paranormal;Paranormal Romance;Fantasy Romance;Omegaverse;Adult;Demons;Magic,https://www.goodreads.com/book/show/61235497-superbia
The Thick and the Lean,Chana Porter,3.65,384,801,228,Fantasy;Science Fiction;Fiction;Horror;Dystopia;LGBT;Adult;Queer;Food;Speculative Fiction,https://www.goodreads.com/book/show/58935948-the-thick-and-the-lean
The Crown of Oaths and Curses,J.  Bree,4.33,663,"7,810","1,377",Fantasy;Fae;Fantasy Romance;Romance;Witches;Magic;Adult;Paranormal;High Fantasy;New Adult,https://www.goodreads.com/book/show/63119009-the-crown-of-oaths-and-curses
Hollow Road Home,A.J. Hackwith,0,N/A,0,0,Fantasy;Adult,https://www.goodreads.com/book/show/59554469-hollow-road-home
Throne of the Fallen,Kerri Maniscalco,4.14,628,"25,127","4,009",Fantasy;Romance;Fantasy Romance;Adult;Paranormal;Fiction;Fae;Magic;Vampires;Demons,https://www.goodreads.com/book/show/73071451-throne-of-the-fallen
The Landing,Mary Gentle,5,N/A,1,0,Science Fiction,https://www.goodreads.com/book/show/58892661-the-landing
A Fire Born of Exile,Aliette de Bodard,4.16,426,195,70,Science Fiction;LGBT;Queer;Romance;Lesbian;Adult;Space Opera;Fantasy;Fiction;Science Fiction Fantasy,https://www.goodreads.com/book/show/54811099-a-fire-born-of-exile
The Navigating Fox,Christopher  Rowe,3.76,160,599,156,Fantasy;Novella;Fiction;Adult;Animals;Science Fiction;Science Fiction Fantasy;Epic Fantasy;Short Stories;Adult Fiction,https://www.goodreads.com/book/show/56300665-the-navigating-fox
Violet Made of Thorns,Gina Chen,3.56,364,"17,888","3,766",Fantasy;Young Adult;Romance;Young Adult Fantasy;Magic;Fiction;Retellings;Witches;High Fantasy;Fantasy Romance,https://www.goodreads.com/book/show/55923578-violet-made-of-thorns
Kry Rising,Clive Barker,4.37,N/A,54,11,Fantasy;Young Adult;Horror;Fiction;Young Adult Fantasy,https://www.goodreads.com/book/show/6466086-kry-rising
The Jinn-Bot of Shantiport,Samit Basu,3.64,404,787,274,Science Fiction;Fantasy;Fiction;Dystopia;Adult;Science Fiction Fantasy;Asia;Speculative Fiction;Cyberpunk;Artificial Intelligence,https://www.goodreads.com/book/show/65211707-the-jinn-bot-of-shantiport
Grim and Bear It,Juliette Cross,4.2,368,"6,238",801,Romance;Fantasy;Paranormal;Paranormal Romance;Witches;Magic;Urban Fantasy;Fantasy Romance;Adult;Fiction,https://www.goodreads.com/book/show/61160671-grim-and-bear-it
Menewood,Nicola Griffith,4.52,720,599,163,Historical Fiction;Fiction;Fantasy;Historical;LGBT;Queer;Medieval;British Literature;Adult;War,https://www.goodreads.com/book/show/60784675-menewood
Cursed Crowns,Catherine Doyle,4.06,512,"5,699","1,063",Fantasy;Young Adult;Romance;Young Adult Fantasy;Magic;Fantasy Romance;Fiction;High Fantasy;Audiobook;Witches,https://www.goodreads.com/book/show/61980308-cursed-crowns
The Collected Enchantments,Theodora Goss,4.36,436,81,14,Fantasy;Short Stories;Retellings;Fiction;Poetry;Fairy Tales;Anthologies;Magic;Adult;Short Story Collection,https://www.goodreads.com/book/show/59830734-the-collected-enchantments
The Ruined,Renée Ahdieh,3.04,400,938,203,Fantasy;Romance;Young Adult;Vampires;Historical Fiction;Paranormal;Young Adult Fantasy;Fiction;Historical;Fae,https://www.goodreads.com/book/show/61105796-the-ruined
Stolen by the Wolf King,Jessica Grayson,4.13,N/A,8,1,N/A,https://www.goodreads.com/book/show/179499635-stolen-by-the-wolf-king
Traitor of Redwinter,Ed McDonald,4.3,448,359,93,Fantasy;Queer;Adult;Epic Fantasy;Fiction;LGBT;Lesbian;Mystery;Magic;Dark Fantasy,https://www.goodreads.com/book/show/65213676-traitor-of-redwinter
Black Sails to Sunward,Sheila Jenné,4.04,22,46,17,Science Fiction;Lesbian;Adult;LGBT;Pirates;Fantasy;Science Fiction Fantasy;Space Opera,https://www.goodreads.com/book/show/61159449-black-sails-to-sunward
The Principle of Moments,Esmie Jikiemi-Pearson,3.67,432,649,225,Fantasy;Science Fiction;LGBT;Queer;Adult;Fiction;Romance;Young Adult;Space Opera;Science Fiction Fantasy,https://www.goodreads.com/book/show/57388821-the-principle-of-moments
Captured by the Orc King,Jessica Grayson,3.25,N/A,4,0,N/A,https://www.goodreads.com/book/show/157763178-captured-by-the-orc-king
Wild Massive,Scotto Moore,3.53,496,425,131,Science Fiction;Fantasy;Fiction;Adult;Magic;Audiobook;Science Fiction Fantasy;Adventure;Magical Realism;LGBT,https://www.goodreads.com/book/show/60784303-wild-massive
Victory City,Salman Rushdie,3.81,336,"10,064","1,464",Fantasy;Fiction;Historical Fiction;Magical Realism;India;Mythology;Literary Fiction;Historical;Audiobook;Literature,https://www.goodreads.com/book/show/61111246-victory-city
The Midnight Kingdom,Tara Sim,4.03,592,485,168,Fantasy;Adult;Queer;Fiction;LGBT;Lesbian;Romance;Magic;High Fantasy;Mythology,https://www.goodreads.com/book/show/60055069-the-midnight-kingdom
Fate's Arrow,Michelle Diener,4.45,N/A,404,53,Fantasy;Romance;Magic;Fantasy Romance;Paranormal;Monsters;Adventure,https://www.goodreads.com/book/show/59775022-fate-s-arrow
Untitled,Ilona Andrews,4.04,N/A,28,14,Urban Fantasy;Fantasy;Paranormal;Magic;Adult;Paranormal Romance;Witches;Shapeshifters,https://www.goodreads.com/book/show/56790275-untitled
Waybound,Will Wight,4.65,518,"14,959",979,Fantasy;Fiction;Audiobook;Epic Fantasy;High Fantasy;Magic;Adventure;Dragons;Young Adult;Science Fiction,https://www.goodreads.com/book/show/173338910-waybound
Bite of Vengeance,R.L. Caulder,4.03,364,"3,677",334,Reverse Harem;Vampires;Fantasy;Paranormal;Romance;Paranormal Romance;Fantasy Romance;Urban Fantasy;Supernatural;Adult,https://www.goodreads.com/book/show/61381774-bite-of-vengeance
Monsters Above,R.L. Caulder,4.36,229,771,212,Reverse Harem;Paranormal Romance;Fantasy;Paranormal;Monsters;Romance;Magic;Demons;College;Angels,https://www.goodreads.com/book/show/123241334-monsters-above
Wicked Wears the Crown,Lydia Blake,5,N/A,3,1,N/A,https://www.goodreads.com/book/show/62977072-wicked-wears-the-crown
Backpacking through Bedlam,Seanan McGuire,4.28,N/A,1871,215,Urban Fantasy;Fantasy;Paranormal;Dragons;Fiction;Magic;Adventure;Adult;Horror;Audiobook,https://www.goodreads.com/book/show/61348123-backpacking-through-bedlam
Shards of Glass,Michelle Sagara,4.42,512,634,80,Fantasy;Magic;Mystery;Dragons;Fiction;Urban Fantasy;Adult Fiction;Epic Fantasy;Science Fiction Fantasy;Paranormal Mystery,https://www.goodreads.com/book/show/75339212-shards-of-glass
Untitled,Ilona Andrews,4.27,N/A,74,30,Urban Fantasy;Fantasy;Romance;Paranormal;Paranormal Romance;Magic;Vampires;Adult;Fiction;Paranormal Urban Fantasy,https://www.goodreads.com/book/show/40682308-untitled
A Dream So Wicked,Tessonja Odette,4.17,512,"1,555",251,Fantasy;Romance;Retellings;Fae;Fantasy Romance;New Adult;Fairy Tale Retellings;Fairy Tales;Fiction;Young Adult,https://www.goodreads.com/book/show/62004185-a-dream-so-wicked
Stardust in Their Veins,Laura Sebastian,4.12,576,"1,679",380,Fantasy;Young Adult;Romance;Young Adult Fantasy;Magic;Audiobook;Fantasy Romance;Fiction;High Fantasy;LGBT,https://www.goodreads.com/book/show/44098898-stardust-in-their-veins
