title,author,average_rating,num_pages,rating_count,text_reviews_rating_count,genres,url
Sanctuary for Seers,Kathleen Baldwin,4.3,326,124,38,Historical Fiction;Romance;Fantasy;Historical;Young Adult;Fiction;Mystery;Historical Romance,https://www.goodreads.com/book/show/62688391-sanctuary-for-seers
"Dark Woods, Deep Water",Jelena Dunato,3.9,321,156,101,Fantasy;Horror;Gothic;Mythology;Folklore;Adult;Dark Fantasy;Fiction;Queer;LGBT,https://www.goodreads.com/book/show/123237482-dark-woods-deep-water
The Haunting of Alejandra,V. Castro,3.66,272,"5,160","1,366",Horror;Fiction;Fantasy;Adult;Historical Fiction;Mythology;Retellings;Historical;Contemporary;LGBT,https://www.goodreads.com/book/show/61641079-the-haunting-of-alejandra
Broken Fate,Willow Winters,4.17,162,741,219,Paranormal;Romance;Fantasy;Shapeshifters;Paranormal Romance;Werewolves;Abuse;Action;Fantasy Romance;Suspense,https://www.goodreads.com/book/show/62928479-broken-fate
Claimed by Fate,Shannon Mayer,4.38,238,"4,343",255,Fantasy;Vampires;Romance;Paranormal;Magic;Shapeshifters;Paranormal Romance;Urban Fantasy;Fantasy Romance;Supernatural,https://www.goodreads.com/book/show/63133607-claimed-by-fate
Grandmaster of Demonic Cultivation: Mo Dao Zu Shi (Novel) Vol. 5,Mò Xiāng Tóng Xiù,4.6,444,"6,373",709,Fantasy;Romance;LGBT;Boys Love;Historical;Queer;Fiction;Mystery;Historical Fiction;Adult,https://www.goodreads.com/book/show/58736096-grandmaster-of-demonic-cultivation
Die Insel der tausend Leuchttürme,Walter Moers,4.1,656,766,116,Fantasy;German Literature;Fiction;Audiobook;Humor;Novels,https://www.goodreads.com/book/show/26191789-die-insel-der-tausend-leuchtt-rme
"Guardian: Zhen Hun, Vol. 1",Priest,4.31,412,"1,378",236,Fantasy;Romance;LGBT;Boys Love;Queer;Contemporary;Fiction;Light Novel;Adult;Urban Fantasy,https://www.goodreads.com/book/show/62145801-guardian
The Fevered Winter,Jennifer L. Armentrout,4.46,N/A,74,58,Fantasy;Paranormal;Young Adult;Romance;Paranormal Romance;Science Fiction;Aliens;Fantasy Romance;Fiction,https://www.goodreads.com/book/show/59638029-the-fevered-winter
Hunted by Fate,Shannon Mayer,4.28,270,"6,751",360,Fantasy;Vampires;Romance;Paranormal;Magic;Urban Fantasy;Shapeshifters;Fantasy Romance;Werewolves;Paranormal Romance,https://www.goodreads.com/book/show/63133608-hunted-by-fate
Cataclysm,Lydia Kang,4.21,394,"2,607",300,Star Wars;Science Fiction;Fiction;Audiobook;Fantasy;Space Opera;Adult;Novels;Action;Science Fiction Fantasy,https://www.goodreads.com/book/show/61213099-cataclysm
Path of Vengeance,Cavan Scott,4.2,517,"1,909",215,Star Wars;Science Fiction;Young Adult;Fiction;Fantasy;Audiobook;Space Opera;Science Fiction Fantasy;Canon;Queer,https://www.goodreads.com/book/show/61176500-path-of-vengeance
Dragonfired,J. Zachary Pike,4.52,N/A,660,68,Fantasy;Fiction;Science Fiction Fantasy;Magic;Humor;Epic Fantasy,https://www.goodreads.com/book/show/42921438-dragonfired
The Moth Keeper,Kay O'Neill,4.08,272,"6,527","1,237",Graphic Novels;Fantasy;Middle Grade;Comics;LGBT;Fiction;Young Adult;Queer;Graphic Novels Comics;Childrens,https://www.goodreads.com/book/show/61356479-the-moth-keeper
Preset,Sarina Dahlan,3.95,N/A,55,16,Science Fiction;Fantasy;Science Fiction Fantasy,https://www.goodreads.com/book/show/61890701-preset
Flux,Jinwoo Chong,3.4,352,"4,296",848,Science Fiction;Fiction;Time Travel;LGBT;Queer;Adult;Thriller;Mystery;Speculative Fiction;Audiobook,https://www.goodreads.com/book/show/60656032-flux
Breath of Oblivion,Maurice Broaddus,0,400,0,0,N/A,https://www.goodreads.com/book/show/61884898-breath-of-oblivion
Truthseeker,Talli L. Morgan,4.46,N/A,13,8,Fantasy;Adult,https://www.goodreads.com/book/show/75398198-truthseeker
The Gilded Crown,Marianne  Gordon,3.67,400,356,180,Fantasy;Adult;Lesbian;LGBT;Queer;Romance;Fiction;Fantasy Romance;Magic;Adult Fiction,https://www.goodreads.com/book/show/61062766-the-gilded-crown
Halcyon,Elliot Ackerman,3.62,240,447,83,Fiction;Science Fiction;Historical Fiction;Literary Fiction;Literature;Speculative Fiction;Alternate History;Politics;Philosophy,https://www.goodreads.com/book/show/61442464-halcyon
The Moon Represents My Heart,Pim Wangtechawat,3.56,384,558,127,Fantasy;Historical Fiction;Fiction;Time Travel;Science Fiction;Historical;Contemporary;Asian Literature;Adult;Asia,https://www.goodreads.com/book/show/59567746-the-moon-represents-my-heart
Flower and Thorn,Rati Mehrotra,3.9,352,222,125,Fantasy;Young Adult;Young Adult Fantasy;Romance;Fiction;Science Fiction;Historical Fantasy;Historical Fiction;Magic;Historical,https://www.goodreads.com/book/show/65213786-flower-and-thorn
These Burning Stars,Bethany Jacobs,4.24,448,"1,249",391,Science Fiction;Fantasy;LGBT;Space Opera;Fiction;Queer;Adult;Space;Lesbian;Science Fiction Fantasy,https://www.goodreads.com/book/show/61329912-these-burning-stars
A Kiss From a Kraken,Charlotte Swan,3.61,N/A,686,84,Fantasy;Monsters;Paranormal;Romance;Paranormal Romance;Adult;Magic;High Fantasy;Erotica;Fiction,https://www.goodreads.com/book/show/67562788-a-kiss-from-a-kraken
All the Hidden Paths,Foz Meadows,4.22,528,"1,374",303,Fantasy;Romance;Queer;LGBT;Adult;Fiction;M M Romance;High Fantasy;Mystery;Audiobook,https://www.goodreads.com/book/show/65213171-all-the-hidden-paths
The Doomed Prince,"Leigh Kelsey, Lysandra Glass",4.2,236,114,20,Romance,https://www.goodreads.com/book/show/61367950-the-doomed-prince
Dancers of the Dawn,Zulekhá Afzal,4.79,320,14,2,Fantasy;High Fantasy,https://www.goodreads.com/book/show/63332004-dancers-of-the-dawn
A Theory of Haunting,Sarah Monette,4.11,146,251,47,Horror;Fantasy;Gothic;Mystery;Novella;Ghosts;Paranormal;Fiction;Historical Fiction;Mystery Thriller,https://www.goodreads.com/book/show/183778017-a-theory-of-haunting
A Witch's Guide to Fake Dating a Demon,Sarah  Hawley,3.67,367,"25,288","4,261",Romance;Fantasy;Witches;Paranormal;Magic;Fiction;Adult;Contemporary;Paranormal Romance;Fantasy Romance,https://www.goodreads.com/book/show/59441717-a-witch-s-guide-to-fake-dating-a-demon
Bloom,Delilah S. Dawson,3.93,240,"1,743",531,Horror;Romance;Lesbian;LGBT;Adult;Gothic;Queer;Novella;Fiction;Contemporary,https://www.goodreads.com/book/show/78627220-bloom
Bored Gay Werewolf,Tony  Santorella,3.59,272,"1,455",427,Fantasy;Horror;LGBT;Queer;Fiction;Werewolves;Adult;Contemporary;Gay;Supernatural,https://www.goodreads.com/book/show/75374437-bored-gay-werewolf
Enhanced,Candace Kade,4.4,350,245,120,Science Fiction;Young Adult;Dystopia;Fantasy;Christian Fiction;Christian;Fiction;Young Adult Science Fiction,https://www.goodreads.com/book/show/62703144-enhanced
Inanna,Emily H. Wilson,4.06,474,649,130,Fantasy;Mythology;Historical Fiction;Fiction;Retellings;Historical;Adult;Historical Fantasy;Gods;Feminism,https://www.goodreads.com/book/show/62844125-inanna
Dragon Rider,Taran Matharu,3.89,400,180,122,Fantasy;Dragons;Adult;High Fantasy;Epic Fantasy;Fiction;Magic;Science Fiction Fantasy;Adult Fiction,https://www.goodreads.com/book/show/60775700-dragon-rider
Womb City,Tlotlo Tsamaase,3.25,416,853,427,Science Fiction;Horror;Dystopia;Fiction;Fantasy;Adult;Mystery;Audiobook;Thriller;Africa,https://www.goodreads.com/book/show/61725531-womb-city
The Way of Edan,Philip   Chase,3.97,539,602,181,Fantasy;Epic Fantasy;Fiction;High Fantasy;Adult;Science Fiction;Science Fiction Fantasy;Young Adult Fantasy,https://www.goodreads.com/book/show/123153535-the-way-of-edan
Sun of Blood and Ruin,Mariely Lares,3.17,384,945,358,Fantasy;Historical Fiction;Mythology;Fiction;Historical;Adult;Retellings;Historical Fantasy;Romance;Science Fiction Fantasy,https://www.goodreads.com/book/show/70240500-sun-of-blood-and-ruin
Auctioned to the Tusk Warrior,Michele Mills,4.23,83,"1,257",118,Romance;Novella;Aliens;Science Fiction;Fantasy;Paranormal Romance;M F Romance;Paranormal;Science Fiction Romance,https://www.goodreads.com/book/show/63233946-auctioned-to-the-tusk-warrior
The Iron Princess,Barbara Hambly,3.97,360,282,46,Fantasy;Fiction;Magic;Epic Fantasy;Adventure;Romance;Science Fiction Fantasy,https://www.goodreads.com/book/show/62690930-the-iron-princess
Hoarded by the Dragon,Lillian Lark,4.14,379,"5,889",611,Romance;Fantasy;Dragons;Paranormal;Monsters;Paranormal Romance;Shapeshifters;Magic;Fantasy Romance;Witches,https://www.goodreads.com/book/show/75424169-hoarded-by-the-dragon
The Elf Knight,Jessica Grayson,4,N/A,3,0,N/A,https://www.goodreads.com/book/show/157763175-the-elf-knight
Protected,Jessica Grayson,5,N/A,1,0,N/A,https://www.goodreads.com/book/show/61757494-protected
Bang Bang Bodhisattva,Aubrey  Wood,3.89,400,172,62,Science Fiction;Cyberpunk;Fiction;LGBT;Mystery;Thriller;Queer;Crime;Adult;Detective,https://www.goodreads.com/book/show/62919505-bang-bang-bodhisattva
The Coven,Harper L. Woods,3.89,298,"29,717","4,020",Fantasy;Romance;Witches;Paranormal;Fantasy Romance;Vampires;Magic;Dark;Paranormal Romance;Demons,https://www.goodreads.com/book/show/75396525-the-coven
The Tainted Cup,Robert Jackson Bennett,4.38,413,"5,122","1,867",Fantasy;Mystery;Fiction;Mystery Thriller;Adult;Thriller;Science Fiction;Science Fiction Fantasy;Urban Fantasy;Queer,https://www.goodreads.com/book/show/150247395-the-tainted-cup
What Became of Magic,Paige Crutcher,3.08,320,585,290,Fantasy;Witches;Romance;Fiction;Magic;Paranormal;Audiobook;Adult;Magical Realism;Paranormal Romance,https://www.goodreads.com/book/show/65214250-what-became-of-magic
Queen of Lust,Emilia Rose,4.33,154,36,11,Paranormal Romance,https://www.goodreads.com/book/show/64658223-queen-of-lust
The Mother,B.L. Blanchard,3.88,294,304,28,Fiction;Science Fiction;Alternate History;Speculative Fiction,https://www.goodreads.com/book/show/61032878-the-mother
Winter Harvest,Ioanna  Papadopoulou,4.06,290,144,96,Mythology;Fantasy;Retellings;Greek Mythology;Historical Fiction;Adult;Fiction;Historical;Mental Health;Science Fiction Fantasy,https://www.goodreads.com/book/show/65654314-winter-harvest
Nocturne,Alyssa Wees,3.25,240,"1,486",592,Fantasy;Historical Fiction;Fiction;Retellings;Romance;Historical;Young Adult;Adult;Historical Fantasy;Fairy Tales,https://www.goodreads.com/book/show/56335806-nocturne
Saving Grace,Colette Rhodes,4.28,350,"1,608",100,Reverse Harem;Fantasy;Paranormal;Romance;Paranormal Romance;Demons;Fantasy Romance;Magic;Urban Fantasy;Mythology,https://www.goodreads.com/book/show/74951690-saving-grace
Multiverses: An Anthology of Alternate Realities,"Preston Grassmann(Editor), Alix E. Harrow, Ken Liu",4.05,320,102,20,Short Stories;Science Fiction;Fantasy;Fiction;Anthologies;Alternate History,https://www.goodreads.com/book/show/61041893-multiverses
Hearts of Dark and Light,Quinn Blackbird,4.14,195,51,5,Fae;Reverse Harem;Romance;Fantasy,https://www.goodreads.com/book/show/76626017-hearts-of-dark-and-light
The Grief Nurse,Angie Spoto,3.43,284,249,80,Fantasy;Gothic;Horror;Historical Fiction;Adult;Historical;LGBT;Queer;Fiction;Lesbian,https://www.goodreads.com/book/show/61772809-the-grief-nurse
Rise of the Red Hand,Olivia Chadha,3.59,N/A,300,114,Science Fiction;Young Adult;Dystopia;Fantasy;Cyberpunk;Romance;Speculative Fiction;Science Fiction Fantasy;Asia;Young Adult Science Fiction,https://www.goodreads.com/book/show/52239058-rise-of-the-red-hand
The Navigator's Children,Tad Williams,4.15,1300,46,2,Fantasy;Epic Fantasy;High Fantasy;Fiction;Adult;Science Fiction Fantasy;Speculative Fiction,https://www.goodreads.com/book/show/21845220-the-navigator-s-children
When Death Is Coming,Jen Woodrum,4.6,302,187,117,Science Fiction;Young Adult;Fiction;Dystopia,https://www.goodreads.com/book/show/81071346-when-death-is-coming
Across the Stars,Jade Waltz,3.72,322,75,13,Romance;Aliens;Science Fiction Romance;Science Fiction;Dragons,https://www.goodreads.com/book/show/74952046-across-the-stars
A Dark and Subtle Light,Mark Hodder,0,400,0,0,Fantasy,https://www.goodreads.com/book/show/62919521-a-dark-and-subtle-light
The Price of Rebellion,Michael C. Bland,4.61,386,23,14,Dystopia;Science Fiction;Apocalyptic,https://www.goodreads.com/book/show/63333559-the-price-of-rebellion
The Immortal Detective,D.B. Woodling,3.53,336,110,80,Paranormal;Fantasy;Fiction;Mystery;Audiobook;Romance;Supernatural;Urban Fantasy;Vampires,https://www.goodreads.com/book/show/61311953-the-immortal-detective
Blood Red Steel,Damien Larkin,4.64,270,11,9,N/A,https://www.goodreads.com/book/show/123260488-blood-red-steel
Forge of the High Mage,Ian C. Esslemont,4.33,500,896,48,Fantasy;Epic Fantasy;Fiction;High Fantasy;Epic;Dark Fantasy;Science Fiction Fantasy,https://www.goodreads.com/book/show/49247224-forge-of-the-high-mage
Eclipse of the Crown,A.K. Caggiano,4.47,464,"1,979",299,Fantasy;Romance;Fantasy Romance;Magic;Fiction;Demons;Paranormal;High Fantasy;Humor;Fae,https://www.goodreads.com/book/show/84944828-eclipse-of-the-crown
The Awakening,Maya Collins,4.86,229,7,4,N/A,https://www.goodreads.com/book/show/166388857-the-awakening
A Tall Dark Trouble,Vanessa Montalban,4.15,384,249,87,Fantasy;Young Adult;Romance;Witches;Paranormal;Fiction;Young Adult Fantasy;Mystery;Contemporary;Magic,https://www.goodreads.com/book/show/61069650-a-tall-dark-trouble
Dreams: A Fantasy Romance in the World of Elementals,Misha Quinn,5,217,4,1,Fantasy,https://www.goodreads.com/book/show/63226650-dreams
Escape to Cadrius: Life and Philosophy in a Distant Future,Larry Haley,3.5,96,2,2,N/A,https://www.goodreads.com/book/show/199137509-escape-to-cadrius
The Hunting Moon,Susan Dennard,3.97,272,"3,703",783,Fantasy;Young Adult;Paranormal;Young Adult Fantasy;Fiction;Romance;Audiobook;Urban Fantasy;Contemporary;Magic,https://www.goodreads.com/book/show/58163757-the-hunting-moon
Between Devils and Dragons: Hellish Lies,IVLG,4.06,596,115,93,Fantasy;Paranormal;Adult;Paranormal Romance;Dark;Romance;Demons,https://www.goodreads.com/book/show/198028613-between-devils-and-dragons
Paper Forests,Tegan Anderson,4.03,328,39,33,Fantasy;Young Adult;LGBT;Dark;Contemporary,https://www.goodreads.com/book/show/79155314-paper-forests
Light Bearer,Skyler Walker,4,347,11,4,Fantasy,https://www.goodreads.com/book/show/180503500-light-bearer
Linghun,Ai Jiang,4.04,178,"1,297",389,Horror;Gothic;Fiction;Novella;Fantasy;Ghosts;Adult;Paranormal;Short Stories;Supernatural,https://www.goodreads.com/book/show/123764393-linghun
Hammer & Powder,Megan Derr,4.25,255,214,18,Fantasy;M M Romance;Romance;Military Fiction;Historical;M M Fantasy;Politics;Polyamory;War;Family,https://www.goodreads.com/book/show/200962066-hammer-powder
The Lost Cause,Cory Doctorow,3.72,368,807,189,Science Fiction;Fiction;Dystopia;Climate Change;Young Adult;Adult;Near Future;Climate Change Fiction;Science Fiction Fantasy;Politics,https://www.goodreads.com/book/show/65213928-the-lost-cause
Fragile,Alexa Weik von Mossner,4.43,330,47,22,Fiction;Science Fiction;Dystopia;Climate Change;Animals;Thriller;Fantasy;Romance;Speculative Fiction;Climate Change Fiction,https://www.goodreads.com/book/show/63897959-fragile
The Rascor Plains,Phil Tucker,4.65,554,"2,328",151,Fantasy;Fiction;Epic Fantasy;High Fantasy;Science Fiction Fantasy,https://www.goodreads.com/book/show/123859623-the-rascor-plains
Storm Chaser,Lindsey Duga,4.28,465,43,27,Young Adult;Fantasy;Aliens,https://www.goodreads.com/book/show/60801106-storm-chaser
House of Marionne,J. Elle,3.63,400,"3,450",923,Fantasy;Young Adult;Romance;Fiction;Young Adult Fantasy;Magic;Fantasy Romance;Novels;Action;Adventure,https://www.goodreads.com/book/show/61745561-house-of-marionne
My Tweedle Boys,Maddison Cole,4.3,301,67,27,Fantasy;Retellings,https://www.goodreads.com/book/show/63130214-my-tweedle-boys
Peaches & Honey: These Immortal Truths,R. Raeta,4.4,320,"1,705",412,Fantasy;Romance;Fantasy Romance;Historical Fiction;Historical;Paranormal;Adult;Historical Romance;Gods;Paranormal Romance,https://www.goodreads.com/book/show/62691790-peaches-honey
A Corruption of Souls,Taylor   Hubbard,3.72,380,43,19,Fantasy;LGBT;Romance;Queer;High Fantasy;Adult;Magic;Adventure;Fiction;M M Romance,https://www.goodreads.com/book/show/161024418-a-corruption-of-souls
The General,Israh Azizi,4.55,N/A,49,38,Young Adult;Fantasy,https://www.goodreads.com/book/show/198566969-the-general
Valdemar,Mercedes Lackey,4.49,484,"1,492",185,Fantasy;Magic;Fiction;Adult;Adventure;Paranormal;High Fantasy;Horses;LGBT;Gods,https://www.goodreads.com/book/show/123248556-valdemar
Whalefall,Daniel Kraus,3.77,336,"14,777","3,057",Horror;Fiction;Thriller;Science Fiction;Audiobook;Adventure;Adult;Survival;Mystery Thriller;Suspense,https://www.goodreads.com/book/show/62918348-whalefall
All the Hidden Paths,Foz Meadows,4.22,508,"1,374",303,Fantasy;Romance;Queer;LGBT;Adult;Fiction;M M Romance;High Fantasy;Mystery;Audiobook,https://www.goodreads.com/book/show/75495634-all-the-hidden-paths
Dome 6,Gail Carriger,4.52,336,460,70,Science Fiction;Romance;Fantasy;Young Adult;Fiction;Aliens;Gay;LGBT;M M Romance;Music,https://www.goodreads.com/book/show/195030387-dome-6
Dungeons & Dragons: Honor Among Thieves: The Road to Neverwinter,Jaleigh Johnson,4.03,288,"1,555",278,Fantasy;Fiction;Dungeons and Dragons;Forgotten Realms;Magic;High Fantasy;Adventure;Epic Fantasy;Dragons;Audiobook,https://www.goodreads.com/book/show/61148480-dungeons-dragons
Hearts Forged in Dragon Fire,Erica Hollis,3.82,250,130,74,Fantasy;Dragons;Lesbian;Young Adult;LGBT;Romance;Young Adult Fantasy;Queer;High Fantasy;Alternate Universe,https://www.goodreads.com/book/show/123023506-hearts-forged-in-dragon-fire
Forged by Blood,Ehigbor Okosun,3.49,400,"1,377",519,Fantasy;Mythology;Young Adult;Fiction;Romance;Adult;High Fantasy;Young Adult Fantasy;Magic;Science Fiction Fantasy,https://www.goodreads.com/book/show/63313283-forged-by-blood
Paladin's Faith,T. Kingfisher,4.39,446,"3,382",470,Fantasy;Romance;Fiction;Fantasy Romance;Adult;Adventure;Science Fiction Fantasy;Magic;High Fantasy;Cozy Mystery,https://www.goodreads.com/book/show/201967303-paladin-s-faith
Untitled,Caroline Peckham,4.37,N/A,54,14,Fantasy;Reverse Harem;Romance;Paranormal;Urban Fantasy;New Adult;Fantasy Romance;Fae;Shapeshifters,https://www.goodreads.com/book/show/58757929-untitled
A Contract in Sol Forne,"Élan Marché, Christopher Warman",4.37,443,35,19,Fantasy,https://www.goodreads.com/book/show/75616010-a-contract-in-sol-forne
Vengeance of the Pirate Queen,Tricia Levenseller,4.04,336,"4,896",965,Fantasy;Young Adult;Pirates;Romance;Young Adult Fantasy;Adventure;Fiction;Fantasy Romance;Audiobook;High Fantasy,https://www.goodreads.com/book/show/59656615-vengeance-of-the-pirate-queen
"Magic Corrupts, Magic Conquers",A.J. Locke,4.26,356,53,29,Fantasy,https://www.goodreads.com/book/show/60468648-magic-corrupts-magic-conquers
Only Good Enemies,Jennifer Estep,4.17,414,"2,470",193,Romance;Science Fiction;Fantasy;Space Opera;Magic;Science Fiction Romance;Space;Science Fiction Fantasy;Adult;Futuristic,https://www.goodreads.com/book/show/67684044-only-good-enemies
The Terraformers,Annalee Newitz,3.39,338,"4,652","1,015",Science Fiction;Fiction;Fantasy;Speculative Fiction;LGBT;Audiobook;Queer;Adult;Science Fiction Fantasy;Space Opera,https://www.goodreads.com/book/show/60784471-the-terraformers
Restless Stars,Caroline Peckham,4.42,1153,"3,595",863,Fantasy;Fantasy Romance;Romance;Paranormal;Fae;Urban Fantasy;New Adult;Paranormal Romance;Dragons;Magic,https://www.goodreads.com/book/show/198954263-restless-stars
The Forbidden Wolf King,Leia Stone,4.19,352,"5,065",332,Fantasy;Romance;Fantasy Romance;Werewolves;Paranormal;Paranormal Romance;Shapeshifters;Magic;Dragons;Fae,https://www.goodreads.com/book/show/62196151-the-forbidden-wolf-king
A Crown of Ivy and Glass,Claire Legrand,3.13,560,"3,624","1,063",Fantasy;Romance;Adult;Fantasy Romance;Audiobook;Magic;High Fantasy;Young Adult;Fiction;Adult Fiction,https://www.goodreads.com/book/show/61492435-a-crown-of-ivy-and-glass
