Row,Tags,Tag_Count
0,favorites；top-romantasy-recs,2
5,adult-and-new-adult；angels-gods-demigods；enemies-to-lovers,3
6,a-2023-favorites,1
7,buddy-reads-with-nebula-allies,1
9,buddy-read；comfort-reads；fantasy-romantasy,3
10,2-5-stars-food-s-lacking-flavour；baddest-bitch-of-all；books-read-in-2023,3
11,i-fell-in-love；kindle-unlimited,2
12,4-5-stars；amazing-romance；fantasy,3
13,4-stars；cherished,2
14,enemies-to-lovers；fantasy；romantasy,3
18,abduction-captive；arranged-marriage；dystopia,3
19,4-5-stars；fantasy；fat-tears-rolling-off-my-cheeks,3
21,book-boyfriends；book-girlfriends,2
22,adult；demons；fantasy,3
23,fantasy；favorites,2
25,style-series-serial,1
26,2023-reading；arcs；fantasy-romance,3
30,read-in-2023,1
31,arc-received；releases-in-2023,2
32,2024；book-boyfriends；favorites,3
34,favorite-couple；favorites；favs,3
36,april,1
38,1st-person-pov；death；dual-pov,3
39,10s-the-books；2023-favourites；badass-women,3
41,2023-releases；adult-na；fantasy,3
45,5-stars,1
47,fiction-fantasy-sci-fi,1
48,fantasy,1
53,2023-and-me,1
55,buddy-read；fantasy；vampires,3
56,absolutely-unhinged；bad-ass；can-i-marry-u,3
57,adult；fantasy；owned-p,3
59,2023-reads-and-rereads,1
60,enemies-to-lovers-3；marriage-of-convenience；my-wifeeeeeee,3
64,arranged_marriage_of_convenience；fantasyland,2
65,adult；fantasy；romance,3
67,fantasy-faves,1
69,adult；age-gap；book-club,3
70,faves,1
71,anticipated；awesome-friendships；curious-fictional-creatures,3
72,_pnr-fantasy-sci-fi；dnf-or-lost-interest,2
74,fantasy,1
80,4-stars；adult-fantasy；owned-read,3
83,adventure；badass-leading-ladies；bloody-times,3
84,fantasy；three-stars,2
86,2023；dnf,2
87,fantasy,1
92,digital；enemies-to-lovers；fantasy,3
96,favorites,1
100,enemies-to-lovers；fantasy；vampires,3
101,my-lovess,1
102,2023-releases；favs,2
103,read-2023,1
104,enemies-to-lovers；fantasy,2
105,faves,1
106,chefs-kiss-banter；dark-romance；enemies-to-lovers,3
110,read-2023,1
112,2023-reads；kindle-books,2
115,high-fantasy,1
116,audio-aiden-snow；fantasy,2
119,fm-romance；kindle-unlimited,2
121,fantasy-romance；favorites；kindle-unlimited,3
130,2023-anticipated-release；enemies-to-lovers；fantasys-aka-my-ultimate-fave-genre,3
133,fantasy-romance,1
134,2023-reads；2023-releases；owned,3
135,romanticy,1
141,amortentia；certified-book-boyfriends；i-will-go-down-with-this-ship,3
146,2024,1
147,fantasy-books；new-adult-reads；romances-i-adore,3
149,fantasy；read-in-2023；romance,3
152,age-gap；anithero；books-i-skimmed,3
153,fantasy；favourites,2
160,fantasy；romance,2
161,2023-reads；adult；fantasy,3
162,2024,1
165,upcoming-2023,1
166,5-star-reads；enemies-to-lovers；fantasy,3
169,2023-reads；other-arcs-2023,2
174,favorites；romantasy,2
176,a-to-buy；ebooks；enemies-to-lovers,3
179,enemies-rivals；fantasy-romance,2
182,kindle,1
183,arcs-from-publishers；fantasy,2
185,altered-my-brain-chemistry；comfort-reads；living-the-fantasy,3
189,dead-ex-trope-deserves-jail-time；vamp,2
190,favorites；paranormal-romance,2
191,knife-to-the-throat,1
203,favorites,1
204,favorites,1
211,2023-reads,1
212,2023-tbr；adult-fantasy；favorites,3
213,fantasy,1
214,2023-releases,1
217,2023；arc；fantasy,3
218,5-stars；kindle-unlimited；smutty-fantasy-romance,3
219,fantasy-romantic；indie-authors,2
225,favorites,1
233,read-2023,1
234,favorites,1
236,2023；fantasy,2
238,2023；best-books-of-2023,2
239,2023；adult-romance；fantasy,3
240,favorites,1
243,ebook；fantasy；fantasy-romance,3
244,adult-fantasy；read-2023,2
250,badass-heroine；dual-pov；enemies-to-lovers,3
252,fantasy-i-love,1
256,action；adult；adventure,3
257,2-stars；g-fantasy；g-romance,3
259,5-star；kindle-unlimited,2
261,favourites；kindle；physically-own,3
262,dnf,1
263,favorites；physical,2
267,arcs,1
269,2023-reads,1
270,angels-demons-gods；book-reviews；dark,3
277,2023；2023-favs,2
281,best-book-boyfriends；enemiestolovers；fantasy-recs,3
286,4-stars；english-read；pub-2023,3
287,2023,1
288,fantasy-romance；vampire,2
289,2023-releases；fantasy；kindle-unlimited,3
290,2023；all-time-faves；fantasy,3
291,arc-reads；dark-fantasy；enemies-to-lovers,3
292,2023；books-that-made-me-cry；fantasy-adult,3
294,alternating-pov；blur-rating；bring-on-the-angst,3
295,high-fantasy；highly-anticipated-2023,2
