Row,Tags,Tag_Count
2,arc-widget；netgalley-arc,2
3,netgalley-arc；on-my-kindle,2
4,4-5-stars；cool-cover；netgalley-all,3
5,mys-sus-mag-2023；netgalley-2023；read-2023,3
7,dystopian；favorite-author；he-wrote-it,3
9,arc-provided-by-publisher；speculative,2
10,fantasy-all；read-have；science-fiction-all,3
11,2022；apocalyptic-and-post-apocalyptic；arcs-analog-netgalley-edelweiss-etc,3
12,netgalley,1
13,audio；netgalley；overdrive,3
14,2023；arc；fantasy,3
15,2023-releases；adult-fiction-to-read；arcs-to-read,3
16,apocalyptic；environmental-fiction,2
17,2023；mystery；sci-fi,3
18,netgalley,1
25,netgalley-2023,1
26,anti-hero；broken-hero；depressing,3
27,netgalley,1
28,audiobooks；from-publisher；netgalley,3
29,jbc-25-most-anticipated-of-2023,1
30,science-fiction,1
34,first-reads；kindle,2
35,caffeinated-fantasy；dystopian；scifi,3
36,netgalley,1
37,arc-galley；first-editions；ha-2023-mount-tbr-challenge,3
40,2023-netgalley；2023-reads；scifi-fantasy,3
41,favorites；science-fiction-fantasy；top-books-of-2022,3
42,2023_release_read；genre-sf；read_2022,3
45,arcs-and-goodreads-first-reads；shelf-read-23,2
47,arcs-and-galleys；dystopia；review-copy,3
49,audiobooks；fantasy；fiction,3
53,science-fiction,1
54,mystery；speculative,2
55,2023；fantasy；netgalley,3
56,2023-read,1
57,review-copies,1
58,read-reviewed-2024,1
59,arc-netgalley；collection-kindle；fantasy-dystopian,3
61,0-browsing；1-arc-advanced-reader-copies；2-first-books,3
62,audiobook；fantasy-scifi-spec；net-galley,3
64,2023；2023-netgalley-challenge；audio-book,3
68,love,1
72,adult；dystopian-post-apocalyptic；literary-fiction,3
73,3-stars；long-read；netgalley,3
74,2023,1
75,goodreadschoice2023,1
77,dystopia-utopia；fantasy；fiction,3
78,dystopia；post-apocalypse,2
83,best-of-2023；distopian；science-fiction,3
87,2023；contemporary；end-of-the-world,3
89,netgalley-arcs；science-fiction；southern-authors,3
91,5-star-reads,1
93,sci-fi,1
94,dystopia；ebook,2
96,buddy-reads-2023；free-netgalley-arcs；genre-science-fic,3
97,fantasy；netgalley；sf,3
100,apocalyptic；dystopian；science-fiction,3
101,2023；it-s-the-end-of-the-world-as-we-kno；sci-fi-fantasy,3
102,2023-new；arc；sci-fi,3
103,2023-books；arc,2
107,2022-mount-tbr-challenge；fantasy；scifi,3
109,2023-booklist；arcs；netgalley,3
111,quotes-pulled；reviewed；sci-fi,3
113,apocalyptic-fiction；fiction；fricken-awesome,3
114,books-i-own；dark；disturbing,3
116,dystopia；mystery；popsugar-2024,3
118,arc；science-fiction,2
121,sci-fi,1
125,arc-netgalley；books-bought-acquired-in-2022；books-read-in-2022,3
128,arc；best-of-2023；netgalley,3
129,2024-must-reads；adult；mystery,3
131,2023；audio-books,2
134,2023,1
135,adult-fiction-non-fiction；contemporary；favorites,3
138,advanced-reading-copy；e-book；sci-fi,3
140,2023-5-star-books；feb-2023,2
141,2023-10favoriteslist；4-and-a-half-stars；dystopia,3
142,notes；off_world；reality_bending,3
144,2023；3-stars；contemporary-fiction,3
147,arcs,1
149,audiobook；fantasy-paranormal；sci-fi,3
150,borrowed-from-library；read-with-audiobook；science-fiction-reviews,3
153,arc；dystopian,2
154,science-fiction,1
155,2023；all-time-favorites；audiobooks,3
157,net-galley；science-fiction,2
158,2023；action；audiobook,3
161,americans；fiction,2
169,death-dying；dystopia；read-2023,3
172,2024；dnf；meh,3
174,2023；audiobook；science-fiction,3
178,arcs-read；favorites；irecommend,3
181,confusing；netgalley；scifi,3
182,advanced-reader-copy,1
184,2023；2023-ng-group-challenge；2023netgalleychallenge,3
185,2022-reading-list,1
189,netgalley,1
195,audio,1
196,mystery；sci-fi；thriller,3
197,kindle；will-read-soon,2
200,apocalyptic-or-dystopian；favorites；grief-and-loss,3
201,netgalley；signed-editions,2
203,science-fiction；social-commentary；space-travel,3
204,arc；dystopian；from-old-tbr-2023,3
206,2024-popsugar-challenge；2024-reads；owned-physical-books,3
207,sci-fi；sffvektor2023,2
208,175-in-2023,1
209,science-fiction,1
212,arc-s-netgalley-and-edelweiss,1
214,over500club2023；owned；read-the-bookshelf-2023,3
215,did-not-see-that-coming；futuristic；got-an-arc,3
220,1st-person-pov；changing-pov；post-apocalyptic,3
224,sci-fi-fantasy,1
232,science-fiction,1
236,exceptional-reads；first-reads,2
239,science-fiction,1
240,arcs；favorites；favorites-of-2022,3
241,2023,1
244,2023-netgalley-all-reads-challenge；2023-netgalley-reads；2023-reads,3
245,favorites,1
247,fiction；scifi,2
248,coyer-upside-down-2023；coyer-upside-down-chapter-1,2
255,dystopian；netgalley；science-fiction,3
257,fantasy；goodreads；mystery,3
260,5-stars,1
263,arc；sci-fi,2
267,2023-pub；arc；netgalley,3
268,read-as-an-arc,1
270,sci-fi,1
271,on-my-bookshelves；x-treasure-hunt-readathon,2
278,netgalley-arc,1
286,dystopian；favorites-of-2023；read-in-2023,3
287,arc,1
291,audiobooks；owned；science-fiction,3
295,adult；book-library-audiobook；read-2024,3
296,favorites,1
298,fantasy；fiction,2
