Row,Tags,Tag_Count
4,adult；fantasy；kerri-maniscalco,3
5,favorites,1
7,dont-own；fantasy；romance,3
9,2023；favorites,2
11,favorites,1
12,2023-releases；adult；audiobook,3
14,fantasy；romantasy,2
16,adult；beautiful-cover；dnf-skim-finish,3
17,fantasy；magic；paranormal,3
20,new-adult,1
21,adult；demons；enemies-to-lovers,3
22,book-bfs,1
25,fantasy；romance,2
26,demons；family-secrets；hidden-identity,3
32,adventure；historical-fiction；paranormal,3
33,2024-read；fantasy-or-sci-fi-romance,2
34,2020-29；2023；3-star,3
36,authors-with-no-book-rights,1
41,embarrassing-female-leads；euthanise-this-man；fantasy,3
43,fantasy,1
44,fantasy-romance；fur-and-fangs；your-royal-highness,3
46,adult；fantasy；january-tbr,3
47,anticipated,1
48,fantasy,1
53,aries-will-enjoy；ts-reputation,2
57,2023-most-anticipated；adult-fantasy；pretty-cover-art,3
58,enemies-to-lovers；fantasy；i-love-it-when-women,3
59,fantasy；it-is-okay；young-adult-books,3
62,enemies-to-lovers；fantasy；one-bed,3
63,fantasy-romance,1
64,2023-releases；fantasy；romance,3
65,2023-anticipated-releases；3-star；annoying-main-characters,3
73,favorites,1
79,5-stars；favorite-books；romantasy,3
83,4-stars；g-fantasy；g-romance,3
87,2023-favorites,1
88,2023-releases；library-2023；library-2024,3
90,fantasy；fantasy-romance,2
91,alpha-male；fantasy；forced-proximity,3
100,fantasy；fiction；gothic,3
108,2024-reads；physical-books,2
114,fantasy,1
118,audiobook；fantasy；libby,3
119,adult-fantasy-favorites；all-time-favorites,2
121,romantasy,1
122,read-in-2023；theyre-tattoos-not-ink-or-tats,2
123,fantasy；highly-enjoyable,2
124,audible；audio-books；fantasy,3
126,2023-highly-anticipated,1
129,2023,1
130,fav-fantasy,1
132,adult；badass-mc；fantasy,3
135,2024-reading-challenge,1
138,2023-favs,1
139,audiobook；favorite-authors；romance,3
140,absolute-favorites,1
142,fantasy-scifi；romance；us-and-eng-litt,3
144,my-love,1
162,2024；in-my-kindle,2
165,adult-romance；enemies-to-lovers；fantasy,3
166,fantasy；favorites,2
171,book-i-bought-2023；fantasy-tbr；own-english,3
172,favourites,1
174,fantasy；favorites；m-f-romance,3
175,adventure；enemies-to-lovers；fantasy,3
176,audiobook,1
178,banter-af；biting-kink；dirty-talk,3
180,my-darlings,1
183,loaned-ebooks,1
186,5-star,1
190,2024-reads；fantasy_reads,2
196,romantasy,1
201,2024-faves；god-tier,2
202,owned,1
205,2023-faves；fantasy；paranormal,3
213,04-stars；got-2023；own-a-copy,3
215,4-stars；450-pages-or-more；barnes-and-noble-exclusives,3
218,na-fantasy,1
219,fantasy-romance；four-stars；good-na,3
220,audio-books；owned,2
221,2023-top-ten,1
226,all-time-favorites-3；top-2023-books,2
227,adult；audiobooks；beautiful-cover,3
232,book-clubs；finished-2024；owned,3
233,fantasy-romance；released-in-2023,2
234,2024；received-from-jbp,2
237,2024-favorites；2024-reads；best-fmc,3
242,demons；ehhh-to-lovers；fae,3
245,artist-mc；bought-own；romantasy-books,3
254,romantasy,1
258,physical-books-i-own,1
259,favorites；romantasy,2
261,2024；audio-book-2024,2
263,2024,1
265,own,1
267,bury-me-with-these；dual-pov；need-to-buy,3
270,fantasy；favs；magic-and-ciel,3
272,2023-releases-i-want-to-read,1
278,2023-reads,1
279,2023；adult-reads；arcs-to-read,3
288,dark-fantasy；spice,2
292,unreleased-2023,1
293,demons；fantasy；netgalley,3
298,2023；adult；disappointing,3
299,demons；dual-pov；enemies-to-lovers,3
