Row,Tags,Tag_Count
1,fantasy；graphic-novels；read-in-2023,3
2,novela-grafica,1
3,i-fell-in-love；library-reads；reread-worthy,3
4,ebook；graphic-novels；mythology,3
5,graphic_novel；greek_mythology；series,3
7,genre-comics-graphic-novels-manga；genre-fantasy；genre-romance,3
8,greek-mythology,1
12,graphic-novels-comics,1
13,fantasy-romance；five-star-reads；for-fans-of-acotar,3
14,comics；graphic-novel；mythology,3
16,graphics-n-comics；library；mythology,3
17,graphic-novels,1
18,1-2024-books-i-read；comics-graphics-and-manga；completed-library-rentals,3
19,2024-favorites；2024-reads；age-gap,3
21,fantasy；کمیک,2
23,2023；4-stars,2
26,graphic-novels-manga；mythology；romance,3
27,favs-of-mine；graphic-novel-anyone；rare-adult-reads,3
30,adult；fantasy；graphic-novel,3
31,2022-4-stars；graphic-novels-comics,2
32,2023；cover-love；fantasy,3
35,2023-reads；e-books；fantasy,3
36,graphic-novels,1
39,2022-reads；graphic-novels,2
40,2023-releases-read；graphics,2
43,retelling-or-myth,1
48,4-stars；comfort-books；crying-screaming-shaking,3
49,mcgn,1
51,2023-anticipated-release；fantasys-aka-my-ultimate-fave-genre；favorite-foreva,3
55,fantasy；graphic-novels-comics-manga；romance,3
56,a-graphic-novel,1
61,found-a-free-copy；graphic-novels-and-manga；greek-mythology,3
62,absolutely-adorable；based-on-greek-mythology；favourites,3
63,ebooks；graphic-novels,2
65,fantasy；mythology；romance,3
69,graphic-novels；library；read-in-2023,3
70,owned-read,1
75,july-2023,1
83,2022-books；5-stars,2
85,comics-and-graphic-novels,1
89,passport-reading,1
90,2024；jan-2024,2
92,favs；graphic-novels；mithology,3
95,2023-all；2023-new；comics-and-graphic-novels,3
100,leídos-2023,1
103,2023；2023-release；books-i-own,3
113,2022；2023；comic,3
114,romance,1
115,romance,1
116,fantasy-romance；graphic-novel；greek-mythology,3
117,owned-books,1
125,angst；drama；fantasy,3
127,favorites,1
130,2023；favoritos；lido-em-inglês,3
133,graphic-novels；times-reads,2
134,graphic-novels,1
135,adult；graphic-novel；mythology-rt,3
136,read-in-2024,1
137,fantasy-scifi；graphic-novels,2
139,graphic-novels,1
141,2023；audience-adult；borrowed-from-friends,3
147,2023-releases；4-star-ratings；abuse-tw,3
150,comics-and-manga-owned,1
155,2023-reads；favorites,2
157,on-my-shelf,1
158,graphic-novels,1
161,5-star；on-my-shelf,2
163,favorites,1
164,ongoing-manga-tracker,1
166,physically-owned,1
167,fantasy；graphic-novel；mythology,3
168,2023-newly-owned,1
173,graphic-novels-comics-manga,1
178,adult；books-i-own；fantasy,3
180,5-stars；blue；comics-graphic,3
183,books-read-in-2023；owned-physically,2
185,3-tähteä；englanniksi；fantasy,3
186,2023-reading-challenge；need-to-buy,2
191,beatthebacklist-2024；comics-and-graphic-novels；exwishlist,3
192,2023-releases；5-star；favourites,3
198,2022-read；fiction；graphic-novel,3
200,cosy；fantasy；graphic-novels,3
202,comics；favorites；re-read,3
205,read-in-2022,1
207,rereads,1
208,2023,1
210,comics；read-in-english,2
214,problematic-authors；trash,2
215,read-in-2023,1
217,2023-challenges；fantasy；graphic-novel,3
218,fantasy-mr-horror；graphic-novel,2
219,books-read-in-2023；graphic-novels；hardback,3
222,staff-reads,1
226,roman-graphique,1
227,fantasy；graphic-novel；mythology,3
228,graphic-novels；reviews,2
229,2023；author-rachel-smythe；genre-fantasy,3
230,graphic-novels-manga,1
238,fantasy；library；mythology,3
239,4-5-twinkling-stars；comics-graphic-novels；mental-health-and-body-issues,3
243,2023-releases；own,2
248,mythology；rape-and-assault；romance,3
257,2023；fantasy；mythology,3
259,2023-reads,1
260,2023,1
261,all-timefaves；fantasy-sci-fi；graphic-novel,3
262,2023,1
264,2023,1
267,2024；comics-and-manga；from-library,3
269,2024；own,2
270,2024-reads；favorites,2
271,borrowed-from-library；comics-graphic_novels-reviews；my-five-star-books,3
273,graphic-novels,1
277,manga,1
283,kenny-s-physical-library,1
285,comics-graphic-novels-manga；fantasy,2
287,most-anticipated-2023,1
292,graphic-novel-manga；mythology,2
293,books-i-own,1
295,absolute-favorites；comic-books,2
299,2023；graphic-novels；retelling-of-classic-stories,3
