Row,Tags,Tag_Count
3,anglophilia；anti-colonial-and-anti-imperialist；can-you-hear-the-people-sing,3
4,2023-five-star-reads,1
9,2022-releases,1
11,1-2024-releases；2-adult；3-sff,3
13,adult；bipoc；fiction,3
14,3-stars；achillean；adult-lit,3
18,dnf,1
19,fiction；queer-fiction；sci-fi-and-dystopia,3
20,fantasy；historical；lgbt,3
26,illumicrate,1
29,book-box-illumicrate；read-your-shelf-2024；scifi,3
31,illumicrate,1
32,queer,1
36,books-i-own；illumicrate；signed,3
38,diverse-authors；fantastical-realms-and-epicness；illumicrate,3
39,netgalley,1
48,read-owned-physical,1
50,arcs,1
53,read-in-2024,1
55,illumicrate,1
56,books-i-own,1
57,2023-read,1
59,fiction；illumicrate；own-hardback,3
60,owned,1
62,illumicrate；read-your-shelf-2024；scifi,3
63,illumicrate,1
71,anti-empire；fantasy；post-colonial-theory,3
72,illumicrate,1
73,science-fiction,1
74,fantasy；i-own；lgbtq,3
77,did-not-finish,1
79,physical-copy；signed-special-edition,2
83,2023；adult；queer,3
85,lgbtq；sff,2
88,arc；my-books,2
89,2024,1
91,2024-reads,1
93,2024；illumicrate；po-angielsku,3
94,dnf；sci-fi,2
98,illumicrate-books,1
99,illumicrate-books,1
100,own；series-to-continue；special-edition,3
104,out-in-2024；queer-fantasy-and-sci-fi,2
108,queer-stuff；stories-about-stories,2
113,2024_actual；illumicrate,2
117,2024,1
120,illumicrate,1
121,anglais；illumicrate-2023,2
122,science-fantasy-ya,1
128,lgbtqia-rep,1
130,2024-reads；adult；owned,3
132,netgalley,1
138,book-subs；physical-copy,2
140,faves-2024；sff；space-opera,3
142,lgbt；science-fiction,2
153,illumicrate-books,1
155,illumicrate,1
159,my-paperbacks；queer；romance,3
162,collection-arc-2023；collection-illumicrate；genre-sci-fi,3
166,illumicrate；owned,2
171,the-52-book-club,1
173,book-box,1
174,fantasy；science-fiction,2
177,arc；bookbox；fiction,3
179,lgbtqa；sci-fi-oh-my；young-adult,3
181,fantasy；lgbtq-read；sci-fi,3
182,illumicrate,1
183,dnf,1
184,dnf,1
185,favorite-sci-fi,1
186,uh-oh-percy-is-feral-again,1
197,my-library；read-2024,2
201,illumicrate,1
206,2023；african-folklore；badass-heroine,3
208,illumicrate；posiadam；science-fiction,3
212,favorites；illumicrate,2
215,have-physical-book；special-edition-hardback,2
217,physical-version-owned,1
218,2024-reads-fantasy；african-fantasy,2
219,the-favourites,1
223,2024,1
228,lgbtq；read-in-2024；written-by-poc,3
234,dnf,1
239,did-not-finish,1
243,3-stars；adventure；fantasy,3
246,fantasy；illumicrate；owned,3
247,2024,1
248,read-in-2023,1
251,sci-fi,1
252,gave-up-on,1
253,2-star-or-less；2024-books,2
254,illumicrate-fairyloot；netgalley,2
255,finished-but-nah,1
257,dnf,1
259,2024-sci-fi；illumicrate；sci-fi,3
