Row,Tags,Tag_Count
1,fab-fours-౨ৎ；owned-books；severe-brainrot,3
2,favorites,1
4,favorites；kindle-unlimited,2
6,fantasy-romance,1
14,favourites,1
16,favorites-2023,1
18,favs,1
20,4-stars；fantasy；pain,3
21,5-stars；cherished；heart-locket,3
23,buddy-read；comfort-reads；fantasy-romantasy,3
24,favorites；ya-fantasy,2
25,5-star-reads；fantasy；great-war-coded,3
26,2023-reads,1
27,book-boyfriends,1
28,2023；a-bit-of-magic-and-whimsy；adventure,3
30,best-audiobook-recs；fave-ya；favorites,3
31,stole-my-heart；ya-fantasy,2
32,2023-favorites；5-stars；fantasy,3
34,2023；buddy-reads；fantasy,3
40,favourites,1
41,comfort；mmc-s-that-had-me-on-my-knees；pain,3
44,epistolary；love；magical,3
47,fantasy；favorites；historical-fiction,3
48,fantasy；my-bookshelf；series,3
49,2023-reads；disappointing；fantasy,3
50,audiobooks；from-publisher；giveaways,3
51,enemies-to-lovers；fantasy；favorites,3
54,audiobooks,1
57,golden-like-daylight；if-we-survived-the-great-war；invisible-string,3
58,2023；buddy-read；fantasy,3
59,fantasy；historical,2
60,book-bf；fantasy；favorites,3
61,epistolary；historical；read-in-2023,3
63,3-and-a-half-stars；books-2023；genre-fantasy,3
64,age-new-adult-or-adult；age-ya；genre-fantasy-scifi,3
65,book-boyfriend；broke-my-little-heart-to-pieces；fantasy,3
68,favorites,1
69,2023-reads；2024-favorites；2024-reads,3
70,someday-i-ll-plagiarize-this,1
71,physically-own,1
72,2023-releases；beautiful-covers；booktok-made-me-do-it,3
73,don-t-wanna-think-of-anything-else；fantasy；favorites,3
74,fantasy,1
75,almost-5-stars,1
78,5-star,1
79,fantasy；heart-strings；romantacy,3
81,faves；owned,2
85,academic-rivals；enemies-to-lovers；fantasy,3
86,1-star；2023；fantasy,3
88,my-favs,1
89,5-star-book；books-i-own；fantasy,3
91,2023-release；fantasy；young-adult,3
92,6-star-reads；favorites,2
93,historical-fic；romantasy；ya,3
94,favs,1
95,forever-the-name-on-my-lips；my-tears-ricochet；rtc,3
96,virgin-hero,1
97,favorites,1
102,5-stars；book-bfs；cut-me-and-i-bleed-this,3
104,2023,1
105,2023-releases；fantasy；favorites,3
106,favorites；full-reviews；read-that-i-own,3
107,academic-rivals；read-in-2023,2
108,i-am-depressed-now；will-make-my-kids-read；you-will-be-in-my-heart,3
109,physical-tbr,1
112,5-stars；anything-for-my-fav-lady；hall-of-fame,3
113,honorable-mentions,1
114,favourite-literature-in-existence；favourites,2
115,audiobooks；fantasy,2
116,books-read-in-2023；ya-fantasy；ya-romance-contemporary,3
117,i-love-you；im-in-pain；ships-ill-go-down-with,3
120,favorites,1
121,2023-and-me,1
122,absolutely-devoured；all-time-favs；break-my-heart,3
126,5-stars,1
127,adventure；dark-academia；family,3
129,5-star-reads-2023；booktok-instagram-recs-2023；night-court-buddy-reads,3
130,2023；favorites；rivals-to-lovers,3
131,favorites,1
132,bookclub,1
133,6-star-reads；may,2
134,6-star-reads,1
135,read-in-2023；tenho,2
139,i-was-enchanted-to-meet-you,1
141,favorites,1
143,favorite-books；netgalley；romantasy,3
146,2023；2023-5-stars,2
147,2023-autumn-winter-tbr；2024-spring-summer-tbr；academic-rivals,3
148,that-one-hurt,1
152,invisible-string,1
154,2023-reads；bad-but-still-read；fantasy,3
155,2023-5-stars,1
158,favs-of-2023,1
160,book-boyfriends；comfort-books；cut-me-and-i-bleed-this,3
164,favorites,1
165,chivalry-is-not-dead,1
167,book-bfs；favorites,2
168,2024-favs,1
169,2020-29；2024；3-star,3
170,2023-s-books,1
171,2023-books,1
173,genre-fantasy；genre-romance；genre-young-adult,3
174,i-think-about-these-everyday,1
176,gold-star,1
177,book-club,1
180,audiobooks,1
181,5-5；bookclub；fantasy,3
182,9s；dual-pov；enemies-to-lovers,3
185,booktok-recs；fantasy；fantasy-romance,3
186,2023-releases；awesome-friendships；enemies-to-lovers,3
187,favorites；want-to-buy,2
189,over-hyped-by-tiktok,1
190,fantasy；i-want-to-eat-this-book；romance,3
192,2023；ending-gave-me-whiplash；fantasy,3
193,ebooks,1
194,book-bfs；favorites；paper-rings,3
195,favorites,1
196,2023-publication；young-adult,2
198,5-stars；owned-read；ya-fantasy,3
202,contemporary-romance；enemies-to-lovers；favorite-mmcs,3
204,audiobook；book-club-2023；historical-fiction,3
207,favorites,1
209,my-5-stars-books；owned-books,2
213,favourite；i-was-enchanted-to-meet-you；invisible-heart-strings౨ৎ,3
215,2023；favorites；i-love-you-to-the-moon-and-back,3
219,2023-faves,1
220,2023；5-star-reads；emotional,3
221,2023；5-star-reads-2023；enemies-to-lovers,3
222,audiobooks；read-in-my-thirties；young-adult-fiction,3
223,2023；awhhh；book-boyfriend,3
225,2023-reads,1
226,historical-fiction；romance,2
227,5-star；fantasy；favorites,3
228,5-stars；favorites,2
229,complicated-family；coworker-romance；fantasy-mf,3
230,six-stars,1
232,fantasy-romance；must-continue-fantasy-series；must-continue-series,3
233,high-fantasy；ya,2
234,fantasy-duology；favorites；fine-line,3
235,all-time-favorites；books-that-had-me-sobbing,2
242,historical,1
243,2023-read；2023-release,2
244,1-star-books；buzzword-challenge-2023；love-no-a-restraining-order-asap,3
245,most-disappointing-2024；series-i-wont-finish,2
246,ibooks-added；pages-300-500；romance-fantasy-high,3
247,all-time-favourites,1
250,5-star-reads；best-reviewed；dystopian-reads,3
253,did-not-finish；fantasy；romance,3
257,buddyread；my-love-s-3,2
260,mvbs,1
263,bury-me-with-these；need-to-buy；rivals-to-lovers,3
266,all-time-favs-x1f495；romantasy-recs,2
268,fantasy；romance；young-adult,3
270,2023-favourites,1
272,all-reads-2023；netgalley-2023,2
273,dual-pov；fantasy-pnr；historical,3
276,my-roman-empire,1
277,cried-while-reading；emotional-read；favorites,3
278,2024-reads；6-star-reads；enemies-to-lovers,3
279,owns-my-ass,1
281,favorites,1
291,2023；5-stars；owned,3
292,2023；fantasy,2
293,favourites,1
