Row,Tags,Tag_Count
0,2023-reads,1
1,netgalley-2023,1
2,g-fantasy-stand-alone；my-all-time-favorites；netgalley,3
3,british；fantasy；folklore,3
4,2023；fantasy；netgalley,3
5,3500-23,1
6,books-about-books；books-about-covid；fantasy,3
9,fantasy,1
12,read2023；specfic,2
13,2022；netgalley；portal-fantasy,3
15,2022_climate；2022_ha_a-z；2022_halloween_extended_ha,3
16,2024-fantasy-read-in-english；books-i-read-in-english；fantasy-fiction,3
19,fantasy；multiverse-and-parallel-worlds；science-fiction,3
24,netgalley；netgalley-2023；reviewed,3
25,sf-f-h；x2023-read,2
27,fantasy；tchaikovsky,2
28,2023-books；2023-ebooks-purchased；april-2023,3
29,fantasy,1
32,fantasy；netgalley,2
35,adult；creatures；horror-or-gore,3
37,2023-bingo；netgalley_arcs_fiction；netgalley-reads,3
38,fantasy；favorite-author；good-series,3
43,2023-read；ebook；netgalley,3
44,2023；netgalley,2
45,kindle；netgalley,2
46,2023,1
47,2023-netgalley-reads,1
48,books-about-books；humor；meta,3
49,amazing-narrator；audible-plus；audiobook,3
50,2-stars；arc；dystopia,3
51,fantasy；novella；upcoming-2023,3
53,2023；e-book；fantasy,3
54,novella,1
55,fantasy；short-story-ies-novella,2
63,arc；fantasy,2
64,2024；fantasy；novella,3
68,genre-sff-portal-fantasy；genre-sff-urban-or-contemporary,2
71,readtoreview,1
72,fantasy；novella,2
73,netgalley；on-kindle,2
74,netgalley,1
75,arc,1
77,fantasy；tchaikovsky,2
78,2023,1
79,2023；earc,2
83,book-club；england；fantasy,3
85,dystopian-fiction；faerie；library,3
87,fantasy,1
88,2023,1
92,library-book-23,1
94,fantasy；horror；novellas,3
95,audiobook；ebook；urban-fantasy,3
105,netgalley,1
109,2023；kobo,2
113,kindle-food；netgalley,2
114,fantasy；first-read-or-arc,2
117,format-novella；genre-fantasy；th-book-club,3
120,book-dragon-reviews,1
122,fiction,1
123,2023-books；fantasy-general；novella,3
124,scifi-fantasy,1
127,fantasy；horror；netgalley,3
129,fantasy；malewriter；netgalley,3
130,2023；arc；faerie-tale,3
131,scifi-fantasy,1
132,2023-books；netgalley；read-in-2023,3
135,galley,1
136,2023,1
138,adventure；fairytale；fantasy,3
139,2024；fantasy,2
141,2023-netgalley,1
143,mt-bookpile-2023,1
145,arc,1
151,arc,1
153,cbpl,1
161,arcs-read,1
162,e；fantasy；giveaways,3
164,disability-reads,1
165,netgalley,1
167,21st-century；fantasy,2
168,inspiration；short-stories-novellas-under-300pgs,2
169,fantasy,1
171,short-fiction,1
176,modern-fantasy；portal-fantasy,2
177,2023-shelf；fantasy,2
181,arcs,1
184,adventures；fantasy,2
185,novella,1
189,fantasy；fiction；paranormal-stuff,3
192,fantasy,1
198,netgally,1
199,netgalley,1
201,2023；fiction,2
203,read-2023,1
205,adult；books-about-books；novella,3
207,fantasy；horror；magic,3
213,fantasy-and-sci-fi,1
217,fantasy；horror,2
218,books-about-books；fantasy；fantasy-low-and-urban,3
220,audiobook-read；fantasy；magical-realism,3
227,3-5；fantasy,2
230,2024-hugos；fantasy；horror,3
232,fantasy；fiction；horror,3
233,apocalyptic；magic-fantastic；title-draw,3
234,fantasy,1
237,fantasy；fiction,2
240,library,1
241,enchanted-forest；evil-queens；fairy-tales,3
249,fantasy,1
255,scifi,1
256,travel-to-alternate-universes；urban-fantasy,2
261,library-book,1
265,abandoned；scifi-fantasy-dystopia,2
272,portal-fantasy,1
273,novellas,1
276,library,1
278,sci-fi-fantasy,1
281,novemebr-2023,1
296,adventure；books-about-books；brit-lit,3
297,favourites,1
298,urban-fantasy,1
299,2024；fantasy；kids-and-fairys,3
