Row,Tags,Tag_Count
1,3-stars；arc；dark-academia,3
5,lgbtq,1
7,horror,1
12,6-not-my-cup-of-tea；disappointing-reads；lgbtqia,3
15,arcs-read；favorites；liked,3
16,arc-reviews,1
17,evernight；releases-2024,2
18,horror；read-2024；ya-fantasy,3
19,arc-s-netgalley-and-edelweiss；fantastico-fantastics-scifilicious；i-m-so-excited-to-read-this,3
21,2024-books；2024-netgalley；arc,3
22,2024；lor-elizabeth-s-2024-reads；recommended-books,3
24,2024-book-releases,1
26,contemporary；fantasy；horror,3
28,fantasy；new-releases-2023,2
29,2024；audio-book；own-print-arc,3
31,arc；horror,2
34,2024,1
37,book-club-2024；buddy-read,2
38,2024-arcs；2024-releases；own-read-ya,3
39,contemporary；horror；lgbt,3
40,2024-most-anticipated；2024-releases；arc,3
42,friendships；horror；lesbian,3
45,2023；proofs；ya,3
46,2024-releases；ya-thriller-horror-to-read,2
48,arc；demon；horror-thriller,3
50,2024-anticipated；arcs,2
51,4-star；badassery；books-i-own,3
52,arc；dark-fantasy；fantasy,3
53,won-bookish-first,1
54,2024,1
55,2024；illumicrate,2
57,2024-faves；favorite-lgbtq-books；favorite-sapphic-books,3
58,book-group-reads；favourite；horror,3
61,buffy-would-approve；favourites；witches,3
62,owned,1
65,arcs；underrated-favorites；ya-sff,3
68,advance-reader-copy；horror；lgbt,3
69,want-to-re-read,1
71,fantasy；horror；lgbt,3
73,audiobooks,1
74,arcs；books-i-own,2
80,favorites；reviews,2
82,age-young-adult；lgbt-angels-and-demons；lgbt-crime,3
85,2024-ng-arcs；5-star-reviews；advanced-reader-copies,3
91,netgalley-arcs,1
95,netgalley-and-arcs,1
97,demons；horror；lgbt,3
98,mystery-thriller,1
100,evernight；misleading-genres,2
104,read-in-2024,1
105,5-star；january-reads,2
106,physical-bookshelves,1
107,2024,1
108,own；special-edition,2
109,netgalley-arcs,1
111,books-i-own；my-special-editions,2
113,2024,1
116,abandonment；added；body-horror,3
118,ebooks,1
119,2024-challenge；2024-uno；4-stars,3
122,2024-books-kindle；owned-and-read-books-here-in-uk；stand-alones,3
125,arc-pre-reads-before-release,1
127,angels-demons；assassins-murderers；audiobooks,3
129,afterlife；creatures；edge-of-society,3
131,horror；young-adult,2
133,favorites；netgalley-arc；read-in-2024,3
134,5-sterren；engels；limited-edition,3
139,2024；urban-fantasy,2
140,added-2022；arcs-i-got；books-i-own,3
144,arcs；ebooks；lgbtq-rep,3
147,2023-reading-challenge；netgalley,2
148,netgalley-2024,1
150,horror,1
151,2024；2024-releases；arc,3
152,2024；favorites；stories-w-sapphics,3
154,2024-releases；arc-2024；college,3
157,favorites；horror；queer,3
158,arcs；horror；netgalley,3
159,lgbtqia-rep；netgalley-arc,2
160,horror；mystery；paranormal,3
162,fantasy；horror-thriller；netgalley-arc,3
163,dnf；queer；sapphic,3
164,2-stars；mystery-thriller；read-in-2024,3
166,my-gothic-horror-self；oh-young-dark-soul,2
169,fantasy；lgbt；suspense,3
173,owned,1
175,book-shelves；special-and-or-signed-editions,2
178,arcs-from-publishers；paranormal,2
182,fantasy；fiction；fictional-witches,3
184,arc；favorites；netgalley,3
185,jan-2024,1
186,five-star-books；horror；sapphic,3
191,read-2024,1
192,2024-release；drooled-on-the-cover；horror,3
196,2024-reads,1
198,2024-releases；ebook-bookshelf；physical-bookshelf,3
200,2024_mount_tbr_challenge；arcs-free-review-copy；fantasy-fae-fairies,3
201,arc,1
204,read-in-2023,1
206,adult-lang-topics-or-sexual-stuff；fantasy；mystery,3
208,demons；f-f；female-narrator,3
210,2023-reads；favorites；my-creepy-little-fairy-stories,3
211,pansing,1
213,netgalley；read-in-2023,2
216,2023,1
217,2024；review-books-arcs；thrillers,3
218,net-galley-reads,1
220,arc,1
222,audiobook；evernight；illumicrate,3
224,books-from-2024,1
227,anticipated-books-of-2024；bookishfirst-wins；lgbtqa-reads,3
228,lgbtqia-characters；sapphic；supernatural,3
230,2023；netgalley；netgalley-2023,3
237,gothic-vibes,1
240,owned,1
241,evernight；faves；faves-2024,3
242,5-stars,1
243,2024；dark-academia；horror,3
244,4-stars；australian-author；horror,3
247,2024-release；on-my-bookshelf,2
253,kenny-s-physical-library,1
254,books-that-made-me-cry；queer,2
258,angels-demons；horror；mystery,3
263,2024-reads；2024-releases；favorites,3
279,5-stars,1
288,2024-tbr；all-time-favorites；books-that-feel-like-autumn,3
292,high-priority,1
293,favorites,1
294,advanced-reader；netgalley-books,2
