Row,Tags,Tag_Count
0,arcs-netgalley-giveaways-to-review,1
1,netgalley,1
8,2023-books；fantasy；librofm,3
9,2024-reads；adventure；fantasy,3
10,action-and-adventure；fantasy；fiction,3
12,net-galley,1
13,arc-netgalley；audiobook；library-print,3
14,arc；netgalley,2
15,2023-reads,1
16,ebooks-and-kindle,1
19,2023-releases；fantasy；netgalley,3
21,arc-reviews,1
24,fantasy；history,2
25,2023-faves,1
28,netgalley,1
30,audiobook-life,1
33,netgalley,1
34,asian-american-authors,1
35,2023,1
36,2023-most-anticipated,1
37,favorites,1
39,2023-reads；general-fiction；morally-questionable-characters,3
41,historical-fiction-net-galley,1
44,historical-fiction,1
46,adult；historical-fiction；writers-of-colour,3
47,historical-fiction,1
48,2023-reading-challenge,1
49,bipoc-author-protag；historical-fiction；i-recommend,3
50,most-anticipated-of-2024；on-my-bookshelf,2
53,netgalley,1
57,2024-challenge；2024-uno；4-stars,3
59,mythfairytalefantasy；pansing,2
62,2023；adult；fantasy,3
64,arc；netgalley；review-copies,3
65,2023；adult；audiobooks,3
71,author-femme；author-lgbtqia；genre-fantasy,3
74,asian-translation-and-aapi；audiobooks；fantasy-and-sci-fi,3
79,auth-f；bipoc-actor；bipoc-author,3
80,fiction；historical-fiction；literary-fiction,3
83,adventure；feminism；historical,3
88,2023,1
94,fiction-historical,1
96,2024,1
98,adult；fiction；historical-fiction,3
99,historical-fiction,1
100,2023-books；asian-or-aapi-authors；audiobooks,3
102,2023；favorites,2
103,dnf,1
104,action-adventure,1
108,arc-read-2023,1
110,audiobook,1
118,5-stars；netgalley,2
120,2023-releases；own,2
121,fiction；historical-fic,2
124,historical_fiction；literary_fiction,2
128,3-star-reads,1
130,2023；historical-fiction；sff,3
136,chipublib；ebooks,2
141,2023,1
142,fiction；historical,2
144,0-favorites；2023-books；ocean-fantasy,3
145,library-book,1
151,adventure；pirates；to-reread,3
155,libby,1
165,2023；arc-netgalley；ebook,3
167,whats-on-my-bookshelf,1
170,2023；historical-fiction,2
173,fiction,1
174,read-in-2023,1
178,favorites,1
189,adult；b-n-discover-picks；historical-fiction,3
191,blurbed；feminist-topics；library-of-women,3
192,netgalley,1
193,historical-fiction,1
194,3-star；fantasy；historical,3
195,big-feels；cover-love；historical-fiction,3
197,2023-releases；age-adult；collection-fiction,3
201,arc-arr；historical；netgalley,3
203,arc；historical-fiction；netgalley,3
205,read-2023,1
208,2023-up-and-coming；arc；bipoc-author,3
209,r-fantasy-bingo-2023,1
210,books-i-own,1
213,fantasy；femme；lgbtq,3
216,2023；adventure；arc,3
217,fiction；history；must,3
219,auth-of-color；challenge-sf-done；checked-out,3
220,acts-of-unrighteous-dominion；adventure-seeking-consequences；anything-you-can-do-i-can-do-better,3
221,2023；aapi；fantasy,3
223,netgalley,1
225,gifted-reviews；summer-reads,2
226,2023-new；aapi-authors；arc,3
230,2023；historical-fiction,2
234,netgalley,1
235,arc；folklore-fairytales-and-myths；historical,3
239,historical-fiction,1
242,netgalley,1
243,american-literature,1
245,netgalley,1
246,sampled-not-hooked,1
248,2023,1
249,asian-american；audio；historical,3
255,fiction；historical-fiction；noteworthy-reads-2023,3
256,historical-fiction,1
257,audio-books；fiction；fiction-historical,3
260,arc；books-i-own；netgalley,3
267,books-by-poc；books-by-women-nonbi；fantasy-sci-fi,3
269,g-historicalfiction,1
270,historical-fiction,1
271,arc,1
277,arcs-from-publishers,1
280,pirates,1
284,audio-book,1
287,r-fantasy-bingo,1
292,2024；popsugar-2024,2
296,2023-reads；arc-giveaways；audiobook,3
