Row,Tags,Tag_Count
1,arc-giveaway-freebie；lgbtq；ya-fantasy,3
2,indigenous-authors；lgbtq,2
4,arcs；books-i-reviewed,2
6,arcs；favorites,2
10,2-star-reads；2023-reads；arcs,3
11,arcs-finished；audience-young-adult；format-ebook,3
13,1-2023-releases；2-ya；3-sff,3
14,2023-looks-good；23-for-2023；library-order-considerations,3
15,2023-most-anticipated；2023-releases；a-young-adult,3
16,arcs,1
17,lgbt-main；wbtm-2024,2
18,new-releases-2023,1
19,netgalley,1
22,arc,1
25,forever-faves；trans-books,2
28,2023；fiction；lgbtqia,3
31,arc；fantasy；favorites-2023,3
32,abuse；adolescence；america,3
34,aro-spec；author-of-color；english,3
37,advanced-reading-copy；asshole-love-interest；awesome-girls,3
38,2024-challenge；2024-uno；contemporary,3
39,2023-audio；author-queer；bipoc,3
40,netgalley,1
41,2023-arcs,1
45,fiction；netgalley；sff,3
46,read-arcs；rep-ace-aro-demi；rep-misc-queer,3
47,audiobooks；fantasy；lgbtq,3
48,adhd-rep；fantasy-scifi；indigenous-authors,3
49,audiobook；fantasy；mythology,3
52,fantasy；lgbtq；mythology,3
53,fantasy；young-adult,2
54,2023；arc；fantasy,3
56,bipoc-authors；bipoc-rep；disability-rep,3
57,2022-bingo-challenge-reviews；reviews_2023,2
59,arcs,1
60,completed-series；favorites；horror,3
61,favorites,1
62,netgalley,1
63,dnf,1
67,netgalley,1
68,2023-releases；cover-love；fantasy,3
70,netgalley-arcs,1
71,arc,1
72,2023-reads；arc；fantasy,3
74,macmillan-audio-arcs,1
76,arc；bipoc；fantasy,3
79,february-2024；lgbtq-reps；read-in-2024,3
81,aromantic；enby-charac；fantasy,3
82,bi-pan；f-nbi；favorites,3
85,arcs；poly-rep；trans-rep,3
86,netgalley,1
88,magical-realism-or-urban-fantasy；ya,2
89,lgbtq-recommendations；owned；read-in-2023,3
91,added-2023；arcs-i-got；books-i-own,3
93,arc；aspec；bipoc,3
94,2023-ya；lgbtqia；netgalley,3
97,2023；arc；full-review,3
98,arc；fantasy；lgbtqia,3
100,ya-contemporary-fantasy,1
101,fantasy；lgbt；trans,3
102,fantasy；netgalley-arcs；young-adult,3
103,arc,1
105,author-of-color；chosen-family；fantasy,3
106,2023-reads；fantasy；favorites,3
107,2023；bipoc-bookshelf；fantasy,3
112,arcs；contemp-fantasy；gods,3
118,arc；audiobooks；ebooks,3
122,anticipated-2023-releases；fantasy；indigenous,3
124,arc-reads；netgalley；queer,3
130,net-galley,1
134,fantasy；ya,2
135,chy；esther,2
137,arc-reads；middle-grade-ya,2
141,did-not-finish,1
142,owned,1
145,2024-anticipated-releases；arcs；st-martins-press,3
150,fucking-bonkers；trans-rep,2
153,aspec；demiromantic；indigenous,3
155,netgalley-arc；rainbow-read；ya,3
158,drc,1
160,fantasy,1
163,aoc；coming-of-age；fantasy,3
164,book-shelf；giveaway-wins,2
174,2023-releases,1
175,arc；sapphic,2
177,anticipated-novels-of-2022-2023；lgbtqa-reads；netgalley-reads,3
179,goodreads-winners,1
180,2023-arc,1
182,2023-release；net-galley-reads,2
187,netgalley,1
191,favorites,1
195,contemporary-modern-urban；fairy-tale-paranormal-supernatural；young-adult-new-adult,3
197,fantasy；indigenous；magic,3
200,diverse-read；fantasy；indigenous-rep,3
202,arc-list；netgalley,2
209,2023；2023-ng-group-challenge；2023netgalleychallenge,3
211,2023；arc-books,2
212,advanced-reader-copies；book-series；coming-of-age,3
214,ace-aro-demi-rep；arcs；diversity-done-right,3
218,arc；new-release-2023；rec-netgalley,3
220,arc-reads；indigenous-authors；transrightsreadathon-list,3
221,audiobooks；netgalley,2
222,arc-reviews；lgbtqia；young-adult,3
224,books-i-own；disability；m-spec,3
226,giveaways-arc-reviews,1
227,arcs；fantasy；illness-rep-physical-and-mental,3
230,fantasy；hilarious；lqbt,3
233,arc,1
234,arcs；books-read-in-2023；ebook,3
236,favorites；queer-stuff；read-as-arc,3
243,other-reviews,1
248,aromantic；fantasy；giveaway,3
249,2023-releases；listened；netgalley-arcs,3
250,2024；arcs,2
252,book-i-own,1
257,a-few-of-my-favourite-things；arc-not-ark；authors-i-adore,3
259,2023；arc；lgbt,3
266,netgalley-arc,1
267,reviewed,1
268,arc,1
269,dnf,1
272,arc；char-god-or-guardian；contemporary,3
273,4-star-books；netgalley-arcs,2
274,netgalley,1
276,arc；queer；ya,3
277,botb2023；fantasy；ya,3
279,2023；audiobook；ethically-non-monogamous,3
282,2024；arc；lgbtq,3
283,2024；action；body-horror,3
284,ebooks；in-english,2
285,2023；arcs-read-and-to-read；diverse-reads,3
290,netgalley,1
291,2023；arcs；ebook,3
293,2023-read-list；enby-rep；lgbtq-faves,3
294,2023-books；december-2023-books；fantasy,3
295,from-library,1
297,arcs；lgbtqa,2
