Row,Tags,Tag_Count
1,african；fantasy；politics,3
2,2023-books；fantasy；series-caught-up,3
3,black-lead；fantasy,2
5,books-i-recommend；fantasy；pre-ordered,3
6,fiction-fantasy,1
7,2023,1
8,arcs-dnf,1
9,books-i-own；ebook；fantasy,3
10,netgalley,1
13,arc-reviews,1
15,fantasy；netgalley；netgalley2023,3
16,fantasy；library,2
17,2023-faves；free-arcs,2
19,fantasy,1
21,fantasy-novels；giveaway-wins,2
22,favorite-books,1
26,arcs,1
32,african；fantasy,2
33,fantasy,1
34,2023-releases；2024-read；adult,3
35,adult；audible；fantasy,3
44,10-10,1
65,library-books；read-2024；trans-nb-reads,3
67,fantasy,1
69,arc；e-book,2
