Row,Tags,Tag_Count
0,books-i-ve-written,1
1,arcs-and-review-copies；favorites；self-published-and-indie,3
2,fantasy,1
4,2023-books；fantasy,2
5,favorites,1
7,fantasy；z-to-a-m-j-sullivan,2
8,2023-reads；4-5-stars；awesome-audio,3
10,fantasy,1
12,fantasy,1
13,ebook；fantasy；maps,3
15,ebook,1
18,audio；s-l-sword-2023,2
20,audiobook,1
23,epic-fantasy；loved-it；series,3
24,6-stars；ebook；michael-j-sullivan,3
28,fantasy,1
31,fantasy；high-fantasy,2
32,2023；fantasy,2
34,2023-45-book-challenge,1
35,favorites,1
37,fantasy,1
42,2023；audiobook-english；ebook-english,3
45,favorites,1
48,fantasy,1
54,favorite-books,1
56,fantasy,1
62,2023-read,1
64,fantasy；favorite-fantasy,2
65,audiobooks；fantasy；series,3
67,fantasy；myths；sci-fantasy,3
71,2023-reads；favorites；five-stars,3
72,fantasy,1
73,advanced-reader-copy；beta-reading；fantasy,3
77,2024-read；fantasy,2
81,audiobook；fantasy,2
86,fantasy；novel,2
99,epic-fantasy,1
100,fantasy；fiction-2023,2
112,all-time-favorites；fantasy,2
113,fantasy,1
123,america-north；speculative-fiction-scifi-fantasy,2
131,audiobooks,1
135,fantasy；kindle-book；series,3
140,favorites,1
145,fairyland；favorites；gods-and-monsters,3
147,favorite-series,1
153,audio-books；fantasy；read-in-2024,3
156,google-drive,1
158,fantasy；purchased,2
171,2023；audio-books；sci-fi-fantasy,3
172,2023；audible,2
177,fantasy,1
184,2024-read,1
191,adult；fantasy,2
204,5-star；bromance；dragons,3
205,audio-books；sword-challenge,2
206,2023；4-star；classic-fantasy,3
211,2023；2023-faves；2023-releases-read,3
217,2023-books；indie,2
219,completed,1
225,w-adult；w-fantasy,2
236,own,1
239,favorites,1
240,adult-fantasy,1
248,e-book；own-book,2
252,anticipated-releases,1
260,adult；fantasy；favorites,3
264,popsugar-2024,1
265,2024-reads；fantasy；series,3
269,2024；fantasy,2
278,audio,1
285,fantasy；gamma-read,2
286,signed-books,1
287,epic-fantasy；fantasy,2
