Row,Tags,Tag_Count
0,apocalyptic；historical-fiction；novels-about-art,3
2,audiobook；fantasy；historical-fiction,3
4,fiction,1
5,tops-2023,1
6,fantasy；funny-stuff；historical-fiction,3
10,2023-books；fantasy,2
11,asia；bildungsroman；culture,3
12,medieval-and-middle-ages；mythology-and-legend；sci-fi-and-fantasy,3
13,books-i-own,1
14,speculative-fiction,1
16,fantasy；new-releases,2
18,history-fiction；lit,2
19,biblioteca；english；english-lit,3
22,2023,1
23,2023-netgalley；2023-reads；adventure,3
27,aty2023；audiobook；fantasy,3
28,adventure-quest；fantasy；favorites,3
29,asia；fables-or-myths；literary-fiction,3
30,faves；favorite-fantasy-and-sci-fi,2
31,meus,1
32,dnf23,1
33,book-club；culture-india,2
36,dnf,1
37,2023-read；audiobooks；fairy-tale-based,3
38,anglo-indian；c21st,2
39,big-brain-energy；diverse-voices；fantasy,3
41,2022；arc；netgalley,3
42,audio；overdrive,2
43,audiolibri；contempranea；fantastico,3
45,2023-books；2023-library；march-2023,3
46,belletristik；fiction；mythologie,3
48,contemporary-literature；english-literature；historical-novel,3
51,netgalley-reviews；read-the-world,2
55,2023；audiobooks,2
58,borrowed-from-library；fantasy-reviews；historical-fiction-reviews,3
61,2023；audio2023；original23,3
64,other；world-literature,2
67,anticipated-2023,1
68,i-lit；literary-fiction,2
69,proza,1
70,2023；fiction；historical-fiction,3
74,2023nemgyerek,1
77,around-the-world；fiction；printre-pagini,3
79,literary-fiction,1
81,favorites,1
82,_read-in-german；fiction；purchased-in-2023,3
83,2023,1
85,rushdie-shelf,1
87,physical；proofs-arcs,2
92,posseduto,1
97,high_fantasy；read-2023,2
104,read-in-english；salman-rushdie；settings-india,3
105,2023-reading-challenge,1
109,netgalley,1
110,dystopia；e-books；fantasy,3
111,fantasy；fiction；historical-fiction,3
122,mythology,1
123,historical-fiction,1
129,2024；genre-fiction-historical；others-indian,3
132,fantasy；magical-realism,2
134,death；fantasy；mythology,3
135,fiction,1
142,2023,1
156,kindle,1
157,adventure,1
159,abandoned,1
168,2023,1
170,2024；fantasy；literature,3
171,audiobook；reviewed；with-don,3
178,fantasy,1
184,fiction；historical-fiction,2
188,adult；didn-t-care-for；fantasy,3
190,book-recs；fantasy-recs；favorites,3
191,bipoc-author；historical；magical-realism,3
192,fiction,1
198,myths-and-legends；novel；patron-rec,3
200,2023；audiobook,2
201,fabulism；fiction；historical-fiction,3
216,my-books,1
220,fantasy；historical-fiction；india,3
225,2023-books；best-of-2023,2
227,2023,1
231,fiction；history；india,3
236,fantasy；historical-fiction；mythology,3
237,other-sf-fantasy,1
238,bookswelove23；fantasy；historical-fiction,3
245,legend；magic；mythology,3
251,dnf,1
256,around-the-world；bingo,2
259,2023,1
263,audio,1
281,2023,1
291,2024-tsundoku；lifeline；magical-realism,3
292,contemporary-fiction,1
