Row,Tags,Tag_Count
1,lgbtq,1
2,2023；arc；disability,3
4,queer,1
5,2023-looks-good；23-for-2023；got-an-arc,3
6,netgalley,1
7,arc-s-netgalley-and-edelweiss；fantastico-fantastics-scifilicious；lgbtq,3
9,five-star-predictions；im-gonna-become-the-joker；queer-leads,3
10,arcs-read；generic-uninspired-fantasy-books,2
12,disability；fantasy；t4t,3
13,latinx-authors,1
16,lgbtqiap-plus；not-yet-published,2
20,arcs,1
21,arc；netgalley,2
24,queer；trans,2
27,2023-most-anticipated；2023-releases；a-young-adult,3
29,bisexual；trans,2
32,fantasy；fya-reviewed；lgbtq,3
33,latinx-author；queer,2
35,arcs；bipoc-authors；dnf,3
36,arcs,1
37,2023-read；bipoc-author；disability-rep,3
39,ownhardcopy,1
42,2023；arcs-alcs-finishedcopies；dnf,3
43,arcs,1
47,fantasy；library-print-books,2
53,disabled-fantasy-recs；favorite-reads；latinx-fiction,3
61,audio；fantasy；lgbtq,3
63,lgbtqiap,1
64,read-audiobook；read-genre-ya-fantasy；read-rep-queer,3
65,disability；fantasy；lgbt,3
67,my-children-my-babies-my-loves,1
68,covergasm,1
73,books-for-izzy；queer-sffh；read-2023,3
75,disability-rep,1
79,arcs-2022；genderqueer-rep；queer-rep,3
82,december-reads；oh-hi,2
83,fantasy；queer,2
85,arc-beta；disability-chronic-illness-pain；lgbtqia-characters,3
89,3-star；fantasy；read-in-2023,3
91,fantasy；lqbt；netgalley-arc,3
98,fantasy；queer-books,2
101,fantasy；lgbtqia；read-ya,3
102,assassins；dual-pov；fantasy,3
103,arc-review；audiobooks；from-publisher,3
105,genderqueer-lead-fantasy；netgalley,2
106,lgbtqa-reads；netgalley-reads,2
107,2024-reads,1
113,2023-releases；listened；netgalley-arcs,3
115,2023-reads；arc-giveaways,2
118,netgalley,1
122,fantasy；lgbtq；the-b-list,3
126,aoc；author-lgbtqi；disability,3
127,audiobooks；lgbtqia；young-adult,3
129,arcs；netgalley,2
131,2023；action-adventure；fantasy-sci-fi,3
136,achillian；nb-queer；net-galley,3
144,character-driven；differently-abled；lgbtq,3
150,giveaways-arc-reviews,1
152,enemies-to-lovers；queer；sff,3
155,2023-ya；lgbtqia；netgalley,3
156,2slgbtq-books；ya-middle-grade-books,2
157,enemies-to-lovers,1
160,2023-reads,1
161,sword-challenge,1
165,b23；fantasy；lgbtqia,3
167,queer,1
168,2023-reads,1
172,own；read-2024,2
175,fantasy；reviewed-by-mandy-c；young-adult,3
185,fantasy；young-adult,2
192,2023-audio；author-bipoc；author-queer,3
197,dnf；netgalley,2
199,netgalley,1
202,netgalley,1
207,2023-read；action；audiobook,3
213,2024,1
214,2023-releases；age-young-adult；collection-fiction,3
216,enemies-to-lovers；lgbtq,2
221,2023,1
222,fantasy；latinx-rep；lgbtqi-rep,3
223,audiobooks；read-in-2023,2
224,rainbow-reads,1
226,read-2023,1
230,sure-bets；ya-fantasy；ya-queer,3
231,2023；fantasy；young-adult,3
233,want-to-own,1
234,favorites；lgbt；lgbt-fantasy,3
235,2023-tbr；autistic-neurodistinct-author；fantasy-fiction,3
236,lgbtq,1
237,enemies-lovers；woman-empowering,2
244,z-2023-katie,1
245,bipoc-author；disability-chronic-mental-illness；fruity,3
247,disability-rep；lgbtqia2s,2
251,audio；fiction；ov,3
252,kwi-2024,1
256,anticipated-for-2023；arcs；fantasy,3
259,bipoc；high-fantasy；lgbtq,3
260,archives；authors-i-ve-met；fantasy,3
262,fantasy；tbr-2024,2
263,advanced-reader-copy-reviews,1
264,2023；disability-neurodiversity；fantasy,3
265,transmasc-nonbinary-rep,1
267,ya-fiction,1
