Row,Tags,Tag_Count
1,2023-3-stars,1
2,black-author；faeries,2
3,2023-releases；black-author；black-mc,3
4,2023-favourites；fantasy；lgbtqia-rep,3
8,authors-i-m-divorcing；book-boxes；its-a-no-from-me,3
11,do-not-read；fantasy；my-library,3
13,fantasy；romance；young-adult,3
15,arcs-finished；audience-young-adult；black-authors,3
20,arc,1
25,arcs,1
26,2023-owned-read；2023-reads；all-at-sea,3
28,fantasy；read-in-2023；young-adult,3
29,3-star-reads；fantasy；new-author-to-me,3
30,generic-uninspired-fantasy-books,1
32,fairyloot-edition；series,2
35,2023-releases；beta-reads；fantasy,3
38,arcs-ebooks-netgalley；hardbacks-owned,2
41,books-i-physically-own,1
42,arc-are；netgalley-reviews,2
44,fantasy；romance；ya,3
45,read-in-2024,1
48,arcs；fantasy；releases-2023,3
56,books-i-own；fantasy-scifi；read-in-2023,3
58,arcs,1
61,action-adventure；fantasy；mythology,3
62,books-i-own；fairyloot；fairyloot-ya,3
64,book-box-subscription；signed-by-author；special-edition,3
66,arcs,1
67,2023-reads,1
69,bipoc-authors；enemies-to-lovers；fantasy,3
71,fairyloot,1
72,netgalley；review-copies,2
73,2023-reads；arcs；buddy-reads,3
74,2023-releases；arcs-netgalley；author-of-colour,3
75,really-liked-it；would-read-a-sequel,2
79,4-star；bipoc；enemies-to-lovers,3
81,2023-releases；fairyloot；fairyloot-read,3
87,arc-reads-2023；book-reviews；fantasy-reads,3
89,favorites,1
94,authors-of-color；fantasy；young-adult,3
95,arcs；fantasy；kindle,3
101,bipoc；black-author；fantasy,3
104,arc；fantasy；netgalley,3
107,own；read-2023；se-fairyloot,3
111,own,1
116,2024-reads；4-star-reads,2
118,2024-year-in-reviews；enemies-to-lovers；fairyloot,3
119,2023-tbr；fantasy；fiction,3
120,favorites-ish；i-enjoyed-the-experience；was-actually-4-point-5-stars,3
122,2023-reads；arcs,2
124,2023-arc；2023-release；author-of-color,3
127,fairy-loot-editions；fantasy；ya,3
130,netgalley,1
132,2023-releases；buddy-reads,2
135,physical-books,1
137,favorites,1
139,2024-reads；already-bought-hard-copy；fairyloot-illumicrate,3
140,2023-anticipated-releases；2023-reads；annotated-physically,3
143,ebooks；netgalley,2
144,2023-release；digital-read；fantasy,3
148,book-sub,1
154,arc；audiobook；fairyloot,3
156,adult；arc；fantasy,3
158,unalivers,1
159,romantasy,1
172,owlcrate,1
173,fantasy；poc-authors,2
174,fiction；library-rental-audiobook；sff,3
179,fantasy；fiction；romance,3
181,2-stars,1
183,audiobooks；own,2
185,2024-reading-challenge,1
188,monthly-subscription-box,1
192,2023；audio；cs-library,3
196,2023-read-what-you-own；2023-reading-challenge；2023-smashing-tbr,3
197,fairyloot-ya；morally-grey-fmc；ya-fantasy-recs,3
198,2023-reads-137；own-read,2
199,on-my-shelf；special-edition,2
202,bøger-jeg-ejer,1
203,owned,1
204,library-book,1
207,books-i-own；owlcrate-fairyloot,2
208,2023-read-your-shelves；audiobook；authors-of-color,3
214,audiobook,1
215,audio-book,1
216,2023-anticipated-releases；all-time-favorites；bipoc-authors,3
217,2023-reads；fairyloot,2
222,fantast,1
233,swiftie-books,1
235,2023-reads；arcs-earcs,2
239,netgalley,1
241,my-books,1
245,age-ya；genre-fantasy；great-concept-shoddy-execution,3
246,villain-era,1
247,favorites,1
252,english；high-fantasy,2
254,2023-releases；arcs；black-rep,3
259,2-stars,1
260,bookshelf；fantasy；good,3
263,2023-anticipated-releases；african-fantasy,2
265,arcs,1
267,dnf,1
271,5-star-reads-fiction；arc-s,2
272,fantasy,1
274,fantasy；young-adult,2
275,cover-love；fantasy；romance,3
276,2023；fantasy；netgalley,3
279,botb2023；fantasy；ya,3
281,new-to-me-author,1
282,fantasy；magic；mermaids,3
283,worse-of-the-worst,1
286,arc；my-books；my-ebooks,3
287,black-books；fae-books；girl-power,3
289,netgalley,1
293,action-adventure；advance-reading-copy-advance-uncorr；fantasy,3
