Row,Tags,Tag_Count
0,dystopia；greek_mythology；novella,3
2,tor-tordotcom,1
3,novella；scifi,2
7,adult-books-read；fantastic-fabrications；mythological-majesty,3
10,arcs-and-galleys；dystopia；retellings,3
11,2023；2023-release；5-stars,3
15,dnf；dystopian；retellings,3
16,3-stars-23；arcs；kindle,3
21,4-star；sci-fi,2
22,classics-retold；dystopian-societies；novellas,3
23,2022,1
24,arcs-read,1
25,all-time-favs；amazing-books-i-ve-annotated；dystopian,3
27,2023-reads；dystopian；ebook,3
29,ebook；netgalley-arc；ryb-mount-tbr,3
32,4-stars；action；fantasy-paranormal,3
37,2023；dystopian；novella-or-short-story,3
39,retelling；science-fiction,2
44,dystopian,1
47,grecco-roman-retelling；novella-read；sci-fi-read,3
48,mythology；novella；reimagining,3
49,adult-fiction；audiobooks；dystopia,3
51,novellas；retellings,2
52,arc；z-cus-1-3；zzz-2022,3
54,sci-fi,1
55,arc；dystopian；fantasy,3
56,2023；e-arc；science-fiction,3
57,netgalley,1
60,2-5-stars；2023；review-books,3
69,retelling；sci-fi,2
72,read-physical,1
73,audiobooks,1
74,audiobooks；fiction；women-scifi,3
77,april-2023；read-in-2023,2
82,arc；netgalley,2
83,derivative；fucked-up-dystopia；interesting-premise-poor-execution,3
84,arcs,1
85,dnf；twice-told-tales,2
88,netgalley,1
89,best-of-2023；rrrc-2023；tears-don-t-fall,3
91,2023,1
92,2023；myth-gods-heroes；retellings,3
93,apocalyptic-or-post-apocalyptic；science-fiction；thrillers,3
94,reviews,1
96,audiobook；met-author；netgalley,3
97,2023-reads；fantasy；retelling,3
99,arc-s-netgalley-and-edelweiss；fantastico-fantastics-scifilicious；prince-or-pauper,3
100,2023；adult；arc,3
101,52-in-2023,1
103,all-time-favs；arc-beta；books-i-own,3
109,4-stars；dystopian；retellings,3
112,arc-reads；netgalley,2
113,feb；reviewed,2
114,auth-f；sf-f-h；x2023-read,3
115,third,1
116,arc；ebook,2
118,2023-release；apocalypse-dystopia；audiobook,3
119,2024-read-harder-challenge；american；dystopian,3
124,mt-bookpile-2022,1
126,audiobook；borrowed-books；read-books-m-r,3
128,best-of-2023；lgbtqi-main-or-side-rep-or-author,2
129,2023-releases；arcs,2
142,favorite-authors,1
143,on-my-shelf,1
156,fiction；library-book；read-in-2023,3
157,2023；library,2
160,galaxy,1
162,2023,1
164,2023,1
165,apr-2023,1
169,fictional-families,1
180,favorites-2023,1
188,read-2023,1
190,borrowed-from-library；ya,2
193,jya；shelf；signed,3
196,2023,1
206,exwishlist；pastiche；pc,3
213,2023-release；borrowed-library,2
214,2023-reads,1
216,library-physical-or-ebook,1
217,2023-tbr-goal；ancient-greece；library-tbr-2023-04,3
219,1-2-day-reads；5-stars；advance-reader-copies,3
224,2023-prompt-challenge,1
225,favorites,1
226,netgalley；review-copy-provided-for-mmbbr,2
228,books-read-in-2023；sci-fi-or-dystopian,2
230,own,1
231,2023-releases,1
233,adult；owned-tbr；retellings-reimaginings-etc,3
237,2023-pub；ancient-themed；arc,3
239,dystopia；science-fiction,2
240,fiction,1
241,arcs-i-want,1
245,2023-arc-reviews,1
248,author-publisher-arcs-copies；owned-physical；read-2023,3
250,also-have-hardcopy；giveaways-arcs,2
251,arc；novella；read-2023,3
252,arcs,1
254,dystopias,1
256,feb-23,1
261,depressing；fizzled；library-book,3
265,2023；must-read-grabby-hands；read-for-review,3
266,dystopia；fiction；sci-fi,3
267,2023-read,1
269,sci-fi-standalone；short-stories,2
278,kindle-food；netgalley,2
283,netgalley,1
286,read-in-2023；women-that-write-are-powerful,2
288,read-as-an-arc,1
291,2023；library-book；novella,3
296,2023-gr-challenge；arc；fell-short-of-expectation,3
298,2023；audio；dark-fantasy,3
299,arcs；dystopian；fantasy,3
