Row,Tags,Tag_Count
0,2022；arc；fantasy,3
3,fairy-tale-retellings；fantasy；have-reviewed,3
4,disappointing；earc；fantasy,3
5,beasts-monsters-demons；book-heaven；curses-betrayals-plot-twists,3
6,a-few-of-my-favourite-things；deserves-all-the-stars；i-doff-my-hat-to-your-cleverness,3
7,dark-fantasy；fantasy；morally-grey-characters,3
8,arcs；full-reviews；the-writing,3
9,2022-return-to-reading；enemies-to-lovers；fantasy,3
10,netgalley-arc,1
11,arcs；fantasy；owned,3
13,1st-pov；2022；anti-hero,3
14,beautiful-covers；enemies-to-lovers；young-adult,3
15,2022,1
16,reto-2023,1
17,1-star；audio；beautiful-cover,3
18,4-stars；fairyloot；library-book,3
19,arc；hero-bland；heroine-abrasive,3
21,confusing-plot；cringe-romance；disappointment,3
22,4-star；fantasy-read；fantasy-tbr,3
23,annoying-heroine；black-haired-hero；booktok,3
24,2022；arc；asian-authors,3
26,arcs,1
29,2022；author-is-nice；from-publisher,3
30,2021；2022-releases；arcs,3
31,a-drop-of-spice；fantasy；forbidden-romance,3
32,2022-anticipated-releases；5-star；best-main-characters,3
33,4-stars；arcs；book-boyfriends,3
34,a-rtc；age-ya；genre-fantasy-scifi,3
35,fantasy-series；fantasy-standalone；forbidden-romance,3
37,fantasy；kill-it-with-fire；punchable-love-interest,3
38,arc,1
39,enemies-to-lovers；fantasy,2
40,2022-reads；arcs；asian-rep,3
43,buddy-read-with-r；enemies-to-lovers；fantasy,3
44,enemies-to-lovers；fantasy；july-2022,3
46,arcs；fairies；fantasy,3
47,arcs；netgalley,2
49,chosen-ones；enemies-to-lovers；favorites,3
50,age-young-adult；genre-fantasy；genre-retellings,3
51,arcs；asian-authors；ya-fantasy-favorites,3
52,2022；book-boyfriend；enemies-to-lovers-x,3
53,fantasy；netgalley；ya,3
56,arcs,1
58,read-2022；ya-fantasy,2
59,2022-releases；review-copy-arc-provided,2
61,owned；read-owned,2
62,2021；2021-again；2022,3
63,favorites；owned,2
64,gifts-from-authors-and-publishers；netgalley-books-read；z-2022-books-i-read,3
65,2022-releases；author-bipoc；rep-asian,3
66,fantasy,1
67,2024-audiobooks；asian-fantasy；enemies-to-lovers,3
68,on-my-bookshelve,1
72,audiobook；fiction；first-book-in-the-series,3
73,fantasy；gorgeous-covers；new-releases-2022,3
76,laufende-reihen；warte-auf-die-fortsetzung,2
80,2023；cover-love；enemies-to-lovers,3
81,arc-netgalley,1
83,book-talk-with-wifey,1
87,3-stars；read-2023,2
88,fantasy；faves；ya,3
89,read_2023,1
90,i-love-it-when-women,1
92,read-in-2022；ya-fantasy,2
94,arc；netgalley,2
95,the-bookshelf,1
97,2022；2023；arc,3
98,enemies-to-lovers-cat-fishing,1
100,audio-books；author-to-keep-an-eye-on；bad-hero,3
101,3-star-reads；book-club；books-i-own,3
102,netgalley-arc；read-in-english,2
105,fantasy；ya,2
106,arc,1
107,2022；2022-arcs；fairy-tales,3
112,2023；my-favs,2
114,1-star,1
117,2022-arcs,1
118,fantasy；lgbtqia-rep；poc-rep,3
119,2022；fantasy；favourites,3
120,booktalk-with-wifey；ya-fantasy,2
122,2022-reads；arc-reads；fantasy,3
124,booktalkwithwifey；fantasy；young-adult,3
125,arcs,1
127,arcs,1
130,2022-books-that-have-me-frantic,1
131,enemies-to-lovers；fantasy；read-in-2022,3
134,2022-read；fantasy-and-scifi；lgbtqiap,3
135,2022-releases；fantasy-types,2
137,fairies；fairyloot-book；hardback,3
139,debuts；fantasy-scifi,2
140,2024-reads,1
143,read-in-2023,1
145,2022；fantasy；ya,3
146,2022,1
148,arcs-or-review-copies；read-in-2022；released-2022,3
149,fantasy；youth-young-adult-fiction,2
156,arcs；fantasy；hate-to-love,3
158,not-bad-not-too-good；read-as-ebook,2
163,books-i-own；owlcrate-books,2
167,2022-netgalley-reads；2022-reads；fantasy,3
168,2023；books-i-own；fantasy,3
170,arc-s-netgalley-and-edelweiss；fantastico-fantastics-scifilicious；i-m-so-excited-to-read-this,3
173,dnf,1
174,4-stars；e-book；enemies-to-lovers,3
175,bipoc-authors；pretty-cover-art；royalty,3
177,arc；fantasy；romance,3
179,2022-arcs；2022-releases；arcs,3
180,arc；asian-fantasy；authors-eng,3
181,e-arc-titles-done；netgalley-grind；tbr-e-books,3
183,netgalley,1
186,fantasy；magic；young-adult,3
187,arc,1
188,4-stars,1
191,2022-read；arc；maybe-recommended,3
192,2022；fantasy；rather-not-thanks,3
193,arc-review；audiobooks；from-publisher,3
197,bookboxbooks,1
200,2023；clean；cuentos-de-hadas,3
202,kindle,1
204,and-i-love-you-its-ruining-my-life；couples-that-have-my-heart-and-soul；devoured-in-one-sitting,3
209,2023-reads；5-stars；books-i-own,3
210,enemies-to-lovers；fantasy；royalty,3
211,not-finished,1
212,someday-tbr,1
216,fairyloot；owned,2
218,abandoned,1
219,netgalley,1
222,fairyloot-and-illumicrate,1
224,arcs；fantasy；netgalley,3
226,arc；ya,2
227,arc；enemies-to-lovers；fantasy-paranormal,3
229,arcs；asian-authored-books；forbidden-romance,3
232,4-stars；english-read；one-shot,3
234,enemies-to-lovers；fairies-or-fae；fantasy,3
235,2022；audio；cs-library,3
237,2022；cover-love；enemies-to-lovers,3
238,2022-releases；arcs-netgalley；author-of-colour,3
240,my-bookshelf,1
242,arcs-finished；asian-authors；audience-young-adult,3
243,fantasy；netgalley,2
244,fantasy；from-publisher,2
245,2022-release；fantasy；paranormal,3
246,idk-how-i-feel；lgbtq-rep；wtf-in-a-bad-way,3
248,fairyloot；ya-ya-fantasy,2
250,2-star-meh-read；age-new-adult；age-young-adult,3
251,1-highly-anticipated；zz-2022-highly-anticipated；zz-2022-jul-releases,3
252,fairyloot-books；own,2
255,2022-releases；asian-rep-or-author；diverse,3
257,netgalley-arcs,1
259,bookshelf；kindle,2
263,2022-releases；author-of-color；earcs,3
264,2022；audiobook；fantasy,3
267,books-i-own；fairyloot；fantasy,3
270,asian；dragons；fantasy,3
271,arcs；arcs-2022,2
272,ongoing-series-next-book-to-read；witches,2
273,2023；beautiful-cover；book-subscriptions,3
277,audiobooks；own,2
278,anticipated-releases-2022；owned；physical-tbr,3
279,enemies-to-lovers,1
281,4-stars；z2022-challenge,2
283,boekenkast,1
292,2-star；2023；book-tube-had-influence,3
299,owned-books,1
