Row,Tags,Tag_Count
0,autism-rep；five-star-predictions；im-gonna-become-the-joker,3
2,arcs；disability-books-i-ve-read,2
3,2023-looks-good；23-for-2023,2
5,arc-reads；netgalley,2
8,2023-reads；arcs-earcs,2
9,2023；autism-rep；e-arc,3
13,feminine-rage,1
19,accurate-disability-rep-in-ya,1
20,arc；own-book,2
21,2023-reads；2023-releases；arc,3
22,arc；book-tour-books；my-ebooks,3
25,2023-read-arcs,1
28,2023-goodreads-challenge；tbrandbeyondtours,2
31,2023-new-release-challenge；amazon-reviews-pending；fantasy,3
33,arc-copy；did-not-finish；young-adult-fiction,3
34,autism；body-diversity；fantasy,3
36,feminine-rage；stories-about-stories,2
42,borrowed,1
51,fantasy；reviewed-by-mandy-c；young-adult,3
54,curses；disturbing；fantasy,3
57,ya,1
60,genre-sf-f；library；ya,3
62,bbft-read；fiction,2
63,2023-releases；disability-fiction；fantasy-adventure,3
66,young-adult,1
70,fantasy,1
71,fantasy；neurodiversity-rep,2
72,disability,1
78,fantasy；fya-reviewed；mythology,3
79,2023；3-stars；arcs,3
81,01-2024-jan；faves-of-2024；favorites,3
82,neurodiverse,1
