Row,Tags,Tag_Count
2,libro-fm-library,1
7,2023；arc；fantasy,3
8,2024-read；anticipated-releases-2023；arcs-received,3
10,arcs；asian-authors；south-asian-rep,3
12,annoying-protagonist；books-i-own；disappointed,3
13,2023-read,1
17,finish-the-damn-series,1
23,2023,1
24,2023；fantasy；historical-fiction,3
25,my-shelf,1
27,owned-books；owned-books-read,2
29,audiobook-shelf；fantasy；owned-books,3
30,arc；netgalley,2
31,24-for-24,1
33,books-i-own；favorite-books；favorites,3
40,2024-year-in-reviews；annoying；fantasy,3
43,2023-reads；fantasy；historical-fiction,3
45,books-read-in-2023,1
54,2023-reads；audio-books；need-reviews,3
56,my-library,1
59,2024-reads,1
63,own,1
64,alcohol-consumption；blood-drinking；child-abuse-and-neglect,3
67,tbr,1
72,ya；ya-fantasy；ya-romance,3
78,1-star；reading-challenge-2024；skimmed-dnf-100pages,3
81,liked-it-but-wouldnt-read-it-again；lowk-disapppointed；tore-me-apart,3
95,fairies；historical-fantasy；no,3
96,historical；urban-fantasy,2
98,2023,1
106,wheel8,1
108,4-stars；epic-series；fantasy-paranormal,3
111,fae；fantasy；magic-paranormalcy-romance-vampi,3
112,on-my-finished-shelves,1
113,audiobook；fae,2
117,1rom-com,1
119,own-hardcover,1
120,faeries；fantasy；rage-reads-almost-dnf,3
125,ya-fantasy；ya-historical；ya-paranormal,3
127,fantasy；teen,2
137,autumn-reads；can-t-wait；fantasy,3
138,owned,1
145,x-24-03-mar,1
151,giveaways,1
153,library-of-owned-books,1
161,giveaways,1
164,audiobooks；fae-or-fairies；kingdoms-and-crowns,3
170,owned,1
172,couleurs；livre；queens,3
183,audiobook；fantasy；historical,3
204,signed-copies,1
213,2024；books-on-cd；tbr,3
242,2023-reading-challenge；audiobook；i-own,3
244,arcs,1
245,2024-audiobook-challenge,1
