Row,Tags,Tag_Count
1,4-25-stars；edelweiss,2
2,dystopia；indian；sf,3
3,4-stars；dystopian；india,3
5,scifi,1
7,2023-sf；asian-sff-authors；freebies,3
8,2023-june-reading-challenges；dystopian；place-india,3
9,2022；collection；netgalley,3
10,sf,1
11,2023-read,1
12,a-adult；arcs；f-novel,3
13,asian；disability；feminist-fiction,3
14,arc；auth-f；bipoc-actor,3
19,2023-read；5-star；dystopia,3
20,sci-fi,1
22,cyberpunk,1
24,netgalley,1
25,2023；read-for-review,2
28,netgalley,1
29,2020-published；2020-read；author-signed,3
31,2024；sci-fi,2
33,netgalley,1
35,2022-free；dystopia；india,3
36,dystopian；fantasy-one-offs；fiction,3
44,easy-to-read；fiction；science-and-technology,3
48,netgalley；sci-fi,2
50,award-win-nom；fantasy；low-priority,3
51,2024-reads；d-n-f；dystopia,3
57,2023-netgalley,1
59,2020-favourites,1
60,2023,1
61,kindle；netgalley,2
62,net-galley；science-fiction,2
66,netgalley,1
68,arcs；owned-ebook,2
71,2023；dystopia；netgalley,3
72,read-in-2023；science-fiction,2
75,2022；dystopian；review,3
80,arc；female-authors；fiction,3
82,arc；read-2023,2
112,indian-literature；science-fiction,2
114,checked；fantastic；india,3
115,science-fiction,1
116,2023-netgalley；2023-science-fiction,2
118,sci-fi,1
121,sci-fi,1
125,to-buy,1
128,novels；read-harder-2023；speculative-fiction,3
129,dystopian；scifi,2
139,science-fiction,1
142,science-fiction,1
143,novel；science-fiction,2
145,science-fiction,1
148,good-reads,1
154,adult；did-not-finish,2
155,dystopian；post-apocalyptic；sci-fi,3
161,sci-fi,1
169,d-n-f；diversity-author；diversity-main-character,3
170,sci-fi,1
174,sci-fi,1
