Row,Tags,Tag_Count
0,dystopia；sff,2
1,2023-books；science-fiction,2
3,by-men；by-poc；sff,3
4,arcs-read；buddy-read,2
6,arcs；cleaning-out-the-tbr-closet-2024；didn-t-finish,3
9,at-slo-paso-bg-pa；fantasy；friend-recos,3
10,science-fiction,1
11,sci-fi；sff-book-club-challenge,2
13,d-jinn；queer-sff；sffbc-ratb,3
14,scifi-club-read,1
15,authors-of-color；man-author；scifi,3
19,2024；sci-fi；sci-fi-and-fantasy-book-club,3
21,netgalley-arc；tor,2
23,cyberpunk；pocmaincharacters；sci-fi,3
24,dnf,1
25,bipoc-authors-or-subject；science-fiction,2
26,arcs,1
27,2023saratravels；retelings；scifi-fiction,3
29,science-fiction,1
30,novel,1
31,dystopia；mythology-fairytales-and-retellings；queer-themes,3
33,2024；5-star,2
34,2024；scifi,2
35,netgalley；sci-fi,2
36,2023-read；dystopia；fantasy-and-scifi,3
39,adventure；aliens；dystopian,3
40,bipoc-author；bipoc-characters；quiltbag-characters,3
41,desi-main,1
48,bipoc-lit；fiction；netgalley,3
50,asian-scifi-fantasy；cyberpunk；dystopia,3
51,fiction-science-fiction,1
52,digital-library；trad-interests,2
53,edelweiss；sci-fi,2
54,netgalley；queer-lit；sff,3
61,science-fiction,1
62,sci-fi,1
63,2023；fantasy；netgalley-to-review,3
64,read-2023,1
65,fantasy；fiction；sf,3
69,fantasy-scifi；read-in-english,2
73,did-not-finish,1
75,scifi,1
77,2023；cover-love；cyborg-robot-ai,3
78,2023-reviews,1
79,arcs,1
80,favorites；lgbt；science-fiction,3
84,netgalley-2023；reviewed-in-words,2
86,2023-reads；action-adventure；author-of-another-country,3
90,advanced-reader-copies；dystopic-or-post-apocalyptic；fairy-tale-retellings,3
92,sf-fantasy,1
93,arc；artificial-intelligence；indian-diaspora,3
94,2023-reads；favorites；science-fiction,3
95,netgalley,1
100,advanced-reading-copy；adventure；bipoc-author,3
101,retellings；sci-fi；speculate,3
102,science-fiction,1
105,2023；fantasy；netgalley,3
106,read-arcs；rep-achillean；rep-misc-queer,3
107,adult；science-fiction,2
110,arcs,1
111,just-for-fun,1
113,arc,1
117,arc；other-worlds,2
120,2023-review-copy,1
125,scifi,1
129,fairy-folk-myths,1
130,3-sci-fi；6-adult；asia,3
131,science-fiction,1
133,2023,1
140,2023-shelf；sci-fi,2
142,fantasy；netgalley；popsugar2024,3
144,2024,1
146,2024-read；dnf；sci-fi,3
147,fun；loved-it；quirky-sci-fi,3
148,fantasy；science-fiction,2
149,2023-books-read,1
152,2024-reading-challenge,1
154,my-physical-library；science-fiction,2
156,did-not-finish,1
158,fantasy；scifi,2
160,sci-fi,1
162,21st-century；science-fiction,2
164,2024；errol-flynn；family,3
167,science-fiction,1
170,21st-century；digital-library；read-in-2023,3
179,read-me-to-escape；robots-robots-robots；tales-retold,3
180,scifi,1
182,own,1
183,adventure；artifacts；artificial-intelligence,3
184,2023-new-books,1
185,arc；science-fiction,2
188,2023-tbr；asia；must-read-sff,3
191,science-fiction,1
192,favorites,1
194,scifi-fantasy,1
196,sf-fantasy,1
199,artificial-intelligence；fairy-tales；fantasy,3
201,science-fiction,1
205,fantasy；fiction；mysteries,3
206,2023；casual-reading-2023,2
207,at-library-dc；genre-scifi,2
210,2024；library,2
214,dnf；science-fiction,2
220,dnf,1
224,dnf,1
231,fantasy-sci-fi,1
232,2023,1
233,arc-s-to-review,1
236,abandoned；sci-fi；space-junk,3
238,2023,1
240,2023-reads,1
242,lgbtquia；science-fiction,2
243,2023,1
244,dnf,1
249,fiction；yay-for-libraries,2
255,did-not-finish,1
257,dnf,1
258,adult-fantasy-and-sci-fi；bipoc-author；fruity,3
259,fiction；queer-characters；scifi,3
260,dnf,1
261,fantasy；science-fiction,2
265,cyberpunk,1
267,2024,1
268,2024-reads；b2weird；robots,3
269,2023；did-not-finish；library,3
270,sciencefiction,1
271,consider-for-read0,1
273,sci-fi,1
274,science-fic,1
275,to-read-sci-fi,1
276,adult；future；robots,3
278,published-in-2023；science-fiction,2
280,fairytales-n-myths-remixed；things-i-left-unfinished,2
285,adult-lit；dystopia；sci-fi,3
287,fantasy,1
290,2024；2024-15-books,2
295,science-fiction,1
299,netgalley,1
