Row,Tags,Tag_Count
1,fantasy；female-authors；owned,3
4,0-series；1-arc-advanced-reader-copies；3-watch-for-a-sequel,3
6,2023-reads；futuristic；romance,3
7,happily-ever-avon；netgalley；non-pod,3
9,2023；2023-netgalley-challenge；direct-from-publisher,3
10,audio2023,1
12,arc；romance；series,3
14,sci-fi,1
17,2023-audiobook-challenge；2023-romance-reading-challenge；audiobooks,3
18,arc；june-2023-reading-list,2
19,ebook；netgalley；review-copy,3
20,fantasy-scifi,1
21,audible；lots-o-skimming；no-chemistry-how-are-they-naked,3
24,a-blah-feeling；fantasy；speculative-fiction,3
26,banter；forced-proximity；found-family,3
29,2023；ebook；romance,3
30,science-fiction-romance,1
31,read-in-2023；reviewed-for-smexy；science-fiction,3
32,arc；reviews；romance,3
35,audiobook,1
36,character-thieves；cover-color-orange；genre-science-fiction-romance,3
37,fantasy；romance；suspense-mystery,3
39,2023；7arcs；a-1zip,3
40,2023；arc；banter,3
44,2023-favorites；ebooks；read-in-2023,3
45,2023；audio-book；romance,3
47,2023-release；arc-edelweiss,2
48,audiobook；romance；sci-fi-romance,3
50,adult；alpha-hero；futuristic,3
51,arc；romance-theme-enemies-to-lovers；science-fiction,3
52,dnf；released-in-2023；science-fiction-romance,3
53,2020s；novels；read-in-2023,3
54,adventure-sci-fi,1
59,crewwhoscrew；female-protagonist；romance,3
64,2024-reads,1
65,romance；science-fiction；space-opera,3
66,2023；romantical；sci-fi,3
70,2023；animal-sidekick；arc,3
71,reviewed,1
72,romance-with-a-likely-side-of-smut,1
75,most-anticipated-books-2023,1
76,paused,1
77,fantasy；mystery-suspense；scifi,3
79,2023-reads,1
80,omar,1
82,fantasy；romance；science-fiction,3
84,great-and-worth-the-read,1
86,scifi-romance,1
87,action-and-adventure；action-and-adventure-empires；action-and-adventure-fantasy,3
89,romance；science-fiction,2
93,2023；sci-fi；sci-fi-romance,3
95,aliens,1
97,2023-releases；netgalley-arcs；romance,3
102,4-stars；action-adventure；netgalley,3
107,arcs,1
114,genre-sci-fi；read-physical-own；smut,3
118,2023-reading-list,1
119,author-웃；series-ongoing；year-read-2023,3
122,series-completed,1
123,2023；dnf；science-fiction,3
124,romance；science-fantasy,2
126,netgalley；romance；science-fiction,3
127,netgalley；romance；science-fiction,3
128,2023；ebook-from-netgalley；f-m,3
129,own-digital,1
130,2023；favorites；romance,3
135,sci-fi；sci-fi-romance；second-chance,3
138,audiobook；scifiromance,2
139,adventure；own；romance,3
141,adult；fantasy；science-fiction,3
144,3-5-stars；romance；sci-fi,3
147,adult；adventure；read-in-2023,3
148,2023；audio；romance,3
150,audiobook,1
151,half-baked-books-only-partially-re,1
155,2023-ripped-bodice-summer-bingo,1
161,arc-netgalley-giveaway,1
164,space,1
165,2023；audio-and-book-tandem-read；bookshelf,3
166,2023；audio；mid20-or-older-fmc,3
167,audiobook；library-borrow,2
168,like-it,1
169,2024-reading-challenge,1
172,netgalley,1
173,i-wish-i-hadn-t-wasted-my-time,1
179,adult-science-fiction,1
180,3-in-series,1
181,adult；instant-fave；spicy,3
183,novel,1
187,adult,1
200,audiobooks,1
201,romance；sff,2
202,science-fiction；space-opera,2
205,fmc-over-30,1
207,dnf,1
208,ebook；kindle；own,3
209,adult-fiction；romance；science-fiction,3
211,fiction,1
214,aliens；enemies-to-lovers；military,3
218,romance；sci-fi,2
219,owned,1
220,2024-reads；2024-vwf-dirty-dozen；action-adventure,3
221,arc；e-book；fiction,3
224,2023,1
229,2023；2023-faves；2023-releases-read,3
230,sfr-pnr,1
232,ebook；favorites；physical-book,3
233,overdrive-books；read-in-2023,2
234,dnf,1
239,2023；found-family；romance,3
243,read-in-2023,1
246,aliens；sci-fi-futuristic,2
251,romance；sf-fantasy,2
253,sci-fi,1
258,sci-fi,1
261,fantasy-sci-fi；romance；series,3
262,libby；romance-science-fiction,2
267,fiction；romance；science-fiction,3
275,adult；romance；sciencefiction,3
276,2023,1
280,2023；5-stars；science-fiction-romance,3
284,sci-fi；speculative-romance,2
285,fiction；romance；science-fiction,3
286,2023；action；alien,3
288,2024；adult-fiction；fantasy-sci-fi,3
289,2024,1
290,didn-t-finish,1
291,2024-reads,1
294,2024,1
296,my-books,1
297,audiobooks；romance；science-fiction,3
