Row,Tags,Tag_Count
1,audiobooki-2024,1
5,fantasy；read-in-2023；ya,3
7,arc；cliffhangers；cringey-romance,3
9,2023；fantasy；mythology,3
11,scraming-crying-kicking-my-feet,1
12,buddy-reads；from-publisher；netgalley,3
14,debuts；dystopian；fantasy,3
15,2023-releases；arcs；netgalley,3
16,march-23,1
18,2024-arcs,1
19,2024-reads；physical-books,2
20,2-star；2023-anticipated-releases；annoying-main-characters,3
25,2024-reading-challenge；από-εκδότες-συγγραφείς；η-βιβλιοθήκη-μου,3
27,fantasy；mystery-thriller；romance,3
28,2022-reads；arcs,2
29,2023；e-arcs；fantasy,3
35,przeczytane-w-2024；young-adult,2
37,dnf,1
38,2023,1
39,2023-read；anticipated-releases-2023；arcs-received,3
40,buddy-reads-with-panagis；greek；personal-challenge,3
41,audiobooks,1
43,netgally,1
44,fantasy-sci-fi,1
45,signed-own；won-bookish-first,2
47,audiolibri；read-2023,2
48,2023；2023-release；arc,3
50,claire-s-library；fantasy；ya,3
51,favs-of-2024,1
56,2023,1
58,2023-reads,1
61,physical-books-i-own；read-arcs,2
63,books-i-own；fantasy；favorites,3
64,arcs-digital；reviewed,2
66,fantasy,1
72,audiobook；fantasy；series,3
74,2023-reads,1
75,arcs；netgalley；young-adult,3
76,completed-review；family-dynamics；fantasy,3
78,earc；netgalley；ya-fantasy,3
79,2023-netgalley,1
82,2023；audio；cs-library,3
89,fantasy,1
96,fantasy,1
101,lgbtqia；lgbtqia-queer-general；series-to-finish-incomplete,3
103,add-to-site；animal-death；blood-and-gore-depiction,3
105,fantastyka,1
109,arc；in-english；kindle,3
112,arc；looooved-it；read-on-edge,3
113,2023,1
114,2023,1
116,2023；amazing；favorite-books,3
121,2024；współprace,2
124,mythology；proofs,2
127,2023-reads,1
133,fantasy；goodreads-choice-awards；my-library,3
134,kindle-digital；series,2
137,fantasy；m-f；my-paperbacks,3
138,audio-book；lost-interest,2
141,ya,1
149,2024,1
152,3-stars,1
153,2023-finished；arcs；bookish-first,3
154,arcs-finished；audience-young-adult；format-ebook,3
155,books-you-already-own,1
156,arcs-or-giveaway,1
157,format-audiobook；genre-ya-fantasy；rated-3-stars,3
158,fairyloot；owlcrate,2
160,authors-i-m-divorcing；book-boxes；its-a-no-from-me,3
164,2023；fantasía-ya,2
166,fantasy；five-stars；lesbian-friendly,3
170,t-2023-releases；t-arc-netgalley；t-favorites,3
172,ancient-history-mythology,1
174,owlcrate-special-editions,1
176,books-i-own；fairyloot；fairyloot-ya,3
177,arcs；black-african-lit-and-rep；chefs-kiss-cover,3
178,arc；kindle,2
179,5-star-best-of-the-best；audio-book；dystopian,3
180,dystopian；family-fiction；fantasy,3
181,2023,1
184,greek-myth-stuff-ig,1
187,audiobook,1
188,arcs,1
189,fiction；mythology；non-american-author,3
191,2023-reads；arcs；fantasy,3
194,3-5-stars；coworkers；debut-author,3
198,netgalley,1
204,arc；fantasy；magic,3
207,mythology-related,1
209,favorites；on-my-bookshelf,2
216,favs；nrftw-inspo；urban-fantasy-faves,3
217,book-box；read-in-2023；released-2023,3
218,2023-read-your-shelves；audiobook；fairy-loot,3
220,2023,1
222,2023-reads；greek-mythology,2
225,dnfed,1
233,2024；rva-book-club,2
234,physical-tbr；priority-tbr,2
235,zam,1
236,2024-reads；beat-the-backlist-2024；fairyloot-books,3
239,favorites；own；read-2023,3
241,ya-fantasy,1
242,books-i-own；fantasy-scifi；read-in-2023,3
246,fantastic-fantasy；the-butler-did-it,2
247,bookishfirst-wins,1
249,greek-mythology,1
251,libby,1
254,2023-releases；ya-reads,2
258,2023；i-should-ve-dnfd,2
259,2023-releases；e-book；from-the-publisher,3
261,arc；review-copies,2
262,past-arcs,1
264,i-dont-know-greek-myths,1
265,books-i-own,1
267,2023-reads；4-stars；ebook,3
268,most-anticipated-2023,1
270,netgalley,1
279,dnf,1
280,my-library,1
281,magic；mystery；urban-fantasy,3
285,2023-year-in-reviews；fairyloot；fantasy,3
288,arcs,1
291,dystopian；fantasy；kindle-reads,3
293,2024,1
295,received-from-net-galley,1
297,kim-recommends；subscription-box-books,2
299,favorites,1
