Row,Tags,Tag_Count
0,arc；california；diverse,3
1,arc；on-kindle,2
3,arc；fantasy；horror,3
5,2023；urban-fantasy；vampires,3
6,arc,1
7,arc；netgalley,2
8,2023；read-for-review,2
9,bipoc-actor；bipoc-author；sf-f-h,3
10,paranormal,1
11,2023-books；2023-library；march-2023,3
15,adult；contemporary-literary-fiction；from-bf,3
18,cozy；fantasy,2
19,2023-reads；horror；horror-book-club-ideas,3
21,2023,1
22,fiction,1
28,audio-book；boring；too-long,3
29,fantasy；fiction；paranormal-stuff,3
30,arc,1
31,vampires-werewolves,1
34,2023；horror,2
35,2023-release；excellent-female-characters；fun,3
37,paranormal；urban-fantasy,2
39,2023-reads；adult-novel；arc,3
44,2023-releases；authors-of-colour；fiction,3
50,exwishlist；fantasy；pc,3
51,sff,1
61,fantasy-and-sci-fi；r2023-in-2023；rock-n-rolla,3
64,horror；justread2023readingchallenge；librarybook,3
66,dark-fantasy-horror,1
68,goodreads-giveaways,1
69,audiobooks；fantasy；narrated-by-emily-woo-zeller,3
74,kindle；save-the-drama-for-your-mama；vamps,3
75,paranormal,1
76,netgalley；urban-fantasy,2
77,fantasy；grief；mystery,3
80,2023；arc；contemporary,3
84,california；families；music,3
87,edelweiss,1
90,2023,1
91,arc-read,1
95,bought-looked-interesting；contempory；domestic-drama,3
98,2023,1
99,paranormal-supernatural-magic；sci-fi-fantasy-horror,2
100,adult-fiction；california；contemporary,3
103,netgalley,1
104,2023-netgalley-read；thrillers,2
107,2023；giveaways,2
108,2023-release；contemporary-fiction；vampire,3
110,netgalley,1
112,dnf,1
113,2023-challenges；adult,2
116,lgbtq-plus；rec-me；with-the-band,3
118,arc；netgalley,2
123,read-in-2023,1
126,audiobook；speculative-fiction,2
129,aoc,1
131,2023-release；adult；paranormal,3
137,awkward-pacing；dnf-ed,2
139,libby-library,1
140,adult-horror_fantastique,1
145,urban-fantasy；vampires,2
146,dnf,1
147,fiction；horror,2
149,2023-diverse-reads,1
150,i-own-this,1
153,2023-reads,1
156,fantasy；horror,2
160,fantasy；paranormal；urban-fantasy,3
162,2023；vampires,2
166,sci-fi-fantasy,1
172,aapi；diversity；reviewed,3
175,fiction；net-galley；supernatural,3
176,books-2023,1
177,2023；spotify-playlists,2
185,adult；fantasy；horror,3
188,vampire,1
190,books-read-in-2023,1
192,dnf,1
195,asian-lit,1
197,adult；fantasy；paranormal,3
200,librar；librarybook；read-2024,3
201,shelf,1
202,funny；music；vampire,3
206,physical-arc,1
209,vampires,1
210,mira,1
211,2023-reads,1
221,fantasy-urban,1
239,vampires,1
244,dnf,1
245,audio-books,1
251,adult-fiction；paranormal；protagonist-of-color,3
259,adult,1
261,vampire-novel,1
263,favourites；low-fantasy；supernatural,3
266,adult；dnf；paranormal,3
274,anglo-america；audiolibros；speculative,3
280,fantasy；paranormal-fantasy；urban-fantasy,3
281,bay-area；fantasy；fiction,3
282,2023,1
284,bay-area；fantasy；fiction,3
288,contemporary；fantasy；paranormal,3
289,chinese-author,1
294,recommends,1
295,2024,1
296,urban-fantasy-magic,1
299,audiobook；fantasy,2
