Row,Tags,Tag_Count
0,6-stars-2023；arcs-2023；read-2023,3
2,read-in-2023,1
3,paranormal-fantasy；witches,2
4,dnf-books；dragging-plot；loyal-hero,3
5,emotional；fated-mates；kindle-unlimited,3
8,2023,1
10,arc-netgalley-or-alc；contemporary-romance；paranormal,3
11,2023；arc；friends-to-lovers,3
12,pnr,1
17,e-book；inglês；meus,3
18,2023-cant-wait；arc；excited-to-read,3
22,2023；adult；paranormal,3
23,all-the-feels；demons；funny-reads-rom-com,3
24,05-2023；ревюта,2
25,2023-reads；adorable-alphas；beautifully-broken-bastards,3
31,series-to-finish,1
32,angels-demons-witches-ghosts-magic；beta-hero；blah-meh-whatever,3
36,fm-romance；kindle-unlimited；paranormal-romance,3
39,23-favorite；23-read；23-reread,3
40,alpha-male；bad-boy；cinnamon-roll-hero,3
41,2023,1
46,problematic-authors-to-avoid,1
49,audiobook；ghosts；grumpy-sunshine,3
50,0-5star；1-all-time-favs；1-kindle-book-i-own,3
51,2023-releases,1
56,freshly-baked-bread,1
62,2023-reads,1
64,2023；cinnamon-roll-heroes；favorite-reads,3
66,2023；pnr,2
72,contemporary-modern-urban；erotic-romance-smut；fairy-tale-paranormal-supernatural,3
73,1-e-book；complete-series-read；disability-rep,3
74,bada-heroine；friends-to-lovers；grumpy-hero-sunshine-heroine,3
75,insta-lust；no-third-act-breakup；witches,3
76,yes,1
80,ghosts-goblins-and-witches-oh-my；paranormal,2
81,5-star-series；bookish；friends-to-lovers,3
82,paranormal,1
83,2023；author-juliette-cross；genre-paranormal,3
84,6-stars；cinnamon-roll；damaged-scarred-hero,3
85,tbr-to-buy,1
86,2023-favorites；ebooks；ku-prime,3
87,absolute-favorite-reads；book-boys-with-wings；cinnamon-rolls,3
89,fantasy；grumpy-sunshine；indie,3
94,dual-pov；first-person-pov；grumpy-sunshine,3
95,contemp-romance；fantasy；fantasy-romance,3
99,adult；fantasy；fiction,3
103,faves,1
104,2023-favs；paranormal-romance,2
105,all-things-paranormal；alpha-f-cking-males；erotic-romance,3
107,audiobooks,1
110,1-star；2023；2023-dnf,3
111,2023；paranormal-romance；romance,3
114,2023-read,1
115,my-kindle,1
116,audiobook,1
118,fantasy；friends-to-lovers；paranormal,3
119,arcs,1
122,fated-mates；grumpy-x-sunshine；morally-grey-is-my-fav-color,3
123,all-time-favorites；death-grim-reaper；e-book-copy,3
126,favourite-narrators；urban-fantasy；witches,3
133,2024-reads,1
134,2024；adult-fiction,2
136,celibate-heroine；fantasy；kindle-unlimited,3
144,book-bf；boy-obsessed；friends-to-lovers,3
152,2023-read-books；fantastical-love-story；grumpy-sunshine,3
159,2023；audiobooks,2
160,2023；kindleunlimited,2
162,contemporary-romance；paranormal-romance,2
164,paranormal-romance,1
167,2023,1
168,2023-releases；kindle,2
172,audible；louisiana；new-orleans,3
174,spicy,1
182,read-2023,1
187,paranormal-romance,1
189,2023,1
193,grim；nola；witches,3
198,2023；light-paranormal；romance,3
200,2023-read；magic-psychics-mediums-sensitives；otherworld-underworld-demon-etc,3
203,2023-reads；fated-mates；favorites,3
205,enjoyed；lovable-favorites；shamelessly-smut-tastic,3
208,2023-releases；fantasy-romance；fantasy-urban,3
211,new-releases-23,1
215,paranormal-urban,1
218,paranormal-romance,1
219,my-favorites；pfioulala-so-steamy,2
220,kindle；paperback-or-hardcover；personalized,3
227,fantasy,1
228,author-웃；favorites-2023；series-completed,3
229,fantasy-romance；liked-it；low-fantasty,3
230,2023-books-read；5-stars；all-the-feels,3
232,2023,1
237,taming-the-beast；witches,2
239,favorites；paranormal,2
240,2-plus-a-few-stars；paranormal-sparkly-stuff,2
243,beauty-and-the-beast；friends-to-lovers；grumpy-sunshine,3
248,genres-contemporary-romance；genres-fantasy；genres-mystery-and-adventure,3
250,fantasy；na；romance,3
252,2023；audiobook；genre-fantasy-paranormal,3
256,4-5；ku-worth-buying；love-the-series,3
259,fated-mate；friends-to-lovers；grumpy-sunshine,3
260,2023-reading-challenge；contemporary；fantasy,3
261,necromancers；paranormal-romance；witches,3
264,2023-anticipated-releases,1
268,discreet-cover-spicy-book；fantasy-pnr；fated-mates,3
271,2023-reads；2023-releases；paranormal-romance,3
273,2024-reading-list,1
276,for-review；rs-faves,2
278,paranormal；rereadable,2
279,best-of-2023,1
280,paranormal-romance,1
281,high-fantasy；kindle,2
284,5-star-read-2023；fantasy-romance；favorites-2023,3
287,crying-books；favorites；popsugar-2023,3
289,abuse；contemporary-fantasy；dat-tat-tho,3
295,opposites-attract；paranormal-romance,2
296,favorites；found-family,2
298,dhasg2023；not-from-this-world,2
299,adult；romance,2
