Row,Tags,Tag_Count
4,2023-reads；4-5-stars；beautifully-broken-bastards,3
5,netgalley；netgalley-2023；netgalley-edelweiss-2023,3
6,fantasy,1
7,past-arcs,1
13,dubcon-noncon；f-f；fantasy,3
15,animals；cats-lions-tigers；dogs-wolves-foxes-coyotes,3
17,author_glomm；fiction；scifi-fantasy,3
18,arc；author-anne-bishop；for-fresh-fiction-review,3
28,acquiredㅡlibrary；authorㅡfemale；characterㅡlgbt,3
30,nw-fantasy-leads；read-again-because-its-that-good；second-chance,3
36,fantasy；fantasy-series；favorites,3
39,netgalley,1
40,fantasy,1
41,5-stars；english-reads；favorites,3
43,fantasy；favorites,2
46,sff,1
47,fantasy,1
48,fantasy,1
50,2023；fantasy；series-challenge-2023,3
53,fantasy；magic,2
54,fantasy；fantasy-romance,2
57,2023,1
61,anne-bishop,1
63,fantasy；library-book；magic,3
70,class；dark-fantasy；erotic,3
72,paranormal,1
76,fantasy；fiction,2
77,fantasy；read-2023,2
81,2022；arc；family,3
85,favorites；reading-for-fun,2
87,2023-audiobook-challenge,1
94,class-series-continuation；read-2023；shelf-fantasy-syfy,3
97,animal-sidekicks；assassins；clairvoyants,3
107,23-books-to-read-in-2023,1
111,cute-pets；fantasy；multiple-pov,3
116,2023,1
118,fantasy,1
122,21st-century；fantasy；gothic,3
131,action-stories；magic；misc-supernatural,3
150,books-i-own；possibility,2
151,2023-books；favorites,2
153,fantasy；favorite；lightdarkromance,3
156,guilty-pleasure；magic-user；paranormal-romance,3
164,sci-fi-fantasy,1
172,prose,1
175,books-for-2023；high-fantasy,2
177,2023；fantasy-sci-fi,2
184,sf-fantasy,1
189,4-stars；dark-fantasy；edelweiss-netgalley,3
190,other-world,1
191,fantasy-urban-fantasy-paranormals；read-in-2024,2
195,books-i-want-to-buy,1
196,fantasy；netgalley；series,3
204,author_female；genre_fantasy；genre_romance,3
