Row,Tags,Tag_Count
1,adult；ebooks；katee-robert,3
2,online-tbr；romance-paranormal；romance-slutty-dark,3
3,kindle-unlimited；monster-romance,2
5,monster-romance；novellas,2
8,adictivo；monster-romance；para-damas,3
9,kindle-unlimited,1
12,adult-fiction；fantasy；romance,3
15,2023；alien-love；deal,3
17,indie-romance；ku；pnr-fantasy,3
18,kindle-unlimited；read-2023；released-2023,3
19,2023-releases；enemies-to-lovers；fantasy,3
21,fuck-buddy-read；paranormal-sci-fi-fantasy；romance-love,3
22,1-5-stars；aliens-or-monsters；erotica,3
23,gargoyle,1
29,adult；kindle-unlimited,2
30,anticipated-reads-2023；forbidden-romance；forced-proximity,3
31,making-me-provoked-to-hit-a-woman；my-2-star-reads；mythical-lovers୨୧,3
39,paranormal-romance,1
40,fantasy；fire；netgalley-arc-docs,3
43,2023reads；fantasy-scifi；romance,3
46,monster-daddy,1
47,fantastical-magical；mehhh；romance-fantasy,3
49,2023-reads；monster-alien-paranormal-romance；smuttyness-activated,3
51,halloween,1
52,katee-robert,1
53,5-star；best-2023-reads；booksta-gifted,3
55,kindle-unlimited；kinky；magic,3
57,2023；bbs-challenge；dirty-f-in-talkers,3
59,monster-romance,1
61,80-percent-breakup-blah,1
62,2023,1
63,books-i-own；books-with-spice；fantasy,3
64,gimmie-that-monster-dick,1
65,supernatural-hunters,1
66,2023；alien-monster-romance,2
72,18-plus；5-star；adventure,3
76,romance,1
79,2023,1
80,read-online-english,1
83,kindle-unlimited-addiction；read-ebooks,2
86,2023；fantasy-romance；paranormal-romance,3
88,fucked-up-romances-affectionate；owned-ebooks,2
96,2024；booktok-made-me,2
101,ebook；erotik；owned,3
104,dnf-for-me,1
105,2023；erotica；fantasy,3
106,4-ku；buddy-reads；t-chasing,3
108,monster-romance；novella-or-short-story,2
109,fantasy；romance；series,3
116,23-books-to-read-in-2023,1
117,books-i-own,1
118,monster-mashing,1
119,spice,1
120,kindle-unlimited,1
121,action；bdsm；domme,3
124,kindle-unlimited,1
126,a-adult；f-kindle；read-in-2023,3
128,digital；owned,2
129,sci-fi-fantasy,1
130,2023-most-anticipated；2023-to-read；fantasy,3
131,dark；fantasy-romance；hot-sexy-romance,3
133,romance；sff,2
135,dnf,1
136,kindle-mttbr,1
137,my-favsssss,1
138,romantasy；spicy-spicy,2
139,romance-erotica,1
152,2023；pnr,2
154,monster-romance,1
155,romance,1
162,adult-fantasy,1
172,morally-gray；romance,2
175,2023,1
179,2023；paranormal-romance,2
180,fantastical；its-romance-love；kindle-reads,3
181,2023-reads,1
193,library-book,1
194,fem-dom；gargoyle,2
198,demon-smut；monster-romance；own,3
203,love-the-audio；smut,2
204,monster-dick,1
214,fantasy；romance；short-books,3
216,library-2024,1
221,lgbtqia；monster-fuckery,2
222,2023；spicy-reads,2
234,monster；paranormal；romance,3
238,best-of-2023；fantasy；need-physical-copies,3
239,arc；close-proximity；denial,3
241,read-in-2023,1
242,own-ebook；own-romance,2
245,read-in-2023,1
246,dnf,1
249,fantasy；romance；spicy,3
252,smutty-slutty,1
254,3-stars；adult；arranged-marriage,3
255,3-stars,1
265,read-in-2023,1
267,fantasy；romance,2
269,enemies-to-lovers；ku-recs；romantasy,3
272,all-time-favorites；captive-kidnapped-trapped；creature-romance,3
273,erotica；fantasy；paranormal,3
275,dnf,1
277,fiction；kindle-unlimited；smut,3
280,fantasy；forced-myself-to-finish；insufferable-mc,3
284,nothumanspice；romance；spicy,3
285,bdsm-and-kink；eroi-doki-doki；fantasy-scifi-romance,3
286,digital-shelf；monster-romance；reviewed-books,3
290,2023；mushy-stuff,2
294,2024-read；ebook；genre-fantasy,3
297,romance,1
298,monster-smut,1
299,arc-netgalley；ebook,2
