Row,Tags,Tag_Count
0,netgalley；r-fantasy-2023-bingo；sff,3
1,2023；arc；asian-sff,3
4,netgalley；readtoreview,2
7,owned,1
10,2slgbtq；fiction-science-fiction,2
12,2023-releases,1
13,queer；sff,2
14,2023；arcs；favorites,3
15,net-galley,1
16,sapphic-sf-fantasy,1
17,arc；bipoc-actor；bipoc-author,3
19,sapphic-characters,1
20,arc-review；best-books-read-in-2023；favorites,3
21,net-galley；science-fiction,2
22,2023-releases,1
23,netgalley；romance-adjacent,2
26,arc；buddy-read；lgbtq,3
27,adventure；coming-of-age；hard-sf,3
31,favorites,1
32,arc,1
33,2023；arc；court-intrigue,3
35,netgalley,1
37,comics,1
39,science-fiction-and-fantasy,1
46,best-of-2023；feminism；friendship,3
47,read-2023,1
49,lgbt；science-fiction,2
50,21st-century；romance；science-fiction,3
51,2023-books-read,1
52,dnf,1
56,21st-century-fiction；bought2023；queer,3
60,top-reads,1
65,adult-lit；lgbtq-lit；sci-fi,3
66,arc；sci-fi,2
67,fic-fantasy-para-scifi-dystopian；fic-lgbtq；sort-arcs,3
68,dnf；fantasy；fantasy-romance,3
69,netgalley,1
71,self-only,1
72,science-fiction,1
