Row,Tags,Tag_Count
4,always-reread；arc-reads；enemies-to-lovers,3
5,2022,1
9,2023-releases,1
13,buddy-reads-with-viv,1
18,buddy-reads-with-ray-unfinished,1
20,favorites-of-2023,1
27,arc-reads-2023；book-reviews；fantasy-reads,3
29,2023,1
34,2023-releases；arcs；e-books,3
37,arc,1
42,fae；fantasy；fantasy-romance,3
50,2023-releases；female-villians,2
54,5-star-reads；arcs；fantasy,3
58,family-bond；friendship；high-fantasy,3
60,2023-favs；incomplete-series；ku,3
61,top-tier-books,1
69,2023-book-challenge,1
70,4-5-stars；arc；pre-ordered,3
82,favourites,1
90,favorite-books,1
91,books-i-have,1
99,ccp,1
105,cc-peñaranda,1
106,4star；fantasy,2
111,arc-reviews,1
113,2023-reads；fae；fantasy-romance,3
118,2023,1
123,books-i-physically-own；favorites,2
124,fantasy；new-adult；romance,3
145,4-stars-or-more；high-fantasy；kindle-unlimited,3
147,2023-readings,1
154,2023-books,1
159,2023,1
163,2023,1
165,faves,1
169,physical-library,1
175,book-w-faeries；book-w-magic；book-w-royalty,3
177,2023,1
178,2023-releases,1
196,2023,1
197,fantasy,1
199,p-ssy,1
234,plot-10；war,2
242,2023,1
247,2023-reads,1
251,0-book-boyfriends；0-love-so-much-it-hurts；2-read-fantasy-romance,3
260,favs,1
277,fantasy-romantic；indie-authors,2
278,audiobook；fantasy,2
281,reread-in-a-heartbeat,1
289,buy-phycial,1
