Row,Tags,Tag_Count
0,a-few-of-my-favourite-things；deserves-all-the-stars；i-doff-my-hat-to-your-cleverness,3
1,arc-netgalley-edelweiss；fantasy-scifi-dystopian；lgbtqia,3
2,scifi,1
3,2023；sf-and-fantasy,2
4,dnf；its-not-you-its-me；sf,3
7,buddy-reads；the-moon-is-trans,2
8,arc；physical-owned,2
9,achillean；adult；bisexual-rep,3
10,bingo-2023；read-in-2023；science-fiction,3
12,2023；arc；netgalley,3
14,footnotes,1
15,netgalley-arc；rebellion-publishing,2
16,arc；audiobooks；libby,3
17,lgbtq；science-fiction,2
18,arc；netgalley-to-review；rep-bi,3
19,audiobook；schififantasy,2
20,audiobooks,1
21,2023sept,1
22,2023；adult；physical-arcs,3
23,mystery；netgalley；retellings,3
24,adult；angsty-af；arc-netgalley,3
25,2023；arc；asian-sff,3
26,achillean；adult-lit；aoc-et-al,3
27,2023-anticipated；debut-author；retellings,3
29,2023-read；arcs；lgbtq,3
30,2023-read；all-things-shakespeare；ebook,3
31,reviewed；reviewed-2023,2
34,2023-read；asian；fiction,3
35,book-club；mystery；mythology-fairytales-and-retellings,3
36,arcs；favorites；non-rom-fic,3
37,2023；arcs-netgalley；lgbtq,3
38,lgbtq,1
40,netgalley-arcs,1
41,arcs,1
42,kindle；lgqbt；netgalley,3
43,androids-cyborgs-ai；lgbtqia；read-2023-books,3
44,netgalley-arc,1
48,adaptation；sci-fi,2
49,2023-releases；5-star；adult,3
50,mystery；read-2023；retelling,3
53,arcs；netgalley,2
54,angst；dramatic；fun-with-narrators,3
56,adult-sff-horror；arcs-digital；reviewed,3
58,achillean；behold-a-story-retold；robots-are-people-too,3
62,2024-uno；48-for-24；ah-says,3
67,advance-reading-copy；dnf；read-in-2023,3
69,queer；sci-fi,2
70,queer；sci-fi,2
71,shakespeare-inspired,1
72,faves；faves-2023；fiction,3
73,favourites；lgbt；netgalley,3
74,kindle,1
77,adult-lit；lgbtq-lit；retellings-and-adaptions,3
78,fiction-science-fiction,1
79,scifi,1
81,netgalley,1
83,pocketbook-library；review-books,2
89,death-skulls-etc；good-grief；right-angle,3
90,favorites；favorites-of-2023,2
91,audiobook；fiction；queer,3
94,favorites；favoritter；tidenes-favoritter,3
96,favorites,1
98,2023；arc-read；sci-fi,3
102,books-read-in-2023,1
103,arc；sci-fi；this-hurt,3
109,arc,1
112,arc；bipoc-actor；bipoc-author,3
115,lgbtq,1
116,2023-reads；2023-s；arc,3
117,2023；read-for-review,2
118,library,1
121,death；diverse；east-asian-lit,3
126,favorites,1
127,lgbtqiap-plus；not-yet-published；read-first,3
128,netgalley,1
130,jay,1
131,2024-tbr；all-time-favorites；queer-rep,3
132,arc；no-spice-slash-ya；queer,3
133,mystery；new-releases-2023；sci-fi,3
134,arcs；lgbtqia,2
135,kindle；netgalley,2
137,ajh-made-me-do-it；net-galley-and-other-arcs,2
138,netgalley,1
141,arc；lgbtqia；the-ship-is-alive,3
143,arcs；arcs-ng；queer-by-aoc,3
144,netgalley,1
145,audiobook；scifi,2
146,2024-netgalley；queer；retelling,3
149,christmas-list-2023,1
151,artificial-intelligence；favorites；queer,3
152,mystery,1
153,lgbt；listened-to,2
154,netgalley,1
159,own,1
160,lesbian-book-club；lgbtq,2
165,lgbt；read-in-2023；science-fiction,3
167,added；showcase；suicidal-ideation,3
175,lgbt；mystery-thriller,2
177,own-read-adult,1
178,arc；lgbtq-rep；retelling-and-adjacent,3
183,2024；audiobooks；borrowed-from-library,3
184,2023-releases；audiobooks；multiple-pov,3
190,2020s；canada；lgbtq,3
191,2024；achillean；adult-sff,3
192,2023-reads,1
193,classic-retellings；favorites；lgbtqiap,3
196,c21；lff；netgalley,3
201,sf；weird,2
204,netgalley,1
205,retellings；speculative-fic,2
208,author-nonbinary；author-poc；diverse-books,3
211,netgalley,1
213,2023-releases；shakespeare-references,2
214,2023-favorites；lgbtqia-plus；robot-kink,3
217,2023；arc；sci-fi,3
219,ebook-borrows,1
221,arcs,1
222,fall-reads,1
223,arcs；historical；lgbt,3
226,lgbtq-fiction,1
227,sci-fi；thriller,2
228,favorites,1
230,2023-releases；reviews,2
231,mystery-thriller；sci-fi,2
232,arcs；fiction；lgbtqia,3
233,arc；read-2023；retellings,3
234,fantasy-science-fiction；queer,2
236,netgalley-arcs,1
237,netgalley,1
239,2023-read；reviewed,2
240,adult；arcs；lgbt,3
242,mfa-reading-list,1
243,arcs；owned-ebook,2
244,queer-books；review-copy,2
248,shakespeare,1
249,added-2023；lgbtq-plus,2
252,audiobooks；sci-fi,2
256,antiheroes；bipoc-author；canadiana,3
261,arcs；queer,2
262,dnf,1
265,all-time-favorites；audience-adult；contains-queer-rep,3
269,future-tech；grief；mystery,3
270,netgalley；queer；science-fiction,3
272,2023；lgbtqiap；retelling,3
274,netgalley；read-in-2023,2
277,arcs,1
278,classics-retold；lgbtqia；scifi-fantasy-magical-realism,3
279,retelling；science-fiction,2
280,arc-from-net-galley,1
281,artificial-intelligence；crime-thriller；mad-science,3
283,asian-writers；inspired-by-shakespeare；lgbtq-friendly,3
285,2023-debut；2023-releases；austen-doyle-bronte-shakespeare,3
289,first-reads,1
291,staff-pick,1
292,netgalley-2023,1
293,netgalley,1
294,on-my-shelf,1
295,2023-hype；audiobook；recommended-by-booktube,3
299,received-arcs,1
