Row,Tags,Tag_Count
1,2023-mar；abused-hurt-mc；badass-strong-fmc,3
2,enemies-to-lovers；fantasy-romance；fated-mates,3
3,grumpy-hero；hiding-relationship；monster-love-interest,3
4,enemies-to-lovers；monster,2
6,fantasy,1
7,fm-romance；kindle-unlimited；paranormal-romance,3
9,paranormal-monster,1
10,dual-pov；enemies-to-lovers；paranormal,3
12,3-and-some-extra-stars；paranormal-sparkly-stuff；slow-simmering-burn,3
14,0-safe-for-me；1-rating-5-stars；2-paranormal-fantasy,3
16,indie-romance；ku；pnr-fantasy,3
17,angsty；arc；e2l,3
18,2023；consent-done-well；enemies-to-lovers,3
19,monster,1
24,badass-mfc；bickering；big-softie,3
26,0-monster-romance,1
28,alpha-hero；alphahole-hero；erotic-romance,3
29,alien-monster-romance,1
30,hunters；magic；monsters,3
33,arc-reads；assassin-romance；battery-friends-iykyk,3
34,2023-books,1
36,paranormal,1
38,fantasy；fantasy-romance；read-in-2023,3
46,audio-audible；audiobook-available；audiobook-listened,3
48,safe-for-me；totally-going-to-reread；want-to-buy-physical-copy,3
50,2023；some-kind-of-monster,2
62,2023；kindle-unlimited；mf,3
63,3-stars；dark-ish；hot-as-fuck,3
65,paranormal-romance,1
68,adult；audiobook；enemies-to-lovers,3
69,badass-heroines；enemies-lovers；fantasy-or-para,3
70,weird-romance,1
71,3-stars,1
72,on-blog,1
73,favorites,1
75,arcs；reviewed,2
77,all-time-favorites；breeding；enemies-to-lovers,3
82,ebooks；fantasy；favorites,3
84,2023-reads；enemies-to-lovers；grumpy-x-grumpy,3
86,dark；erotic-scenes；fantasy,3
89,mf-romance；mf-vampire-supernatural-shifter,2
90,likeable-heroine；monster,2
94,adult-romance；fantasy；spicy,3
102,2023,1
104,monster-romance,1
106,series-not-completed；zz2023-read,2
107,2023；2023-indie；angst,3
114,2023,1
120,enemies-to-lovers；forced-proximity；kinky,3
122,2023；audio；monster,3
123,nonhuman-love-interest,1
124,ku-2023；read-2023,2
125,paranormal,1
126,e-book；enemies-to-lovers；erotica,3
128,adventure；contemporary；heroine,3
131,monster-smut；waiting-for-sequel,2
132,demons-gods-monsters-other-entity,1
135,2023；monster-sff-prn-romance,2
136,2023-reads；dystopia；enemies-to-lovers,3
138,mf-paranormal；monster,2
142,2023；adult；enemies-to-lovers,3
143,paranormal-romance,1
146,assassin-to-lover；badass-fmc；demons,3
151,read-2023,1
152,like,1
156,m-f；monster-romance；unfinished-series,3
166,2023-reads,1
169,2023,1
175,adult；alphamale-hunks；fantasy,3
177,05-stars；2023-reads；action-adventure,3
185,kindle-unlimited；romance,2
188,4-5,1
192,monster-mash,1
193,awaiting-publication；buttoned-up-hero；could-not-put-down,3
195,2023-books-read；dark-romance；monster-romance,3
196,monsters,1
200,3-5-stars；kindle-unlimited；monsters,3
214,coming-in-2023；read-in-2023；time-world-travel,3
216,unfinished-series；wow,2
222,fantasy；romance,2
226,favorites,1
237,fantasy；top-2023-reads,2
240,monster-romance；paranormal-romance,2
245,2023-release；adult,2
250,favorites-of-2023,1
260,3-stars-or-more,1
264,monster-romance；nsfw,2
268,audiobook；fantasy,2
276,fantasy-romance；military；monster,3
278,read-2024-audiobooks,1
279,ebook,1
287,kindle-unlimited,1
288,genre-fantasy；genre-paranormal；genre-romance,3
292,dnf,1
294,badass-female-lead；here-there-be-randy-monsters,2
