Row,Tags,Tag_Count
2,2-and-a-half-stars；books-2023；favorite-heroines,3
9,fantasy,1
10,annoying-characters,1
11,2024；fantasy-recommendations；favs,3
12,adult；age-gap；enemies-to-lovers,3
14,adult；dual-multi-pov；enemies-to-lovers,3
15,upcoming-releases,1
22,enemies-to-lovers；fantasy-pnr；fated-mates,3
24,2023；current-series,2
30,arcs,1
36,never-going-to-read-bc-of-reasons,1
38,vo,1
41,favourite-books,1
52,age-gap；alpha-hero；down-and-dirty,3
58,books-of-2023；fairies-fae；fantasy,3
59,کتاب-های-۱۴۰۲,1
61,enemies-to-lovers；fae；fantasy,3
65,2023；2023-release；fantasy-romance,3
66,clairvoyants；elves；fae,3
70,2023；adult；e-books,3
71,alien-monster-not-human；enemies-to-lovers；fantasy,3
72,altered-my-brain-chemistry,1
76,2023；best-fight-scenes；dumb-mcs,3
79,adulte；lc；livre,3
83,unfinished-series,1
84,2024,1
93,2023,1
94,fantasy,1
95,5-stars,1
97,reads-of-2024,1
100,made-me-cry,1
111,fantasy；favorites；kindle-unlimited,3
113,classic-fantasy；enemies-to-lovers；fantasy,3
114,witchy,1
115,2023；fae-and-faeries；series,3
117,2024；favorites；own,3
123,fantasy；read-once,2
128,favorites；recs,2
129,enemies-to-lovers；fantasy；fantasy-romance,3
138,arcs-and-reviews,1
142,rare-edinburgh-24-read,1
160,all-time-favourites；fantasy-sci-fi-paranormal-romance；favourites,3
164,absolute-favorite-s；adult；amazing-writing,3
166,ebooks,1
167,fae-novels,1
169,j-bree；reviewed,2
170,anticipated-releases；fantasy；fantasy-romance,3
181,kindle-unlimited-read,1
202,fantasy,1
203,tbr-fantasy-romance,1
204,2023；romantasy,2
212,enemies-to-lovers,1
215,10-10-recommendations；2023；romantasy,3
219,dnf,1
234,did-not-finish；did-not-like,2
249,ku；rh；romantasy,3
251,just-wow；love-after-first-chapter；loved-the-female-character,3
254,2024；fantasy-sci-fi-romance；kindle,3
264,favorites,1
265,adult-fantasy；kindle,2
268,4-stars；books-read-in-2024,2
270,books-read-in-2024；favorites,2
272,good-on-my-shelves,1
276,2024-favorites,1
285,2024-reads,1
293,enemies-to-lovers；fantasy；forced-proximity,3
299,badass-girl；fantasy；war,3
