Row,Tags,Tag_Count
0,arcs-and-review-copies,1
1,4-star-reads；fantasy,2
6,2023-releases,1
8,e-arcs,1
14,epic-fantasy；fantasy；found-family,3
15,arc-reviews,1
18,fantasy,1
20,2024,1
21,fantasy-magic；series,2
22,2023-netgalley,1
23,2023,1
24,read-in-2023,1
25,2023；arc；dark-fantasy,3
26,adult；adult-fantasy；fantasy,3
27,read_in_2023,1
29,audiobook；best-audiobooks；fantasy,3
33,epic-fantasy,1
34,2023-sf-fantasy,1
35,2023；didn-t-finish,2
36,fantasy,1
38,favourites,1
39,contemporary-fiction；fantasy,2
41,fantasy,1
47,2023,1
52,audiobook；doorstopper；fantasy,3
54,author-publisher-arcs-copies；netgalley；owned-physical,3
56,fantasy；net-galley,2
60,fantasy,1
66,fantasy,1
72,9-masterpiece,1
77,2023brs,1
82,dark-fantasy；epic-fantasy；fantasy,3
83,ongoing-series,1
108,fantasy,1
111,2023；2023-releases-read；priority-new-release-2023,3
114,fantasy,1
115,fantasy；science-fiction,2
117,allfantasyallthetime,1
119,2023-books,1
120,audible；epic-fantasy；fantasy,3
133,3-star-reads；fantasy,2
135,epic-high-fantasy,1
136,read-owned；read2023,2
138,2020-2029-releases；2023-releases；fantasy,3
146,david；fantasy；spooky,3
147,physical-owned-books,1
148,5-star-reads,1
