Row,Tags,Tag_Count
0,2023；aging-old-age；biotechnology,3
2,1-star；read-23,2
6,21st-century-fiction；debut-novel；indie-presses,3
9,adult；contemporary；ethics,3
13,novels,1
20,read-2023,1
21,arc,1
25,2-star-books；audio-books；contemporary,3
26,advance-copies；elite-tier-favorites；favorites,3
29,2023；favorites；fiction,3
31,book-club,1
33,own-it；stems-and-stories,2
41,discover-gnw；owned-books；sci-fi,3
48,arc-reviews,1
59,to-wake-and-grasp-a-fading-dream,1
69,borrowed-public-library；format-audiobook；format-physical,3
82,3-star-reads；netgalley-arcs,2
85,owned；reread-contenders,2
92,dnf；speculative-fiction,2
93,read-in-2023,1
107,fiction；speculative,2
117,dnf,1
121,did-not-finish,1
123,library-2024,1
124,audio-book；read-in-2024,2
125,sf-spec,1
126,interconnecting-story；literary-fiction；woman-author,3
127,ebook；library,2
130,speculative,1
141,scifi；women-authors,2
144,girlhood；haunting；sci-fi,3
149,2020-2029；2023-my-52-books,2
