Row,Tags,Tag_Count
0,netgalley-arc；on-my-kindle,2
4,2023-read；alternate-history；arcs,3
6,arcs；dnf；magical,3
8,2023；adult-fantasy,2
10,fantasy,1
12,arc-netgalley,1
15,its-magic；kindle；netgalley,3
16,2022-reads；edelweiss；fantasy,3
24,arc；auth-f；sf-f-h,3
25,2023；adult；owned,3
31,netgalley,1
34,2023-release；fairytale-myth-inspired；historical-fantasy,3
42,audible；book-club；kindle,3
43,fiction；netgalley；sff,3
44,fantastic-fantasies；netgalley-reads,2
45,historical-fiction；magical-realism,2
47,arcs；fairytales；fantasy,3
48,arcs-read；liked,2
49,netgalley；sisters,2
53,arcs-and-giveaways,1
57,contemporary；family；fantasy,3
58,fantasy,1
60,did-not-finish,1
62,2023-reading-challenge,1
63,i-own-these,1
64,0-2023；0-fairytales-myths-retelling；0-women-writers,3
67,owned,1
72,audio2023；library2023,2
76,faerie-books,1
79,2023,1
80,3-star；kindle-read；read-2024,3
85,2023；fantasy；library,3
86,2023-releases,1
94,enchanted-forest；fae；fairy-tales,3
95,character-driven；family；magic,3
96,arc；fae；fantasy,3
99,giveaways,1
102,fantasy；historical-fiction,2
105,arcs；fantasy；folklore,3
106,books-from-2023,1
107,big-families；complicated-relationships；forever-young,3
109,buddy-read；fantasy；netgalley,3
117,fantasy；kindle-reads；netgalley-arcs,3
120,fiction；sci-fi-fantasy,2
121,2023；arcs；audiobook,3
125,advanced-readers-copies,1
127,could-ve-would-ve-should-ve-didn-t；emotionally-frustrating；magic-aint-free,3
138,literary-fiction,1
143,2023,1
144,currently-own,1
145,dnf；fantasy；fiction,3
146,sci-fi-fantasy；urban-fantasy,2
152,2023,1
153,2023；arcs；families,3
154,ebook；giveaway-win；scifi-fantasy,3
164,2023,1
165,net-galley；on-my-kindle,2
178,on-my-shelf；tbr-2024,2
179,2024；fairies；fantasy,3
180,did-not-finish,1
186,fantasy；urban-fantasy,2
187,audiobooks；historical-fiction；paranormal-fantasy,3
191,net-galley,1
194,fae-fantasy,1
203,piled-on-the-shelf；probable-faves,2
207,dnf,1
211,my-shelf,1
213,fantasy,1
229,fae；fantasy,2
231,fantasy,1
238,fairies-and-fae；fantasy；historical-fiction,3
252,2023；netgalley-reads,2
255,giveaway,1
256,physical-books；read-in-2023,2
260,dnf,1
261,fae；fantasy；standalone,3
264,fantasy；historical-fiction；read-in-2023,3
268,2023,1
271,dnf,1
272,listened-to,1
278,fantasy；historical-fiction,2
286,historical-fiction,1
287,owned,1
291,2023-books,1
292,arc,1
293,fantasy；goodreads-giveaways,2
297,2023；audio,2
299,shelf-of-shame,1
