Row,Tags,Tag_Count
0,age-adult；arcs；fiction-contemporary,3
1,2023-books；review-copy；science-fiction,3
2,arc；dark-fiction；science-fiction,3
3,2023-releases；adult；audiobook,3
4,favorites-2023；novella；sci-fi,3
5,lgbtq；tor-tordotcom,2
7,3-and-a-half-stars；f-f；read-in-2023,3
9,2023-read；fiction；lgbtq-sapphic,3
10,sci-fi,1
11,animals；arcs-and-galleys；horror,3
13,3-stars；dark；library,3
15,2023-releases；ff；horror,3
17,2024-april-reading-challenges；2024-wbtm-s-roll-for-it-challenge；library,3
18,horrorish；lgbtq；queer-authors,3
19,2023；netgalley,2
20,adult；contemporary；horror,3
21,2022；arc；dark-academia,3
22,nebula-eligible-2023,1
24,arcs-read；horror-recs；queer-recs,3
25,2023-reads；novella；sci-fi,3
26,livres-audio；queer；sci-fi,3
27,horror；novellas-essays-short-stories,2
28,2024-aty；2024-machalo-tbr；2024-popsugar,3
29,science-fiction,1
30,arc；audiobook；dark,3
31,adult-scifi；lgbt-mc；wlw,3
34,2023-read；queer-rep-lesbian,2
35,forest-is-alive；lgbtqia2-plus；love-animals-not-humans,3
37,lesbian-focused-fiction,1
39,2023；audiobooks；booksubscription,3
40,books-read-2023；speculative-fiction,2
41,2024,1
42,queer-lit；sapphic,2
43,2024；lgbtqa；novellas,3
44,arcs；sapphic,2
46,arcs；audiobooks,2
48,2023；adult-sff；horror,3
49,f-f；horror；lgbtqia,3
50,2023；audiobook；library-journal,3
51,jovan,1
52,2023-releases；audiobooks,2
53,lgbtqiap-rep；library；novella,3
54,2023；audiobook；fiction,3
57,lgbtq；sapphic-romance-relationships,2
64,2023；female-lead；graphic-sex-scenes,3
65,netgalley,1
67,horror,1
70,lesbian-main-character,1
71,science-fiction,1
74,adult；arcs；horror,3
75,dnf,1
76,audiobook；f-f-and-nm-nm；n-natalie-naudus,3
77,sci-fi,1
80,2023；netgalley；novellas,3
82,net-galley-and-other-arcs,1
85,adult；fiction；horror,3
86,galley,1
88,audiobooks；fantasy；horror,3
89,lgtbqa；sci-fi；short-stories,3
92,2023-reads；horror；sff,3
97,lgbtq；netgalley；novella,3
98,sapphic-book-bingo-2023；sapphic-sff,2
100,2024；lgbtqia；library-book,3
102,jail,1
103,2023-reads；netgalley；sci-fi,3
106,netgalley-arcs,1
107,apocalyptic；science-fiction,2
109,2022；netgalley；novella,3
111,all-time-favs；amazing-books-i-ve-annotated；science-fiction,3
114,horror；lgbtqiap；read-need-to-buy,3
115,novella,1
116,fiction-science-fiction；fiction-short-stories-and-novellas,2
117,anticipated-novels-of-2022-2023；lgbtqa-reads,2
119,lgbtq,1
123,filthy-novella-addict；pfb-e-arcs,2
125,2023；lgbt,2
127,c-adult；g-horror-thriller；r-queer,3
128,lgbtq；novella；science-fiction,3
132,pub-2022,1
135,2023-releases；adult；lgbtqia-authors,3
137,format-audiobook；format-novella；genre-sci-fi,3
140,2024-reading-challenge；lgbtq；science-fiction,3
141,2023-books,1
142,2023-release；apocalypse-dystopia；audiobook,3
143,audiobook；fiction；queer,3
147,academia；sci-fi,2
152,date-tba,1
154,sci-fi,1
155,2023,1
159,lgbtiqa,1
161,novella-november-2022,1
164,2023-favourites,1
165,horror；novella；speculative,3
166,dystopian；leisure-reading,2
168,ecology；queer；sf-f,3
175,disturbing；fiction；queer,3
176,gay,1
179,2023-releases,1
181,to-read-htf,1
185,lgbtq,1
191,zombies-and-science-oh-my,1
193,z_read-2023,1
195,queer；sci-fi,2
198,aty-2023；audiobooks；sci-fi,3
204,2023-reads；queer；queer-authored,3
205,advanced-reading-copy；automatic-buy-authors；fucked-up-in-so-many-ways,3
206,4-and-a-half-stars；horror；lgbtqia,3
210,2023-release；arc-review-copy；d-wlw,3
211,22-release；queer,2
212,dystopia；food-for-thought；original-and-creative,3
213,arc；fiction-general；in-the-nook,3
216,lgbtq；science-fiction；wlw-romance,3
217,2023；ai-and-your-brain-on-tech；neurology-and-mental-health,3
218,2023；creepy-spooky；ebooks,3
225,2023,1
233,2023-releases；adult；arcs,3
237,lgbtqia；novellas；science-fiction,3
239,trash,1
240,review-opportunity,1
241,books；sci-fi-and-horror,2
242,2023-reads；horror；science-fiction,3
244,2023-reads；arcs,2
246,2023；arc；horror,3
248,horror；queer-lit；sci-fi,3
253,lesbian-sapphic-wlnb-character；lgbtqiap2s-rep；trans-nonbinary-intersex-2s-gnc,3
254,fiction；free-books-giveaways-arcs；listened-to-audiobook,3
255,i-reviewed-these,1
256,actual-books,1
259,queer；scifi；spirit,3
261,horror；lgbqt；novella,3
263,audiobooks,1
265,fiction,1
266,2023；netgalley,2
268,adult；lgbtqia；netgalley,3
273,available-library；dnf,2
278,definitely-gay；favorites；reread,3
282,2022；netgalley；rws,3
283,adult；anticipated-2023；diverse-reads,3
285,fiction；in-english；lgbtqia,3
287,e-books；fiction；lesbian,3
288,borrowed；lgbt,2
289,short-stories,1
292,2023；adult；lgbtq,3
293,arcs-2023,1
294,2023-releases；essays-novellas-plays-shortstories；horror,3
296,tony-jones,1
297,2023,1
298,2023,1
299,pride-2023,1
