Row,Tags,Tag_Count
0,fantasy-romance；strong-woman,2
2,arc-approval；my-reviews,2
3,action-adventure-romance；audiobook；dual-point-of-view,3
4,fantasy；romantasy,2
5,2024-reads；fantasy；fantasy-romance,3
7,arc；fantasy；historical,3
8,fantasy-romance,1
12,animal-sidekicks；druids；magic,3
13,2023；fantasy；ku,3
14,reviewed,1
15,ku,1
16,adult-fantasy；romance,2
19,action-adventure-romance；alpha-male；clean-read,3
24,adventure；fantasy；magic,3
25,ebooks；own-it,2
28,2023；great-escapes；kindle-unlimited-books,3
29,dual-multi-pov；fantasy；romance,3
30,fantasy-pnr-uf；kindle-unlimited,2
33,kindle；own,2
40,fantasy-rom,1
47,fantasy；romance,2
51,fantasy；series,2
