Row,Tags,Tag_Count
4,2023-july-reading-challenges；fantasy；worlds-beyond-the-margins,3
5,2023-looks-good；23-for-2023；got-an-arc,3
7,fantasy,1
9,author-signed；five-star；own-it-in-paper,3
12,physical-bookshelf,1
16,2023-best-of；5-platinum；netgalley,3
17,fantasy；gods；secondary-universe,3
19,netgalley,1
20,2023-summer-book-bingo,1
21,arcs,1
22,science-fiction；supernatural-and-fantasty,2
26,fantasy；scfi,2
28,fantasy；fiction,2
29,fantasy,1
34,2023-books-read,1
38,netgalley；netgalley-2023,2
44,fantasy,1
45,read-in-2023,1
48,2023-releases,1
50,fantasy；kindle-reads,2
52,fantasy,1
53,netgalley,1
54,fantasy,1
56,fantasy-sci-fi,1
57,fantasy,1
58,fantasy；horror,2
60,fantasy,1
61,fantasy,1
62,avail-at-public-library；fantasy,2
63,fantasy,1
64,2024-shelf；fantasy；urban-fantasy,3
66,fantasy,1
69,fantasy,1
72,2023；a-kind-of-magic；ownage,3
75,arcs-and-giveaways,1
77,sff,1
78,fantasy；novels,2
81,2023；spec-fic,2
87,2023-fiction；2023-reading-challenge；fiction,3
91,2023,1
97,fantasy；horror；westerns,3
103,03-march-2023,1
105,fantasy,1
111,2023；casual-reading-2023；really-enjoyed,3
113,urban-fantasy,1
119,rec-shelf,1
123,at-apl；fantasy；read-in-2023,3
124,fantasy；fiction,2
128,小説,1
130,feminist-fiction；urban-fantasy；worlds-beyond-the-margins,3
131,fantasy,1
132,arcs,1
133,fantasy,1
