Row,Tags,Tag_Count
1,favorites；self-published-and-indie,2
2,fantasy,1
5,5-stars,1
10,litrpg,1
11,2023-reads；adult-books；e-books,3
12,2024；ku-read；owned,3
14,20xx-sword；author-male；fantasy,3
21,scifi-fantasy,1
23,fav-self-published；favorites,2
24,adult；fantasy,2
25,favorites,1
28,fbr；read-in-2023,2
29,2023；2023-tbr,2
39,all-time-favorite；favorite-fantasy,2
40,2023-tbr,1
44,2023；action-adventure；age-young-adult,3
46,my-favorite-books-read-so-far,1
47,2023brs,1
48,0reviewed；1fantasy；2novel,3
56,best-books,1
62,2023；audiobook；fantasy,3
66,audiobooks,1
68,asian-and-asian-inspired；audibles-own；fantasy,3
71,fantasy,1
76,2023；favorite-fantasy-series,2
81,high-fantasy；medieval-classical-fantasy；parallel-worlds,3
83,science-fiction-shelf,1
87,2023；audiobook；fantasy,3
102,2023,1
118,audiobook；fantasy；indie,3
131,fantasy,1
134,fantasy,1
135,audio-version；fantasy-genre,2
139,books-i-own,1
142,fantasy,1
143,format_available；format_owned_audio；format_owned_ebook,3
145,audiobooks-2023,1
151,great-series-ending,1
161,2023；fantasy-favourites；favourites,3
163,best-of-2023,1
166,fantasy,1
168,2023；bage-young-adult；diversity,3
169,progression-fantasy,1
170,2023,1
173,apocalyptic；comedy；emotionally-charged,3
177,american；ebooks；fantasy,3
179,book-bingo-2023,1
180,fantasy；xianxia-progressive-fantasy,2
182,favorites,1
183,fantasy,1
187,read-fantasy,1
195,cool-magic-system,1
196,ass-kicking-couple；audio-books；cannot-tear-my-eyes-away,3
197,fantasy,1
203,book-with-fav-charac；fantasy；fav-series,3
215,animal-sidekicks；clairvoyants；dragons,3
220,fantasy；fiction-2023,2
221,fantasy,1
244,fantasy,1
247,2023；sci-fi-fantasy；young-adult,3
251,2023-shelf；fantasy；litrpg,3
263,fantasy,1
269,fantasy；sci-fi,2
273,reading-now,1
274,crafting；cultivation；isekai,3
278,2023；3-stars；litrpg,3
280,sci-fi,1
