Row,Tags,Tag_Count
1,ebooks；elise-kova；fantasy,3
3,2023-books；fantasy；kindle-unlimited,3
10,enemies-to-lovers；fantasy；kindle-unlimited,3
12,2024,1
15,fantasy；fantasy-romance；fiction,3
18,curse-breaking；epic；epic-fantasy,3
20,3-stars；g-fantasy；g-romance,3
22,2023reads；dnf；fantasy-scifi,3
25,fantasy；review-copy；romance,3
37,owned-read-kindle；read-2023,2
39,2023-anticipated-release；dystopian；fantasys-aka-my-ultimate-fave-genre,3
41,fairy-core；paranormal-romancing,2
42,arcs；e-book,2
43,2023,1
45,fantasy-paranormal；romance-drama,2
51,arc；e-books；romance-fantasy,3
53,2023-reads,1
56,arc；my-books；zz-2023-anticipated-releases,3
61,adult；arc；fantasy,3
64,other-reviews,1
72,2023-reads,1
73,2023,1
75,dnf,1
76,forbidden-romance；s-for-sirens,2
85,kindle-unlimited,1
92,publish-sent-arc,1
97,2023-adult-releases；2023-releases；adult,3
98,books-i-adored,1
99,2023；fantasy；kindle-unlimited,3
116,ghosts；mermaids；romantasy,3
117,fantasy-sci-fi；romance-erotica,2
122,3-star-reads,1
126,fantasy；monster；monster-nonhuman-etc,3
135,2023；anticipated；favorite-authors,3
138,my-shelf,1
140,2023-reads,1
144,23-24-read-your-hight,1
154,readin2023,1
159,kindle；read-in-2023,2
164,fantasy；romance,2
171,2023；alt-retelling；dnf,3
173,paranormal-romance,1
175,2024,1
184,2023-reads；5-star-reads；arcs,3
191,audiobooks,1
208,arc,1
209,dnf,1
210,03-and-a-half-stars；2024；3-read-audiobook,3
211,2023-reads；2024-reads；arcs,3
216,2023-reads；5-star-books；favorites,3
217,on-calibre；on-kindle,2
218,autographed-copy；creature-romance；dark,3
219,fantasy；new-adult；romance,3
228,buy-physical-form,1
230,2023；fantasy-romance,2
234,fantasía-romance,1
240,arc；owned-books；recommend-yes,3
243,ar；fantasy；kindle-unlimited,3
250,arc,1
254,fantasy-romance；magic；second-chance-romance,3
259,audible-shelf；dnf；north-american-and-canadian-books,3
280,beautifull,1
284,fantasy；fiction；paranormal-fiction,3
292,fairy-tales；fantasy；fish-and-sea-creatures,3
296,beautiful-book-covers；books-i-own；fantasy,3
297,2024-books,1
298,2024,1
