Row,Tags,Tag_Count
1,fantasy；queer,2
2,favorite-covers,1
4,lgbtq,1
7,fantasy,1
9,fav2023；netgalley,2
11,advanced-reading-copy；covers-i-love；fucked-up-in-so-many-ways,3
12,2023；adult；fantasy,3
13,arcs；fiction-fantasy,2
14,netgalley,1
15,arc；bipoc-actor；bipoc-author,3
17,fantasy；lgbtqia,2
19,arc-s-netgalley-and-edelweiss；fantastico-fantastics-scifilicious,2
20,asian-scifi-fantasy；fantasy；lgbtq,3
21,4-stars；fantasy；good-prose,3
22,2023,1
24,faves；faves-2023；fiction,3
25,a-little-bit-magic；blurbs-and-opinions；grownup-swords-and-lasers,3
26,2023；owned,2
27,2024；fantasy；nebula,3
29,favorites,1
30,arcs-read；best-opening-lines；favorites,3
32,queer-sffh；rainbow-horror,2
33,arcs；netgalley,2
34,best-paranormal-fiction-book-ever；i-cannot-wait-to-start-this-book；net-gally,3
36,fantasy,1
37,galleys；recc-d；scifi-fantasy,3
38,2024；dystopia；fantasy,3
41,netgalley,1
42,authors-of-color；fantasy；lgbtqia-mc,3
46,favourites；queer-fantasy,2
47,macmillan-audio-arcs,1
50,2023；audio；diversity,3
52,2023,1
53,asian；author-of-color；queer,3
58,4-star-reads；fantasy-gays；magical-doors,3
59,arc；dystopia；epic-fantasy,3
60,2023-favs；5-stars；aapi-month-read,3
61,2023-bingo；2023-up-and-coming；arc,3
63,arc；authors-bipoc；authors-lgbtqia,3
64,alternate-worlds；demons；fantasy,3
65,adult；arc；ebooks,3
67,arcs,1
68,read-arcs；three-stars-alright,2
73,2023,1
76,adult；netgalley；review-copies,3
77,ebooks,1
80,2024；fantasy,2
82,received-from-net-galley,1
88,2023-read；fantasy-and-scifi；lgbtqiap,3
90,fantasy,1
93,fantasy；lgtbqia；sri-lanka,3
97,fantasy,1
100,dark-fantasy；dystopias；fantasy,3
103,owned,1
106,arc；impossible-doors；to-wake-and-grasp-a-fading-dream,3
109,bipoc-authors-or-subject；fantasy,2
111,2023-releases；audiobook；authors-bipoc,3
115,favorites,1
117,arc；are-there-ghosts；dark,3
118,fantasy,1
119,library-book；on_paper；to-review,3
120,science-fiction-and-fantasy；world-literature,2
122,2023-read；books-won,2
126,adult；contemporary；fantasy,3
128,2023-releases,1
129,did-not-finish,1
130,bipoc-main-characters；character-driven；diverse-characters,3
133,arc,1
134,new-release-2023；rec-publisher；rec-tor,3
135,authors-of-color；fantasy；favorites,3
137,bipoc-authors；fantasy；magical-realism,3
138,dystopic-sf；fantasy；sci-fi,3
140,fantasy,1
142,also-have-audio；also-have-hardcopy；giveaways-arcs,3
143,fantasy,1
144,awwwdeeeoooo；fiction,2
145,arc；audiobook；fantasy,3
150,fantasy,1
154,2024；kobo,2
156,2024-shelf；epic-fantasy；fantasy,3
160,epic-fantasy；urban-fantasy,2
161,2023-read；fantasy；lgbtqia,3
163,audiobooks；netgalley-arc,2
165,arc；fantasy,2
168,netgalley,1
170,best；fantasy；lgbtqia,3
171,z2023,1
172,fantasy,1
175,disappointing-reads-of-2023,1
176,weird-fantasy,1
178,giveaways,1
181,4-star,1
187,botm-2023；botm-2023-challenge,2
188,arc；fantasy；netgalley,3
191,netgalley,1
196,audiobook；fantasy；read-your-shelf-2024,3
201,highly-recommend-fiction；queer-rep,2
213,queer,1
215,fantasy,1
223,2024,1
225,hugos-2024,1
233,audiobook,1
234,magical-realism；surreal,2
235,3-star-reads；netgalley-arcs,2
238,fantasy；favorites；priority-tbr,3
240,fantasy；gay,2
242,fantasy；fiction；library-kindle,3
244,favorites,1
249,sff；sff-religion,2
250,fantasy,1
251,fantasy；favorites；published2023,3
252,favorites,1
257,audiobooks；did-not-finish；fantasy,3
259,cult；fantasy；mythology,3
261,advancedreadercopies；authors-of-color；dnf,3
262,adult-sff；asian；for-the-vibes,3
263,2023-releases,1
265,arcs；asian-cultural-influence；enchanted-island,3
267,fantasy-sci-fi；nonfiction,2
271,fantasy；good-for-inspiration；literary-and-classic,3
272,adult；apocalyptic；diversity,3
273,arcs,1
276,did-not-finish,1
277,fantasy,1
279,adult；fantasy；lgbtqiap-narrator,3
281,audiobooked；lgbtq-rep；recommended-to-me,3
284,sff；waiting-on-ereader,2
290,fantasy-scifi；read-in-english,2
295,spec-fic；writers-of-color,2
