Row,Tags,Tag_Count
0,fantasy；have-reviewed；not-my-cup-of-tea,3
2,2023；2023-netgalley-reads；a-bit-of-magic-and-whimsy,3
4,netgalley-arcs,1
6,fantasy,1
8,romantasy；slow-burn；witches,3
9,action；adventure；epic-fantasy,3
13,owned,1
14,amazing-female-leads；awesome-female-friendships；good,3
16,2023,1
21,2023-favourites；audiobook；fantasy,3
26,arc-reads-2023,1
27,best-of-2023,1
29,would-read-again,1
33,2024；favourites；ya-fantasy,3
34,owned,1
36,2024-tbr；summer24tbr,2
37,ya-fantasy,1
40,fantasy,1
44,arcs-i-have；book-guys-i-simp-for；books-i-own,3
47,4-star-reads；fantasy；read-in-2023,3
50,read-in-2023,1
52,2023；2023-books-hauled,2
53,fantasy；romance；young-adult,3
54,2023-read；books-won,2
55,netgalley,1
56,arcs；ya-fantasy,2
60,fantasy；historical-fantasy；hotels-or-neighbors,3
67,fantasy-favs；favs-2023,2
71,owned,1
75,2023；read-for-review,2
79,2023-reads；character-royal；character-witches,3
87,audiobooks-read,1
88,bøger-jeg-ejer,1
90,arcs；favourites,2
91,2023；audio；cs-library,3
95,favorites；netgalley-arcs,2
100,read-2024,1
106,arc-reviews,1
109,2023-reads；own-books；own-books-read,3
111,23netgalley,1
113,owned；ya-fantasy,2
114,owed-read-prints,1
117,favs,1
120,fantasy-paranormal；romance-drama,2
124,2023-reads；favourite-books,2
147,my-bookshelves；read-as-ebook；signed,3
151,fairytale-retelling；sisters,2
157,2023-reads；4-star-reads,2
160,life-s-too-short,1
162,read-in-2023,1
176,netgalley,1
190,4-stars-books；owned-books,2
191,_moved-in-2024；02_ebooks；a-young-adult,3
192,5-stars；read-in-2024,2
195,2023；fantasy；young-adult,3
197,books-i-own,1
198,audiobooks,1
201,fantasy；sapphic-lgbtqia-rep；young-adult,3
202,on-my-bookshelf-read,1
203,def-need-a-physical-copy-of-this；favorites,2
204,2023-books-read,1
209,read-physical-tbr,1
210,on-bookshelf；series-to-finish；waterstones,3
212,books-i-love-with-all-my-heart；fantasy-romance,2
214,fantastical,1
222,fantasy；romance；they-hit-different,3
224,2023-release；arc-edelweiss,2
227,2023-release；read-2023,2
245,books-i-physically-own,1
255,fantasy；romance；wtb-2023,3
258,2023-reads,1
260,wishlist,1
262,2023,1
263,non-physical-read-pile,1
271,tbr-physical,1
278,highlights-2024,1
284,2024,1
289,read-in-2023,1
291,5-star-reads；the-books-i-own,2
295,books-i-own,1
296,fantasy；read-in-english,2
298,fantasy；young-adult,2
