Row,Tags,Tag_Count
0,arc；audible；author-supplied,3
1,2023；2023-netgalley-challenge；fantasy,3
2,fantasy；romance,2
3,arcs-and-galleys；fantasy；magic,3
5,3-stars；all-things-supernatural；ebooks,3
6,2023-cant-wait；angst-personal-drama；arc,3
7,2023；kick-ass-heroine；pnr-scifi-fantasy,3
8,2023-reads；fantasy；fantasy-romance,3
11,coyer-upside-down-2023；coyer-upside-down-chapter-1,2
15,2023；audio-book；fantasy,3
18,action-adventure；arc-netgalley；epic-fantasy,3
20,4；4-star；adventuring-we-go,3
23,2023-netgalley-all-reads-challenge；2023-netgalley-reads；2023-reads,3
24,book-challenge；edelweiss-netgalley；romance-fantasy,3
25,adult-fantasy,1
26,fantasy；gargoyles；gladiators,3
27,audiobook,1
35,4-stars；still-to-review,2
37,ebook-owned,1
38,favorites,1
39,fantasy；read-in-2023；reviewed-for-smexy,3
40,arc；author-jennifer-estep；read-in-2022,3
41,fantasy-genre；favorite-author；favorite-series,3
44,adult；arc；fantasy,3
45,2023；audio；coyer,3
47,7arcs,1
48,netgalley,1
62,read-in-2023,1
65,read-more-of-this-author,1
66,ebk,1
67,netgalley,1
69,edelweiss,1
71,fiction；sci-fi-fantasy,2
74,galleys-arcs；netgalley,2
80,arc；fantasy,2
84,2023-releases；netgalley,2
88,fantasy,1
89,3rd-in-series；3rd-in-trilogy；borrowed-digital-copy-from-library,3
91,2023-books-read,1
92,2023-release；arc-edelweiss,2
95,fantasy；romance,2
98,audiobook,1
101,2023；arc；ebook,3
103,2023,1
107,2023-reading-challenge,1
120,2024_friend-challenge-w-c-k；done-2023,2
122,romantasy,1
128,giveaways,1
135,action；audiobook；paranormal,3
136,dnf；fantasy,2
141,audio；fantasy；read-in-2023,3
142,badass-heroines；fantasy；roman,3
150,sf-fantasy,1
152,audiobook；dnf；fur-and-fangs,3
154,urban-fantasy,1
157,2023,1
159,2023-release；next-order,2
163,1-own；a-1-favorite-series；audio-book-owned,3
164,sci-fi-fantasy,1
169,own,1
171,2023-releases；most-anticipated,2
174,audio；chirp,2
179,x2023-audio,1
183,2022；arcs；author-jennifer-estep,3
189,4-stars；fantasy,2
