Row,Tags,Tag_Count
5,2-5-stars-food-s-lacking-flavour；books-read-in-2023；fantasy-is-better-than-ecstasy,3
8,abduction-captive；arranged-marriage；gods-angels-demons,3
9,2024-reads,1
10,adult；ebooks；fantasy,3
11,disappointed,1
15,2023-releases；adult；audiobook,3
18,favorites,1
26,cool-cover；dnf-skim-finish；fantasy-all,3
27,2023-most-excited-releases；adult-fantasy-dystopian；age-gap,3
31,could-be-better；fantasy-or-pnr；kidnapping,3
35,4-stars；book-boyfriends；fantasy-sci-fi-pnml,3
40,2023-anticipated-release；fantasys-aka-my-ultimate-fave-genre；hades-and-persephone-vibe,3
43,2024-audiobooks；fantasy；male-lead-pining,3
45,audible；audio-books；read-in-2023,3
63,adult；age-gap；enemies-to-lovers,3
65,3-stars；fantasy；gods,3
70,2023,1
72,beautiful-covers；fantasy；romance,3
73,2023；5-stars；review-books,3
77,disappointment；fantasy,2
79,fantasy；fantasy-romance,2
82,arcs；creatures-dragons；creatures-vampire,3
86,fantasy；new-adult；read-in-2023,3
89,2023-tbr,1
90,desaf-o-2023；fantasía；inglés,3
92,2023；upcoming-releases,2
93,5-stars,1
94,arc；fantasy；romantic,3
97,favorite-books；jennifer-l-armentrout；reviewed-books,3
107,books-i-own,1
108,bought；favorites,2
119,anticipated-2023,1
121,2023；drama；emociones,3
126,physical-books-i-own,1
127,fated-mates,1
131,2023-releases,1
141,2024；audiobooks；fantasy-paranormal-pnr,3
149,2023；favorites；i-own-a-copy,3
152,mf-reads,1
157,audiobook；fantasy；fated-mates,3
158,2023-reads；fantasy-mythology,2
160,fantasy；romance；written-reviews,3
161,2023；audiobook；kindle,3
162,2023,1
163,audio2023,1
178,library,1
180,physical-shelf,1
183,2023-tbr,1
184,coming-out-soon,1
202,2023-releases；2023-releases-read；ebook,3
206,dnf,1
207,read-in-2024,1
230,unfinished-series-started,1
237,2023-october；2023-reads；arc,3
238,really-bad-books,1
239,2023,1
246,fantasy；romance；waiting-for-the-next-book,3
247,owned；signed-books,2
250,book-boyfriend；fantasy；flesh-and-fire,3
256,started,1
257,2023；arc；cover-love,3
259,vampires,1
262,2024-reads,1
265,anticipated-reads；fantasy,2
270,read-in-2024,1
273,audiobook；erotic-romance；fantasy-romance,3
275,2023；adult；fantasy,3
280,fantasy,1
283,favorites；my-books,2
299,high-fantasy,1
