Row,Tags,Tag_Count
0,arcs-finished；audience-young-adult；format-ebook,3
1,0-series；1-arc-advanced-reader-copies；8-romantasy,3
2,2023-reads,1
4,anticipated-2023-releases,1
7,2023；anticipated-and-disappointed；disappointed,3
8,arc；on-kindle,2
9,2024；2024-arcs；fantasy,3
12,2024-reads；fantasy；kids-and-ya,3
13,arc；favorites；netgalley,3
14,bodyguard-trope；fantasy-romance；favorites,3
16,2023-12-december；netgalley,2
18,fantasy；i-found-a-series,2
20,fantasy；fiction；young-adult,3
23,2023-favourites；fantasy；lgbtqia-rep,3
26,dnf-might-get-to-it-sometime-later；fantasys-aka-my-ultimate-fave-genre；wanted-to-enjoy-but-didn-t,3
27,arcs；fairyloot,2
29,arcs；ebooks-i-own,2
36,read-in-2024,1
40,2023；books-i-own；fantasy,3
42,2023,1
44,arcs；books-i-own；ebooks,3
46,dante,1
48,books-that-made-me-cry,1
50,arcs,1
55,all-time-favorites；arcs；ya-fantasy-favorites,3
56,arc；netgalley,2
59,sequels-to-books-i-ve-read,1
64,2024；fantasy；january-2024,3
68,arc；arc-egalley；arcs-i-own,3
69,arcs；pride,2
72,duology,1
73,advanced-reader；edelweiss,2
75,2023；january-2024-tbr,2
77,i-have-a-real-book；magic；netgalley,3
81,eidelwiess；fantasy；romance,3
83,book-dresses；ya-fantasy,2
87,2023-releases；arc-books,2
92,high-fantasy；pub-wednesday,2
100,2023-release；netgalley-arc；young-adult-fantasy,3
101,arcs；net-galley,2
102,2024,1
106,2023,1
111,ebook,1
124,fantasy；ya-na,2
126,netgalley-arcs,1
129,fantasy；ya,2
131,2023-releases,1
132,digital-tbr,1
133,advance-reader-copy；dual-pov；fantasy,3
135,kindle,1
138,2023,1
139,fantasy；fantasy-romance；forbidden-romance,3
141,2023-releases；genre-high-fantasy,2
146,disappointing；fantasy；romance,3
147,read-age-ya；read-genre-fantasy,2
149,arcs-and-pr,1
150,arcs,1
154,scifi-fantasy-ya,1
157,arc,1
160,arcs；ya-fantasy；ya-that-should-be-na,3
167,arcs；netgalley,2
168,netgalley,1
170,fantasy；fiction；gods,3
172,2023-releases,1
173,romantasy；trope-found-family,2
176,read-as-an-arc,1
178,netgalley,1
182,netgalley,1
184,arc-reviews；ya-fantasy,2
189,2023-reads-and-re-reads；fantas-ish；found-family,3
191,backlistbooks-24；fantasy；ya-books,3
193,netgalley,1
197,2024-reads；audiobook；fantasy,3
203,arcs,1
207,2nd-book-not-as-good；mild-spice；romantasy,3
208,series,1
211,2023-reads；magic-to-do,2
212,netgalley,1
214,excellent-narrative-voice,1
216,arcs-read,1
219,arc；fantasy；romance,3
220,2023；must-read-grabby-hands；read-for-review,3
222,2024-netgalley-reads；2024-reads；arc,3
224,2024；arc；authors-to-watch,3
225,fl；i-own；i-own-ebook,3
227,2023-release；netgalley,2
234,2024,1
236,reviewed,1
237,2023；arc；fantasy,3
248,2024-reads；arcs,2
251,netgalley,1
252,arc-books-from-netgalley,1
255,2023-releases；buddy-reads；favorites,3
256,gods-slash-mythology；magic-paranormal-etc,2
257,physical-arcs-pr,1
260,arc-s,1
270,2024；fantasy；romance,3
273,netgalley,1
276,favorites,1
279,netgalley；young-adult,2
284,dnf；netgalley-arcs,2
285,did-not-finish,1
287,3-star,1
294,2023-read,1
295,netgalley,1
296,duology；fantasy,2
297,netgalley,1
299,2024-on-goodreads；4-star-reads,2
