Row,Tags,Tag_Count
0,abuse-trauma；accurate-covers-i-love；adventure-danger-suspense,3
1,2023-tpam-challenge；audiobook；demons,3
3,pre-ordered,1
4,bdb-universe；owned,2
5,annoyed-me；disappointing；don-t-mess-with-my-hea,3
7,paranormal,1
9,2023；audible；audiobook,3
10,adult-romance；best-of-2023；dark,3
11,paranormal-romance；read-2023,2
12,paranormal-romance；vampires,2
16,audio_books；jr_ward,2
17,fantasy,1
19,2023；contemporáneo-romance；paranormal,3
21,borrowed-libby；fantasy-fun；gloved-up-nay,3
22,audio-books；own-a-copy；romantasy,3
23,done-2023；paranormal,2
24,angels-demons-dieties；bdb；urban-fantasy,3
28,desaf-o-2023；fantasía；inglés,3
32,2023；angels；audio-book,3
33,audiobook；paranormal；romance,3
34,2023；fav-author；in-my-library,3
36,2023；bdb-legacy-prison-camp；bdb-universe-and-fa-and-lotw,3
37,1-2-stars；audiobooks；cringeworthy,3
41,amazing-books；angst-filled；audio-books,3
42,fed-up-of-this-shit；fucked-up-shit；taking-suspend-disbelief-too-far,3
43,angel；i-cried；paranormal,3
44,paranormal-romance,1
45,angel；brotherhood；demon,3
46,authors-behaving-badly,1
48,dnf,1
49,audiobook；dnf,2
51,audio；m-f；urban-fantasy,3
52,audio；drama；pnr-vampires,3
57,0-done-series-abandoned；characters-angels；characters-vampires,3
66,2023-coyer；2023-new-release-challenge；2023-release,3
68,audio,1
69,desert-island-keepers；paranormal-romance；read-2023,3
70,4-stars,1
75,_audio；pnr；urban-fantasy,3
78,my-favorites；shelfari-favorites；vampires,3
82,2023-reads；paranormal-romance；paranormal-vampire,3
84,02-2024；au-ward；audiobook,3
85,vampires,1
93,completed-2023,1
105,2023-audios；angels；audiobook,3
106,2023-reading-challenge；adult；adult-fiction,3
110,paranormal；romance,2
113,action-fantasy；adult；cliffhanger,3
114,fantasy；vampires,2
119,audible-2022-2023,1
124,have,1
127,2024-musts,1
129,angels；paranormal；romance-paranormal,3
136,5-star-review；could-not-stop-reading；emotionally-charged,3
149,vampire,1
161,2023-romanceopoly；vampire,2
162,books-read-2023,1
170,couldnt-finish,1
171,action-adventure；angels；arc,3
175,library-book,1
176,j-r-ward,1
178,2023；dl；paranormal,3
180,2023-read；j-r-ward,2
181,angel-demon；dark-romance；favorite-authors,3
182,2023；adult,2
183,abuse；angels；demons,3
185,angels；vampires,2
188,my-library,1
192,jr-ward_black-dagger,1
193,2023；angels；author-jr-ward,3
201,series-to-continue,1
204,2024-reading-challenge；adult-pnr；audiobooks,3
205,paranormal-romance,1
210,audio；romance；romance-paranormal,3
211,need-to-buy,1
217,audiobook；library-find,2
220,wasted-of-time,1
221,age-difference；disappointing-fell-short-of-expecta；read-in-2023,3
224,2023-favorites；2023-top-12；paranormal-fantasy,3
226,paranormal-romance,1
227,2023；2023-new-releases；best-narration,3
228,paranormal-romance-erotica；romantic-suspense,2
234,suck-me-vampire,1
236,all-time-favorites；audio；fantasy,3
237,2023-reads,1
240,black-dagger-brotherhood-series,1
241,reading-warrior；reviewed,2
243,pnr-uf；read-as-physical-book,2
245,2023；audible；bought,3
246,x2023-120-books；x2023-arc；x2023-paranormal,3
250,fantasy；paranormal-romance,2
252,audio-books,1
255,author-j-r-ward,1
258,paranormal；vampires,2
269,contemporary；paranormal；romance,3
272,ps2023,1
276,angels；black-dagger-brotherhood；jr-ward,3
280,alpha；black-dagger-brotherhood,2
283,2023,1
286,angels；cop-military-bodyguard；demon,3
