Row,Tags,Tag_Count
2,2023-books-i-love；2023-looks-good；23-for-2023,3
5,2023；author-is-nice；fantasy-frenemies,3
6,fantasy；solid；ya,3
7,most-anticipated,1
8,fantasy,1
9,arc；story-confusing；style-series-serial,3
10,2023-reads；abuse；arc,3
11,fantasy；netgalley,2
12,need,1
16,arcs-finished；audience-young-adult；buddy-reads,3
18,illumicrate；read-2023；read-physical-owned,3
19,3-star-reads；lgbt-rep,2
20,fantasy-wh0r3；favorites；netgalley-arcs,3
22,2023；queer-reads；young-adult,3
23,arc,1
24,2023-favourites；fantasy；lgbtqia-rep,3
25,2023-read；5-star；fantasy-and-scifi,3
27,2023-priority-releases,1
28,favorites；made-me-cry,2
29,21st-century；fantasy；lgbtqa,3
30,i-wrote-a-review-im-so-proud；womp-womp-dnf,2
31,audiobook-life,1
33,arcs；read-2023；ya-fantasy,3
34,2024；fairytale-feelings,2
38,4-stars；fantasy-sci-fi-pnml；kick-ass-heroines,3
39,2023-audio；fantasy；m-f-queer,3
41,fantasy；lgbt；romance,3
42,2023-reads,1
47,fantasy,1
48,reviewed；reviewed-2023,2
49,arcs-digital；favourites；reviewed,3
50,arcs,1
52,2023,1
53,favorite-fantasy；favorites,2
54,action-adventure；fantasy；fiction,3
58,illumicrate；ya-ya-fantasy,2
59,arcs；books-i-own,2
64,2023,1
65,2023；4-star；ebooks,3
66,owned；what-even-is-this,2
67,book-club；fantasy-lgbtqia；fantasy-ya,3
69,fantasy-recs；summer-book-bingo-2023,2
70,2023；arcs；genre-fantasy,3
71,favorites,1
72,faves；faves-2023；fiction,3
75,arcs；read-2023,2
76,arcs；favorites；immersive,3
77,fantasy；lgbtqia-characters,2
78,netgalley；review-copies,2
80,cheesy-romance；fantasy；lines-of-gold,3
81,arcs；netgalley,2
82,books-i-own；cinnamon-roll；continuation,3
89,fantasy；fiction；historical-fiction,3
93,fantasy；netgalley；read-2023,3
95,2023-faves,1
97,my-faves,1
98,unowned-read-ya,1
102,book-boyfriends；books-i-own；fantasy,3
103,fantasy,1
104,favorites,1
109,advanced-reader；edelweiss,2
111,2023-reads,1
112,2023；books-to-preorder,2
115,netgalley,1
116,2023-netgalley；fantasy-frenemies,2
120,arc；z-cus-minis-1-3；zzzz-2023,3
122,arc-or-from-pub；audio；best-of-2023,3
125,2023-release；arc-netgalley,2
126,city-of-serpents；found-family；me,3
129,23-releases,1
130,2023,1
132,2023-releases；fairy-tale-and-classics-retelling；ya-fantasy,3
133,audiobook；sf-fantasy；young-adult,3
134,a-spec；lgbtqia,2
135,contains-some-kind-of-prophecy；multiple-magical-creatures；own-worldbuilding,3
137,dnf,1
138,2023,1
139,2023,1
142,fantasy；young-adult,2
145,spooky-season-reads,1
146,2023-releases；series-installment,2
148,fantasy；lgbtqiap；netgalley,3
149,owned-books,1
151,arc；books-read-in-2023,2
157,2023-favs；best-fantasy；best-ya,3
158,10-10,1
161,ace；fantasy；lgbtqia,3
162,arc；ebook；fiction,3
164,angsty-ya-love-interest-type-drip；books-that-destroy-me；books-you-can-blame-for-my-vibe,3
165,not-for-kids；ya-magic,2
166,4-star；laugh-out-loud,2
167,2022-release；fantasy,2
168,2023-reads；5-star-reads；arcs-2023-release,3
169,ya-books,1
175,anticipated-2023；favorites；fic-fantasy,3
177,fantasy；favorites；gremlin-girls,3
178,arc；book-club；books-i-own,3
180,2023-favorites；buddy-reads；lgbt-rep,3
182,netgalley,1
184,2023；fantasy；high-fantasy,3
185,arcs,1
189,2023-releases；e-book,2
195,arc,1
197,not-out-yet,1
199,sexy-ya,1
200,netgalley,1
202,most-wanted；need-to-finish-series；netgalley,3
203,arc,1
205,2023-reads；audiobook；fantasy,3
210,2023-favorites；arcs,2
212,ya,1
214,written-by-2slgbtqia-authors；written-by-women,2
215,arcs-read；audiobooks；physical-library,3
216,audio-books；net-galley-review,2
218,ya-series,1
222,2023-tbr；2023-top-reads；fantasy,3
223,fiction；lgbtqia；romance,3
225,romance；series；ya-fantasy,3
233,books-i-own；favorites；rachel-made-me-read-it,3
234,fractured-fairytales-folktales,1
239,2023-challenge,1
248,2023-favorites；ace-or-aro-rep；brown-covers,3
254,2023-favourite；5-stars；favs,3
257,first-person,1
259,fantasy；good-characters；ya,3
270,cannot-wait-to-read,1
271,arc；fairy-tale；fluffy-romance,3
273,fantasy；lgbtq；swashbuckling,3
274,2023；book-club,2
278,2023,1
281,book-box；ones-i-own,2
283,2023-reads,1
285,books-i-want-on-my-shelf,1
288,2023；3-stars,2
289,2023-release；fantasy；i-always-recommend,3
290,audiobooks；lgbtqia；ya,3
291,historical；m-f；my-paperbacks,3
292,books-i-d-recommend；favorite-series；favorites,3
294,audiobooks；young-adult,2
296,read-2023,1
297,series-to-finish,1
299,2023-reads,1
