Row,Tags,Tag_Count
2,owned-physical,1
3,2023；arc；asian-authors,3
4,a-few-of-my-favourite-things；deserves-all-the-stars；i-doff-my-hat-to-your-cleverness,3
7,netgalley-arc,1
8,0x1-lovesong；arcs,2
11,2023-releases；author-bipoc；rep-asian,3
12,upcoming,1
14,2023；2023-release；arc,3
18,2023-releases；asian-rep；urban-fantasy,3
20,2023；author-is-nice；coming-soon,3
21,fantasy；fated-mates；love-these,3
24,read-reviewed-2023,1
25,a-2023-most-anticipated-releases；a-2023-releases；series-to-finish,3
26,best-of-2023；contemporary-sff；cover-love,3
28,asian-protagonist；fairyloot；fantasy,3
30,asian-sff；author-signed；fairyloot,3
32,2023-releases；reviewed-2023；ya-fantasy-contemporary,3
37,kurzmeinung；mein-bücherregal,2
38,2020s-decade-releases；2023-0-releases；diversity-poc,3
39,angst；buddy-read；duty-vs-love,3
40,arcs,1
41,arc-reviews,1
42,3-stars；arcs；fantasy-sci-fi-pnml,3
43,enemies-to-lovers,1
45,24-for-2024,1
47,anticipated-2023,1
48,fantasy；releases-2023；rep-bipoc,3
49,e-books,1
52,enemies-to-lovers；gifted,2
53,2023-read；2023-release,2
54,novel-owned；novel-owned-se,2
55,2023-reads；monsters,2
56,absolute-favorites,1
57,sequels-i-need-now,1
58,published-tbr,1
60,priority-tbr,1
61,2023；released-in-2023,2
63,favorites；workworkwork,2
67,1-2023-releases；2-ya；3-sff,3
68,books-i-own；fairyloot,2
72,g-fantasy；g-romance-fantasy；g-young-adult,3
73,arc；ya,2
74,fantasy；favorites；historical,3
75,2023-releases；anticipating-these；asian-rep-or-author,3
76,2023-reads,1
77,love-triangle,1
78,2023-favs；best-fantasy；best-ya,3
80,read-in-2023,1
82,bought-2023；fantasy；protagonist-of-colour,3
84,best-characters；has-a-special-place-in-my-heart；lives-rent-free-in-my-head,3
85,2023；fantasy；lgbtqia,3
90,2023-new-releases-challenge；2023-releases；4-stars,3
91,fantasy；fiction,2
92,finished-audiobooks,1
93,favorites,1
95,arc-reads-2023；book-reviews；fantasy-reads,3
96,netgalley；review-copies,2
98,arcs,1
99,favorites,1
100,ajh-made-me-do-it,1
104,dnf；would-not-read-again,2
105,3-star；fantasy；read-2023,3
106,best-of-2023；favorites；genre-fantasy,3
107,fantasy；m-f；my-paperbacks,3
109,2023-release,1
112,fantasy；paranormal-uf；read-in-2023,3
115,books-i-own,1
116,arc,1
120,bleh-ships；dialga-will-like-it；good-ships,3
121,addictively-bingable；drama；fantasy,3
125,23-books-for-2023；omg-2023；physical-tbr,3
131,2023-releases；favorites,2
134,scribd-audio-read,1
135,netgalley-arcs；sci-fi-fantasy；young-adult,3
137,owed,1
140,arc-reviews,1
142,2023；author-of-color；i-love-women,3
145,audiobook；cheesy-corny-roll-eyes；crappy-heroine,3
146,netgalley,1
149,asian-mc；bipoc-main-character；family-love,3
153,2023-books；advanced-reader-s-copy；ebooks,3
155,2023-favourite；5-stars；low-fantasy,3
157,added；anxiety-and-panic-attacks；child-abuse-and-neglect,3
159,books-i-own；fantasy-scifi；read-in-2023,3
164,england；sff,2
165,2-and-a-half-stars；fantasy-magic-sci-fi-bitch；in-a-series,3
169,owned,1
173,fantasy；read-in-2023；to-reread,3
176,personal-library,1
178,2024；fantasy；time-travel,3
179,arcs,1
182,owned-read,1
184,audio-books；net-galley-review,2
185,read-2023,1
187,earc；fantasy；horror,3
188,netgalley,1
190,2023-reads；achillean；arcs,3
194,asian-authors,1
195,asian-authors；audience-young-adult；format-audiobook,3
196,certified-bingeworthy；feel-good-inc；forbidden-fruit,3
197,favorites,1
198,4-stars,1
202,5-star-reads；aapi；ya-fantasy,3
207,physically-owned；series,2
210,2023-arc；2023-release；fave-book-series,3
212,2023-favs,1
214,fabulous-fiction；faithful-fantasy；favourites,3
215,fantasy；own-physical,2
217,book-boyfriends；books-i-own；fantasy,3
221,2023-book-challenge,1
222,2024-audiobook-challenge；2024-reads,2
227,arc,1
228,audiobooks；review-copies,2
231,2024；audience-young-adult；australian,3
233,broke-my-heart；contemporary-fantasy；exactly-what-i-wanted-to-read,3
239,most-anticipated,1
241,paranormal-fantasy；young-adult,2
244,1-2-hardcover；1-4-special-edition；magical-elements,3
245,best-of-faves；fantasy；ya,3
247,2023-ya；2023-ya-fantasy-sf,2
261,arc-reads,1
269,2024；posiadam,2
273,super-excited,1
274,fantasy；ya,2
276,fantasy；fiction；time-travel,3
278,favorites,1
279,on-my-bookshelf,1
281,2023-faves,1
290,fantasy；re-reads；rom-1-fantasy,3
291,trilogy；urban-fantasy；young-adult,3
292,to-buy,1
293,favorites,1
294,2023,1
296,owned；special-editions,2
