Row,Tags,Tag_Count
3,2023-reads；asian-american-or-canadian-authored；book-box-read,3
4,2022,1
5,netgalley-2023,1
7,diaspora-客行悲故乡；disappointments-一场空,2
9,netgalley,1
10,fantasy；young-adult,2
11,netgalley-arc,1
12,1-book-1-country-worldwide-authors；alpha-anti-hero；asian-novels-oriental-authors,3
13,4-stars,1
16,2023；arc；asian-authors,3
17,arc；asian-protagonist；fantasy,3
18,arc,1
19,2023-reads；achillean；arcs,3
20,my-queens；need-to-continue-series；owned,3
25,2023tbr；fairytales-themes；fantasy,3
27,2022；2023；arcs,3
29,dont-bother,1
34,bookbeat,1
35,2023-read；anticipated-releases-2023；arcs-received,3
37,2023-read；5-star；fantasy-and-scifi,3
38,arc-s-netgalley-and-edelweiss；fantastico-fantastics-scifilicious；i-m-so-excited-to-read-this,3
39,2024-audiobooks；asian-fantasy；dragons,3
40,arcs-finished；asian-authors；audience-young-adult,3
44,read-in-2023,1
45,godly-tier；loc-arcs；o-cover-porn,3
46,fantasy；fiction；five-star-reads,3
47,4-stars；buddy-reads；fantasy-sci-fi-pnml,3
49,4-stars；action；fairy-tale,3
50,arc；audiobook；illumicrate,3
51,reviews,1
52,12-23；dämonen；neu-03-23,3
53,young-adult-fantasy,1
54,2023-most-anticipated；bipoc-authors；netgalley-arcs,3
56,blue-covers；dragons；fantasy-high,3
57,ya-fantasy,1
61,2023-releases；arcs-netgalley；author-of-colour,3
64,asian-rep；audiobook；authors-of-color,3
66,2022；fantasy；ya-novels,3
67,arcs；netgalley,2
68,false-god；to-be-reevaluated,2
69,5-stars；escapism；favorites,3
70,netgalley-arcs,1
71,arc；fantasy,2
72,arc-or-gifted-copy；asian-releases；favorites,3
73,all-time-faves；brainrot-don-t-judge-me,2
74,2023-anticipated-releases；4-stars；fantasy,3
75,asian-fantasy；audiobook；chinese-myth,3
76,anti-colonial-and-anti-imperialist；class-gender-race；fantasy,3
77,read-2023；ya-fantasy,2
78,best-reads-of-2022,1
81,2-silver；2023-buddyreads；311-500-pages,3
82,2023；fantasy；favourites,3
85,arcs；fantasy,2
87,fantasy；netgalley；ya,3
89,fantasy；romance；young-adult,3
91,priority-tbr,1
92,fantasy；ownvoicerep；young-adult-fiction,3
94,fantasy；mythology；romance,3
97,favorites；fiction,2
99,2023-release,1
100,fairyloot-and-illumicrate,1
101,arc；dual-pov；fantasy,3
104,added-2022；arcs-i-got；netgalley,3
107,2023-faves；fantasy；favorites,3
108,2023-releases；asian；bipoc-authors,3
109,read-2023,1
110,fantasy；fiction；magic,3
112,and-a-half-star；bookish-soulmates；read-2023,3
113,2023；beautiful-covers；cover-buy,3
115,illumicrate-2023；unpopular-opinion,2
118,read-in-english,1
122,arcs-i-have,1
124,arcs；fantasy；young-adult,3
125,all-time-favs,1
126,on-kindle；recommend-to-anyone,2
127,physical-bookshelf,1
128,2023；fantasy；lgbt,3
129,2023-releases；asian-rep-or-author；diverse,3
131,ap-read,1
133,2023-favorites,1
135,fantasy；female-rage；new-books-in-2023,3
138,2023,1
139,read-2024,1
140,free-netgalley-arcs；genre-age-young-adult；genre-fantasy,3
141,2023；arc；asian-sff,3
143,fantasy；netgalley；ya,3
144,read-in-2024,1
145,2022；arc；fantasy,3
146,2023；asian-pacific-islander-bookshelf；fantasy,3
149,arcs-finished-copy；physical-tbr,2
150,fantasy；mythology,2
151,best-of-concept；best-of-grumpy-sunshine；best-of-mythology,3
157,2022-reads；favorites,2
159,completed-e-arcs,1
160,dragon-books,1
162,favorites,1
165,aapi；g-fantasy-asian；ibooks-in-english,3
167,2023；fantasy；received-from-jbp,3
168,4-stars,1
172,arcs；owned,2
173,action-adventure；fantasy；fiction,3
175,2023,1
177,dnf,1
178,netgally-arcs；physical-books,2
179,net-galley,1
185,fiction；illumicrate；mythology,3
190,teen-fiction,1
194,illumicrate-books,1
196,arc；mostly-clean,2
198,fantasy；ghosts-demons；music,3
201,bame-author；fantasy；ya,3
202,netgalley,1
204,asian-based；fantasy；historical,3
206,netgalley2023,1
208,audiobooks；my-physical-books；netgalley-arc,3
209,2023-reads,1
216,2023-cecilia-is-having-a-time；illumicrate；sci-fi-fantasy,3
217,2023；arc-netgalley；dragons,3
218,2023；rtc,2
219,fantasy；young-adult-fiction,2
224,physical-books-i-own,1
232,dnf,1
239,arc-reading；fantasy；favorites,3
245,audio；non-graphic；q-1,3
246,dragons；received-for-review,2
248,library-book,1
249,2023-reads；2023-variety；52-books-in-52-weeks-2023,3
251,asian-authors,1
255,favorites,1
256,2023-sf-fantasy；poc2023,2
257,2023；2024；book-box,3
259,atmospheric；beautiful-prose；fantasy,3
260,arc-books-from-netgalley,1
261,action-packed；best-of-2023；favorites,3
262,arcs；owned,2
263,audio-books,1
264,2023-releases,1
265,2023,1
266,fantasy,1
267,arc-reads；fantasy；made-me-cry,3
270,fantasy；freaky-supernatural-adventures；thrillers,3
272,2022-into-the-forest-challenge；2023-release；2nd-world-fantasy,3
275,2023,1
277,asian-authored；audiobook；chinese-and-diaspora,3
278,book-box；read-in-2023；released-2023,3
279,5-stars；arcs-and-galleys；bipoc,3
280,2023-reads；auto-tbr-authors；beautiful-writing,3
282,2023；arc；fantasy,3
285,netgalley,1
288,netgalley,1
289,2023,1
290,asian；dragons；mythie,3
291,yessir,1
292,2023；arc,2
293,books-i-own；illumicrate；signed,3
295,fantasy；fiction；lgbtqia,3
296,january-2023-tbr；may-2024-tbr,2
297,chosen-one；court-politics；epic-fantasy,3
