Row,Tags,Tag_Count
1,fantasy,1
3,epic-fantasy-grimdark；favorites,2
5,own,1
6,imagined-fiction,1
7,fantasy；my-friends-corrupted-my-soul；what-the-fish-are-you-waiting-for,3
8,ebook；s-l-sword-2023,2
9,beautiful-cover；dnf-skim-finish；paperback-own,3
11,all-time-favorites；fantasy,2
13,fantasy,1
14,2023；favorites；signed,3
15,fantasy,1
16,books-by-friends；favorites；read-women-enby,3
19,fantasy,1
21,2023-read-books；arc-or-review-copies,2
23,fantasy-fiction,1
29,fantasy；grimdark,2
31,sff,1
33,dark；depressing；everyone-is-an-asshole,3
37,2-stars；dnf,2
40,bingo,1
46,for-my-father；i-need；priority,3
52,read-in-2023,1
