Row,Tags,Tag_Count
1,2023-4-stars,1
2,all-time-favourites；great-couples；sapphic,3
3,arc,1
4,2023-reads；achillean；arcs,3
5,arcs-finished；audience-adult；black-authors,3
6,2023,1
8,52-book-club-2023；around-the-world-challenge-2023；dystopian,3
10,arcs；netgalley,2
12,2023-releases；adult；adult-fantasy,3
13,favorites,1
16,2023-releases；fantasy,2
17,adult-sff-horror；arcs-digital；reviewed,3
20,adult；fantasy；lgbt,3
23,favorites,1
25,2023-releases,1
28,audiobooks；bipoc；queer,3
30,arc-reviews,1
31,arcs-i-have；books-i-own,2
34,adult；arcs；disability-and-neurodivergence-rep,3
38,2024；favorites,2
40,2023；5-stars；adult,3
41,lgbtq；netgalley；scifi-fantasy,3
42,feminist-fiction；lgbt；net-galley-requests,3
43,netgalley,1
45,queer-books,1
46,books-i-own,1
47,poc-authors；queer-lit；sapphic,3
48,2023-goal-1-own-voices；favourites,2
52,2023-releases；5-star；age-adult,3
53,netgalley,1
54,2-bleh；2023；need-to-reread,3
55,2023；fantasy；lgbtq,3
58,bought；stafford,2
60,read-2023,1
68,audiobook；in-the-bookshelve,2
71,fantasy-romance,1
73,fantasy；lgbt-plus,2
74,2023；arcs-alcs-finishedcopies,2
75,owned,1
78,2023-faves；arc；read-2023,3
80,arc；fantasy；lgbt,3
82,2k23；fiction；queer,3
83,2023-reads；favorite-authors；queer-stories,3
84,2023-release；all-time-faves；emotional,3
85,2023；2023-ng-group-challenge；2023genrechallenge,3
86,2023-releases；fantasy；fiction,3
88,future-home-library,1
89,netgalley-books,1
90,already-bought；diverse-author；over-400-pages,3
93,arc-s-netgalley-and-edelweiss；fantastico-fantastics-scifilicious；young-adult-awesomeness,3
96,2023-favorites；favorites,2
97,2023；cliffhanger；fantasy,3
100,2023-tbr；23-may-tbr,2
102,audiobook；fantasy,2
103,audiobooks,1
105,read-2024,1
106,net-galley,1
109,2023；audiobook；fantasy,3
110,fantasy；lgbtqia,2
118,good-friendship-stuff；heroines-i-like；kick-butt-heroines,3
120,all-time-favs；queer-fantasy,2
124,black-rep；disability-rep；fantasy,3
125,2023-favourites；2023-reads；arcs,3
126,adult；audiobooks,2
129,bipoc；fiction；lgbt-lit,3
130,favorites,1
134,lgbtqap；physical-read；read-2023,3
136,audiobooks,1
140,have-audio；have-physical,2
145,books-own；signed,2
146,21st-century-fiction；bought-2024；fantasy,3
149,2023,1
151,want-to-read-sequel,1
152,sapphic-speculative,1
153,2023-read,1
154,ace-rep；disability-and-chronic-illness-rep；fav-mcs,3
155,2023-favourites；incomplete-series,2
160,arcs；netgalley,2
161,faves；faves-2023；fiction,3
162,fantasy；lgbtqa,2
164,2023-reads,1
170,arc；my-ebooks；zz-2023-anticipated-releases,3
171,read-in-2023,1
176,23-books-to-read-in-2023,1
178,own,1
179,recommendations,1
180,sapphic-mc,1
181,sapphic-faves；sapphic-read,2
183,arcs,1
184,2023-reads；audiobook；fantasy,3
185,fantasy-favs,1
187,fantasy,1
191,fantasy；favorites；lqbt,3
192,reviewed,1
195,2023-favorites；netgalley,2
200,fantasy-sci-fi；latoya-s-library,2
201,arcs；favorites,2
202,audiobook；books-i-own；special-edition,3
203,2023；fantasy；lgbtqia,3
207,bipoc-fantasy；fantasy,2
212,favorites,1
214,2023-arcs；netgalley,2
216,black-authors；black-sci-fi-and-fantasy,2
217,dark-and-grimdark；exploring-transness；sapphic,3
218,2023-releases；adult-fiction；arcs-netgalley,3
222,books-read-2023,1
228,2023-favorites；disability-rep；lgbtqia2s,3
229,2023-reads；20booksbyblackfolks2023；bipoc-authors-2023,3
231,adult；fantasy；lgbtqia-main-characters,3
232,rep-poc-lead；rep-queer-lgb；rep-queer-trans-enby,3
233,read-in-2024,1
236,fantasy,1
238,arc-reads；fantasy；magic-systems,3
244,5-stars,1
245,adult；fantasy；lgbt,3
247,2023-releases；may-2023-tbr,2
248,action-packed；animal-companion；best-of-2023,3
250,contemporary-fiction；fantasy；lgbtqia,3
251,epic-fantasy；fantasy-sci-fi,2
257,fantasy；queer,2
266,fantasy；lgbt,2
267,high-fantasy；queer-fiction,2
279,2023；books-i-own,2
280,2023-release；arc；fantasy,3
284,2023-fave-reads,1
285,adult-fantasy；bipoc-author-2024,2
287,netgalley,1
289,netgalley,1
290,2023-books-read,1
291,2023-books；advanced-reader；lgbtqia,3
298,author-of-color；black-author；chosen-family,3
