Row,Tags,Tag_Count
0,5-star-gems；blankets-and-cuddles；book-supremacy,3
1,boy-obsessed；fantasy-books；jealousy-angst-possessive,3
2,1-one-star-books,1
4,academia-romance；advance-reader-copy；drama,3
7,0-stars-problematic-author；1-and-a-half-star；books-2023,3
8,2023-reads,1
9,favorites,1
11,favorites；top-romantasy-recs,2
13,you-should-never-write-again,1
23,buddy-reads,1
26,2023；5-star；book-boyfriends,3
29,2023；fantasy；romance,3
30,5-stars-crème-de-la-crème；atmospheric-beautiful-cozy-setting；baddest-bitch-of-all,3
32,fae-elfs-goblins-dragons-and-more,1
37,fantasy；fav；have-2-pry-out-of-my-cold-hands,3
38,2023-reads；genre-fantasy；genre-new-adult,3
40,2023-reads,1
43,favourites,1
44,best-scifi-fantasy；fantasy-romance；god-tier-romance-novels,3
45,4-stars；comfort；fantasy,3
46,buddy-reads；dragons；fantasy,3
48,audio；drowning-in-cheese；fantasy,3
52,adult-and-new-adult；adventure-challenges-heists；beasts-monsters-demons,3
56,i-would-burn,1
59,favourites；physically-own,2
63,adult-fantasy-romace；audiobook；books-read-in-2023,3
65,fantasy,1
67,6-star-reads；may,2
68,2023-releases；adult-na；enemies-to-lovers,3
69,2023-releases；absolute-tomfoolery；academia-of-some-kind,3
71,fantasy；series；ya,3
72,2023reads；disability-rep；fantasy,3
73,physical-tbr,1
77,dragons；guilty-pleasure,2
80,read-in-2023,1
86,2023-fave；2023-reads；buddy-read,3
87,enemies-to-lovers；fantasy；favorites,3
88,favorites-2023,1
91,adult；ebooks；fantasy,3
92,all-time-favorites,1
94,amazing-romance；dragons；fantasy,3
98,2023-releases；adult；dark,3
99,anti-hero；cliffhanger；dragons,3
100,books-i-recommend；had-me-sobbing；made-me-laugh,3
102,zionist-racist-problematic-etc,1
103,ahhhh-so-good；book-boyfriends；books-i-always-recommend,3
104,dragons；fantasy；fiction,3
107,online-tbr,1
109,from-library；read-in-2023；smutty,3
110,bad,1
111,4-stars,1
112,5-stars,1
113,best-reads-2023；fantasy；favorites,3
114,angsty；bad-ass-heroine；enemies-to-lovers,3
116,audiobooki-2023,1
119,fantasy,1
120,2023；fantasy；heart-locket,3
121,2023-releases；adult-new-adult；fantasy,3
122,audiobook-only-read；fantasy；favorites,3
123,i-love-you；wanna-reread-already,2
125,buddy-reads；review-to-come,2
129,fave-female-main-character；fave-male-main-character；faves,3
131,best-of-2023；dragons-riders；ebook,3
132,2023-and-me,1
133,favorites,1
134,1-star-electric-chair；2023-challenge；adult-na,3
137,enemies-to-lovers；painnnn,2
139,this-book-is-bitchin,1
140,disability-mh-nd；dragons；fantasy,3
141,4-stars；book-bfs,2
145,angsty；enemies-to-lovers；fantasy-romance,3
146,paranormal-urban-fantasy-romance,1
149,academic-or-workplace-rivals；angsty-af；banter-af,3
150,abwechslungsreich；anders-aber-gut；aus-einer-reihe,3
151,2024；book-boyfriends；favorites,3
152,dnf；jail,2
153,2023-reads；a-book-trying-to-be-other-books；fantasy-romance,3
154,favorites,1
155,best-of-2023；dark-academia；fantasy-romantic,3
157,1st-person-pov；death；ebook,3
158,2023；fantasy；favs,3
159,2023；2023-5-stars；they-always-hit,3
161,ebooks；read-in-2023；tenho,3
164,arcs-read；generic-uninspired-fantasy-books,2
165,0-audiobooks；fantasy,2
166,5-star-reads；audiobooks；fantasy,3
169,broken-heroine；cheesy-fun；dragons,3
171,2023-faves；2023-reading；6-star-reads,3
172,fantasy-tbr,1
174,2023-books,1
175,6-star-reads；july-2023-reads；owned,3
176,all-time-faves；arcs-or-gifted-by-pub；disability-medical-condition-rep,3
177,favorites,1
178,2023-5-stars,1
179,favs,1
184,fantasy,1
186,fantasy-paranormal；owned；romance,3
189,chefs-kiss；fantasy-romance；fave-heroines,3
191,bookclub；favorites,2
194,2023；author-is-nice；fantasy-frenemies,3
195,adrenaline-rush；almost-perfect；books-with-war-or-revolution,3
197,2023,1
199,5-stars；all-time-favorites,2
200,fantasy；my-nightmare；romance,3
201,21th；fantasy；real-bummer,3
205,dragons-riders；favourites；hardback,3
209,5-stars,1
210,favorites,1
214,my-favorites,1
215,adult；dragons；fantasy,3
216,genre-fantasy；genre-new-adult；genre-romance,3
222,4-point-25-stars；library-loan-mlc；read-ebook,3
224,favourites,1
226,buddy-read；fantasy,2
227,sampled,1
230,enemies-to-lovers-cat-fishing,1
235,found-family-trope；high-fantasy；incl-some-of-my-favorite-characters,3
236,all-the-stars；audiobook；dragons,3
239,hot-fantasy-romantasy,1
240,1-star-౨ৎ；2023-reads；authors-i-have-beef-with,3
241,enemies-to-lovers；favorites；hawt,3
242,favorites,1
246,would-sell-my-soul-for-these-books,1
247,my-heart-and-soul-33,1
248,2023；fantasy,2
249,dnf-2023,1
250,2023；2024；audiobook,3
253,never-again,1
257,books-i-liked-bef-but-wouldn-t-rn,1
258,2023；english；favorites,3
262,five-stars；quick-and-bingeable；rebellion,3
263,college；fantasy-romance；new-adult,3
264,2023-shelf；3-star；impaired-my-critical-thinking-skill,3
267,fantasy；new-adult,2
269,dueling-with-honor,1
270,2023-reads；adult-books；e-books,3
271,bored-out-of-my-mind；buddy-read；contemporary,3
272,2023-reads；all-time-fav；book-tok,3
273,favorites,1
276,buddy-reads；favorites；own,3
278,fantasy；fiction；romance,3
282,favorites,1
284,altered-my-brain-chemistry；comfort-reads；living-the-fantasy,3
288,2023-reads；books-i-own；dragons,3
292,most-hated,1
295,fantasy,1
296,escapers,1
297,2023-faves,1
298,fantasy-romantasy；favorite-books,2
