Row,Tags,Tag_Count
1,5-stars；paranormal；why-choose,3
3,age-gap；alpha-hero；enemies-to-lovers,3
5,monster-pnr-fantasy；why-choose,2
13,2023,1
14,reverse-harem；review-copies,2
22,2023；enemies-to-lovers；fated-mates,3
24,paranormal；paranormal-romance；they-fuck-in-this-one,3
26,en；owned；read-in-2023,3
27,2023-reads；paranormal-romance；polycule,3
30,vampires,1
31,2023；age-gap-trope；dark-academy-trope,3
34,alpha-male；bad-ss-female；enemies-to-lovers,3
37,arc-shelf；bullying；dark,3
38,rh-acadamy；rh-enemies-to-lovers；rh-fantasy,3
40,arcs,1
44,epic-or-high-fantasy；erotica；rated-two-stars,3
47,all-the-lovers；paranormal-beings；school-based,3
87,paranormal；pnr；reverse-harem,3
88,arc-copy；reverseharem；steam-level-high,3
92,1st-pov；arc；badass-hbic-lady-boss,3
106,arc,1
113,arcs-authors；need-to-finish-series；own-on-kindle,3
119,favorites,1
120,dark-romance；fantasy-romance；vampires,3
133,academy；college；enemies-to-lovers,3
162,kindle-unlimited；series-interconnected,2
170,arc,1
173,twentytwentythree_arcs,1
191,academy-college-high-school；fated-mates；multiple-pov,3
229,_kindle-unlimited；4-star；academy,3
230,adult；fantasy；indie,3
231,college；hogwarts-but-make-it-horrible；paranormal,3
260,arc,1
266,2023；kneel-before-the-gods；monsters-and-stuff,3
268,3-star；kindle-unlimited；rh,3
276,vampires-are-awesome,1
280,dnf；kindle,2
