Row,Tags,Tag_Count
1,2023-year-of-awesome-books；upcoming-releases-with-covers,2
2,2023,1
3,2023-books；fantasy；series-caught-up,3
4,faves；netgalley,2
5,2023-fantasy-horror；freebies；fyeahfantasy,3
9,all-nighter；epic-fantasy；favorite-authors,3
13,20xx-sword；audio-book；author-male,3
14,fantasy,1
15,automatic-buy-authors；awesome-girls；girls-owning-their-sexuality,3
17,fantasy,1
18,2024；dark-fantasy；fantasy,3
19,speculative-fiction,1
21,fantasy；giveaways；series,3
25,fantasy,1
27,2023-release,1
28,fantasy,1
32,fantasy,1
42,2023-releases；4-5-stars；favorites,3
44,ebook-kindle；low-fantasy；netgalley,3
47,2023-releases；fantasy-i-read；netgalley-arc,3
49,owned-books；reviews；x-2023,3
50,2023；a-kind-of-magic；ownage,3
54,arc；fantasy；read-2023,3
55,reviews,1
57,advance-reader-copy；giveaways；reviews,3
62,fantasy,1
66,ebook；my-library,2
75,series；sff-books,2
78,2023；fantasy,2
84,netgalley,1
85,2023-books-read,1
88,favorite-reads-of-2023；top-5-of-2023,2
100,fantasy；female-hero；fiction,3
104,first-reads-review-books,1
108,fiction,1
111,epic-fantasy；fantasy；highly-recommended,3
112,fantasy,1
122,sf-fantasy,1
126,2024；actually-on-my-shelf,2
130,2023-releases；4-5-stars；adult,3
131,2024-reads；fantasy；mystery,3
133,0reviewed；1fantasy；2novel,3
134,2023；fantasy-epic,2
135,prose-novels,1
136,fantasy,1
137,fiction-fantasy-adventure,1
