Row,Tags,Tag_Count
1,fantasy；forbidden；romance,3
2,2023-read；4-stars；fantasy,3
5,2023-favorites；fantasy；forbidden,3
8,arcs-2023；read-2023,2
9,3-9-stars；4-25-stars；4-45-stars,3
11,para-dystopian-sci-fi-fantasy,1
12,adult；dark-romance；fantasy-romance,3
13,2023；arc；reviewed,3
17,4-stars；audiobook；fantasy,3
20,anithero；boring；dark-fantasy,3
22,action；adventure；cliffhanger,3
23,alpha-beta；fantasy；jealous-possessive,3
26,angst；fav-2023,2
28,angst；dark-romance；erotic-romance,3
30,amnesia-romance；audiobook；book-club,3
32,fantasy；netgalley；romance,3
33,arc；fantasy；fantasy-high,3
34,arc-approval,1
40,audible-2022-2023；favourite-covers-2023；kindle-read,3
42,arc,1
44,arcs-i-have,1
48,arc；netgalley,2
54,arc-or-provided-by-author；dysfunction-at-its-best；paranormal-romance-vamps-tramps,3
56,read-and-recommend,1
57,2023-reads；arc-galley；author-pepper-winters,3
60,arc,1
61,2023,1
64,2022-most-anticipated-release；arc；fantastic-paranormal-fantasy,3
71,audio；romance,2
78,altceva-special；assertive-woman；difficile-relationship,3
82,2023-releases；buddy-reads,2
84,arranged-marriage；betrayals；burn-the-world-for-her,3
85,2023-read；4-and-a-half-stars；arc,3
88,2023；4-stars；review-books,3
90,annoying-but-i-keep-reading；heavy-romance；not-what-i-expected,3
92,arc-reads；boy-obsessed；fantasy-romance,3
95,apocalyptic；dark；fantasy,3
107,2023-read；5-star；arc-author-publisher,3
110,dark-romance；high-fantasy；romantic-fantasy,3
111,14-24,1
116,2023；fantasy,2
121,favorites,1
123,1st-in-series；ebooks；fantasy,3
128,adult；arc；ebook,3
129,fantasy-sci-fi-pnr-supernatural；taboo-forbidden,2
133,arcs,1
135,arcs,1
137,2023-reads；4-5-star-fantasy,2
140,dark；dub-con-non-con；fantasy,3
145,arc-reviews；fantasy,2
151,epic-emotions；tears,2
152,2023；arc；dark-romance,3
153,reviewed-2023；z-copy-to-amazon,2
154,amnesia；fantasy,2
156,arcs；fantasy,2
157,arcs-i-loved；net-galley,2
158,2023-reading-list,1
162,paranormal-romance,1
168,adult；angsty；fantasy,3
171,arc,1
173,books-of-2023,1
175,audiobook；dark；fantasy,3
176,fantasy；paranormal,2
179,2023；2023-favorites；5-star,3
181,read-in-2023,1
190,tbr,1
200,2023；dark；fantasy,3
201,dnf；kindle；netgalley,3
208,netgalley,1
211,arc-purchased,1
214,5-star-reads；unreleased-sequels,2
220,fantasy；magic；romance,3
221,arcs,1
222,2023,1
224,arc；arc-egalley；arcs-i-own,3
230,read-in-2023,1
233,can-t-seem-to-be-able-to-finish,1
236,fantasy-romance；kindle-unlimited,2
238,angst-emotional-romane；audiobook；dnf,3
240,2023；arc,2
247,gb,1
249,arc,1
258,dark-romance；fantasy；slow-burn,3
263,dnf,1
276,coming-soon；so-excited,2
283,paranormal-mystery,1
292,cliffhanger；fantasy；intense-emotional-angsty,3
298,own-kindle,1
299,fantasy；romance,2
