Row,Tags,Tag_Count
3,not-released；series-to-continue,2
4,arcs；netgalley；paranormal-romance,3
6,2023；summer-tbr,2
8,erotica；fiction,2
10,fantasy；romance,2
14,drama；fantasy；gods-goddess,3
15,fantasy,1
21,fiction,1
26,24-in-2024；kindle,2
27,romance-to-remember,1
28,plan-to-buy,1
34,2023,1
36,fantasy-tbr；kindle-unlimited,2
37,audiobooks；read-in-2023,2
44,2023；fantasy；owned-copy,3
45,hades-and-sephi,1
58,kindle；read-in-2023,2
61,2023,1
62,dnf,1
63,2023,1
68,read-2023,1
69,romantasy,1
70,romance；scarlett-st-clair,2
72,adult；age-gap；grumpy-sunshine,3
74,kindle-unlimited；kindle-wishlist,2
78,arcs；june-tbr,2
81,fantasy-romance；greek-mythology；multiple-povs,3
82,worth-waiting-for,1
84,books-i-own,1
86,ku；on-my-bookshelf,2
87,5-stars；dark-romantasy；favorites,3
92,2023；cover-love；fantasy,3
103,dark-romance；fantasy-romance,2
114,greek-mythology,1
118,adult；erotica-smut-spicy-books；fantasy,3
125,fantasy；grumpy-sunshine；no-3rd-act-breakup,3
128,april-tbr；march-tbr,2
137,books-i-own,1
138,fantasy-paranormal；retelling-mythology；romance-drama,3
140,2023；physical-books；romance,3
153,audiobook；fantasy-romance；physical-tbr-2024,3
158,favorites,1
172,2024-read,1
173,fantasy；magic,2
175,fantasy；favorites；romance,3
187,books-owned；favorites,2
203,paranormal；romance,2
205,audiobook；on-my-bookshelf；read-owned,3
218,2023,1
224,2023,1
225,2023-read；library-of-hannah-farnung,2
226,do-not-judge；mythology-vibes；owned,3
227,favorites,1
236,on-my-bookshelf,1
243,2023-reads；dark-fantasy；fantasy,3
246,2023-reads；audiobook；fantasy,3
248,2023-anticipated-releases,1
253,need-to-read,1
258,audiobook；bipoc-authors；favorites,3
267,2-star；greek-and-roman-myths；i-didnt-hate-it-but-it-was-laughabl,3
277,owned；shadow-daddy,2
283,read-owned,1
285,fantasy；owned；romance,3
287,fantasy,1
