Row,Tags,Tag_Count
0,part-of-a-series,1
4,wishlist,1
6,best-2024-books；best-recent-ones；fantasy,3
8,2024-ew-ng；edelweiss；reviewed,3
11,pre-ordered；unfinished-series,2
14,absurdist-whimsy-escapism；we-are-the-waiting,2
15,autor-in-must-buy；die-liebe-liebe；humor-ist-wenn-man-laut-loslacht,3
18,fantasy,1
21,2024,1
25,2024-reads,1
26,2024-reading-challenge,1
27,dystopia；first-person-narrator；footnotes,3
36,dystopian；favorites-of-2024；post-apokalipsa,3
38,adventure；alternate-history；dystopia,3
50,fforde,1
53,2024,1
58,favourite-authors；fiction,2
62,favorites；neuerscheinungen-2024,2
66,series,1
68,2024；fantasy；great-reads,3
69,arc,1
79,audio,1
82,ebook,1
84,dystopian；first-reads-netgalley；humor,3
87,fantasy；favorites；mystery,3
95,fantasy,1
97,aty-2024；audiobooks；best-of-2024,3
102,read-in-2024,1
119,fantasy,1
122,want-to-get,1
125,dystopia；fantasy；post-apocalypse,3
126,alt-worlds；fiction-contemporary,2
131,series-end,1
132,contempory-wierd,1
137,arc；edelweiss；nt-books,3
138,favorites,1
139,fantasy,1
144,fantasy,1
145,audiobook；listening-books；loved-it,3
149,escapism,1
150,dystopian；humor；recommended,3
158,fantasy,1
164,uno_2024,1
171,my-uk-library,1
176,2024-reading-challenge,1
185,humor；science-fiction,2
189,comedy-prose；pulp-speculative-fiction；science-fiction,3
191,borrowed；read-in-2024,2
193,alternate-universe-whimsy,1
195,fantasy,1
205,dystopian,1
210,popsugar2024,1
216,bated-breath；excited；happy-happy-joy-joy,3
237,science-fiction-fantasy,1
244,audiobook,1
248,2024,1
249,5-star-books；science-fiction,2
258,giveaways,1
259,kobo,1
269,dystopia；fiction；mystery,3
281,jasper-fforde,1
284,team-laser,1
