Row,Tags,Tag_Count
0,lgbtq；tor-tordotcom,2
1,2023-books；series-caught-up,2
2,arcs,1
3,netgalley；read-2023；released-2023,3
5,adult；i-would-die-for-a-copy-of-this-rn；series,3
8,2023-releases；adult；audiobook,3
9,fantasy；horror；new-releases-2023,3
10,2023；fantasy；unfinished-series,3
11,2023-reviews,1
13,bhbc-buddy-reads,1
15,black-heart-book-club-reads,1
18,fantasy,1
20,2023；best-2023；feb23,3
21,2023-reads；arc；dark-fantasy,3
26,advanced-reading-copy；girls-kicking-ass-and-taking-names；girls-owning-their-sexuality,3
27,arcs；audiobook；own-ebook,3
28,omar,1
29,arcs；netgalley,2
30,2023-reads；fantasy,2
31,adult；fantasy；horror,3
32,2023-releases；listened；netgalley-arcs,3
34,2023；fantasy-adult,2
35,books-i-own,1
36,favorites,1
38,netgalley,1
39,2023-netgalley-reads,1
41,dark-fantasy；epic-fantasy,2
42,2023-shelf；fantasy,2
47,epic-fantasy；horror-thriller,2
49,favorites,1
52,book-recommends；fiction-recs；scifi-fantasy-recs,3
61,library,1
65,yesss,1
68,2023-releases；audience-adult；genre-sff,3
71,2023,1
78,dnf,1
82,audiobooks,1
84,fantasy-scifi；horror,2
85,dnf；ebooks,2
