Row,Tags,Tag_Count
6,2023-releases；audiobook；botm-sucks,3
7,genre-fiction；novel；speculative,3
8,2024-3-stars,1
9,adult；bisexual-rep；disability-rep,3
10,arc；fantasy；netgalley,3
13,2023-favourites；adult；contemporary,3
14,2023-reads,1
16,arc,1
18,fantasy；horror,2
19,adult；adult-contemporary；adult-sf,3
20,2023；fantasy；lgbtq,3
21,arc-reviews,1
22,audio-books,1
23,a-cat-is-in-this；a-dog-is-in-this；fantasy,3
25,2023；on-my-shelf,2
27,arcs-giveaways-netgalley；audiobook-life,2
28,netgalley,1
30,arc；chosen-ones；creative-mc,3
32,2023-reads,1
36,6s；adult；contemporary,3
37,5-stars,1
39,aty2024；audiobook；family,3
40,contemporary；fantasy；found-family,3
42,2023；books-i-recommend；fantasy,3
43,dark-fantasy；magic；qlgbt-queer,3
44,read-in-2023,1
45,fiction；supernatural,2
46,4-stars；fairy-tale；fantasy-paranormal,3
47,2023-read；fantasy；recommended,3
48,dnf,1
50,all-parents-damage-their-children；books-i-own-physical；botm-picks-owned,3
53,2023-five-star-reads；a-certain-feeling；top-10ish,3
54,fantasy-young-adult,1
55,netgalley,1
56,netgalley,1
58,academia-or-library；books-about-books；there-is-a-dog,3
59,books-about-books；fantasy；magical-realism,3
61,books-about-books；fantasy；lgbtq,3
63,bingo-2023；fantasy；read-in-2023,3
64,fantasy；favorites；thriller,3
69,2023；fantasy；gca-2023-debut,3
72,2024-reads；3-stars；adult-fantasy,3
73,bought-2024；debut；fantasy,3
76,e-books,1
77,faves；faves-2023；fiction,3
80,2023-reads,1
82,2023,1
83,booktuber-bookstagram-booktok；fairyloot-illumicrate-botm；high-praise,3
85,my-library,1
87,home-library；read-fantasy；review-copies,3
95,2024；audiobook；books-i-own,3
100,summer-reading-2023,1
101,book-i-bought-2023；own-english；read-physical-books,3
102,adult；books-i-own；contemporary,3
109,read-2023,1
110,5-star,1
111,2023-releases；e-book,2
112,arc-are；netgalley-reviews；provided-by-publisher,3
113,read-2024；read-women；sci-fi-fantasy,3
115,books-about-books；fantasy-scifi；netgalley-arc,3
116,books-about-loving-books；fantasy,2
123,at-home,1
124,2023；lgbtq,2
127,books-that-took-me-by-surprise,1
129,arc；books-i-own-read；queer,3
130,2023-reads；fantasy；new-year-releases-2023,3
135,4-stars；fantasy-and-sci-fi；reviewed,3
136,audiobook；bookstacle-book-club；ebook,3
138,2022-reads,1
139,fantasy；lgbt,2
140,botm；donated,2
142,alcohol-consumption；antisemitism；blood-and-gore-depiction,3
143,aty-2023；aty-rejects-2023；best-of-2023,3
148,adult-fantasy；read-2024,2
150,2023,1
151,2023-faves；five-stars-amazing,2
152,2023-reads；arcs,2
153,3-stars；fantasy；lgbt,3
156,favorites；kindle-digital,2
158,2023-reads；fantasy；owned,3
160,2023；book-of-the-month,2
165,botm,1
168,audiobook；fantasy；urban-fantasy,3
170,lgbt,1
171,fall-2023-course-reading,1
172,btqia-protagonists；lgbtqia；library-book,3
174,netgalleys,1
178,kindle；shelf,2
179,arcs,1
180,advanced-reading-copy；assorted-human-magic-users；awesome-girls,3
184,fantasy；magic；magical-realism,3
188,favorites；hardcover,2
189,2023-reading-challenge；netgalley,2
191,fantasy；lgbtq；magical-realism,3
193,books-about-books；botm；fantasy,3
194,favorites,1
202,2023-reads；fantasy；lgbtq-characters,3
205,favorites,1
207,arc-s；giveaways,2
209,2023,1
214,library-book,1
215,fantasy,1
216,2023；released-in-2023,2
221,2023-releases；botm；own-physical,3
224,read-your-shelf,1
226,did-not-like-it；dnf；fantasy,3
234,fiction；magic-dragons-animals-that-talk,2
240,audiobooks,1
245,2023；fantasy；magical-realism,3
247,books-from-publishers,1
249,fantasy；favorite,2
252,fantasy；series-i-wont-finish；urban-fantasy,3
253,group-buddy-reads；tsffs-books,2
257,amerie-s-book-club,1
266,2020s-decade-releases；2023-0-releases；diversity-lgbtqiap,3
268,giveaways,1
270,dnf,1
273,2023-releases；audiobooks,2
274,2023-reads；adult-fantasy；lesbian-or-sapphic-fantasy,3
275,2023；debut；diverse-reads,3
276,2023-bingo-card,1
279,2023-releases；adult-fantasy；all-time-faves,3
280,arcs；immersive,2
282,fantasy,1
285,books-i-own；goldsboro；numbered,3
289,2023；5-star；ebooks,3
293,arc；family；gr-2023-challenge,3
294,2023；fantasy；paranormal-others,3
295,own,1
