Row,Tags,Tag_Count
1,fantasy,1
2,advanced-reading-copy；assorted-human-magic-users；awesome-girls,3
3,arc-reviews,1
4,scifi-fantasy,1
5,2023,1
8,fantasy；gods；netgalley,3
9,fantasy；mystery；netgalley,3
16,2023-pub；fantasy；pancelts,3
17,arcs；netgalley,2
19,advanced-reader-copies；book-series；dark-fantasy,3
24,net-galley,1
29,2023-reviews,1
35,arc；fantasy,2
37,fantasy；net-galley,2
42,arc-list；netgalley,2
55,2023-reading-challenge；fantasy；magic,3
57,abandon-ship,1
62,netgalley,1
63,fantasy,1
65,magic-user；series；sff-books,3
70,audiobook；fantasy,2
72,just-skimmed,1
76,audiobook,1
84,fantasy-ma；fantasy-teen,2
88,fantasy,1
90,scififan-bookclub,1
94,fantasy；friendship；she-s-fierce,3
98,ebook-owned,1
99,allfantasyallthetime,1
