Row,Tags,Tag_Count
0,arcs；cleaning-out-the-tbr-closet-2023；didn-t-finish,3
2,2023-goal；paranormal,2
3,netgalley,1
4,gothic-british；gothic-or-gothic-esque；historical-set-in-the-past,3
5,2023；did-not-finish；ebook,3
6,kindle-kindle-unlimited；netgalley,2
7,books-of-2023；hoopla,2
9,2023；england；ghosts,3
12,2022；edelweissplus,2
17,2023-ng-group-challenge；adult-fiction；atmospheric,3
18,fantasy；gothic-fiction；historical-mystery,3
19,adult；books-about-books；fantasy,3
20,audiobook；fantasy；historical-fiction,3
21,release-2023,1
23,audiobook；did-not-finish；historical-fiction,3
28,fantasy；historical-fiction,2
29,sff,1
31,1920s；england；ghosts,3
32,historic-fiction-1900s,1
35,bibliophilia；edelweiss-read；england,3
39,historical-fantasy-x1f570,1
41,fantasy；ghost-story；horror,3
42,2023；books-about-books；historical-fiction,3
44,2024,1
46,historical-fiction,1
49,books-i-own,1
50,c-and-c；own,2
52,books-about-books-or-authors；new-gothic；read-in-2023,3
59,arc；fantasy；gothic,3
63,books-about-books；historical-fiction；netgalley-arc,3
65,audiobooks-2023；library-2023,2
66,horror,1
67,audiobooks-2024,1
68,audiobooks；book-challenge,2
71,ebooks；fantasy-and-supernatural；historical,3
73,have,1
74,favorites；gothic；horror,3
81,gothic-romance,1
85,brit-luv；eh；girlpower,3
90,2023；arc；cozy,3
93,dnf,1
95,2023-releases；arc；books-about-books,3
97,netgalley,1
104,audiobook；magic；mystery,3
105,kindle-app；netgalley,2
107,2024-reads；genre-historical-fantasy；my-least-favorite-loser-girls,3
108,fantasy；mystery,2
112,adult；paranormal,2
114,audio；f-hets；non-graphic,3
115,gothic-novel,1
117,great-location；historic；wwii,3
120,2024-read,1
122,fox-hester,1
124,adult-fantasy,1
127,paranormal,1
143,2024；2024-to-read,2
147,2023-books,1
158,2023；audiobooks,2
166,2023,1
168,audiobook；books-about-books；fantasy,3
169,dnf；historical-fiction-read,2
171,own,1
175,2024,1
185,haunted-houses；mystery-thriller-suspense,2
188,fantasy；gothic；historical-fiction,3
201,fantasy-gothic,1
202,cozy；getting-ready-for-halloween；green-cover,3
204,dnf,1
220,2023；audiobooks-listened-with-ears；library,3
222,gothic；historical-fiction；mystery,3
225,abandoned,1
226,2023-reads；arcs-earcs,2
227,abandoned-unfinished；historical-fiction；history-and-region-europe,3
228,fantasy,1
240,fantasy；fiction,2
244,disappointing；fantasy,2
246,fantasy；ghosts；gothic,3
250,completed-arcs,1
254,historical-fiction；history；horror,3
257,2023；audiobooks；borrowed-from-library,3
258,2023；2023-netgalley-challenge；gothic,3
262,netgalley,1
264,2023-releases；audiobook；dark-academia,3
265,fantasy,1
268,2023-reads,1
269,audiobook；borrowed；fall-seasonal,3
272,adult-fiction,1
274,british-mystery；gothic-horror,2
275,21st-century；fantasy；gothic,3
276,fiction；mystery,2
277,netgalley,1
283,read-2023,1
289,horror；romance；thrillers,3
292,audiobook-podcast；fiction；gothic,3
296,historical-fiction,1
297,a-netgalley；ab-read-and-reviewed；lit-fantasy,3
