Row,Tags,Tag_Count
0,arcs-read,1
2,2023,1
6,kindle,1
9,2023；favorites；horror,3
11,2023-books；horror；review-copy,3
12,horror,1
13,cosmic-horror；totally-effed-up；weird-reads,3
15,3-stars,1
16,apocalyptic-fiction；arc-reviewers-copy；downloads,3
17,carnage-and-mayhem；dark-fantasy-and-paranormal；horror,3
18,apocalyptic-fiction；fantasy；horror,3
20,arc-reads,1
22,2023-february-reading-challenges；2023-wbtm-book-opoly-challenge；2023-wbtm-spooky-bingo,3
25,apocalyptic；body-horror；contemporary,3
26,favesof2023,1
29,4-stars；animals；contemporary,3
31,arcs；netgalley,2
33,2022；arc；dark,3
36,1-star,1
38,arc-s-netgalley-and-edelweiss,1
39,3-star；audiobooks；most-anticipated-2023,3
41,arc；horror-vibes；lgbtqia,3
44,arc-giveaway-freebie；dark；fiction,3
45,archives；horror；post-apocalyptic,3
46,ace-reads,1
48,horror；netgalley,2
49,five-stars；horror；post-apocalyptic,3
51,2023-reads,1
53,2023；audiobooks；borrowed-from-library,3
59,arcs；horror；lgbtqia,3
60,apocalyptic；horror；post-apocalyptic,3
64,horror；own；read-in-2023,3
66,arcs,1
69,favorite-books；z_read-2023,2
72,contos-e-novelas；horror；new-releases-feb-2023,3
73,2023,1
75,2023；read-for-review,2
78,arc-read-2023,1
81,gothic-horror；sci-fi,2
83,dnf,1
86,adult；dark-reads；horror,3
88,2022-challenge-books；fantasy；horror,3
90,1-star-reads；2023；e-book,3
91,2023,1
96,body-horror；horror,2
98,read-2023,1
99,cosmic-horror；end-of-the-world-epic；lbgqt-horror,3
102,all-time-favorites；arc；audio-book,3
105,horror；queer；sapphic,3
107,ell-gee-bee-tee；listened-to；read-2023,3
111,2023-anticipated-release-tbr；gifted-by-author；own,3
116,netgalley,1
118,2023,1
125,i-own,1
129,verenigde-staten,1
133,horror-gothic-and-mystery；queer-lit；sci-fi-and-speculative-fiction,3
139,favorites,1
143,2023-anticipated-releases,1
144,dnf,1
145,00-bookshelf-physical；4-stars；c_books-i-own,3
147,f；f-dystopian；f-fantasy,3
154,grimdark-magazine；horror；paranormal,3
158,horror；lgbtqia,2
160,arcs-read；fucked-up-books-that-i-liked；liked,3
161,arc；kindle；netgalley,3
162,gifted,1
163,2023；horror,2
164,fantasy；fiction；horror,3
165,favorites；recommended,2
169,audiobooks；horror,2
171,body-horror；cosmic-horror；favourite,3
172,autism；rainbowrex,2
173,2023；2023-new-releases；horror,3
180,horror；standalone,2
181,2023-goodreads-challenge；library,2
187,horror,1
190,2023,1
198,library-overdrive,1
199,horror,1
202,2023-into-the-forest-challenge；2023-release；apocalypse-dystopia,3
206,apocalyptic；thriller,2
214,2023-most-anticipated；dystopia-postapocalyptic；ecohorror,3
216,body-horror；cannibalism；cosmic-horror,3
221,abominable,1
225,feb-read,1
241,favorites；reviewed,2
243,favorite,1
247,2023-releases；arcs；horror,3
249,2023-reading-challenge；horror；lgbtq,3
251,horror,1
252,apocalypse；cosmic-horror；horror-becomes-her,3
254,all-sff；body-horror；deeply-messed-up-characters,3
255,favorites,1
259,2020s；horror-body,2
269,dystopian-and-apocalyptic；fiction；horror-thriller-and-suspense,3
270,horror；science-fiction,2
286,horror；science-fiction,2
295,audiobook；fiction；queer,3
299,2023；horror；lgbtq,3
