Row,Tags,Tag_Count
0,arcs-read,1
2,arcs-netgalley-giveaways-to-review；sapphic；vampires,3
4,arcs；autumn-22；own,3
6,lgbtq,1
14,lgbt；reviewed,2
15,arcs；fantasy；lgbtq,3
16,2023-releases；arc,2
17,arc,1
20,arc-s-netgalley-and-edelweiss；fantastico-fantastics-scifilicious,2
21,2023-anticipated；lgbtqiap；retellings,3
22,audiobooks；fantasy；giveaways-and-arcs,3
23,1-star；2023-releases；age-young-adult,3
24,fantasy；fantasy-romance；fiction,3
25,arcs-finished；audience-young-adult；format-ebook,3
26,audiobook；fantasy；netgalley,3
28,2023；2023-netgalley-challenge；audio-book,3
29,dnf-did-not-finish,1
31,arc；fantasy；fiction,3
33,2023-booklist；eye-roll-worthy；fantasy,3
35,audio-books；lgbtqia；netgalley-books-read,3
36,giveaways；sapphic-books,2
39,arcs；read-2023；ya-fantasy,3
43,books-i-own；fantasy；netgalley-arcs,3
44,2023-looks-good；23-for-2023；got-an-arc,3
48,booksta-tiktok-recommends；fantasy-af；lgbtq,3
49,z-unread-physical-arcs,1
51,2023-releases；reviewed-2023；standalones,3
52,03-march-2023；2023；lgbt,3
53,arcs,1
54,queer,1
55,2023-release；net-galley-reads,2
56,2023；vampires,2
58,fractured-fairy-tales；lgbt-rep；vampire-books,3
60,2022；arcs-read-and-to-read；fantasy,3
62,arcs；boring-sorry；lgbtqia,3
63,netgalley,1
66,fantasy-scifi；lgbtqia；netgalley-arc,3
68,arc,1
71,2022；fantasy；netgalley,3
72,2023；audiobook；fairy-tale,3
75,arcs；queer-recs；read-in-2023,3
83,2024；tbr-2023,2
84,bookcase；lgbtiqa,2
85,2023-blog；blog-books；fairytale-retellings,3
89,4-stars；ebook；netgalley,3
90,netgalley,1
92,2023-audio,1
93,fantasy-historical；female-author；female-fronted-fantasy,3
94,2023；netgalley,2
96,arcs-and-beta-reads；lgbtq,2
97,netgalley-approvals,1
98,netgalley,1
99,dnf,1
102,lgbtqiap-reads,1
106,2-stars；2023-releases；arcs,3
107,arc；fantasy；reviewed,3
111,arcs,1
112,arc；audioboek；fantasy,3
113,arcs；netgalley,2
115,sapphic,1
116,2023-reads；arcs；fantasy,3
118,2023-releases；arcs；audio-books,3
119,reviewed,1
122,lgbtq-fantasy；netgalley,2
123,2023-releases,1
125,arcs；i-thought-this-sucked,2
128,2023；arc；f-f,3
129,arcs；fantasy；lgbt,3
130,2023,1
135,fantasy；lgbtq；rapunzel,3
137,queer-fantasy；retelling；sapphic-books,3
139,arc；high-fantasy；magic-in-another-world,3
140,netgalley,1
141,dnf,1
143,2024,1
145,audiobooks,1
149,past-arcs,1
150,2022-read；2023-early-release；coming-of-age,3
154,arcs；enemies-to-lovers；fantasy,3
155,adv-listener-copy；done-2023；netgalley,3
157,lgbtqa-reads；netgalley-reads,2
159,arc,1
160,arc；z-cus-1-3；zzz-2022,3
166,dnf,1
167,arcs-2023；sapphic-rep,2
174,books-read-in-2022,1
176,2023-arcs；2023-releases；arcs,3
177,queer,1
178,giveaways；own,2
179,owned；owned-se-or-signed,2
180,arc；dnf,2
181,arcs,1
183,received-for-review；witches,2
184,advanced-reader；edelweiss,2
186,f-f-vampire,1
188,netgalley,1
190,adventure；enemies-to-lovers；fantasy,3
191,anticipated-2023-releases；fantasy；lgbtqiap,3
192,2023；fantasy；myth-and-folklore,3
195,lgbtq；sapphic,2
198,arc-reads；netgalley,2
199,2023；audiobook；fantasy,3
200,cover-lust,1
201,nb-queer；net-galley；stand-alones,3
204,netgalley,1
205,2-stars；2023-releases；arcs,3
206,arc；audiobook,2
207,2023-ya；audio-books；lgbtqia,3
208,2023-books；ebook；netgalley,3
210,audio；fantasy；magic,3
213,netgalley,1
214,lgbtqai,1
216,2023-releases；arcs,2
217,2023-buddy-reads,1
220,queer；sapphic,2
221,2023-most-anticipated；books-i-didn-t-like；sapphic,3
222,netgalley-books,1
225,kindle；lgbtq-rep；library,3
232,netgalley,1
239,owned-ebook,1
240,five-stars；i-want-my-own-copy；lgbt,3
242,2023；arc-edelweiss；arc-netgalley,3
243,1-star；2023-books；books-i-own,3
244,2023,1
245,fantasy；lgbtqi-rep；wlw,3
247,favorites；novels；reading-challenge-2023,3
248,3-star-rating-2023,1
251,audiobooks；lgbtq,2
252,otherpocauthors；physical-owned,2
254,sapphic-lesbian,1
256,2024,1
266,2023-reads,1
269,audiobooks；fantasy；paranormal,3
272,2022；arc；three-stars,3
276,4-stars；arcs-and-galleys；fantasy,3
277,giveaway；owned-tbr,2
279,2023-read；queer-rep-wlw-unspecified,2
280,arcs-and-reviews；lgbt-books,2
283,queer,1
284,arc；paranormal；retellings,3
286,2023-reads；dark-fairytale；lesbian-or-sapphic-fantasy,3
290,arc；dnf,2
291,fantasy；fantasy-2023；highly-anticipated-2023,3
293,arc；netgalley；queer,3
297,2022；2022-arcs；book-wheel,3
298,did-not-finish；young-adult,2
299,dnf,1
