Row,Tags,Tag_Count
4,2023-reads,1
5,2022；arc；fantasy,3
6,audiobook；g-fantasy-romance；my-best-fantasy,3
7,netgalley,1
8,anticlimatic-as-fuck；crazy-ass-villains,2
12,2023-releases；ya-fantasy-to-read,2
13,4-stars；english-read；pub-2023,3
15,2023；fantasy；net-galley-reviews,3
17,2023,1
18,2023-most-anticipated；royalty；young-adult,3
20,arcs；audiobook；fantasy,3
23,arc；fantasy；romance,3
26,ya-books,1
32,2023；audio；cs-library,3
35,arc,1
36,lus-en-2023,1
40,2023-releases,1
42,2023-release；arc-netgalley,2
43,2023；audiobook；fantasy,3
45,arc,1
48,new,1
52,netgalley,1
53,3-stars-like；fantasy；read-in-2023,3
55,past-arcs,1
60,3-star-rating；arc；audiobooks,3
66,fantasy,1
67,fantasy；francais；royalty,3
69,2023；anticipated-2023；owned-read,3
71,2023,1
73,royalty-celebrities-or-rich-people,1
76,2023-releases；ebook；fantasy,3
77,owned,1
81,1st-arc-ng；fantasy,2
85,2024,1
86,2023-new-releases-challenge；2023-releases；4-stars,3
87,read-in-2024,1
94,netgalley-reads,1
95,2022-reads；arcs-earcs,2
101,2023-tbr；23-jan-tbr,2
103,own,1
105,loved；my-poor-heart；pretty-cover,3
106,add-to-site；alcohol-consumption；drugging,3
108,drama；fantasy；fiction,3
109,advanced-reader-copies；coming-of-age；fantasy-romance-aka-romantasy,3
111,beautiful-covers；family；fantasy,3
112,completed-arcs,1
113,2023-releases；arcs；high-fantasy,3
116,netgalley,1
121,fav-fantasy；the-bes-tbooks-ever,2
122,arcs,1
128,standouts,1
133,2023-read；books-won；magical-history,3
134,2023-books,1
136,arcs；favorites；netgalley,3
137,2023-arc；pre-ordered,2
140,2023-releases,1
141,netgalley；ya-fantasy；ya-romance,3
145,advanced-reading-copy；asked-to-blog；assassination-attempts,3
147,fantasy；romance；ya,3
148,favorites-23,1
150,2023-releases；books-i-own；fantasy,3
151,ya,1
152,lidos-2023,1
154,5-star-reads-of-2022,1
155,fantasy；favorites,2
160,2023-netgalley；audiobooks,2
163,fantasy,1
164,2023-faves,1
166,completed-e-arcs,1
167,fantasy；twins,2
174,bad-parents；fantasy；fiction,3
175,arc-s；netgalley,2
177,2023-books-i-read；owned-audiobook；owned-book,3
179,fantasy；magic；netgalley-edelweiss-arc,3
180,fantasy；young-adult,2
181,cover-love；fantasy；female-narrator,3
185,netgalley,1
189,2023；audiobooks,2
192,winter-pal-2023-24,1
196,arc；ebook；netgalley,3
197,favorites；netgalley,2
198,2023；2023-february；dual-narrative,3
203,fantasy；series；ya,3
204,2023-releases；arc；q1-2023,3
206,2020-2023-releases；owned,2
213,arc；netgalley,2
215,arcs；fantasy；giveaways,3
216,2023-reads；advanced-reader-copy,2
217,arcs-from-publishers；fantasy,2
218,fantasy；ya,2
224,2023；books-read-on-kindle；use-your-local-libraries,3
225,netgalley,1
230,2023-books-read,1
231,arcs,1
232,fantastical；part-of-a-series；thrill-reads,3
244,2023-anticipated-reads；23-books-in-2023；audiobook,3
245,2023-reads,1
248,definitely-great；fantasy；i-didn-t-see-that-coming,3
263,read-in-2024,1
264,medievalish；ya-fantasy,2
265,coup-de-cœur；fantasy-ya,2
274,fantasy；favorites；young-adult,3
275,2023-reads,1
289,e-book,1
297,2023,1
298,advanced-reader；netgalley-books,2
299,favorites,1
