Row,Tags,Tag_Count
0,books-i-own,1
3,fantasy；romance,2
5,adult-fantasy-dystopian；meh,2
8,adult；fantasy；jennifer-l-armentrout,3
14,ebooks；other-pov,2
16,2024-releases；fairies-fae,2
18,adult；arcs；fantasy,3
20,2-star；disappointing,2
21,adult；compendium；romantasy,3
28,physical-special-editions,1
36,arc；series；steamy,3
39,dnf；reviewed,2
40,3-star-reads；adult-fiction；books-i-own,3
46,2024；4-stars；review-books,3
49,2024,1
51,fantasy,1
64,books-i-own；dark-fantasy；fantasy,3
77,2024；books-i-own；buddy-read,3
80,books-i-own,1
81,dnf,1
91,arcs；ebooks-i-own,2
94,fantasy；romance,2
102,fantasy,1
108,kindle-owned；owned-books,2
120,arc-gifted；fantasy,2
136,arc-giveaway-books,1
140,2024,1
145,books-i-own,1
158,3-star-reads,1
163,2024-february；2024-reads；arc,3
172,arc；have-on-kindle,2
176,books-i-own,1
177,w-blood-and-ash；w-flesh-and-fire,2
179,2024；library,2
193,adult-fiction；arc；my-library-ebook,3
196,arc,1
206,2024；arc；for-review,3
207,books-i-own；favorites,2
208,2024-reads；fantasy；misc,3
216,fantasy；jla,2
217,24-in-24,1
220,first-reads,1
225,fantasy；novella；politics,3
228,adult；fantasy；fantasy-romance,3
239,2024；arcs,2
246,books-i-own；books-i-own-in-english,2
247,fantasy；read-in-english,2
254,2024；3-5-stars；adult,3
258,owned；reviewed,2
266,books-i-have,1
275,2024；girls-with-swords,2
278,1st-person-narrative；compendium；dragons,3
280,2024,1
283,2024；arc；arc-team,3
295,read-in-2024,1
