Row,Tags,Tag_Count
1,favorites,1
2,books-i-own；my-precious-babies；omg-i-am-in-love-with-this-book,3
3,danmei；queer；translated-lit,3
4,21st-century；chinese-lit；fantasy,3
5,2023；danmei-baihe,2
6,2023-favorites,1
7,2023；dnf,2
9,danmei,1
10,3；cnovel；danmei-baihe,3
12,adult；danmei；high-fantasy,3
13,百合-耽美,1
15,2023；favorites；own,3
16,200-400-pages；2023；china,3
20,danmei,1
21,danmei；shelf,2
23,2023；lgbtqia,2
24,okay,1
25,april-2023-tbr；april-2024-tbr；march-2023-tbr,3
26,danmei；read-in-2024；romance,3
29,2023-releases；adult；asian-rep-or-author,3
30,asian-and-asian-inspired；danmei-read；diverse-read,3
33,books-read-in-2023,1
34,bl-shounenai-yaoi-danmei；historical；what-a-letdown,3
35,all-cn-authors；danmei；favorites,3
36,chinese-lit；danmei；fantasy,3
37,2023；bl；translation,3
40,danmei；fantasy；mm-bl,3
42,chinese-lit；favourites,2
43,of-legends-and-fairytales,1
44,owned,1
45,danmei；fantasy；historical-fantasy,3
46,danmei-and-manhwa,1
54,asian-authors；danmei；fantasy,3
57,danmei,1
58,cringe-but-free；fantasy；mythology-but-gay,3
60,danmei,1
62,xianxia-danmei,1
63,favorites,1
64,danmei；lgbtqa；psychical-books,3
66,2023-release；adult-fantasy；adult-historical,3
76,danmei；illustrated；illustrated-color-plates,3
80,asian-literature,1
82,2023；danmei-novels,2
85,danmei,1
86,adult-fantasy；adult-lgbtq-fantasy；best-reads-of-2023,3
88,danmei,1
89,danmei,1
90,owned-physical,1
91,action；danmei；fantasy,3
92,asian-authors；danmei；lgbt-books,3
96,2024-reads；fantasy；historical-fiction,3
97,2023；bage-mature；diversity,3
98,danmei,1
101,2023,1
104,danmei-if-i-do,1
107,cnovels；fiction,2
108,2023；china；danmei,3
109,danmei；favorites；lgbtqia,3
111,recommend-to-anyone,1
113,2024-finished-books；4-stars；danmei,3
114,action；adventure；east-asian-literature,3
117,danmei-yaoi,1
118,boys-love；danmei；favorites,3
122,historical-romance,1
124,2023-reads；23-books-i-want-to-read-in-2023；danmei,3
125,action-adventure-thriller；asian-insp-fantasy；danmei,3
128,asian；conflicted,2
129,danmei,1
130,bls,1
131,asian；danmei；epic,3
134,2023；fiction,2
135,dark；me-likey-mucho；own-physical-copy,3
137,2023-releases；genre-adult-fantasy,2
141,china；danmei；east-asia,3
143,danmei；fantasy,2
144,adult-content；chinese-cultural；danmei,3
146,danmei；historical-fantasy；political-drama,3
148,personal-faves,1
150,danmei,1
160,fantasy,1
165,2023,1
166,lgbtqia-fiction；translations,2
171,danmei-baihe,1
172,most-anticipated-2023,1
174,fiction,1
182,owned-books,1
186,2023,1
187,danmei；favourites,2
188,danmei,1
202,danmei-bl,1
206,novels-asia,1
207,danmei；fantasy；historical,3
208,2023-reads,1
209,2023-releases,1
214,chinese-novels,1
216,historical,1
220,danmei,1
221,i-ship-it,1
224,lightnovel；novel-novella,2
228,fantasy；queer-romance,2
231,2023,1
243,2023；lgbtq；owned,3
244,2023；chinese-mythology-history-influence；danmei,3
247,mlm；politics；xianxia,3
250,3-stars；own,2
252,fantasy；owned-physical；rep-poc,3
256,disability-mental-health；lgbt,2
259,adult-fantasy；adult-lgbtqia；danmei,3
263,chinese-novel；favorite,2
270,light-novel,1
277,danmei,1
280,danmei；read-in-2024；read-in-english,3
281,danmei；wuxia,2
286,2024,1
288,favorites,1
291,2024,1
293,danmei；to-read-in-2024；translated,3
298,danmei；historical；lgbt,3
