Row,Tags,Tag_Count
1,book-subscriptions；bookstagram-made-me-do-it；buddy-reads,3
2,horror；mystery-thriller-suspense；netgalley-2023,3
3,historical-fiction；horror,2
4,2023-releases；black-authors；historical-fiction,3
9,horror；netgalley,2
11,2023；horror,2
12,netgalley,1
13,kindle-kindle-unlimited；netgalley,2
14,black-authors；black-protagonists；favorites,3
15,2023-faves；audible-library；black-authors,3
17,2022-book-read-fun；2022-netgalley-fun；books-in-2022,3
19,2023-pub；2023-read；drama,3
20,arc-provided-by-publisher；authors-of-color；best-2023-arcs,3
21,2023-reads；historical-fiction；horror,3
22,3-star-reads；bipoc-authors；lgbtqia,3
23,arc；ebook-owned,2
24,arcs-read,1
25,2023,1
26,2023-books；horror,2
27,cant-stop-thinking-about-it；cowboy-witches；favorites,3
30,favorites；netgalley,2
32,jbc-25-most-anticipated-of-2023,1
36,april-2023,1
37,arc-copy,1
38,2023-most-memorable,1
41,2023-read,1
42,arc-netgalley；books-bought-acquired-in-2022；books-read-in-2023,3
43,netgalley,1
44,fantasy；fiction；historical-fiction,3
45,adventure-thrillers；favorites；horror,3
47,20booksbyblackmen,1
48,2023；netgalley,2
49,historical-fiction；horror；netgalley-or-publisher,3
51,americana；bloody-and-gross；book-of-the-month,3
52,horror；horror-adjacent,2
53,historical-fiction；horror；mystery,3
54,horror；lgbtq-representation；twins,3
55,lgbt,1
56,2023-netgalley；2023-reads；historical-fiction,3
57,historical-fiction；horror；on-my-shelves,3
59,liked；western-gothic,2
60,botm；western,2
63,mar2023,1
64,ng2023,1
65,2023；almost-loves-of-my-life,2
66,montana,1
67,april-2023-reads；audiobook；botm,3
68,netgalley,1
71,audio；netgalley；overdrive,3
73,ha-tbr-challenge,1
76,3500-2024；mar-24,2
77,favorites,1
80,horror；netgalley,2
81,2023,1
83,2023-reads；audiobook；authors-of-color,3
85,2023；thrillers-suspense-mysteries,2
86,goodreadschoice2023,1
88,fiction；first-reads；suspence,3
89,2023；great-covers；historical-fic,3
90,2024；legimi,2
94,fantasy；historical-fiction；horror,3
97,arc-netgalley；collection-kindle；horror,3
99,botm-reads,1
100,audible-books-i-own；black-books；books-i-own-digital-copy,3
103,american-west；historical-fiction；horror,3
104,audio-booked,1
106,arc,1
107,arc；bipoc-actor；bipoc-author,3
108,african-american-experience；african-american-family；african-american-history,3
111,historical-fiction；horror；literary-fiction,3
114,fantasy；historical-fiction；horror,3
115,2023-read；alternate-history；historical-fic,3
119,nightmares-from-nowhere,1
123,historical-fiction；horror；lgbtq,3
124,2slgbtqia；bipoc；horror,3
125,2023-favs；book-of-the-month；history-is-a-mystery,3
132,2023reading；category-fiction；era-20thcentury,3
133,hell-hath-no-fury；horror；owned-audio,3
134,historical-fiction；horror；montana,3
135,2024-mount-tbr；read-in-2024；stoker-award-nominated,3
136,favorites,1
140,top-books-of-2023,1
141,african-african-american；feminism；gothic-horror,3
142,2024-books；audiobooks；drama-romance-contemporary,3
143,historical-fiction；horror；speculative,3
144,21st-century；american-literature；by-poc,3
145,horror,1
146,2023；horror；western,3
147,favorites；horror,2
148,2023_all-reads；2023_climate；2023_decades_ha,3
149,1910s；american-west；black-writers,3
150,book-of-the-month-club；fiction；historical-fiction,3
154,historical-fiction；horror,2
155,reviewed-for-authors,1
160,historical-fiction；horror；read-2024,3
164,horror,1
172,arc-s,1
173,black-authors；botm；historical-fiction,3
175,adult；african-american；ebook,3
176,contemporary-lit；tournament-of-books,2
177,arc；best-of-2023；netgalley,3
178,black-sff；historical；horror,3
180,audiobook；bipoc-author；historical-fiction,3
182,historical-fiction；horror；wbtm,3
185,horror；lesbian-gothic；spooky-szn,3
187,2023-reads,1
189,neurodivergence；queer,2
190,2023；2023-ng-group-challenge；2023genrechallenge,3
192,history；horror；library,3
195,adult-books,1
196,adult-fiction；audiobooks；historical-fiction,3
197,favorites,1
199,fiction；fiction-historical；queer,3
202,books-i-own；historical-fiction；horror,3
203,antidote-think-twice-all；antidote-think-twice-read；person-of-everything,3
206,2023；book-of-the-month；horror,3
207,actual-bookshelf；sff-2023-cleanup,2
209,audiobook；historical-fiction；horror,3
211,horror,1
214,reviewed,1
216,adult；another-time-another-place；bamf-heroine,3
219,netgalley-2023,1
221,2023,1
222,fantasy；historical-fiction；horror,3
225,read-fiction-novel,1
228,audiobook,1
230,historical-fiction；horror,2
235,creature-feature,1
236,hhbookgroup,1
237,2023-reading-challenge；adult-fiction；horror,3
239,book-of-the-month-club,1
240,books-i-ve-reviewed,1
243,arc-s-netgalley-and-edelweiss；horrororor,2
244,2023；black-stories；dnfs,3
246,netgalley-arc,1
247,fantasy；historical；horror,3
250,fiction；historical-fiction；netgalley,3
254,american-west；horror；read-in-2023,3
255,dnf,1
258,audiofile；biblioteca；retro-creepers,3
259,botm；fiction；historical-fiction,3
260,do-not-recommend,1
262,historical-fiction；horror,2
264,bingo-2023；fantasy；historical,3
266,bechdel-yea；creature-feature；dead-moms-club,3
267,dnf；historical-fiction；horror-spotlight-readalong-bookclub,3
270,2024,1
276,horror；kindle；reviewed,3
282,2023；queer-recs；spooky,3
283,historical-fiction；horror；paranormal,3
284,future-reread,1
285,library,1
287,2023；latinx-reads,2
293,buy-in-print,1
299,favorites；spooky；yeehaw,3
