Row,Tags,Tag_Count
0,2023-releases；favorites,2
1,arcs-and-review-copies；favorites；self-published-and-indie,3
3,magic-dark-academia,1
4,2023；dark-fantasy；self-published,3
6,academia；bipoc；colonization,3
8,adult-fiction；fantasy；feminism,3
10,2023-favorites；authors-of-color,2
13,2023-reads；arcs；bipoc-author,3
14,anti-colonial-and-anti-imperialist；bloody-and-gross；class-gender-race,3
15,2023-reads；adult-books；e-books,3
16,2023；6-star-reads-all-time-favorites；fantasy,3
17,fantasy,1
18,5-star；favorites；liked,3
19,fantasy；sff-favorites,2
20,2023；5-star-predictions,2
22,2023-reads；adult；arcs,3
24,adult；arcs；authors-of-colour,3
25,arc,1
26,2023-challenge；4-star-goodie；academia,3
27,2023-reads；adult-fantasy；authors-of-color,3
30,awesome-fantasy；food-for-thought；great-female-characters,3
31,2023；fantasy,2
32,2024-reads；books-i-want-to-reread；fantasy,3
38,2024-read-in；5-stars；arc,3
39,5-star-reads；ku-2023；sci-fi-fantasy,3
40,my-sff-faves,1
42,2023-favorites；ebooks,2
43,favorites,1
44,fav-self-published；favorites,2
45,religiopolitical-sff,1
46,buddy-read；fantasy；high-fantasy,3
48,fantasy；new-releases-2023,2
50,2024-favs；all-time-favourites；cryfest-overload,3
52,all-time-favourite；fantasy；own-voices,3
53,adult；asian-literature；dark-academia,3
57,fantasy；self-published；wishlist,3
58,read-in-2023,1
59,arc；fantasy；mystery,3
64,arc-reviews；fantastic-fantasy-n-where-2-find-em；indie,3
66,e-books；favourites-of-2023；kindle-unlimited,3
69,comfort-reads；favorites,2
76,indie-authors,1
77,2024,1
83,2023-favorites；cried；dark,3
86,february-2024,1
87,absolute-favourites,1
91,fantasy,1
94,adult-sff-horror；arcs-digital；reviewed,3
95,all-time-favourites,1
98,2023；academia；bookclub,3
99,favorites,1
102,favorites；masterpieces；read-2023,3
103,owned-physical,1
104,all-time-favourite；asian-authors-asian-heritage-month,2
107,2024-01-january,1
108,2023；favorites,2
109,favorite-reads,1
113,favorites,1
117,have-read-need-to-buy；pre-ordered,2
119,asian-literature；dark-academia；dear-to-my-heart,3
122,2023-read；asdfghjklnenndjd；dark-academia,3
123,kindle-books-read,1
124,readathons,1
128,favorites；priority,2
133,2023-faves,1
134,arc；dark-academia；favorites,3
136,fantasy,1
138,2023-favorites；all-time-favorites,2
139,really-like,1
142,fantasy；fav-books,2
144,asian-authored,1
145,2023-releases；fantasy-i-read；faves-2023,3
147,5-estrelas；fantasia,2
148,2023-reads,1
150,2023-read；favorites,2
154,adult；fantasy-fairy-tales；science-fiction,3
157,dystopia；fantasy,2
158,2024；2024-favourites,2
160,adult-fantasy；all-time-favorites；dark-academia,3
162,2023；arc,2
164,favorites；read-with-trin,2
166,fantasy；favourites；poc-mc,3
168,e-books-read；favourites,2
169,favorites,1
170,favorites；really-want-to-read,2
171,faves；stem,2
172,best-endings；favorites,2
177,2023-reads；2023-releases；favorites,3
179,popsugar-challenge-2024,1
183,2023releases；amazing-female；dark-academia,3
187,fantasy,1
190,best-of-2023；fiction-read,2
192,books-of-my-life,1
199,fantasy,1
203,favorites；read-on-kindle,2
204,2023；favorites,2
205,favorites；on-my-bookshelf,2
207,favorites；sff,2
208,faves,1
209,2023；owned-on-kindle,2
214,masterpieces,1
217,books-read-in-2024,1
219,favorites,1
224,5-stars；fantasy；unlimited,3
229,fantasy,1
230,b2weird-bookclub；bipoc-adult-fantasy；enemies-to-lovers,3
234,2023,1
235,favorites；kunlimited；read-in-2024,3
237,dark-fantasy；fantasy；indie-or-selfpublished,3
238,books-i-own,1
240,favorites,1
242,poc-favourites；sff-favourites,2
245,favorites；physical-books-owned；sff-read,3
246,fucking-amazing；i-love-grey-characters；interesting-worldbuilding,3
253,books-to-reread；booktuber-bookstagram-booktok；dark-angst,3
255,fantasy,1
256,fantasy,1
262,arc；asian-sff；dark-academia,3
265,2023-tbr,1
266,favorites；owned,2
267,2023,1
268,2024-challenge-book；ebook；inspired-by-booktube-twitter,3
273,2024,1
275,favorites-of-2023,1
277,adult-sff；asian-authors,2
282,kindle,1
284,fantasy,1
286,4-stars；own-kindle-read；read-in-2024,3
293,god-i-cried,1
294,most-wanted,1
