Row,Tags,Tag_Count
0,from-publisher-or-author；review-pending,2
2,2023-faves；lgbtq,2
3,arc；ebook-owned,2
4,ell-gee-bee-tee；read-2023,2
5,2023-books；horror；review-copy,3
6,2023；horror；lgbt,3
7,horror；religion,2
8,audio-book；cults；dark-fiction,3
9,adult；horror；queer,3
12,best-of-2023,1
14,horror,1
17,horror,1
18,horror；ya,2
19,horror；proves-that-love-is-real；undulating-undulation,3
20,horror；lgbtqia；netgalley-or-publisher,3
21,2023；horror,2
23,bad-christianity；horror；lgbtq-issues,3
24,arc；horror；queer,3
25,horror；lgbtq-representation；thriller,3
31,horror,1
33,give-yourself-to-the-master,1
35,august-2023,1
38,demons；homophobia；horror,3
40,2023july,1
41,horror；horror-book-club；queer,3
42,favorites-2023；horror；tor,3
44,audiobook-would-recommend；fantasy-paranormal；horrorrific,3
45,2023-horror-read,1
46,nebula-eligible-2023,1
47,arcs-and-galleys；horror；review-copy,3
49,adult-fiction；horror；lgbt,3
54,fiction；horror；lgbtq,3
56,dark；dnf-but-its-not-the-books-fault；homophobia,3
58,bingo-2023；horror；lgbt,3
61,audiobook-2023；autistic-rep；content-warning,3
63,2023_all-reads；2023_climate；2023_decades_ha,3
66,adult；beautiful-friendships；complicated-familial-relationships,3
68,2023；book-club,2
70,horror,1
73,2023；read-for-review,2
75,2023-new-horror-release；arc-novels；coming-of-age-narratives,3
76,2023；earc,2
77,horror,1
79,audio-library；audiobook-read；disability,3
80,on-my-real-shelf,1
84,all-time-faves,1
85,books-of-2023,1
86,2023,1
87,adult；deconstruction；horror,3
90,class-gender-race；cults；horror,3
95,2023-faves；adult-fiction；favorites,3
96,2023；lets-go-sapphics,2
99,5-stars；horror；lgbtq-rep,3
100,horror-gothic,1
101,netgalley,1
102,adult；contemporary；horror,3
103,netgalley,1
107,thriller-horror,1
108,best-villains；books-i-own；books-in-the-freezer-recs,3
111,2023；lgbtq,2
113,actual-bookshelf,1
114,fiction；sapphic；supernatural,3
115,2023-reading-challenge；4-stars-of-2023,2
120,2023-reading-challenge；autumn,2
121,2023-most-anticipated；camps；horror,3
123,horror-to-read,1
125,gay；horror,2
129,horror；lgbtqa,2
130,library-books,1
131,book-club；lgbtqia,2
133,2023-september-reading-challenges；did-not-finish；horror,3
134,audiobooks；disability-illness-mental-illness；horror,3
137,gay-bi-lesbian-ace,1
140,2023,1
142,2023；vampire-demons-and-ghosts-oh-my,2
143,fantasy；fiction；horror,3
148,notgraphicnovels,1
150,arcs,1
151,2023-ku-books-i-own-library,1
152,digital,1
154,favorites；five-stars；horror,3
158,liked-it；owned-books-read；read-in-2023,3
159,audiobooks；grief；horror,3
162,audiobook,1
163,favorites,1
165,home-library,1
172,own-physically,1
175,horror,1
178,2023；fantasy；fiction,3
179,a24-adaptation-wishlist；best-of-2023,2
181,advanced-reading-copy；covers-i-love；demons,3
186,disabled-protagonist；excitedforin2023；halloween2023,3
188,2023；arc；horror,3
195,halloweekend-2023；read-w-aj,2
196,reviewed,1
197,2023-reading-list,1
200,won-from-giveaway,1
205,arc,1
206,horror,1
212,horror；lgbtq,2
213,2024,1
214,arc；f-f；horror,3
218,2023,1
219,horror,1
220,horror；queer,2
222,favorites,1
224,2023-releases；adult；audiobook,3
229,gothic-horror；lgbtqi-rep；neurodiversity-rep,3
231,2023；arc,2
236,library-reads-2023；walking-books-2023,2
237,favorites,1
240,pubbed-and-read-2023,1
246,author-lgbtqia；genre-fantasy；genre-mystery,3
256,horror；lgbtq；mental-health-rep,3
261,2023；lgbtqa；sapphic,3
263,favorites；horror-thriller,2
265,2024-books；queer-book-recs,2
267,2024-reads；chars-lgbtq；fantasy-paranormal,3
269,wlw-recs,1
270,arc；f-f；horror,3
280,z_read-2023,1
281,for-work；lgbtq；own,3
284,book-club,1
290,2023-read；horror；lgbtq,3
292,favorites；horror；sapphic-all,3
298,fiction；lgbtqi；mystery-thriller-horror,3
299,2023；own,2
