Row,Tags,Tag_Count
2,2023-favs；2023-reads；5-star,3
3,advanced-reader-copy；age-adult；genre-fantasy,3
6,netgalley,1
8,2023-releases；adult；asian-rep-or-author,3
10,arc；fantasy；lgbtq-rep,3
12,2023-releases；adult；arc,3
13,adult；audiobook-listen；disability-and-neurodivergence-rep,3
14,2024,1
15,fantasy；lgbt,2
18,fantasy,1
19,bipoc-main-character；family-love；fantasy,3
21,2023；arcs,2
22,fantasy,1
23,gay-stamp-of-approval,1
26,2023-read；books-won,2
33,2023；adult；audiobook,3
34,fantasy,1
35,did-not-finish,1
38,different-world-universe；fantasy；lgbt-books,3
39,added；eye-trauma-and-loss-of-vision；murder-and-attempted-murder,3
41,fantasy；lgbtqia,2
43,audiobook,1
46,action-packed；found-family；great-magic-system,3
47,fantasy；gay；m-m-romance,3
50,bi-boys,1
51,netgalley,1
61,netgalley,1
63,netgalley-2023,1
65,netgalley,1
67,read-2023,1
70,fantasy,1
71,2023-reads；arcs；ya-and-adult-fantasy-sci-fi,3
75,fantasy,1
78,ace-rep；arcs；queer,3
79,netgalley-2023,1
80,2023-book-list；netgalley,2
81,2023-releases,1
84,lgbtg；netgalley；ya,3
86,fiction；library-rental-audiobook；sff,3
89,reviews,1
93,fantasy；favorites；lgbt,3
94,2023；dragons；fantasy,3
96,arcs；books-i-reviewed,2
101,fantasy；ya,2
102,2-star-books,1
105,adult；dnf；fantasy,3
106,2023；arc-books,2
107,netgalley,1
110,2023-books-read,1
120,first-reads-review-books,1
128,arc-s；netgalley,2
130,fantasy；netgalley；netgalley2023,3
137,2023-read,1
140,owned-and-read,1
144,my-roman-empire,1
147,2023-reviews；did-not-finish；drc-arc,3
148,owned,1
151,favorites-2023,1
160,fairyloot-books；my-books,2
162,fantasy,1
168,arcs,1
170,ebook-owned,1
171,2023-anticipated-releases；2024-favorites,2
174,2023；arcs-ebooks；cliffhanger,3
175,2023-books；books-i-own；ebook,3
