Row,Tags,Tag_Count
5,audiobook；lgbtqaplus；mystery,3
6,arc；on-kindle,2
7,3-stars；arcs；enemies-to-lovers-vibes,3
8,2022；2022-arcs；audiobook,3
9,favorites,1
10,2-star；2023-anticipated-releases；annoying-main-characters,3
15,audiobooks；hall-of-fame；re-reads,3
18,2023,1
21,2023；2024；audiobook,3
23,fantasy；young-adult,2
24,fantastyka-młodzieżowa,1
28,bookshelf；e-books,2
32,book-i-bought-2023；own-english；read-physical-books,3
34,arcs；fantasy；friends-to-lovers,3
35,arcs；fantasy；young-adult,3
36,2-stars；2023-reads；arc-reads,3
38,3-star-reads；do-you-believe-in-magic；fantasy,3
44,2023-read；fantasy-and-scifi；lgbtqiap,3
45,books-i-reviewed,1
46,netgalley,1
48,2023-releases,1
49,read-in-2023,1
50,2023；read-for-review,2
51,2024；action；audiobook,3
53,audiobooks；own,2
57,1-star；audiobooks,2
59,2023；anticipated-2023,2
60,anticipated-2023-releases；friends-to-lovers,2
61,2022-releases；bookish-fairyloot-book,2
64,read-2023；ya-fantasy,2
66,disappointing；lgbt；reviewed,3
67,2-stars；book-boxes；fantasy,3
69,dnf,1
71,favourite,1
72,audience-young-adult；format-physical；genre-fantasy,3
76,books-with-romance；fantasy；favorites-fantasy,3
79,fl,1
81,sapphic-characters；subscription-books,2
82,favorites,1
86,bookclub；own；sci-fi-fantasy-paranormal,3
90,2023,1
91,dnf,1
92,audiobooks,1
93,new-reads-2023,1
99,dwa-zero-dwa-cztery,1
100,owned,1
101,arcs,1
102,2023；5-stars；cover-love,3
103,books-i-own；fairyloot；fairyloot-ya,3
104,2023-most-anticipated；2023-releases,2
105,netgalley；read-but-don-t-own,2
106,2023-reads；arc；fairyloot,3
107,fairyloot,1
110,2022-reads；stars-3,2
112,arcs,1
115,2023-popsugar-reading-challenge；queer-sci-fi-fantasy；signed-editions,3
116,2023-reads；2023-releases；arc,3
117,2024-year-in-reviews；fairyloot；fantasy,3
119,book-series；fantasy；fantasy-romance-aka-romantasy,3
122,books-i-own；fairyloot；signed,3
125,fantasy-recs,1
129,2023-read,1
130,2023；fantasy；lgbtq,3
138,2022-five-star-reads,1
139,2023,1
144,4-sterren；engels；limited-edition,3
145,audio23,1
151,2023-goal-read,1
156,subscription-box-books,1
161,fairyloot,1
167,arcs-from-publishers,1
169,book-boxes；physical,2
174,fantasy；lgbt；mystery,3
175,fairyloot；fantasy；london,3
176,2023,1
177,2023-reads；fairyloot-illumicrate；fantasy,3
178,books-with-mcs-i-found-insufferable；reads-of-2023,2
184,2023,1
185,fantasy；young-adult,2
186,arc；fantasy；netgalley,3
194,books-i-own,1
195,fantasy,1
197,2023-arcs,1
198,2023-reads,1
199,arc；fantasy；mystery,3
203,debut；fairyloot；fantasy,3
204,2023；4-stars,2
208,netgalley；read-in-2022,2
212,lgbtq-rep,1
219,3-5-star,1
220,three-stars,1
222,arcs；fantasy,2
224,2023；audio；fantasy,3
225,lgbtq；own-physical-copy,2
227,audio；fairyloot-et-al；fantasy,3
233,2023；fantasy；two-star,3
235,arc；arc-egalley；arcs-i-own,3
239,24-physical-for-2024；fairyloot,2
242,favourites；in-my-home-library,2
248,always-reread；arc-reads；dark-fantasy,3
253,fantasy；reviewed-by-mandy-c,2
263,fantasy；lgbtq；mystery,3
265,dnf,1
273,in-english,1
278,2023-releases,1
280,dnf,1
286,lgbtqia；lgbtqia-bisexual；mystery-thriller,3
287,2023,1
289,fairyloot；fantasy；own,3
290,relevant-buddy-read-list,1
291,fantasy；mystery-thriller；romance,3
296,owned；subscription-box,2
