Row,Tags,Tag_Count
0,fae；fairytale-retellings；romantasy,3
1,favourites；kindle-unlimited,2
2,june,1
3,all-my-physical-books；fae；fairytale,3
6,the-spookish-reading-challenge,1
8,retellings,1
11,2023；arc；book-boyfriends,3
13,fantasy；read-in-english；romance,3
27,fantasy；favourite-english-novel；new-adult-fiction,3
28,arc,1
30,arc,1
38,2023；arc；fantasy,3
41,2023,1
42,2023；epics；faerie,3
46,fantasy,1
49,2023-reads,1
50,2023-reads；kindle-unlimited,2
55,arc-copy；dual-pov；evenvillainsneedlove,3
63,enemies-lovers；fantasy-romance；favorites,3
66,arcs；fantasy-romance；favorites,3
69,big-magic-energy；enemies-to-lovers；fae,3
70,arc；chonker；diverse-mc,3
71,favorites,1
72,arc,1
77,2022-2024-release；adult-fantasy-supernatural；arc-or-for-reviewing,3
79,adventure；arranged-marriage；betrayal,3
82,adult-content；adult-fiction；fairies,3
83,2023-release；best-reads-2023；fae-fairy-fairies,3
87,favorites,1
89,publisher-arc,1
95,favorites,1
98,23in23,1
103,arc-books；favorites-i-ve-read,2
105,1-add2-barnesnoble；1-add2-kobo；u-series-wantmore,3
108,fae-romance；fairy-tale-retellings；sleeping-beauty,3
109,winter-read-list-2023,1
115,fantasy；retellings,2
116,twisted-fairytales,1
123,my-five-star-reads,1
125,audiobook,1
128,january-tbr,1
145,fantasy；my-bookshelf,2
147,2023,1
151,2023books；tessonja-odette-and-related-series,2
158,personal-library,1
166,books-read-2023,1
173,romantasy-favs；swoon-worthy-book-bfs,2
179,junior-year,1
180,dnf,1
182,favorites；one-of-my-top-2023,2
187,books-i-own；books-of-2024；cute,3
188,favorites,1
189,review-books；romantasy,2
195,fantasy,1
202,2023,1
209,fae；fantasy；fiction,3
217,listened-to-on-audio-2023,1
220,book-i-own；read-in-2023,2
257,6-stars；read-in-2024,2
258,4-star-read,1
265,01-spring-vibes；2024-reads；24-spring-reads,3
266,2023-releases；kindle-unlimited,2
269,2023；best-of-2023,2
270,fae；fairy-tale；fantasy,3
271,2024；romance,2
273,arcs；june-tbr,2
277,book-husbands；curse；enemies-to-lovers,3
278,fantasy；favorites；romance,3
