Row,Tags,Tag_Count
0,dystopia；m-m；sf,3
2,androids-cyborgs-ai；cover-love；gay-love-interest,3
4,2023-books；review-copy；science-fiction,3
5,happily-ever-after；lasers-spaceships-tech-etc；mm-romance,3
8,aty-rejects-2023；popsugar-2023；sci-fi,3
9,favourites,1
10,fantasy-sci-fi；the-infinite-library,2
14,0-genre-romance；romances-trans-nb-agender-authors,2
16,age-adult；lgbt-sci-fi；rep-achillean-mc,3
18,what-i-read-2023,1
19,pows-checkout,1
20,2-point-5；achillean；adult-lit,3
24,2023；read-for-review,2
26,queer-reads,1
29,arc；sf-f-h；x2023-read,3
32,readtoreview,1
35,lgbt；lgbtq-characters；netgalley,3
39,2slgbtq；book-club-reads；fiction-science-fiction,3
44,lgbt-rep,1
47,2023；dystopian；post_apocalyptic,3
55,cozy；dystopia；gay,3
57,2023-debuts；romance；sff,3
62,indie-recs,1
63,mlm；trans-nonbinary,2
64,2023；sci-fi,2
68,dystopian；fantasyish-sci-fi；post-apocalyptic-dystopian,3
70,2022-finished-list；5-stars；arc,3
73,mm；science-fiction；trans,3
75,feminism-gender-lgbt；sf-fantasy,2
77,a-i；apocalyptic；bought-looked-interesting,3
78,2023-faves；trans-books,2
79,lgbt,1
81,ai-transhuman；disability；dystopia,3
84,science-fiction,1
89,dystopia；lgbtq；scifi,3
93,fantasy-sci-fi,1
94,artificial-intelligence；monster-romance；queer,3
96,queer,1
97,best-of-2023,1
100,apokalypse；queer,2
111,cozy；dystopia；lgbt,3
114,lgbt-books；my-favorites,2
118,hopepunk；lgbtq；scifi,3
123,lgbtqia-romance；lgbtqia-scifi；romance,3
126,apocalyptic-dystopian；sci-fi,2
134,lgbt-fiction；trans,2
137,angst-fest；beep-boop；cuddlebug,3
138,sff-unclassified,1
148,achillean；artificial-life；favorites,3
150,fav-books-ever-read,1
154,read-in-2023,1
156,recommended-long-list；recommended-short-list,2
157,gay-little-adventure,1
159,2023-novels-read；dystopian,2
160,2023-arcs,1
161,favorites,1
162,ftm-transmasc；lgbtq；romances,3
163,2023,1
165,favorites；lgbtq,2
170,physical-tbr,1
173,read-in-2023,1
174,lgbt-queer,1
179,bought-ebooks；ebooks；kindle,3
180,sci-fi,1
183,12-in-2024,1
186,lgbtq,1
187,trans-men,1
189,favorites；lgbtq；sci-fi,3
191,action-adventure；fantasy-scifi-paranormal,2
192,favorites；read-2023,2
193,2022-faves；arc；read-2022,3
194,2023-lgbtqia；lgbtq；want-to-read-but-not-bought,3
