Row,Tags,Tag_Count
1,fantasy-romantic；indie-authors,2
2,10-out-of-10-treasure-trove；2023-top-5-reads；enemies-to-lovers,3
3,5s；arcs；bored-to-tears,3
4,dnf,1
10,dnf-purgatory；read-in-2024,2
11,adult-sff；can-i-unread-this；ebooks,3
14,always-reread；arc-reads；dark-fantasy,3
17,enemies-to-lovers；fantasy；series-i-ditched,3
18,1-star；disappointing；dnf,3
22,all-my-physical-books；fae；new-adult,3
23,2023,1
24,2023,1
25,dnf,1
26,5-star-reads,1
29,did-not-finish,1
31,booktok-recs；dark-hair-grey-morals；fae,3
32,dnf-purgatory,1
36,adult；fae；fantasy,3
41,arc-reads-2023,1
42,favorites-of-2023,1
43,fangsxbangs-ultimate-fantasy-guide,1
50,fae；fantasy；fantasy-romance,3
51,bad-ass-fmc；fae-faerie-romance；vampires,3
61,2023-reads,1
62,fantasy,1
63,book-club-read,1
64,dnf,1
66,arcs,1
67,arcs,1
71,5-star-reads；arcs；fantasy,3
75,2023-releases；fantasy；own,3
80,fantasy,1
84,arcs；favorites,2
85,books-i-own；ebook-copies,2
86,arc,1
87,arc,1
88,arc；fantasy；new-adult-fiction,3
89,2023-read；2023-tbr-hopefuls；arcs2023,3
90,arc-copies；fantasy-romance,2
92,fae；romantasy；vampires,3
94,dnf,1
99,fantasy,1
100,arc-reads,1
101,arcs,1
110,fantasy；new-adult；romance,3
117,dark-romance,1
118,2023；arc-books,2
119,arcs,1
123,2024,1
125,fantasy,1
132,fantasy,1
143,dnf,1
156,arc,1
157,books-i-physically-own；favorites,2
158,fantasy,1
163,dnf,1
166,all-fantasy-tbr,1
170,dnf；garbage,2
171,fae；fantasy-romantasy；vampires,3
187,dnf,1
190,dnf,1
195,2023；book-boyfriends,2
198,dnf-did-not-finish,1
215,fantasy,1
217,arc；ebook-reads；fantasy,3
218,cc-peñaranda,1
226,own,1
249,kindle-unlimited,1
271,dnf,1
291,fae；fantasy；kobo,3
