Row,Tags,Tag_Count
4,own；review-copies,2
5,g-fantasy；netgalley,2
6,2023；adult；arc,3
8,0-browsing；1-arc-advanced-reader-copies；2-first-books,3
10,arc-reviews,1
11,arcs-and-galleys；fantasy；mystery,3
13,fantasy,1
14,audiobook-life；characters-i-love；hollywood-ready-please,3
15,e-arcs,1
17,kindle-tbr,1
18,giveaways；kindle；x_2023,3
20,fantasy；historical；own-a-copy,3
21,fantasy-sci-fi；the-infinite-library,2
25,arc；netgalley,2
26,fantasy,1
27,ebook；s-l-sword-2023,2
28,fantasy；netgalley-arc,2
30,f-sf-for-adults；fiction-for-adults,2
35,read2023；specfic,2
36,2023,1
37,arcs,1
38,audible；books-i-own,2
40,steampunk,1
42,abandoned,1
45,audiobook；did-not-finish；historical-fantasy,3
46,september-2023,1
49,fantasy；fantasy-urban；historical-fiction,3
50,2024-netgalley,1
51,general-buy-as-soon-as-possible；general-i-must-own-this-very-soon；general-must-buy-immediately-next,3
52,fantasy；mystery；read-in-2023,3
57,2023,1
59,2023,1
60,want-to-reread,1
61,2023-reading-challenge,1
62,2024,1
64,2023-favourites；arc-read-2023,2
65,fiction；mystery；netgalley,3
70,2023,1
71,historical-fiction；paranormal,2
81,fav-fantasy；favorites；own,3
86,books-read-2023；my-library；sci-fi-fantasy,3
95,fantasy；historical-fantasy；magic,3
98,5-star-books；fantasy；favourites,3
100,2-star；2023-releases；age-adult,3
105,netgalley,1
106,advanced-reader-copy；fantasy,2
109,2023-release,1
110,a-novel；cover-love；dragons,3
113,fantasy；history；mystery,3
115,dnf,1
117,fantasy,1
120,adored；featured-on-blog；home-library,3
121,fantasy；fiction；mystery,3
123,2023-releases,1
129,fantasy；need-to-buy,2
133,2023；2024；fantasy,3
134,fantasy,1
137,favorites,1
141,did-not-finish；fantasy-scifi,2
146,fantasy；library,2
149,bingo-tbr,1
155,arcs,1
156,novel-suspects-insider,1
157,owned,1
160,2023,1
171,did-not-finish,1
177,2023-read；fantasy,2
182,arcs,1
187,2023-books-read,1
188,fantasy；fantasy-romance；favorites,3
194,adult；fantasy；fiction,3
199,dnf,1
205,arcs,1
206,fantasy,1
207,2023-reviews,1
213,favorites,1
216,favourites,1
228,2023；arc；net-galley,3
232,2023-reads,1
237,fantasy-mystery,1
240,kindle；netgalley,2
241,kindle；netgalley,2
246,2023-reads；fantasy；mystery,3
249,fantasy-novels；first-read-2023,2
250,autumn-reads；cozy-reads；favorites,3
251,2024,1
252,arc；favorite-author,2
254,2023；great-not-perfect,2
257,arcs；cozy-fantasy；historical-fantasy,3
260,2023；audiobook,2
263,own-the-book,1
267,did-not-finish,1
273,2023-books；advanced-reader,2
274,fantasy；favourites；read-2023,3
277,2023；4-stars；adult-fiction,3
278,2024；library-book,2
281,netgalley-2023,1
283,netgalley,1
284,challenge-23；fantasy,2
288,dramatic；fiction；magic,3
290,arc；netgalley,2
291,netgalley,1
292,audio-book；fantasy；fiction,3
293,fiction-adult；witch-fic,2
295,fantasy；mystery,2
297,2024,1
299,2024-reads；audio；borrowed-from-library,3
