Row,Tags,Tag_Count
0,2023-books；review-copy；science-fiction,3
1,2023；read-for-review,2
2,science-fiction,1
3,fantasy；sci-fi,2
11,read-2023,1
12,giveaways,1
13,sci-fi,1
15,2023；arc；audiobook,3
18,lc-spec-fic-book-club,1
20,arc；impossible-doors,2
22,friend-recos；science-fiction；to-read-maybe,3
23,read-in-2023,1
26,2023-reads；arc,2
27,2023-reviews,1
37,2023；anticipated,2
38,002-sci-fi；p23,2
40,2023；audiobook,2
42,adventure；science-fiction,2
45,fantasy；science-fiction,2
49,2023,1
50,fiction；science-fiction,2
54,science-fiction,1
55,z-2023-reads,1
58,sci-fi-space-opera-bullshit,1
59,gave-up-on；library；sf,3
61,netgalley,1
62,books-i-own,1
69,audio-books；favorites；library,3
70,literature；sci-fi,2
71,audiobooks；fantasy；magic,3
72,sci-fi,1
73,advancedreadercopies；dnf；fantasy,3
81,did-not-finish,1
82,netgalley,1
83,won-giveaways,1
84,2023-books；laugh-out-loud；lgbtqa,3
86,2023；sci-fi,2
88,august；fantasy；fiction,3
92,action-adventure-thriller；science-fiction,2
96,library；sci-fi,2
97,border-of-of-sf-and-fantasy,1
101,scifi,1
105,netgalley,1
108,giveaways,1
113,library-2023,1
115,audio；fantasy,2
119,favorites,1
120,lgbtq-fiction；sfbc,2
124,sci-fi,1
129,adventure；audiobook；magic-sf-f,3
130,owned,1
132,3-star；fantasy；library-journal,3
