Row,Tags,Tag_Count
0,challenge；downloads；egalley,3
1,historical-novel；history；history-medieval,3
2,2023；earc,2
3,21st-century；american-literature；british-literature,3
4,british-history；historical-fiction；netgalley,3
6,new-releases-2023,1
8,e-arcs,1
9,england；historical；historical-medieval,3
10,2023；beautiful-covers；diverse-books,3
11,cubes-of-flesh-and-other-grossness；editor-asleep-at-the-wheel；good-yarns-for-good-cats,3
13,favorites-forever；fiction；historical,3
14,netgalley；signed-editions,2
15,arc；audiobook；buddy-read,3
17,b-fing-w-d；historical-fiction；uk,3
18,audiobook；fantasy；historical-fiction,3
19,tob-2024,1
23,2023；2023-ng-group-challenge；2023netgalleychallenge,3
24,feminism；historical-fiction；read-2024,3
25,historical-fiction,1
30,audiobooks；library,2
35,tbr-own,1
37,celtic-british；feminist-themes；historical-fiction,3
42,english-literature；favorites,2
44,netgalley,1
45,netgalley,1
48,2023；netgalley,2
52,aty2024；dragon-challenge-2024；genreland-2024,3
55,england；fanfiction；fantasy,3
58,court-intrigue；favorites；historical-fiction,3
60,2023；history；litty-lit,3
62,biography；female-protagonist；lgbtq,3
63,historical-fiction；legendary-women；lyrical-fiction,3
66,2023；favorites；historical-fiction,3
67,history,1
71,historical-fiction；war,2
81,favorite-authors；favorites,2
83,2023,1
84,netgalley,1
86,2024,1
87,fiction,1
88,2024,1
90,historical-fiction；lgbtqa,2
93,historical-fiction；lgbt；war-stories,3
95,waiting-3a,1
98,fairy_tales_myth；historical-fiction；lgbtq,3
103,historical,1
104,ali-s-reads,1
106,netgalley-arcs,1
110,2023-fiction；2023-reading-challenge；fiction,3
111,2023,1
118,netgalley,1
134,historical-fiction,1
136,2024；historical-fiction；medieval,3
139,historical-fiction,1
141,fiction,1
146,literary-and-other-fiction,1
148,afemale；british-isles；fic-novel-ish,3
149,ebook；library,2
154,2023,1
155,audiobooks；historicalfiction,2
156,i-love-this,1
160,books-by-friends,1
161,2023,1
168,fiction,1
169,medievalism,1
179,british-author；historical；just-read,3
180,2024-reads；historical-fiction；set-in-england,3
183,5-star,1
