Row,Tags,Tag_Count
5,arc,1
12,reverse-harem；review-copies,2
14,angels；epic-or-high-fantasy；erotica,3
28,arcs；monsters；paranormal,3
35,paranormal-romance,1
42,college；fated-mates；magic,3
47,2023-reads；monster-creature；polycule,3
62,dark-themes；monster-romance；mythological-romance,3
74,fantasy；romance,2
76,academy；kidnapping；monsters,3
104,angels；college；demons,3
172,why-choose-paranormal,1
192,2024-01；paranormal-romance,2
207,awesome-characters；great-mythology；loved,3
213,2-pepper；academy；arc,3
