Row,Tags,Tag_Count
0,netgalley,1
1,5-stars；dystopia；lgbtq,3
2,arc-provided-by-publisher；sci-fi-fantasy；speculative,3
3,2023-read；ebook；feminism,3
4,arc；read-books-2023；speculative-fiction,3
5,arcs-and-galleys；dystopia；fantasy,3
6,dystopia；food；sci-fi,3
7,added-to-my-kindle-fire；baffled；best-of-2022-23,3
8,netgalley-arcs,1
9,adult；arcs；dystopian-utopian,3
10,dystopian,1
11,best-of-2023,1
12,audiobook；dystopia；lgbtq,3
14,2023-release；s-storytel；s-voebb,3
18,arc-s-netgalley-and-edelweiss,1
24,netgalley；queer-lit；sff,3
28,netgalley,1
31,2023-reads；audiobooks；best-of-2023,3
37,arcs,1
39,2023-releases；lgbtq,2
41,audiobook；fiction；galley,3
43,2023-choice-options；2023-rwioc；giveaways,3
47,books-read-in-2023；lgbtq,2
49,arcs,1
50,flora；food,2
54,arc,1
58,2024,1
59,lgb-literature；science-fiction,2
61,lgbtqia；science-fiction,2
62,anti-wellness-culture；anticapitalism；anticolonialism,3
68,2023；lgbtqia；sci-fi,3
70,100-books-you-should-read；best-sci-fi；climate,3
78,audiobooks；borrowed-audiobooks；coming-of-age,3
80,owned,1
81,cults；dystopian；weird-reads,3
82,2023-release；2nd-world-fantasy；apocalypse-dystopia,3
84,august-2023,1
85,read-in-2023,1
87,ebook-owned,1
88,american-author；lgbtq；science-fiction,3
91,netgalley-arcs；upcoming-releases,2
95,march-2024-tbr,1
96,dystopia,1
99,fantasy；fiction；first-reads,3
101,ereader-kindle,1
105,bipoc-author-protag；lgbtqia-author-or-protag；poc-author,3
111,2024,1
112,netgalley；read-harder-challenge-2023,2
114,2023；goodreads-giveaways,2
115,science-fiction,1
116,dystopia；fiction；new-books,3
117,authors-usa-canada；fav-2021-2025；genre-dystopian-fantasy-sf,3
118,fantasy；growing-up；political,3
120,libby-ate-overdrive；this-is-weird-right,2
122,fiction；science-fiction,2
123,2023-faves,1
126,2023,1
127,science-fiction；sf-dystopian,2
130,sci-fi,1
131,2023reads；addiction；dystopian,3
137,giveaways,1
141,diversity-gender-and-sexuality；evocative；food-and-cooking,3
145,2023；dystopian；ya,3
152,arc；fantasy；queer,3
160,2-star-reads；netgalley-arcs,2
161,giveaways；science-fiction；snl-sf-challenge,3
162,fantasy；food；giveaway-goodreads,3
170,dnf；standalones,2
171,2023；audiobook；ebook,3
172,2023-reads；audio-books；library-reads,3
175,nypl-committee；queer；speculative,3
177,goodreads-giveaway,1
181,fantasy,1
189,awesome-girls；best-read-in-2023；body-image,3
190,2023-books-i-read；adult-fiction；library-audiobook,3
192,scifi,1
200,2023-radar；spec-tbr,2
205,2023-reads,1
206,fantasy；horror；lgbt,3
217,2024；adult,2
218,dystopian；sci-fi,2
220,sci-fi-and-fantasy,1
224,avail-at-public-library；sci-fi,2
225,amazing,1
228,queer；sci-fi,2
230,fiction；science-and-speculative,2
233,giveaway-entries,1
237,feminist-sci-fi；queer-books；reviewed-for-booklist,3
239,dramatic；fiction,2
