Row,Tags,Tag_Count
4,2023-most-excited-releases；adult-fantasy-dystopian；arcs,3
6,arcs,1
7,adult；age-gap；arc,3
8,contemporary-romance；dark；dnf,3
9,audible；audio-books；read-in-2023,3
11,2-romantasy-favorites；on-my-shelf,2
12,angsty；arcs；dark-romance,3
18,2-star-was-such-a-bore；dark；fae,3
21,angels-demons-gods；book-reviews；dark,3
22,favorites,1
29,cliffhanger；dark-romance；fantasy-romance,3
31,fae；fantasy；fated-mates,3
32,2023,1
42,2023-reads,1
46,arc-reads-2023,1
47,arc-reviews；cliffhanger；fae,3
48,angst；badass-heroines；bully-romance,3
55,2023-reads；dnf；fantasy,3
64,fantasy,1
66,arcs,1
68,book-tour-gals-tours；indie-books；new-adult-fantasy,3
69,2023；2023-arcs；fantasy,3
71,2023-reads,1
73,arc-2023；dark-fantasy；enemies-to-lovers,3
77,2023；fantasy；spicy,3
78,2023；enemies-to-lovers；fantasy-romance,3
79,2-star；2023-anticipated-releases；annoying-main-characters,3
86,books-i-own-tbr,1
103,adult；booktourgals；dark-romance,3
105,court-politics；fated-mates；gods,3
108,2023-reads；genre-fantasy；genre-romance,3
110,spicy-recs,1
115,arc-review；dark-romance；fantasy-na-adult,3
117,pnr-mf,1
118,books-i-own,1
120,dark；fae；fantasy,3
138,2023-reads；fantasy-fiction,2
139,read-in-2023,1
140,december-23,1
144,2023-digital-reads；arcs,2
161,2023；audiobooks,2
165,fantasy,1
166,audiobook；fantasy,2
188,basically-wattpad,1
193,2023；booktok-made-me,2
199,arc；physical-bookshelf,2
201,fantasy,1
234,2023-new-releases,1
241,dual-plus-pov；fantasy；kindle-unlimited,3
242,2023-reads,1
247,fantasy；romance-spicier,2
251,fantasy-recommendable,1
253,2023-reads；arc,2
255,dnf,1
256,high-fantasy,1
276,fae,1
287,three-stars-and-below,1
297,2023-books,1
