Row,Tags,Tag_Count
1,2023-best-of；4b-silver；netgalley,3
3,bingo-2023；fantasy；novella,3
4,2023；fantasy；netgalley,3
9,dnf,1
10,fantasy,1
11,a-little-bit-magic；arcs；blurbs-and-opinions,3
13,2023-releases；adult；fantasy,3
16,arcs,1
19,2023-books-read,1
20,adult-fiction；alternate-history；europe,3
22,adult；fantasy；mysterious,3
23,favorites,1
32,dnf,1
35,a-fantasy,1
36,booksbyfriends；fantasy；fiction,3
42,arcs；fantasy,2
57,arc-reads,1
61,2023-releases；access-edelweiss；age-adult,3
65,2023-challenge-books；fantasy；netgalley-arcs,3
66,fantasy-genre,1
67,science-fiction,1
69,fiction,1
70,netgalley,1
72,fantasy,1
76,fantasy,1
78,2023-reads,1
79,arc-reviews,1
81,23-24-school-year；arc；ebook,3
83,netgalley,1
86,fairy-folk-myths；short-fiction,2
87,fantasy；kindle；owned,3
88,read-in-2024,1
89,dnf,1
92,fantasy,1
94,fiction；gifted；own-paperback,3
97,just-good-books；kentucky,2
99,2023；fantasy；netgalley,3
102,fantasy；meditative；non-ya-fantasy,3
104,2023-releases；novellas,2
106,fantasy,1
107,fantasy,1
109,fantasy；read-2023,2
112,novellas-short-stories,1
113,hugo-poss-2024；novellas,2
115,09-september-2023,1
116,advance-copies；new-weird,2
117,fantasy；friend-recos；new-tbp,3
118,death；fantasy；howard-co-library,3
122,physical-book,1
125,first-person-pov；no-romance；original-superpowers-or-magic,3
127,filthy-novella-addict；my-kinda-fantasy,2
129,2023-reads；diversity-adult；for-the-older-crowd,3
130,anthropomorphic；fantasy,2
136,2023-must-read,1
137,novella,1
141,dramatic；fiction；magic,3
145,fantasy；favourite；read-2024,3
149,novellas,1
150,library-book,1
153,short-stuff,1
158,animals；quirky-fiction；sci-fi-fantasy,3
160,2024；adventure；fantasy,3
161,book-riot-index；fiction；library-books,3
162,2023；2023-release；kindle,3
167,library；magic；my-kids-should-read-someday,3
168,arc；netgalley,2
169,foxes；wanting-getting-wanting,2
171,autumn；fantasy；novellas,3
174,2023,1
