Row,Tags,Tag_Count
0,netgalley-2023,1
4,arc；audiobook；netgalley,3
6,5-stars-23；all-time-favourites；arcs,3
9,magic-love-and-stars,1
12,2022；arc,2
13,arcs,1
14,great-magic-system；literary-bouquet；netgalley,3
17,arcs；netgalley,2
22,cozy-atmosphere,1
28,arcs,1
29,5-star,1
31,listened-on-audiobook；reviews,2
34,tr-next-in-series,1
35,arc；netgalley,2
37,5-star-reads,1
38,unowned,1
39,arc；fantasy；quotes-pulled,3
43,adams-cottage-library；arcs；audiobooks,3
47,2023-read；adult；arc,3
51,arc,1
56,netgalley-arc,1
59,net-galley,1
62,arc；fantasy；read-2022,3
64,fantasy；favourites,2
66,arcs；netgalley,2
68,viking-inspired,1
69,2023-netgalley；audiobooks,2
70,arcs,1
72,fantasy,1
73,fantasy；i-own,2
80,arcs；audio-books；fantasy,3
85,on-my-finished-shelves,1
87,netgalley,1
90,arc；audible；fantasy,3
95,netgalley,1
97,syfyfan-tasy,1
98,immortal,1
105,2023-releases；adult-fantasy；arcs,3
111,goodreads-win,1
113,2023-release；fantasy；overdrive,3
119,2023-releases,1
124,unread-books-i-own,1
127,2023-reading-list,1
128,started-but-didn-t-finish,1
131,favourite-books-i-read-in2023,1
134,2023；e-book；fantasy-is-a-magic,3
136,2024-reads,1
138,things-i-left-unfinished,1
143,netgalley,1
144,arcs-read,1
146,netgalley,1
147,dnf,1
149,read-since-starting,1
