Row,Tags,Tag_Count
2,arcs；favorites,2
3,favorites；read-in-2023,2
4,fantasy,1
5,arcs；na-fantasy,2
6,adventure；favorites；interesting-twists-and-turns,3
7,arcs,1
9,loved-it,1
11,actiony；arc；drama,3
17,2023；5-star-reads；arc,3
23,age-difference；coming-in-2023；read-in-2023,3
24,2023-releases,1
36,arcs,1
45,fantasy,1
46,2024；5-star；fantasy,3
50,fiction；vampires,2
52,scribd-audio-read,1
55,2023-release；soon-to-be-released,2
57,romance-fantasy,1
58,arc,1
60,2023；arc；fantasy,3
64,first-pov；in-present-tense；magic,3
66,2023-coyer；2023-new-release-challenge；2023-release,3
76,uno-2024-ive,1
81,fantasy；new-adult；romance,3
85,cliffhanger；didn-t-see-that-twist-coming；edge-of-my-seat-nail-biter,3
87,adventure；amazing；animal-whisperer,3
90,2023；audio；library-tn,3
91,2023-reads,1
92,fantasy；forbidden-romance,2
105,adult-fantasy；adult-romance,2
109,2023；fantasy,2
134,my-reviews,1
136,2023,1
144,fantasy,1
145,kindle-books-i-own,1
147,dnf,1
151,2023；favorites；own,3
153,2023-books；arc；best-of-2023,3
154,fantasy-sci-fi,1
160,fantasy；read-in-2023；romantasy,3
161,favorite-fantasies,1
168,2024-reads；ebook；fantasy,3
170,2023-book-hoarders-challenge,1
174,read-2024,1
175,2023；4-stars；adult,3
179,arcs；best-fantasy-paranormal；fantasy,3
185,2023-releases；anticipated；fae-books,3
187,fantasy,1
191,fantasy,1
192,arc；favorites,2
193,2023-reads；arc-ebook；blog-and-book-tours,3
196,2023-arcs；2023-favorites；2023-sarah-s-reads,3
197,novels,1
208,arc；tour,2
211,adult；romantasy,2
219,2023,1
221,2023；e-book；english,3
222,favorites,1
225,action-adventure；arc；read-2023,3
230,booktok-reads,1
236,fantasy；romance,2
241,fantasy；upcoming-sequels,2
242,fantasy-also-urban,1
244,read-in-2024,1
251,books-i-own,1
253,arc,1
255,favorites；own,2
257,audiobook；fantasy,2
259,14-24,1
264,arc,1
267,2023,1
284,2023,1
285,fantasy,1
298,audiobooks,1
