Row,Tags,Tag_Count
0,fantasy-sci-fi,1
1,fantasy；netgalley,2
3,coolest-settings,1
7,kindle；netgalley；some-kind-of-school-situation,3
8,fantasy,1
9,2023-release；arc-edelweiss,2
16,action-adventure；ebooks；fantasy,3
19,arc；fantasy,2
20,2023,1
21,completed-arcs,1
22,epic-fantasy,1
24,adventure；conspiracy；fantasy-mystery,3
25,audio-book；didn-t-like-much；dragons,3
29,fantasy；urban-fantasy；zzz-epub,3
33,fantasy,1
34,fantasy；romance,2
35,fantasy,1
36,2024；audiobook,2
37,edelweiss；fantasy,2
49,book-club,1
52,netgalley,1
56,fantasy；favorite-books；paranormal,3
58,fiction；read-2023,2
59,favorites,1
60,asd-in-fiction,1
61,2024,1
68,2024；2024-faves；tbr-feb,3
71,owned-read,1
72,mira,1
75,canadian；sf-fantasy,2
76,couldnt-stay-focused；drama；epic-or-high-fantasy,3
78,creatures；dragons；fantasy,3
87,2023；arc；fantasy,3
