Row,Tags,Tag_Count
2,actually-good-enemies-to-lovers；corruption-arc；favorites,3
4,arcs；favorites,2
5,arcs-read；buddy-read；colonizer-romance,3
10,2024-anticipated-books；arcs,2
11,2023-reads；netgalley,2
12,arc；favorites,2
13,2023-reads,1
14,2024-releases,1
16,2023；arc；fantasy,3
17,1-star；asian-fantasy；impaired-my-critical-thinking-skill,3
21,arc,1
22,1-tr-series-to-finish；creature-human-with-abilities；netgally-books,3
24,netgalley,1
27,netgalley,1
28,fantasy,1
30,read-asap,1
31,arc；fantasy；mythology,3
34,2024-releases；arc；asian-fantasy,3
35,historical-fantasy,1
36,arcs；rejects,2
39,netgalley-arcs；read-2023,2
41,arc,1
42,arcs,1
43,arcs；not-released-yet,2
47,always-reread；arc-reads；enemies-to-lovers,3
49,2023-books-read,1
50,arcs-netgalley-giveaways-to-review；asian-writers；fantasy,3
51,advance-reader-copies,1
55,arc-reviews,1
56,arc；no-thanks；read-2024,3
57,arcs-received；fantasy,2
58,netgalley,1
64,arcs,1
65,most-anticipated,1
66,arcs,1
67,2024-tbr；arcs；fantasy,3
68,2023；netgalley,2
69,2024-anticipated-releases；arc；dystopian,3
70,arcs；cause-of-my-unraveling；divine-feminine-rage,3
73,abb-problematic；asian-rep；east-asian,3
74,arc；asian-protagonist；dnf,3
75,arcs,1
77,2024；action；alternate-history,3
79,arc-s；netgalley,2
81,1-star；arcs,2
85,arcs-finished；asian-authors；audience-young-adult,3
86,2024-arc；2024-release；asian-mc,3
88,arc-read；dark；fantasy,3
91,physical-arc,1
93,fantasy；young-adult,2
98,aliens；alternate-universe；angst,3
99,asian-fantasy-history,1
100,arc-s-netgalley-and-edelweiss,1
101,2024,1
102,netgalley,1
103,arcs,1
106,owned-arcs,1
109,2024-tbr,1
111,arcs,1
117,arc；on-kindle,2
119,netgalley-reads,1
122,2024-read；2024-read-your-shelf-done-arcs；2024-releases,3
124,arc-2023,1
127,2024；arc；books-i-own,3
130,netgalley,1
132,adventure；cultural；historical-fiction,3
133,arcs,1
135,2024；3；pre-ordered,3
137,2024,1
138,arc,1
140,arcs；asian-fantasy；fantasy,3
144,arc；china；chinese,3
145,2024；2024april,2
146,magical-fairy-unicorn-adjacent,1
147,disappointing；dnf；e-arcs,3
148,arcs-and-galleys；fantasy；magic,3
149,2024-reads；arcs,2
151,2023-arcs；night-court-buddy-reads,2
153,2024-release,1
154,arcs,1
155,arcs；books-i-reviewed,2
156,arcs,1
160,arcs；asian-books,2
163,netgalley；own-voices；ya-fantasy,3
164,advanced-reader-copies；asian-based；fantasy,3
166,did-not-finish,1
169,2024；2024-arcs；adult-fantasy,3
173,arc,1
174,2023-24-winter-break-readings,1
175,2024,1
177,2024-releases；arc；fantasy,3
181,young-adult,1
182,netgalley,1
184,2024-releases,1
185,arc,1
189,2023,1
190,arc,1
197,2024；arc；fairy-tales,3
202,2024-reads；2024-releases；arc,3
205,dnf；reviewed,2
206,net-galley；reviewed,2
209,2024；arcs；ebooks,3
212,netgalley-arc,1
214,netgalley,1
216,abandoned；netgalley,2
217,netgalley,1
223,2-star；arc-reads,2
226,lethal-ladies-and-clever-gentlemen；netgalley,2
227,2024-releases；fantasy-high-and-epic；not-yet-released,3
233,2024-most-anticipated,1
235,arc-from-publisher,1
238,abusive；adventurous；cliche,3
240,arcs,1
241,arcs,1
242,read-2024,1
245,2024-challenge-books；fantasy；kindle-reads,3
247,arc-reviews,1
248,arcs；ebook；netgalley,3
250,advanced-reader-copies,1
254,arc；netgalley,2
255,fantasy,1
256,2024-books；arcs；e-books,3
258,2024-reads；favourites；net-galley,3
260,fiction,1
262,netgalley,1
264,2024；april；arc-netgalley,3
265,arc-s；netgalley,2
268,1-star-reads；netgalley-arcs,2
269,arcs,1
281,arcs；romance,2
284,2024-releases,1
288,ebook；fantasy-genre；netgalley-arcs,3
289,netgalley-arcs,1
290,netgalley-arcs,1
291,2023-reads；netgalley,2
296,arc-netgalley,1
298,arc,1
299,asian-settings,1
