Reviewer,Review Count,Followers,Rating,Date,Tags,Likes,Content
Mara,1785,4115,4,"February 18, 2023",subscription,15,FRANNNTTOOORRR what a sweet bean! I loved how sweet the dynamic was for this one and watching his journey of self acceptance was lovely
Erin,3238,476,5,"April 27, 2023",,10,"Reclusive alien Frantor has been my most anticipated book in the series. It exceeded my expectations. I loved Frantor and Florie as a pairing and enjoyed their close proximity slow burn romance. If I could give the book 10 stars, I would!Goodreads review published 27/04/23"
Ruth,703,286,5,"May 6, 2023",kindle-unlimited；novella；romance,8,"4,5 Sterne"
Ava,1074,1497,5,"March 2, 2023",2023-reads；alien-romance；caretaking-scene,6,"My favorite in the series!!!I have been wanting to read Frantor's book for so long, and I am happy to say it did not disappoint!Frantor is the reclusive alien brother in this brother-in-arms family. He spends most of his time alone because he is worried that he will scare others due to his prosthetics and scars. But he is in for a shock when one of his brothers decides to kidnap a human bride and leave her on his doorstep. During a snowstorm! Her name is Florie and she is the human town chef of sorts. She is super passionate about cooking and her restaurant, so she is quite upset when she realizes she will be stuck in this mill for a while due to a snowstorm. Frantor does everything to make sure Florie never sees his face because his heart would break if she found him scary. But as they spend more time together, Florie wishes Frantor would trust her enough to show her his true self. And the two of them obviously fall in love!!I am just a SUCKER for romances where the characters don't know what the other looks like. I guess that's why I love watching Love is Blind haha! But I loved both of these characters, and it was just a joy being about to read about them falling in love with each other 🥹💗REP: chronic pain (due to his many injuries, Frantor experiences a lot of chronic pain)TROPES: alien romance, caretaking scene (heroine massages hero when he's in pain), damaged hero, foodie romance, forced proximity, if you like this, read this (Claiming His Virgin), kindle unlimited, recluse, disability rep, scarred character, snowstorm, sweet hero"
Victoria,1868,16,5,"February 4, 2023",honey-phillips；sci-fi-romance,5,My favorite one in the series so far
Fantasia ☮HippieMoonchild☮,1427,124,5,"February 26, 2023",alien-monster-romances；and-now-for-something-different；kindle-unlimited,7,"Just as out of all the brothers I was most curious about Frantor's story, so it is that out of all the brothers, Frantor pulled on my heartstrings the most!It's clearly stated over and over again in the series how each of the brothers are scarred by their past experiences in one way or another, but it's Frantor whose scars are visible on the outside as well. However, this makes his scars inside the worst as well in many ways since, unlike the other brothers, he has a reminder of his experiences practically every time he looks in the mirror.Er...metaphorically speaking, of course. In reality, he ensures that there are no mirrors around in his home.Instead, our gentle alien mechanic hides away in the old mill and is terrified of anyone seeing his body and face and reacting with either pity or disgust. So...this makes it extremely difficult for Florrie, the bride that Benjar stole for him, to get close to him at all, but that's okay because she's patient and up for the challenge.Seeing these two get together was as cute a progress as it was an impatient one, in that any time progress is made, Frantor loses heart and backs off, leaving Florrie alone to figure out what went wrong and how she can get close to him once more. It's still a very genuine way of falling in love though, and I only wish that we could have had more of their sweet moments once Frantor finally,  accepted his love and the fact that she accepts and loves him in return. It reminded me a bit of , because that's a story in which the hero also goes out of his way to hide himself from the heroine, because of his perceived ""ugliness"". In fact, I may just read that book again, based on the remembrance that this story inspired in me.Anyway, all in all, this was yet another sweet, 5-star read, in what is becoming a series that I just know I'll read through again and again in the future! Otherwise, now I only have Gilmat's story left, and will have to wait exactly 4 days for it to come out before I can explore the last of the brothers' stories--which is when I hope the pass will clear up and they'll confront the townspeople and whatnot.Tick tick goes the clock, and soon I'll have my definitive ranking of the brothers' stories in terms of which one(s) I liked best and in what order."
Hannah,646,59,4,"February 8, 2023",2023-kindle-audit；romance；sci-fi,4,"I've been looking forward to this one since the first book it's going to be adorable I just know itUpdate:Ok this one was really sweet and it held up to my hopes for it. Its by FAR my favorite and I even wouldn't mind getting myself a paperback copy to add to my shelf.This one was full of healing and just made me happy.I'd love a full length version for further depth and character development, but that's only cause I liked this novella so much."
Shameless Romance Reader,147,23,4,"March 19, 2023",beauty-and-the-beast-vibes；read-beam-me-up-scotty；soldier-or-former-soldier,3,Favorite of the series so sweet. Scarred sweet hero getting love. Yes please 🥰
Elizabeth,2503,186,4,"February 5, 2023",2023；alien-romance；author-direct-arc,3,"3.5 stars. Another sweet, light story in this series. They fall in love pretty quickly and that love helps him heal. Looking forward to Gilmats story!"
Catrina,23,,3,"February 22, 2023",alien-erotica；disability；dual-pov,3,"This is one of the better ones in a series that, for me, has been super mediocre.I’m rating it 3 stars even though it does two obnoxious things:It’s another in this series in which the couple gets vaguely sexy right after  I find that so off-putting. All my words for this have been said in reviews for others in this series. But just to beat that dead horse- fuuuuuck that. Nipple teasing while  It’s a no from me, dawg.This FMC also climaxes upon penetration by a penis. I’m not sure what Author gets up to, and good for her, but a whole series of women who can come like being turned on like a light switch is toooo much suspension of disbelief. I’d be giving side-eyes to one; but SIX? My sister in Christ, this is some low-key “breasted boobily” shit.  FMC was patient and understanding about MMC's struggles and boundaries, and found ways to help them get closer without triggering these things. A whole star for how that was handled.I'm gonna read the seventh when it comes out, because we're this far down the rabbit hole, but goddamn, I'm sick of ""fluttering channels."""
buket ˖⁺‧₊❀₊‧⁺˖,722,981,5,"February 3, 2023",,3,i've been waiting for this one since reading about frantor in the first book😭 this was better than my expectations!!! i love a scarred and emotional hero and a heroine who loves him just the way he is😭💞😭💞😭💞wish there was seventy brothers not seven 😔😔
Brandy,615,30,4,"September 11, 2023",,2,"Characters: Frantor and Florie Benjar kidnaps a bride for Frantor and leaves her at Frantor’s home. Florie is a divorced woman who owns her own diner, one night she’s taken and the next thing she knows she is in a home that is very dark. Frantor comes home and realizes that a human woman is in his home. I thought this was cute, but it also was very heartbreaking, because Frantor is an amputee and scarred alien. He took the brunt of an explosion during the war, so it has made him believe that he’s a monster and no one would come to love him. Florie’s previous marriage was a lonely one, and he also wasn’t a good husband, so she didn’t think she’d ever be with another man again. Florie quickly warms up to Frantor and starts to cook him meals and cookies. Frantor took awhile to warm up and trust Florie, because of him being disfigured and with prosthetics, but she wears him down and they fall in love."
Ivy Deluca,2250,302,3,"March 6, 2023",,2,Cute entry and the beauty and the beast is always a trope i enjoy. This isn’t delving into anything that deeply and I don’t know if I’ll remember much about it in about a week but cute.
Taramisu,504,80,,"May 25, 2023",1-poor-writing；2023,2,DNF @ 10%What is going on here? This is one of her newer books and the writing is just horrible. Flat. Nonsensical. Telling with no showing.
Kelly,5123,195,5,"February 9, 2023",ebooks；ku-prime；read-in-2023,1,"It's scarred, lonely Frantor's turn to woo his bride and...let's just say his alien brothers took him by surprise when they dropped Florie off at his place and the guy wasn't at all prepared for her. I mean mentally and emotionally. Frantor has hangups about his scars and cybernetic parts and he has to come to terms with them as much as the idea that a human woman would want him.Fortunately for Frantor, Florie isn't at all put off by either his scars or his mechanical bits. She likes his kindness (even in the face of an unexpected guest) and she isn't about to let his seeming standoffishness push her aside. Which means she's soon convinced Frantor to spend time with her and the more time he spends, the more he sees how nicely they fit.Sure, it takes time for the big guy to warm up and he wears a mask (at first) to hide his more obvious scars, but these two get where they need to be. Eventually. And Frantor finally shows himself to the other brides, which thrills Nelly since she has a soft spot for the alien who saved her earlier on.A brother who sees himself as a monster, a woman who absolutely doesn't, a snowstorm, a few good meals with good company, and some sexy times. Because YES! *thumbs up*-Kelly @"
kymagirl,3436,47,5,"January 30, 2023",aliens-space；arcs,1,"Frantor (H) sees how happy his friends are with their newly found mates and struggles with his acute loneliness that he’ll never have a mate due to his scarred visage. He’s shocked to find that one of his brothers, following the Nelly’s 'words of wisdom' kidnaps a bride on his behalf and deposits her in his home. Florie (h) finds herself trapped in the home of an alien who won’t let her see him except in disguise in shadow of darkness. But as Florie and Frantor get to know one another, he starts to hope that she might come to care for him despite his appearance. Hot and steamy action for Frantor and Florie. Sweet alien romance. Love how this series is a play on the classic Stanley Donen movie, as well as Phantom – two of my favorite musicals. Read the stories in series order - things just make more sense, character relationships build, and the overarching story grows."
Bookluvr7,285,2,5,"December 29, 2023",,1,This was by far my absolute favorite book in this series so far. Frantor being broken and not thinking he could be loved hurt my heart! I literally felt so many emotions for him and absolutely adore him. He deserves the world!! And I found Florie was the perfect match for him! She loved him endlessly and I just can’t with these two!!! Love love love! Only one more left let’s go!! 4.75/5 stars!
Lesley Brown,635,3,4,"February 11, 2023",,1,"I like that these books are light and easy, but I also liked that this particular one involved a character with a painful past and major issues with his injuries. Florie and Frantor are a sweet couple and I enjoyed this one a lot."
Grace Anne,251,,5,"August 22, 2023",2023-favorites；cozy-fantasy；fantasy-myth-sci-fi,1,the man the myth the legend
Stacie,2194,248,,"February 28, 2024",2024；aliens；found-family,1,Love this one. Frantor 💓💓 Happy reading!
Zero (semi-hiatus),564,24,3,"March 25, 2024",2024；multi-pov；romance,1,A little more slowburn compared to the rest of the series.
Dreximgirl,1223,24,5,"March 13, 2023",,1,100% my fave
Amie Lynne,,6,4,"January 4, 2024",,1,"I LOVE Frantor! I dislike that there’s so little thought to Florie and her diner, though. Yes, it’s briefly mentioned at the end, but very offhand."
Sandra Aaron,1505,10,3,"April 2, 2023",,,"This was an OK sci-fi alien romance, but I had an issue with the fact that Florie was abducted. I get that Frantor didn't abduct her, but still... It gets 3 stars from me.This story had some steam, but also some sweet moments as Frantor and Florie got to know each other. Frantor was such a tortured soul, and it was sweet that Florie understood him. She realized that he was ashamed of his scars and disfigurement, so she was willing to let him slowly reveal himself to her. Since she was so careful with that, he soon fell deeply in love with her.I liked Frantor, and thought his history was extremely sad. He had lost his entire family in the war, and that war also left him with terrible injuries and scars. He was sure that no one would ever be able to love a male as disfigured as he was. Florie proved he was wrong about that.I liked Florie, too, and liked that she wasn't bothered by Frantor's scars at all. She hated the pain he must have gone through, and the pain they still caused him -- but she didn't mind how they made him look.Overall, I liked this book. I did wish it had been a bit longer, to allow for more character development. I would have liked more backstory on both Frantor and Florie.Other reviewers have noted that they dislike the covers on this book series, since they look like comic books. I'm not really a fan either -- but I suspect that was so that the alien men on the covers could look like they were described in the book. It would have been difficult, and possibly quite costly, to use actual male models and make them look like the aliens. I prefer comic book style covers to those where the models don't look like the descriptions of the characters in the books.My rating system is below.1 star -- Hated it, or did not finish. I usually only give this rating if some of the content is truly objectionable to me, like if one of the main characters does something really awful, and gets away with it.2 stars -- Didn't like it. This rating usually means that I thought the writing wasn't very good, the editing was terrible, I didn't like the characters, or it had other major flaws.3 stars -- I liked it, but had some minor issues with it. This rating means that there were minor editing issues, the story needed more character development, it was just too unrealistic, or had some other fairly minor issue. The majority of books I read get this rating – I do not consider it a bad rating.4 stars -- I liked it a lot. This is a high rating for me, and I rarely give a higher one.5 stars -- I loved it, and will probably read it again. Very few books are good enough to get this rating from me. The ones that do are usually classics."
Carole,1085,12,5,"January 31, 2023",,,"Frantor and Florie's story is such an emotionally stirring read in this sixth book of the seven alien brothers series and I absolutely adored it!Expertly written and deeply moving I felt this wounded warriors fears, pain and loneliness as told through the pages of this entertaining read.Florie is one of the women kidnapped from the town of Wainwright and left in Frantor’s workroom for him by his brother Benjar. Knowing nothing of this Frantor is surprised when he finds Florie, and the stage is set for the wonderful narrative that follows. As the reader learned in the previous books Frantor is the brother who was horribly disfigured in the war and refuses to show himself to others even more so now that his brothers have mates living on the ranch. Unable to get Florie to the ranch because of a snowstorm raging outside he keeps his form covered from her sight when interacting with her and Florie doesn’t force the issue.The attraction between the two soon becomes obvious as the days pass and I loved how Florie slowly began to work her way into Frantor’s heart as he did hers. You know what they say… the way to a man’s (alien male in this case) heart is through his stomach and Florie is an excellent cook! But seriously folks Florie was such a good woman and I appreciated how she approached the situation she found herself in and the forthright understanding she displayed towards Frantor who feared if she saw his visage, she’d run screaming into the night. The perfect couple, a perfect story and now my favorite of the bunch, and YES it does end on a very wonderful (that brought a happy tear to my eye) HEA.I received a free copy of this book via Booksprout and am voluntarily leaving a review."
JML,1074,19,5,"February 9, 2023",,,"This is the one I was looking most forward to reading because Frantor seemed the most in need of love, acceptance and support. Wounded during the war for his planet, his family is gone and all he has is his brothers in arms and his Mill on the ranch. He knows no one will ever accept him with all of his scars and missing parts but he longs deeply for it just the same as Benjar easy plan to find brides unfolds he finds himself gifted with a beautiful females he is sure will run in terror from him. Florie cooks and owns her own dinner one hi it's she was walking home from the dance and another she was asking up in a strange and unusual place. When she first hears Frantor speak to her she thinks he was in on the plan, but being with home even for o my a few days makes her realize that Frantor doesn't expect anyone to ever love of care for him. It twists her up inside and she makes it her mission to cook for him a th coax him out of hiding. As each day passes they grow closer and closer together. Frantor falls in love and just hopes Florie will return his feelings. What he gets is so much more. Passion, someone who sees him and not his scars. Florie thinks that maybe her kidnapping was the best thing that could have happened too her. The port in a storm, a safe haven healing love that is what they both find. It's a fantastic story filled with wonderful warm loving characters who are believable, and we'll drawn out loved it highly recommend💖🔥💖🔥💖🔥💖🔥💖💖🔥💖🔥💖🔥🔥💖💖💖💖💖🔥💖🔥🔥💖🔥💖💖🔥💖🔥💖💖💖💖🔥🔥💖🔥💖🔥💖💖🔥💖🔥💖🔥🔥💖💖🔥🔥💖💖🔥🔥👟👟"
Sharon Gillman,625,3,5,"March 22, 2023",,,"So after reading both Endark's and now Frantor's stories, I'm experiencing book hangover now. I have actually loved all the characters, but I have to admit that due to the above characters history, I couldn't wait to see how their brides would either soothe the beast or heal the heart.Ms. Phillips never fails in fleshing out all the characters involved. I couldn't wait for Frantor and Florie because Frantor was much more broken from what the war had taken from him beyond skin deep. Florie proved perfect in that her past experiences had given her the heart and compassion to look beyond the superficial and draw out the true heart of the man as she calmed his fears.I must admit that besides the book hangover from both of these books, the other problem I've had lately is wanting to read the last book in the series. It always saddens me when a series is coming to an end, which means the author has done his or her job in making me fall in love with the world and characters they have shared with me. It seems silly, really, as I know once I begin this next book, Ms. Phillips will have me so invested in the final couple to be introduced that I will feel quite foolish for my previous angst.Each book has only added to the heightened anticipation to the next book, so here goes nothing as thankfully I have the final book already in my TBR.I highly recommend reading everything from this author as she has never disappointed me with her creative imagination and talent for pleasantly surprising me. Enjoy."
Tammy Moldovan,1473,18,5,"January 17, 2024",,,"I loved, loved Frantor and Florie’s alien-human, forced proximity, snowed in romance. This was my favorite book n the series. The book had a wonderful mix of sweet, spice, real life issues, and big feels. Frantor is an alien who was badly wounded in the war and his body is now deformed. At the end of the war, he and his six brothers in arms purchased a sprawling ranch and settled on the planet of Cresca. Florie is divorced human woman who lives in the nearby town and runs the diner. Two of Frantor’s brothers misconstrue a human story to mean they should steal human brides and decide to get a bride for Frantor too. Florie’s last memory is being approached by a large alien before she woke up in Frantor’s workshop/home. Despite Florie being drugged and kidnapped, this is not a dubcon or noncon situation. Frantor and Florie’s relationship develops organically without forced intimacy as they ride out a blizzard together and have conversations without Frantor revealing himself. I have a soft spot for the people who are a bit uncomfortable in their skin because they don’t feel like they fit in or are worthy, like Frantor. So I love when they finally see their truth and they get swoon worthy HEAs. The story includes sweet moments, steamy scenes, alien physiology and cultures, loyal friends, painful pasts, fated mates, coincidences, danger, and laughs. I am looking forward to reading the final brother’s story.4.5 stars."
Virginia,217,1,5,"January 30, 2023",,,"At last, we get to know the most elusive of the seven brothers, Frantor! He was worth the wait! Horribly disfigured during the war for Vizal, he has retreated from everyone he loves on the farm he and his brothers retired to on Cresca. Luckily for him, Benjar picked the perfect bride to kidnap and leave in his workshop. As you read about Frantor, your heart can’t help but break for him. He so desperately misses human contact and companionship, but his fear of seeing shock and disgust on other’s faces when they see his scars keeps him locked away in his mill. Florie is the perfect mate for him, as she is mature enough to know what she wants, and smart enough to figure out how to get it! She makes a mean cookie, which doesn’t hurt! Lol! Never was a snowstorm so welcome! I loved every minute of this story, and this couple! I love the snippets we see of the other brothers’ relationships, too! Everyone gets that happily ever after! All we have left of the brothers is Gilmat and his new bride, Julie. I am really looking forward to reading about this green-thumbed giant of a brother next. I am sorry to see this series come to an end, but I have loved every sweet, and very steamy, moment! Such a wonderful series!"
**Elle**Bee**Double U**,2199,25,5,"February 2, 2023",alien；disabled-scarred-hero-ine；sci-fi,,"Oh Frantor...My heart hurts for the elusive brother that we've seen or heard about throughout the series. Frantor is very self-conscious about the way he looks now. When it was just his brothers and himself on the ranch he would come around every once in a while, but since Nelly was brought up he's isolated himself more to his sanctuary. One of the things I absolutely loved about Frantor was that no matter how much he hated the fact that someone was in his space, a woman no less, he never made Florie feel uncomfortable. He made sure she had all the comforts he could provide for her while she was stuck with him due to the snow storm.Florie, while she was taken without permission and put in the situation she was in, I loved that she tried her hardest to make Frantor comfortable with her presence. She may have not wanted another relationship, but I don't think anyone would've been better for the other than these two. Florie pushes Frantor to see himself as more than just shell of his former self. She proves to him that no matter what he thinks he looks like he is still a man that is deserving of love and friendship.I received a free copy of this book via Booksprout and am voluntarily leaving a review."
Roberta,108,5,5,"February 2, 2023",,,"Chef and restaurant owner Florie finds herself kidnapped and snowed in with alien Frantor, one of seven brothers-in-arms making a new life for themselves on a remote ranch. Frantor believes that his physical disfigurement due to war injuries makes him so monstrous that he cannot show his face to his brothers' human mates lest they recoil in horror. He's positive that despite his attraction to Florie, she, too, will be unable to overcome his physical condition and reject him as a lover. But Florie is not put off, and she patiently puts her skills as a cook and baker to good use as means to persuade Frantor to reveal himself to her. Their mutual love of music gives them another way to connect as their passion blossoms. The path to their happily ever after is rocky, but their love is worth fighting for. I liked Florie's compassionate persistence with her wounded warrior, as she teaches him to trust her and realize his worth as a loyal and tender mate--a far cry from her self-absorbed, human ex-husband. Together, Florie and Frantor make a place for themselves among the other couples who provide a loving and accepting family of choice.I received a free copy of this book via Booksprout and am voluntarily leaving a review."
Serena Buffaloe,528,6,5,"February 5, 2023",,,"Aww, what a great story !! In this book, we get Florie and Frantor' s story . Florie is a gentle woman in town who owns and operates the bakery. At the infamous winter dance, she brings some food that is received well . But no men really pay her any attention. Not that there is a lot of candidates to choose from. But still , one could have asked her to dance !!! Frantor is the brother that has many terrible scars from the war. He is bothered by the reactions of people to his disfigurement, so he keeps to himself. Even though he has been invited several times to the main house , he sits outside quietly, wishing that he were brave enough to go inside........ But he would Never want to scare Nelly, Artek 's wife. Even though , he does enjoy the cookies she leaves for him...... Florie and Frantor were a great match. She knew just what to say and do to get him to understand that not everyone is afraid of how he looks. That Beauty is truly in the eye of the beholder !!! Such a sweet story !!! Definitely looking forward to Gimlet' s story, but then , that will be the end ...... Although I will be sad that the next book will be the last in this series .....But then new stories , right ??!!?? 😁😁"
Nicole,1646,,3,"January 15, 2024",2024-books；3-stars；abduction,,"This seems abit wacky where the premise of each book is that the heroine gets kidnapped as a bride for each of these ex-soldiers. I wanted to try this author and took a chance when Averie from avareadsromance mentioned the hero has physical scars. It was pretty obvious from the cover and I did learn as well that Frantor gets aches and pains from his battle wounds.He looks like Frankenstein with the gray blueish skin. I thought it was sad that he hides how he looks from nearly everyone. He is as surprised as Florie when she is left at his home. They get snowed in by a blizzard and slowly get to know one another. Frantor plays an instrument called the zinar and Florie owns her own restaurant in her town. I liked how she cooks delicious food for him. This was really sweet as Florie helps Frantor open up and believe there is someone for him. He struggles with pain, aches and a prosthetic arm that didn't work well for him. I am glad he listens to Florie and his friend Dhakar to get one that works better for him. He has really low self esteem because of his appearance and is convinced he doesn't deserve better. I felt for him.I liked that this was not lengthy. close proximity, found family"
Nike,303,,5,"February 3, 2023",alien；alpha-males；best-sex-scene,,"So… If you have been following any of my reviews, you know that I have a soft spot for broken sweet heroes and their strong-willed, no-nonsense, go-get-it-smart heroines. I love Ms. Phillips’s books because they hit my spot every time. Hopefully, you have followed the brothers as they find their brides, and now is Frantor’s time, the heavily scarred brother that has been hiding from everyone for fear that e will be rejected. He knew in his heart that no woman would love him, so when he heard Nelly’s story about the Sabine women, He knew that it would never happen to him. Of course, Benjar has another idea and decides his scarred brother needs a companion as much as any of them, so he decides to steal an extra woman for Frantor. Frantor wakes up to find himself with a strange woman in his house in the middle of a snowstorm; Frantor thought he didn’t need a woman in his life, but after spending time with Florie, he is not sure so sure.I don’t want to give away any spoilers, but I can guarantee you will love this book."
Spinneretta,2459,13,4,"March 7, 2023",,,"The series continues with Frantor, the scarred alien who hates for anyone to see him. He’s a little surprised when he discovers that Benjar has left a human for him as a present, and he is terrified that his scarred visage might frighten her.Fortunately for him, Flora is made of sterner stuff than that!As the owner and cook for the town diner, Flora has made a new life for herself in Wainwright after her divorce. She’s certainly surprised to wake up in the home of a mysterious masked male, but it’s not long before she finds herself falling for Frantor.This sweet and sexy romance has a liter. wounded warrior, one who is wounded in both body and soul, and it was a treat to watch him heal under the ministrations of Flora.She too had a past in which love had very definitely taken a back seat, but she’s confident enough to put herself out there, and observant enough to realize that she is making headway- and it was fun to watch her work.This enjoyable tale is a fun and quick read for sci-fi romance enthusiasts."
Donna,695,7,5,"February 2, 2023",,,"This is the sixth book in the series of Seven Brides for Seven Alien BrothersHoney's ability to let you in to her characters lives and locations is amazing. Almost as if you are reading, walk through a door and you are there with them. We already know Florrie was misted with a sleeping agent, taken to the ranch and to Frantor's home with help from his brother. Quite the surprise when she woke, tried to leave and he realized he had someone in the house. It's in the midst of a long snowstorm and nowhere to go. He is damaged physically and emotionally and wants to hide. She is divorced, used to work with her doctor/ ex and loves to cook. Oh, so many possibilities with those combinations. And I felt so much while I was reading: the fears, anger, pain, comfort, the steam and the connection.  I keep hoping Honey will find more brothers or cousins for this world after she's finished the seventh book in this series. It is that good, I don't want to leave this world."
Fay J,1168,10,5,"February 2, 2023",,,"Frantor has been scarred inside and out from the war. In a way he wishes he had not been saved as it would have been easier for all that way. The ranch is the brothers' sanctuary though and he hopes in time it can be for him too. So when Artek takes a wife he hides, he knows what the mirror tells him, he knows that a bride is no longer something that could happen for him and so he stays away. Making himself more isolated and lonely that he even was before. He watches to protect his brothers what he misses is a bridal delivery! Florie could not be more surprised to find that she snowed into a small cabin with a huge male who seems to be made of shadows but endowed with a velvet voice. She can hear the pain in it as well though. The longer they are in the same place the more she wished that he would trust her and that she could help him. You never know though, wishes might come true?I have loved all of these but I think that Frantor is my favourite of them all."
Nina Diab,3160,35,5,"February 8, 2023",,,"I loved this book. It's my favorite in the series so far! Great world building and wonderful characters. I am a sucker for a scarred male who thinks he's unworthy of a mate. And poor Frantor has both physical and emotional scars. My heart broke for his pain and loneliness. I loved him immediately and wanted him to find his happiness and not be so ashamed to show himself to others. I thought Florie was the perfect match for him. She had been kidnapped by one of Frantor's brothers and brought to him to be his bride. He didn't believe he could or would have a bride and would direct her home as soon as a storm lets up, and remained hidden in darkness so she couldn't see him. I really enjoyed how patient and accommodating she was was him and his insistence that he not be seen while they share space, and slowly gets him to open up. I was completely hooked to this story and couldn't put it down. 5 stars."
3v3,55,2,5,"February 2, 2023",,,"I think this one is my favourite one out of the series. I really liked Frantor, he is such a sweet hero who hides himself because he believes he’s deformed due to his scars and injuries. He was so kind and gentle towards Florie but kept away from her so he wouldn’t frighten her. I also really liked Florie who was intrigued by Frantor from the moment she met him. She uses her cooking and baking skills to lure him out from the shadows and to learn more about him. I loved how patient and caring she was with him. I usually like for the hero to be the one that does the chasing/makes the first move but it worked out perfectly that Florie was the one that mainly went after him.5 out of 5 stars for this one, I really enjoyed it.I received a free copy of this book via Booksprout and am voluntarily leaving a review."
Emily Lindsey,,14,5,"February 3, 2023",,,"This could describe both Frantor and Florrie. Her scars are internal but his are but internal and visible. They were a perfect match up, even though it took a while for them to get there. I am in love with the characters in this series, the series itself is refreshing and easy to read. In this one, Frantor hides himself because his scars have made him hard to look at. He probably has PTSD on top of all that, PLUS he lost his whole family and village in a war! His hurt is soul level deep. He doesn't think he's worthy of having a mate, but he really kind of wants one, on the low. Florrie goes with the flow, but she recognizes the kindness in Frantor like, right away, and once she makes up her mind and sets her eyes on him, it's game on! It's a good book, A good addition to the series!"
S,179,1,3,"February 3, 2023",,,"3.5I have really enjoyed this series. Asanother review said its a great mix of spaghetti western and sci-fi romance. This short story was sweet and Frantor was a character that tugged at the heart strings; a wounded warrior. Grace was a determined woman with the type of grit that brought to mind frontier women. Some more expansion on how she was going to shape her in town business to fit a future ranch life would have been good though, even inside her own thoughts. I feel it would have made more sense with her character and her pride as a business owner. But that's a small thing. I would have loved if the story was longer and expanded on some of the moments between them that were referenced but not shown. I get though that these are meant to be short novellas.As always with Honey's books it was well written. I'm looking forward to the final installment of the series."
Amy,286,41,4,"February 18, 2023",,,"I loveee a scarred and reclusive hero so I have been anxiously awaiting Frantor since book 1! Frantor has been very scarred from the war and has some prosthetics, so is reluctant to let anyone see him. Florie is the local restaurant owner who was abducted in book 2 to become his bride. When are they stuck together at the mill during the snow storm, they start to have their meals together, and it grows into a really sweet relationship. She is so kind and patient with Frantor and really respects his boundaries. She’s also really willing to experiment and do whatever it takes to make him feel comfortable while being intimate. Of course I loved Frantor and the journey to self acceptance he went on. I also really liked the inclusion of the other brothers and their brides, and how through his relationship with Florie, he found his way back to his family."
Kelly,431,,4,"April 26, 2023",,,"I really enjoyed the romance between this sweet cook Florie and fragile but strong Frantor. The way Florie works throughout the story to lower Frantor's walls and get him to acknowledge that she isn't horrified by his body, but instead loves it is beautiful. This short book somehow incorporates elements of slowburn, but is also very steamy. My only issue with it is that Frantor remains stubborn about his insecurity longer than I would have liked when it was already obvious that Florie found him sexy and cared for him deeply. However, this is realistic because people struggle with their insecurities and often it's very hard to overcome. I just personally wished the conflict hadn't happened. It felt unnecessary, and ended quickly anyways. Overall, my enjoyment of their story was very high it just wasn't a favorite like Callum's is."
Grey's Books,604,5,4,"February 27, 2023",c-science-fiction-romance；c-western；char-depth2-low,,"Ok - Liked itA forced proximity sci-fi romance where the hero must overcome his aversion to others looking at his extensive scars from the war. The heroine, Florie, is a cook who owns her own restaurant, but is somewhat lonely and feels overlooked in town. The hero, pale blue-green alien Frantor, has hidden himself away from everyone even his military brothers because of his extensive scarring.I liked the fun & determined heroine, but the hero's complex about being seen felt exaggerated - especially hiding from his brothers who know what he looks like. I also had trouble with his quick 180 change of heart at the end.  None. MF sex, use of a blindfold and honey."
SHERRY DAVIS,114,1,5,"January 31, 2023",,,"Frantor had been severely injured in the war. Because of this, he stayed hidden. When his brothers went to Wainwright to steal brides for themselves they decided to steal one for him. They didn't want him to be alone. Florie woke up to beautiful music. She knew she wasn't home. Where was she? There was this voice and a shadow. He had her make herself at home in the mill where he lived. She cooked for him and they slowly got closer. Florie was as lonely as Frantor. The story is lovely, sexual, and heartwarming. Guaranteed HEA!!!.I received a free copy of this book via Booksprout and am voluntarily leaving a review."
Avis,417,2,5,"January 31, 2023",,,"I love this series. I especially love this one. Frorie is such a surprise. I love her ingenious ways to get our broken warrior to open up and realize that she, as the saying goes, doesn't judge a book by its cover. Frantor is broken and doesn't think he deserves a happy ever after. He is delighted that his brothers have found there ""mates"". It was fun reading how he comes to terms with his injuries. And how he realizes he has been wrong. I love the epilogue. What a great HEA. No cliffhanger. There is secondary story. So it is best to read them in order. Even though they are standalone stories.I received a free copy of this book via Booksprout and am voluntarily leaving a review."
Nancy,863,8,5,"February 3, 2023",,,"Touching!Frantor was horribly scared during the war. He hides in his home in the old mill convinced no one could possibly stand to look at him. He has made a quiet but lonely life for himself. When he awakes one morning there is a strange female in his basement. It seems one of his brothers kidnapped her for him. Now with the huge snow storm, they are stuck there together.Florie is shocked when she wakes up in Frantor’s basement. But she quickly finds herself fascinated with the shy recluse she is with. A wonderful story of a gentle woman and her patient love for a damaged man. Frantor will steal your heart!"
Kristine L.,6064,55,5,"February 4, 2023",,,"They both have scars, Florie are internal and Frantor has both internal and external. One of Frantor's brother brings a human woman and leaves her on his doorstep. Floria is trapped with this Alien Warrior as there is a blizzard outside. Frantor only comes to see Florie under nightfall but as they fall in love Florie wants to see what her alien looks like. They are both lonely but they gravitate towards each other. This is a sweet, steamy alien romance. I loved the story as it was heartwarming and rewarding. I love this series.I received a free copy of this book via Booksprout and am voluntarily leaving a review."
Ashley (Red-Haired Ash Reads),2825,168,4,"February 5, 2023",2023；alien-abduction；aliens,,Seven Brides for Seven Alien Brothers #6 4 stars - It was really goodThis was such a sweet alien romance. Frantor has been the brother that I have been most interested in getting to know because he hides away from the world. I enjoyed seeing Florie break through his fears and show him that he isn’t a monster and that he deserves love. Frantor was just a sweet lonely male who just wants to be loved for himself but doesn’t believe it's possible. Florie was a great heroine. She was extremely calm about being abducted and just wanted to help Frantor. I really enjoyed these two. They might actually be my favorite couple now.
Jamie Wagnor,134,1,5,"March 19, 2023",,,This was honestly the book I was most looking forward to. I wanted to know more about Frantor and his story and this did not disappoint. I felt his pain and fear and loneliness so deeply. He really was a beautiful mess. What I wasn’t expecting was Florie! I absolutely loved how patient and sassy she was. Her quiet acceptance as well as the fierceness of her feelings for Frantor made this story feel even more romantic. It also didn’t hurt that they made a very spicy couple. I can’t believe this little world of brothers and brides is almost over. 😩 But I can’t wait to read the last one!
Katie Kaste,1598,,5,"May 19, 2023",,,"Florie runs the local cafe. Frantor just wants to be alone in his misery. When Frantor finds Florie left at his doorstep, at first he keeps himself very separate. These two both have scars, physical and emotional to work through. This one was more emotional than the others, simply because of Frantor's war story. He is very sensitive and gradually opens up to Florie. I love these stories so much, I'm sad I only have one more left. I also have loved that they have make birth control instead of female. Just a nice touch to these stories. I can't wait to finish this seven book series."
Nancy R,629,7,5,"January 30, 2023",,,"This charming read will tug at your heart strings! I think this book is by far the best Honey Philips has ever written. I usually see her name and I download immediately because I know I will get a quality read. Frantor is my favorite character of all the brothers with his quiet, thoughtful mannerisms. Florie is the perfect mate with her strong personality and loving ways. The best line in the book “Thanks to Florie, he was whole once more.” Download this one and be prepared to journey into the best world that Philips has created!❤️❤️❤️❤️."
Michele,1134,4,5,"February 1, 2023",,,"This is the 6th story in the series and can be read completely as a standalone but flows better if you read the stories in order. Frantor avoids everyone because of his appearance and when Florie is left as a bride in his house he does everything to avoid letting her see him. Florie respects his wishes and demonstrates that he can trust her repeatedly. Frantor and Florie are a great couple and their relationship is so sweet. Great story, great series.I received a free copy of this book via Booksprout and am voluntarily leaving a review."
DemetraP,4553,,4,"February 3, 2023",,,"This book had a Beauty and the Beast theme.One of the hero's soldier brothers kidnapped a wife for the hero and left her in his house. Without telling the hero. The hero and heroine are both very surprised to see each other. He is an alien who was injured badly in the war and has a prosthetic arm and many scars. He doesn't want her to see him so he wears a cloak and a mask. They start eating meals together and eventually fall in love. She has to make all of the first moves because he is convinced she doesn't want him. As there is a huge blizzard, she can't leave his house."
Melanie Milburn,1148,6,4,"April 27, 2023",,,"Frantor is gifted a bride he hadn’t asked for, nor, considering his extensive scars and prosthetic, did he want her. He was resigned to a solitary life, for what female would want him? Florrie, however, isn’t what he expected in a female. Beautiful herself, she doesn’t seem repulsed by him. Granted, he wears a mask and hooded cloak, and he maintains a dark home, but she actually seems interested in him, and unafraid of physical contact. It’s not long before he’s grateful for the storm and avalanche that keeps them house bound."
Emma Grace,158,,,"June 6, 2023",kindle；smut,,"YES YES YESOne of my favorites from this series so far. Some have compared another one in the series to Beauty and the Beast, but I think this one is more comparable. The spicy scenes were probably my favorites out of any of the others in the series, and I really liked both of these MC's. We are also starting to get way more plot and we can see the ending building up with these past couple installments. Overall, this was definitely in the top three of the series for me. Frantor is SUCH A CATCH."
Funkypinkpat,244,2,3,"July 11, 2023",,,"3.5 stars.This one is definitely the new favorite out of all of them.I wanted Frantor's story since I read about him in book one and I wasn't disappointed.Broken and covered in scars, Frantor was going to need a convincing bride to bring him out or his shell and into the light.Florie was just the right amount of insistent and patient. She worked hard at getting him to trust her and I really liked the building of the relationship in this one more than the others. Again, at 163 pages there isn't much time but this one flowed better than some of the others."
Sophie Boyce,225,3,3,"January 13, 2024",,,"As always, this series is a perfect little palate cleanser. I've been looking forward to reading Frantor story. He was seriously injured in war, and almost half of his body is prosthetic. He feels ashamed and hides himself away from everyone.Florie runs the local restaurant, and after one of Frantors brothers kidnaps her and leaves her at Frantors door, they end up stuck together until the snow storm passes.Florie is able to help Frantor accept who he is, and she ends up with something she didn't know she needed.Overall , fun alien smutty read."
Raina,3886,30,5,"January 31, 2023",,,"I found this to be a very sweet romance. I’m so glad to get to read Frantor’s story. After seeing only glimpses of him in the previous stories, we now get to know him. Florie will be a very unexpected surprise for him. I love how her mind works. She has such a kind heart and seems to almost have a sense about things. The story will definitely bring you all the warm feelings even though there is a snow storm right outside their windows."
Cristy,371,11,5,"February 1, 2023",,,"I just love this series, and I swear that each book gets better and better. Frantor has such an incredible heart and is fortunate enough to find a female like Florie who sees beyond his physical appearance. Together they learn about each other. Trust each other and fall deeply in love.This story makes me all warm and fuzzy.💜💜.I received a free copy of this book via Booksprout and am voluntarily leaving a review."
Eve,146,8,5,"February 5, 2023",,,"Throughly enjoyed all the books in this series, this is another great quick alien romance read. Frantor is severely isolated due to the mechanical alterations he received from being harmed in the service. Florie is a divorced restaurant owner looking to rebuild her life. They find themselves thrown together during a storm and the sparks fly.I received a free copy of this book via Booksprout and am voluntarily leaving a review."
Giulia,7,2,5,"February 5, 2023",,,I have been following this series since it started and I am so glad I was able to finally read Frantor's story! Frantor is a scarred hero who believes no one could love him due to his scars. Florie is the one to prove him wrong. I loved the interactions between the two characters and I think this story is one of my favorite of the series so far. Looking forward to reading the next book!.I received a free copy of this book via Booksprout and am voluntarily leaving a review.
Carmen,1745,10,5,"February 5, 2023",,,"Frantor and Florie, sitting in the mill kissing! Ha! I enjoyed this one so much. Frantor was so self conscious of the scars left behind from the war. When Benjar kidnapped Florie for his brother he actually did the recluse a favor. Florie , while a reluctant bride, really did accept Frantor and helped him to slowly come out of his self imposed exile. It was sweet and a whole lot of sexy. One brother left!"
Cindy Senn,195,1,5,"February 9, 2023",,,"This is a good little series that I was happily surprised to find in my Kindle Unlimited. Since the books are usually self-published and as such prone to editing mistakes it can be hit or miss. This writer, however, has a good command of grammar. There were very, few mistakes made so that was a plus and made reading the books enjoyable.  I recommend this series to any Alien romance lover to add to their collection."
Christie,431,2,5,"March 2, 2023",,,"Discovery of self-worth and confidence, HEA. Frantor made me so sad. He was saving people when he got his injuries and he lived a lonely life avoiding the stares and judgement. Then his life is changed meeting his bride. While he was reluctant at the time to open himself up, he decided love was worth it. Again another great short story."
Emily Stafford,510,1,5,"March 3, 2023",,,"This was a fortunate choice in ladies. They seem smart enough to look for the qualities in their mates and just what the brothers physically look like. Thankfully there are enough resources among them to supply needs that were sometimes missing with the brothers caring for themselves. They have several, though not all, good cooks and two excellent ones. They have seamstresses but also a doctor, a hunter, and a gardener."
Megan,502,34,3,"April 18, 2023",short-stories-novellas,,"It's always more interesting when the stories have a bit of Trauma™️ to sort through in between the spice. This certainly offered that, which made the romance better than it would have been otherwise.But there's a flipside to that, which is: the novels just aren't long enough to do the themes presented credit. I also wished Florie had more depth; I often completely forgot her name while reading, which is never a good sign.Definitely ready to wrap up the series soon."
Paula Galvan,204,,5,"July 30, 2023",,,Frantor had convinced himself his scars and prosthetic make him less of a male. Florie loves him and when she finally sees his face she is horrified for the pain he must have suffered. He of course thinks she is horrified and rejects him. He runs away. Artek goes after him and gets through to him that if he loves her too then he needs to fight for her. Fight through his fears and return to her. I love the Beauty and the Beast theme.
A G,212,,4,"January 2, 2024",,,Like most books in the genre this is a committed but lust at first site that grows to love and open door scenes. Not recommended for your readers. Not recommended to read before the first stories in the series. Can skip over some background when reading if you've read the first ones.Not a five because I really wanted more dialogue and more of the other characters too.
Jannie Cv,990,28,5,"February 2, 2023",sci-fi-romance,,"An outstanding addition to a great series!Frantor: damaged so much during the war that he chooses to be alone. In truth, I find him very appealing and love the attraction he experiences with his uninvited guest. Florrie is awesome! For someone trapped in a situation unexpected, she hardly falters. Such strength of character! I love the way Frantor slowly softens his stance as she keeps reaching out to him, seeking his companionship. It’s an absolutely delicious romance - heartwarming, moving, and sweetly satisfying!"
Angela,2731,9,4,"January 31, 2023",,,"Frantor's loneliness comes from his soul. Scarred and deformed, he doesn't believe he is worthy of love. Florie's loneliness comes from having to hide her past. Both of them are looking for something, or someone more, but until they recognize that they are worth more than their appearance, they can't help each other."
Cynkris,396,,5,"February 2, 2023",,,"Frantor (sigh) I knew from the first book that I needed Frantor's story. I love him, it's that simple. He deserves everything happy and beautiful and he get's it in Florie. She is such a beautiful soul with a heart bigger than the world. I have loved every single book in this series but Frantor touched my heart so deeply. This book is worth your time, all of Honey Phillips books are. 5+ stars"
Leah,1560,11,4,"February 2, 2023",,,Frantor and Florie are two lonely souls lucky enough to find each other (with a bit of interference from friends and mother nature of course). This is such a lovely romance. I really enjoyed these two together and Frantor's emotional arc very well done.I received a free copy of this book via Booksprout and am voluntarily leaving a review.
Amber Hoffman,85,,4,"February 4, 2023",,,Another solid addition to this series. I really do love this little world Honey has created! Finishing this book knowing there is only 1 of the 7 brothers left makes me sad that the series will be coming to an end. Frantor and Florie beautiful illustrate both being self conscious and also carefully treading boundaries to help overcome those self doubts.
Rachael,2280,10,5,"February 4, 2023",added-to-storygraph,,"4.5⭐️ I have been waiting for Frantor’s book for what feels like forever! He is so precious. I wish we got more of Florie’s backstory. There was a bit of Frantor’s story but not as much as I wanted. But the development of their relationship was so cute though. I loved how determined Florie was to love him, wading through all the walls he put up while still respecting him."
Bees,332,9,4,"February 6, 2023",,,Very sweet tail of a kind local human who falls for a very self conscious wounded war veteran alien. This was a very sweet and still steamy book. The only thing keeping it from five stars was how incredibly self loathing the hero was for a majority of the book. He was redeemed in the end.I received a free copy of this book via Booksprout and am voluntarily leaving a review.
Alice Cain,44,1,5,"February 6, 2023",,,"I love old characters coming back and rounding out stories.This is a story of healing old wounds.Allowing others to help you heal.It may be frightening, but it's even more frightening to have the ones you love give up on you.I can't wait for this last book about the 7th brother."
Lupe,20,,5,"February 8, 2023",,,Another great book by Honey Phillips!! Oh Frantor pulled at my heartstrings!!! Florie was a perfect match for him and understanding what she had to do to get him to overcome all the obstacles Frantor kept putting up to try to stay away from her.. Love this story… Now I have to wait till March 2nd to read the last brother’s story!!!
Diana Gálvez,63,,5,"February 10, 2023",,,"My favorite thing about Honey is how her words wrap around your heart and give a lil tug throughout the book. You fall in love right along with the characters. It’s messy, funny, scary, and beautiful all wrapped up together. Frantor was such a vulnerable soul. He wraps himself around your heart. One of my faves in the series. ❤️"
Rosa Maria Garcia,2302,20,5,"February 14, 2023",,,A beautiful love story that capture your heart and leaves you wanting more with awesome characters. A soldier whose body is so scarred that he hides from family but with his mate's love ;he overcomes his fear and has a happy ending. A must buy and keep them coming they are awesome.
Jeannette,958,,5,"February 18, 2023",,,"This is a very good, well written, Alien/Human romance. The characters are interesting, well developed, and lovable. This story can be read alone but is better if the series is read in order. The characters interact across the stories. I am ready for the next one. Read and enjoy."
Cheri Winget,546,1,4,"February 26, 2023",,,"This author has created a world that grabs your heart and holds on until the very end. Florie and Frantor are no exceptions. Will be sorry to see the end of the series in Gilmat's book, but am looking forward to reading it.While I read this via Kindle unlimited, i consider it well worth my time and $$."
Christal,1108,1,5,"March 21, 2023",,,This is a sweet and steamy romance between a war scarred alien named Frantor and a human female named Florie. They are both lonely although Frantor also thinks he is not worthy of love because of all the scars on his body. Florie only sees his goodness and not his scars but she feels sad about all the pain he must have gone through. They slowly open up to each other and find love and family.
Booklass Garrahan,888,15,3,"March 23, 2023",,,"This is a cute story about an injured alien and the earther that's been. kidnapped and left on his doorstep, so to speak. She doesn't seem to mind too much, and most of the plot centers around the hero's deep discomfort about his war scars. There are some truly sweet, touching moments, but it was the same type of situation over and over."
Shyanna Zurn,29,,3,"March 25, 2023",,,"3.5 stars. If you enjoyed Ice planet barbarians this could be a series for you. These books are more novellas than true books I feel, however they are cute quick little reads. My big complaint is because they are short there isn't much world building and the time frame is also pretty quick. Not as much detail as a series like IPB but still a good one!"
AHadden,32,,3,"April 3, 2023",,,"I was expecting more from Frantor’s story. Don’t get me wrong, it was cute and spicy, but there was so much build up about him being scarred and a monster and his story didn’t live up to the hype. Maybe more details would have helped? I’m not sure. I’m glad that he found happiness and Florie is a very strong female character which I appreciated."
Michael K,678,28,4,"April 5, 2023",,,"This one has the most believable and sensible characters next to the core two from book one. Not sure I'd have continued reading this series if the male character wasn't inspired by and adapted from Frankenstein, which is my yearly read. It was a fun one, thanks for circling it back Phillips, I really enjoyed this love story!"
love is embarassing,73,,2,"April 6, 2023",,,I really like this story better than the other 4. Still love Artek’s and Nelly’s tho but Frantor just had to have my heart just because he’s a kick puppy.I wanna give it a three stars but then i fucking hate this cook. Like i hate all the other female except Nelly. Like Florie is just so freaking annoying.And no i do not hate females because im “one of the boys” THEY ARE ANNOYING ASS
Laura,1290,,4,"April 13, 2023",2023-reads；chef-baker-bartender；forced-proximity,,"As a heavily scarred individual with a robotic arm, Frantor hates when people look at him. Loved that Florie never, ever violated Frantor's trust by looking at him when he'd asked her not to. It was a great foundation for their relationship. Also liked that Florie had a knack for electronics (one of Frantor's ""jobs"" on the ranch)."
Pamela Hastings,670,1,5,"June 26, 2023",,,"I think Frantor is probably my favorite in this series, but then again, each Alien brother has been outstanding. Honey Phillips has done a great job creating this characters! Each brother unique in his own way and finds the perfect mate for himself! Wonderful stories!"
Christel Owens,177,,4,"July 16, 2023",,,I knew I would like this one the best I have a thing for beauty and the beast style stories and this one also gave Frankenstein/Phantom of the Opera vibes. My only issue was how abruptly a resolution was found. I know they are all short but I could have done with a little more fleshing out that part. Otherwise enjoyable short sweet read.
Alicja,286,1,4,"February 17, 2024",,,"This series is about the residents of a colony on another world who have taken to Earth older times as a way of life, with minimal technology and very strict guidelines on what they can and cannot do. The story does described the world and how the founder as well as residents fit into the larger world and throughout the series you find out more about the colony's history and the people in the town.This story focuses on how PTSD effects people in unsuspecting ways, with that being said in some aspects of the story I didn't like that it was portrayed that being with someone you care about would cure you without having to do the work around it. Although, in this story the male characters (who have been soldiers in the past) have already worked through some of their trauma prior to the females joining into their lives."
Annie,345,,4,"February 20, 2024",,,Florie was a great character. She was so calm and understanding which is what you’d hope for if you were Frantor but probably wouldn’t expect to receive. This book was almost cathartic in the healing and trust that built through it. I liked Frantor a lot too. I found him more engaging than some of the other male MCs from other books in this series.
Marianne,5821,70,5,"January 30, 2023",,,"Definitely need more stars 🌟 for this one! Super sweet, sexy, and reads like a alien fairytale.. Frantor just tiptoed into my heart.. and I absolutely adore him!!.I received a free copy of this book via Booksprout and am voluntarily leaving a review."
Annie,2,,5,"February 2, 2023",,,I love this series! Honey knocks it out of the park again with Frantor. The love and healing in this story is heartwarming.I recieved a free copy of this book via Booksprout and am voluntarily leaving a review.
Misti Britnell,213,2,4,"February 3, 2023",,,"Honey Phillips writes sweet, steamy love stories so well. Smart, strong heroine, strong, adorable hero. I didn't notice any typos, medium spice, vanilla alien/western romance."
Robin,417,,5,"February 6, 2023",,,This is a wonderful romance with a Beauty and the Beast vibe. Frantor is really a sweetheart that life has kicked hard. I love the way his character is written - he's sensitive and sweet but has no confidence. This is why Florie is his perfect match. She has the confidence and strength and she knows what she wants and goes for it. This one has some great feel good moments and I fell in love with both of them. Another tale in this must read series. Enjoy!
rosemoonfairygmail.com,121,1,5,"February 3, 2023",,,"The story hit close to my heart. I had an uncle who was disabled. I always hoped he'd find the perfect caring woman, but it never happened for him. The story brought tears to my eyes, but it was cathartic. I highly recommend this entire series!"
Alaska love,1293,3,4,"February 3, 2023",,,Frantor has so many injuries from the war that he does not want anyone to see him. Florie has been left for him by his kidnapping brothers. She wants Frantor to be comfortable with her but he has his hang ups. Great story about love overcoming all! Enjoy
Ruth,128,2,5,"February 3, 2023",,,This story reminds me of the pain that no-one sees. Having both physical and mental issues can weigh very heavily. Accepting someone in pain and helping them remember who they can be me wonderful.
Penny Wright,1275,3,5,"February 4, 2023",,,"One of the most powerful emotions is hope as both a driver of change and future betterment. Frantor is an exciting, sweet tale of hope, love, and acceptance of differences. Can’t wait for the next book in the series!"
Donna,15,,5,"February 4, 2023",,,"From Artek and Nelly to Frantor and Florie, 6 great love stories. Awesome world building and in depth characters. I've completely enjoyed all 6 books and can't wait for #7 Gilmont & Julie 😉"
Audrey,76,18,5,"February 5, 2023",,,Another great addition to this series!I was excited to see “Frantor” had been released because I had been looking forward to his story since the first book.
Anne Murphy,180,1,5,"February 5, 2023",,,And each book keeps getting better. I'm just sorry that Gilmat's book will be the end. I truly hope Ms Phillips decides to somehow continue with these characters in a new series. I'd love to 'visit' them as the children grow.
Joanne Clay,7,,5,"February 6, 2023",,,"I am loving these books, each story stands alone but is even better together, so much so I can't wait until the next although I'm going to be sad too as its the last in the seris."
Carolyn Wesner,24,,5,"February 7, 2023",,,"While I have enjoyed all the books in this series, I loved this book best. Frantor learns that he can be loved in spite of his terrible scars from the war."
Caroline,94,3,4,"February 9, 2023",,,"Never judge a book by its cover or in this case an alien. Both suffered and beleive they were not quite right for others. In the end they found out, they deserve each other."
Carol,1618,5,5,"February 12, 2023",,,"Loved Fantor and his ""bride"". Only thing I would have loved, was an extended epilogue. One where she went to town with her husband and set up business changes."
Anuschka-Marie',618,10,5,"February 19, 2023",,,This was my most favorite book in the series. Frantor was the most damaged from the war and seemed the most in need of a special one.I absolutely loved this book!.I received a free copy of this book via Booksprout and am voluntarily leaving a review.
Renee,401,,4,"March 4, 2023",,,I have enjoyed this series so far. Looking forward to what happened with Gilmat and Julie and sadly the end of the series. 4 stars means awesome and will read it only once.
Ann Holden,1183,2,4,"March 9, 2023",recommended,,This is my favorite so far in the series. He is physically damaged as well as the psychological damage all of the “brothers” suffer from. It is a really sweet love story and I was glad they got the HEA they deserved.I want to thank the author for making this available through Kindle Unlimited.
Jenny DaMota,156,,5,"March 14, 2023",,,I wanted to read his story the most. I love the characters and more than that I love how she loves him. There are so many wounded soldiers out there I love the passion in how the soldiers are portrayed. How some pain is seen and others aren't. A must read!
Trescina Bell,491,6,5,"March 26, 2023",,,Awesome read. I looked forward to this one. Florie was awesome for Frantor. I loved how she took her time with him. He needed someone like her to give him the love he needed.
laurenbsanders,40,,4,"April 13, 2023",,,"Who wouldn't like Phantom of the Opera with a happy ending? I've always been drawn to stories where the woman loves the man for himself, not the way he looks. Totally satisfying."
Bailey,342,30,4,"May 9, 2023",forced-proximity；insta-love；love-my-aliens,1,"This has been my favorite of the series so far. I was always intrigued by Frantor's character because he was so reclusive, and I really wanted him to get his happily ever after. It didn't disappoint! Florie was the perfect FMC for him... she was so understanding and respectful of his boundaries while showing him that she cared for him. A very sweet addition to the 7 brothers series."
Claire,1137,19,4,"July 6, 2023",alien-romance；kindle；kindle-unlimited,,"Another good one, Florie and Frantor were a nice pairing. I liked that they had something to teach each other, and how Florie got through Frantor's defenses and helped him accept some of the help he'd refused."
JP,1426,11,5,"September 13, 2023",,,"This is a Wonderful story about how are preconceived emotional scars can leave you a recluse and then someone comes along and looks beyond that 😍. Thanks again Honey, I truly enjoyed everything about this story and look forward to reading more 🤓."
Linda,579,13,5,"September 17, 2023",,,"I have been enjoying all of Honey's stories but this one hit a nerve for me. The Hero of this story was hurt very bad in a war and didn't think he would have anyone for himself. I love the woman that ends up his ""Bride"". JMHO"
Lisa,1638,,4,"October 10, 2023",,,"Book 6 and one I was looking forward to reading and enjoyed, another Insta-love quick read. This had more depth and background to the characters, I felt the pain and heartache and the sweet ending made my teeth ache in a good way!Light and fluffy epilogue."
Joanne,667,1,4,"October 13, 2023",,,"Frantor is scarred badly from being injured in the war and doesn't let anyone look at him but his brothers. Florie was kidnapped and dropped off for Frantor as his bride. Poor guy was scared beyond belief, but Florie was determined. Another wonderful story."
Diana Coley,30,,5,"January 3, 2024",,,"Loved this character. Although this character is fictional, the deep feelings and sense of not feeling whole or deserving to be loved and accepted are very real to many who have served as warriors. Great story."
Gloria,1610,14,5,"February 1, 2023",,,Frantor and Florie are stranded together during a snowstorm. They are attracted to one another but Frantor holds back because he is horribly scarred. Sweet story of two lonely people finding each other.I received a free copy of this book via Booksprout and am voluntarily leaving a review.
effin surrey,1585,18,5,"February 2, 2023",,,Loved this book!! ❤️😭😭 I just want to give Frantor a hug!! I have been waiting for this book and it didn’t disappoint.
Camille,911,5,5,"February 3, 2023",,,Omg! Frantor has always been an enigma. Now his story has been told and although tragic Florie was just what he needed. Totally swoon worthy.
Dr susan,2578,39,5,"February 3, 2023",,,"It's Honey Phillips, so there is graphic sex (duh). But Frantor is a sweetheart, and Florie deserves all the good things. The book is great."
Cecilia,16,,5,"February 4, 2023",,,"I read this novel in one day!! It was really good, heart warming. I can’t wait for the next one in the series!"
Pepsy Gold’s reading place&#x1f339;,954,,5,"February 4, 2023",adorable-child；alien；alpha,,An enjoyable read.
Lonnie,639,28,4,"February 4, 2023",,,"Best of the series so far, I KNEWWWWWW Frantor and Florie would be my faves"
Heather_Readsalot,690,,5,"February 4, 2023",m-f；romance；sci-fi,,4.5 stars
Ti,1140,2,4,"February 5, 2023",aliens-sci-fi,,"A nice happy, low angst love story."
Amy,599,4,4,"February 7, 2023",romance,,I was really looking forward to Frantor's story and it was very sweet.
Teresa Wright,1214,,4,"February 7, 2023",,,"Wow! This was really heartfelt. Frantor was so broken that he couldn't see his worth. Luckily, Florie is a fighter and was ready and willing to fight for him."
Cynthia Jackson,1078,,5,"February 7, 2023",,,"The story is good, the characters are relatable & the romance is hot. I'm enjoying this series very much. I'm looking forward to the last book in the series."
Blue Rose,1356,6,5,"February 8, 2023",,,"I loved seeing Florie help Frantor heal from his trauma and grow as a person. This was so well done. I can't wait for the next, but I'm sad it will be the last."
Luz T,1740,5,4,"February 9, 2023",beauty-and-the-beast；hot-sexy-romance；kindle-unlimited-2023,,Sweet story!
Sarah,891,12,5,"February 10, 2023",,,"Wow this one pulled at my heart strings, I loved it and it made a big impact. Well done Honey Phillips keep up the good work."
Katherine (kh_reads),222,3,5,"February 11, 2023",,,I freaking love this series and will be sad to see it end. I just can't get enough. I'm a huge fan of these aliens and their Brides.
Nancy VanSpunky Reads,1029,29,4,"February 19, 2023",sci-fi-romance,,"Cute story! A sweet monster romance. If you love Honey's books, you will love this! Slow burn. (Sorry, I've been in hospital and this is the best I can do right now.)"
Natasha Macdonald,64,,5,"February 20, 2023",,,"The development of the main characters was nice, could have easily enjoyed another section about their next stage. Short and sweet - perfect hea"
Charlotte,,16,4,"February 21, 2023",,,I enjoyed this installment of the series. The characters are interesting and keep the reader engaged in the story.
Krista,585,1,4,"March 3, 2023",,,"Ah, Frantor gave all the feelings!"
Kristina,39,1,5,"March 7, 2023",,,I can not say enough good things about this series! I love the characters and how they interact with each other.
Sonia Nainwani,513,2,4,"March 16, 2023",,,"Losing his own family, went to war, saving others families and creating his own. Frantor journey is little Emotional 💃"
K,77,,5,"March 27, 2023",,,"Sweet, wholesome and full of emotionsno cheating/owd"
Kristina,2259,61,,"April 7, 2023",,,The fact that I read anything while traveling is in and of itself a miracle.
Chrissy  Loves Books,504,7,3,"April 23, 2023",,,3.75 starsI loved all of the books in this series but this one had me smiling from the first to the last page. Wounded warrior love story
Patty,724,27,3,"April 28, 2023",aliens；books-i-read-in-2023；kindle-unlimited-books,,3.5
Courtney Aguilar,71,1,3,"May 3, 2023",,,Frantor is my favorite brother but the book felt rushed at the end
Carol,896,7,3,"May 23, 2023",,,"This one is a joyful delight to read. Healing a broken warrior, damaged and scarred resonates with so much today. A thoroughly enjoyable read."
Celestial,804,5,4,"May 30, 2023",ex-military；hot；longing,,3.5 stars
Jody,46,,5,"June 4, 2023",,,The best in the series so far!! I really appreciate the vulnerability and the ability to overcome in Frandor and Flories relationship.
Melanie,2662,21,3,"July 22, 2023",books-read-in-2023；kindle-unlimited,,An enjoyable read
Vicky,2103,25,3,"August 2, 2023",,,"Oh, Frantor... Frantor... Frantor... so sad that he saw himself as a monster... so glad that he got his HEA. Much deserved."
Gayle Dickerson,154,4,4,"August 9, 2023",,,I enjoyed reading this book in the series. I liked the characters and the storyline. I think so far this one was my favorite. I still have one more to read.
Mary Roya,943,5,5,"August 15, 2023",,,This was a good story. Thoroughly enjoyed how the heroine got Grantor to trust her. Food is always a good choice.
Fiona Coster,120,,5,"August 19, 2023",,,"So enjoyed the series. I had to let house chores lapse at times. Story has fun, action, love and adult themes. So loved these stories thank you Honey, definite reccomend."
Leonor Perez,52,,5,"September 23, 2023",,,I’m so happy Frantor found his mate and was able to overcome his scars. Love heals all wounds physical and mental.
Jules ,81,,3,"December 18, 2023",,,3.5
Shawn,2645,,5,"January 7, 2024",,,I loved this addition to the fabulous series. I was so curious to get Frantor’s story. He tugs at your heartstrings and Florie was perfect for him. Touching story. Loved it.
Piper,894,6,4,"January 15, 2024",,,"3,5 Stars"
ChattyChik21,2576,,5,"February 3, 2024",,,Heartbreakingly sweet frantor is a pure sweetheart and their relationship was amazingly awesomely sweet and love live love his character
Vidu,350,,3,"February 22, 2024",american；ebook；fiction,,Very sweet!
Rachel,807,2,4,"March 1, 2024",cozy；sci-fi-alien；spicy-romance,,This one and Drakkar are my top two.I love that Florie was so sweet with him and patient. She didn't push or peek. She respected him and let him become more comfortable with her. I loved it.
Rachel,318,7,3,"March 12, 2024",novellas；sci-fi-romance,,MY FAV! Frantor and Florie were so cute together. Love the scarred guy trope always
BLRBabe,944,,4,"August 31, 2023",novellas-short-stories-essays；romance-sci-fi-weird-fantasy,,"Loved the slow build up of the romance between ‘broken’ Frantor and lovely Florie, adorable. 😘"
Hana,140,2,5,"December 14, 2023",alien-love；alien-smut；disability-rep,,"I've read 3 out of 7 of the books in the  this year, and HP is never an author who lets me down, so I wasn't shocked that I loved this one almost as much as  and  books (the only other two I read). To be fair I picked the books I knew Id love and I was right heh.So yeah Frantor's book was pretty awesome. What's there not to love about a snowbound romance. Toss in that Frantor is a bit of a shut-in and he hadn't gone with any of his 'brothers' to pick a wife/bride/mate, and that he is all scarred up and doesn't t want the beautiful Florie to see the monster he looks like on the outside. So yeah snowbound romance PLUS Beauty and the Beast style obstacle to the HEA was totally my kind of jamsauce.And yeah. Really I could wax poetic about why I love HP's sci fi romances but then this review would just go on and on and on and on…"
Diana P,222,8,4,"February 24, 2023",,,"I like this one because she doesn't freak out that he isn't perfect. I like that he gets to be happy too, and that she loves him and helps him heal his inner wounds.My review for this will be basically the same for all of them. I didn't realize it was based on a musical, but they are still good. And they are steamy, so that makes it better. I read the entire series in a couple of days, so I'd say they are pretty good."
jessasreading,227,,5,"February 22, 2023",,,I was really looking forward to Frantor's book. I love a scarred hero. Florie was so patient and sweet. I love this series! I can't believe it's almost over.
