Reviewer,Review Count,Followers,Rating,Date,Tags,Likes,Content
Lindsay,1304,247,5,"April 16, 2023",fantasy；science-fiction,22,"One of the best SF novels I've read in the last year.Looking at the challenges of a non-traditional disaster like climate change through the perspective of people from non-traditional families who lead pretty unusual lives, is quite a brilliant idea. The inclusion of people with genders outside the Western binary is a brilliant added touch. While I was aware of Samoan faʻafafine (fafa), I wasn't as familiar with the Tongan term fakaleitī, in this case translated to the fictional country of Ava‘u.This is one of those relentlessly hopeful books on climate change that remind me of 's work, only I think it's much better done here. There are some magical realism touches here and there, which is going to turn some people off, but frankly, I don't think it's any worse than werewolves on the Moon as in the author's previous series."
Rachel (TheShadesofOrange),2440,3664,3,"February 7, 2023",2023-books；fantasy,17,"In terms of concept, I loved the idea of this one. I wanted to fall deeply into a speculative fiction story mixed with a family epic. The narrative structure and storytelling just did not work for me. A story like this is so dependent on character work and yet I found myself struggling to connect to this family. While this novel still some it's good points, I was overall left disappointed from initial expectations. Disclaimer I received a copy of this book from the publisher."
Alexandra,803,131,5,"February 7, 2023",read-in-2023,13,"I was sent this by the publisher, Tor, at no cost. It's out in late Feb, 2023. My first reaction was and is: What. On. Earth. What did I just read? I mean, aside from ""something wonderful"", which is easy and true, but gives no information. Seriously though I was a third of the way through this book and still had no idea what sort of book I was reading. I was barely even sure of the genre. Fantasy? - maybe? Science fiction? - basically yes, but only once I was about halfway through? Maybe just... fiction? But there were definitely some bits that were too weird to entirely count as mainstream, not-speculative, fiction. Also, it's Ian McDonald. I'll admit I hadn't read the blurb. It's Ian McDonald, and it's called Hopeland... why would I read the blurb? So part of my confusion is my own fault. But having now looked at the blurb it's actually of little to no use in explaining what on earth this is about, so I don't feel too bad. So... the story starts in London, in 2011, during the riots. It's not about the riots, but they certainly set a scene. Raisa meets Amon entirely accidentally - she's racing across roof tops, he's looking for a micro-gig he's meant to be playing at. He helps her win, she invites him to a party with her family, and... it basically goes from there. Occasionally together, often apart, Raisa and Amon live through the next several decades. And see, it's not like they become hugely important politicians or scientists or celebrities - this isn't the story of hugely significant people. It's a story of two people - and their families - living through the consequences of climate change and everything else in the world right now. They have their impact, it's true, and sometimes on a large scale, but more often in the pebble-and-avalanche way. It's utterly, utterly compelling. Raisa's family are the Hopelands - more than a family, really; not a nation, certainly not an ethnicity or religion although with aspects of the latter. It takes the notion of 'found family' to extraordinary and glorious places and challenged a lot of how I think about family, how it's constructed and what it's for. Amon is a Brightbourne, a very different family but with its own legacy to contribute (and his family is where I started wondering if this was a fantasy of some sort). I want more stories like this. It's about the very near future so it deals with climate change - and manages to come out hopeful, ultimately, but not saccharine in any way. It's about people and their failures and their determination to do better, to make themselves and the world better and leave it better for their kids. England, Ireland, Iceland, Polynesia; young people, old people, challenging gender binaries, and playing with Tesla coils. This book is just amazing."
Brittany,1266,133,5,"April 11, 2023",optimistic-cozy-sf；sciencefiction；solar-punk,6,"I seldom get actual goosebumps at the end of a book. I did with this one.I take issue with the summary on this page billing this book as a romance. It is a love story, but it's so much more than a will-they-or-won't-they. The main couple aren't even the main focus of the book. The focus is humanity itself and how we can evolve, adapt, and deal with the future we have dealt ourselves. It is beautiful and brutal and inspiring, with a gratifying section on hydroponics. (I like books with hydroponics). Wonderful characters, epic scope, and just a staggeringly good book."
Anna,1849,829,5,"June 3, 2023",climate-change；fiction；scifi,5,"I've enjoyed Ian McDonald's fiction for a long time:  is a favourite from my teenage years and I also remember  very fondly. So when I discovered he'd written a long climate novel, I was excited to read it. Although climate change is very important to the narrative, I found  happier and more fantastical than I expected. Perhaps I should have paid more attention to the title! I read the whole thing in one day, while feeling under the weather on the sofa. It lifted my mood overall, while also making me cry. This is unusual, as it seems to require sincere solidarity and hope amid disaster. Tragedy alone doesn't move me to tears. But at the core of  are community, love, and human persistence, which apparently do. And it isn't just me:  cried over it too and at  Iain McDonald gleefully claimed that every reader cries at three points. The novel opens in 2011 London during the riots. The initial sections had shades of The Invisibles and , with their cool and stylish depiction of mysterious quasi-supernatural organisations. The main characters are introduced as adventurous youths and as avatars for the spiritual-familial organisations they belong to. Their meeting is quite brief then they split protagonist duties for much of the remaining narrative, which sprawls decades into the future. I enjoyed following Raisa and Amon (all the names in this book are great), both excellent characters with fascinating families. Raisa settles in Iceland, while Amon ends up on the island kingdom of Ava' u. Once the narrative reaches the future, a more whimsical Kim Stanley Robinson style prevails and both protagonists' lives are significantly shaped by climate change. There is limited focus on technology and more on human connections via family (of birth and/or choice), spiritual belief, co-operative projects, music, and culture.  is a wonderfully rich novel, full of vivid images and memorable moments. The fantastical elements are made wonderfully meaningful by their grounding in relationships, communities, and cultures. wasn't the depressing climate change epic I vaguely anticipated, with the result that I had much more fun than expected. I hadn't read an Iain McDonald novel for a long while, so had forgotten that he is above all playful when approaching concepts like terraforming (), contact with aliens (), or, here, surviving climate change.  is a sprawling epic full of beguiling and skillfully explored ideas. Perhaps my favourite themes were the persistence of music over time and family as choice not blood. What a lovely reading experience. Why should climate change fiction always make me feel doomed and hopeless, anyway?"
Michelle,204,,1,"September 9, 2023",,5,"This book was a mess. The first 1/3 was a completely different book from the other 2/3. I was really drawn into the first few chapters and the excitement of the race and challenge and trying to figure out the dynamics of each of the characters. But then things got really weird; I’m a pretty smart person but it’s like the book was written in gibberish—nothing in the middle made any sense. Then suddenly we’re in Iceland and then Greenland and worried about climate change. I wanted the first story—the one about Raisa and Amon and Finn with the Tesla coils and mages in London, not some weird half-mythology half-political migration nonsense in the north Atlantic. It felt like a bait and switch. I should have just dnf’ed it, but I had gone to a lot of trouble to get it from the interlibrary loan system."
Romulus,812,48,4,"April 14, 2024",,3,"Zdecydowanie inna niż dotychczasowe powieść Iana McDonalda. Sam nie wiem, czy mi się „tylko” podobała, czy jest w niej coś więcej. Powinienem odczekać kilka dni i przemyśleć stanowisko. Oceny jednak bym nie zmienił. Zdecydowanie wolę McDonalda z „Rzeki bogów”, czy „Domu derwiszy. Ostatnich dni Cyberabadu”. Mimo to zaskoczyła mnie przystępność tej powieści i tempo czytania. Tyle ogólników. Może kiedyś dopiszę więcej."
Mitchell Friedman,4990,202,4,"February 6, 2024",climate；fantasy；fiction,3,"Pretentious. Ponderous. Long. Sweeping. I started this what feels like a long time ago, according to goodreads it was almost 4 months ago. I read 60 pages and put it down. I picked this back up a couple of days ago. There is a lot in here. Long time. Climate change. Climate migration. Definition of family. Of gender. I read somewhere that this book was started twenty years ago, I haven't been able to confirm whether that was true. The book definitely changes. And then changes again. And again. Mostly we follow the two started with. Raisa and Amon. Presumably this could have been edited down. Presumably the arcmagery and tesla coils were extra. And this didn't completely work."
Joel,624,14,2,"June 21, 2023",,3,"I’ve said it before and, sadly, I’ll probably say it again: I’ve got to remember not to take Corey Doctorow’s book recommendations. This is fine, as optimistic solar punk goes, but the problem with optimistic books about humans is that without an antagonist they’re just meandering series of events. In a book this length (as contrasted with anything by the wonderful Becky Chambers) it’s just a slowly emmiserating slog."
Ian Mond,588,92,,"January 22, 2023",,3,"23 years in the writing. The first section is all London riots, Tesla coils and eccentric families. When you get past that you’re presented with a visceral and dramatic novel about the anthropocene and climate refugees. Recommended."
Scott McNulty,,340,5,"January 21, 2023",,3,Incredible.
Daniel,767,59,,"June 12, 2023",own-unread,3,"Yay! $2.99 on kindle (US) June 11, 2023"
Mark,597,169,4,"February 3, 2023",,4,"Coming off the back of Ian’s Luna Trilogy – a sort of Game of Thrones on the Moon – I was really looking forward to another complex and intelligent science fiction novel.Hopeland is certainly that – a big story of a secret community, with an emphasis on relationships not bound by geographic boundaries or time.As I expected, the prose is lyrical and dense, at times mimicking James Joyce in its near-stream of consciousness, referencing pop culture and complex ideas often in the same sentence. It is also wide-ranging, going from London to Polynesia and Iceland, amongst other places. It is definitely a book you need to focus on. There are also some wonderfully invented ideas too – whether it be electromages or Euston, Ian describes things in considerable detail and with great enthusiasm. It is a well-thought-out novel. My immediate thoughts were that it reminded me of Neil Gaiman’s Neverwhere in its visual descriptions and Michael Moorcock’s Dancers at the End of Time or even the character of Jerry Cornelius in its joyous enthusiasm.For all that I can see Hopeland as perhaps being Ian’s best work – and I am sure that there will be other readers who love it – I liked it, rather than loved it. Frankly, there were times where it became a slog, where I just wanted the plot to get on with it. Midway through I found myself intimidated by the book’s length, the dense prose, the randomness of the plot, the number of characters. I found many of the characters stubbornly unmemorable, and worse, there were times when I didn’t care what happened to them, or the situations they were in.And for all of its detail and flair, its complexity and its widescreen vision. at the end, having read it, I doubt I will ever go back to it, even when I can see it being nominated for - and winning – future awards.In short, I had high hopes for Hopeland, but in the end I felt strangely deflated.But I do look forward to his next one!"
Pedro L. Fragoso,692,57,3,"June 12, 2023",,2,"“Love falls from the summer sky.” Beautifuly written, masterly delivered, and I just couldn't care less about the people and the (quite epic and eventful) plot. I'm pretty sure it's me.As I said, the writing is simply peerless: “His hand goes to the leather satchel, soft as kisses from age and love.” (...) “Soho ignores helicopters, breaking glass, rattling shutters, jeering voices, the fact that this is the year 2011.” (...) “for the night is dark and we must have soup” (nice one!) “Wandsworth was evaporating house by house; whole streets bought up and embalmed for investment.”On another note, I found the gender approach ridiculous, the mandatory Elon Musk bashing superfluous, the blockchain dress down unintelligent, the stupidity of the billionaire class a bit over emphasised. There are two Heinleinian principles well developed and welcome, from which we get that hope and love are nice and good and we'll be ultimately able to save ourselves. These are (a) that people are fundamentally good and decent (“I believe in my fellow citizens. Our headlines are splashed with crime yet for every criminal there are 10,000 honest, decent, kindly men. If it were not so, no child would live to grow up. Business could not go on from day to day. (...) I believe in the unseen and unending fight against desperate odds that goes on quietly in almost every home in the land. I believe in the honest craft of workmen. (...) I believe that almost all politicians are honest ... there are hundreds of politicians, low paid or not paid at all, doing their level best without thanks or glory to make our system work. (...) And finally, I believe in my whole race. Yellow, white, black, red, brown. In the honesty, courage, intelligence, durability, and goodness of the overwhelming majority of my brothers and sisters everywhere on this planet. I am proud to be a human being.”) and (b) that “we have come this far by the skin of our teeth. That we always make it just by the skin of our teeth, but that we will always make it. Survive. Endure. I believe that this hairless embryo with the aching, oversize brain case and the opposable thumb, this animal barely up from the apes will endure.”I should have liked this much more than I did, that's for sure. Anyway..."
Frank Reiff,16,,3,"May 27, 2023",,2,"This is a book full of wonderful ideas, prose, characters, but it is also a slog to get through. It’s not quite a novel, more like a collection of micro narratives with recurring themes and characters, the whole thing connected together mostly by the passage of time. There is a beginning, a middle and an end, but the beginning is too slow, the middle devoid of significance and the end is too long in coming. As a novel it simply doesn’t quite work, a discussion of pacing seems almost besides the point. Overall it’s never quite clear why you should care. All that being said, it has a quiet, patient music all of its own that I think will stay with me for a while. It’s not a waste of time, but it asks much of the reader and gives back only slowly and on its own terms."
David Harris,967,31,5,"March 18, 2023",,1,"Hopeland is a fierce storm of a book, a story on an epic scale - covering thousands of miles and centuries of time, and also satisfying chunky in the hand. Yet it still has plenty of space for the personal and the small. No, it is the personal and the small - used to tell a big story.We begin in 2011 as riots engulf London. Amon Brightborne - aka Tweed Boy - a young Irish musician from a wealthy, old established family, is booked for a select gig but unable to find the address. Instead he find Raisa Peri Antares Hopeland - or perhaps she finds him. Raisa is engaged on a sort of parkour selection challenge against the shadowy Finn, the winner to receive a sought-after role in the extended Hopeland clan. Each is to cross London, one from the north, one from the south, not deviating more than 50 metres from an invisible line, the aim being to reach a certain rooftop first. And Raisa is losing - until she enlists Amon to help.And there, at one level, you have it - like a system of three stars in motion, Raisa, Amon and Finn will weave complex, unpredictable paths through two decades and more, and their perturbations will ring down the centuries. That's the book. At another level of course we have only just begun. We will learn about the Hopelands - a chaotic, sprawling ""family"" ('Don't fall in love with my family!') which anybody can join, across time, space and cultures and which has its own centres, or 'hearths' everywhere, its own ways of doing things, even its own religion. We will also learn about the Brightbornes, a formidably eccentric clan whose house can't be found unless somebody shows you. Some magic there, surely, but it's matters of fact magic. When Brightbornes encounter Hopelands, what might happen?The setting in which that encounter takes place is a world that's increasingly restive as weather, populations and trends are increasingly disrupted by climate change. The book takes us to Iceland, to Greenland, to the Pacific kingdom of Ava'u and to points in between as humanity struggles to move into its future. I might use the term ""sprawling"" for this book except that might imply something less disciplined and focussed than Hopeland actually is. Better perhaps to say that McDonald is happy to set things off in one direction, then jump several years and three continents to pick up the story elsewhere, trusting the reader to make the leap with him - which I always did, not least because of the gorgeous writing and command of emotion and pace that Hopeland displays. I'm not going to quote bits to illustrate that, I don't know where I'd even begin, you just have to read this and experience the rhythms, the lists (THE LISTS! They are nothing short of poetry!) the almost sneaky way the text comes back to the same point from different directions, the range of reference (McDonald calmly suggests that the word ""Padowan"" used in Star Wars lore for an apprentice may actually have been lifted from the Hopelands...) The book is like a feast and simply gives so much (my favourite section perhaps being the one where a whisky soaked and self pitying Amon, exiled in Ava'u like a figure out of Jospeh Conrad, or perhaps Graham Greene, becomes involved in political chicanery, a subplot that many writers would base a whole book around).What else? Corporate and geopolitical shenanigans, the squabbles of gods and an element of possible fantasy or magic that is very much part of the texture of the story but kept as subsidiary theme. Again, any other author I can think of would make 'electromancers' fighting duels with Tesla coils across the rooftops, and declaring themselves the protectors of London, the centre of the story. Or else the cursed family with its own haunting spirit. Or... Instead, here those things are real and important but very far from being at the centre of things, rather they deepen and add weight to what is a glorious, complex and engaging story, one that creates an entrancing world of its own and one that it is simply a joy to visit. And McDonald dares not to give answers to some of the mysteries here. It's just the way things are, alongside all the other marvels of Hopeland - the water driven musical engine playing its thousand year melody, for example. In short, Hopeland is a book that simply draws one in, a wonderful book full of so much. I strongly recommend it."
Agnieszka,126,6,3,"February 10, 2024",,1,"3,5. Bardzo ciekawe połącznie steampunka i SF bliskiego zasięgu, z istotnymi wątkami muzycznymi (między innymi). Koncepcyjna różnorodność jest jednak imponująca na krótką metę, na dłuższą poszczególne wątki i motywy trochę zjadają się nawzajem. Niemniej, było to bardzo ciekawe doświadczenie czytelnicze.Lektura Hopelandii okazała się przeżyciem fascynującym i frustrującym zarazem. Ponoć ta powieść powstawała przez wiele lat, co stanowi pewne wyjaśnienie jej wewnętrznej niejednorodności. Ale niewystarczające, przynajmniej w moim odczuciu. O ile tekst ma w sobie sporą dawkę chaosu, to ja swoje czytelnicze refleksje spróbuję mimo wszystko uporządkować.Przede wszystkim mamy tu do czynienia z kilkoma odrębnymi opowieściami, z których każda ma własną stylistykę. Już to może być dezorientujące, zwłaszcza dla czytelnika przywykłego do obcowania z literaturą gatunkową i w przypadku tego autora nastawionego na otrzymanie SF. Zanim bowiem zacznie się SF bliskiego zasięgu, mocno zanurzone w kontekście nieuchronnych zmian klimatu, dostajemy steampunkowe love story, splecione z wątkami magii elektryczności i czaru wieczystej muzyki. Z szeroko otwartymi oczami śledzimy pojedynek o cewkę Tesli między dwojgiem elektromancerów, koligatów w ramach przedziwnego quasirodzinnego tworu, opartego na wyborze przynależności, a nie na więzach krwi, jaki stanowi tytułowy klan Hopelandów. W ten pojedynek całkiem przypadkowo zostaje wmieszany Amon, młody muzyk, który natyka się na Raisę Hopeland w trakcie wyścigu po londyńskich dachach.Ten początek ma w sobie niesamowity magnetyzm i dlatego tym bardziej szkoda, że oba te niezwykłe wątki - elektromancerów i naznaczonej przekleństwem Łaski rodziny Amona - bardzo szybko schodzą na dalszy plan. Autor wraca do nich na moment, gdy jest mu to fabularnie potrzebne.Cała reszta to SF bliskiego zasięgu, w której pierwszoplanowe role odgrywają kwestie transformacji energetycznej, klimatycznego uchodźctwa i jego politycznych konsekwencji, przetrwania niewielkiej wyspiarskiej społeczności, którego ceną okazuje się rezygnacja z narodowej tożsamości. Wszystko to są kwestie bardzo ciekawe i ważkie, podobnie jak problem niejednoznacznej genderowo tożsamości płciowej (Hopelandowie także do tej kwestii mają nieortodoksyjne podejście - ich dzieci są po prostu dziećmi, póki same nie dorosną do tego, by określić, kim chcą być - chłopcami czy dziewczynami).Niemniej, jedna część do drugiej średnio przystaje konstrukcyjnie, mówiąc łagodnie. Co samo w sobie nie dyskwalifikuje całości, bo nikt nie mówi, że powieść musi być ortodoksyjna formalnie. Ale mam wrażenie, że na tym niezdecydowaniu cierpi kreacja postaci (poza Raisą, która oba wątki splata, i pojawiającą się na pó��niejszym etapie leiti Kimmie, której indywidualność jest bardzo silna).W efekcie całość mogę podsumować jako interesującą i niezłą, ale zdecydowanie bardziej doceniam pomysły i wątki niż samo wykonanie. Niemniej, ta powieść, zarówno z uwagi na poruszone tematy, jak i strukturę, niewątpliwie pasuje do założeń Uczty Wyobraźni."
Ken Richards,768,3,4,"February 7, 2024",,2,"4.5 stars'Hopeland' is the sort of book we need so much in these troubled and fractious times. It dares to imagine connections beyond the tired violent tribalism of nation states. What if there were connections that supplanted and superseded those, which were on a person to person level rather than one mediated by representatives or tyrants who come to believe their own mythologies?'Hopeland' does this by following the trials and trepidations of two souls. Of Raisa Hopeland and Amon Brightbourne. And their families. There are curses and boons aplenty. There is electricity and Tesla coils where the lightning is summoned and controlled. The reader navigates the twined stories which, whilst they may start off in London (though on the rooftops in a riot), afterward they take us to many unexamined places. To Iceland and to a melting Greenland. Through climate change and vegetable growing business startups to reforestation. To harnessing the energy of volcanoes. And also to the islands of the South Pacific and the threat of devastation caused by an ur-cyclone in the fictional country of Ava‘u (based on Tonga). And all of these unusual families have diverse ways of living and building their connections. And it is joyful and hopeful.As Raisa on at least one occasion warns her suitor. 'Don't fall in love with my family'. It is enough to fall in love with this book."
Jaime,504,22,4,"February 7, 2023",,1,"This was such an interesting sci-fi read! I’ve been reading a bit more sci-fi books lately and I thought this was a pretty good one. I really liked the author’s writing style and I liked the characters in this book. There were times where this book felt a bit long, but overall it’s a good one that I think sci-fi lovers should enjoy 😊"
Dan,427,3,5,"February 26, 2023",,1,"Part secret history urban fantasy, part near future SF, all written in wonderful prose, how this book starts is not where it ends. It’s a picaresque novel of climate change, taking us from the South Pacific to Greenland, via a riot torn London and a sprawling Irish family estate that isn’t always there. Deep and complex, but powered by likeable and well drawn characters, it’s quite the journey, and one you will not regret taking. Has to be in the conversation when awards time comes round."
Richard James,75,,5,"May 11, 2023",,1,I love the way it starts with a “hidden London” trope but surpasses all expectations with its tilt into a beautifully written exploration of joyous survival in the Anthropocene
Katherine,1199,17,5,"July 19, 2023",2023；eco-fiction；fantasy,1,"What a wonderful book. I've liked McDonald since his Luna series, and when I saw that he had a new book out, I had to give it a try. This takes several threads and concepts from other recent books and spins them in a different way. You have some of the social organization ideas from the Terra Ignota series, and what feels to me like a definite influence of Kim Stanley Robinson's utopian near future ecofiction. It's all spun together with a little touch of magic, and some exploration of parts of the world that most people are less familiar with. I love how it deals with gender, and climate change. I also love some of the digs at some recent trendy technologies like crypto. It treats them with the suspicion that they deserve. Altogether an engrossing read."
William,336,17,4,"January 21, 2024",,2,"I think the best way to summarise this is that is it showing how two very different families, each with their own obsession, try to find a way to prosper in a turbulent 21st Century. The Hopelands are trying to build a multinational 'family' where kinship is based on choosing to join the family rather than any biological connection while the Brightbournes are trying to create things that will last for generations. Throughout the book there is a love triangle between members of the two families, I think the actual question of who ends up together is not the interesting part of the book but it does drive most of the plot due to the characters taking inspiration from each other's families. As the book goes on an increasing amount of it is focused on the impact of climate change, particularly on the Arctic and the Pacific Islands, with the Pacific plotline becoming the most compelling part of the story. It is a long book with a lot happening in it, including some occasional fantasy elements, but I thought it did justify the long length."
Simon B,321,11,3,"March 11, 2023",,1,"This begins as a fast-paced urban fantasy, then progresses to become an ambitious cli-fi saga. The story is animated by a complicated love story involving (not exclusively) the electrifyingly spunky Raisa Hopeland and the cursedly fortunate Amon Brightbourne. McDonald's unique writing style is a real feature of the novel. His concise and spare sentences are routinely intermingled with carefully-wrought metaphors: like a cross between Ernest Hemmingway and James Joyce. There some really gripping descriptive passages too, including of a global warming-supercharged cyclone as it hits a South Pacific Island. Ian McDonald has written so many straight-up, sci-fi masterpieces that I'll always read anything he publishes. This is a good novel: it's fun and serious. Yet this long book at times felt unfocused and hard to get through. In particular, the tempestuous relationship between Raisa & Amon - so central to the plot - seemed underdeveloped."
Cameron,53,1,2,"July 7, 2023",,1,"This is an interesting anthropocine climate novel that looks at both utopian and dystopian aspects of society, and seems inspired by authors like Kim Stanley Robinson, Octavia Butler, and Neal Stephenson. Unfortunately something about the characters and narration didn't work for me. Compelling themes are there, and a lot of the story beats were really compelling, but it seems like all the interesting bits were glossed over or introduced and then not developed further. Characters seem to just do things, because it moves the story from place to place, or otherwise things just happen. Characters motivations and feelings didn't work for me."
Andrew Shultz,13,,1,"April 29, 2023",,1,"At 3/4 of the way through I have only briefly cared about anyone or anything the author has presented. The stakes are clearly supposed to be massive and yet are massively unclear. Every now and then a beautiful idea appears, and then we run way from it. I have loved some past Ian McDonald books, but this one put him on the ""buy only at a discount"" list. DNF."
Peter,630,24,2,"October 31, 2023",,,"Amon Brightbourne has led a charmed life, an ancestral gift of luck bestowed by a ghost, as the story goes. When he meets Raina Hopeland, he thinks it's just more of that luck, but she's not like other people he's met... she's one of the Hopelands, a family/religion/way of life, something like if Tesla and the Utopian thinkers of the era around him collaborated to create a cult with a steampunk aesthetic and no coercive elements. ""Don't fall in love with my family"" is the usual advice to outsiders, although people do and join. Amon, however, isn't quite as lucky as he first thinks, and as over the decades he and Raina drift in and out of each other's orbits they also can't quite let go of each other.This book was a very weird experience for me. Because, I liked some of the themes. Many of the characters I found very compelling, and I was quite interested in seeing about whether they'd reconnect again, and how (although, to be candid, I found Amon himself to be a kind of a bore and kept hoping he'd be pushed aside for someone more interesting). The concept of the Hopeland family itself was fascinating and I loved it as a worldbuilding exercise in creating a different, but believable and perhaps functional, society that exists within our own. Similarly the exploration into different views of gender and sexuality and romance. So many elements I liked, I just... wanted those elements to be in a story I found much more interesting. I did not find the story as a whole interesting, even though some of the parts I did, I kept wishing those parts were explored in some completely different kind of plot. I think the problem is that this is, fundamentally, a cli-fi story. It has other elements, certainly, but like a romance can have sci-fi elements, and a sci-fi can have romance elements and yet still distinctly fit in one category more than the other, this feels to me like it was intended as a book of climate fiction. And, although climate fiction is a subset of sci-fi, it's not my favorite. For me, it works kind of like romance (again, for me)... it's fine--even occasionally very well--as a seasoning for other stories, when that's the POINT of the book, unless it's done very very well, I don't really want to read those kinds of books. Romance because it reminds me of my own incompetence in that area to read something focusing on love affairs that, even in the face of complications, will get a happy ending, and in cli-fi's case, a nearly opposite problem... because I'm worried enough about them in the real world, I don't want to focus on them when I'm escaping into fiction. In Hopeland, I started out interested in the book... I just did not give a damn about the hurricanes or decreasing ice levels in the arctic zones. I kept expecting--hoping--all the elements I DID like to cohere into a story I was interested in, but instead the book insisted on forcing me to keep thinking about consequences of climate change, with only the faintest bits of other material to excite me. And that made the book kind of a slog (particularly because so much of it was just general characters living their lives--again, something I might love in a book where I'm interested in the situation that surrounds their lives, but I need to be interested first). It probably didn't help that certain elements of the book at least edged on 'mixing supernatural into my science fiction' (I still don't know exactly how much of that I wanted to take seriously) and all the focus on music (among all the other personal details I've revealed to caveat this review, I'm also a freak who doesn't seem to really get much pleasure from music and as such am not all that interested in it as a story element). Basically the book interested me at the start and at the very last chapter, but I wanted the last chapter to be stretched out into book length and skip the build up.All that makes this book particularly hard to rate. Because, as I said, I did really like certain elements of it. If you removed those elements, it might even be a rare (for me) 1 star. They are there, though, so... I don't know. Giving it two stars feels a little unfair, too. I still feel like 'it was okay' is the words I'd use if asked about the book, which means 2 stars, even though when I think about the book I'll remember all the stuff I liked, so maybe rounding it up would be fair. If only we lived in a future with the technology to score half-stars on Goodreads. Maybe in a thousand years.Until then... I enjoy the author a lot in the right story, but this wasn't the right story for me. 2 stars."
Charles,544,93,4,"April 26, 2024",sci-fi,9,"Magical Realism/Cly-Fi/Romance crossover. Raisa Hopeland and Eoman Brightbourne both gifted members of non-trad families, meet and separate several times, over 20-years across a future Earth worst affected by the climate crisis.Full disclosure, I'm a fan of this author. However, I’m not a  one. Some of his books really shine, and others don’t. In some ways, this is his best work to date.My audiobook was about 19 ½ hours. A dead tree version would be 650 pages. It had a 2023 copyright.  is a British author of more than twenty adult and YA science fiction novels. I have read several of the author’s books. The most recent being  (my review).  was the narrator. She did a fine job, with her broad range of voices. This was abetted by the large number of female characters, and the Raisa Hopeland protagonist.I’m not a fan of . I’m seriously interested in . I have no interest in . However, this unlikely, quirky, combination of genres focusing on the long-term relationship between the brilliant organizer Raisa, who can begin anything, but completes nothing, and the musical genius Eomen whose masterpieces are , created for audiences of one, targeted, person, surprisingly worked. The couple were forced apart by  circumstances. They  and eventually apply themselves to create a better future for those worst affected by the climate crisis.This story reeked of , particularly at the beginning. The Earth is alive with: Spirits of Nature, Gods and ghosts. The Spirits of Nature, were particularly riled by the depredations of the Anthropocene. Fortunately, as the story gets long, the spirits fade into the literary background. The non-trad: gender-fluid, ethnically diverse, stateless Hopeland’s nation and the cursed, Brightbournes with their genetic pleiotropy for music made this a story about families. As the star crossed lovers circle the planet there is a compare and contrast with trad family in: the UK, Iceland, Greenland, and the South Pacific. McDonald has a long-term theme that appears in many of his books. That is, that as the world changes, that traditional human organizations (family, clan, tribe, nation, religion, political party, corporation, etc.) may not be suitable to the new circumstances of a changing environment (physical or otherwise). This story's family theme furthers that.The climatology, meteorology and future-tech were to the author’s hard-ish science fiction best standards as he looked-out 20-years into the future. I read a lot of Cly-Fi. This is amongst the best I’ve read. The future-tech was also a very credible extrapolation into the next 20-years, of a planet where  were taking concerted steps to decarbonize.Amon and Raisa’s spend more time apart than together in their relationship. It was an example of how love can endure even when couples are separated for long periods of time. Their romance reminded me of  or . This was a flavor of the genre I could live with.I was frankly surprised at how well this book went over with me. That is, despite the large  needed to accept the Gaiman aspect of it. However, the science fiction was remarkably solid, and kept me in the game. It’s amongst the best Cly-Fi I’ve recently read. While there were no tears shed for the lovers, I did give a big  over the HFN. In summary, this story was a deft combination of three unlikely genres that worked.Recommended."
Djflippy,53,,4,"March 4, 2024",2024-reads；owned,,"Hopeland is very, very good. Ian McDonald is a Science Fiction author living in Belfast. He imbues is work with the the punk rock playfulness of Snow Crash and demonstrates the impeccable research of most every other Neal Stephenson novel. He combines this with the climate awareness of Kim Stanley Robinson, but he is never preachy and it simply feels like a part of life.You will find scintillating Electromancer guilds with Arcmages that tear Lightning from the skies using monstrous Tesla Coils, installed atop ancient satanic churches, to keep demons at bay. You will discover hydro-powered music machines that play a single song that lasts a thousand years. You will become a part of this world.McDonald is one of the most culturally aware and culturally progressive SF authors writing today. His River of Gods series (which is brilliant) takes place in India and it is a very believable extrapolation if its future. The same is true of Hopeland, but it takes place in many locations from London to the Polynesian islands, to Iceland, and Greenland.McDonald presents a world to us that is multi-gendered, where kids are not even referred to as a girl or boy until they understand who they are and decide for themselves how they want to present. In fact, gender is so fluid a child can create their own gender. We experience the world through the diverse and directed life of the Arcmage, Raisa Hopeland, the female protagonist, as well as potential suitors that include a nerdy DJ, she refers to as “Tweed Boy.” It is an astounding tale, but be aware that moving through several future versions of today’s world, language and all, can become a bit complex, but it is worth it.Here is an excerpt of his writing:“Here she met Ocean. Ocean overwhelmed her. Ocean admitted no equals. It rejected Raisa's questions. It was pure surface. It had no sound. no music. Its colours it took from the sky: gun-barrel grey, flecked with white. It had no shape except the constraint of gravity and the whip of the winds across its surface. Los Ascending rode northward on train after train of sharp, white-capped waves. Raisa crossed the pitching deck, steadied herself on the rail. She wanted to look beneath that perfect surface. Ocean did not permit that. She felt the depths, the strata of water darkening until the last photon of sunlight was swallowed. She had watched the horror movies that were deep-ocean nature documentaries. Nightmares haunted the dark, stalking, waiting, luring. Whale-corpses sank to the abyssal plain and fed squirming ecologies of maw-worms and death-prawns.Down there, beneath her feet. She knew you were not any more drowned in a thousand metres of water than in one. Yet she dreaded the deep. She feared the loneliness, a solitary soul sinking like a whale to the basement of the planet. A sea-going kynnd once told her it could take up to forty-five minutes to drown. A long time to spend staring at the dwindling light.Ocean made her, this boat, any ship, an atom. Ocean was not majestic, not awesome. Those were human conceits. There was nothing human about the Ocean. It was neither oppressive nor generous, hostile nor quixotic. It was chemistry, pure and blind.”"
Dan Trefethen,914,44,5,"February 22, 2023",climate-fiction；fantasy；science-fiction,,"“Don't fall in love with my family.”That's what a number of the Hopeland family members say to people they meet, and then darn it all, it happens again.Hopeland family is found family – while some people are born into it, most of them are adopted into it by choice. It's a loose affiliation of people who share a kind of religion, but it's not cult-ish; there's no central figure that controls things, people are spread all over the world, and everybody is a star – at least, they have a star (like Vega or Altair) in their Hopeland name.OK, that's the context. But the real appeal of this book is the interaction of characters and development over decades (and beyond, at the epilogue). Raisa, for various reasons, flees to Iceland and ends up developing a conglomerate that takes advantage of the abundant geothermal power there. Climate change is forcing people to look to the north, and the people who already live there (both in Iceland and Greenland) are now in a powerful geopolitical position.Shift to the South Pacific, where Amon Brightbourne (father of Raisa's child Alti) takes up residence on the island (and kingdom) of Ava'u. Climate change is going to affect Ava'u too, and leads to an exodus that brings these far-flung places together.That's enough about plot without doing real spoilers. Now let's talk about resonances.The Brightbournes, and their house, reminded me hugely of the Drinkwater house in John Crowley's Little, Big. Including a ghost. By itself, the Brightbourne house and clan (and their musical ambition) is a marvelous creation. But the Hopeland family reminds me of the technologically based communities in some of Bruce Sterling's work. A central core of the Hopeland family controls Tesla coils, and are Arcmages of electricity. It has a sort of steampunk feel to it. This is part of the reason Raisa quickly identifies the possibilities of power in Iceland.There is a fair amount of gender fluidity also, especially with Raisa's child Alti, who starts out as a non-gendered 'kid' (as all Hopeland kids do), then becomes a boy, then becomes multiple, both a he and a hé. Just what a hé is, is a little undefined (although hé looks fabulous). Alti is one of the more intriguing characters, and possibly the foremost expression of what it means to be a member of the Hopeland family.This book is an amazing accomplishment. Although I cited resonances that remind me of others' work, the creations are entirely McDonald's own. The amount of research it must have entailed into things like geothermal power generation, South Pacific indigenous societies, and a variety of things such as clockwork mechanisms, is astonishing. In past books McDonald has immersed himself in other societies (India, Brazil, Kenya), but in this book he flawlessly combines a multiplicity of societies, some historical and some created, in a plot that seems timely and also timeless.This might be his magnum opus."
Tanya,1055,18,5,"September 4, 2023",c21；c30；climate,,
Bradley,,4389,5,"June 13, 2023",2023-shelf；sci-fi,12,"I fell hard for this one. I fell deep into this one.I can totally understand why some may not, but for me, it just worked. First, the language. I've always been a fan of Ian McDonald, but he really pulled out all the stops, giving me a loving taste of Mysterious London a-la Gaiman or even Alan Moore, keeping it fast paced and quirky and delightful. Add a little magical realism with the Brightborn family - wonderfully musical and cursed by luck, and the Hopeland family, ideologically adopted, totally electrical street performers, and many, many thousands strong across the world.While it has a little romance and a little tragedy, I don't really see this as a genuine star-crossed lovers kind of romance. Not at all. Their lives are beautiful, whether they are together or apart. This is more of a FAMILY saga, one that keeps developing, adapting, growing stronger even while the world changes so much.And that's where the real core of this novel comes to play: The world itself, from the early early days of the Hopeland people to where we really follow our MCs in the early 2010's, and how they grow older, change to the ecological disasters and upheavals deep into the 2030's and beyond.Yes, there is a future history here, too, but it's not the science fiction aspect that I loved most -- it was the amazingly optimistic view of humanity.I found myself marveling at the idea of Hopeland -- a community that accepts anyone, of any mindset, race, orientation, ANYTHING -- that prides itself on being a Family of choice -- that just does WHATEVER THAT WORKS.It's the adaptability, the optimism, the insistence that they will be strong and around, helping each other out 10,000 years in the future. Easy to join, impossible to leave, because family is always there for you.Truly. It's rather beautiful. Especially today, when it feels like everything is falling apart, this kind of sheer optimism rather destroys me. And it's this, more than anything, that makes me say, ""Hey! Ya'll! You should read this! We should make this happen!"" Plus, becoming a ball of lightning for shits and giggles is hella awesome."
Rob McMinn,131,5,4,"August 5, 2023",,,"A weird one this, not sure what I make of it or even whether you’d file it under a particular genre. The most recent McDonald novel I read was Luna: New Moon, which I found dissatisfying. But I’ve read other works by him that were thought-provoking and full of brilliant ideas.Call this science fiction: it is concerned with the future, with the climate, with what happens when whole nations get destroyed by weather. It is also concerned with a different conception of human relations: not a nation; not a cult; not a religion. Praxy not doxy: what you do, not what you believe. On one level, Hopeland reminds me of Robert Charles Wilson’s The Affinities. Call it science fiction then. Not just climate science and speculation about the future, but the social sciences.But also, call it fantasy: it begins with Tesla coils, with lightning and a kind of magic and people who can talk to storms. And it begins with an apparition and a kind of supernatural luck, which (like all magic) comes at a price. And locations which are there-not-there, and gates which appear the third time you drive past.But also: MacBooks, and Ableton, and cryptocunts and server farms.And this is what I’m not sure about, because this blending of fantasy-romance with speculative science fiction is kinda like the thing those literary novelists end up doing when they try to write genre.And also: this is a long book (648 print pages!) which is written in a light and breezy easy to read style, which gives the reader a rapidly moving, sweeping camera eye that can pass through scenes and cover decades of time while at the same time stopping to research how you might get geothermal energy from a volcano, how you might reforest the North, or preserve the history and culture of Polynesia. All of which is like another triple-named speculative fiction writer: Kim Stanley Robinson. And so at times this reads like The Ministry for the Future, which is a book I think everyone should read.Do I think everyone should read this? It’s not quite as clear cut. McDonald wants to give us Hopeland, but it’s very hard to have hope at the moment."
Jim Mann,689,3,5,"August 14, 2023",,1,"Ian McDonald’s latest novel, Hopeland, is many things. It’s a fantasy novel with a strong science fictional core. Or it’s a science fiction novel with elements of fantasy. It’s an examination of new ways of making a family, and it’s an exploration of gender. It’s a great piece of climate fiction, and a novel about how we can cope, how we can do better, as the world gets more hostile. Music plays in important part. So does planning for the long term. And there are even elements of steampunk. All of this in a novel with a compelling cast of characters, told in a beautiful, literary style. It’s not a fast read — at least not for me, as I found myself slowing down at points to appreciate the prose — but it’s an enjoyable, fulfilling one. This will certainly be on my Hugo nominations ballot next year. The story starts in London, in 2011, where we meet the two main characters. Amon Brightbourne is a musician and composer, and, as we soon learn, someone who has been touched by a charm that makes things always work out well for him but not well for anything or anyone he hangs around with for too long. He meets Raisa Peri Antares Hopeland, who takes his phone, because hers is running out of power and she needs its mapping power to win the race to become a new arcmage, an Electromancer, someone who controls one of the great Tesla coils that protect the north. She is part of the Hopeland family, a vast extended family, that really redefines the whole concept of family. At this point, the novel feels like a fantasy (I thought of Little, Big a few times as I read these first chapters), with strong steampunk elements. But soon Raisa flees to Iceland, where becomes involved in the efforts to use the vast geothermal resources to first improve the local economies, then address the world needs in response to climate issues. And Amon travels to a small Pacific island, where he becomes part of the community and is important when a climate disaster strikes that community. I just finished Hopeland, and I’m sure I’ll continue to think about it for days to come, and have yet more thoughts about what it says. Highly recommended."
Jacqie,1749,94,4,"January 31, 2024",aty2024；color-coded-challenge-2024；netgalley,2,"Around the World in 52 Books 2024: 20. a book with a single word title.Color Coded Challenge 2024: BlueThis is a difficult book to describe because it's not really about the plot, it's about the exuberant feel of the book and enjoying the characters in it.It's also a book about different ways of doing family. The family Hopeland is chosen family, a great clan that stretches around the world. If you run across a Hopeland who reveals their family to you, the warning is always ""don't fall in love with my family"". But if you do, and if you see the signs, then you can be Starred (receiving your own star name to place yourself in the family constellation) and belong, always, to these loving, creative and provident people.A Hopeland runs across a Brightbourne and these two families swing into each other's orbits. Hopelands do connections, Brightbournes do time, and these two skillsets coming together just might save the world. The Brightbournes have built a musical instrument that plays a song that will take 1000 years to complete. The faith in having something last for that length of time is aspirational and hopeful.Hopelands and Brightbournes come together and apart. They build in their separate mediums but collaborate in a giant climate rescue effort and social experiment that will affect the entire world.McDonald loves showcasing different cultures and this book travels from Britain to Iceland to a small South Pacific island. People are people, wherever they are and however they live, he seems to be saying. This book is about immersing yourself in the idea of these social constructions to see the possibilities. There's a hint of mysticism. The book is a little saggy because it's very much a journey-not-the-destination read. I never attached to Amon and there was a bit too much about him for me, but so it goes. In these times, it's nice to read something hopeful for building something that will last."
S.E. Sasaki,,85,5,"April 26, 2023",all-time-favourite-reads,,"HOPELAND is Humanity's HopeHOPELAND is a massive, world-spanning, multi-century-spanning book, that gives the reader HOPE that there's a way forward for humanity. With climate change fuelled by the use of fossil fuels destroying the world, with the rise of authoritarianism, intolerance, hatred, and divisiveness, Ian McDonald paints a future that emphasizes love, ingenuity, collaboration, and determination. It is a colossal literary achievement. Humans, as a species, are stronger when we all work together and accept each other, rather than when we hate each other, plot against each other, and discriminate against people we don't understand. I love this book.A young electromancer, Raisa Hopeland, meets a young musician dressed in tweed, Amon Brightbourne on a night of rioting in London. It is love at first sight and they indeed fall in love. But their destinies lie in different directions. Raisa, carrying Amon's child, goes to Iceland, where she changes the world. Amon goes to the South Pacific, where he creates music and helps save a nation. Together, they save the planet for centuries to come. HOPELAND gives us hope that there is a way forward for our race that does not descend into disaster. It is the opposite of a dystopian novel and I believe this book should be on everyone's To Be Read list. It teaches tolerance, optimism, courage, and the belief that we can all do better. HOPELAND delivers and deserves its title. It is HOPE."
Miki,420,2,5,"December 21, 2023",,,"***mild spoilers ahead*** This was quite (happily) different from what I was expecting. It was on offer as an audiobook and I got it mainly because of good reviews I read about it, particularly by Cory Doctorow and by SFX. I remembered the reviews talking about the way the novel tackles climate change and the evolution that the world will/does undergo because of it, the necessity of adapting our farming and our businesses and the way countries will change and the impact of climate disasters, up to and including the emergence of climate migrants. So I was expecting some kind of drama/thriller realistic story. What I wasn't expecting (I probably forgot this element in the reviews) and thoroughly enjoyed and loved from the start was the fantasy aspects, the main characters being part of a chosen (not necessarily by blood but by shared values and official affiliation) family of archimages harnessing lightnings and storms and their elementals, and of a family of brilliant musicians / music makers/lovers, custodian of a possibly eternal music machine, cursed by their own elemental, and bearers of a secret ""grace"" and its even more secret cost. The connections, interactions, relationships and love between the main characters are at the heart of the novel, along with their uncanny abilities of being brilliant drivers of change and of new developments and trends, both when working together and when operating independently, continents apart. There are many touching subplots and important overarching plots, with lots of fascinating characters, but it all comes perfectly together in the end, for a quite satisfying closure. It touched my heart and fired my imagination and gave me food for thought. The narrator did a great job too."
Cruiskeen Slaw,84,5,,"March 12, 2024",,,"Graeber and Wengrow wondered in The Dawn or Everything how it was possible that so much of North America was once covered by a clan system. If you decided your society didn’t serve your needs, you could walk for a hundred or a thousand miles, into worlds with a totally different governance structure and language family and means of food production, and still be welcomed as a person of the Bear and find your place in the world.And more importantly, they wondered: how did we lose that flexibility? When did we get stuck?Hopeland shows us people who kept that alternative alive. A hundred thousand person family that treat each other as family: you believe what you believe and you do what you do, but you are family and you show up at my doorstep and you are part of my life now. And I commit to you and your goals.In the beautiful world of Hopeland, this sentiment ripples outward to affect many people, and give us hope in the climate crisis, and shape the fates of entire peoples.It is a lovely and important philosophy. The prose presents it strangely, maybe—I love that the people are still flawed and pained, there is no absolute solution here. But there is a lot of choppiness, even in 600 pages, moving across a lifetime and a world map in weirdly small chapters. Perhaps I will experience it again in two or three long chunks of reading; I think it would give a more satisfying experience that way."
Sharron Joy Reads,391,12,4,"February 16, 2023",,,"Raisa Hopeland is intent on becoming the next electromancer of London. During a riot she collides with Amon Brightbourne and sets in motion a series of events which will span decades, Amon’s family has secrets that makes loving him dangerous, Raisa has Hopeland.   In an epic journey of place and time with the world in chaos and upheaval their paths cross multiple times, London, Iceland, Tonga, her journey is painful and joyful and will change them all.  This is part sci-fi, part fantasy, part fiction, it is grounded in our world and yet not, it is a vast story on a worldwide stage that covers decades and thousands of miles. It highlights climate change, the devastation of humanity, the flaws and mistakes we have made, the importance of family, of community, of connection. This is the story of ordinary people living through a world going through extraordinary change and how they keep going, it is a unique twist on found family, exploring all identities, genders, beliefs and is truly epic in scope. This is a long book, written over 23yrs, the world building is detailed and the characters many, it takes some time to remember them all, to hook into the pacing but, the journey is worth it! Available now 📚Thank you to Gollancz for the copy. Happy publishing day Ian!"
Andrea,,47,3,"November 11, 2022",3-star；alternate-history；library-journal,,"This techy thriller opens with a desperate heart-pumping race through 20th century London, where the lives of Amon Brightbourne and Raisa Hopeland collide in the midst of anarchy. Wielding lightning, Raisa seizes the Tesla coil for her people, becomes the Arcmage of Spitalfields, and triggers cataclysmic events that will span decades. Mesmerized by her, Amon follows her into the bizarre world of the Hopelands. If every person is a star, the Hopelands are a constellation, a cultish people with a story. He’s drawn to their family because he was exiled from his own, due to the Grace, which grants him a charmed life to the detriment of those around him.Eccentric and adventurous, this is equal parts a delightfully mad love story and a rich and picturesque family saga. The popping action sequences reinforce author Ian McDonald’s swift and distinctive writing style. The setting is vast, from London to Iceland to Polynesia, and Raisa’s journey provides a unique take on time travel and electromancy as she sets out to remake the universe. Perfect for fans of Stephen Baxter.(This review was originally written for  magazine.)"
Felix Pütsch,333,2,3,"March 13, 2024",,,"Wow, this one was quite a journey and sent me through all kinds of emotions.The first 1/3 was really interesting. I enjoyed the ""adventure"" of the first chapters, and the writing style. Hopeland is a master with language.As some other reviewers also pointed out, it shifts to a very different story for the remaining 2/3 of the book. It took me a while to adjust to that. That second story is also interested, but I had hoped to continue in the style of the beginning.The book is full of interesting (and relevant) ideas, from ""Freud vs. society"" to ""climate driven migrations"" to ""non-traditional partnerships"", to only name a few.Overall, the writing was a bit too elaborate for me given the length of the book, the story too slow. I had to force myself to keep on reading.I think Ian McDonald has a lot of potential, and I'm debating whether I should try some of his other works.Also, I'm not sure if it was justified to have a specially formatted page just for an Elon Musk hate callout."
John,514,17,3,"February 17, 2024",,,"I feel out of step with most other people who have read this. It has been showered with praise and widely discussed as a potential book for the Hugo Awards this year. The second and third acts are extremely compelling but they’re marred by the first act which is extremely average. There are great ideas here, but they’re marred by ideas which are at best ambiguous and at worst poorly thought out. There are interesting depictions of cultures which don’t often take the spotlight, but they are marred by saviour narratives in which protagonists from the UK go and tell the natives how best to tackle their problems. There are fascinating characters, but they are marred by the two perspective characters who are deeply uninteresting. I think this book could have been phenomenal with a great editor, but as it is, I don’t think it realises its potential."
Annarella,13,143,4,"March 17, 2023",fantasy；netgalley2023；sci-fi,1,"It's the first book I read by this author and didn't know what to expect or, better, I expected a urban fantasy.WRONG. It was a sort of shock, a dreamlike reading experience that left me breathless. This happened when reading the first chapters.It was as intense and shocking like The City We Became and I thought I was in for a treat.It was a treat, a different type of treat even if it's a bit too obscure at time. The language is lyrical and complex, the storytelling hypnotic.I liked the characters but didn't love them even if I rooted for them as I followed their life.A weird and exciting reading experience. Recommended.Many thanks to the publisher for this arc, all opinions are mine"
Peter Hollo,175,25,5,"May 6, 2023",,,"Oh! Oh! Oh!If I was less sentimental I would give this book 4 Goodreads stars, but for all its little flaws and oddnesses, in the end, in the ending, it's perfect, and that's good enough.I hope many many people have the patience for this substantial, strange, inconsistent, beautiful book.I'm not sure the magic realist bits were ncessary, but it's Ian McDonald, so you know.It's Ian McDonald, so it's full of gorgeous prose, of mixed-up fascinating characters and settings. It's about family, yes, but all sorts of family, particularly found family. It's about all sorts of people and all sorts of genders. It's very much about climate change, climate change is there throughout, and it's about music - and the Music. Which is wonderful."
Fred Pierre,,7,5,"October 4, 2023",,,"Ian McDonald has created a compelling novel of the near future. It's about climate change and political dysfunction, but it's also a story of hope. Hopeland is a tribe that practices lightning magic using Tesla coils. When the Hopelands and the Brightbourne tribes come together, they start a green energy collective that helps save and island population when their island is drowned by rising tides. There's also a lot of music and an amazing musical clock, as well as a couple of dramatic lightning battles with the Arcmages. I think you'll love this book. It grew on me as a read. If you're wondering what's the plot or what's the point, keep reading. it's worth your time."
Ray Naing,1,,3,"November 21, 2023",,,"Ian McDonald does it again with the lyrical, flowing and wonderful prose. But the characters and plot leaves something to be desired this time around. The main characters had arcs and growth, but just weren't that interesting to follow. The vignettes of beginnings of Hopeland, along with the sequence on the Polynesian islands to the conclusion were more interesting. Though the conclusion wasn't the definitive and satisfactory resolution of the plot and threads that I was hoping for. It's a dense read that requires a bit of re-reading to fully appreciate all the disparate threads and points."
Scott Mattson,238,13,3,"January 7, 2024",,,"I picked Hopeland up, because I liked the half dozen other books by Ian McDonald I have read. It was an interesting read. An Electro lightning made gets wrapped up with an eccentric musician during riots in London. The Musician has the knack for getting out of trouble, but only by causing it for others. The Mage leaves for Iceland and gets involed with renewable energy and changes the world. The Musician goes to the Pacific and ends up causing issues for an island.The Charaters are great the story keeps moving. But parts of the plot seem to stretch what's possible. Is getting a lot of ships to hydrogen and creating lots of geothermal energy really easy?"
Elrik,159,1,3,"February 27, 2024",,,"That was disappointing! After the Luna series I had my hopes up. Well, that'll teach me!Not that this is generally a bad book. It's just so far away from his former scifi style. An utopian meta family, children who are reared as they/them, and some weird steam punkish tesla coil art/magic, everybody is understanding, helpful and humane, pragmatic issues like housing, feeding etc are simply not an issue...I totally understand that there is enough shit happening irl, so people yearn for fluffy go happy style stories. For me it feels like romantic brain wash, totally fantastic but pretending to be not. And if it was another author, ok, but IMD disappointed big time."
Victor Schleich,6,2,3,"March 6, 2023",2023,,"I almost quit this novel several times, because it just spent too much time setting things up that were not really important. The cover of the novel has a tesla coil on it, but after the first third, the coils are not really all that important to book. The story of climate change and its effect on both Iceland and the South Pacific would have been more powerful if the author had spent more time focusing on it. McDonald could have kept the Hopelands and the Bright Boy concepts, but just streamlined many of the early storylines. In the end the final storyline brought this book up to a solid read."
Tom,417,7,2,"March 8, 2023",,2,"I really, really enjoyed Luna, The Dervish House, River of Gods and Brasyl. This was not in the same league as those books. The prose is, and some scenes are vivid, but the focus seems to jump between many disjoint elements. Then in the second half, what I thought was to be a brief interlude ended up being the rest of the book. Very odd structure, subplots that start to develop and then go nowhere, many chapters that seem far too short for their importance. Also, I dislike in general being unsure whether whether we're meant to think the magic is real or not."
Ryan Cautrell,75,1,4,"August 2, 2023",,1,"By all accounts this book shouldn't work. It can't decide what it wants to be: sci-fi, fantasy, romance, political drama? It rambles and wanders without direction for a long time. I couldn't even tell you what the story is really about. And yet, I found myself enthralled by it. I was always very curious about what was coming next. And I found that there were quite a few characters that I cared about. Somehow its jumbled up stew of writing just works. In the end my only complaint is the loose ends that were never tied up, but I suppose that's just part of the jumble."
Francis X DuFour,484,2,5,"August 6, 2023",,,"This futuristic story of environmental catastrophe is a globe-spanning tale of the near future. Hitting on the topics of immigration, climate change, and international politics, the plot also includes McDonald’s signature involvement of Demi-gods, mages, and government confusion. I was quickly confused by the plethora of character names, and the native Scandinavian, South Pacific and other worldly labels for things. A great read, nonetheless, and I found it hard to put down."
Juan Sanmiguel,879,6,5,"January 6, 2024",,,"One night in London Raisa Hopeland meets Amon Brightbourne and their lives are never the same. They meet each other’s family and build on their relationship. Raisa goes to Iceland to start a community business. Amon goes all over the world learning about and performing music. The fate of a Polynesian island ties them together years later. This is a book about family, community, and future of the nations state. What happens when climate problems takes one homeland? Can there be a boundless country? McDonald builds an interesting and world with new challenges and ways of life."
Book Snek,229,2,3,"January 9, 2023",,,"Absolute madness. Did I enjoy not knowing what was going on a lot of the time? Yup. Would I read again? Probably not. Do I have any regrets? Nope. I can't really put words to this one, much like how I felt about Gideon the Ninth, you just have to plow in and find out for yourself. It's a 3.5, purely personal, I feel like I've dulled my senses in recent weeks with a lot of easy reads and YA. If you're looking for sophisticated surrealist adult literature, this is probably a pick for you. Enjoy!"
Macha,998,6,4,"February 20, 2023",,,"disclaimer: i am a big admirer of Ian McDonald's sf. this book takes a long time to reach immersion point, not because it's empty, but because it's so rich that the details of setting, character, and plot need time to come together. but when it comes into its power, it's rather wonderful. and positive stories about the near future history of climate change are hard to find, although we so desperately need them."
Matt,65,7,2,"March 1, 2023",,1,"This is a poor man's Bone Clocks (David Mitchell) with less action and worse character development. Ian McDonald is a decent writer but it doesn't shine in this book at all. The characters are flat and completely unrealistic. Wouldn't recommend this to anyone unless there was nothing else to read. I'd highly recommend The Bone Clocks, Cloud Atlas, and Ghostwritten by Mitchell as better examples of what this book tried to be."
Howard Brazee,762,10,,"October 1, 2023",,,"I read about 1/3 of this book before deciding it wasn't for me. I bet some people really like it a lot. ""Hopeland"" is a family name. At first we were seeing the extended family uses Tesla coils and has interesting family competitions and traditions. Then one of the protagonist got pregnant, moved to Iceland and is settling down there. And then I got tired and decided to read something else."
John,358,47,3,"February 29, 2024",,,"There were things I really liked in this novel, but it didn’t fully grab me, wasn’t something that I just loved. I’m not sure how well I can articulate it, but it may be that it was the combination of fantasy elements with sci fi that was unsatisfying, that it felt like there wasn’t sufficient focus. It was a little bit of this, a little bit of that. Some really interesting character ideas but, again, not enough focus."
Shane,34,1,3,"April 25, 2024",,,"I really like McDonald and this was still fun to read, but the story is so odd and meandering I can’t really love it. The book depends on your affection for the Hopelands but it spends so much time on plots and locations apart from them. I really didn’t enjoy or understand the shift to the islander plot but that took up 2/3 of the book. I also found Amon to be an unlikeable person, and he was the only main character for much of the last half. I wish this had been solely a Raisa story."
Aria Harlow,1443,54,4,"January 30, 2023",,,"I am not really sure how I feel about this book in all honesty. The premise sounded amazing and like something that would be right up my street, and in many ways it was. The writing was good and the storyline was compelling. I just found myself not gelling with any of the characters and I was confused a lot. However I did really enjoy it."
Liviu,2342,657,3,"February 11, 2023",2023_release_read；genre-sf；read_2023,4,"Had high hopes and the book has energy and starts and moves well, but then it kind of starts petering out and going into directions I didn't really care about. Reads much more like urban fantasy (a subgenre I generally stay away from) than sf and overall I was fairly disappointed by it - the Luna trilogy was excellent by and large and proper sf, this is not really either"
Rex Libris,1179,3,,"May 20, 2023",,,"I have liked the many books of Ian McDonald that I have previously read; but I don't know what happened, here, he really fell off the rails. There is really nothing to recommend this book whatsoever. None of the characters are likeable, and there is no semblance of a plot until the very end. This book was so bad I may very well never read anything he may write in the future."
Jennifer,214,6,4,"December 4, 2023",,,"I enjoyed it. It wasn't very sci-fi to me, but it was different. Most everything seemed plausible besides the emanations and mysticism of storms. The characters were interesting, but the many cultural varieties made it hard to follow and keep people straight. I'm curious on his other books in this series. Do they give more information as to how these people came to be?"
CJ Tillman,170,2,2,"January 23, 2024",,,"I read about half of this and had pretty much no motivation to read anymore. The world the author creates is really interesting, but the seem to really not want to explain anything or give many details. I get the want to avoid info dumps and add details as the story goes, but I just ended up not being able to connect with the setting at all, even though on paper it sounds awesome."
Dees Dorszewska,53,1,5,"February 24, 2023",,,"If you have read anything by Ian McDonald, you know what to expect (anything and everything, as usual). If you haven't, what are you waiting for? First, a warning. Don’t fall in love with this family."
Duane Poncy,,6,5,"March 13, 2023",genre-science-fiction,,"Ian McDonald is one of my always-read authors. He is a real master. Hopeland may be my all time favorite of his works. The book is positive climate fiction at its best, realistic and yet, as the title suggests, hopeful. While there are fantastical elements to the story, it is pretty much a story of our possible future, but it doesn't get bogged down in technical detail like a lot of cli-fi. Good solid storytelling."
Gasparde,98,,5,"March 19, 2023",,,"Il y a les 5 étoiles de Goodreads, et puis il y a Hopeland, qui en mériterait au moins 7 ! Urban fantasy, realisme magique, science-fiction, art, changement climatique, réflexion sur l'identité et le genre... Le pavé aurait pu être encore plus épais."
Wally,89,4,3,"June 17, 2023",,,"Oh, gosh. This book made me tired. I wanted to love it. I mean, yes, some beautiful writing! Imaginative! Futuristic! But…so….many… words! So…many…non-pronounceable words! So…many…relationships! So…much…weirdness! Just too much for me."
Simon,,12,5,"June 17, 2023",,,"Recent Reads: Homeland. What can I say about Ian McDonald’s triumphant tale of the Anthropocene, of the spirit of islands, of electricity, the spark that binds us all, of families that try to balance our hindsight with foresight? This is a wonderful book, McDonald’s best so far."
Jen Marin,131,16,5,"June 19, 2023",,,"This is my favorite book of the year so far. Thought provoking, unconventional, and full of hope. I did the opposite of what I usually do with a good audiobook- I put it down frequently so that I could savor the story as it unfolded. I hope you like it as much as I did."
Owen Butler,267,22,5,"July 10, 2023",,,Loved this book.I've been an avid McDonald collector since the start of this career.Wasn't sure what to expect after the recent string of YA. Brilliant !Uplifting : ) Synchronously timed to arrive at a critical point in my life : ) didn't want it to end...
Brian,134,9,2,"October 16, 2023",,,"The first 10% of this book was interesting, and then it's quite boring. I rarely give up on a book, so I made it through to the end. But by about halfway through I was pretty much hate-reading it. The only interesting character is secondary -- Kimmie. Everyone else is a total yawn."
Paul Gallagher,37,1,5,"October 26, 2023",,,"Amazing! Begs to be read aloud. Wonderful at a sentence level, the concepts are tomorrow futurism but no less powerful than other books of his. This is the best novel of any genre I have read in a while. Highly recommended!"
Alex Rogers,1099,5,2,"December 24, 2023",,,"I had hopes for Hopeland.... McDonald has written some cracking books, albeit not for a while. But London, gypsies, magic - surely something good could come of that? But it felt dull and stale, its been done before and oh so much better"
Chris Peters,394,7,4,"March 11, 2023",,,"Very challenging, and extremely worth it. This story is much larger than the book that tries to contain it, and McDonald brings it brilliantly to life."
Swhite,131,,2,"April 23, 2023",quality,,"I could not finish this book. For me at least, it had almost no narrative energy and was too much of the ""dream ravings word salad"" type of book. It is a book trying to impress, not entertain."
Chuck Ledger,1076,3,3,"May 20, 2023",,,"The intriguing concepts kept me plowing through the book. Don't know if it was the writing style or my interest level, but I didn't read more than 10 pages at a time."
Sara Ingvarsdóttir,6,1,,"May 23, 2023",dnf,,Didn't finish.
Lance Conragan,5,,5,"June 18, 2023",,,"An amazing story filled with wonderful souls, magic and love, vast challenge and epic success, all bound together by the humanity at our core."
tivasyk,486,17,2,"June 30, 2023",,,why does modern sci-fi has to be so boring? abandoned.
Donna,41,12,5,"July 23, 2023",,,A hopeful imagining of what comes from a chaotic systemic crisis. Rounded up from 4.5 stars. It takes about 300 pages to get going…
Maurynne  Maxwell,697,24,5,"July 24, 2023",,,Very definitely hope for a post-apocalyptic world.
Sue Chant,817,13,5,"September 4, 2023",sff-unclassified,,"It's an epic saga of found family, kindness, and above all hope."
Sarah,121,,5,"September 20, 2023",,,"Ian McDonald writes the books I wish I could, and each is better than the last. This one is sublime."
Emily,,21,4,"October 28, 2023",speculative-fiction,,"It took me a while to get through this, but I'm glad I did. It had a truly epic scope and, not surprisingly, a lot of hope."
velocityzen,1,8,2,"October 29, 2023",,,"""How do you do fellow kids"" as a book"
Arved,7,,4,"January 6, 2024",scifi,,"Sehr schöne Werte! Die Story zerfasert stellenweise etwas, aber am Ende kommt alles sehr schön zusammen."
David Bjorne,77,2,3,"January 11, 2024",,,Starts strong and then slowly sputters out over the latter half.
Martin,111,,1,"January 17, 2024",gave-up-on；library；sf,,"Sounded interesting, but the writing is so interminably long-winded and choppy that it was unreadable for me."
JM,461,1,,"February 15, 2024",did-not-finish,,"Several chapters in, I was still waiting for a hook."
Ben,90,2,4,"March 2, 2024",,,"4.5, or even 4.75. McDonald’s best book since River of Gods."
Roger Booth,51,1,5,"March 31, 2024",,,"Still reading. Whenever I read an Ian McDonald novel, I encounter so many trivial coincidences it feels like we are two projections of the same entity. Hopeland is no exception."
Derek,119,6,3,"April 30, 2024",,,"Decent, ambitious, and hopeful, but ultimately didn't really come together as much as I wanted. Good writing and fun pop culture references, but not nearly as enthralling as some of his earlier work"
Lata,4079,229,5,"October 6, 2023",sf-f-h；x2023-read,1,"An exuberant, hopeful (it's right in the title) story about a chance relationship that results in a child, an ethically-run renewable energy company having a global impact, and two people who spend twenty years apart thinking of each other and building their lives, while the global climate deteriorates and thousands of people are displaced.There's government and corporate corruption, a growing refugee crisis, nimbyism, tons of diversity, music, wonderful, vibrant characters, and some fantastical elements. I loved this."
