Reviewer,Review Count,Followers,Rating,Date,Tags,Likes,Content
Lynn Newman,169,2,5,"January 16, 2023",,1,"As much as I’ve loved all the characters in this series, Aria’s story was the one I was anticipating the most. A regular in all the tales of Gnarly Fell, she’s has always been in and around, with her own special brand of Sass. In her role as Death’s ex girl friend, her and Maya aren’t the best of buddies, but when in comes to protecting her precious and rare babies, they have to work together. Bernard, her devoted husband taking his role of protector a little too far, finds a new purpose in life too. A wonderful read, with all our favourite residents in attendance."
Tracy,291,4,4,"January 15, 2023",,,We are back in Gnarly Fell for the next installment of this fab series. This time we have Bernard and Aria's story and the birth of their highly anticipated vampire twins. I enjoyed their story and how it developed and how they changed throughout their story. I found Aria a bit hard to take at first as she was all hormonal and snappy however you can forgive her as she had her reasons and it turns out she isn't the hard nut she makes out she is. I think that is what I loved most about this book was my first impressions of the characters were totally changed by the end and they really stepped up and made their mark on the story. You also had the trade mark humour and sarcasm that you come to expect from this series and it is littered with moments that make you laugh out loud. This was an excellent addition to the series and I feel like when I visit these crazy characters that I am coming home. Definitely recommend if you want a light hearted paranormal read.
Bea McGhie,255,12,5,"January 29, 2023",,,"Just My Suck is the latest instalment in the Sucking Dead series and oh my what a hilarious and genius book it is!!I just love the residents of Gnarly Fell and theur shenanigans. This time vampires Bernard and Aria are expecting twins, a very rare occurrence. And over protective ""Burnurd"", Mya & Death love to pronounce his name that way, is literally driving his wife nuts . Doesn't help that handsome angel Kaf has been send to protect Aria and the twins. Bernard is finding something else to focus on and Aria has some issue of her own to solve. It was a roller coaster of laughing and finding sympathy for poor Bernard and his attempts to organise the wedding of Stan and Fenella, including a very naughty bachelor party.. As the other books in this series Andie is on point on all levels, her humour and her writing style are just brilliant. Just My Suck is just as amazing as the other books, it's hard to pick a favourite , they're all so good.Cannot wait for the next one!!!"
Maria,600,19,5,"February 13, 2023",,,"I'll admit that it took me a few chapters to really get into it, but I loved how much this book put a focus on many of the other characters (specially Kaf, I'm kinda in love with him and really hoping that he gets his own book), not just the main couple, I also really like when there are intersected stories and connections that you don't see at first, I'm very very satisfied with how this book ended and I can't wait for the next one!!!Does someone knows where I can get an advanced copy? Pretty please???Ps: I also notice a few errors, he mentioned that nobody no realize the discrepancy between his age and his turning, i did noticed a few books back, but didn't gave it any importance at the moment! There's also a mention of Frozen, which doesn't make any sense because this book is supposed to happen in 2012 and Frozen didn't come out until 2013! So some of us do see a few things than don't make any sense, but decided to not give it any importance!"
Anima,2553,48,4,"January 11, 2023",fantasy-sci-fi,,"This is really one of those series where you should read all the books in order. It’s a community called Gnarly Fell with supernatural creatures. However, it’s run like a normal village. Everybody has a job and a function, and now that they can experience love we have relationships blooming. So this time we have Death and Mya and Bernard and Aria. Aria is pregnant with twins which causes the couple some stress, and a visit with past memories. I’ve enjoyed this series because it’s light and humorous and often times very sweet and romantic, which wouldn’t seem likely for vampires and dragons. As a series it’s coming to a close and there were issues that got solved and new relationships formed. It’s been lots of fun and enjoyable to read my early copy, review given voluntarily."
Mary Jo,2378,57,4,"January 15, 2023",,,Life in Gnarly Fell is never boring. Bernard and Aria found love and are now awaiting the arrival of their twins. But Aria can’t stand Bernard’s over protectiveness and needs some time to herself. Bernard finds himself at loss ends as he wants to honor Aria’s needs but isn’t sure what to do with his time. Then an opportunity presents itself to plan Fenella & Stan’s wedding. This lets him follow his desire to help others along with using his creativity. Though his main focus is still on his wife and babies since there may be a threat given that an angel was sent to watch over Aria and the babies. What a great mystery and twist to the adventure. I always have fun with the community of Gnarly Fell.
Lesley Robson,780,1,5,"February 1, 2023",,,On this visit to Gnarly Fell it’s Bernard and Aria’s story. We find that Aria’s pregnancy is progressing nicely but Bernard is getting under her feet and on her nerves. Mya intervenes between the pair and tries to put her jealously behind her and helps Bernard have new purpose by having him help Fenella plan her wedding and with him out of the way Mya has ideas to help Aria relax. We also find why Kaf was Aria’s bodyguard as her past comes knocking and it’s this past that we find out about Aria and Death and how their relationship wasn’t what everyone thought. I really enjoyed this visit to Gnarly it was lol funny and packed full of romance and I do love a good celebration … I can’t wait for our next visit to the Fell…
Gail,515,1,5,"January 17, 2023",,,"I adore Gnarly Fell residents.Bernard, I'm going with the UK way of saying it lol, is feeling pushed out, as Aria grows with their twins.Also, having Kaf literally hanging about being her and the twins bodyguard, really cramps his style.After a massive misunderstanding he ends up becoming a wedding planner to Santa and Fen.Deaths other half still has an axe to grind and a chip on her shoulder about his ex, Aria. But can she keep having on Aria???Plus no one can figure out why Mad was kicked out of Heaven, until a nightmare of Aria returns.Six books in and I want MORE..... Lol."
Sara Oxton,3481,17,5,"January 15, 2023",,,"A five-star read that sucks you back to Gnarly and leaves you wanting more. Bernard and Aria are just such a normal couple, when you peel away the years that it, they have the same feelings as us all, does my other half still love me, when they have something else going on that we don’t feel a part of even when we are. The best thing is that Bernard and Aria aren’t the only storyline in this one, we get to hear more about sweet Kaf, who just keeps me hooked. This whole series has kept me hooked and I am wondering who we will be hearing from soon, as Gnarly has gotten under my skin."
Denise,105,1,5,"January 15, 2023",,,"I absolutely love this series. I love every character and story line. This one has so much going on but Bernard and Aria are the main focus and so are their babies to be. Kaf, the Angel, is there for the babies’ protection and Bernard finds himself a little useless. Bring in Death, Mya, Laurie and so many others and you have yourself an amazing good time. You will laugh and maybe she’d some tears too, but Andie answers all our questions and leaves us with something to look forward to. Thanks Andie! 👏👏👏"
 BookwormMomma7,757,,5,"October 2, 2023",,,"As funny and un reverent as the previous book is this series and with the amazing characters, you have come to love. Bernard and Aria are dealing with the twins pregnancy, mother’s hormones, dad anxiety and then hunky twins guardian. What could possibly go wrong? Read on and have a ball, getting back to Gnarly!"
Gabrielle,441,1,2,"January 15, 2023",,,Not a fan of this book at all its worst of series imo but loved my other couple crumbs
Mazmum,1472,14,5,"January 17, 2023",,,I love Gnarley - is all I ever need to write in my review. It's like coming home reading each book.
stephanie huntington,2623,7,5,"June 12, 2023",,,Ute and entertaining
Toni Whitehouse,340,2,5,"April 22, 2024",,,Aww fen and Stan are getting married but adri sire is back from hell and she wants the bookThere's alot going on in this book
Owella,465,7,4,"June 14, 2023",,,"Yeyyyyy the vampire babies are here! I enjoyed catching up with these lot, it's such a feel good series 💜💜💜"
