Reviewer,Review Count,Followers,Rating,Date,Tags,Likes,Content
Mara,1785,4115,3,"March 5, 2023",subscription,16,"The weakest of the series, unfortunately, but still delightful and I liked the way the macro plot wrapped up. I sincerely hope we get more in this world!!"
Erin,3238,476,4,"April 28, 2023",,11,"This is the 7th installment in the series. Each book follows another couple and so they can be read as standalone. I accessed the series with my Kindle Unlimited membership. This is Gilmat and Julie's story. Julie Watson and her mother were referred to in several other books in the series and so I was familiar with her back story. Her mother was trying to marry her off to an eligible bachelor. Gilmat is mentioned as the ranch gardener and keeps to himself. Julie is kidnapped by his brothers and delivered to his doorstep. I think it is safe to say that the connection between the two is instantaneous and a romance is born. Because it is the final book in the series, Honey Phillips shows us when the townspeople arrive after the pass is open and the weddings that take place. I guess the 4-star is because I didn't really find them the most interesting of the couples, but I enjoyed how the author wraps up the series. Goodreads review published 28/04/23"
buket ˖⁺‧₊❀₊‧⁺˖,722,981,4,"March 1, 2023",alien-hero,9,PERFECT ENDING FOR THE SERIES 😭💖😭💖 if miss honey decides to write a series about these little hybrid babies finding love i'll definitely read it!!!! the only gen2 books i'll tolerate 😔🤍ps: gimme me a book about seren i need more from this world
Elizabeth,2503,186,4,"March 13, 2023",2023；alien-romance；arranged-forced-convenient-marriage,6,3.5 stars. This instalove story concludes the series with wrapup of danger and townsfolk. Includes an epilogue going 5 years out showing everyone is thriving and happy. Fun series. Easy to read and low stress. No third act breakups. No OW/OM.
Ava,1074,1497,4,"March 10, 2023",alien-romance；cinnamon-roll-hero；forced-proximity,5,"Julie is one of the human women that are taken from a neighboring town. She is given as a gift to Gilmat, who is one of the more closed-off brother. He spends most of his time with his various plants in his greenhouse. He is in for a shock when he realizes that the small human woman is fated to be his. This was such a great romance. A super sweet way to end the series :)TROPES: alien romance, cinnamon roll hero, kindle unlimited, forced proximity"
Fantasia ☮HippieMoonchild☮,1427,124,5,"March 4, 2023",alien-monster-romances；and-now-for-something-different；kindle-unlimited,4,"Suffice it to say that I can't quite put my finger on it WHY, but for some reason this romance just moved....quicker than the others. Or, at least, it  to move quicker--and, in a romance series where all the books are under 200 pages and the premise is alien brothers stealing women to be their brides, that's saying something.Page count-wise, technically it's longer than most of the other books in this series, but, as the finale, this makes sense. It incorporated not one, but  climaxes/confrontations, one of which I expected and the other one I did not.Anyway, it was all very well and satisfying, and I have to say that my own real disappointment is that we didn't get to explore Gilmat's powers in more detail. Like...you have this awesome guy who has all these abilities concerning plants, but then the book itself doesn't delve into any of these powers in too much detail, and, for me at least, I just wanted .The same applies to the love scenes as well, actually. These was lots o' smut, as per my usual rating, but...I dunno, I guess they just felt quick to me, much like the relationship development?Meh, anyway, time for my final rating of the series, from which one I liked the least to which one I like the best: just as this is the 7th book, it's also the one I like least from the series. As the reasons above go into, I felt that although it was a satisfying and sweet conclusion, I just never got to know Julie or Gilmat as much as I did some of the other couples, and in part this is because their story had to be balanced with the ending of the stories overall, so maybe there was a lot to fit in and the author had a limited word count? Anyway, it's the one I like least, but keep in mind that it's still a 5-star rating overall, so that's not to say that I dislike it for any reason. Because this one just follows the formula set up in Seven Brides for Seven Brothers, I knew everything of what to expect, and it was just kind of the beginning series for me. Also, of the brothers, Artek is the closest one to just being a generic alien, I think, so there wasn't necessarily as much to distinguish him. His romance with Pearl was the more mature one of them all, as he and Pearl are the oldest of the couples, and I really felt that this story had a lot to do with healing past wounds as much as it did romance. It just felt like a smaller story in the larger scale of things, if that makes sense--especially since Callum  kidnap Pearl to be his bride. This was a romance that I think was burdened to come up with a ""misunderstanding and thinking one knows what is best, when really they don't"" plotline as the main conflict, especially since Drakkar himself seems pretty unbeatable and unmoved. He both acts it and possibly  the toughest of the brothers, and pairing him with Kitty puts him in a great protector role--for her heart, especially. The inclusion of little baby Lola was also cute. Although the least serious of his brothers, the youngest and all that, I felt that Benjar's story had a lot of heart to it, for all that it was lighthearted. I just liked Rose as a fiesty heroine in that she actually fought  against the whole getting kidnapped thing, and plus Benjar's backstory really resonated with me. Truthfully, I read this at the same time when watched Puss in Boots: The Last Wish for the first time, and for some reason I keep associating Benjar with Perrito from that film, even though one is feline-ish and one is a dog. Maybe because of their bright, cheery optimism? .........A Beauty and the Beast retelling, no? Endark as the half-Vultor (which I'm assuming is werewolf-inspired) and half-human alien, wanting so badly to claim his one true mate in Becky. It was just sweet how they fell for each other, and how Endark learned to embrace himself fully and NOT be so desperate to get a mate just so he ""calms the beast inside him"". I thought it was a sweet story, with some pretty tense moments at the end there! Yet another way of retelling Beauty and the Beast, this time with a hero who's physically scarred and therefore hides himself from the heroine. This was yet another healing story, but I liked how gradual it was and how both the heroine and the hero really had to work and fight for their love and to realize that it's worth it. From the get-go, I sensed that Frantor might be my favourite brother, and boy was I right! So, yeah, definitely loved this couple and the story resonated just right with me!Aaaaaaaand....that about concludes my ranking. Ciao!"
Ivy Deluca,2250,302,3,"March 17, 2023",,4,"I was pot committed so I read this but I was already fatigued with the almost too easy read. This one follows the same pattern though the MMc isn’t invoked in the initial kidnapping so he’s less morally culpable. Cute, with two virgin MCs who figure out that sex thing together. Some violence to wrap up the overarching storyline it ties everting up in a way that is pretty mild. Not top tier but not horrible, the whole series was mostly just cute."
Stacie,2194,248,4,"March 1, 2024",2024；aliens；found-family,3,This series was delightful. I adored Gilmat and fiesty Julie. Happy reading!
JML,1074,19,5,"March 13, 2023",,1,"Gilmat and Julie's story was my absolute favorite! I loved all of the books in this series but this one had .e smiling from the first to the last page. Gilmat a big lonely giant of a male with very special abilities who believed he was destined to be alone. Julie a woman who loves plants and learning and wanted to be a scholar, but whose mother wanted to run her life. When these to meet it truly is love at first sight and maybe touch 😘 as always the world building was terrific and these characters had such wonderful Chemistry. It was truly a beautifully told romance focused more on the characters and their developing relationship than anything else. I'm still smiling and sighing happily as I write this . Honey Phillips does an amazing job telling a beautiful story with characters you grow to care about. She tied up all of the loose threads that weaved through all 6 of the previous books and left a possible n hint of other things to come! Absolutely recommend this to anyone who just wants to read a wonderful sexy loved story! Chef's kiss💋💋💋💖🔥🔥💖💖🔥💖💖🔥💖🔥🔥💖🔥💖🔥💖🔥💖💖🔥💖🔥💖💖🔥💖🔥🔥💖🔥💖🔥💖💖🔥💖🔥💖🔥💖🔥💖🔥💖🔥🔥🔥"
Ashley (Red-Haired Ash Reads),2825,168,3,"March 16, 2023",2023；aliens；author-honey-phillips,1,"Seven Brides for Seven Alien Brothers #7 3 stars - I liked itThis was a short and sweet story. Julie and Gilmat were a cute and steamy couple. I loved all the sexy experiments and how Gilmat would use his ability with plants to love and protect Julie. Gilmat was a fascinating character and was quite deadly when he needed to be. Overall, this was a good romance and a great ending to the series. I am glad to see that all the brothers finally found their mates and are happy."
Bookluvr7,285,2,4,"December 30, 2023",,1,I have finished this series! And man it was a wild ride. I like that this book ties up all the loose ends that the series brought and loved how the dynamic between the brothers and the brides was a united continuous front. Gilmat seemed a little overbearing sometimes but I don’t blame him that much. He loved Julie. That’s all I have to say! Julie was a book lover!! I love that so much!! Their relationship was built on a lot of fun times but I would have liked to see more of them growing more about each other. Overall I really enjoyed this book and series. 4.25/5 stars.
Kitty,184,6,5,"March 3, 2023",,1,"This was SUCH THE PERFECT ending to the series. Oh my word. Loved, loved, loved. Gilmat and Julie are so cute and I loooooved deep dive into Gilmat and his plant prowess. So much fun. And Julie is smart and cute and perfect for him."
Funkypinkpat,244,2,3,"July 11, 2023",,1,This one was a good way to end the series. We get a glimpse into the future of the brothers and their brides.The main love story was the weakest in my opinion but it was still a pleasant experience. I had fun reading these books!
Patty,724,27,3,"April 30, 2023",aliens；books-i-read-in-2023；kindle-unlimited-books,1,3.5
Zero (semi-hiatus),564,24,3,"March 25, 2024",2024；multi-pov；romance,1,The couple in this installment was kind of bland. But the book wrapped up the series pretty well.
Dreximgirl,1223,24,4,"March 13, 2023",,1,Probably my second fave. Love the plant mojo and the wrap up
Margaret Viney,114,2,4,"March 4, 2023",,1,I really enjoyed this story. Honey Phillips has a way of taking an idea and making it bloom into some thing glorious.
Krista,585,1,4,"March 4, 2023",,1,I oddly liked this couple the least? The ending was good though.
Giulia,7,2,5,"February 27, 2023",,1,"I had been looking for Gilmat's story for a long time and now it's finally here. Reading about Gilmat and Julie's love story was sweet and a bit sad as it's the last book in this series. I greatly enjoy their banter and their shared passion for plants. Overall, a very cute story and an amazing epilogue to the series.I received a free copy of this book via Booksprout and am voluntarily leaving a review."
**Elle**Bee**Double U**,2199,25,5,"March 9, 2023",alien；virgin,1,"I'm so sad that we've come to the end of the seven 'brothers'.I honestly believe that Honey Phillips saved the best for last in this series.Julie isn't exactly like all the other brides who came to the ranch. Yes, she knew she was essentially kidnapped, but rather than sulk and isolate herself, she embraced Gilmat and his knowledge of the plants. She also embraced the feelings he stirred within her. After all, she knows she's only there for a limited amount of time since her mother would never let her go off on her own to kill her dreams of marrying her off to a rich man.While Julie may believe the skills Gilmat possess is amazing, he knows that he's the truth and the shame he brought upon himself and his people because he wasn't skilled enough. He's also appalled at his lack of control when him and Julie are intimate or even when he lets him mind wonder where she's concerned. They both knew that their time together was most likely limited. Julie's mother is on a mission to get her daughter back. But is Julie ready to put her foot down where her mother is concerned and fight for a future with the green giant with a heart of gold?.I received a free copy of this book via Booksprout and am voluntarily leaving a review."
Sandra Aaron,1505,10,4,"April 2, 2023",,,"This was a good sci-fi alien romance, but I had an issue with the fact that Julie was abducted. I get that Gilmat didn't abduct her, but still... It gets 3.5 stars from me, rounded up to 4 stars.This story had some steam, but also some sweet moments as Gilmat and Julie got to know each other. Since Julie was unhappy with her mother's plans for her, she wasn't really bothered by being abducted -- and she soon realized that Gilmat would never hurt her. I also really liked that Julie's interest in botany was a perfect complement to Gilmat's abilities.Gilmat was an interesting character, and his powers with plants were incredible. He thought he was defective, since his powers weren't strong enough to pass the tests he was given as a child -- but Julie soon showed him that was wrong. She showed him that he just needed love to inspire him and make his powers grow.I liked Julie, too, and liked that she was actually pleased to get away from her mother. She wasn't bothered by being abducted at all, especially when she realized her mother wouldn't be able to try and retrieve her for months. I did think, though, that her mother would have caused more trouble at the end, and that their relationship wouldn't have been so easy to repair.Overall, I liked this book. I did wish it had been a bit longer, to allow for more character development. I would have liked more backstory on both Gilmat and Julie.Other reviewers have noted that they dislike the covers on this book series, since they look like comic books. I'm not really a fan either -- but I suspect that was so that the alien men on the covers could look like they were described in the book. It would have been difficult, and possibly quite costly, to use actual male models and make them look like the aliens. I prefer comic book style covers to those where the models don't look like the descriptions of the characters in the books.My rating system is below.1 star -- Hated it, or did not finish. I usually only give this rating if some of the content is truly objectionable to me, like if one of the main characters does something really awful, and gets away with it.2 stars -- Didn't like it. This rating usually means that I thought the writing wasn't very good, the editing was terrible, I didn't like the characters, or it had other major flaws.3 stars -- I liked it, but had some minor issues with it. This rating means that there were minor editing issues, the story needed more character development, it was just too unrealistic, or had some other fairly minor issue. The majority of books I read get this rating – I do not consider it a bad rating.4 stars -- I liked it a lot. This is a high rating for me, and I rarely give a higher one.5 stars -- I loved it, and will probably read it again. Very few books are good enough to get this rating from me. The ones that do are usually classics."
Catrina,23,,2,"March 17, 2023",alien-erotica；dual-pov；fmc-moves-first,,", in which the author was really tired of writing these and just wanted to check it off her list.This took 3 days to finish, even though it's really an afternoon read.Taking into account that the author needs to wrap up the story and the series plots in one short novella, it's perhaps understandable that neither of these really land. I like this one less than Book 1, which has the similar task of story plot and series plot set-up. For me, both these MCs were the least likeable set of the series, and the timeline felt a bit vague. The timeline thing is actually kind of a problem, because the plot hangs on how much time each couple gets to spend isolated together in a blizzard.Books 2-7 of the series are happening at more or less the exact same time, with deviations mostly kept to epilogues. Even having read five other books on this timeline, this book fails at giving the reader a sense of time. It makes FMC's declaration of love seem  out of the blue. There's also no emotional build up to it, so it falls pretty flat. This book, and the others in the series, has an odd combination of explicit and fade-to-black. The author uses ""cock,"" which is usually in the realm of spicier books than this one. But we get plenty of scenes (both in this book and the series) where it fades to black, like Thanks, I hate it.Something else I hate? The complete and total lack of description of alien peen across the series. MMC has a  he calls a ""stamen"" near his dick, and we never hear anything more about it than it can  It can WHAT!? And you're not going to describe it?? There's a whole scene with FMC giving MMC a handy while he sleeps (which... yikes), and we're not going to get ANYTHING better than a reference to a large vein?Ultimately, this book and this series will ask absolutely nothing of you. No thoughts, just vibes. Unfortunately, also not a lot of alien dick."
Tammy Moldovan,1473,18,4,"January 19, 2024",,,"I loved Gilmat and Julie’s nerdy, alien-human, fated mates, forced proximity, snowed in romance. The book had a wonderful mix of sweet, spice, real life issues, and feels. Gilmat is an alien scientist who has a special affinity with plants but the way he was raised left a lot of blank spots in his socialization. At the end of the long and pointless war, he and his six brothers in arms purchased a sprawling ranch and settled on the planet of Cresca. Julie is a human who lives in the nearby town. She is the daughter of a rich widow who is constantly trying to marry her off. She is quiet, loves books, knowledge, and plants and has no desire to be married. Two of Gilmat’s brothers misconstrue a human story to mean they should steal human brides and unbeknownst to Gilmat, they decide to get him a bride at the same time. Julie’s last memory is going to sleep in her bed before she woke up in Gilmat’s arms in his greenhouse/home. Despite Julie being drugged and kidnapped, this is not a dubcon or noncon situation. Gilmat and Julie’s relationship develops naturally as they both discover through experimentation what a romantic connection and relationship looks like. The story was well written and included witty dialogue, characters with dimension and an engaging storyline as shown through sweet moments, steamy scenes, alien physiology and cultures, loyal friends, painful pasts, fated mates, coincidences, danger, and laughs. I am sorry the series is ending. I will miss these brothers."
Fay J,1168,10,5,"March 2, 2023",faves,1,"Julie while knowing that her mother does love her is being suffocated by her. She just wants to study but that would mean that she would be leaving town and her mother is not having that. So when she dreams of a huge alien male, covered in vines, smelling of earth and flowers she thinks she is dreaming. Only to wake up and find that she is not dreaming at all. She is really there on the Wainright farm with an alien plant scientist, of sorts. She should be terrified and running away but somehow she's not. She has a few ideas of her own to test out first. Gilmat should have perfect control over all plants. After all it is what his species is all about yet somehow he cannot command them as he should. He runs experiment after experiment and they just don't go as planned. They have some rather spectacular results after Benjar gifts him his own bride. She is stunning, she is not afraid of him and she wants to help him. He just need to survive her experiments!I have loved this entire series and I would love it if more could find their mates on the Wainright farm. So sad to have to leave it but have adored every one."
Grey's Books,604,5,4,"March 3, 2023",c-science-fiction-romance；c-western；char-depth1-superficial,,"Ok - Liked itA very short insta-lust forced proximity romance followed by danger / tying up all the loose ends of the series. The heroine, Julia Watson 'Julie', is interested in science & botany, but her mother is only interested in her marrying well. The hero, giant green plant-like alien Gilmat, was abandoned by his people as defective & thinks he will always be alone.For me the romance was too short and the characters too superficial to really enjoy it. Having read the whole series, I did enjoy seeing all the characters resolve outstanding issues and get their HEA epilogue. However, I wish that didn't come at the cost of the romance in this book being quite so abbreviated. Death of bad guy by being literally ripped apart by plants, murder of another bad guy by claws, punch thrown. MF sex, M and F virgins, cock with 'stamen' filaments at base that can caress clit, use of vines to hold her - not quite bondage since they release at her will."
Kelly,5123,195,5,"March 11, 2023",ebooks；ku-prime；read-in-2023,,"It's Gilmat's turn to connect with his special someone and...MAN, I LIKED THIS GUY. He's sweet, focused, has an affinity for plants, and REALLY likes Julie. He also has skills that he's not even aware of, but which will come in handy if his lady is ever put in a bad situation.Look, I'm not saying a situation arises that bring those skills to the forefront, but...a situation arises that brings those skills to the forefront.But let's talk about Julie first. Her mother's a little overbearing and she's basically stifled Julie's curiosity. To be honest, getting away from mama is probably the best thing that's ever happened to Julie. It gives her a chance to find herself and explore the thing between her and Gilmat. And that thing between her and Gilmat is gooooood.Some exploratory sessions, a few plants determined to keep Julie close, a little danger, a little historical learning, and two people who work very well together. *thumbs up*-Kelly @"
Astra Astrid,367,1,3,"August 3, 2023",,,"Do you ever find yourself reading something that you know, objectively, isn't very good, but you're enjoying yourself, anyway? Welcome to .Why do all these worlds have to be sexist as hell? Even the being who belongs to a species in which females fight as hard as males, is incredibly overprotective. That a third party managed to choose the right mate for not just himself, but 2 other males... totally unbelievable. That the disputed ownership of the ranch isn't seen as a legitimate concern, really bothered me (who did Wainwright buy it from?).To sum up - ridiculous plot, cardboard characters, instalove, silly dial...no, actually, the dialogue, for the most part, was pretty good... maybe silly, but not stilted or awkward.In fact, the language, overall, was surprisingly good. There were, of course, typos, but not enough to hide that the spelling and grammar were decent.And yet, I zoomed through the entire series in a couple of days, one after the other."
Brandy,615,30,3,"September 15, 2023",,,"Characters: Gilmat and Julia 2.5 stars but I rounded it up to a 3Gilmat is a plant like species, and of course he lives in a home with a greenhouse. One night he opens his door and his younger brother Benjar hands him a wrapped bundle. When he opens it he realizes that it’s a small human woman with golden hair. He knew right away that he wants to keep her. Julia Watson awakened to seeing Gilmat and she is surprisingly calm. Almost like she knows him. Her mother is a nasty harpy who wants her married off to someone Julia doesn’t like. She likes to spend her time in the conservatory of her home reading books.This was my least favorite of the series, I don’t know what it was, but I was not a fan of Julia. I felt like she was too sexually aggressive towards Gilmat, especially because she was supposed to be a virgin. Also Gilmat reminded me too much of Swamp Thing. Also this book bored me, and another book with a ton of kids at the end. Too many characters added in and it got me confused."
Carole,1085,12,5,"February 28, 2023",,1,"Seven Brides for Seven Alien Brothers has been a wonderful series of emotional highs and lows, laughter and sweet escape into imaginative story telling that I have gleefully enjoyed.We now close with our seventh brother in arms Gilmat who without a doubt has the most wickedly interesting appearance of all his brothers, but don’t judge he was made that way!No one is more surprised than Gilmat when his brother Benjar knocks at his door on a snowy night and hands him a bundled up gift before leaving quickly.Unwrapping his present Gilmat finds a female, Julie from the town of Wainwright asleep, and one look at the sleeping beauty elicits a strong reaction, MINE!Full of love, family and a little drama from outside forces this was another well written and satisfying read which wrapped everything up with a nice little bow! HEA.I received a free copy of this book via Booksprout and am voluntarily leaving a review."
Avis,417,2,5,"February 28, 2023",,1,"I am happy that all of the brother's found their brides. But sad that the series is at its end. Although there may be hope for the continuation towards the end of the story. I think my favorite brother is Gilmat. He is so gentle except when he is protecting his bride, Julie. What he does to the plants is phenomenal. And what he does for Julie is even more impressive. Julie is of course the perfect bride for Gilmat. Strong , intelligent but also willing to ""experiment"". Love the experiments the did together.Action, steamy romance, mystery and of course a perfect HEA.We learn how they handle the snow melting and what happens when the townspeople come a calling.Also the threat with the Volture is resolved. Serene has a major part in this . I loved the epilogue. It lets us see what all of the seven brothers were up to . Excellent series. Well written. With a lot of heart.I received a free copy of this book via Booksprout and am voluntarily leaving a review."
Serena Buffaloe,529,6,5,"March 7, 2023",,,"What an amazing ending to a fantastic series !!!! I thought Julie and Gilmat were super cute !! Julie is a young woman who had an extremely over bearing Mother, who directs her every waking moment. Do this , don't say that , wear this , blah , blah , blah. So , when Julie finds herself waking up somewhere other then her own bed , she wasn't as bothered as one would think . Gilmat is the last brother to get his story, and it was a brilliant read. When his brother Bendar knocked on his door , the Last thing he expected to open the door to was a bride of his very own . Having Julie in his arms is the start of a magnificent experience for them both !!! I loved they way everything came together , and even though I am sad that the series is over, I am looking forward to new adventures from this incredible author !!!"
Megan,502,34,2,"April 18, 2023",short-stories-novellas,,"Eh. Gilmat's character design is super interesting--probably most interesting of all the aliens introduced in this series--but the lack of attention paid to him in previous books didn't do a great job of building up suspense.Julie was more of an issue for me; I just didn't buy her character or her motivations. The quickness with which the heroines in this series adapt to their circumstances has been a consistent annoyance for me, but with Julie, it felt most contrived. Possibly because she was so inexperienced, so young, so focused on scholarly pursuits, and so cloistered. The wrap-up of the Vultor plot and the kidnappings (tying in the traditional end to the Seven Brothers source material) happening in the same book was probably ill-advised, also. A cute little KU series, but certainly one that required significant suspension of disbelief, even more so than is common in the genre."
Emily Lindsey,,14,5,"March 3, 2023",,,"I read this too fast and now I'm lamenting on Gilmat being the last brother in this series, lol, I just want this group of beings to continue! Julie and Gilmat have an affinity for each other right from their first meeting. They are perfect matches in both interest and intelligence but even more importantly, emotionally. I love that Julie is the more sexually, I want to say aggressive, but she's more like encouraging of their mutual feelings to sprout, like often. I love all the characters in this series, I was dying to read Gilmat's story but now that it's over I'm having speed readers remorse, lol, I want this world to continue, lol! I'm sure I'll get addicted to the next series Honey Phillips writes as well, but it's too soon, lol, and I'm still in love with this one."
Spinneretta,2459,13,4,"March 7, 2023",,,"Gilmat and Julie When Gilmat is handed a “bride” by his irrepressible brother Benjar, he isn’t quite sure what to do.Julie has no such reservations- away from her overbearing mother she blooms, an entirely appropriate reaction for a bride to a male who can control plants…This story completes our seven alien brothers-in-arms series, and wraps up some of those overarching background stories.The romance is sweet and sexy, while the extended ending allows us to see all seven couples together, as well as tying up those loose ends I mentioned.This is a fun series for the sci-fi romance enthusiast, each book can be read as a standalone as far as the romance is concerned, but work best in order for those background arcs and for the ties between them. Recommended for sci-fi romance fans."
Melanie Milburn,1148,6,4,"April 29, 2023",,,"Gilmat is the final brother to find his mate. Gifted in growing plants, among other things, he is most content to be alone tending to them. But seeing his brother Artek find happiness has left him sometimes longing for that himself. When his other brother “gifts” him with a bride, the word “mine” immediately pops in his mind.Julie has a very wealthy and controlling mother determined to arrange an advantageous match for her. Julie has absolutely no interest in marriage, much preferring to continue her studies. When she’s taken and brought to Gilmat’s home, she is surprisingly unafraid. Indeed, she’s quite taken with his home, plants and experiments. And Gilmat himself. He inspires feelings and longings that she’s never experienced before, and she wants to study HIM.Steaminess level: high."
Nancy,863,8,5,"February 27, 2023",,,"The End of The Series!Unfortunately, all good things must come to an end! As sad as I am that this is the last book, Ms. Phillips doesn’t disappoint us. Gilmat and Julie’s story is about as sweet as they come! Gilmat doesn’t want a mate, but when one of his brother’s grabs Julie for him, once he see’s her and holds her in his arms he knows he will never let her go! And Julie claims she never wants to marry, but it doesn’t take her long to fall in love with adorable Gilmat! But things aren’t going to be quite that easy for them when danger comes calling.Don’t miss the end of this fantastic series!.I received a free copy of this book via Booksprout and am voluntarily leaving a review."
Virginia,217,1,5,"February 28, 2023",,,"Gilmat has been the brother who showed up with fruits and vegetables, and then was pretty quiet. He is such a sweetheart - just like his brothers. Julie turns out to be the most quickly accepting of the stolen brides. Frankly, considering her mother, I was not surprised! lol! Gilmat is the first plant-like main character I have ever read about, and he is so much more than I expected! What’s not to love about a hot guy with green skin, hair that is part vines, and can communicate with plants? Sadly, this is the last book in the series. There were some threads to tie up, but it all came together beautifully! I loved seeing all the couples and their families, and seeing how happy everyone was together. This was such a fun series! Loved it!!"
Nina Diab,3160,35,5,"March 12, 2023",,,"I loved this book! Out of every book that was coming out in this series- this was the one I was looking forward to the most. I've always been interested in plant/flowering males and what they could do and create with their abilities and powers. Great world building. I loved both Gilmat and Julie. They were so perfect for each other- well matched and balanced. Since Julie's life was very controlled by her mother and she longed for freedom and her own choices, waking up in Gilmat's arms didn't frighten but intrigue her. Gilmat longed for a bride but was resigned not to have one, until his brother gifted one right into his arms. Then he would never let her go. A sweet read and the final book in this series. I'm sad that it's over, but happy with the ending. 5 stars."
SHERRY DAVIS,114,1,5,"February 28, 2023",,,"From the first page, I was captivated. When Gilmat's brothers went to Wainwright to get brides, he was wishing them the best of luck. He wondered what it would be like to have a bride of his own. When Benjar knocked on his door and handed him a wrapped bundle, his brother gave him a present. A bride of his own.Julie was captivated by the male who claimed that she was his bride.This is a story of pure love. I guarantee you will love it. One of Ms. Phillip's great love stories. I couldn't put it down and hated when it ended.I received a free copy of this book via Booksprout and am voluntarily leaving a review."
Lesley Brown,635,3,3,"March 6, 2023",,,"There’s 7 books worth of plot to wrap up in this book, and it’s the same length as the other novellas in the series. Because of that, a lot of things get short shrift here. There’s the Vultor, the fallout from the families in town, Julie and Gilmat’s own story, two time jumps, along with other minor threads. It’s too much. This needed to be longer so Julie and Gilmat didn’t get lost. Plus, Julie just didn’t make sense as a character. Her reaction to Gilmat and the situation isn’t even in the realm of realistic, even for this series. It’s ok, but not great."
Kelly,431,,5,"May 15, 2023",,,"4.5*Honestly, this was a fantastic ending to the series. The only reason it doesn't get a full five stars is because the relationship is developed too quickly. It reads very insta-love. I absolutely loved the characters, the plant atmosphere and magic, the grade-a steamy scenes...ahem I mean ""experiments"", and the solid plot line. The series finished well, and I was satisfied at the conclusion. However, I wouldn't say no to more stories from this world/town. I fully recommend this book and the series as a whole. Callum was by far my favorite, but dang was this a great series. I really want to watch the inspiration movie again soon for more of these vibes."
Cristy,371,11,5,"February 28, 2023",,,"Wow, this story comes to life in the most deliciousness of ways. Figuratively and literally. Gilmats' entire existence is determined by how he can manipulate living organisms. What he is able to create with his emotions is a vision itself, especially when those abilities change exponentially when a human female shows up unexpectedly at his door.This is such a beautiful conclusion to this amazing series. A unique band of brothers and their wives finally have the life and family they all deserve with a very HEA had by all!"
Donna,695,7,5,"March 2, 2023",,,"A continuation of the Seven Brides for Seven Alien Brothers series and this story will keep you smiling all the way through. Julie wakes up in Gilmat's arms and feels no fear, only comfort. Gilmat never dreamed of having a mate. This story explores their relationship, how they work through their experiments with plants and so much more. There is some danger, humor, plot twists and steam. Overall a great story that brings old friends back together. Loved it.I received a free copy of this book via Booksprout and am voluntarily leaving a review."
SCC,240,1,5,"March 5, 2023",,,Loved this series and the characters. Sad to see it end but hoping for some more from the homestead. Hoping Seren finds his HEA. Can't wait for the next read from this author and thank you for bringing back memories from when I was younger Seven brides for Seven Brothers was just one of the movies I watched with my Mother. Even though these books were a little less PG lol they still brought back happy memories. So for that alone these books will hold a special place in my heart.
Lonnie,639,28,4,"March 9, 2023",,,"give me more wounded heroes and pushy heroines I LOVE THEM. This was such a good ending to the series and it gave me the babies hit that i needed. If this series didn't have a certain character that I don't like *yes, that pink big lion* it would be so so perfect.Gilmat and Julie are so soft for each other and even if a bit insta lovey I think that because of their characters it makes sense. Also, the science spice and the actual explanations of Gilmat's species was very nice and a good break from the lock down lovey dovey"
Sharon Gillman,625,3,5,"March 23, 2023",,,"Gilmat, for all his quiet and shy ways, proved to be quite a force of nature...pun intended.As this was the last book of the series, I knew Ms. Phillips would not disappoint in tying up loose ends as well as giving us another well fleshed out romantic story of our final couple.As always, I'm always saddened when a series ends because of feels the author manages to bring to her books. Thanks again, Ms. Phillips for another wonderful series."
Candy Berg,159,4,5,"April 29, 2023",,,This series was so cute. Each character has come together from a damaged background. They’ve forged a friendship based on hardship. Hearing the old story about stealing brides they decide to do just that…Alien style. Luckily for these wounded warriors they luck out ending up with the perfect mates for them. These stories are cute and heartwarming. Each has a unique personality and the bride coming to them seems to fit them perfectly. I really enjoyed this series.
Katie Kaste,1598,,5,"May 22, 2023",,,"Julie just wants to have an adventure, Gilmat doesn’t think he deserves a bride. Thankfully Benjar dropped off Julie at Gilmat’s house. Julie and Gilmat find that they have chemistry and biology. They start doing experiments to figure out exactly what you can do with his plants. This is the final book in the seven brides for seven alien brothers series. I did enjoy this one’s ending because it had two epilogues one epilogue for Julie and Gilmat and the other to come back to everyone in this series. This was a very sweet series and I’m glad I read it."
Sophie Boyce,225,3,3,"January 14, 2024",,,"And just like that, the series has ended! Julie has always been a commodity to her wealthy mother and she just wanted her to marry the most wealthy respectable man in town hut Julie loves books and plants and wants more from life she was to study.Julie was kidnapped on behalf of Gilmat (even though he didn't ask for a bride)Gilmat is just a big green friendly giant who is connected to all living plants, and he knows Julie is his mate.This book wrapped everything up nicely, and I've enjoyed this spicy alien stories."
Mandy,283,3,5,"March 2, 2023",alien；happily-ever-after；romance,,"Gilmat is Julie and Gilmat's alien HEA. Gilmat longs for a home and family of his own,but won't ""propagate his flawed genes"". He's convinced himself he's content with the life he has and doesn't need more. Until his brothers make a decision for him that will change everything.Great alien HEA. Enjoyed this one.I received a free copy of this book via Booksprout and am voluntarily leaving a review."
Felicia Branch,86,,5,"March 2, 2023",,,"I believe I loved this one best. It wrapped up the underlying danger storyline in a satisfactory manner.Gilmat's expertise with plants was unexpected and gratifying. Especially when Julie needed protecting. Loved the part in the clearing when the pass reopened. And the closing epilogue was great, showing Julie and Gilmat's daughter. Too cute.Great series."
Lisa Bing,3931,46,5,"March 3, 2023",,1,"This was such a fun read! I loved Gilmat and Julie together. Who knew having a 'plant man' for a mate would be so entertaining?! He really was a unique male and Julie was his perfect match. Their experiments were hilarious, so be prepared for good humour in this one, as well as action and steamy romance. This is the finale and it's a satisfying conclusion for the series. I can't wait for what's next by this author :D"
Carmen,1745,10,5,"March 3, 2023",,,"I think this might be my favorite of the brothers! When Benjar brought back a bride for Gilmat he was only concerned about his brother being alone. He didn’t realize just how freeing love could be for Gilmat and Julie. Out from under her mother’s thumb she literally blossomed. She turned out to be a loving, mischievous vixen who challenged Gilmat every step of the way. I loved it."
Kristine L.,6064,55,5,"March 3, 2023",,,"What a beautiful love story. This was as sweet, romantic and steamy. Gilmat is a wonderful male, who has harmony for plants. These two are perfect for each other and I loved their journey to their happy ending. I hate to see this series end as I've enjoyed each and every story. Highly recommend this story and the series.I received a free copy of this book via Booksprout and am voluntarily leaving a review."
Dr susan,2578,39,5,"March 3, 2023",,,"Julie is adorable and fun; Gilmat is a great character. The two together are magical and heartwarming. It's Honey Phillips, so there's graphic sex (duh). A couple of nasty characters finally get what they deserve, so there's a little violence. But this very enjoyable SFR may be my favorite of the series, because I love Julie. Phillips hints there could be more stories like these, and I really hope so (Seren and Susan???)."
Esther,85,,5,"March 3, 2023",,,"Aw, it's always a little sad to finish a fun book series. I've really enjoyed these fun books based on the classic musical Seven Brides for Seven Brothers.  Julie is a good match for Gilmat, with her sweet and sincere openness to love and to building him up so well, as a good mate should do. I enjoyed the steamy scenes as well as the sweet ones. A fun read."
Misti Britnell,213,2,4,"March 3, 2023",,,"Series: these just make you happy when you read them. Short and heartwarming.This book: good end for the series. Left a dangling thread or 2 for potential future books, but wrapped everything up nicely for this story line. Loved both the main characters. I really liked that the h didn't fight fate like a rabid child as so many authors like to have them do. I didn't notice any typos, mild spice, vanilla alien/western romance."
Sabrina Flachsmann,1275,6,4,"March 6, 2023",,,"I have been loving this series and these brothers. Julie and Gilmat were so perfect for each other. I loved how Julie was more of the aggressor with their relationship, it was a nice flip from the norm. While this one was more sweet than anything, we do get a lot of steam from these two. Great read, I finished in one sitting.I received a free copy of this book via Booksprout and am voluntarily leaving a review."
Janina s. Asselin,707,1,4,"March 8, 2023",,,"This final story, in the series was a wonderful conclusion. All the brothers found their mates and lived happily ever after. The characters were good and the story line didn't drag. Again my only complaint is the artwork of the covers. They are too cartoonish. I am immediately turned off by the covers and turn away from many books that look like comic books. I realize the characters are imaginary but PLEASE stop with the cartoon character depictions. Ugh!"
Just G,248,,5,"March 9, 2023",,,"The stories of these 7 brothers (aliens to humans, and all different) and their journey to find peace after a brutal war, are so good. Simple stories really, but full of love and passion as they claim their human brides. I love the author's imagination of what aliens might be like. This final story of the series was the perfect ending. If you like alien and human love matches with a dose of heat, you will love these stories."
SL Thomson ,349,10,5,"March 17, 2023",,,"Another satisfying end to a series. I am so glad Julie was calm and understanding and delightfully curious helping to bring the best out of Gilmat. Their ""experiment"" were steamy and helped to serve a greater purpose for Gilmat. A wonderful twist on the original western musical. This was way better sans the singing and dancing. Reviewed by Who She Reads"
Lynette,188,7,3,"March 18, 2023",,,This was a nice ending to the series. I enjoyed all seven books. The plot was a bit all over the place in this particular book. Also the insta-love troupe is not totally my thing…it really wasn’t so believable here. But overall it was a nice relaxing red. Gilmat was adorable and truly a gentleman among gentlemen. Julie was kind of a bird brain but she had a good heart. Overall the series was nice and I say Kudos to the author for a job well done.
Christal,1108,1,5,"March 25, 2023",,,"This book, like all the others in this series, hooks your interest from the beginning. Gilmat finds his mate lying on his door step. At the time, he doesn't know that the human female named Julie is his mate but it doesn't take long for their love to bloom. The characters are wonderful and the ending with all the mates, aliens and their babies come together with the local townspeople which includes Julie's mother. There's lots of action and steamy romance with a happily ever after."
Rosa Maria Garcia,2302,20,5,"April 11, 2023",,,The last book of the series was just as great as all the previous ones. Loved how the two main characters were made for each other and help plants bloom or produce fruit because of their love for each other. I enjoyed how all the brides joined together to meet the town's people; to let them know they were married and they weren't leaving their mates. You won't go wrong by reading this book and definitely a must buy.
Laura,1290,,5,"April 13, 2023",2023-reads；forced-proximity；paranormal-not-shifters,,"Gilmat was an interesting character. His connection to plants and ability to mold them and communicate through them was fascinating. Loved that Julie got to live her ideal life (lots of books and plant science) after being abandoned with a random, lonely alien.Great wrap-up to the series. Seems like, with the exception of folks doing bad things, everyone in and around Wainwright lived happily ever after. Gotta love that."
Carol,896,7,3,"May 24, 2023",,,"The last in the series and it’s a lovely ending. Although the writing is simple and straightforward, it makes it easier to read and accept the alien species aspects of the plot. The seven male aliens, each a different species, have their own unique gifts, skills, and cultural aspects, as well as physical appearance and biology. It all makes for interesting reading. Enjoyable series, and fun to read."
Teresa Woodard,345,,5,"July 4, 2023",,,"Like his brothers, Gilmat has some unique skills. He is using some of that skill to work with plants and to experiment with improving them. When he finds that one of his brothers has left him a gift in the form of a woman, he’s not quite sure what to do. Then they both come up with some ideas and also make some amazing discoveries! Such as……Read the book to find out!! 😆"
Janiece Hemphill,7,,5,"August 21, 2023",,,"I loved each story! I fell in love with each alien and his bride, and their individual stories. My only regret about Gilmat is that it ended the series.Thank you for a wonderful time! Your series got me thru 2 dental procedures, and a challenging family crisis, and I am so grateful for the experience. Each story, each night, soothed me, entertained me, and made me smile with joy. Thank you!"
Laura Moylan,681,,5,"September 5, 2023",,,"Gilmat meets Julie who loves reading and plants when Benjar kidnaps her for his brother. This series is a wonderful feeling of the classic 7 brides for seven brothers. Except they're all warrior aliens wanting brides. This is he finale and it doesn't disappoint! It was romantic, steamy, and exciting g ending to the series. I can't wait to see what is coming next from this author.I really enjoyed this book and series."
Joanne,667,1,4,"October 13, 2023",,,"Gilmat is able to control plants, and Julie was kidnapped and given to him as a bride. Fortunately, she also loves plants, so they are a good match. There was a bit more drama and more family time in this story. I am so sad that this is the last book on the series. I have loved every single story, and I will miss it. I thought it was great, so if you like aliens and steamy romance, give these books a try."
Ms G Thompson,287,,4,"March 20, 2024",,,"Gilmat, an unusual alien is ‘gifted‘ a woman, a bride from the nearby town by Benjar. I love how Benjar in search of his closer to loneliness has accessed certain knowledge enabling him to find the best possibilities of joy for his loved brothers. When Julie awakes in a strange but comforting place she is surprised to find Gilmat who is huge and green. Their encounter and subsequent rooming is sweet, sensual, charming and beautifully drawn."
3v3,55,2,5,"February 28, 2023",,,"Although both main characters were opposed to having a relationship, they both changed their minds pretty quickly once they laid eyes on each other. It was actually kind of funny how eager both of them changed their minds. This story was sweet, fun and nerdy and I really enjoyed it.I received a free copy of this book via Booksprout and am voluntarily leaving a review."
Michele,1134,4,5,"February 28, 2023",,,"Gilmat, a gentle giant, who felt that he should never have a mate finds himself with one. What a great couple, Julie is his perfect match. We also get updates on all the other brothers and their brides, a great story, a fantastic series.I received a free copy of this book via Booksprout and am voluntarily leaving a review."
Anne-Marie,1212,5,5,"March 1, 2023",,,"For not wanting a bride, Gilmat is completely taken with Julie when she’s presented as his bride. While he considers himself flawed for not being able to control his powers, she enhances them just by being with him. This is a delightful tale full of love and guaranteed to make you smile, especially when Julie starts her experiments."
sarah,106,3,5,"March 2, 2023",,,Who knew a plant man could be so appealing. This was a great finally book to the series. Though I hope we somehow see more in the future. I highly would check out this book as well as the rest of the books in the series. Any book by Honey Phillips is worth reading
DemetraP,4553,,4,"March 2, 2023",,,"This book was steamy and sweet. They both are immediately attracted to each other and are respectful of each other's boundaries. The hero is part plant and can grow and manipulate plans into hammocks, arches, vines/ropes, etc. He can even turn it into clothing.This is the final book in the series as all 7 brothers have had their own book."
Alice Cain,44,1,5,"March 3, 2023",,,"Hopefully, everyone has had the chance to see the movie ""Seven Brides for Seven Brothers.""If you have, then you'll have enjoyed reliving it through this series.If you haven't seen it, you should go and rent it NOW and have a blast!Thanks for this blast from the past!"
Shortnez,37,1,5,"March 3, 2023",,,I absolutely adored this series as much as I enjoyed the movie as a kid.It's beautiful to see everyone's happy endings and how the town of Wainwright eventually learns to accept the band of brothers.Gilmat and Julie are 2 peas in a pod. A very beautiful romance that brings 2 lost soals together for a great adventure.
Lupe,20,,5,"March 3, 2023",,,I’ve been waiting for Gilmat’s and Julie’s book and it was worth the wait.. Julie’s acceptance of Gilmat made the book even sweeter and her love of knowledge helped her with understanding Gilmat. Honey Phillips wrapped this series up wonderfully and I will be rereading all of them again….
Maranda Husley,29,,5,"March 4, 2023",,,"I loved it! It is loosely based on the old musical 7 brides for 7 brothers and is absolutely amazing. It was new, exciting and yet you could still see the threads of the original story but with aliens. I have to admit this is one series I wish I had a hard copy of."
rosemoonfairygmail.com,121,1,5,"March 5, 2023",,,"I just loved reading these books. They helped escape reality for awhile as I read happily about brides and mates. It's very hard to say which book was my favorite. Maybe this one, but I will miss this series. I highly recommend reading these books. I loved them all!"
Anne Murphy,180,1,5,"March 5, 2023",,,Seven Brides for Seven Brothers has been one of my favorite musicals ever since I watched it with my mom. When I saw one of my favorite authors was developing a series with the musical in mind I was thrilled. Now I wish there were even more brothers for more books! Maybe more former soldiers will join the ranch and get their own books? I hope!
Sarah Collins,79,,4,"March 6, 2023",,,"Really loved this series. It is sweet, charming and steamy. I really liked how each book added a little bit more to the overall story arc. Hope to see more stories in this world in the future. Love the idea of a veteran sanctuary. Because who doesn't love lonely, damaged warriors with giant.......hearts, I was going to say hearts!"
Cynthia Jackson,1078,,5,"March 7, 2023",,,"There may be similar stories but the original seven are done. I loved them all so much. They are reminiscent of the movie, but unique enough to keep me interested. I love the characters, the storyline, the sexy times, and the tempo of this series. Great work Ms. Phillips."
Lucie Wise,1,1,5,"March 16, 2023",,,"Seven Brides for Seven Alien Brothers is another sweet and sexy read from Honey. Loved the characters and the way each brother got his bride. If you loved Honey’s other stories, you’ll love these ones. If you haven’t discovered Honey yet, this is wonderful introduction."
JG,14,,1,"March 16, 2023",,,"DNFI read the other books in the series and found them enjoyably silly and fun. I was excited for the final book, but just couldn't get past the description of the FMC. Her body being childlike except for her curves just creeped me out. I wanted to see how the series wrapped up but I couldn't get past her descriptions and overall demeanor in being kidnapped."
Dani ,1014,13,4,"March 17, 2023",,,"This is my favorite book of the series, and not only because it wraps up the stories of all the brothers. I liked the banter between the hero and the heroine. It was also interesting to have the hero’s issue be something that caused little angst. This was a quick and fun read."
Shyanna Zurn,29,,3,"March 26, 2023",,,"3.5 stars. If you enjoyed Ice planet barbarians this could be a series for you. These books are more novellas than true books I feel, however they are cute quick little reads. My big complaint is because they are short there isn't much world building and the time frame is also pretty quick. Not as much detail as a series like IPB but still a good one!"
Lisa,5,,5,"March 30, 2023",,,I have been obsessed with this series for months reading the available books and now that it's over I don't know what I'm going to do. I want Serans story. I would love for more warriors to come to the ranch I would even love some of the kids stories. This book was wonderful. Thank you.
AHadden,32,,4,"April 4, 2023",,,This was one of my favorites! I loved learning about the gentle giant and his stubborn bride along with Gilmat’s interesting gifts! More spice than the other books which I enjoyed. I also liked how it wrapped up with the town and families. It just came all together wonderfully!
love is embarassing,73,,1,"April 7, 2023",,,Too many generic names i cannot for the life of me remember. Too many children makes my head hurts to remember which is which.I am a pick me girl i admit because i hate hate hate all this bitches except Nelly.Can they all not get pregnant at the same time as my queen? It’s quite annoying ass hellIm finally free from this hellhole✊✊✊
Lyngay Hemsath,183,,5,"May 6, 2023",,,"Seven brides for seven brothers was my favorite movie! Honey Phillips wrote a great series that had the bones of the movie. Each book written well. The characters were believable and individually different. After each book, I was interested to start the next book. The books are worth reading again."
Kevin Logan,4,,5,"June 17, 2023",,,"Gilmat and Julie were a sweet treat to end this series with. Loved all seven, and as a fan of the musical that inspired these stories (Seven Brides For SevenBrothers) , I thoroughly approve of this series. I could almost hear Howard Keel and Jane Powell and the resy of the cast singing throughout the books. WELL DONE!"
Claire,1137,19,3,"July 6, 2023",alien-romance；kindle；kindle-unlimited,,"First of all, the cover is hilarious to me - the tiny little man head on the bulky body! I get the sense that this was a Groot-inspired hero and they went that direction for the body, and just plonked on a regular ol' human head. Thankfully the story is good, with the final resolution to the avalanche and the intruders as well."
Georgen Charnes,,7,2,"October 1, 2023",alien-romance；steamy,,"Well, I read them all. I'm afraid that by the seventh book, the lack of concern by any of these women about being a kidnapped bride, and the absence of any personal goals, starts to be annoying. Still, charming little stories. I liked that a couple of the women seemed like they were going to contribute to the ranch in some way."
JP,1426,11,5,"October 17, 2023",,,"I completely fell in Love with this series and will miss all the characters 😊. This last book shows how wonderful it's been to find their mates and make the ranch profitable 😃. Thanks so much Honey, I truly enjoyed reading this series and look forward to reading more written by you 🤓."
Betina,108,,4,"October 17, 2023",,,"Since this wraps up the series it is best read in order. However, the story is good in its own if you choose. Julie and Gilmat recognize their feelings from the first but he has to learn the skills their relationship has encouraged.Another satisfying read"
Reader,7,,4,"December 29, 2023",,,"...has long been one of my favorite old musicals so this series premise was intriguing. Honey is a wonderful, creative writer and I enjoyed these stories and would recommend as light romances. (Light in this description means no drama or violence, just a spicy romance.)"
Diana Coley,30,,4,"January 4, 2024",,,"While there was not so much angst between the couple, the bond between them was so evident . They were truly well matched. I really loved that Gilmat really showed his power during the attack scene. I liked how the series ended. I hope Honey can add a spin off from this about Seren and other alien soldiers who find healing and love."
Alicja,286,1,4,"February 17, 2024",,,"This series is about the residents of a colony on another world who have taken to Earth older times as a way of life, with minimal technology and very strict guidelines on what they can and cannot do. The story does described the world and how the founder as well as residents fit into the larger world and throughout the series you find out more about the colony's history and the people in the town.This story focuses on how PTSD effects people in unsuspecting ways, with that being said in some aspects of the story I didn't like that it was portrayed that being with someone you care about would cure you without having to do the work around it. Although, in this story the male characters (who have been soldiers in the past) have already worked through some of their trauma prior to the females joining into their lives."
Elaine,209,4,4,"February 28, 2024",,1,"A new series favorite! Gilmat’s plant affinity was really cool to read about. I am so glad that Benjar decided everyone deserved a bride..land he picked the absolute perfect ones. Julie was a hoot…she was so open and determined in her want for Gilmat. Their “experiments” were fun, too. I look forward to reading another series by this author as this one was a really joy from start to finish."
Gloria,1610,14,5,"February 28, 2023",,,"I'm sad to see this series end. But looking forward to the next. Gilmat doesn't want a mate but when Julie is brought to him game over. He knows that Julie is his fated mate and he will never let her go. Sweet, steamy, HEA."
Cynkris,396,,5,"March 5, 2023",,1,Gilmat is so wonderful!  He is a perfect professor/scholar. And Julie his perfect student. They are such a sweet couple. I loved everything about this book and this series! Seven Brides For Seven Alien Brothers series just plain made me happy. Honey Phillips has magic when it comes to characters. Her worlds and stories are fresh and so enjoyable. I can honestly say I've never read one of her books that I didn't love. I love the homage she pays to one of my favorite movies of all time..Seven Brides For Seven Brothers...the books have the same charm and happy feeling as the movie. Wonderfully writen!
Jannie Cv,990,28,5,"March 2, 2023",sci-fi-romance,,"What a delightful story!Gilmat is such a unique male! His affinity to plants is amazing. I love that Julie is such a perfect match for him. She complements and enhances his abilities; he’s able to release his innate skills. I must confess, some of their experiments had me in stitches! Their story is a deliciously sweet romance, and the completion of the series holds many surprises, and solutions for a very happy group of alien brothers and their mates. I love it!"
Angela,2731,9,4,"March 1, 2023",,,"I have zero skills in gardening, so reading about a man whose emotions can affect plants the way Gilmat does has me very envious. Sad about the end of the series, but very happy that all of the brothers have found their forever mates."
Leah,1560,11,4,"March 2, 2023",,,I love Gilmat so much. He's so sweet and messed up and I love him with Julie. She is a great match for him and their romance was so well worth it. This series has been such a treat to read.I received a free copy of this book via Booksprout and am voluntarily leaving a review.
Trish,611,3,5,"March 3, 2023",,,"I really thought the imaginative way Gilmat was able to use his body, and mind to manipulate the plant life to do things for him, and to his "" Little blossom"", was so clever. Best part...his "" Esesence, was mint flavored."
Alaska love,1293,3,4,"March 3, 2023",,,Gilmat and Julie are the last of the seven brothers and their wives. The plants that both of them loved were a big part of their story. Plus we were caught up on the other brothers and their wives. I would love to visit these couples again sometime. Enjoy
Christiana Davis,204,,4,"March 3, 2023",,,This was the best book of the bunch and was really a great read. I love that GIlmat finally got a book. This was a great take on the movie seven brides for seven brothers and I enjoyed every book in this series.
lucinda blankenship,75,,5,"March 4, 2023",,,"As usual we need more. Honey Phillip's has did again, a wonderful plot and characters that feel like a friend you know personally and are rooting for and villains you gleefully enjoy their demise. The only problem we want more more more."
Emily Stafford,510,1,5,"March 4, 2023",,,Nice to see at the end how this band of brothers had found love and healing. The former soldiers and some of the women had overcome obstacles from their past and built families together.
Rachael,2280,10,5,"March 5, 2023",added-to-storygraph,,"Gilmat was so so sweet! I loved him so much. He was really thoughtful and kind, and I loved that he was so protective of her. Julia was cute. I wish I got to see more of how they came to care for each other. It was a bit instalove-y but very cute."
Wendy Christine Gregory,73,1,5,"March 5, 2023",,,"I really enjoyed all the characters in each book. I love their differences, but how they come together despite them. If you get a chance to read these, please do. It is really a great series by a very talented author."
Amanda  Tucker,12,1,5,"March 6, 2023",,,"I loved every bit of this series. I loved how the author finished everything out. How the towns people came to the ranch, what happened to kitty's thing. I just wish there were more books. Do more come to the ranch?"
Alison Shanahan,109,,5,"March 6, 2023",,,"I enjoyed this series of Seven Brides for Seven Alien Brothers. The different Aliens made it fun, they all have their foibles, gifts and abilities. Gilmats ability with plants is a great storyline, I can imagine everything bursting out in flowers whenever he's happy."
Eve,146,8,5,"March 10, 2023",,,Sadly this is the last book in a amazingly well written seven book series. Imaginative storylines and detailed characters.Julie and Gilmat together are magnetic and awesome.I received a free copy of this book via Booksprout and am voluntarily leaving a review.
Lynda,2,,5,"March 11, 2023",,,This book was great. I loved them all. This book tied all the loose ends together and you feel the love and happiness of all the characters. Just keeps me wanting more.
Blue Rose,1356,6,5,"March 13, 2023",,,"What a lovely ending to a great series. I enjoyed meeting each of the brothers and their brides and watching them overcome their issues to claim their love. I know he's not one of the brothers, but I hope we get a story about Seren."
Amy,286,41,3,"March 13, 2023",,,"This wasn’t a favorite but I enjoyed the characters well enough and liked how everything was wrapped up. I do wish it was a bit longer as the ending felt rushed, but overall it was a nice conclusion to the series!"
Lynette,94,2,5,"March 13, 2023",,,I found this story to be a good read with good characters and storyline. I love the main characters and the assorted minor players were good page turner story flowed. I completed in one sitting ...
Jenny DaMota,156,,5,"March 14, 2023",,,This will be the second series I have completely finished by this author! I love them so much I'm so sad this one is over but I really loved this story Julie and Gilmat are just adorable. I love how she wanted him and went after him. Such a sweet story.
Roseanne Storch,126,2,5,"March 21, 2023",,,"It was so exciting to read. I kept thinking about how people try to better everything around themselves and don't know when or how to stop, maybe some people don't even want to stop being God! You ended these stories beautifully. Thank you!!"
Jeannette,958,,5,"March 28, 2023",,,"This is a very good, well written, Alien/ Human romance and a great end to a beautiful series. The characters are well developed, interesting, and lovable. I really hate to see the end of this series. Love Honey Phillips writing. Read and enjoy."
Jennifer,975,29,4,"April 17, 2023",,,"This short sci-fi romance was sweet and cozy. I found the hero deliciously alpha and the heroine very sympathetic. There was enough action and plot to keep the pacing quick. I read it in one sitting.I received a free copy of this book, and am voluntarily leaving a review."
Cheri Winget,546,1,5,"May 26, 2023",,,"Gilmat and Julie's story caps the end of an endearing series of lost and broken aliens finding the human women that not only heals them, but the women also find what they are looking for and their HEA's.Quick, smexy read.Well worth my time and $$."
Teresa Gail Little,7,,5,"July 14, 2023",,,"It only took me a week to finish the series. I was so enthralled by all your different aliens story lines, I did not want to stop. I loved these books. Just wished there were more. So if you just happen to think of more , I would definitely read them. So fast! 😉"
Ming Ransdell,51,,5,"September 17, 2023",,,"My favorite line from one of the other stories. Highly recommend to start with book 1....“Then I’ll ask you again, is there any choice other than to fight for her? For her love?”"
Linda,579,13,5,"September 18, 2023",,,It was a great ending to the series. But I'm hoping that Honey can add to the series. So more males can be helped. Which was hinted at at the end of this book. 🤔
Lisa,1638,,4,"October 10, 2023",,,"Fitting end to a series of books - including the ""baby crying, it's mine"" from the musical!This was another quick Insta-love read, but nicely tied up the plot threads throughout the series and ends with an extended epilogue, which left me very content.Enjoyable read."
Shawn,2645,,5,"January 9, 2024",,,"This was a good addition to this series. While it was sweet and I loved his powers for seen reason he really was my least favorite of the brothers. That being said, I still really liked this book. This was a fun series. I’m sad to be at the last brother’s story."
ChattyChik21,2576,,5,"February 4, 2024",,,I totally thought her personality was hilarious and adorable what a cutie. I also love the extended snd intercontinnecyed final epilogue what fun. Cowboy aliens are my thing
Annie,345,,4,"February 20, 2024",,,Gilmat is such a cool character. His powers are amazing and he was so supportive and protective of Julie from moment 1. She took the whole thing in stride and their chemistry was great. I like how she worked with him to show him he was capable. The 5 years later epilogue was fun.
Vidu,350,,3,"March 21, 2024",american；ebook；fiction,,"The romance between the MCs wasn't my favourite, but it was alright. I enjoyed how the loose ends of the series as a whole got tied up, and the weddings at the end were cute. It's just that after getting into Ruby Dixon, I don't know if any other author writing alien romances will hit as hard :/"
Marianne,5821,70,5,"February 27, 2023",,,Absolutely wonderful! Highly imaginative! Loved this sweet and steamy sci-fi romance.. It is so heartfelt and fun!
Marilyn Gamble,740,1,5,"March 2, 2023",,,I love this set of books. They are fun and pleasant read a and leave you feeling happy and laughing.
Kt Boo's,98,,5,"March 2, 2023",monster-smut,,Perfect finishing to the series. I would have to say Gilmat is my favourite brother out of the all!
Dolores F,5,,5,"March 2, 2023",,,Good series loved all the books great ending to the series all the couples were different but blended together to make a great patchwork family
barbara ditto,11,,5,"March 3, 2023",,,This whole series is adorable. I enjoyed every book. I wish the story would continue with other warriors coming to the ranch and finding wives.
Rita Spriggs,447,1,5,"March 3, 2023",,,Such a good read. Hate this is the last one.
Natalie B ,8,1,5,"March 3, 2023",,,"This series has been a great comfort read. I really enjoyed the short, sweet and steamy stories. Each character was unique and fun."
Shirley Haworth,51,,5,"March 3, 2023",,,I have enjoyed every book in this series. The characters are all likeable and honorable and so deserving of their happily ever afters.
Penny Wright,1275,3,5,"March 4, 2023",,,"Agh, I hate that this excellent series is ending. Gilmat is as terrific a read as the others in Seven Brides for Seven Alien Brothers!"
Victoria,1868,16,3,"March 4, 2023",honey-phillips；sci-fi-romance,,3.5 stars
Happy Girl,172,,5,"March 5, 2023",,,I read everything this author writes. Please keep writing Honey Phillips. I love all your books and can't wait for the next series!
Veronica,160,,5,"March 5, 2023",,,"These books are fun reads with action, adventure and lots of steam. Perfect series for 7 brides fans, with Ms.Phillips magic."
Teresa,26,,5,"March 6, 2023",lithium,,It was soo freaking cute.
Charlotte,,16,4,"March 7, 2023",,,"Cute book, sorry there aren't more in the series."
Kristina,39,1,,"March 8, 2023",,,Best series I have read in a long time. Low angst and HEA. The characters develop and compliment each other.
Caroline,94,3,5,"March 8, 2023",,,"Something so innocent can be much more dangerous then you expect, that is exactly what you realize with this book."
Katelynn,409,2,5,"March 9, 2023",2023-books-read；kindle-unlimited,,What a great way to end the series! I’m looking forward to reading more from this author.
Yaa Rose,1,,3,"March 10, 2023",,,Nice
Teresa Wright,1214,,4,"March 10, 2023",,,I loved this series. I can't believe that it is over. Liked how Julie took matters into her own hands to push a reluctant Gimat. Even though she didn't have to push very hard
Ana,30,,5,"March 11, 2023",,,This was horrendous..I loved it
Letha ,220,,5,"March 12, 2023",,,I love this spin after seven brides for seven brothers. Gi!mats gifts are only blossom ed when he is joined to julie. Darling story.
Katherine (kh_reads),222,3,5,"March 12, 2023",,,This was a great book to send the series. I really enjoyed this one and specifically the whole series. Such a fun read!
Shirley Eckele,181,,5,"March 13, 2023",,,Each character adds to the series and expanding the series and makes the series enjoyable and exciting. Recommend this series
Heather,653,1,5,"March 13, 2023",kindle-unlimited；mature-content；science-fiction-romance,,Gilmat is a sweetheart and he and Julie are perfect for each other. I'm sorry to come to the end of this fun and lighthearted series. There is a happy ending for all.
Sonia Nainwani,513,2,3,"March 16, 2023",,,3.5⭐️Cover is beautiful 😍 Story is good 💃
Trescina Bell,491,6,5,"March 18, 2023",,,Loved this quick read. Gilmat was so gentle but was fierce when needed. He got an awesome mate in Julia. Loved this couple. I can’t wait to see what’s next.
Stacy  Fernandez,808,3,5,"March 18, 2023",,,I really enjoyed this whole series. I loved the original. I can't decide who my favorite couple is. Probably Becky and her mate.
Carol,1618,5,5,"March 22, 2023",,,I would like this book as much as others. But it was entertaining. Loved the fact their coming together added flowers to the area.
K,77,,5,"March 24, 2023",,,super cuteno cheating/owd
Teresa Smigelski,38,,5,"April 2, 2023",,,This series is made up of sweet and sexy quick reads. I loved how the author made a squad of very different aliens into a band of brothers. I enjoyed all the stories
Toni Casto,27,1,4,"April 3, 2023",,,"I've read the entire series and I loved it. It was cute, sexy, funny, and adventurous. Human women falling in love with 7 different types of alien males."
Kristina,2259,61,,"April 7, 2023",,,Not the jolly green giant
Rachel,146,,3,"April 17, 2023",,,"How is there a series with 7 different and unique aliens and yet not one of the human women is not white?Also the cover art is all so ugly, this one isn’t the worst but damn"
Chrissy  Loves Books,504,7,3,"April 23, 2023",,,Great ending to a wonderful series. Even though this one was probably my least favorite I will definitely be reading more Honey Phillips.
Claudia Schaffer,181,,5,"April 25, 2023",,,What a great series. Each one was really good and all together was a fun read. I am hoping that she'll continue with more former warriors joining the ranch
Celestial,804,5,3,"May 30, 2023",ex-military；geek-hero；geek-heroine,,3.25 stars
Jody,46,,5,"June 4, 2023",,,I really like this conclusion to the series seven brides for seven alien brothers. It was one of my favorites in the series.
Emma Grace,158,,,"June 15, 2023",kindle；smut,,"This was SUCH A GOOD ENDING TO THE SERIES! Spice was fabulous, Gilmat was LOVELY, the plants were fun, and we got the conclusion I was hoping for."
michelle c peters,43,,5,"July 1, 2023",,,Loved them all. Good stories as good as the human original. Susan and Seren would make a good story too I think.
Melanie,2662,21,4,"July 22, 2023",books-read-in-2023；kindle-unlimited,,I have really enjoyed this series and liked how everything came together in the end.
Vicky,2103,25,3,"August 2, 2023",,,Aww... gorgeously sweet.
Fiona Coster,120,,5,"August 20, 2023",,,I so enjoyed this series. Was sad when it ended. I enjoyed near the end reading about all of them and kids.
Grace Anne,251,,3,"August 27, 2023",cozy-fantasy；fantasy-myth-sci-fi；forced-proximity,,"a light novella series for when you just need some vibes. wish the series ended on a stronger couple, really surprised it wasn’t frantor. now excuse me while i go rewatch the original movie"
Melissa Dougherty,22,,5,"November 28, 2023",,,Sad to see this amazzzing series end.... which is way it took me way longer to finish the last book. I wanted to prolong it. A great series as usual!
Belle,179,7,3,"January 3, 2024",aliens；dual-virgin；kindle-unlimited,,"3 ⭐️– Dual pov, third-person– Dual virgin – No cheating or OW/OM drama– HEA ending + epilogue five years in the future"
Amie Lynne,,6,3,"January 6, 2024",,,"This one felt really rushed, both in terms of the romance and wrapping up loose ends from the entire series. I would have loved to see more development from Julie throughout the book too."
Lucy Rose,40,,5,"January 6, 2024",,,"One of the best books would love more of them too, and see what all there children are doing and of any got together with anyone one the ranch too😍"
Chrys,50,,5,"January 10, 2024",,,"Loved this series, wonderful quick read .... this book was probably my favorite, Julie was definitely my favorite female"
Paula Dossa,1,,5,"January 15, 2024",,,I enjoyed this series. I loved the take off of one of my favorite movies. You brought the books to life.
Laura Elizabeth,550,2,4,"February 10, 2024",sci-fi-kinky-fuckery,,Probably my favorite of the series
Kay F. Smith,208,,5,"February 28, 2024",,,I loved this series they were all wonderful stories and Gilmat and Julie were wonderful amazing and just the best love story.
Rachel,318,7,3,"March 13, 2024",novellas；sci-fi-romance,,Great ending. Julie and Gilmat
Jennifer,26,2,,"April 13, 2024",,,DNF @ 20%
BLRBabe,944,,3,"September 1, 2023",novellas-short-stories-essays；romance-sci-fi-weird-fantasy,,"As a finale for series it was good. Closes a bunch of story arcs. As far as romance between Gilmat and Julie goes it was okish . Its was too insta, quick and lacked depth."
Nancy VanSpunky Reads,1029,29,4,"March 12, 2023",sci-fi-romance,,"Fans of ""monster"" romance will love this series and this book. I felt Gilmat was unique because his type of alien is more alien than most we have encountered. He's basically a plant man and that makes this quite the steamy book. IYKYK. Julie is one of the 7 kidnapped ""brides."" Her specialty is botany, so I really felt like these two go together like peanut butter and jelly. Gilmat is super sweet with Julie and gives quite the swoon-worthy performance. He's huge, he's highly intelligent, and he's also a cinnamon roll. Perfect. Phillips really wraps up the series in a wonderful way at the end of this last book in the series. Thoroughly enjoyable! 4 stars!"
Rachel,807,2,3,"March 1, 2024",cozy；sci-fi-alien；spicy-romance,,"I won't lie, I wasn't the biggest fan of Julie. This one moved a bit faster than the rest and she kept saying everything was ""for science"". I get wanting that element, but at some point it became too much. I did enjoy Gilmat. I loved his little backstory and his capabilities."
Tanya,344,4,3,"March 29, 2023",,,This series was such a fast read. I really enjoyed the light-hearted tone and the insta-love. I especially loved Frantor's and Gilmat's romances. Sooo sweet!
jessasreading,227,,4,"March 25, 2023",forced-proximity；fucking-aliens；kidnapping,,I’m so happy all 7 brothers have found their mates. I did feel like Gilmat’s story was a little rushed so they could do the confrontation at the end. Overall I enjoyed this series.
Jamie Wagnor,134,1,3,"July 31, 2023",,,"Book 7: GilmatI think this was my least favorite of the series. Julie was really bland as a character and didn’t have the spark the rest of the women had. Also she was way too calm about being stolen. Just saying, I think waking up in the arms of a plant man would make anyone a little nervous, but she was ready to “experiment” right away. Gilmat was a little too boring as well. I think they could have worked but not in this setting. I did like the plant element and how he was connected to them. However I found myself more interested in her mother’s reaction and the other couples- heck I would have enjoyed more time with Danny and learning how he was settling in on a ranch with aliens. The conflict was well done but took a little too long for me, which is weird to say since it’s not a long book. Again, I think Julie and Gilmat were a little too much alike and either had that fiery spirit that made it interesting to read about them. Also I think the mother was underused. She could have been a great counterbalance to Julie and Gilmat’s blandness. I think what saved this book, was seeing everyone at the end. I loved the epilogue! In the end, I liked the book, but unlike the rest of the series, I didn’t love the book."
Signey,189,10,4,"March 17, 2024",,,"Great way to end the series. Another quick, fun read!"
