Reviewer,Review Count,Followers,Rating,Date,Tags,Likes,Content
mica,259,2319,3,"April 13, 2023",,31,"la primera mitad me gusto mucho más que el primer libro, despues empezaron a cojer y me dio cringe (no porque sea un orco chicas por favor yo leí a PIE GRANDE, si no que los dialogos son re pedorros no se como explicarlo, prácticamente me saltee todas las escenas donde cojian PERO EL RESTO ME ENCANTOOOOOO la historia me gusto, el plot hay veces que es medio obvio pero bueno que se yo, he leido cosas peoresde vuelta algo que me ""molesta"" (no se si esa es la palabra correcta) es cuando la autora describe algo sexual, tipo hay una escena que empieza super cute donde el entra a la habitación, la mira y como que le toca la cabeza en plan ""te amo❤️❤️"" (mientras que la mina esta de la mano con su hermano porque acaban dr reencontrar y estan siendo felices) y la chabona apenas toca su pelo dice ""UY SI DE ME PARARON LAS TETAS"" MIENTRAS SOSTIENE LA MANO HERMANOOOOO....... yo ya no se....also hay partes donde la protagonista como que está constantemente EYACULANDO??? ALDBKABD no se como explicarlo siempre esta prácticamente meandose de lo exitada que esta QUE SE YO A MI NO ME GUSTO GUARDATE ESO PARA VOS MISMA REINA bueno en fin, si lograr ignorar eso esta bueno el libro jeje"
nelka9books,361,226,4,"September 25, 2023",age-gap；grumpy-sunshine；hidden-identity,16,"he brought her flowers from his trip so she could dye her hair with them, even tho they were fighting😭😭😭"
Inna,1557,307,3,"October 25, 2023",1-rating-3-and-a-half-stars；2-paranormal-fantasy；3-fated-mates,14,"3.5 stars. Not a bad story overall… but I’m too neurotic to fully enjoy stories where I’m constantly wondering about if the hero went off to relieve his carnal urges with an OW. He disappeared a few nights and the heroine didn’t know where he went, she thought he was off with another woman, and that really wasn’t ever clarified. Now that I’m done reading, I’m still not 100% sure, although I’m choosing to believe he was celibate. SWE; see above Virgin heroine, never been kissed even. And he is a little too obsessed with her virginal status for me.Hero celibate for a while and he says that’s probably why he wants the heroine so badly He also considers going to OW, not sure if he does No scenes with OM/OWNo OM/OW drama"
Angie Cox,414,3513,3,"March 30, 2023",fantasy-romance；fated-mates；kindle-unlimited,12,"WHAT TO EXPECT: ✨ monster romance (orc and human)✨ she’s a sweet pink haired alchemist on a mission ✨ he’s a dominating, grumpy, yet kind orc general ✨ grumpy x sunshine ✨ idiots to lovers ✨ he thinks she’s a spy ✨ fated mates ✨ sharing a saddle trope ✨ one-bed trope ✨ body heat trope ✨ 3/5 spice ✨ “you can take it” (he’s got a massive c0ck)✨ loss of virginity (FMC) ✨ kinks: praise, spanking, breeding, cum tasting, anilingus and other ass play✨ secrets and lies of omission ✨ miscommunication✨ HEAThis was a pretty simple and predictable story, but I enjoyed the continued world-building and the MCs. Bazur is the epitome of a grumpy cinnamon roll hero and Kaethe is an independent, loyal sweetheart. She does sometimes act foolish and naïve, which annoyed me, especially since she’s supposed to be an intelligent alchemist, but Kaethe was in a completely different environment than she’s used to so I get it. The subplot about Kaethe finding her brother was pretty good since it allowed the reader to connect with Kaethe and learn more about her past and how that affects her outlook on life now. I was expecting a more difficult lead-up to the end of this conflict but the resolution was simple and sweet.The subplot with King Vorgak was interesting world-building-wise, but I wished there would have been a bit more hands-on drama with him. And the resolution to this conflict at the end was so rushed when it should have taken more than one chapter. It’s done well for how quickly things get resolved, but it didn’t really make an impression because the drama was fleeting. I loved Zarod and Mornga so much even though they were side characters with only a few scenes. 🙈 Zarod is so charming and hilarious and Mornga is so straightforward and sincere. While their individual interactions with Kaethe and Bazur always brought a smile to my face, their scenes together made me chuckle. They’re just so horny for each other. Lol Again, they play such small roles in this story, but they were great!I think my biggest issue with the story was the fact that the characters act like idiots to make things more complicated for the story’s sake. For example, Kaethe could have told Bazur earlier on about her brother, but she doesn’t, and that creates unnecessary mistrust between the two. Or how it is soon obvious that Kaethe and Bazur are mates but Bazur, who should recognize the signs, is woefully blind to them and instead pushes Kaethe away. I just feel like these moments of conflict felt a little heavy-handed when there should have had a bit more subtlety and complexity. Also, the title is a bit misleading. Kaethe isn't captured so much as she just happens to run into Bazur and his men while she's trying to make it to the Orc King's home at Brokenbone Mountain. I guess I was expecting more enemies to lovers because of the title when they really were cordial but suspicious in the beginning. Overall, this is a fine orc romance. I liked the first book better, but this was a nice addition to the series. But I’m really looking forward to book 3 since we’ll be heading to a kingdom with vampires!! 🧛"
Marcella (Poetry Drive),315,2,4,"October 16, 2023",,5,"I LOVED this book. I don’t know how to put into words what exactly worked but the world building and character dialogues were perfect and I was never bored. Kathe wasn’t dumb or annoying, her internal dialogue was a perfect mixture of cautious and curious. Bazy was grumpy but sweet and kind without being cringey. The angst was great and the spice when it finally hits 🤌🏼🤌🏼 I’ve never wanted to have an Orc mate more."
camila,81,6,2,"October 30, 2023",,4,Yo solita me meto en estas cosas
Fantasia ☮HippieMoonchild☮,1426,124,5,"July 4, 2023",alien-monster-romances；kindle-unlimited；lots-o-smut,4,"Well, I've gotta admit: this is BETTER than , and I think a lot of that has to do with the fact that it's also a longer book as well.See, in TbtDEK, the story had to move at a fairly brisk pace and concentrate on the development of the love angle, and therefore left little space for actual plot development, which I felt was rushed out of nowhere with conflicts in the final 20%.Here, in CbtOG, we get something a  similar, where the plot rushes in way more at the end, but...because this final conflict HAS been built up just a bit, and because the mini conflicts scattered throughout still keep the story going, it all just feels more acceptable and gradual, you know?So, yeah, I was definitely more of a fan of Kaethe and Bazur's love story, and take this as a positive sign of what's up ahead for the series. Will DEFINITELY be reading the third book, when it comes out later this year!All in all, again, this is nothing too original, but for a writer who's trying out her hand at this genre and with these types of plots, it's pretty good, so kudos to her!"
Nyx,40,,1,"April 21, 2023",,4,"0,5 ⭐️Četla jsem to na vlakovém nádraží během tři hodinovém čekání na vlak. Byla jsem zoufalá …….. plot nudný zbytečný, smut horší než dvory 💀"
Callie,449,15,3,"May 2, 2023",,2,"I liked this one more than the last! I felt like it was fleshed out a little more and the orc world was a little clearer to me. The characters are cute together and it’s more slow burn for sure, so it’s more satisfying when they get together! I liked how she found her brother and wish there was more significant moments between them, considering he was the motivation for the story. A few things annoyed me, one being that Kae doesn’t tell Bazur she’s looking for her brother for quite a long time and this leads to distrust between them. I didn’t really understand why she waited so long. I thought the ending felt rushed, too. Bazur is waiting for years to get rid of the king and it happens in moments. Still, if you want a quick, pretty low angst fantasy with spice, you may like it! Triggers: parent death (murder), some orcs raid and mistreat humans (not really shown), talks of women losing babies or dying in childbirth OW/OM drama: slight jealousy from Bazur of other men admiring her, but really no. H is not a virgin and in the beginning thinks it’s been a while, maybe that’s why he wants heroine so bad (😒) Heroine is a virgin."
Joy Sterrett,46,1,5,"February 11, 2024",,2,What is there to say - wow I love this even better than the first book. The writing itself has definitely improved and I loved the two main characters - although I will always love a curvy healer as the MFC. Also truly all of the best tropes. Looking forward to #3 coming out.
riley ☠︎︎,293,56,4,"April 27, 2023",monster；monster-orcs,2,3.75 stars. I love a sweet grump😋
Jay,27,,4,"April 3, 2023",,2,just as good as taken by the dark elf king the epilogue had me screaming crying throwing up I NEED MORE OF THIS PLEASE
✧☽ Kender ☾✧,90,1,3,"April 24, 2023",,2,"Kae’s tragic backstory drew me in, but Kae and Bazur’s mutual pining was what hooked me. They are freaking adorable.My only complaint is that the last half of the book just felt rushed. So much time was spent on sex that expectations that were set up earlier in the book weren’t addressed. There’s a lot of political strings that didn’t get tied up.Despite that, I did really enjoy myself. Another HEA in the bag. 😌"
annabutgonerogue,258,7,4,"April 24, 2023",,2,im very impressed with how well paced and developed the world is for such short fantasy books. 3.5 ✨
Paige Walsh,16,3,1,"May 7, 2023",dnf,2,No good very bad
Tay,413,46,4,"May 13, 2023",,2,"3.95 ⭐️ 3.5🌶️This was a cute and spicy read! While you can tell the author is still pretty fresh (dialogue inconsistencies, etc), the story and characters are well developed and very fun!"
Yoly,28,,5,"March 23, 2023",,1,*Arc reader* I was so excited to get this as an arc my very first one!! Let me say I was hooked on the first book but this one took me by surprise. I love everything in this book and I could not put it down. Bazur just made me melt and Kae is just who I feel to be if I were in her situation 🥰 Charlotte really hit every point for me just like she did in the first book of the series!!
Tiffany Morris,6,,2,"May 18, 2023",,1,This book was good but could be much more. It felt quickly put together. There was a lot of parts in the book that seem unnecessary and off topic. The plot was okay. It moved two quickly it seemed like it was all just barreling out and not really flowing like a story could be.
Katie Mandley,199,4,3,"September 3, 2023",,1,He was the best guy aroundWhat about the people he murdered?What murder?Bazur is the most gentlemanly orc I've ever met. Wish more chapters were from his perspective. Some random grammar/spelling errors threw it off a little for me- one instance the FMC's name was spelled wrong.
Ava,1074,1497,4,"February 25, 2023",fantasy-romance；grumpy-sunshine；one-bed,1,"*beta reader**3.75 starsI love a hot orc romance!!!TROPES: fantasy romance, grumpy sunshine, one bed, orcs, plus size rep"
Julia,326,20,2,"July 18, 2023",,1,"2.5 starsNot necessarily bad, just really basic and kinda silly. Will probably still read the next one tho ¯\_(ツ)_/¯"
Nelly Alikyan,,95,4,"September 24, 2023",,1,enjoyed this more than the first!
Sara,89,,5,"November 27, 2023",,1,süüüüss<33
Cheyenne,161,5,5,"February 22, 2024",,1,"I know I know, you’re like CHEYENNE ORCS REALLY. But the story is so goooooood! It wasn’t even smutty until the end but that part was even better. Highly recommend 😂"
Maddie,464,3,4,"September 17, 2023",,1,Should I enter my orc era?
Nicole,883,65,3,"May 23, 2023",3-50-stars；age-gap-with-older-man；enemies-to-lovers,1,"3.5 Stars  Dual—First Person  M/F Fantasy Romance ❥➸ I managed to finish this book  enjoy it despite my current reading funk. ➸ The character and relationship development were both a bit flat, but not necessarily bad. ➸ I would read other books by this author. ❥ Yes Yes No  Yes   ➢ Age-Gap (10 years)➢ Enemies-to-Lovers➢ Fated-Mates➢ Healer-FMC➢ Human-FMC➢ Monster-Romance (Orc MMC)➢ One-Bed➢ Royal-MMC➢ Virgin-FMC"
Tori,15,,3,"August 24, 2023",orc,,"❥  : 3.2 ⭐/ ❥  : Competent, Passionate, Shy, Good, Loyal❥  : Grumpy, hard to warm, possessive and protective❥  : 💕💕/  ❥  : 🌶️🌶️🌶️🌶️ / ❥  : 💙💙💙💙 / ❥  : 🌎🌎🌎 / ❥  : ✏️✏️✏️✏️ / ❥  : 💀 /  ❥  : 💨💨💨💨 / ❥  : Sure. Not to everyone but def to the likes of me."
Luna,1,,2,"September 22, 2023",,,"Rating: 🌶️ The spicy scenes: 5.5/10 [just the right amount. Is just that it wasn't my style!]✨ Cute relationship 8/10✨ Interesting plot 6/10 ✨ Characters are nice! 7/10I'll write this in spanish! I feel more comfy like that.Vale, mi humilde opinión:Sobre los personajes: He leído este libro con ciertas expectativas. La cosa es que, a pesar de que me han encantado los protas y su dinámica y sobre todo los primeros capítulos desde que se encuentran hasta antes de formar nada entre ellos, siento que la chica se ha quedado un poco desaprovechada como personaje. Es una chica super inteligente y me hubiera gustado verla hacer más cosas donde ella, por su propio INGENIO, brillara. Que hiciera algo brillante y novedoso. Siento por ejemplo que los personajes son muy buenos, les coges cariño a todos ¡pero que a la protagonista le falta mucho el brillar más! Ah también tengo que decir que enfadada [bromita pero no] con que los orcos no sean loquísimo de altos. Bastante decepcionada porque cuando leí que monsterfucker con orco dije qué bien QUÉ BIEN size difference. Pero se me hizo muy normalico. So eh.Sobre 🌶️: Por otro lado, a lo mejor es porque no suelo leer mucho que tenga erótica o si la leo es diferente, pero sentía como que todo el rato estar tan cachondos me cortaba un montón el rollo. [Digo otra vez que es una opinión personal y no tiene nada de malo cómo lo ha hecho la autora ¡lo digo para aquellas personas que puedan tener gustos parecidos a los que expreso!]. Por ejemplo había ciertos momentos en los que me paraba a pensar ""¿es realmente momento para ponerse así de cachondo?"", incluso con todo el tema de los ""mate"" y todo.Sobre la relación de los protagonistas: me parece adorable al principio, cuando se conocen y cómo el general tiene que encargarse de la humana. Lo único que me tiraba mucho para atrás es lo marcadoSobre el plot: supongo que es cosa de que no es un libro de 500 páginas con un plot increíble, pero me hubiera gustado que se hubiera tomado su tiempo para llevarnos hasta donde nos llevaba el final. Me hubiera gustado que todo hubiera ido con más tranquilidad. Hubiera sido mucho mejor para que fuera más satisfactorio.Y ya estaría creo yo. Si vienes por buen spice, READ this. Buen spice y buena relación linda. Si te gustan el tema de los mates, instinto primal y salvaje... y todo este palo, this is your thing."
AkiDave,54,,3,"April 10, 2023",,,"I got this book as an ARC and I wanna make it clear that my opinions are my own and no sponsorship or ARC will force me to hold back my thoughts and criticisms. If any authors have an issue with that then that’s their problem. I’m no one’s shill. With that out of the way…Captured by the Orc General is a pretty fun read. It took me a long time because of college bullshit and life stuff. But whenever I had a chance to sit down, the pages flew by and the story was rather engaging. It’s apparently part of a series of novels but as far as I can tell they are their own stories. The world building is not that complex but it does enough to make the characters live in a tangible world. The author has advertised her book as a “Slow burn romance” with a 15 page sex scene. But I don’t think that’s accurate (well there is a 15 page sex scene). Swan is good at writing engaging exposition, and character dialogue. So you’re often flipping or swiping away at a moderate speed. The romance is slow yes but it doesn’t feel that way when reading the novel. So I’d say it’s “moderately burned romance”. The love interests are fun to read and their romantic comedy shenanigans aren’t cringe but engaging. The spice was well written and you definitely feel the love between our leads, so it’s satisfying in that regard. I really had a fun time with the book and I definitely want to check out Swan’s other works. My only form of criticism is that the ending felt rushed which went against the moderate pacing of everything else. Nothing was contrived since everything was set up to actually end. But it just felt like doing down a hill and by the time you’re down it’s over. Also they mention vampires and that doesn’t go anywhere other than being mentioned at the end. I’m assuming it’s meant to connect the other novels in this series’ but I was shooked that vampires were introduced. Does this mean we’re getting a werewolf novel? One can hope lmao. Also the title is a BIT misleading. She wasn’t captured by the Orc General. She consensually went with him. I get that it’s a cute title but that kind of bothered me. There is a content page and trigger warning, there is NO SA (THANKFULLY) so if you’re worried about that let me save you the heartache. There is medical talks and such that can make you queezy. But the book is pretty safe. There’s consent and no abuse, that’s all we can ask her lol.But seriously check this book out, it’s a nice way to spend a spicy weekend and you’ll be the happier for it."
Tea,76,,4,"November 17, 2023",,,"Super happy with myself for figuring out what the foreshadowing was for.The childbirth plotline was so beautifully written I cried. I also cried two more times. This book made me emotional in the very best ways.The romance, the drama…! Oh, I loved it. I’m here for this type of miscommunication and mutual pining, very nice. Also, the cover art is gorgeous. I really, really don’t like big age gaps, but in this story the 10 year gap didn’t bother me that much given how educated Kaethe is and how she already has a career. I woudln’t have even really minded the fact that she hasn’t had sex with anyone yet (which is a trope I very much dislike because virginity isn’t real, and also it feeds into the born sexy yesterday trope which I get why it’s included in media made for men, but the orc fucking monster romance which is clearly written for women, really? are there really so many women who find this sexy that it’s written so often about???) until the first penetrative sex scene.Virginity is a social construct! Sure, having sex for the first time can be uncomfortable, as it can any other time after that, but with enough foreplay and preparation and lots of lube, it doesn’t have to be. And it should Never Ever hurt (unless you like that?). I said to my partner at around the 60-65% mark that if this book lands the ending it’s definitely a 5 star read from me, but maybe I spoke too soon because this inclusion of virginity in the story was a big downer for me.The same issue I had with the first book made its appearance here as well: the first 70% of the book was lovely romance with lots of tension, but from then on it was basically non-stop smut scenes. This type of pacing is not my cup of tea in the least, and I skipped a smut scene while reading this book as well because it was just too much.Taking all of this into consideration, I rate this book a solid 4 stars out of 5. Unsure if I will read the third book in the series due to not vibing with the pacing style of the author, also because I really don’t like vampires."
Chené Van der Merwe,215,5,4,"March 28, 2023",,,"ARC ReviewTitle: Captured by the Orc GeneralAuthor: Charlotte Swan (@authorcharlotteswan)Pages: 254Release date: 28 March 20233.5 ⭐~Kaethe is on a mission to find her brother in the den of the enemy - the orcs. He disappeared long ago and now with rumours going around of humans in the orc clans she knows she must investigate.Unfortunately on her way there, she is accidentally caught by the orc General Bazur, who sees he as nothing more than a nuisance.Bazur has a mission, which does not include a brightly-haired female that makes him feel things he never thought possible. But he knows the mating bond is a strong and immediate thing... So it definitely can't be that.However as they are forced into close proximity and to spend time with each other. Their feelings change and they become closer - however danger is on the horizon.~We all know I've been obsessed with Charlotte Swan's work since her first book in the series - Taken by the Dark Elf King and believe me this book did not disappoint.Keathe and Bazur actually work together really well and the one thing I enjoy about Swan's books is the characters ability to communicate! If something is not communicated it's also with reason. Keathe and Bazur actually talk to each other (after the initial awkward period) and that made this book really enjoyable.The plot was solid and of course I love the world in which the story takes place. The characters are fun and I enjoyed that we had a shy FMC for this story. Bazur is grumpy, literal and cannot take a joke (or make one for that matter) but goodness is he all fluffy centre. There is one scene I know all my grovel fans will enjoy.The story was extremely fast-paced and went by in a flash, which made for a quick read. The spice as always was hot and plentiful 🔥 and as such, I really think this is the perfect book for in-between heavier books.- A cosy romantic fantasy for those easygoing days - a definite recommend. ~"
Alina,47,,4,"January 2, 2024",orc-romance,,"4⭐️2,5🔥 1,5/3,5 2/5 3,5/5  4/5Kaethe, the Fae Kings alchemist, travels into the Orc territory to train some of their alchemists. But she also has a secret job: finding her brother, who got possibly kidnapped by the Orcs when they were kids. On her way she meets the Orc General, Bazur. She saves one of his men, so to clean his debt he escorts her to the Orc King. Arriving it turns out the Orc King is an asshole per excellence who yould rather see her dead so Bazur makes a deal to take her with him where she could work. In Bazurs village they get to know each other better while Kaethe works with the healer. - Its a slow burn.... very very slow burn  I likes Bazurs character. Even though he was portraied as a brooding brute his good heart can be seen from the very first moment. Also Kaethes willpower to work with the healer and her determination.The way the slowburn was written. So many useless arguments which just don't seem logical (like her not telling Bazur about her brother - what would have been the worst that could have happened?) Also Bazurs blindness to the matebond. For someone who claims to be there for his people he doesn't know a lot about them and their bonds. Otherwise he would have known that his fellow Orcs who mated with humans don't feel the matebond like Orcs who mate with Orcs.  no no (even though the FMC wonders where he went in the nights in the beginning and thinks it could be that he is with another woman // this is while they haven't figured their feelings for each other and its never said where he went) Double POV yes Childbirth, brutal medical scene, talk about death, analplay"
Jennifer,112,,2,"September 19, 2023",,,"So, um, I don't think ""simpering"" means what she thinks it means. (No, really, eyes that simper with lust? That's...I just can't. Try ""simmer"" next time, yeah?)This author also has the slightly irksome quirk of italicizing her fantasy words (orcish, elven, moonberry, etc) which tended to throw me out of the flow of the story (because why is she emphasizing that word in that point of the sentence, it makes no sense!) but it wasn't bad enough to set it aside and search for the next read. What really did me in was the shoddy story logic. Like characters doing stupid things because...story? I guess? I don't know. It just seems to me that when the general says ""there are enemy soldiers in the woods, I'm going to go fight them, stay safe,"" you'd think the healer would, you know, stay INSIDE the village walls. Maybe preparing to help a with a sudden influx of injured soldiers or something. But nope. Instead, she goes out, into the woods WHERE THERE ARE ENEMY ORCS, and picks berries for cough medicine. Which could have been done at any point in the last three weeks the FMC had been in the village assisting the healer make this (apparently) super important totally necessary cough medicine. You know, thinking about it, it seems like a whole bunch of their issues revolves around the fact the main healer is completely ill prepared for fantasy version of cold and flu season. Despite being knowledgable, skilled, and with years of experience under her belt. Like, why? Plot device, that's why.Anyway! I threw in the towel on this one at about 90% finished."
Ashley Dang,1449,,4,"April 5, 2023",,,"Royal alchemist Kaethe is on a mission to find her brother whom she was separated from after their parents were killed by raiding orcs. She has to keep her mission a secret because she is traveling into dangerous lands and what she least expects is to find herself being saved by an orc general and taken to his village where he has been secretly protecting humans.... but he has his own secrets that could unravel everything. Bazur is the General of the Black Claw Clan, he is one of the strongest orcs and has been secretly protecting all the humans and orcs in his village while complying with the king of orcs.... who had murdered his own family. Bazur is going to do anything to protect his village but when a bright haired gorgeous human lands in front of him he can’t help but want to help her. But both Kaethe and Bazur have their own secrets but their is a pool between them that they can’t deny. Can they find a way to trust one another or will their secrets destroy any chance of a relationship before they even have one? This was the spinoff to the first book and you do get to see the original couple in this one. Though you don’t have to read it in order, it’s much more enjoyable if you do. I liked the relationship between Bazur and Kaethe because they both want to make sure the other is happy and being helped but at the same time they both have their own issues to deal with. Their chemistry was great and I honestly had such a fun time with this one."
Leonie,92,,5,"August 19, 2023",fantasy；monster,,"This is a fast passes but also slow burn (yes I said what I said) cute a** romance book.First time reading orc romance, but not first time reading monster romance. And this is just adorable. The other monster books I read where only about the two MCs and not really a bout anyone else, also they were mostly alone. In this book however they are in this village and she spends a lot of time with other characters which is honestly a nice surprise for me. Again, normally they are alone and constantly going at it like animals, which they also do here but not like in the other books I read.Anyways the ending plot was very fast but who cares. For me honestly I don’t need the daran there, I understand why it obvi had to happen, but I would have been happy if the book was only about them loving each other, being happy with no outside drama.This is the second book of a stand-alone duology (for now at least). I haven’t read the first one yet but after meeting the MCs of that book I definitely want to read the first one now. Probs better if people read the first one first but I was just so intrigued by this. I mean the cover??? AMAZING. She has pink hair??? Now I want pink hair!!Anyways I definitely recommend this, it’s also good for Pöbel who have already read fantasy books and wanna start with monster romance. It’s easy the orcs aren’t as far away from humans so it’s for newbies but as weird. Yeah definitely recommend, very cute"
Synne,152,,4,"April 4, 2023",,,"This was a 5 star book all the way up until the end. Not sure I'd this count as spoilers? Not directly anyway but if you want to go in blind then please do not read further. I absolutely loved the story and all the characters! The chemistry felt genuine and it really hit the spot. It truly lived up to my expectations after reading the first book a few months back and waiting eagerly for kaethe's story. I honestly mean that this was a 5 star book up until the ending where everything seemed very rushed(?).. Things barely got to get bad before the day was saved and even tho we know it's a HEA I think the book would do well to drag out the tension a little bit. And the actual fight was basically over before it begun. We also spend a lot of the book reading about the frost cough so even tho I'm happy to see the characters healthy I'm a bit surprised this didn't play a bigger role in the end, seeing how much the plot was leaning on the dreaded disease.But all in all, fantastic work! Absolutely loved both the storyline and oh lordy the spice had me fanning myself 🙏🏼"
Ra! 	ʕ •̀ ω •́ ʔ,301,166,4,"July 10, 2023",fantasy-paranormal；kindle-unlimited；monster-alien-vamp,,"I loved the previous book in this series so I was really excited to read this one! Kaethe is awesome! I really liked her in the previous novel and was excited to see her story. I LOVED Bazur! He was quiet, grumpy and bad at jokes but he also was incredibly kind, protective and genuine. Insta-love/lust is common but this book introduces a new type of dynamic into the mix that added some level of miscommunication that didn't linger on for too long.I felt the brother arc didn't pay off enough for me. There was so much lead up to the reveal that I thought it was going to be very important to the final act and it wasn't really. It was probably more realistic that it wasn't super overdramatic but I didn't love it.  5/5Ebook — Kindle Unlimited I give this book a"
Amelia Lin,117,4,5,"September 16, 2023",,,"TW: murder(s), pillage (raid), violence, beheading, childbirth, war, soldiers, prejudice/discrimination👉 Alchimyst FMC👉 General MMC👉 Hidden identity 👉 Fated mates👉 Close proximity Bazur was looking to catch a meal for his men but he caught Kaethe instead. The little pink haired human with eyes full of fear was ill prepared for the snow and cold. But Kaethe is filled with determination to find her long lost brother. They are both wary of each other but after a bargain was stuck, they are not stuck with each other. Kaethe is kind, gentle, but also strong in her own right. She isn’t the kind of female protagonist to pick up a sword but she is intelligent and has really great determination. She has overcome so much trauma but still has room in her heart to love. Bazur is cold and very grumpy but he wants the best for his people and will do anything to ensure their safety. I think they balance each other out and I love how their relationship grows! The world building is good and I absolutely love subplots of this book too."
Dilara,122,3,4,"March 25, 2024",,,"Organ and human when I first started? I was wondering how this would work, but at the same time, I wanted to read it too much because I loved the first book so much. The author does this job. I think I liked this book more than the first book, the Dark Elf King. 👉🏼👈🏼 It gives me pleasure to read naive characters emerging from such big, rude men. So was Bazur, the organ general. He is a strong and tough soldier on the outside, but he kneels in front of his wife. And a man who would set the world on fire for his wife. Kaethe goes to the Org lands with the help of the Dark Elf King in case her brother is still alive, and her path crosses with Bazur. And over time, they discover the bond of companionship between them and realize that they are each other's destiny. The author explains it in such a way that the differences between them do not catch my eye. According to Kaethe, Bazur is the most handsome man in the world :) At the end of this book, the main characters of the first book also come. They are happily married with children. I'm touched🥲 4/5 ⭐"
lumi,8,,4,"May 31, 2023",,,"⭐️ 3.5/5 🌶️ 2.5/5it was cute ! i felt like it took so long to get into the story, and not in a meaningful slowburn romance way, truly hardly anything happened in the first 50% of the book. when it did get into it, i feel like so much story had to be jampacked into the last 30%, i so wish they’d drawn out the ending storyline throughout the whole book.some editing errors, like repeated words, wrong words used due to spell check not flagging them as being a similar looking but wrong meaning word, and missed punctuation. im not ragging on that too much, just thought itd be worth mentioning.it was cute however, and i finished it within 24 hours, so it certainly wasnt unbearable. but for how short a book it was, it was weird that it felt like it lacked plot, and its not like it was just porn without plot, because we didn’t get any of that until about 60% through the book. there wasnt much of anything going on until then."
Megan Rezanoff,45,1,4,"February 21, 2023",,,"*beta reader* Wowwww I really loved this book. If you were a fan of the authors first book then you should definitely pick this one up because it has everything TBDEK had and more. The mmc in this book is absolutely adorable and drool worthy at the same time and please take that seriously coming from me as I didn’t think I would ever be falling for an orc 😂 I mean some of the things this man said and even thought were absolute perfection. Kaethe, our fmc was also incredibly lovable and funny and an actual curvy girl!!!!!The book is definitely more of a slow burn and overall the pacing is incredible. The side plot as well as the side characters were also a lot of fun. This was honestly one of the best standalone fantasy/monster romances I’ve read so I highly recommend if you’re a fan of the genre and looking for a fun, light read."
katherine,139,19,4,"March 23, 2023",arcs,,"Thanks to Charlotte for an eARC copy!4.5 ⭐️🌶️🌶️🌶️.5Much like the first book in this series, I loved it!I liked how this isn’t a super long book but it’s still got a great flow and is more fast paced (if it wasn’t for the need of sleep I would’ve read in one sitting). It wasn’t just one plot line there was some sub plots that filled the rest of the book which I enjoyed as well. The ending with Elvie and Arkain is super cute and I’m glad it wasn’t the same for this couple (as I find many series do it with the same ending in each book). My only pet peeve is how pretty much all romance type books I read there’s always the ‘I love you’s soon after they meet but given this series is about mates I’ll let it slide.With the mention of the next supernatural being (without spoiling), I’m super excited and hopeful for the next book in the series!"
Emily Du Randt,124,,5,"April 3, 2023",read-2023,,"I was originally introduced to Charlotte’s books through booktok and I started her books off with “Taken by the Dark Elf” and when I saw that this book was due to come out after that I put this one on my TBR, not thinking much of it. I also read her “A kiss from a monster” books and both of those were really well done! And lately I’ve been seeing Charlotte on my fyp advertising this book, so after a day of seeing her videos I was convinced. I downloaded this book- and honestly I’m soo glad I did! This book, much like the others was a really easy read but also not boring and uneventful.I really love the characters and Charlotte’s writing in general. This book was a one sitter coming out with 5/5 🌟 I’m definitely looking forward to any future books by this author and I’d 100% recommend you read her work! 💌"
Rachel,807,2,4,"May 2, 2023",,,"First of all, holy dirty talk. Usually, I'm not a fan of it, but I loved it in this book.Just like the first, this is a slowish burn, but once you get to the 50% mark, that's where all the fun times pick up. It's a great, light romance that is done really well. If you need a palette cleanser, I think this would fall into that category. It has just enough sex that it isn't overpowering, and you still get a light story with it. It doesn't feel stagnant or plateau at any point, which is nice.Kae is adorable and Bazur is grumbly - my favorite kind of couple. One thing I can appreciate about this book is, while there is miscommunication, it's actual miscommunication. And it's resolved, because they actually do the healthy thing, and talk about it within a few chapters. I can't wait until we get more of this series!"
Allison,397,5,4,"July 8, 2023",erotica；fantasy；insta-love,,"3.5 stars, rounding up to 4I loved the first in this series, and the second is a great follow up. I think I prefer the first in the series but the second is great!The Good:- I really liked these characters- Their angst and chemistry was great- The sexy scenes are 10/10- Fun, well thought out plot- The humor (for science)The Bad:- The pacing was awkward at times- I felt like it was too long/filled with too much fluff- The overall plot of the series has low stakes and is very predictable which can = boringThe Ugly:- I HATED the miscommunication trope- I felt like this wrapped up way too quickly and prettily"
Jennifer,16,,5,"July 10, 2023",best-book-bfs；favorite-mc；favorites,,"omg am i?? Officially a monster romance reader??? I feel like this was a great intro book to the monster romance genre, it wasn’t scary demon stalks her in the shadows but rather grumpy orc that’s soft for Only Her slow burn both characters were so endearing and likeable and even though virgin fmc is normally a trope I really dislike, it was done pretty well. it has some of my fave tropes though; one bed, slow burn, grumpy sunshine, enemies to lovers sort of??, fated mates, mc is obsessed w fmc, miscommunication (DONT COME FOR ME i love crying and this trope always ends with me crying until the resolution) I also loved the side characters which is CRUCIAL for me. Having boring or one note side characters can be a book killer for me tbh Overall I loved it I cried I laughed I got turned on I added all of her other books to my tbr"
Heavyn,33,,5,"March 29, 2023",,,"I have been foaming at the mouth waiting for this to come out! Once I read Taken by the Dark Elf King I was hooked. Kaethe was my favorite when we met her in the first book and being able to see her character expand was so cool. She somehow was even better then I she was in the first one! The spice was spicin’ like none before! Bazur’s got a mouth on his that’s for sure. I really hope we get a glimpse of the orcs more and see more pairs within that universe! Swan somehow makes you feel these intense feelings that you have saved for MCs, you feel for all the side characters. Im a nosey Nelly so i wanna see a book for eeeeevvverryyybody. Im so excited for a possibility for vampires??? Umm yes please. I haven’t had a good vampire book in a hot minute!"
Yasmine,237,9,4,"April 4, 2023",,,"I liked this story. It was definitely better than the first book, however the constant miscommunication that went on between them was annoying. It truly went on longer than it should. Once again, just like with third act breakups I wish authors would realize readers also hate miscommunication tropes. Especially if it lasts too long. I also wasn't a fan of the action scenes. They were pretty lackluster. Especially the final battle with Vorgak. All that buildup just for the fight to last exactly 5 pages. Talk about a downer. Even with those irks for me this book was still really enjoyable. I'd read it again for sure. If the forever ongoing miscommunication wasn't involved, this story could've been a 5 star read for me easily."
Pear Ly,247,3,4,"April 14, 2023",,,"Looks like we've got ourselves a spicy little read in ""Captured by the Orc General "" - slow burn that was my initial thought. First of all, can we talk about Bazur bringing Kae magenta Rose petals to dye her hair? Talk about a peace offering! I mean, who needs chocolates and flowers when you can dye your hair with magical petals, am I right?And let's not forget about all the little misunderstandings that just added fuel to the fire between these two. But once those were ironed out, there was no stopping the bond between Bazur and Kae. I mean, the bed department was on fire! The mouth of this General is purely unfiltered! ""Captured by the Orc General"" was a delightful read, with humor, great characters and plenty of steamy scenes. And of course, who doesn't love a happy ending?"""
Ramona,1131,3,2,"September 8, 2023",2023；fantasy-romance,,"2.5 stars -> Definitely a downgrade from the first book in this series, unfortunately. The plot was very predictable, the characters just made stupid choices for not other reason than to delay the inevitable and that really made me dislike them. Kaethe and Bazur were also barely developed as characters and I had a hard time buying their romance. The smut was also repetitive and it made me so mad to see that in 2023 we are still writing stories with virgin heroines feeling a ""barrier"" breaking during their first time! That's not how it works!!! The only reason why this isn't a lower rating is because I liked the setting of the orc village and the fact that Kaethe made a really positive impact on the local women's lives through her surgical knowledge."
Kayla,19,,3,"November 17, 2023",,,"TikTok as given me a lot of book recommendations and this is one of them. This book was a quick read and pretty easy to get through, I love books that get into the action quickly, so the start of this book was great. However ALL the main plot and the antagonist"
Link G,13,,5,"March 31, 2023",,,"Holy crap, you guys. I thought nothing would beat Charlotte's Taken by the Dark Elf King but this book was AMAZING. I devoured it in less than 24 hours and honestly need more! Kaethe and Bazur are one of my new favorite couples and their relationship blossoms so well in the book.SPOILERS!!!!I literally could not put this book down. From the first interaction between the two to the epilogue, I was obsessed. When they had their fight I literally started to tear up. When they did the deed the first time, I ate that sh*t UP. Charlotte, if you see this, I'm begging for more Kaethe and Bazur."
Kirstine Hansen,638,2,2,"March 31, 2023",dnf；fantasy；monster,1,"For the first ~75% I really enjoyed this book. Kaethe's childhood trauma, her craft, the initial drama, the village, the building of trust, the birth that changed everything, and the delicious slow burn between Kaethe and Bazur.And then , I'd lost all will to care and DNF'ed."
AJ Starr ✿,22,,5,"April 19, 2023",,,"This book is the perfect balance of romance, spice, angst, and character development.I immediately liked both main characters (which is often something that takes time for me). Who wouldn't love a heroine with pink hair?The hero and heroine both had flaws which made them feel even more real and the world-building was specific enough that I could easily picture where they were, what the houses looked like, etc. but not so detailed that I got bored and skipped through paragraph after paragraph of descriptions. Their back stories were revealed early on which helped you understand them more and root for them to end up together even when they didn't realize they were meant to be."
Taylor Barron,158,1,3,"July 9, 2023",,,"3.5 stars. I liked this book. What sold this story was the characterization and the backstories. I felt what the characters felt. I understood why they were as they were. As a reader, I was allowed little bits of information that explained certain actions or expressions.I found all but the first intimate scene and the dirty talk to be too much, but I have read way worse...The plotline was very linear, very straight-forward, but it made sense. The end was very rushed, which is a trend I'm finding in most fiction now adays. So, the pacing went badly once you hit the 75% mark.There are a handful of typos, but they are few and far between."
Racheal,481,5,5,"September 29, 2023",elves；favorite；in-a-foriegn-land,,"Holy smokes, where do I start? This book was so full of all of the things that I love! This is my first Orc romance I've ever read and it was so good! I while I liked the first book in this series, I loved this one! This book included:-A strong, fierce (but tender at heart) MMC-Soft, loyal and kind (but determined) FMC-Only one bed troupe-Acquaintances with mistrust to lovers troupe (not quite enemies to lovers, but the mistrust aspect gives it a little bit of that kind of feel).-Fated Mates (though it's not right away)-A dangerous world that feels a little lighter and safer by the end.-HEA"
Lisa,59,3,4,"March 30, 2023",,,When this book was announced I was so excited! The first book was so good and I loved seeing Kaethe. To get a whole book about her? Yes please! The love interests meet very early in the book and I love when they meet up so early! Bazur was amazing! The perfect grumpy man! The way he apologized when they had a big fight was phenomenal! He was broken up about hurting her feelings and I was here for it! Bazur & Kaethe forever. Only thing I wished for was more Elvie & Arkain cause I’m obsessed with them 😍 Super excited for the vampire book. Hopefully it involves Karth 🤞
tayyturningpaiges ,101,2,5,"April 10, 2023",,,"Charlotte Swan has done it again! She honestly is an auto buy author for me now. I have absolutely loved everything she’s written but this is my favorite so far. I see a lot of myself in Kaethe and felt a lot like she did before I met my amazing husband. We’ve been together 8 years and I still feel unworthy. I felt seen by this main character and I just loved the story so much, all the characters, the smut of course, and my goodness the cover ???? I continue to love everything by her and I recommend her to everyone I can."
Ash - chasingwistoragic,585,2,4,"April 12, 2023",,,"Kaethe really isn’t built for the snow. She’s meant to be inside, reading over herbology books and making sure her riverheart seeds are getting enough sun on the front porch. She’s meant to sit by the fire and sip tea while smiling softly at me from across the room. She meant to be warming my bed while I make sure she’s covered in thick blankets.Like his amount of abs, the size of his cock seems completely, medically unnecessary.Cutie. Sweet. Love orcs and humans. Just an easy happy read! Slow burn but good."
Dani B,164,13,5,"May 23, 2023",,,"Could you love someone who comes from 6 species that killed your family and has filled your nightmares for over 20 years? After years of brushing off the trauma from her past and building herself into a great alchemist, Kaethe is determined to face her fears because her love for her family is stronger than the pain of the past. As the Orc General, it's Bazur's job to protect his village from all threats, even from those who may seem innocent or unassuming. They are both keeping dangerous secrets. Will they let that stop them from truly seeing the other one?"
Beka,270,,3,"August 17, 2023",,,"A soft read with some really nice moments. I liked the slowness of their romance and how it wasn't immediate, it really built over time. The lack of communication at times got a little frustrating but it made sense as they couldn't/wouldn't trust each other straight away. I really enjoyed Bazur and Kaethe together. I liked what Bazur had built with his village and how he was grumpy but so, so kind and honourable. Some of the key moments such as the conflicts happened and were resolved super quickly. A nice book to read and I enjoyed it."
Alexandra Brumley,162,6,2,"December 5, 2023",,,"It's a really quick romance read. The plot was very predictable, but it's very much a comfort read. We have the one-bed trope, we have badging wounds, and we have secrets that didn't have a lot of drama. Like I'm not sure why they were a big deal, but okay. There is a C-section scene that was a little uncomfortable, but it was very fast. The spicy was alright when they finally got down to it, and it is ribbed for her pleasure. The conflict at the end was wrapped up REAL QUICK. All in all, very quick comfort monster romance."
Savanna,9,,5,"December 7, 2023",,,"I didn't expect what I ended up getting and I love that! Kaethe and her surly mate were precious in the way they both failed miserably at realizing the other's feelings. It was great to see so much of the village and the people in it, honestly I would have loved to see more of the side characters they were so endearing. For some reason I demand a kingdom for Karth and love that his short time was used so well and wasn't wasted. If this was anything to go by I look forward to Charlotte Swan's other works."
Brooke Haibach,20,1,5,"March 25, 2023",,,"ARC REVIEW“I see you, even when my eyes are closed” Rate: ⭐️⭐️⭐️⭐️⭐️Spice: 🌶️🌶️🌶️🌶️ Tropes: slow burn, one bed, grumpy sunshine, orcs, ribbed 🍆, mates. First of all, the slow burn in this book had me sitting on the edge of my seat waiting for everything to explode, literally 😏. THEN, was granted 15 pages of smut? Absolutely loved everything about this book I was immediately drawn in and hooked. Definitely need more of the orcs."
Juliette Brandman,154,1,4,"March 24, 2023",,,ARC Reader- I loved this! I hadn’t read her first one but this was a fantastic standalone! The world is getting deeper and more intricate and the slow burn BURNED! like it is not spicy until 60% in but then HOLY FUCKING SHIT Swan is out of pocket with the smut and I can’t get enough! This book was sweet and sexy and not the insta love I’ve been used to with her novellas! It was a really fun beach read as long as you have a poker face🌶🌶🌶🌶
Bella,193,1,4,"March 26, 2023",,,"If you are looking for found family , enemies to lovers and grumpy sunshine romance than this is for you . Bazur is just too sweet and cute. kaethe confidents and sassy was my favourite but my favourite part has to be when she realise what his nickname for her really means or when they had to sleep in one bed.Everything was so good .it's chefs kiss.This is definitely one of my favourite reads this year and month .Can't wait for the next book ."
Kiah McGowan,16,1,5,"March 30, 2023",fantasy；romance,,"I LOVED. This will definitely go on my comfort read list. I especially loved how when Kae realized she liked Bazur she didn't just run away from it. Sure she got a little freaked out there for a second but she went back and refused to walk away. There was not break up or anything super dramatic, just very real emotions and two beings who decided to love and choose each other. 10/10, 5 stars, chefs kiss. Just everything I personally love in a romance."
Dana,72,1,4,"March 30, 2023",,,"4.5. I love that this wasn’t an insta-love story and both main characters had issues to work through. While being a relatively short book, it read as a long one in the detail of the characters and story development. The scenes between ‘Bazy’, Kaethe and Zarod were some of my favorites. But ultimately I was drawn in by Bazur and his gruff nature but his willingness to be there for Kaethe (and apologize when needed)."
folklorx,50,5,5,"April 23, 2023",,,"5/5 for pacing5/5 for characterization4/5 for smut (i wish there was more)an absolute banger of a novel. i devoured it in only two days, like how bazur devours kaethe. in books like this, the plot can often get in the way or bog itself down, but this was a deliciously perfect balance. it's arguably stronger than the first in the series and can be read alone, but i also loved taken by the dark elf king.if only bazur had taken her with his tusks. now THAT would be crazy."
Samantha,186,,5,"May 28, 2023",,,"I was so satisfied with the first book, I HAD to get started on the next -- and I WAS NOT DISAPPOINTED!!!! ❤️❤️❤️ Kae and Bazur are great and I am so happy they found each other -- and the love scenes were so steamy! 🔥🔥🔥🔥🔥 Phew! I needed to dan myself a couple of times 😆I look forward to reading more about this world and more from this author!"
Ash Rowe,68,2,5,"June 2, 2023",,,"Look I rate by vibez and this book had it for me. Cosy, low stakes slow burn with a grumpy (delicious) Orc and a sweet human on a mission to find answers from her tragic past. The spice is deeeelightful. The mutual pining is adorable. The world building is accessible and easy to follow. You knew what you were getting into with the plot and I enjoyed it every step of the way, just like the first book. Very keen for A Monstrous Mates #3 Vampire edition…"
Holly (holly_houx),23,1,3,"June 2, 2023",,,"I loved the first half of the book and expected this to be at least 4 stars for me, but it started to fall flat for me around 75%. The miscommunication/secrets the MCs had felt dragged out for way to long and then the resolution to everything was crammed into the last few chapters of the book. I love the MCs 💞 they are super cute and the enemies to lover/slow burn flowed a lot better than the first book for me. Some good spice, but became a bit repetitive."
Kellina,78,,5,"June 20, 2023",,,"I'm seriously falling in love with these books. I think this one was better than the first! I'm not a huge fan of all the misunderstandings and lack of communication, but at least it was kept to a minimum in this book. The characters were very likeable and there were minimal errors in this book compared to the first.Don't get me wrong, both are good books, but this one is my fave so far!"
Djinn,49,1,3,"July 10, 2023",monster-romance,,"This was a very charming read. It was a slow start for me, but once it got my attention, it had it for the rest of the story. I enjoyed both main characters, and really liked how their relationship developed. I also appreciated that Kae had her own story to tell outside of her romance with Bazur. I tended to zone out for the smut, but still overall liked the book! Much preferred it to the first in the series. Very sweet, super cozy."
Lydia Christy,41,3,5,"July 15, 2023",,,THIS BOOK 🥵 I loved every minute I spent reading it and wish I could read it again for the first time ! I received this as an ARC a hot minute ago and when I thought I posted it it actually sat in my drafts ! It’s definitely a book I’d recommend for those Orc /monster lovers ! Be sure to check out her page and other books! Taken by the Dark Elf King is the first book in her Monsterous Mates Series !
Lauren,212,9,4,"November 26, 2023",,,"I really enjoyed this one! It’s a quick paced read, and I couldn’t put it down! The main characters, Kaethe and Bazur, were both so wholly good have hearts full of compassion. Bazurs hard exterior was so purposeful and was more than him just being a general. When Kaethe does a routine practice from her home changing the lives of people in the village, I actually awed out loud. I loved the side characters too!"
Corrina,115,8,5,"December 31, 2023",,,"Oh, look, another book I've fallen in love with. Kaethe was searching for her brother after they separated almost 2 decades ago. She heard he could be in Orc lands, somewhere no one dares to go. Along the way, she meets Bazur, who saves her after getting caught in his hunting net. Kaethe and Bazur discover over time that they're mates, made for one another. Watching their story unfold was beautiful. Spice level: 🌶 🌶 🌶 🌶"
Kannbear,103,,3,"January 29, 2024",,,"Cute little book that is a standalone (while part of a series of related works). Dual POV. An alchemist travels to orc lands to find her brother (under the guise of teaching others) but there is an evil king that betrays her. Lucky she has an orc savior that takes her to his village. There she has to earn everyone’s trust and help save them medically. Eventually some problems (related to the king pop up) but they are easily solved in this simple read. Super sweet, HEA, with some smut, 6.5/10."
Courtney,466,3,5,"February 16, 2024",kindle-unlimited,,"This was so fricken cute I just cant stand it. Like the first, there were some things that happened a little too fast for my liking, but I honestly don't even care anymore because the rest of it was so stinkin cute. I enjoyed this one more than the first - & I've gotta say, I'm even a little antsy for the 3rd to finally be releases on KU 👀 - apparently I have to start reading more Charlotte Swan. ...or maybe I'm just more into Orcs than I realized. Up for debate. Lol."
Destiny Kimmel - Gomez,35,,5,"February 9, 2023",,,"*beta reader* Oh this book was the absolute perfect addition to the first one! The start of every chapter is absolutely perfect and gets you so hooked for what’s to come! A truly curvy female lead?? Love the representation so much! So much fun banter, suck good swoon-worthy quotes, and such a hot slow burn 😍 and the spicy scenes are 🔥🔥🔥🥵"
Olivia Compton,3,,5,"March 22, 2023",,,"I ATE THIS UP. I have been waiting for this book. Taken by the dark elf prince is my go to book whenever I find myself at a loss of what to read, it’s my comfort book because Arkain is *chefs kiss* BUT LET ME TELL YOU. BAZUR??? I’d share one bed with him in a heartbeat. 🤤I loved this book and i am excited for the next one!"
Cynthia,234,13,4,"April 19, 2023",,,"I would like to begin by thanking the author for the eARC opportunity. This review is my honest opinion on the book.This was such a fun and easygoing read. The story was low stakes, sweet, spicy, cozy and generally heartwarming.I loved the continuity that we got from the first book, but this was also unique in its own right. We are gradually seeing the world being built and it is so exciting.Kaethe was such an intelligent and determined FMC. She demonstrates her strengths and knowledge through the art of healing and science. She is most definitely a woman in STEM and we love to see it. She begins the book terrified of the Orc people as a result of the trauma that she experienced when she was younger and throughout the book we see her come to terms with her prejudice.Bazur is our grumpy general who is perplexed with this pink haired human and unable to distinguish jokes from seriousness. He was super sweet and understanding of Kaethe from the get go. I love all of the little ways in which he would take care of her despite his initial suspicion of her intentions. We also love the fact that he knows how to sincerely apologize. We root for emotional intelligence in this house.The romance felt very much like a slow burn. For a good portion of the book, Kae and Bazur are pining for each other. That being said, when they did get together, it was all the more satisfying. For those of you attempting to gauge the spice...Now the spice scenes here were long and detailed with first times and lots of kinks so make to read the content list for more info.I absolutely loved all of the side characters. They all brought charm to the story and I am especially a fan of Zarod !I continue to have a good time with Charlotte's books and I am literally super excited to see what happens in the next book. I have such an obsession with vampires and I just know Charlotte will deliver on all ends."
kristin,470,,,"April 5, 2023",,,"I'm glad I gave this author another chance, because the ✨️growth✨️ from the first book is like damn! There were sections that were so well written that I felt anxiety or got flustered. There's still some issues (like the pacing of the resolution happened too quickly, imo), but much, much improved overall, and I'm looking forward to the next book. 🤸🏼‍♀️"
ricki,487,24,3,"April 28, 2023",,,"3.5⭐️this was fun! it's definitely cozier than book 1, and not as dark. i think if you go in not expecting a lot, then it delivers. the smut is so-so, i didn't hate it but it also isn't something i will revisit often iykyk.⚠️: injury/injury detail, violence, death of parents, death, panic attacks/disorder, slavery, kidnapping"
Yarrow,308,,3,"May 15, 2023",,,"I liked this better than the first. I couldn't read ""Brokenbone Mountain"" without misreading it as ""Brokeback Mountain"" and that threw me off every time.Also, y'all... it can be big w/o it being compared to a fist or forearm. I promise. Slight spoiler:...I am disappointed the fmc was a virgin. Le sigh."
Jeanne,256,,3,"May 16, 2023",,,"3.5⭐️s - I didn’t love this one as much as the first, despite it being longer. I felt it was missing a lot of pieces about orcs and their king in general. The last like 2 chapters crammed story in quick. It focused mostly on Kae and Bazy, which was fine and a good mate bond story so I still quite enjoyed it."
Jasmine Garcia,,38,5,"June 1, 2023",,,"Not only am I a fan of pink haired MC's but I totally loved Kae and Bazur's dynamic the entirety of the book, it was both sweet and spice and had just the right amount of heart felt moments that made me tear up ✨ I'm so glad I finally got to read this book ☺️"
Marissa,9,,4,"June 21, 2023",,,"Wow... impulse took over, and a one page teaser from tiktok led me here. If you're here reading this, just get the book. It's very good. Character development, plot, love story all very good. There is another set of characters who I believe are getting their own book, or at least that is what seems to have been set up towards the end."
ZvD,9,,5,"July 22, 2023",,,"Kaethe is an alchemist on the hunt for her brother, from whom she was separated from as a child after orcs raided their village. Now grown, Kaethe journeys into hostile territory on a mission. It is here that she finds love. Great read with a nice slow burn and plenty of action."
Lupinedreaming,41,1,3,"August 7, 2023",2023-reads；monster-romance；romance,,"Pretty fun! I liked the plot and the chemistry, and the build up to the love interests getting together was well done. But once they did get together, I feel like plot and character development took a back seat to the smut, which I think broke up the flow of the story. I know “I read it for the plot” is a said as a joke, but I personally really do read romance for the characters and the plot. Spice is a nice bonus, but it’s not the main reason I read romance, so it bothers me when I feel like the amount of it pulls focus away from the plot.Still, all in all, this was an enjoyable read!"
hailey,22,,3,"October 5, 2023",,,"i was super into the story until about 80% of the way through. this is just my personal opinion but i hate hate hate when miscommunications are used as a way to add conflict/angst to a story, like holy shit just talk to each other!! and when it finally came time for the smut it was kind of disappointing and made me cringe a little"
Emma Kate,172,9,2,"December 31, 2023",dnf,,DNF at 60% It’s was a promising start and then got boring. I also wasn’t a fan of the excessive use of male/female. Also a warning about the sex scene.. (no idea if there are any more after where I stopped) You cannot lick the “back entrance” and then the clit!!! You are asking for a UTI. It really doesn’t make sense how the main girl let that happen since she is an alchemist/healer…
eba,8,,4,"January 24, 2024",,,meu deus soul-crushing bone-deep love o que esses dois têm tipo assim ? um slow burn muito gentil e romantico mais ainda emocionante e com aventura. dá pra sentir que eles são um só e que o bond deles é o mais gentil inseparável íntimo e intrínseco possível e eu amei muito. muito bonito. também tem quotes muito sentimentais e profundos!e eu chorei
Shelby,19,,5,"February 18, 2023",,,"Beta reader here, I loved this book! If you like the following tropes then check this book out!- Grumpy😠/sunshine🌞- Only one bed 🛏️- Touch her and d1e⚔️- Growly orc💚- Curvy lady💗Oh and they ride wolves!!!"
eggincrocs,153,13,5,"March 27, 2023",,,"Absolutely loved it!! I’m such a sucker for a grumpy orc. Kaethe’s journey and growth made me so soft. The slow burn was absolutely delicious and when we got there WE GOT THERE. 🥵 the perfect cozy, steamy fantasy romance read."
Samii,53,6,4,"March 28, 2023",,,"This book was cute. I enjoyed watching the characters realize their feelings for one another. The MMC, Bazur, is literally like the perfect guy (orc). He looks out for others, is loved by his people and will do anything to protect the woman he loves. Cute cute cute."
₊˚⊹♡ En ₊˚⊹♡,49,1,5,"March 28, 2023",,,"This lovely installment popped up on my kindle this morning and I thank the amazon gods for allowing us to preorder titles. Bazur is now Bazy. He shall forever be know as bazy for that he is, a soft teddy bear. Everyone needs a Bazy. Bazys for everyone!"
jean hall,64,,5,"March 30, 2023",,,I love the books in this series but this one was a hot one. I loved every moment in it. This story had enough action and enough romance to go hand in hand. I can’t wait for the next book
Samantha Dean,114,2,5,"April 1, 2023",,,So cute. I loved Baz so much. Give me all the grumpy surly men!! Perfect palette cleanser. I would definitely suggest reading the first book so you get a better understanding of the world. Also please for the love of god please GIVE US MORNGA AND ZAROD BOOK
Kelley,13,,4,"April 2, 2023",,,"It was a good story, I liked the spice, and enjoyed the secondary characters. Could use some editing. There were a few misspellings. Other than that, there's lots of potential for this author. I can see good stuff in her future. 3.75 🌟"
Edith0817,1404,18,4,"April 6, 2023",,,4 stars* Hero(s) - 3/5* Heroine(s) - 4/5* Secondary Characters - 4/5* Plot/Storyline - 4/5* Romance/Steam - 3/5* Drama/Conflict/Angst - 4/5* Worldbuilding/Atmosphere - 4/5* Writing Style - 4/5
Kaitlin,327,,3,"April 9, 2023",unfinished-series,,"3.5⭐️Don’t let this star choice fool you, this is a great rating I loved this book and this love interest and this author will continue being an automatic read for me I love her writing! I’m not a monster romance girlie but this author has gotten me 🫡"
Ashia,5,,2,"April 16, 2023",,,"i usually hate to leave less than 3 star reviews, but i found that this didn't live up to the hype i had seen for it. the story itself was a bit mediocre, the smut repetitive and a bit cringe at times."
Corvette Fitzpatrick,1,,4,"April 18, 2023",2023-reads,,"Okay, I loved it! Did not put it down once I started! A bit of a predictable plot (especially towards the end) and a smidge repetitive on the spice scenes but at the end of the day this was a v fun and enjoyable read!"
bookwormmekenzie,33,,4,"April 18, 2023",,,I loved this book. The passion between kae and bazy is amazing. The spice scenes were hot and heavy. I only wish the climax of the book was more shocking but still an awesome read
Helem C,2,1,5,"April 25, 2023",,,"I loved every second of this book! I have been in a reading slump but this book definitely brought me out of it. I’m sad it’s over, I feel like I read it too fast but it was so cute and I love their relationship. 10/10 read !!"
Rayv.ebooks&#x1f4ab;,61,2,5,"May 8, 2023",,,I LOVED THIS BOOK. READ AND FINISHED IN A DAY. Kate he and Bazur connection is LOVE. I Crave the kind of love they have and was so happy that they finally let down their walls and confess to one another about their love for each other.
Liz,12,,5,"May 19, 2023",,,"I’m calling it now, this and the first book were my top reads for 2023. 10/10 will read again. There is enough plot to bring you in and enough smut to keep you satisfied. I loved it."
Fey Flowers (enbytweenthepages),253,33,3,"June 15, 2023",,,"I absolutely adored Kaethe and Bazur for most of the book - generally speaking I enjoy the series.Towards the end, however, a lot of marriage, children and sex - especially with Kaethe - as if suddenly nothing else mattered. I want more than gender stereotypes in 2023."
Devon,142,13,4,"July 28, 2023",2023-reads；book-boyfriend；fae-faerie,,"“𝑲𝒂𝒆𝒕𝒉𝒆, 𝒚𝒐𝒖’𝒓𝒆 𝒕𝒉𝒆 𝒎𝒐𝒔𝒕 𝒃𝒆𝒂𝒖𝒕𝒊𝒇𝒖𝒍 𝒑𝒆𝒓𝒔𝒐𝒏 𝑰’𝒗𝒆 𝒆𝒗𝒆𝒓 𝒔𝒆𝒆𝒏. 𝑺𝒐𝒎𝒆𝒕𝒊𝒎𝒆𝒔…𝑴𝒐𝒕𝒉𝒆𝒓 𝒐𝒇 𝒕𝒉𝒆 𝑴𝒐𝒖𝒏𝒕𝒂𝒊𝒏 𝒔𝒐𝒎𝒆𝒕𝒊𝒎𝒆𝒔 𝑰 𝒄𝒂𝒏’𝒕 𝒃𝒆𝒍𝒊𝒆𝒗𝒆 𝒚𝒐𝒖’𝒓𝒆 𝒓𝒆𝒂𝒍.”Um, okay, sign me up for more monster romances because 👀👀👀I liked this book more than #1 in the series. I related SO MUCH to Kaethe and she felt like a real-life person. Bazur is a top-tier book boyfriend and so sweet.Notes:- forced proximity- graphic depictions of c-section/birth- enemies-to-lovers- spicy (starts at 64%)- some kink (breeding, praise)- one-bed- fated mates- death of a parents (historical)- kidnapping- HEA- virgin FMC"
Ophelia,39,,4,"July 28, 2023",,,"This was such a cozy fantasy read ❤️ This is a very niche comment but this reminded me of one of my favorite Bellarke (The 100) fanfics. One I truly love so much, ""Love will come through"" by monroeslittle. It really gave me the same vibe, if only the MMC wasn't an orc and she had blond hair instead lol. (This is a pretty big compliment, if that wasnt obvious. It reminded me of fanfic, but actually GOOD fanfic)."
Kimi Staines,2,1,4,"August 13, 2023",,,"I think one of my favorite themes are enemies to lovers, but it's perfect when they warm up slowly but surely to each other. They both have good reasons to keep their own secrets from the other, and when they finally trust each other...*chef kiss*"
Alek,36,,4,"September 1, 2023",,,"I really liked this one. While it was a simple love story with a straightforward storyline and conflict point, I still enjoyed it tremendously. The characters were not super fleshed out but I still found it easy to relate to them and enjoyed reading about them a lot."
Rachael,1,,5,"October 26, 2023",,,"This book was a fun read! I didn't expect to enjoy it but it was so enjoyable. I haven't read the 1st book yet but I'm about to go read it now hahaha. A slow burn, happily ever after, spicy, what's not to love?"
Megan Mack,11,,5,"December 21, 2023",,,"Charlotte you have done it again - just as cute as the first one in the series! I feel like I didn't connect with Kaethe & Bazur as much as Elvie and Arkain BUT still, I loved the devotion. Mates will always do it for me. Fingers crossed that the third one involves......The Walled City?? ;)"
Bryan,6,,,"January 31, 2024",adult；spicy,,really good calm building up the story and there bond.i couldn't stop reading it until i finished the book and its prefect.you see them grow to ethoder and learn more about ethoder there lifestyle/ personality
Jamie,65,1,3,"February 3, 2024",,,Really cute and quick story. I like that they waited a decent amount of time to get it on. The male lead isn’t really my type though. I also liked how they solved their miscommunications really quickly
Sierra,327,,5,"February 10, 2024",spicy,,"I loved this book. It felt very low on the drama scale and I thoroughly appreciated it. There were a lot of dramatic directions the book could have turn but it stayed relatively on track as a sexy, sweet romance. The evolution of the FMC's feelings felt very genuine and cozy. I liked that."
Maria,86,,5,"March 10, 2024",5-stars；book-recs；light-romance,,This might be the cutest thing I've read in forever. They're just so perfect and cute. It makes you wanna giggle but also curl your toes. Unexplainable how much I love them. Also this might be the only time I'll alow the word mate to even be used.
Jess Reads2Much,973,13,4,"March 15, 2024",,,"So cute! I'm seriously loving this series and might have given it 4.5⭐️ if the dirty talk in the spicy scenes wasn't so cringey that I got second-hand embarrassed. Seriously. EVERYTHING else was nearly perfect, but yeah, that could use some refining."
Aisling,487,14,5,"February 13, 2023",all-time-favs；arc；beta,,Beta readI love it. Somehow more than the first one. I will do a more through review at a later date.
Annie,2,,5,"February 15, 2023",,,Take it from a beta reader to let you know that you will absolutely not be let down by this book! It is everything we want and more to accompany Dark Elf King!
Madison,40,,4,"March 30, 2023",,,I LOVED this book! I can’t wait to read more from Charlotte Swan and see how she grows as an author in this genre.
The Reading Faerie ,77,4,5,"April 2, 2023",,,Charlotte writes stories that are comforting. I loved the characters and the story. Kae and Bazy are so cute. I am excited for her 3rd book...vampires 😉
Rose,72,,4,"April 2, 2023",,,Oh my 👀
Marine Merwe,43,61,3,"April 3, 2023",,,"Good, light, fun.A little repetitive and a few spelling errors. But I really appreciate the heart of the book."
Eloise,8,,5,"April 3, 2023",,,"I was not prepared - fantastic but FUCK, I have new standards now that cannot be reached"
Alyssa,138,1,4,"April 4, 2023",,,This series isn’t my normal cup tea but I’m really enjoying it! I love a grumpy man who treats his woman like a Queen! They’re just fun and spicy!
Amy Elizabeth,163,,4,"April 4, 2023",age-gap；broody-angsty-grumpy-hero；fantasy,,3.75🌟 4.5🌶Cute monster romance! Short but interested plot. Not really instalove but story moves quickly. Excited for vampires in the next book!
Tusk Love,59,,5,"April 7, 2023",,,This series keeps getting better and better!Vampires for book 3???
StinkBert,7,,3,"April 10, 2023",,,"the only personality trait the main character shows is how she’s so sleepy all the time relatable, but why have this in 1st person if you don’t use that to give her any thoughts about anything?"
Nicole,179,,3,"April 12, 2023",,,"3.5/5 Better than book 1! Mostly enjoyed it, no strong feelings."
Summer,460,3,4,"April 16, 2023",,,The chemistry between these two!!💖
Rachel,1,,3,"April 20, 2023",unhinged-reads-for-later,,this book is for a very specific audience (me and the ipb fandom on tiktok)
Nicole Cross,129,1,5,"April 22, 2023",,,"This was such a good quick read!! Loved the pacing and how the author wrote the character Kaethe, she becomes an extremely relatable character quickly. I cannot wait for the next book!!!"
Hilary R,27,,2,"April 23, 2023",,,Look I don’t know how I got here but I’m not mad. I enjoyed it a lot more than I thought I would.
Relthelittlemerm,138,1,4,"April 24, 2023",,,"Slooooooooow burn, but damn if that dirty talk doesn’t make it well worth it!"
Eileen,11,,3,"April 25, 2023",,,I really enjoyed the build up of their relationship! It's a quick and easy read with some really sweet and spicy moments.
mads,111,1,3,"April 26, 2023",,,"yep, not so bad"
Hanyou,8,,4,"April 28, 2023",dual-pov；enemies-to-lovers；erotic,,It's a lovely fast burn. I acually like their cultural barriers and how that mixed things up a little bit.
idkdezy,9,,3,"April 27, 2023",,,3.5 stars
Bird_flower,146,3,4,"April 28, 2023",,,Very cute monster romance. Definitely recommend! 🥰
neve,194,1,4,"May 3, 2023",,,"4.5fluffy, gooey, adorable."
cesia,20,,4,"May 3, 2023",,,3.80/5Nothing but uhh..orc >>>> human
Micaela,262,3,4,"May 10, 2023",,,"Me gusto más que el primero, Más buscando a su hermano y enfrentando sus miedos fue tan genial, la tensión que hay aquí diosito 🔥🔥🥵"
Meg,148,5,3,"May 19, 2023",,,"ngl plot had potential, but the execution of the story could’ve been worked on. editing is key ladies."
justine♡,315,7,3,"May 23, 2023",aliens-or-monsters-trope；ereader；fantasy-or-fantastic,,It was actually pretty good !!
Shaun,522,,5,"May 24, 2023",,,"Perfect follow-up book. I'm hoping we get to meet others...maybe the vampires next.[Mint on ""black currant"" crochet book blanket.]"
cris,395,,2,"May 27, 2023",,,2.5⭐️
Lyn McCreary,1,,4,"May 28, 2023",,,"The story was good and well paced. There were some spelling and grammatical errors, but that’s just a me thing. Suggest if you want a quick and hot read!"
starr ⟡˚˖,155,8,5,"June 2, 2023",my-all-time-favs；orc,,🥰 this felt so cozy 🥰
W,635,1,3,"June 3, 2023",,,"This was ok, felt rushed in places and not enough back story/world building"
Nina,194,,5,"June 5, 2023",,,I love these books
Alyssa Dey,24,,5,"June 5, 2023",,1,"😮‍💨😮‍💨 I can’t wait for the day that this series blows up. Her writing is so crisp and clean and immersive. Absolutely obsessed with the story line, the smut was amazing but the plot was 10/10."
Kate,175,1,3,"June 11, 2023",aliens-monsters；fated-mates；one-bed,,"Badly needs re-editing. Many errors, wrong use of words and some spelling errors. I liked the story but it needs a proofread"
Chelbell,31,,,"June 18, 2023",,,Start: June 13
Kathleen,140,4,4,"June 25, 2023",,,This story is so sweet! There is a perfect amount of angst and drama that wraps up very nicely in a very sweet ending.
Ave,7,,3,"July 6, 2023",,,"3.5 very fun romance, a couple times I actually laughed out loud"
Katie,28,,2,"July 7, 2023",,1,Better than the first in the series. Still not my jam.
jordan,11,,4,"July 8, 2023",,,this book needed a good round of editing but it was still highly entertaining 🤭
Abbie McDonald,40,,4,"July 11, 2023",,,"Good beginning, really got me hooked. Could go without the back and forth of wanting and hating but hey drama…anywhooooo big sexy orc with ribbed wieney. Awooogaaa!!!!"
Chelsea,894,17,3,"July 11, 2023",fantasy,,3.5 stars
&#x1f987;Hannah&#x1f987;,81,,3,"July 12, 2023",,,"i liked how the first book and this one connected, it was short and sweet and got to the point very good 😊 can’t wait for the next one!"
MaddyDaddy,3,,5,"July 15, 2023",,,Great book 😻🤭
Lily Hudson,11,1,5,"July 16, 2023",,,"I loved this story! Kaethe and Bazur’s relationship is so cute, sweet, and hot! I love a good grumpy X sunshine couple. The buildup, everything, I loved it. <3"
bookwarm,58,,4,"July 17, 2023",,,perfect.short and sweet. world building is just a dream.felt like the last 50 pages were rushed but that didn't take from my enjoyment.Such a nice read would highly recommend !!!
hea booktubes,1139,324,,"July 19, 2023",3rd-quarter-dnfs,,DNF 11%
Amber Gore,60,,3,"July 22, 2023",,,very cute and to the point. didn’t like Kae as much as Elvie but still got what I wanted reading it a cute smutty story hehe
Jace,43,,4,"July 25, 2023",,,Sweet romance with a solid story with plenty of amazing tropes to get stuck into
Rebekah,42,1,4,"July 27, 2023",,,"This was a short and sweet monster romance. Not clean, btw, just sweet. Fun for a no-stress evening read."
Megs Sey,79,,4,"July 29, 2023",,,"Easy read, good for a palate cleanser"
Blanche Uy,103,,4,"August 5, 2023",,,it was okay. maybe cos this was the 2nd book that i didnt understand the world building dynamic. i liked it when he gave her flowers for her hair.
Lauren,229,1,3,"August 11, 2023",,,"Sometimes you just need a lighthearted, low-stakes monster romance and this ticked all the boxes. If you’re looking for a quick and easy read while you’re in a slump, this is a good one."
Sabi love,7,,3,"August 13, 2023",,,"It was alright, very cute and all."
kuvira,323,,2,"August 15, 2023",,,"2.5 stars - cute! low stakes romance, the conflict was over in less than a page and hea can’t complain too much"
ayriss,75,,5,"August 29, 2023",,,I WANT AN ORC MATE TF
Haley,4,,5,"September 5, 2023",,,Thank you Charlotte Swan!! This was the best book t dip my toe into the orc genre. And not to mention having my favorite nickname trope! Definitely one of the best
Janelle,65,,4,"September 6, 2023",2023,,Looking forward to the 3rd book 😊
Sarah,,27,4,"September 18, 2023",2023,,This is a really sweet and moving story I could barely put down. The spice takes a while to arrive but it's totally worth waiting for. I took one star away because it needs copy editing and that's a big pet peeve of mine. The typos are especially distracting at the beginning.
Alexis Gilstrap,2,,4,"September 27, 2023",2023-read,,Very slow burn but when it gets to the good parts there really good. The only thing that upset me was the fight scene was very quick with little action.
-siara,69,6,3,"September 27, 2023",,,3.5 stars
Kylie Hogan,69,3,4,"September 30, 2023",,,Pretty good for an orc book (not what I normally would choose)
Gisela,104,6,5,"October 1, 2023",favorites；own；read-2023,,"I really enjoyed this book. Definitely a slow burn, but definitely paid off."
Mélina ,53,,5,"October 2, 2023",,,it was sooo good !! i didnt excpect it at all !
Lavi,20,,4,"October 17, 2023",,,Loved it :)
Tu Anh,170,3,3,"October 22, 2023",,,3.5 starsthis was cuuuuteeeeei needed more pining thowouldn’t have minded if the book was longer to accommodate for pining/yearning
Mary,115,4,4,"October 25, 2023",,,Better than the first book in my opinion. Took me a day to finish it. I was HOOKED.
Lillus Koroknai,10,,4,"November 7, 2023",,,"I loved this book, especially the pink flower scene ❤️So cute and cozy story for a hot tea🥰"
Allie,85,,1,"November 13, 2023",romance,,I don't know why I keep doing this to myself.
Kate K,8,,4,"November 30, 2023",,,Read it kind of as a joke bc of Tik tok and was surprisingly good and hits all the tropes
Maddie,219,,3,"December 9, 2023",,,Cute!
Sarah Emma,44,,3,"December 10, 2023",,,"Meh, didn’t love but didn’t hate. It was an okay story that just didn’t have any of the magic the first one had."
Sofia,199,,3,"December 20, 2023",romantasy,,3.7
Holly Abate,29,,5,"December 20, 2023",,,"I absolutely loved this book. The detail, the story, and the character builds. All of it! It was such a good read I recommended it to my sister!"
LoryMK,24,,5,"December 31, 2023",,,Absolutely loved this slow burn story wow now I just can't wait for the next vampire story woohhoo!!!!
Stephanie,328,31,4,"January 23, 2024",,,3.5✨This was a sweet read!
Sem Thornwood,,58,5,"February 19, 2024",,,I need more from this author!!!
Lara,120,,3,"February 26, 2024",,,It was entertaining and sweet
sana,69,,2,"April 11, 2024",,,Was kind of mid basic predictable plot nothing special except that he was an Orc ig
Nix Segura,17,,5,"April 18, 2024",,,"Can’t wait for the third book she is writing, this book gets to point with plenty of description in the beginning. Would def recommend this to anyone for a good quick read"
C. Mtz,12,,4,"April 21, 2024",read-on-paperback,,Really enjoyed reading this book. Love how she never gave up on the search for her brother.
Isabel,240,3,3,"May 25, 2023",,,why was this relationship more important to me that other ones ive read about in 300+ page books
Raedy,151,,3,"June 4, 2023",,,"2.75?? This one was slightly better than the first? There was a bit more story here and I enjoyed the midwife bits a lot, but it still felt a bit off to me. I really enjoyed the village and not having the two mains like each other right off the bat. Idk if I’ll read the next in the series, but I might since they’ve been getting better with each book."
Maddie,90,,2,"July 6, 2023",,,The pink hair made me laugh
Cassandra,82,2,5,"April 17, 2023",,,"Charolette Swan can do no wrong. This book had me sucked in so fast. It was steamy, sweet, funny, everything I wanted. I loved it. I loved the main characters and their dynamic. The writing was good, fun, and I devoured it so fast because I just could not get enough!"
Bree,22,1,5,"June 18, 2023",,,"✨Fated Mates✨When I realized this would follow Kaethe as she tried to find her brother, I was so fucking excited and this didn’t disappoint. Yet another couple that jumped off the page and won my heart 😭 I did it again where I added the book to my list in May and then finished it in an afternoon in June 😂 I devoured the first book and grabbed this one immediately following."
Menolly Ruth,485,4,4,"January 13, 2024",,,"This was good. I enjoyed it in the way that you enjoy things when they're just fun. I wouldn't say this is anything groundbreaking, but it's simple and good in that simplicity. The emotions were there, though the not telling people thing kind of annoyed me, and the romance was well done. I think the ending was rather abrupt, but you know what. I had fun. And that's all I wanted."
Noah Johnston,1,,5,"April 7, 2023",,,It was a great read! I CAN NOT WAIT FOR BOOK 3!!! And a little extra story from book 1😭🥰😍
Rory,8,,3,"November 2, 2023",,,Okay y’all don’t judge me too bad for this one ✋A bit short and all the conflict moved very quickly. No suspense on what may happen because it gets solved in two pages 💀
Erin,223,17,4,"November 6, 2023",,,"Kaethe is a determined young woman, healer and loyal sister. As she searches for her long-lost brother whom she hopes did not die all those years ago when orcs destroyed their parents and home, Kaethe becomes the reluctant house guest of the Orc General himself. Their matched stubbornness and fiercely protective natures mesh so well!"
Molly,81,,3,"April 29, 2023",,,TikTok made me read it!
theravingromantic,85,6,5,"April 29, 2023",,,"I LOOOOOOOOVED this story! After reading the first in the series I was excited to see Kaethe get her own story and find her brother. Our Orc General Bazur was so cute, I know he was kinda confused by kaethe or he was supposed to be atleast but I loved it. I think Kaethe & Bazur were great characters and their love story was sweet. Even though this could be considered a fated mate story, there was no insta love type of reactions. Bazur wasn’t obsessed with keeping her home, or all to himself. He was very attracted to her but they did go off and learn/develop on their own throughout the book as well as together. I will say Kaethe finding her brother was random at times, and when I say random it was like she’d bring him up but never actually learned anything about him so he was like a thought in the back of my mind but I could’ve cared less if she found him🫢🫢 Overall this story was a 5⭐️ read for me, I blew through this book and I can’t wait to see what else is in store for this series🫶🏽"
Amber Kirsten,,8,5,"October 8, 2023",,,Absolutely loved this book!Great characters and story line.I love the writing style of the author!Highly recommend.Also great spice levels.🌶️🌶️🌶️🌶️🌶️
Julie Klehr,75,,3,"December 28, 2023",,,"These are not books that I’m gonna be telling my mother about, But I would be lying If I said, I didn’t enjoy them. If I see someone reading them out in public, I’m gonna give them side eye."
Loyda Sage,22,,3,"June 24, 2023",,,3.5
Bitterblue's books,130,3,5,"May 13, 2023",,,"Now that I've found this author, especially this series, I'll read everything she writes!I can't even find the words to say how much I loved Kaethe and Bazur. They are everything!The plot was fantastic, the new way she was able to help orcs was terrific, and her chemistry with the general? Out of this world."
Vanessa,16,,5,"April 3, 2024",,,"Besides my weakness for slow burns, spicy scenes, and grump tropes; this book had an amazing plot, wonderful world building, and great writing overall.After reading this book again, I can confirm that it still hits just the same, and still deserves 5 stars."
cyan,86,1,2,"December 25, 2023",poorly-written-but-kicking-my-feet,,I've decided to be more honest with my goodreads friends. Title is misleading (thank god). he saves her from a trap 🕺. I wasn't a fan of the constant miscommunication but i love the art on the cover
Aimee,238,9,4,"June 16, 2023",,,"4/5 starsThank you to Charlotte Swan for providing me with an advanced copy.This is book 2 in the Monstrous Mates series but it could be read as a standalone. It follows our female main character Kaethe as she ventures into orc territory to try and find her brother to get closure. But when she runs into Bazur, an Orc General that doesn’t care for humans just as Kaethe doesn’t like orcs. When they are forced to stay together to get Kaethe the answers she wants they may end up feeling a bit more than hate for each other.I absolutely love Charlotte Swan’s writing and this fantasy world. I absolutely love everything about the world and I adored the characters. From the romance to the fantasy elements this book had everything I wanted from it.I highly recommend not only this book but the first book in the series also."
Mel  Ditmanson ,13,,1,"August 24, 2023",,,"I was excited for the premise of this story, I specifically was going for something a bit out there. I tried to be understanding that this was self published and working with a much shorter budget than the typical book. I tried to let a lot of the typos go, but it was clear that this was not revised for readability in some parts. I got tired of how long it took to get to some points, and the icing on the cake that the main point of conflict got wrapped up in two to three pages at the end. If you're looking for shallow conflicts that are wrapped up quickly enough and a story that's more focused on providing circumstances for saucy bits then this might be the book for you."
Michaela,30,,4,"June 28, 2023",,,"*Unpaid ARC reader*⭐️⭐️⭐️⭐️/5🌶️🌶️🌶️🌶️/5So good! I found myself sucked in from the very beginning! Kaethe is an alchemist on a mission up Brokenbone Mountain to find her long lost brother but what happens when the Orc General, Bazur finds her?What to expect:🖤grumpy/sunshine🖤one bed🖤orc/human🖤miscommunication🖤fated mates"
Valarie - WoodsyBookworm ,75,4,4,"January 20, 2024",orc,,"I want a million books to be written in this universe! A strong female character who has a job and speaks her mind plus a grumpy but loveable male main character who who will literally do whatever it takes to help her find her missing brother and compliments her work - yes, yes, and yes!"
Averi Meyer,10,,5,"September 16, 2023",,,Is it a problem that I too would love to be captured by an orc ?
Roxanne,16,,4,"November 29, 2023",owned-books,,"4 stars fir Bazy and Kae and an extra one for Zarod because he is an angel, and tbh, I need a book about him and Mornga."
ellen ,60,1,1,"February 23, 2024",,,dnf
Tati,8,,4,"April 1, 2024",,,"Very cute, I still think about them."
