Reviewer,Review Count,Followers,Rating,Date,Tags,Likes,Content
Brandy Seip,143,3,4,"December 28, 2022",,3,"On the spicey meter, this was AMAZING!!! I devoured this book in a day! However on the storyline side - this could use a little more work and editing. It took the entire book (almost to the very last chapter) to finally get some clarification on things that could have easily been discovered earlier. Aside from that, I really loved these characters and the twists amd turns that this book gave! Looking forward to book 2!"
Cora Jane,,43,5,"January 2, 2023",,1,"I received an ARC copy of this book and I started it last night. I absolutely could NOT put it down! Emilia gives us a brand new take on demons and hell in this exhilarating and steamy story. In a world where Angels and Demons are pitted against one another and demons will kill for the throne of Hell, this story couldn’t have been written up better. I 100% recommend!"
Acacia,131,3,4,"January 9, 2023",,1,"Honestly could not put this book down. Loved Dani and Eros from the start. The build up in their relationship was incredible.Spoilers - trigger warnings: cheating, violence. Don’t condone the cheating but loved how it all turned out in the end. Loved how the author built up the characters sharing little by little instead of throwing all the information in one go. So glad I got the opportunity to arc read this book, can’t wait to read the others in the trilogy."
Reed Daylee,178,8,4,"December 30, 2022",,1,"4.25 starskeeps you guessing & unexpected twistsPOV: DaniHUMOR: yesF BOMBS: yesCLIFFHANGER: yesNEW AUTHOR FOR ME: noPOSSIBLE TRIGGERS: cheating, relationships: M/F (explicit), M/M (mentioned, not described, support characters), MFM (explicit), and polyamorous (mentioned, not described, support characters), Satan and Lucifer (minor characters), attempted exorcisms, claws, mouth filled with fangs, horns, demon forcing its way out of a living human, explicit language/scenes, bloody, human turning into a demon, mother murdered, death, sucking out souls, spending time in hellCHARACTERS: Dani and ErosOVERALL: good world-building, cohesive writing, page-turnerPROS:1. Keeps you guessing most of the way through - are her dreams real or only sexy dreams? and Who is this mysterious sexy neighbor?2. Fun times reading about their seduction competition to see who would break first3. Hot chemistry between the MCs4. Unexpected turns/twistsCONS:1. Cheating. ** spoilers below**2. Cliffhanger (PRO: ends in HFN so it doesn't feel like you're missing half the story.)NOTEWORTHY: 1. This book was originally written and released under pen name, Destiny Diess. (Basically, same book but author name change)2. This is book 1 of 3 in a trilogy - Becoming Lust series**Cheating spoiler**Trevon, Dani's boyfriend, cheated on her while under the influence of/controlled by a male demon. Dani cheated on her boyfriend in her dreams. I received an advance copy of this book and am voluntarily leaving an honest review."
Mahkenzie ♡,193,2,5,"November 17, 2023",favorite,1,"i read this book shamefully on wattpad when Emilia Rose first published this & when i found out she was actually publishing it worldwide, i immediately pre-ordered the book & once i got it, i read it again. i love that she kept the story the same, there was really no changes to the story. the first encounter the two main characters had made you giggle, literally. she thinks she’s home alone & running around in her underwear when she sees that there’s two “totally normal” men sitting on her couch? the “dreams” she would have would literally make you second guess yourself, and eveeytime she’d run into him, i would have like a fan girling moment. he really tops most book men for me. especially when he’s in his demon form. 😏he’s nice, charming, and handsome? sign me up please! as a first time author, especially starting off at wattpad, Emilia does a fabulous job with this book."
Cheesy,43,2,5,"January 27, 2023",,,"Hell, Lucifer or God has a wicked sense of humor. Everything you see and know is a lie; demons walk amongst the leaving. Lucifer and Sathanus are real; demons can shape-shift and come across to the mortal realm. The biggest question is, how does a good girl who believes in the teachings of God end up in a love triangle with a demon, an incubi for one? Dani has to learn quickly that the teachings and stories her mother always told her are true. Hell is real, and she’s fallen for one of hells forbidden. Never in Dani’s life would she expect to meet her hot new neighbor, Eros, for the first time wearing only her underwear. She definitely never expected for him to be haunting her dreams especially as a demon with large, curved horns and an insatiable hunger for her. For the sake of her boyfriend and for her own sanity, Dani’s determined to avoid Eros at all costs. But there’s one problem: she can’t seem to stay away from him. Between the undeniable lust and romantic connection between Eros and her Dani has a lot of eggs in her basket, or demons in her bedroom? Dani, faced with trauma from her past, is self-consciously aware of the demons that await her; however, her trust in her mother figure makes her naïve. She trusts Dr. U’s opinion more than anything, creating tension in her love life. I personally feel Dani is too in her head about what people think about her, especially in regards to Dr. U. She doesn’t want anyone to think low of her, so she hides her feelings for Eros, till there is no denying they are meant to be.I overall loved the character dynamic shown from everyone, especially Eros. I found him to be mmc with many layers. From his hell of a past, he doesn't at first trust letting Dani in but slowly, through his character arc we see him let her in, and they grow confidence, love, and hierarchy together.This ending had me absolutely crying for no reason but how sweet it was! Dani getting her closure she so desperately needed felt right."
Kelly Kale,16,1,4,"January 9, 2023",incubus；lust-filled；mf,,"Next-door Incubus by Emilia Rose 4✨/5 2🌶️/5I received a free, advanced copy of this book.Imagine having three hot guys show up next-door. Then, you start having sex dreams about the one named Eros. Only it isn't just that you are dreaming about him, you want him and don't know why because you are in a relationship with a man you love. Eros lets you know he wants you too and continues to push and flirt to get you to admit what you want from him. This book has hot neighbors, sexy dreams, tension, heart break, drama, lust, wrath, and a twist you don't see coming until it smacks you right in the face. Is anything what it seems? Follow Eros and Dani on their lust fueled ride into hell. Are you a good girl or a sinner? Things I loved: The tension that built between E and D. The game between them was great.The devotion Eros has for Dani.Not a cliffhanger (even though this is book 1/3)The MFM scene with E, D, and ___ leaving that blank. No spoilers from me. 🥵Things I wasn't so fond of:Dani's constant self doubtDani constantly being left in the darkThere could have been more character development.TW:There is cheating between some characters#emiliarose#nextdoorincubus"
Aisling Elizabeth,,39,5,"January 11, 2023",,1,"Disclaimer - I was an ARC reader for this book and received a free copy.Even though I received a free copy I still bought the kindle and paperback versions, I loved it that much.Next-Door Incubus follows Dani, a young woman as she meets and gets to know Eros, the new smoking hot guy next door. The book doesn’t make you wait for the sizzling action and we are treated with delightful and funny tension right from the start. And it only gets hotter from there. By the end of the book I even blushed once or twice, which is a massive compliment in itself. But there is also a strong story that teases you with information throughout and whilst I figured out some of the plot midway (although not all) it was still enjoyable to watch it all unfold. I am definitely looking forward to the next instalment.Ratings and categories.⭐⭐⭐⭐⭐Absolutely a five star read for me. The story was intriguing and well written. I would highly recommend this book.🥵🥵🥵🥵🥵There is spice from the beginning. A lot of seduction and a good few scenes close to the end that made my temperature rise somewhat. There are various couplings and why choose elements included. Definitely worth the read for spicy fans.🖤🖤🖤🖤I would categorise this book as dark paranormal romance. The dark themes are essential to the storyline of the book and I would definitely check for trigger warnings before reading, just in case. 💔The book gave my heart strings a little tug, mostly around some of the historical incidents, but on the whole the emotional content was lighter for me."
NikiReadsRomance,273,11,4,"January 9, 2023",,,"I love a good paranormal romance with interesting and fun characters with an extra steamy side! Also, some sexy demons? Yes please! Dani has no idea when she meets the gorgeous newcomers in her building that one of them would star in some *ahem* very sexy dreams. There is definitely something different about Eros, one of Dani’s devilishly handsome new neighbors (couldn’t help the pun, sorry, not sorry 😂) and Dani cannot deny that she feels incredibly drawn to him. But, she has no idea the secrets she is going to uncover! There are a lot of twists and turns going happening in this first book and a lot of layers to uncover! What happens when Dani learns that there is a whole other world that she is now a part of?! A ton of questions! Not all of which we get the answers to in this book. But, this was a fun a steamy start to this trilogy! 🔥Quick Notes🔥Paranormal romanceSome very sexy demons 😉Told from Dani’s POVNot a stand-alone, you’ll need to read the next 2 to find out what happens with Dani & ErosA page turnerDefinitely some spicy scenes here🔥Ratings🔥💗💗💗💗🌶️🌶️🌶️🌶️"
Michelle K.,19,1,5,"January 3, 2023",,,"OMG!!! There is no other way to start this review! This book will have you hooked in the first chapter. We meet Dani and you can't help but love her right away. She has a beautiful heart and a great personality. You are rooting for her every step of the way. Not too far into the story we meet Eros, who you can tell from the get go is hot as hell. He's a book boyfriend you'll never forget. Without giving anything away, this story will not allow you to stop reading. It keeps you guessing, breathing hard, and feeling just plain turned on. I promise this book is hot AF with an amazing story line! Emilia NEVER disappoints with her books, and she definitely delivered with this one. Make sure you give yourself a day with nothing to do before you read it because you will NOT want to put it down!"
Alisa,5,,5,"January 6, 2023",,,"Speechless.I couldn’t put this book down. Emilia Rose pulled on my heart strings in ways I didn’t think possible. The plot is a solid 5 stars and the spice level… well, I’ve never yearned to experience hell before. Dani, the FL, is the ultra sweet girl next door. Her world flips upside down when she lays eyes on her hot new neighbour who is determined to break Dani. She soon comes to find that not everything is what meets the eye. The story had me hanging off the side of my seat. This was my first incubi story but I can promise, it won’t be my last. The scenes were fast paced and concise without feeling rushed while still delivering punch after punch! Bravo author, I’m counting down for the next book in this trilogy!"
Kellie,3,,5,"January 9, 2023",,,"Been a fan of this author for a couple of years now. Brings So much tension and spice into her stories! The chemistry between Dani and Eros did not disappoint and will leave you panting for more. The tension between them at times, will have you frustrated but also realizing that this is real relationship development. I also love the main character, Dani’s, development through the book. Dani shows some real growth from a timid shy character to a feisty daring one having grown up naive and sheltered her whole life to realizing there are really demons and bad people out there. Not all is as it seems. You won’t be able to put this book down. Each chapter will have you thinking “just one more chapter.”"
M.K. Hale,,46,5,"January 2, 2023",,,I loved this book! I wish there were more incubi in paranormal romance!The plot was fast-paced and there were constant spicy scenes to add to the tension. (HOT stuff!)People who like the idea of a sex demon with horns and black eyes visiting them in their sleep to give them sexy dreams (which should be everyone?) will like this book! The chemistry between the characters was hot and very well done! I love when a spicy book balances plot advancement and smutty scenes to always keep the reader flipping pages.Very well done!I received an advance copy of this book and am voluntarily leaving an honest review.
Alyssa Longmire,126,2,5,"January 7, 2023",on-my-kindle-dark-spicy,,"I need the next book now!Plot:⭐️⭐️⭐️⭐️⭐️Spice:🥵🥵🥵🥵🥵Tropes/triggers: MF, MFM, devishly handsome succubis, mention of murdered parent, cheatingI love Emilia Rose’s books because they never disappoint! This is a medium burn paranormal romance with a human, Dani, and her sexy incubus next door neighbor, Eros. The sexual tension between them is so good, because they play a game of who gives in first to their carnal urges of lust. Throughout the book is a solid plot with a unique twist you may or may not see coming at the end 😉 I loved this take on demons and angels! I literally couldn’t put this book down it was so good 😈🥵"
Rachs_Bookish_World,52,1,5,"January 9, 2023",,,"Wow… Just…. Wow 🤩 This book was AMAZING!! I have loved Emilia’s werewolf/shifter romances but these demons are on a whole other level. I absolutely LOVED the dynamic between Dani and Eros and the build up in their relationship. It may have started fast but there was still so much tension and I was living for it! The games. The flirting. The teasing. It was perfection. The 🌶️🌶️🌶️🌶️ is absolutely insane and left me breathing heavy on multiple occasions. (I’ll take me an Eros AND Lucifer ANYTIME 🥵)And that ending, mind blown 🤯!!! I am absolutely ready for the next book in the trilogy. Bring it on!"
Missy Misanthrope ,308,,5,"April 28, 2024",,,"Holy wet scorched panties 5 ⭐️ I’m still beyond hot and bothered after reading this book. It was so beyond sexy. I’m kind of speechless.I don’t think I’ve ever read a book with a threesome it in it, especially in a love story. Because they usually then don’t make me able to believe that the people are in love whom invite a third person into their sex. So I have to adjust to that.But that threesome was so beyond hot and scorching my panties are still on fire. I love a sexy and dominant male, especially one that was written well and believable. And these were. I don’t even know really what to say. Other than that it was so beyond hot."
Justine Pritchard,9,,5,"January 12, 2023",,,"**Disclaimer I received and arc in exchange for my honest review ***So i have always been a big fan of Emilia's since reading a few of her much lighter books on one of the reading apps.Wowee this was a spicy book for sure!! The way Eros looks at Dani and worships her is just what you would wish you had. It was well written as always, I devoured this in a day couldn't put it down i had to know what happens and had me on the edge of my seat/bed lol. It was a great story, i cant wait to read the next books in the series. As always check trigger warnings be reading!"
Natasha books.are.myescape,339,,5,"January 3, 2023",,,5⭐️ 4🌶️I absolutely loved this book. Great world building and the over all plot was amazing. And Eros 🥵 That man was so dang hot and stuff that he would say 🫠 I love how Dani’s character grew into a sassy one who didn’t take crap from anyone. I loved the stolen moments between the characters and how they built each other up. And there was so many spicy scenes in here 🌶️🔥🌶️ I couldn’t get enough of this story I can’t wait for the next book.
Rachel Stephens,1268,21,5,"January 5, 2023",,,"Wow!!!There were so many twists and turns throughout the story it kept me going. I didn't want to put it down. There were secrets, suspense, angst and some delicious steam! I loved Dani. She had compassion, was also strong and sassy. Eros was of course swoon worthy, he is also a bit broken. I feel like we have so much more to learn about him. I think this was an excellent start to the series. I cannot wait for book 2! This was my first book by this author and I loved it!"
Amy Reierson,1037,15,5,"January 10, 2023",,,4.5 ⭐⭐⭐⭐💫Eros seeks to find his place in society and in his family.Dani no longer has family both parents having tragically died her only constants being her therapist and her friend turned boyfriend Trevon.That is until Eros and Dani become neighbors and let the games begin.Perfectly fun and exciting book about what happens when your neighbors are demons. And you never knew who you really were until you met you next door Incubus.I have voluntarily left this review.
Sara Toerner,52,,5,"January 10, 2023",,,"What happens when you start having spicy dreams about your hot new neighbor that almost feel too real? Find out in Emilia Rose’s book “Next Door Incubus”.Dani and Eros’ story was such a fun paranormal read with intrigue and lots of spice (hello Lust Rooms!). Plus Eros brings around some friends that prove the more the merrier, but is Dani ready for life with Eros and is there more to her than even she knows? Highly recommend adding this one to your 2023 tbr list!"
Serenity C,15,,4,"January 11, 2023",,,This book was good with the right amount of spice and plot. Good girl falls for the bad boy next door. Good girl becomes queen of a territory in hell. Dani is the perfect innocent girl before she meets Eros her next door neighbor. Eros is an incubus Prince after Dani. Dreams soon become reality for Dani and Eros soon finds he also has fallen in love. Emilia’s writing is awesome and her world and characters are amazing! Loved this book!
Rachel,108,1,5,"December 28, 2022",,,"Absolutely love this story. I am not one who reads a lot of books about demons, but this one is amazing. Every time I thought I knew how it was going to go, the storyline had a plot twist and changed the whole direction. Dani and Eros have so much chemistry and so many secrets. Inwould love to have a demon in my dreams if they were like Eros. Great read and I can't wait to see what happens next!"
Kitt Lynn,,1078,4,"January 7, 2023",,,"4.5 starsThis was an easy read. Dani and Eros had amazing chemistry and it was so funny. I loved the development of the character's relationship but it moved a bit slower than I expected. It does end on a cliffy, but I can't wait for book two!I received an advance copy of this book and am voluntarily leaving an honest review."
Melanie,491,1,5,"January 8, 2023",,,"Every book I have read of Emilia Rose has kept me hooked from the first page with all the steam she writes. This book was no different. I loved Dani and Eros' story and how their relationship developed. It does have some cheating in it, but it makes the story so that even though I hate stories like that, it didn't faze me too much. Great book to read"
Claudia Martinez,134,,5,"January 12, 2023",,,Holy hell! This book was spicy! I absolutely loved Eros. I firstly liked Dani's boyfriend but then severely disliked him and then I felt pity for him. But Eros? Now he was awesome! Loved him! And the threesome? Pour holy water on me because I absolutely loved it. One of my favorite parts of the whole book. Definitely recommend!
Sue Philips,1055,28,5,"January 27, 2023",,,It's very rare I get to read a story where the male hero is an incubus. Here I found one and I couldn't put it down. Emilia Rose is a fairly new author to me and I must say I was pleasantly surprised to read this story and find out just how in-depth her characterizations are. The story was great and I highly recommend it.
Cheryl,180,7,5,"April 2, 2023",,,The spice is definitely in this book. I liked the characters. I would have liked to see more of their backgrounds. I had to keep reading to find out what was going to happen to Dani and get answers to my questions. It all comes together by the end. Good quick read.
Jean Adair,11,,5,"January 9, 2023",,,"Such an amazing read!!! The spice is top level, I had to fan myself a couple times 🥵 I loved all the twist in the story, I like when an author has me guessing!! I can’t wait for the next one!!! 💜"
Dorothy Y Nunamacher ,690,7,5,"February 12, 2023",,,This book was amazing. I loved the storyline and all the characters. I can't wait for the next book.
Syakirah,25,,1,"June 5, 2023",,,I HATE THE FMC
C,51,,3,"July 13, 2023",enemies-to-lovers；mates；paranormal-romance,,"it read like a wattpad, do with that as you will"
Alizabeth Mariott,24,1,4,"October 24, 2023",,,"Honestly, I love this book. I love how corny it is in world building and it’s just really fun to read. 😭"
Hannah,,6,,"December 16, 2023",,,"I haven’t read this, but I wanted to.Why didn’t I? Because it’s $8 on Kindle for a 300 page book. Outrageous."
Jana,36,,5,"December 19, 2023",,,🌶️🌶️🌶️
Beth,7,1,5,"April 1, 2024",spicy-with-a-plot,,Can't wait to read the next installment
Feä folk bazaar  God  that's offensive ,103,,1,"April 12, 2024",,,Dnf 14%The fuck is that? The story telling doesn't make sense and it's written like a 15 years old girl English essay 🙃 Skip this
Jasmine,333,6,2,"June 1, 2023",paranormal-supernatural；romance,,Started with an interesting concept and then the ending made quite a few things confusing.
Marissa Garcia,169,11,5,"January 9, 2023",,,"Honestly Emilia can do no wrong in my eyes! A hot incubus next door, yes please! Eros is a neighbor I’d love to have! From the minute you open an Emilia book she hits ya with the spice, and this book is no different. She has spice, plot twist, and keeps you guessing through the whole book. I can’t wait for the next book — I need to see what happens!!!"
