Reviewer,Review Count,Followers,Rating,Date,Tags,Likes,Content
Diana Green,,308,4,"December 16, 2023",science-fiction,9,"I have enjoyed other books by this author, and Liberty's Daughter was no exception. The first half was truly exceptional and I would give it a full five stars. The world building was spot on, as was the plot development. About halfway through, the story changed directions and I felt it became less convincing. I still enjoyed reading it, but the new crisis seemed farfetched, and the main character grew too super-powered in her ability to fix things. I would give the second half of the book three stars. So, on average, my rating is four stars. This rating also fits with the high quality of the writing, combined an unfortunate abundance of typos. The publisher REALLY needs to improve their proofreading. A shame, when the book itself is so good. Wonderful concept, stellar beginning, and overall an engaging read."
Littleblackcart,27,45,3,"December 2, 2023",,7,"hmmm. A book that requires a different scoring system than the flat one of ""how many stars"". This is a young adult dystopia adventure novel (almost more a series of connected short stories) mostly taken up with describing the various parts of a society based on anarcho-capitalist tenets (I hate ceding any version of the label anarchist to this group, but they have so far won that jargon battle). I was surprised by the take-away at the conclusion (or the concluding chapters), as it was both more actually anarchist and also less simplistic, than I had expected. Kritzer's prose is lean and straight-forward in a way that worked for me. I think she could've done more with all her characters as none of them were particularly complex, but that did make it more of a fun read than it would've been otherwise. And is also why both ""young adult"" and ""adventure"" are in the first line here."
Teleseparatist,1092,143,4,"November 26, 2023",2023；owned；young-adult,6,"Lovely, surprisingly warm coming-of-age near-future science-fiction novel about the teen daughter of a libertarian big-shot on a semi-lawless seastead, having adventures and learning to question everything. Honestly, the charm and joy this had was that of a five-star read, I just wish the editing was a little more thorough and the plot and world were more fleshed-out - I feel like there could have, should have been more connective tissue and some obvious but unmentioned or barely acknowledged problems of the seastead could have been brought up in a story of greater length."
Beth Cato,,615,4,"March 17, 2024",2024；nebula；science,5,"I read this young adult work as part of the Nebula Award/Norton packet. I found it to be a breezy, intense read, genuinely interesting from page one. I think my only issue was that it was clear that different segments were published separately, as the sections still felt somewhat disjointed. A fabulous work, though. I've really enjoyed everything I've read by Kritzer."
Mark,135,20,5,"November 26, 2023",,4,"Interesting mash-up of stories set on a libertarian seastead. Actually quite insightful given these were written over the last decade, they really nail the what these places are likely to be like."
Meredith,376,45,4,"February 5, 2024",sci-fi；tbrcleanup2024,3,"I really enjoyed this! It is apparently from a series of shorter stories, so there's some repetition between sections and it's a bit episodic, but there are story threads that run through the whole thing as well. I loved the main character and how she learned and approached the challenges she was faced with. Definitely recommend for folks who enjoyed Kritzer's CatNet books."
Yev (Playing Eiyuden),560,18,4,"April 6, 2024",0reviewed；1science-fiction；2novel,2,"Rebecca Garrison, 16 years old, has lived in New Minerva since her father brought her to the seastead when she was 4. The seastead is located 220 nautical miles west of Los Angeles and was founded 49 years ago. It's an assortment of man-made islands, platforms, ships, freighters, and other vessels. Each collection of these is considered their own country with their own set of laws. What they share in common is a libertarian ideology, ranging from literally anything is allowed to minimal statism. Everyone has to buy a stake to become a citizen, otherwise they're a guest worker and probably soon to be literally sold into conditions little better than slavery. There's no public infrastructure or government services almost anywhere. A significant part of the economy works on the barter system, which is where Beck has found her niche as a finder. She trades favors and items and helps out at the miscellany store. This takes her all over the seastead, which eventually leads to her becoming more involved in its darker sides. Everything that happens here may be normal to her, but that doesn't mean it's ethical. She knows the majority of adults are criminals fleeing punishment, especially the wealthy ones, but she has no idea about why the seastead is allowed to continue existing or that there are secrets here that could change the world.6 of the stories that make up this novel were serialized in The Magazine of Fantasy & Science Fiction from 2012-2015, which is where I read them. The seventh story, the epilogue, has only been published here. I enjoyed them both then and now. I was somewhat disappointed that there's only about an additional 2% in terms of word count added to the first 6 stories. When I did a text comparison I saw the scenes that were added, which surprisingly weren't to better connect the stories together. There wasn't as much reworking of what already existed as I hoped for, as it was mostly word choice and sentence level changes. Two examples are that the seastead's population went from 22,000 to 80,000 and one minor character's name was changed from Kat to Jen. What I had in mind would've made it an easy 5 stars for me, and probably significantly better for others reading it here for the first time. I'm strongly biased towards liking this because it's the sort of near future daily life adventures in a speculative society that I especially enjoy.What I found most interesting in reading these stories again was how much the context had changed in only ten years or so. Interest in seasteading seems to have vanished relative to charter cities, the covid pandemic happened and changed how I viewed mass outbreaks in illness and how people react to them. Part of this book probably comes off as much more conspiratorial than it was at the time if only because Kritzer wrote what some of the paranoid and reasonable fears were ahead of their manifestation.Rating: 4.5/5"
Keith,254,2,4,"December 3, 2023",,2,"“Liberty’s Daughter” is the newly released novel by Naomi Kritzer, who is probably best known for her excellent short stories. Many of these have been collected into her noteworthy anthology, “Cat Pictures Please.” She’s also written a duo of young adult books.“Liberty’s Daughter” takes the reader to a gritty near future world where libertarians and others have established a sea stead in the Pacific Ocean. This community consists of a number of decommissioned ships, platforms, and other structures all gathered together. These have differing levels of rules of law, from none to few. This loose confederation of inhabited structures was founded by rich individuals who wanted to escape from the heavy hand of governments, and live as they wished. Others come here to escape the law, or to start over where their past doesn’t matter. The only thing that does matter is wealth, which more or less equals power. Beck (short for Rebecca) is the titular daughter of the sea stead, she’s lived here with her father since she was four. She’s now 16, and works as a finder. She seeks out items or services that people want or need in the limited environment of the ‘stead. She has just been commissioned to find a person, a sister of a bond-worker who has vanished. This journey leads her into the grim reality of the lower-class laborers who are exploited by some of the more powerful residents of the stead. These workers are beginning to organize, and this is a terrible thing to many in power.Overall, I found the novel compelling. It’s an exploration of the darker underside of a libertarian society. Beck seems pivotally involved in the events of a transformative time in the history of her society, and this is a point at which I sometimes was taken slightly out of the story. However, with a little suspension of disbelief, I was able to continue my enjoyment of the novel. The vision of this near-future society isn’t utopian, and tends to the darker aspects of human nature. However, the overall narrative is positive, and Beck’s story turns out well in the end. I’d recommend this novel as a very different and interesting read, that explores a novel setting. Good science fiction explores the “what if” questions in settings that are logical extensions of the ramifications of possibilities. This is exactly that, and it does a good job of exploring its questions."
Maryanne,598,3,,"January 6, 2024",,2,Not a wasted word which seems to a rare commodity in most books I’ve picked up lately.
Penn Hackney,141,21,4,"April 25, 2024",reviewed,1,"Bought for $6.35 on 11/19/23 to read for the Second Foundation Group discussion on 4/28/24, after reading Kritzer’s delightful catnet stories, one of which won an the 2020 Edgar Award for best YA novel. Gonna read her first novel, Fires of the Faithful, next. Parts: 1. Missing 2. High Stakes 3. Solidarity 4. Outbreak 5. Jubilee 6. Behind the Silicon Curtain 7. California Dreaming Forty-nine years after founding the seasteads. Great world-building: clever, imaginative, and elaborate. Includes political intrigue and sweet-boiled detective genres. Maybe too much, though, with labor activism, a nanotech virus (contagious,of course), pandemic quarantine, and even a suggestion of romance. Plus contemporary issues of the pandemic, like contagion, vaccines, anti-vaxxers, Sweet characters and delicious warm humor with some dark themes, like colonialism, debt-slavery, genetic engineering, bio-terrorism / mind control / evil science, and unregulated capitalism. A nice YA vibe withal, as Beck is a smart, plucky, likable 16-year-old, who helps everyone around her. So many interesting, surprising, silly, weird things in the world- building of the different seastead communities, including what Beck’s entrepreneurial work is to negotiate for. E.g., for turquoise-blue cashmere sweaters or vanilla-scented bath bubbles or potting soil, p. 68. Narrator (Beck) talks to us readers (e.g. “You’re probably wondering” p. 80; “Cholera, in case you’re not familiar with it—“ p. 198) and tells some of her story in letters to her mom, together works as a pretty clever exposition. But if she’s not addressing someone in particular, it’s a bit disconcerting. “Beck is an expert at finding people,” Zach said. “And even more an expert at talking them into shit that was not on their to-do list that day.” p. 202. Cf. “Finder” by Suzanne Palmer. Also there’s a Heinlein juvenile vibe of the competent plucky youth learning self-reliance and making ethical decisions correctly, and the Heinleinian thought experiment of what libertarian and quasi-libertarian societies might look like, a la the “rational anarchy” of The Moon is a Harsh Mistress. Written contracts and handshake deals. Disease causing repetitive conpulsions, cf. Severance (2018), by Ling Ma. It’s wonderful how Beck develops independence and the ability to ignore what her parents tell her to do. E.g., “I ignored my mother’s scowl, just as I’d gotten used to ignoring what my father wanted me to do,” p. 196. A Bildungsroman of sorts: Beck learns self-reliance (ch. 7) and how to make her own decisions, take risks, and employ (for the good of others - she starts with an innate altruism that doesn’t need to grow) her connection to dad and the power that comes with that (passim). The wealthy and powerful can leave. Cf. “the richer sort of people, especially the nobility and gentry from the west part of the city, thronged out of town with their families and servants in an unusual manner;” ~ Daniel Defoe, A Journal of the Plague Year, p. 950 of my Kindle complete works. The breakdown of society in Lib due to cholera reminded my of the Black Plague of 1348 in Tuscany: In this extremity of our city’s suffering and tribulation the venerable authority of laws, human and divine, was abased and all but totally dissolved, for lack of those who should have administered and enforced them, most of whom, like the rest of the citizens, were either dead or sick, or so hard bested for servants that they were unable to execute any office; whereby every man was free to do what was right in his own eyes. ~ Boccaccio, Decameron, proem (p. 26 of my Kindle copy) A very literate Zach, p. 209, quoting from Defoe’s Journal of the Plague Year: “[The watchman] continued knocking, and the bellman called out several times, ‘Bring out your dead’; but nobody answered, till the man that drove the cart, being called to other houses, would stay no longer, and drove away.” ~ Daniel Defoe, A Journal of the Plague Year, p. 996 of my Kindle complete works. P.S. I love Father Tim’s books, ch. 7: Lord of the Rings, a shelf of books by Ursula K. Le Guin, and The Secret Garden. And this is priceless (and true in my experience): “Feel free to come by and talk anytime. About anything. Empiricists and rationalists are welcome here; I’m a Jesuit, after all.” An unfinished feel - these characters and relationships are wonderfully drawn, but they don’t always feel organic: > What happens to Janet (ch. 4) and her TV crew? > How did Lynn end up on Sal (ch. 14)? Why isn’t she more respectful of Beck, who found her and essentially saved her life? > What happens to dad? Why did he give Beck biometric access to Sal? He did leave her access - and boullion - and she still has feelings for him, ch. 15 p. 245. The relationship is complicated, “He’s not *always* awful, you know.” Ch. 8 p. 126. > What happens to Thor (how old is he?j and the budding romance? (Cf. Beck’s relief at seeing Thor and his lovely simpatico response, ch. 7 pp. 109-10, with subsequent interactions evincing trust and reliance, not to mention a “date” and youthful anticipation along the way (“I can’t believe you didn’t think this was a romantic destination,” he said. “It’s dimly lit, mysterious, and our parents would never find us down here. What more could you ask for?” ch. 8 p. 132; “Have you ever slept on a concrete floor?” I asked. “It’s really uncomfortable.” “Who said anything about sleep?” ch. 8 p. 139; also p. 126), and ending with their long-distance chat in ch. 15 pp. 243-45. > What happens to Zach and the AD rangers? > Will Beck come to love California and Thor come to her, or vice versa? This at the end about mom is powerful: “…. fundamentally, Mom wasn’t wrong to be worried, and she wasn’t wrong to be afraid, I just didn’t like the answer being, ‘I did the best I could under the circumstances.’ I wanted to be able to judge her for how she’d failed. ‘The world is really big, Beck,’ she said.” Ch. 15 p. 257. Meaning, life choices - and motives - are complicated, sometimes self-contradictory, with lots of nuance and wrong turns, yet most of us *do* try our best, especially for those we love. Despite some roughness at the edges, an easy 4 stars."
Firstname Lastname,36,4,5,"November 28, 2023",,2,"This is very well written. Foreshadowing done skilfully, extra twist completely unexpected, 3-d characters, believable mid-teen POV. Kritzer always spins a good tale, this one is particularly fine."
Valerie Nadal,52,,4,"April 4, 2024",,1,"Imagine if a teenage Leslie Knope set about trying to improve her community, but her community is a libertarian dystopia, and you have this book. The worldbuilding in Liberty's Daughter is outstanding- Kritzer does a great job of imagining what a society would look like if libertarian philosophy were taken to its logical conclusion (the answer is a much more malicious world than Ron Swanson would approve of), and the sea-stead is such a creative setting. I also really liked the character of Beck."
Simon,,12,5,"March 10, 2024",,1,"Recent Reads: Liberty's Daughter. Naomi Kritzer's seastead novel explores the downside of unregulated living in a libertarian exclave in the Pacific. Teenager Beck Garrison makes a living finding things for people, only to uncover the dark underneath. The ones who built Omelas."
Celeste Haehnel,95,3,4,"April 24, 2024",,1,"This is a rather simple, YA story that could essentially be treated as a set of short and interconnected stories. The four stars are because I enjoyed it immensely, not because I thought it was particularly unique or wondrous."
David,,371,3,"January 23, 2024",ebook；female-author；female-protagonist,4,"That this book was inspired by, and a reaction to, Robert A. Heinlein, is patently obvious even if there are no overt call-outs or references. I haven't read anything by Naomi Kritzer before and don't know what her feelings about Heinlein are, but this book could not be more Heinleinesque if it added a few spankings and some Bugs.I love Heinlein, skeevy spanking fetish and all. But  has the feel of a classic Heinlein juvenile — its protagonist is a smarty, spunky, capable girl whose father ""runs"" things in a vague, behind-the-scenes kind of way on their seastead home. Beck Garrison is an independent gal just trying to earn some pocket money, like most teenagers, but her part-time job as ""finder"" of miscellenry leads her to the dark underside of the seastead home where she has spent her entire life.Which is where  is clearly also a response to some of Heinlein's other books, especially . Many of Heinlein's books depicted societies, on the moon or in near-future Earth enclaves, that run on anarcho-libertarian principles. There was a lot of philosophizing, and there was always present the uber-competent Heinleinian Male, a stern, wise, yet loving patriarchal figure, and the equally uber-competent Heinleinian Female, as brilliant and capable as her man but always ready to do the dishes and then throw off her clothes for some proper servicing.I'm being a little cheeky, and a little unfair to the old man here. Talking about Heinlein always invites the Great Heinlein Debate. The man has passionate fans and passionate haters, and after reading this book, I honestly don't know which one Naomi Kritzer is. Maybe both.The seastead is a collection of separatist anarcho-libertarian communes in the Pacific Ocean, made of floating platforms and spare ships all tied together and turned into a collection of micro-states, not really recognized as governments by the rest of the world, but allowed to exist more or less autonomously. The United States and some other countries have ""outreach offices"" there, but since the seasteaders exist in international waters, as long as they don't give the U.S. or anyone else a reason to send in the Navy, they are mostly left alone.Rebecca Garrison's father is a rich guy who brought her to the 'stead when she was four, after her mother died. We never learn exactly what he does or where his money came from, but he's a Big Deal on the seastead, which means Beck has grown up living a fairly privileged life. Through her eyes, we learn how life in this libertarian utopia works. People can ""buy in"" with a full stake on the stead and an apartment if they have enough money, but many people arrive as ""bond workers"" — basically, they sell themselves into indentured servitude, hoping to eventually earn their way to freedom and enough money to buy a stake of their own. , there is no ""slavery"" on the 'stead, only because countries like the U.S. probably would get involved if their citizens were literally being enslaved. But as we (and Beck) learn, ""technically"" has a lot of wiggle room. While conditions on the 'stead have clearly become normalized for her, even she is shocked to discover that where the ""laws"" are basically that anything you can get away with is legal, people can and will get away with a lot.After trying to find a bond worker who disappeared, Beck is recruited to help a producer who's arrived from Hollywood to run a reality show on the 'stead. This leads to Beck discovering even more of the stead's dark side, and running into direct opposition with her father, who wants to maintain the status quo and doesn't want his daughter stirring up trouble. Unfortunately, he learns that when you raise a Heinleinian juvenile on an anarcho-libertarian commune, you get an independent-minded troublemaker.Her father, Paul Garrison, is an archetypal Heinleinian Male: brilliant, wealthy, and in Kritzer's version, completely amoral. The relationship between Beck and her father seems awkward and true to what growing up with this kind of a father would be: he appears to feel some affection for her, but it's hard to tell whether his ""love"" extends beyond seeing her as an extension of himself, and he doesn't take it well when his progeny turns defiant. He starts out just being kind of an aloof, authoritarian d-bag, but Beck learns more and more about the dark side of her father, and the seastead where they live. Beck, in turn, seems a pretty normal teenage girl, but whether with her father or with her boyfriend, she seems almost emotionally stunted and we never get any deep insights into how she  about them.There was a lot to like in , whether you love Heinlein or hate him (or have never read him). As a near-future SF novel, it's barely science fiction, and presents teens doing things in an almost-today setting. Beck is smart and likeable, and gets her way by being clever and having a lot of moxy, and while sometimes her ability to get away with things seemed a little too easy, she does run up against the limits of being a teenage girl in a world run by adults. As social commentary, it's both a critique of the Heinleinian archetype of competence and individualism, and of libertarianism.There were also things that annoyed me. Beck is a bit flat as a character, and the ending — really, the last third of the book — seemed to be a series of escalating consequences and abrupt transitions that Beck continues to react to in a rather muted way. The end just sort of trails off, though in a way that would certainly allow for a sequel.I also have to say that I was appalled by the editing. I've heard that publishers have been cheaping out on editing lately, and this showed it; I spotted typos and grammatical errors every few pages. Not entirely fair to judge a book by its editing, but I do, dammit, so this 3.5 star book gets knocked down to 3 stars for not having had competent proofreading."
Marjorie Ingall,,138,5,"December 1, 2023",grownups；young-adult,3,"GAAAAAAH Naomi Kritzer is so imaginative and her world-building is so great but it's never at the expense of character or dialogue or writing on a pure delicious sentence level. (The rareness of this is why I don't read all that much scifi or fantasy, and don't @ me; I don't mean YOUR favorite writer; they're AWESOME.) I just WOLF DOWN everything this woman writes. Great for teenagers, great for adults who want a suspenseful, stakes-y, immersive read that isn't too scary or upsetting. It's about a self-sufficient and delightful teenage girl who lives on a connected flotilla of old cruise ships populated by libertarian separatists. She works as a sort of finder of things (cute sandals in a size 8, various cooking ingredients ... but then she winds up investigating a BIG MYSTERY that turns into a takedown of libertarian dickwads and power-hungry fuckbags. I enjoyed it IMMENSELY. (There's a little bit of romance that's kinda whatever, but it had no impact on my enjoyment.)Also, if you watch Survivor, this will SO BE YOUR JAM. But not in an upsetting Squid Game kinda way. I couldn't finish Squid Game.Many people in this story turn out to be mensch-y, and recognize our fundamental interconnectedness, and take personal risks to help others. This is a world in which a lot of people really want to do right, even when people in power make things shitty and are either stupidly venal or actively trying to make people turn on each other. It's a rousing cheer for organized labor! It stands alone but I really, really want a sequel. Please?"
K. Lincoln,,92,4,"December 11, 2023",,2,"4.5 stars, actually.We enter the story with teenager Beck Garrison as she wanders around different seasteads (think giant floating man-made islands comprised of retired freighters and yachts, etc) anchored off the California cost looking for things. She finds things. Usually she finds things by going down into the belowdecks to ask the bond workers (indentured) what they brought from the mainland and then finding other things for them for trade.As we enter the story, Beck is looking for strappy sandals, and in trade, she agrees to find out where the bonded sister (whose contract was bought) ended up.She is drawn deeper and deeper in the dark side of the unregulated, low-government seasteads, and into a mystery surrounding her father's work. As she gets into danger, Beck excels at negotiating dangerous situations by basically giving folks what they want (or making it impossible for them to retaliate).She picks up another teen friend, a gruff mercenary, and gains the respect of various adults.What is fascinating here is not only Beck's ability to negotiate, but also the thought experiment of what true unregulation might look like in the modern world. Let's just say, I'm not in a hurry to go join a seastead anytime soon and am super-grateful for the rules and regulations that attempt to keep water clean, employment safe, and outlawing basic slavery.Cool near-future sci fi shedding light on current political trends."
Dan Trefethen,914,44,4,"December 28, 2023",science-fiction；women-focused,,"This is about half social experiment, half biological thriller. Beck, our 16-year-old narrator, is the daughter of one of the powerful men on the seastead located 230 nautical miles off the California coast (so it's in international waters). There are half a dozen separate parts of the seastead, each with its different rules, from the libertarian Lib to the unconnected-to-the-others Sal, where there are mysterious labs.With a 16-year-old narrator who is in the custody of her domineering father, this could be read as a YA book although its not being marketed that way. But it follows the arc of a young person who exerts her independence and agency where she never did before, to foil nefarious plans of the adults.This is a fast-paced book that nevertheless has interesting social elements on how people build community in the absence of an overweening government. It deals with issues of security and protection, where the social safety net is not really existent. It's quite well done.My only real objection is that the bad guys tend to be manipulative, abusive and possibly murderous fathers. This also occurred in Kritzer's previous book “Catfishing on Catnet”, which was more obviously YA but had similar perils for youngsters. I know horrible and abusive fathers are out there, but it would be nice to see a counterpoint in a loving and supportive father who is believable."
Andrewcharles420,307,9,4,"January 18, 2024",,,"A teenage girl lives on a 'libertarian utopia' seastead with her overbearing father as the colony goes through some dramatic events. The book is probably aimed at a young adult audience, but reminds me more of a Heinlein style book than modern YA. Funny and clever, with well-thought out consequences to the presented scenarios. Perhaps a bit too neat (clearly linked causes and effects, linear event story), but that also lends to my idea that it's aimed toward a younger audience. I think it did a good job illustrating different perspectives and motives of the characters--especially the girl and her parents. I would love to see how this girl's perspective evolves as she gains experience--she seems to like the world of the seastead, but sees its shortcomings and doesn't know much about life outside.I follow the author on social media and have loved some of her short stories--I will probably read from her again. Recommended as quick, light scifi. Only negative was several sentences that appeared to be missing words... it wasn't common enough for me to pick it up as a seasteader brogue, so I took them as typos in the (purchased!) epub file."
Alicia,3245,34,5,"November 22, 2023",,3,"I honestly thought I was depressed bc I was feeling so meh about reading, until I picked up this book and was immediately into it! Turns out I was just reading books I felt meh about! Anyway, this is I think based on a bunch of short stories of Kritzer's turned into a novel—it reads really seamlessly, anyway. The central character is a teen girl in the near future who lives on the “seastead,” which is a libertarian-founded community out on the ocean, and her father is one of the prominent community members. She has a job tracking things down for people, and thing really kick into gear when, in exchange for a pair of sparkly sandals, she’s asked to find a missing woman. Everything about this was great—the characters, the world-building, the politics. Just super engaging and satisfying. A."
Brenn,63,4,5,"December 7, 2023",2023-books,,"I was so excited to read this. It was built off a series of short stories from a decade ago that I loved, then lost track of. Now I never will again. Beck Garrison has a life of privilege on the sea stead. But she sees more than her father might thing. Finding friends outside his circle, and learning the truth about a live altering event brings her further away from what he had planned. How she grows from that brings even more surprises. Naomi Kritzer has grown as a writer since I first read about Beck on the Seastead. Our world has changed too, and we need this reminder of what the worst of us is capable of. Likewise, what each of us is capable to be the best self in the face of the worst."
Sharon,284,2,4,"December 23, 2023",,,"A story that starts with a simple request- find someone’s sister, in exchange for a pair of shoes. That one investigation only raises more questions in Beck’s mind, questions her father doesn’t want to answer. It’s disturbing to see how a settlement based on “freedom” actually has numerous ways to restrict everyone, and how a small cadre exert control over the lives of thousands. It’s a great read. Beck’s adventures take her through almost the entire “settlement” of semi-attached ships and lead her to characters seeking to change Seastead or keep their own control intact. Definitely worth it to see Beck stay one step ahead of those who want her to fail, and see Beck help those with another vision for Seastead."
Felix Pütsch,333,2,3,"January 7, 2024",,,"3.5*I picked up this book because it was a .This is what ""Snow Crash"" should've been. Same idea of a libertarian dystopia, but fast-paced und under 300 pages. I thought it was an interesting read, although I mostly enjoyed the world building, and the second half of the book was less interesting for me but I wanted to know how it all ends.Some things didn't seem very believable. Two examples:"
Claire Osgood,188,,4,"December 18, 2023",,,"Interesting offering about a distopian living situation occurring a ways off the Western coast of the USA. The experience of indentured servitude that is difficult to be released from is explored. The economics of these independent offshore habitats might make some readers uncomfortable. This book seems to be of interest to teenagers and adults. The protagonist is a 16 year old that is inventive, brave, and wise beyond her years. As the future worries many of us, this book is a relevant fictional offering."
Janice,892,9,4,"December 1, 2023",2023；kobo,,"Everything is worse with libertarians.Unless you're maybe the clever daughter of a rich, important libertarian living on a lawless seastead in the Pacific Ocean. Beck is a great, competent character.Reading Naomi Kritzer's writing give me more hope than reading most SF does. She has a real knack of coming up with ways that things can NOT be the Worst Possible Outcome. Her writing is clear and compelling. I like it a lot."
Paul Guinnessy,47,1,4,"December 29, 2023",,,"One of those books in which you wonder at the premise then realize how well thought out the world building is. What I particularly liked was the realization that it wouldn’t take much for the libertarian republic to collapse because it turns out that you do need a community for a society to work, not just indentured slaves. I really hope there’s a follow up later but it’s nice to read a book and think, “yes it’s ok there’s not a ton of sequels afterwards’. Recommended"
Clayton,163,1,4,"April 13, 2024",,,"This is a well written and engaging exploration, in novel form, of what life on a mature (forty years after founding) Seastead community might look like. There were moments where I was thinking that this was a bit of a hatchet job on anarchism in general and seasteading in particular, but finally I feel like it was all reasonably fair ball. The ending fell a little bit flat, but maybe that was a setup for a sequel."
Ashley,95,4,5,"February 3, 2024",,,My bookclub turned me on to Naomi Kritzer and I am thrilled! This felt like a accessible near-future YA Veronica Mars. I loved our MC Beck Garrison and learning about the steadlife. So imaginative and a dark mystery. So many themes to unpack wow. What a mind! (I hate rating books but always want good authors to get more book deals and algorithms are already needlessly cruel!)
Jory,117,,3,"February 9, 2024",,,"Huh. That certainly was a book. I really liked the plot in the middle with disease and the characters we liked, but the end really went downhill. Felt like it kind of whimpered out. It was a. Okay book and I really am a sucker for an archipelago, but I hated Beck's mom! I don't no. I mean she tried?"
Doug,446,3,4,"March 4, 2024",,,"To me, this read more like a YA novel than an adult sci-fi story. Adolescent protagonist with adolescent emotions and stubbornness. I like the world Krizter created very much - rules based and believable. I good dose of suspense/action would have improved the story tremendously. This is the 3rd of 4 books nominated for the MN Book Award in the genre category. It's definitely a contender!"
Erica,441,7,4,"March 23, 2024",book-club；fiction；science-fiction,,"How would it work if libertarians actually 'ran' things? This book pulls you in easily to the story of a teen who grew up in this libertarian experiment. The world building in the first half makes a great read. The second half somehow feels rushed, but overall still a good story and an interesting view of things."
Julie,3134,49,4,"April 2, 2024",2024；from-library；science-fiction,,"This felt like the first two books of a series put together as one book. The first half with the finding and trying to help the bond workers, was very cool. Then the story completely changed gears. It was still interesting but it took me a little time to adjust. The end was pretty good, although it was kind of crazy how easily things got wrapped up."
anklecemetery,439,23,4,"December 31, 2023",childrens-or-ya；fiction；mystery-or-crime,,"More of a 3.5 for me but I’m rounding up because in general I love Kritzer’s worldbuilding. This didn’t resonate with me quite as deeply as the CatNet books - there’s more bleakness here, but once Beck started problem-solving the plague outbreak, I was extremely invested."
Sutton ,171,15,5,"April 3, 2024",,,Naomi Kritzer knocks it out of the park as usual. What if a bunch of libertarian jagoffs built a sea nation of ships and a teen had to navigate a series of crises aboard them? Everything is built out organically and believably from the premise. Near future YA science fiction.
Symmonie,30,,3,"April 6, 2024",,,"A vexing read due to the problematic proofreading. Every instance of an apostrophe d has been removed from the text. It is clear many sentences are meant to contain them but, alas, they have all gone walk about."
Susan,826,45,4,"December 23, 2023",,,3 1/2 stars rounded up
Linnea,561,5,4,"January 7, 2024",bookclub,,Gotta read about the history of seasteading now.
Bethany,1190,24,4,"January 9, 2024",,,Rounded up a little because I like the author more than I actually liked the book. Well worth a read!
Girl,558,45,4,"January 18, 2024",2024,,This was fun. I like how Kritzer writes about the near-future near-apocalyptic societies.
Mesembryanthemum,200,7,4,"January 27, 2024",new；owned-to-keep；я-2024-read,,3.5 stars (rounded up because the writing is so wonderful).
Holly,147,4,,"February 20, 2024",2024；ya-sf,,Really enjoyed this until the last 10%. Ending was strange and unconvincing.
Sarah,1924,80,3,"March 4, 2024",novella；sci-fi；sff,,"This was a four star book most of the way through, but I found the ending really unsatisfying (and also a bit lacking in some answers), knocking it down to three."
Theresa,193,2,4,"March 7, 2024",award-winner-or-nominee；science-fiction,,"Like many have noted, this is a good story with some amazing world building and a rather weak ending. And so many typos. But the ideas are strong enough that it really gets you thinking."
Kevin,,29,5,"March 12, 2024",,,"A fascinating sci-fi world and a pragmatic teen finding practical solutions to big problems. It's a pretty quick read, but engaging and fun."
Esther,471,13,4,"April 5, 2024",nebulas；science-fiction；young-adult,,Nice to reread these stories in one overall arc.
Leslie,274,,4,"April 14, 2024",,,So much happens in this book! Each section could have been its own novel. I didn't really like the ending but the world is very convincing.
Ben Nathan,889,10,5,"April 28, 2024",,,4.5 rounded up. Really great ya. Believable and ridiculous at the same time. Wonderful
Nat,927,9,3,"May 1, 2024",,,Neat and thought on how this could potentially work. More like short stories than a joined narrative
Joyce Scrivner,24,,4,"December 21, 2023",,,View your opinions and balance them with desires. Being stuck can be external and internal. Change requires both to happen.
Beatrice,367,6,,"April 29, 2024",,,"IWW? This is a job for UAW. AFSCME at LEAST. Genuinely the funniest part of this whole book. IWW. Functioning. Imagine. Atrocious copyediting, some of the worst I’ve seen — Fairwood clearly needs to cough up and hire a real one. Basically disjointed, basically a take on Heinlein. No spankings, thank goodness."
Leone Hankey,49,,4,"April 29, 2024",,,Interesting YA novel about a left libertarian uprising against a right libertarian society.
