Reviewer,Review Count,Followers,Rating,Date,Tags,Likes,Content
Josie Jaffrey,,163,5,"April 3, 2024",,3,"Endlessly inventive, laugh-out-loud funny and incredibly warm, with a twisty mystery and a satisfyingly dramatic finish. Tons of fun. Can’t wait for book 2!"
Ana Cretu,76,7,4,"April 11, 2024",science-fiction,3,"I loved this book! So imaginative, bursting with creativity, intrigue, surprising inventions and mind-bending concepts. And it was so much fun to read! I loved this Victorian Even Greater London setting, a mix of steampunk machinery, high-tech and advanced scientific progress. Where Queen Victoria (now more machine than human) had to be revived 11 times, following 11 successful assassination attempts; an universe populated by automatons (Tommy Tons as Kathleen Price calls them), where technology is so much different than what we would expect. An immense tower is providing electricity to the city (half the size of England) while ‘draining’ the Thames of all its heat and leaving it frozen. We follow a pair of odd and quirky investigators, who attempt to unravel the events of the most mysterious series of crimes. I thoroughly enjoyed the book - it’s clever, original, funny, sharp, satirical and incredibly entertaining and satisfying. I loved it! Now I need to discover the podcast and Victoriocity as I knew nothing about it when I started the book. Thanks to NetGallery for the ARC!"
Annarella,13,143,5,"March 16, 2024",,2,"I know I’m thoroughly loving a novel if I do something like buying it or, in this case, starting to follow a podcast.This is the first in a series so I bought it and subscribed to Victoriocity.The blurb list names like Adams/Aaronovich and Pratchett. I would add Gail Carriger as The Parasol Protectorate is one of my favorite series and High Vaultage became my favourite steampunk/humorous alt history novel.Even if I never listened to Victoriocity I fell in love with the novel since I read the first pages as the humour, the world building and the storytelling were perfect according to my heart.Archibald Fleet and Clara Entwhistle are a weird a well matched couple of investigators. Archibald is a mysterious guy, Clara a rebel. Both are able to think out the box and I had fun in reading their dialogues and discovering their background.The plot is crazy and gripping, weird and highly entertaining. A mix of humorous fiction and mystery that kept me reading and having fun.There’s a lot to say about this novel but, please, go and read it as it’s one of the best steampunk I read in a long time.Highly recommended.Many thanks to the publisher for this ARC, all opinions are mine"
Catherine,429,151,4,"April 2, 2024",2024-releases；4-stars；adult,2,"I'll be honest, this isn't the kind of book I would have picked up on my own. High Vaultage was however Goldsboro SFF pick for March, and I'm grateful for it. I'm not familiar at all with the , so when I read about it before starting this book I got a little worried. There was no need to be though, this book stands on its own. High Vaultage is a total page-turner: funny, absurd, engaging from the very beginning. I might go listen to this famous podcast to get more of Even Greater London, Archibald Fleet and Clara Entwhistle!"
Gaby Breen,17,,5,"March 24, 2024",,2,Victoriocity continues to be funny and absurd and delightful as ever. Such a fun addition to the podcast :)
Mary,37,,5,"March 21, 2024",,2,"Victoriocity is a rare treat in the audio drama world and honestly the book is even better. I have read parts and listened to parts, and while it’s thoroughly enjoyable in both forms, I highly recommend the audiobook. The narrator is incredible and I hope to listen to him more in the future!"
MN,23,,5,"March 2, 2024",,2,"Great fun and endlessly inventiveThis was a riotously imaginative read from beginning to end. The steam punk elements were well fleshed out and the plot was complicated and solidly put together and the characters, while not totally believable, were easy to like and engage with. The scene, set in a gigantic (‘Even Greater’) London, covering most of the South of England, made for a partly familiar but often surprising landscape. Enchantment was added by the frozen Thames (not by nature but by scientific design) and of course there is a sinister electrical tower drawing power from the whole country. There are mysterious disappearances and bank robberies which must be investigated at great personal risk by the delightful Clara Entwhistle and gloomy Archibald Fleet. Basically, a great, thoroughly enjoyable, escapist read, well put together and full of inventive and delightful details.I totally recommend it and will be looking for more from these authors."
Readings  n' Musings ,56,3,,"November 1, 2023",,2,I love Victoriocity so this is like the best news ever.
iivalexandra,216,2,4,"March 11, 2024",2024,1,i'm so grateful to live in a world where this exists <3 fleetwhistle dramatic break up ily
Lel,978,27,4,"April 19, 2024",,2,"This was quite a funny, quick read. Its not one I would have gone for, if I didnt get it in a Goldsboro sub but I ended up liking it a lot. The way that 'progress' was portrayed in the book was quite funny, in the fact that no one knew the overall aim. I liked the characters and how they managed to work out everything despite being so different. I hope there will be more books set in this world."
Leah,32,2,5,"April 17, 2024",,1,I loved this book. A great read for fans of the Victorocity podcast.
Matt,23,2,5,"April 16, 2024",,1,Brilliant! Simply brilliant. Found it hard to put down… very much looking forward to further adventures.
Michele,,11,5,"April 10, 2024",fiction；mystery；romance,1,I became obsessed with Victoriocity last month after I found out the Goldsboro SFFF special edition would be High Vaultage. So I loved it. Everyone should listen to the podcast and read this book. I'm really happy Goldsboro chose this one so I could discover it!
Merli,9,,5,"April 11, 2024",,1,"Just as great as I expected it, another amazing adventure from Clara and Fleet."
Angus Murchie,30,,4,"March 20, 2024",humour；sci-fi,1,"By Mechanical Man this book is brilliantly funny and fabulously inventive. Who wouldn't want a go on the London Funderground? (Well, I wouldn't, because I don't like rollercoasters, subterranean or otherwise, but you get my point.)I love the Victoriocity podcast world of Even Greater London and this book certainly doesn't disappoint - I frequently found myself reading the book in my head in the style of the fabulous actors from that show, especially the Narrator and Fleet. In fact, sometimes the word play is so intricate I had to do it in the style of the Narrator to properly make sense of it and that's my only reservation- I had to work quite hard in a few places to follow the descriptions and get the joke, until I got more into the flow of the style. Certainly the speed with which I read the book picked up considerably as I neared the end - and to be fair I've had a stinking cold and a throat on fire like a J.G Brailsford foundry for 2 days, so I've not been at my very best for reading. However, this book left me with a massive smile on my face and I recommend it to anyone who enjoys a good dash of steam punk humour."
PD Doling,32,1,5,"March 21, 2024",audible；audiobook；hardback,1,"High Vaultage by Chris & Jen Sugden.This is utterly, utterly brilliant.I'm a recent comer to the Victoriocity podcast. only having discovered it from an advert for this book. I listened, I got hooked.The inclusion of a book into the series is a phenomenal addition, hopefully running in tandem with the podcast because honestly, that's too good to lose to books.The world is just as alive here & the comedy descriptive passages that can get lost in the interests of plot in the podcast have room to shine & breathe here. I started highlighting my favourite ones but soon realised I'd end up highlighting most of the book. It's pretty much a laugh a page, either from the madness of the world, a fun event or a superb descriptive passage.The plot itself is well put together, moves briskly along & is tight & engaging. If I had one complaint about it, it'd be that everything is linked in a way that is pretty standard in detective fiction these days but is a personal annoyance to me as being too neat for real life.One thing I have to mention is one of my favourite things in books, especially comic ones & that's the background action behind a main scene, little insignificant scenes that run through the main plot, micro tales of daily life. I love them, they're here in abundance & they're brilliantly done.I split this over the kindle & audiobooks (still waiting on my signed copy to turn up!) & my only frustration is with the audiobook. Given that it's a book following on from a audio drama, we know exactly what the characters sound like. A single narrator, no matter how good & through no fault of their own, is incapable of doing the ""right"" voices & being a one man cast. Just be aware of that if you're planning on listening to this one.Highly, highly recommended but be aware you'll need to set half a day aside as you'll not be able to put it down."
Brandy and Joseph,41,,5,"March 29, 2024",my-bookshelf；signed-copies,1,This was such a fun book! Highly recommend!!!!
Dima,507,10,4,"March 13, 2024",,,"A piece of speculative fiction, set in an alternative, steampunk-ish, late 19th century UK, where a series of mysterious bank break-ins launch us on a journey that shows us the intricacies of the worldbuilding the authors excelled at, and engages us in unraveling a multi-faceted mystery. Our protagonists are a couple of unusual Private Investigators - Entwhistle is a woman in her 20s that is seeking to build a life of her own in the big city, away from the outdated expectations of her parents and high society; Fleet is a semi-retired (there is a fun story around this fact) police detective, who struggles with his new position in life, and seeks purpose.The main feature of this book is the worldbuilding. It is perhaps among the most engaging, complex, and well thought through that I've seen in a long time. There are elements here of , , and even the recently published  (with which the similarities don't end here). The ""science"" at the core of this world is robust, enjoys internal consistency, and is well explored in the story, without relying on unnecessary exposition.The other feature of this book is its levity and style. The writing is superb - it's well paced, fun, and rhythmic. The mystery at the core of the book unravels nicely over time, and no part of the book feels overly rushed (kudos to the authors and editors!). The fact that the authors don't take themselves too seriously is charming - there are so many moments in the book that I chuckled out loud! I had a smile on my face in most segments, and enjoyed the banter between the various characters, the personalities (especially of Entwhistle), and the odd joke here and there (like the ""entrepreneurial spirit"" of Fleet's landlord).There were a few small things about the book I found less engaging. The first was the character development - our protagonists came across as interesting, but they were not explored much, and their emotional depth didn't come to light at all. As if they existed in a vacuum, and therefore their decisions and behaviours seemed a bit forced at times - without a strong cohesive core. Not a huge deal, given how entertaining the characters were anyway, but more of a missed opportunity. The other thing I disliked a bit was how nicely all the elements of the book fit together. It's like there was no unnecessary aspect of the story (specifically - the detectives' investigations) that eventually didn't fit into a broader story. This felt forced, and also had a strong aroma of deus ex machina, whereby many clues were discovered by chance more than by logic or hard work. I recommend it to any fan of steampunk, and of alternative speculative histories. It's also great if you're not looking for something grim or dark (a la ), but rather something more approachable and fun.My thanks to Netgalley and the publisher for providing me with an early copy of this book in return for an honest review."
Logan Kedzie,182,2,3,"March 23, 2024",,,"is the book from the creators of . It is another adventure of our protagonists, Fleet and Entwhistle, set after Season 2.If you have not listened to  you should. If you have not, a statistically-significant number of you could be listening to it right now, as you read this text. I do not even have to make a joke about how I will wait for you to finish!In , our protagonists are hired to investigate two non-crimes, one where there is only a victim and the other where there is only a perpetrator. They also need to find a dog. The investigation will take them throughout Even Greater London and eventually to threat to the Empire itself. The setting, a sort of Tesla-punk dystopia of Victorian England, remains full of interesting ideas. The book provides good additional background on some of the ideas that come up in the series. The book is consistently funny. Reader, I LOLed, often. I keep thinking that the eternal straight man act of Fleet will get repetitive and just does not. There are a few particularly well-realized scenes, particularly with the Triumvirate, and I was impressed at how the author made good on what seemed like a weak gag of the Mechanical Church and gave it a lot of payoff at the end.Unfortunately, I feel like it is a weaker piece of fiction. The book has a lot of structural problems. The plot takes far too long to get going. The mystery is linear and not much of a mystery, moving from set-piece to set-piece and clue by clue. There are jokes that I can tell would land if it was in the audio format but do not here, which is also true of some of the cliffhanger-like chapter ends. The author takes advantage of the written medium to present big, dramatic showpiece scenes, the sort of things that even an audio format would have trouble realizing, but I was usually left wondering more why they were there, outside of showing off the admittedly fun world.To complain more about the mystery it amounts to The Perfectionist Caught in Thucydides Trap. While all the other mystery elements lead into it, (contrived, but I would give it a pass) there is no sense of development or build-up. They sort of appear like an end boss (complete with magma level), which aggravates the cliche around their motivations. When the central mystery kicks off, it is great, but that makes everything else feel like a red herring, and then it has only enough time to introduce the characters before having to conclude. When this is combined with the mystery being so portioned out,  it is a lot of things that would have been unnoticed in their own right, but combine to create too much drag.In short, it is very, very funny, but surprisingly dull due to low stakes throughout."
Kath,2657,,5,"March 6, 2024",,1,"Well wasn't this book the most fun! And, dare I saw it, a wee tad on the bonkers side, but in a really good way!Victorian Even Greater London - encompassing most of the south, apart from the lower two thirds of the Isle of Wight... but living in Portsmouth I can kinda understand that ;) Queen Victoria is on the throne but is, in a good old steampunk way, mostly machine now, having been resurrected and rebuilt a number of times. The Thames is frozen, basically cos its heat has been used to power everything. Things get weird (weirder) when a man is abducted by an unknown in a carriage. An incident that sparks off a whole host of other weird and wonderful, bonkers crimes, avidly investigated by the wonderfully named Archibald Fleet and Clara Entwhistle whose endeavours have them seeking help and information from a whole host of, ahem, interesting people...This was awesome all the way through. Funny as you like, laugh out loud on occasion too. Not one for reading on a bus! I took to Clara and Archie right from the off. Chalk and cheese but they rub along well enough. With funny consequences on occasion too. The story, in amongst all the shenanigans is actually quite coherent and so obviously well plotted. That plot able executed with some cracking additional characters. It kept me entertained and was a wonderful escape from real life, leaving me at the end, fully satisfied. Now... I know this story originated from an audio drama podcast, and I will be seeking that out, but please do say that it's the start of a book series... I'm most definitely up for that. My thanks go to the Publisher and Netgalley for the chance to read this book."
Charlotte,460,17,3,"April 21, 2024",,,"The good: you'll absolutely enjoy this if you're a fan of the podcast. Free audiobook playing in your head as the character's voices jump from the pages. It's also great to get some insight into the inner world of the characters, especially 'I got revived in a body horrific way' Fleet.The critical: I don't need to know what's going on in quite everyone's mind. I love Keller but why does he need a pov chapter? Jumping pov's are a particular pet peeve of mine and High Vaultage will not escape my annoyance.Furthermore, while the book started off strong, the last quarter showed some faults. For one, the dreaded 'main characters have a falling out before the finale' trope. Fleet and Clara's falling for a clear trap also felt like it went against their characters. And finally, the finale where we needed a bit of deus ex.The long and short of it: do get this if you enjoy Victoriocity, the podcast. Don't get this if you're curious about the podcast and think this is a better way to explore the world of Even Greater London."
✧ Leah ✧,66,8,3,"April 6, 2024",,,"A mediocre romp based on a popular podcast. I giggled a few times at the jokes but was let down by some of the inconsistent characterizations, particularly for Crowe (why would he ever do the dirty work himself?) and Keller (why would he give a pep talk about being friends again to a detective he’s not close with, especially given his personality?). I enjoyed the worldbuilding a lot - Even Greater London, the Brunel corps and the rest are an interesting place to be. It’s truly creative and well executed. I just felt that it fell short as a novel. A mystery is most satisfying when the pieces were there all along and you just couldn’t string them together. The cherry on top is when the detectives are more well characterized than blatant self inserts. Overall, I expected to love this more, especially given the comparison to Douglas Adams and Terry Pratchett. I suspect that this might have been better as an audiobook, given that it’s based on a podcast."
Nigel,,63,5,"March 27, 2024",awwwdeeeoooo；fiction,1,"Back when I started listening to audio drama podcasts, Victoriocity was always there in lists of reccommendations, and for good reasons. A steampunk comedy detective series set in a vast Greater London spread out across the lower bit of England ruled by Queen Victoria transformed into some sort of mechanical biologcial behemoth after several successful assasinations and equally successful resurrections. These are the adventures of a stoic police inspector and a rather enthusiastic journalist as they solve various mysteries and uncover various dastardly plots. This is a novel, to which the series is a prequel, and an excellent read it is too. I listened to the audio book, and though I missed the familiar voices, the reader is superb and the personalities of all the characters and the witty dialogue shine through. Loads of fun."
Reader,1,,5,"April 6, 2024",,1,"This has been such an enjoyable read, with strong comic characters in Archibald Fleet and Clara Entwhistle who drive the narrative ever forward and will both warm and break your heart. The world of Even Greater London that Jen and Chris have created is, on the face of it, a fantastic and funny concept worthy of Pratchett or Douglas Adams - but they are also unafraid to uncover the darkness and the insidious undercurrent that lies beneath their world, in an almost Gaiman-esque twistedness.The writing is gorgeous to read, eloquent and considered. Every character is distinct and carefully created in their contribution to the world and story.I can’t wait for the next instalment! More Fleet and Entwhistle as soon as possible please!"
T Soong,2,15,4,"March 15, 2024",,,"I had such a good time reading this book. Laugh-out-loud funny, High Vaultage is set in the same universe as the Victoriocity podcast, and it's Victorian London but not quite how you know it. Join Inspector Archibald Fleet and journalist Clara Entwhistle as they investigate a string of crimes that at first seem related, but may not be... or ARE they?? High Vaultage was so fun to read. If I had to pick my absolute favourite thing about this book, it would be the main characters Archibald Fleet and Clara Entwhistle. Every scene that they're in together is just pure gold. Absolutely love the dialogue and love their dynamic.If you like alternate history, detectives, ridiculously likable characters, steampunk and witty dialogue - High Vaultage is for you. Thanks, NetGalley, Gollancz and Orion for the ARC!"
Linda Brinkley,89,6,5,"April 2, 2024",,3,"This book was so great! I laughed out loud countless times, and sometimes in public, scaring many passersby. Some quotes I liked:""I've just come from one of the most awful things I've ever experienced. I think they call it a meeting."" ""Clara awoke the next morning yearning for buttered toast and justice. Not buttered justice, she clarified to herself.""""Which cabinet secretary was today expelled from Parliament for speaking uncumberbunded?"""
Tamara,32,3,,"April 23, 2024",,,"I had such a good time with this book! I got it in the Goldsboro GSFF subscription and I'm not sure I would have picked it up if it hadn't arrived at my doorstep, but I was so very pleasantly surprised. Fast paced, fun mystery, alternate universe steampunk Victorian London. Just such a good time. Some parts did feel a little cheesy with the dialogue but overall there were so few instances it didn't really bother me."
Bob,2,,5,"March 29, 2024",,2,It really doesn’t matter if you’ve listened to the podcast that spawned this superb book or not* … you will love this ridiculous pun tastic detective romp with an alternative universe run on static and uninhibited engineering. (* It does matter. You will have so much fun when you listen to it. It just doesn’t matter if you listen to it pre or post reading this book.)
Lewis Cain,231,13,4,"April 21, 2024",read-2024,,Very enjoyable story within a world that is so creative. The world itself was my favourite thing about it and I’m looking forward to even more adventures in this crazy place. A good solid plot with decent characters made for a cracking read that I think anyone would enjoy!
Graculus,643,16,3,"February 9, 2024",alternate-history,,Review to follow.
Hooplarkid,1,,5,"March 20, 2024",,2,Unbelievably good. I was not expecting such a treasure of a book for a debut novel. I'm off to listen to the podcast and by the looks of it I am in for a treat!
Sarah Moody,98,10,3,"April 2, 2024",collection-goldsboro-gsff；genre-fantasy,,"I thought this was a decent read. I liked the humour/writing style, although the plot itself felt rather methodical. Would recommend for those that liked the Stranger Times and similar."
Susie,5,2,,"April 15, 2024",,,3.5 Not the kind of book I’d normally read so I struggled a little with the setting in a steampunk kind of world. I did like the characters and the story though.
greencouchbooks,16,2,3,"April 23, 2024",goldsboro,,3.5 stars
Jordan (Forever Lost in Literature),861,126,4,"April 23, 2024",2024,,*4.25
Lisa Moore,87,1,4,"April 25, 2024",,,This book has all your cozy mystery and Sherlock Holmes vibes with witty banter as the cherry on top. Looking forward to the next installment!
Elizabeth,88,17,4,"April 4, 2024",,,"I love the Victoriocity podcast so I knew I would enjoy this book, but I was pleased to find it also expands on the world of Even Greater London. We get to understand more about the city through finding out about the people that are constantly building it, and the novel also offers a deeper glimpse into the lead characters, especially Fleet. It's also just as funny as ever. I would definitely like to read a sequel set in the same world."
Seriesbooklover,228,11,,"April 20, 2024",,,"I received a copy of the book for a free and unbiased opinion.The world- building In High Vaultage is some of the best I’ve read. This isn’t just because automons that just don’t seem to work ( I loved the one writing non-offensive obituaries), the army of engineers who never stops working or defying death through mechanical engineering. The difference in this book compared to others is how society reacts to such technology- from the opening where a woman takes joy in destroying automons to Fleet being dismissed from the police as there is no paperwork for people who have come to back to life. This happens in the background of the overall mystery of the kidnapping and bank robberies. The plot moves quickly from one revelation to another, and I appreciated how all the strands of the sub-plots come together in the end. There were plenty of moments where I found myself laughing!Clara and Fleet make a great investigating couple, Fleet desperation to get back to the police and his frustration with the bureaucracy that won’t move from the fact that he was once dead. Clara’s own determined ambition to be independent in male dominated world is the perfect foil.I haven’t heard the authors’ podcast, but it is now one my list of podcasts to listen to, and I really hope there are more books set in Clara and Fleet’s world ( even if it is the case the book ends on!)"
