Reviewer,Review Count,Followers,Rating,Date,Tags,Likes,Content
L,1095,62,4,"October 22, 2023",reviewed；reviewed-2023,6,"High Fantasy and ordinary people's books involve ordinary people in High Fantasy. ""So what?"", you're thinking. Doesn't everyone do that? After all,  are all about the Pevensie children, and  is about beer- and breakfast-loving Hobbits, who are clearly just European farmers in disguise. But none of these really convince you (or me, at least), that this story is happening to someone like you -- someone who was perhaps an insecure teenager, someone who has allergies, someone who doesn't know quite how they're supposed to act at a party, someone who would really rather visit a library than a party but may be embarrassed to admit it... The reason is that in most fantasy the characters may start out ordinary, but they don't stay that way. By the time you get to the end they have become as high-falutin as High King Peter of Narnia.  evades this trap. There are thirteen-year-old Nack, twelve-year-old Therin, and Cleoline --  -- not to mention that she is the daughter of sheep-farmers and has a wool allergy. And then there is two-thousand-year-old Asperides, a demon sword who likes to hang out in bars and lurk in dark corners with a drink which, being a sword, he can't drink. So far, so weird, right? But actually, they aren't! Weird, that is. Well, they are a little, the way you're weird, and each of your friends is. They feel like the real people around you. OK, maybe none of your friends are swords, or even sorceresses, but everyone is a little off-center. Nack and Therin and Cleoline feel like the real people around you -- when the story starts AND when it ends. Now, you might be thinking that this doesn't allow for character growth. But it does! Nack is an thirteen-year-old boy, but he is a much bigger person when the story ends than when it begins. He has fought a battle and won, mostly. He's still an ordinary boy -- not a king of anything. He still feels like he could be someone you know well, someone you would be proud to know.."
Carole (Carole's Random Life),1896,546,4,"July 27, 2023",2023；fantasy；middle-grade,5,"This review can also be found at This was such a fun book! I believe that this middle grade fantasy is a perfect read for both younger readers and adults. We meet the sword Asperides right away once I realized a sentient sword would be one of the main characters, I knew that I was in for a good time. I was entertained by this fascinating tale from beginning to end.Nack has been cast out by his family and hopes to prove his worth by completing a task to win back his place. I felt horrible for Nack since he was truly on his own with no place to go and even loses his sword right away. He decides to go on a knight’s quest where he finds Asperides and enters into a contract believing it is an angel sword. Nack was such a great character and I adored his interactions with Asperides. I found this story to be really exciting with quite a few surprises worked in. The characters all grow and change over the course of the story as they try to do what is right.I listened to the audiobook and thought that Mark Sanderlin did a great job with the story. I have listened to this narrator’s work on a couple of adult romance novels so it was fun to see him tackle a different genre. I thought that he did a great job with the various character voices which helped to bring the story to life. I do believe that his narration added to my overall enjoyment of the story.I would definitely recommend this book to others. It was an entertaining story featuring wonderful characters that should appeal to a wide range of readers. I would not hesitate to read more of this author’s work in the future."
Dragons*☆4Ever ༊࿐•͙͙✩•͙┄,885,18,3,"October 16, 2023",,4,Never thought I would read a book with a complex character that is a sword. (Asperides is seriously such a snarky sword with a sense of humor!)
"charlotte,",3403,1019,2,"January 6, 2024",2-point-5；lgbt-side；lgbtq-authors,3,"(2.5) nonbinary character, sapphic side characters"
Charlotte,1171,32,5,"September 11, 2023",2023；lib2023,3,delightful!!!
Annarella,13,143,5,"August 8, 2023",,2,"It made me think of Terry Pratchett as he could have written something like this. As he's one of my fav writers please consider it a compliment.The blurb is a pale image of the fun and the well plotted story. I laughed and loved this story since the first pages.Humour, quest, a very original world building, and a tightly knitted plot.Please let us read more stories featuring the Demon Sword and Nick, they're a great pairsHighly recommended.Many thanks to the publisher for this ARC, all opinions are mine"
Kate,479,19,4,"May 27, 2023",yabc,2,"A big thanks to YABC for providing an ARC in exchange for an honest review.Make way for a newer and so much cooler Howl's Moving Castle, without Howl of course. And Calcifer is a sword. And Sophie is a a young boy named Nack Furnival, who wants to be knight instead of a hatter. The Demon Sword Asperides by Sarah Jean Horwitz is a middle grade fantasy that follows the dual perspectives of Nack Furnival, a boy aspiring to be a world famous knight, and (you guessed it) the demon sword Asperides. Trying to prove his worth, Nack sets off a quest that will finally prove his worth. But not without a sword, of course. When an attempt to resurrect the evil sorcerer Asperides has been trying to guard goes awry, he is thrown into Nack's path. Thus he has no choice but to make a deal with Nack, in order to save the world from the newly awoke evil sorcerer. No big deal, right.What I loved most about Horwitz's work is the tone it presents the story in. Most fantasy stories presenting plot lines like these, will set it up to be much darker and grittier. But The Demon Sword Asperides is witty and fun. But still doesn't hold back it's punches with the more darker side of life. And you can't exactly go wrong with the set of characters Horwitz provides. I will forever loved Nack and Asperides, and the only way you'll get to them is by prying them from my cold dead fingers. I feel like this book is a perfect firs step into fantasy for an reader, big or small. Now if you'll excuse me, I have a great need to track down Horwitz's last book, The Dark Lord Clementine."
Tyler Jones,1674,87,,"October 1, 2023",fantasy；juvenile,1,"While I don't think all of the mechanics of the story were worked out in the most satisfying way () I was very impressed with the wisdom of its underlying message and how current social issues are woven into its comic-action plot. I love how it nudges, in a very non-preachy way, young readers to think a bit about how social responsibility might mean more than simple allegiance to one's clan. Above all, it was just great fun to read."
Beth,3487,15,4,"October 9, 2023",childrens；cybils-judge-2023；fantasy,1,"This was a tremendous lot of fun. I liked how much every character grew, from the mains -- Asperides, his wielder, the seerer, and the necromancer. I liked the mistakes they made, I liked the demon bar, I liked the final moments of the former master of the demon blade, I liked the way the knight family was broken, I liked the mentor knights of the road."
Adri,1017,786,4,"July 6, 2023",childrens-middle-grade,1,
Charlotte,325,19,4,"August 7, 2023",,1,Read in twelve hours I loved it so much!! My favorite middle grade fantasy to be released in years!
Julia Pika,686,,2,"September 30, 2023",,1,"It’s very slow, but still an interesting story."
Laura (crofteereader),1074,56,4,"January 25, 2024",,1,Sapphic knight couple! Asking the demon sword his preferred pronouns! Snappy wit and a quick plot and characters you want to root for. It’s a recipe for a perfect middle grade read
Brittney Lyon,78,2,5,"July 17, 2023",,1,"A perfect fantasy for the reader who has been wanting to dip their toes into the genre…Thank you @algonquinyr for this gifted copy Blurb…A scheming demon sword and a wannabe knight band together on a (possibly wicked) quest. A great mix of plot and character driven. Nack, the underdog, will steal your heart as he aspires to be a famous knight. With Asperides, yes a sword… who frequents an underworld tavern…Nack can be the hero he has only dreamt of becoming. Fast paced with adventure, humor and a bit of moon magic!"
Karen,396,8,1,"April 22, 2024",1-star-read；2024；audiobooks,1,"I barely remember anything about this book now but I do remember how annoyed I would get about the fact that it took at least 15 minutes in the audiobook for anything to happen, and even then nothing happened. I did like the demon sword Asperides and thought it was a fun character, even if I didn't enjoy this book."
Mark Buxton,1266,19,5,"January 13, 2024",,,"What worked:The most innovative aspect of the book is having a demon sword as a main character, able to mentally communicate with a human main character named Nack. Asperides has been around for centuries and it’s used to being paired with ruthless, power-hungry men. Its primary goal is to trap captured souls and send them into the depths of the underworld. Asperides draws magical power from these souls which it uses to slay and reek chaos. An intriguing twist occurs when a wanna-be young knight in training becomes the sword’s new partner to rescue two female knights in danger. Readers will wonder what’s going to happen when a kind, young boy becomes the partner of a rare, terrifying demon sword.Nack battles an internal conflict throughout the plot. He displays compassion for an enemy early on but he’s shunned by his family for the kind act. His major motivation after that is obtaining an angel blade, completing a brave quest, and then being welcomed back into his family. However, Asperides calls Nack a coward when the boy fails to decisively kill human opponents and Nack suffers from self-doubt. He still stands up for defenseless women and children by slaying demon creatures and he tries to behave kindly toward others. His ultimate goal is to be welcomed back home but he’s shocked when he enters the castle of the family’s nemesis to rescue his older brother. Despite being the master of a demon sword, the anguish, confusion, and insecurity within Nack’s mind add complexities to the story.The conflict tying the entire plot together involves Asperides’s former, undead master and his plan to return to power. Amyral schemes to regain possession of the demon sword and retrieve his soul from the deepest depths of hell. Readers will wonder what will happen since Nack and Amyral have been partnered with the same sword. Who is the rightful master of Asperides? Amyral’s plot will culminate when the Missing Moon returns after two thousand years so the story has a built-in countdown clock. Amyral is aided by a young necromancer and her presence contributes additional twists to the plot. What didn’t work as well:Some readers might question the pace of the plot and Nack sometimes comes across as whiny. However, readers must appreciate the evolution of the characters in addition to the quest to stop Amyral. There’s no continuous action and the battles aren’t overly descriptive but the changes in personalities, attitudes, and self-images are what’s important.The final verdict:This book is a finalist for the 2023 Cybils Award in Elementary/Middle-grade Speculative Fiction. Nack, Asperides, and others are dynamic characters and undergo realizations and transformations throughout the book. Their emotional adventures will engross young readers as they try to stop Amyral from releasing swarms of demons from the underworld. Overall, this is an innovative twist on familiar middle-grade quests and I recommend you give it a shot."
Kate,242,3,1,"September 12, 2023",i-m-so-disappointed；middle-grade；things-i-read-for-work,,"I originally read this for outreach, but I don't think I can pitch this book to a class of 4th graders convincingly. That's how much I hated this book. Where was the editor for this book? I need for someone to explain to me why all the seemingly important things--you know, the resurrection of Amyral or really any scene is Amyral amassing power before his appearance in the third act?--happen off-screen (so to speak)? I felt like absolutely nothing happened, and as a result, I don't know who any of the characters are or why Amyral's return is so terrible or even why we should care about this missing moon? If I have said it once, I've said it a thousand times, YOU CANNOT DROP TITLES AND SPECIAL NOUNS IN A SENTENCE AND CALL IT WORLDBUILDING. You have to make it mean something. Every character outside of Nack is either lacking or awful. I understand that this is a middle grade novel, but for a demon sword, Asperides has no teeth. Therin is absolutely awful and unpleasant, and does nothing. Barb and Willa are fine, but they're mostly there to be the quirky side characters who are all gung-ho and full of quips. Cleoline is wasted, why is she here? Is she supposed to be evil or is she a bored teenager who needed something to do on a Friday night? Nack's entirely family sucks, that is all. Amyral is supposed to be this fearsome sorcerer from the past, someone so horrible that a literal demon sword is afraid of him, but he's just kind of there. I don't know, maybe it's because I'm not the target audience, but I've read some amazing pieces of middle grade fiction, and this is not it."
Christine,261,,3,"September 14, 2023",adventure；fantasy；ms-booktalks-lower,,"After being kicked out of his clan for refusing to kill another boy in battle, Nack is desperate for a quest. He longs for an opportunity to prove his worthiness as a knight and earn an angel blade, which would surely result in his family welcoming him back into the fold. Meanwhile, Asperides the demon sword is enjoying his semi-retirement in the underworld when he hears of a prophecy that could mean his demise. To ensure that it doesn't come true, he must find his way into the land of the living, which means finding a new master to wield him. When Nack and Asperides' paths cross, Nack - believing Asperides is an angel blade - sees his chance to make his dreams come true while Asperides sees, well, a gullible boy who can be tricked into signing away his soul in order to wield a powerful sword. Not the best foundation on which to lay a new partnership. But when an evil sorcerer comes back to life (kind of) and tries to rip a hole into the underworld, Nack and Asperides will have to work together to save the world. Action-driven and not particularly descriptive, this book is definitely remeniscient of a fantasy videogame or Dungeons and Dragons quest. It seems to jump from big action moment to big action moment with few details given in between (or even during the action sequences). I wish there had been more worldbuilding and character developement, but I'm sure there are readers who will love this book for the same reason that it was not my cup of tea."
Luis Cuesta,274,4,3,"March 10, 2024",,,"I received this book as a Goodreads giveaway. The plot of Sarah Jean Horwitz's novel is centered in the demon sword Asperides, a sentient weapon, that has spent the past 300 years physically pinning his most recent wielder, the dark knight Amyral Venir. Asperides is soon drawn from his physical resting place by 13-year-old Nack Furnival, a disgraced knight-in-training seeking a heroic quest that will redeem him to his family of accomplished swordfighters; the only thing he needs is a virtuous angel blade. Readers will wonder what’s going to happen when a kind, young boy becomes the partner of a rare, terrifying demon sword.The most innovative aspect of the book is having a sword as a main character, able to mentally communicate with its human main character, Nack. Asperides has been around for centuries and it’s used to being paired with ruthless, power-hungry men. Its primary goal is to trap captured souls and send them into the depths of the underworld. Asperides draws magical power from these souls which it uses to slay and reek chaos. An intriguing twist occurs when a wanna-be young knight in training becomes the sword’s new partner to rescue two female knights in danger. Employing thoughtful subversions of classic fantasy tropes to explore themes of good vs. evil and the power of change, Horwitz crafts a quite clever adventure that is at oncehumorous, thrilling, and touching."
Wafflepirates,354,16,4,"August 2, 2023",middle-grade-fiction,,"*Thanks to negalley and the publisher for providing an advanced copy in exchange for an honest review*Clever, funny, and a great story, this book is another great hit from Horowitz. Demon sword Asperides has been living in semi-retirement for about 200 years, ever since the death of his last master (an evil sorcerer), but this soon comes to an end when someone breaks the seal and brings the sorcerer back to life. Meanwhile, Nick is a knight in training seeking a quest to prove himself, despite not being all that great at being a knight. All he's missing is a sword. The two meet and make a pact, going on a quest to stop the evil sorcerer and save the world. This was a fun book to read, the characters were especially interesting and engaging. The dialogue, particularly from Asperides was great and added a lot of humor to the story. There were parts where things dragged out a bit, but otherwise, this was a fast-paced book."
Adam Sequoyah,678,2,1,"February 26, 2024",giveaways,,"GOodreads giveaways brought this book to my attention and my doorstep -- although I would have been just fine without it.REally wanted it to work, since the premise is awesome.ADapting the same concept as  appealed to me -- but even though that title is not my favorite by Jonathan Stroud, it actually held my attention.LOgging hours and chapters in  got me to page # 250 -- then I didn't want to read any more.CK Chatterton's serene watercolors are nearly evoked -- when I was hoping for adventure -- as the protagonist Nack does a whole lot of not-much.WOe to Nack's world was certainly impending, but the struggle against all odds just didn't resonate, didn't  like a struggle.ODiferously unfortunate, because the writer's wit glows behind her writing -- yet it's obscured by overly long sentences and a lack of attachment to the main characters (except to Asperides).&Considering how the main conflict centers mostly around the Nack, I just didn't care to finish.O. unscrupulous fate, which tempts us with interesting ideas but only rarely delivers on them!mpA ratings: PG for violence"
Jamie Henry,226,1,4,"October 31, 2023",,,"Asperides is a demon sword, the only one remaining, that is quite happy hanging out in a demon pub while no one wields the physical blade. Until Nack Furnival, a disgraced knight, finds the blade and Asperides learns that his former master has been partially resurrected by a young necromancer. He gets Nack to bind to him, which means Asperides will get his soul, and convinces him that he is one of the coveted angel blades. Along the way, they save a young Seer who reveal truths they all must contend with. The adventure, though serious, with a rampaging warlord and an undead knight, is full of fun, danger, humor, and layered throughout a lot of heart. Nack, Asperides, the Seer, and the necromancer must find themselves and what is their truth. Give to fantasy fans, D&D gamers, and anyone who loves adventure."
Katie Slivensky,,65,5,"May 22, 2023",,,"The most fun I've had with a fantasy novel since Sarah Jean Horwitz's last book, THE DARK LORD CLEMENTINE! THE DEMON SWORD ASPERIDES was page after page of cleverness, grins, and heart tugging feels. I got so emotional at the end. And also didn't want it to be over. This is not just an excellent intro to fantasy for middle grade readers, it's an intro to THE BEST fantasy! Because I swear, Sarah Jean Horwitz is one of the greats in the making. When I read her books it feels like I'm reading a fresh take on Peter S. Beagle. Kids are going to talk about these books for the rest of their lives. THE DEMON SWORD ASPERIDES is an amazingly enjoyable journey, with the best characters ever, and truly great plot twists. Highly recommend!"
Diane Magras,,101,5,"July 16, 2023",adventure；fantasy；middle-grade,,"An ancient, sentient demon sword with an attitude? Check.A boy so petrified of failing his family that he takes unbelievable risks to attempt to do what's right, even if, when it comes down to it, he's mostly unable to complete his actions? Check.A world about to be overrun by demons that only these two can stop? Check.Talk about dire stakes.The Demon Sword Asperides is a thrilling, fast-paced, rollicking adventure chock-full of imagination. It takes places in a strangely familiar fantasy world, a relative of the other clever worlds Horwitz has written, and presents a truly tragic young protagonist in young Nack. This underdog hero tries so hard to fulfill his role as a knight of his family, and just isn't that kind of person—at least on his own. With Asperides, a sword that he mistakes initially as an angel blade—the kind of sword carried by the bravest of knights—Nack can be the demon-destroying hero of which he's always dreamed.Which is an interesting role for Asperides, the demon sword, to play. And doesn't make him friends in the underworld. Asperides's frequent narration reveals his own arc as he seeks to avoid his greatest fear—being ""undone"" when the door to the demon underworld is opened—and for the first time in his ancient existence, tries to do good. His growth from a delightfully grim presence to something a little more human lends this story a particular depth.The plot of this story hums along nicely, and with a fantastic supporting cast. It includes a strangely endearing necromancer whose use of undead birds adds some disgusting funny moments to the story; a serious, thoughtful young seer who wields her own moon powers well; and two brave itinerant knights, a pair of married women whose charming casual affection is a refreshing touch of normality in this world.Amidst the action runs a powerful internal quest as the two major characters—Asperides and Nack—attempt to fulfill their fates. Is one's destiny predetermined? Do you have to believe it when someone tells you what you are? What do you owe the world around you? This ambitious, epic story will pose these questions as it delights its hungry young readers."
chris,469,14,3,"August 30, 2023",juvenile-fantasy；teen-fiction,,"It's... fine. There's simultaneously too much and not enough lore, and as far as I know this is a standalone so it doesn't really satisfy.Also Nack is pretty annoying the entire time, and I didn't find him interesting at all. I think the book would have been more interesting if the entire thing was narrated from Asperides's point of view.Also also I don't think the audiobook narrator is British but she affects a (not great) British accent for the Asperides portions and it's... distracting."
Amy,1836,6,3,"April 12, 2024",middle-school-books,,"3.5 stars. A fun fantasy story with humor and snark. Nack is a young knight trying to prove himself to his family. Asperides is a demon sword that has a checkered past and a very evil former master, who may also be brought back from the dead. Throw them all together and you have brave knights going on dangerous quests with a little bit of humor on the side. There are some great characters and a diverse cast with a nice ending. Some elements of death and danger. 6th grade and up for fans of quirky fantasy stories."
Patricia,,25,,"June 1, 2023",mg-fantasy；mg-third-person-past,,"Smart, funny, and enchanting, this adventure will keep readers turning the pages. This book is filled with interesting characters including a lost knight, a sarcastic demon sword, and a partially resurrected villain looking for his soul. Horwitz's world-building is top notch and the adventure is quick-paced and far-roaming. Horwitz has given readers another smart, unique, and fun fantasy. A must read."
Emily Stine,118,1,4,"June 17, 2023",giveaway-win,,"I won this book in a giveaway, and I am so happy I did. This is the perfect ""kids"" book that can also be enjoyed by adults, never explicitly explaining the rules of the world or the lessons one should be taking away from it. It is a classic story of want vs need, and honestly in my opinion serves as a great bridge from kids series like Percy Jackson (which I love) to more mature series like thr Discworld (which I also love)"
Therearenobadbooks,921,16,5,"July 17, 2023",,,"What an awesome adventure. I love books that instead of having one main character end up having a group of different personalities that add much to the plot. Knights, Seers, priestesses, necromancers, warriors...  The blurb says this is perfect for fans of Dianna Wynne Jones and Terry Prattchet. It has adventure, moon magic, and clever humor. I love that the sword sometimes needs a drink and visits the underworld tavern. He can't drink, but it's the intention that counts in his mood. There is also a very moody horse who is too grumpy for his name. You'll see it when you read it. Ahah.I think this story is also for those who love fantasy with world-building (it is not portal fantasy), and fans of RPG and D&D. It's creative, fun, and fast-paced with multi-POV. A lot is happening and fast, but the plot-driven sections are well balanced with the character ones making it a fun read. Perfect for young readers (9-12) or those wanting to try a fantasy read. There's adventure, quests, prophecy, evil trying to vanquish good and conquer the world, demons, talking swords with strong personalities, and a wannabe knight kid (Nack) with a paladin's true heart who ends up being tricked by a sword (Asperides who is my favorite character) into a contract. Each character has a goal but as they journey and team up they discover a higher purpose and their true destiny. Can be read as a standalone, but I hope there will be more featuring these characters.I read this novel in one sitting and this is my favorite book so far of this author. I can't wait for more of this or other of her projectsThank you Netgalley and publisher for the ARC."
Megan,25,2,5,"September 17, 2023",,,"The Demon Sword Asperides"" is a literary gem that enchants and captivates from beginning to end. Sarah Jean Horwitz has proven herself as a gifted storyteller with this work, deserving applause and a place among the best in the fantasy genre. Any avid reader seeking an enthralling adventure should not miss the opportunity to delve into the wondrous world created within the pages of this remarkable book. Highly recommended."
Greg S,595,17,1,"September 25, 2023",,,DNF. Just not my jam. The metaphysics was a little confusing and the story kept interrupting itself.
Teresa (blewballoon),271,,4,"March 25, 2024",,,"I grabbed this book because the author is local and we are both co-op members of a local bookstore. This is a fun middle grade adventure for fantasy lovers. As an adult, I still enjoyed this very much. Asperides the sentient sword is a unique perspective to be in, and the other characters were charming/engaging as well. The plot is fairly straightforward, but still compelling.Content Warnings:Minor: War, Body horror, Abandonment, Animal death, Violence, and Gore"
David,761,5,4,"June 23, 2023",,,"This was such a fun book, with strong major characters and a unique plot. Nack, Therin…and Asperides were really enjoyable to travel with, but I could have used some more of the Clementine-ness of Cleoline. Maybe the time I have spent with Harrow and the Ninth house has given me a proclivity towards snarky necromancers?Thanks to NetGalley for access to this ARC!"
Lynn,3883,26,4,"September 23, 2023",fantasy；humor,,This is a truly fun fantasy for middle grade and middle school readers. The point of view of the Demon Sword Asperides is unusual and very engaging and its voice is a highlight of the story. There is a fair amount of humor that will keep readers involved and the story of Nack's coming of age and important battles will keep them turning the pages.
Heidi,82,2,3,"October 10, 2023",,,"Thought I'd change it up this month and read some things I don't normally read. I picked out this fantasy book and it had moments of me questioning they were using the English language, but the majority of the book I could follow easily and it was an OK story. I probably wouldn't read one like this again-just not my style."
Lisa Albright,1032,31,5,"July 7, 2023",,,"I've always loved stories of action and adventure especially when they feature knights, faeries, and magical swords. This engaging book has it all and it's written so well that I was transported back in time and forgot to start dinner.I received a gifted copy in exchange for an honest review."
Kristen Harvey,2085,260,5,"October 7, 2023",audiobooks；middlegrade；paranormal-fantasy,,"If you’re looking for adventure, humor and good writing all wrapped into one, look no further. I absolutely enjoyed this book and Nack’s adventures as he realizes that there is something more to his sword Asperides and leads him on a journey he couldn’t imagine."
Jenny,112,3,5,"December 19, 2023",middle-grade,,"I loved the different voices telling this story. Each of the main characters got to share their perspectives at points and they were all such fabulous characters. The secondary characters were at least as good, maybe even better!"
Jess,2516,71,4,"February 14, 2024",audiobook；fantasy；juv,,"Nicely paced adventure, with an interesting fantasy world and a tone that reminded me of Jonathan Stroud's Bartimaeus series (the sarcastic, supposed-to-be-evil character). Plenty of humor, good audiobook."
Kristin SH,199,3,4,"June 18, 2023",,,So much fun! Reads like a long-lost Terry Pratchett novel.
Anna,1607,8,2,"August 6, 2023",,,"The Demon Sword Asperides: DNF. Clever writing style, but slow pacing."
Nichole,2856,16,5,"August 24, 2023",ala-23；arc；children-s-lit,,My 10 year old son and I both loved this book. Lots of fun!
Ryan Miller,1424,6,3,"September 1, 2023",,,"Good adventure, good-hearted characters (even the evil ones), and an interesting twist on a fantasy quest tale."
kaitlyn,115,10,4,"January 3, 2024",,,Such a fun and charming book!I received this book via a Goodreads giveaway.
Gmr,1224,,,"January 15, 2024",,,Reading for Cybil's Awards. Review to come.
Carrie,2402,56,4,"February 20, 2024",fantasy；middle-grade,,"A classic good v. evil fantasy involving a soul trapping blade, an earnest, noble kid, and an evil overlord that is not quite dead."
Leia Skywalker,141,1,4,"March 4, 2024",,,Similar vibe as The Dark Lord Clementine . I loved Asperides and Nack .The side characters were great as well.
Abbie,1499,9,3,"April 30, 2024",fantasy；quest,,"This was an interesting concept, but the story got bogged down in the middle."
Shradha,155,6,5,"September 17, 2023",children-s；favorites,,"A while back, a child me scoured the library for books by Lloyd Alexander, Diana Wynne Jones, Gerald Morris, and Jonathan Stroud. I absolutely adored the fantasy worlds they created with snarky sidekicks/mentors, damsels who got their heroes out of distress just as much as they found themselves in it, and very grey ideas of who the bad or good guys really are. ""The Demon Sword Asperides"" felt like coming home to all those stories in a bright, shiny new package. Nack Furnival may only be thirteen years old, but he's already very much down on his luck. Cast out of House Furnival for sparing an ally of the enemy, he's now on the lookout for a quest to restore his honor and be welcomed back within his family. Now, if only he could find a new sword. Or, even better, learn to fight with one...Enter Asperides, a demon sword who has been content with lounging in the pubs of hell and just enjoying a break from entrapping souls from which to draw his power. When that existence becomes threatened by the reanimation of his most recent master, the ruthless, Amyral Venir, Asperides finds himself drawn back in to the world of the living, and drawn to a certain bumbling would-be knight...If the summary alone didn't sell it, the book was great fun and chock full of humor and derring-do. Asperides is the perfect sarcastic deuteragonist, much like a certain dwarf from Game of Thrones if you prefer the works of George RR Martin, or like Bartimaeus if, like myself, you hold fond memories of Stroud's work. The cover art may be reminiscent of early 2000s children's literature, but I feel the story can be enjoyed throughout the ages by all ages.Thanks to the publisher, Hachette Books, for sending me a free copy of this book. All thoughts and opinions are my own."
Kathy,293,,4,"January 17, 2024",,,A demon sword walks into a bar. I was captivated by this first image and the story never flagged
Mystic DreamClouds,337,6,4,"October 1, 2023",middle-grade；netgalley,,"Asperides, a demon sword, has been leading a quiet life for the last 200 hundred years. While his physical form is guarding his last master who was pure evil, his consciousness is resting in the demon world. However, when an attempt to revive his last master succeeds, Asperides crosses paths with Nack Furnival and thus begins their journey together.Nack Furnival has been cast out by his family and wants to prove himself by becoming a knight and earning his angel blade. For a main character, Nack is gullible, honest and innocent to a fault. But this becomes his strength when dealing with the situation unfolding around him. Nack makes many friends and acquaintances along this journey. And although Nack and Asperides started their journey with a lie they become great friends by then end.There are quite a few supporting characters introduced throughout their journey. The story provides a good enough background and understanding for each additional character however it’s not enough to create a liking or bond with them. I wish we could have had more interactions with them at a deeper level where the focus is to build and strengthen the bond. It might’ve been better if the story focused on just a few supporting characters.The story is action packed and filled with Asperides witty remarks. However, the story lacks descriptions and fails to highlight key scenes that would otherwise make the story more interesting. For example, the revival of Asperides last master, or Nack’s side quests. This makes the pacing of the book uneven and as a reader we lose out on experiencing key events and memories. The writing is clever and is able to adjust perspectives easily such as, from Nack’s POV to Asperides’ POV seamlessly. It’s also able to introduce new characters while providing a simple background without overloading the reader with too much information. The dialogues between the characters were smooth and brought out the characters personality from the pages.Overall, this was a good book and a complete adventure. I felt the book tried to do too much all at once which created a complex web of relations and near the end it all came crashing down suddenly. The ending is bittersweet which made me cry but I’m sure there are still a lot more adventures to come! I hope we get to see the continuation of Nack and Asperides journey.Read more reviews @"
Cluelesswonder,119,,5,"December 10, 2023",4-and-a-half-stars,,"I knew from the start this book was for me. It has humor, heart, and adventure. At around 20% I was enjoying it so much I added the author’s other book The Dark Lord Clementine to my tbr. Then because of the blurb mentioning Diana Wynne Jones, I added a whole bunch of her books too. I am already a fan of Terry Pratchett so the blurb does check out; the book was perfect for me. So instead of whittling down my tbr, this book extended it. 😂"
Sarah ,103,,5,"April 11, 2024",,,This was a super fun and funny read! I recommend it for anyone who enjoys fantasy reads with knights and magic and angels and demons-a favorite of mine.Edited to add: My 8yo is now reading this on his own and loves it! He thinks it's very funny and likes the story.
