Reviewer,Review Count,Followers,Rating,Date,Tags,Likes,Content
Elena Rodríguez,802,450,2,"May 18, 2023",,9,"Lo siento, estoy molesta. Era el que más ganas le tenía de la saga después de haber leído el primero y lo que me he encontrado ha sido una desilusión. Bueno, más bien una copia y pega de los dos primeros libros, lo único que cambia son los personajes y el escenario porque de resto es casi lo mismo.Paso de hacer una reseña más extensa. Lo que vine a decir ya lo he dicho. No tengo el horno para bollos. Esperemos que el cuarto libro traiga algo de novedad."
Fey Flowers (enbytweenthepages),253,33,1,"January 4, 2024",,8,"DNF 54%Completely identical to books 1 and 2. That's it for me, I'm out."
Pet,3298,6,5,"May 7, 2023",,2,"This series is beyond thrilling, I love how complete devoted Kyven is to Grayce , the world building is stunning and vivid and I can’t wait to read more."
Holly,9,,2,"May 22, 2023",,2,"It’s ok. The story is nice enough, but there are A LOT of mistakes that pull you out of the story, and sooo much repetition.We get it; Grayce wants nothing but honesty, she thought her marriage would just be for the alliance, she’s falling quickly, she is scared to risk being hurt again. Kyven feels oh so guilty about lying even though the gods said he has to.One problem is that the motivations don’t feel strong enough. The gods’ reason to keep his secret from her doesn’t really hold up, and the depth of hurt that comes from it seems over the top - especially when she already acknowledged understanding that the tree spirit had told him to keep something from her.He lied, but for reasons that are easy to comprehend. She’s holding this on the same level of betrayal as her father’s affair and having a child with someone else. It’s not that deep.There’s also a bunch of issues that an editor should have fixed; a paragraph that is repeated, tense mixes that confuse sentences, and silly errors like using an adjective twice in the same sentence.Overall, it’s a light romance story that’s nice enough but nothing to rave over. It’s been a while since I read the earlier books, but I don’t remember them having these issues. It just felt rushed. I noticed the release date was delayed a few times and I wonder if that’s why there are mistakes and less of a coherent plot (weak motivations and a lot of telling instead of showing).It is worth reading if you want to finish the wider series story. I imagine I will continue with them, just to get that completed. Hopefully the next ones will be better.**Book Bingo**- devastatingly handsome smile- my fae husband- my human mate- breaking down the walls around my heart- my fangs descend - his masculine scent- hard planes of his chest- holds me until he’s sure I’m steadyAnd, of course, “releasing a breath I didn’t know I was holding”!!"
Shaelyn,43,,1,"July 9, 2023",,2,"It’s like she loves dragging these books out,not in a good way either. It’s the same in the beginning of these books over and over. I literally want to pull my hair out. What’s the point in having 3 books if they are 85% the same damn thing.So frustrating and a waste of my time!!! Their power that all three heroins have are identical,and they each get their mates power,and get pregnant the END 🤷🏼‍♀️! Like I said 85% all through each book beginning to end SMH!!!!"
Marianne,5821,70,5,"April 17, 2023",,2,"This is an absolutely fantastic fantasy romance! I really loved it! It is sweet with steam... exciting, magical, and mysterious.. Totally addictive!.I received a free copy of this book via Booksprout and am voluntarily leaving a review."
Luz T,1740,5,1,"November 30, 2023",fantasy-romance；fated-mates；kind-of-boring,1,"I had high hopes for this one but it dragged and it was boring. Same power, same obsession 🤦🏻‍♀️"
Dale Grant,17,,2,"August 30, 2023",,1,"Completely anticlimactic and another dull and unimaginative story in this series. Its as if the author took the outline of the first book and wrote the story two more times with different character names. Its the same scenes, the same descriptions foe every single act and even the battles are the exact same. I could scream for the waste of time it was to read. Even the steamy scenarios not only use the exact same words to describe from body parts to the sensations, to the step by step build up to the final culminated intercourse. Again not even a good command if the English language nor imagination. Ms. Grayson should buy a thesaurus."
Heather,875,,3,"April 28, 2023",,1,"Meh. She decided she couldn't risk her heart again... and again and again, like at the end of every chapter."
Doreen,311,1,2,"April 24, 2023",,1,I‘m disappointed! It was boring and I hate it when an author repeats himself over and over again ☹️
Laura Moylan,681,,5,"April 18, 2023",,,"Grayce is the Princess of Florin and is betrothed to King Kyven of the Fae. Her brother King Edmynd keeps asking her if she is sure and she is because she wants the kingdoms to work together to fight the Mages and the Wraiths. The Fae kingdom is Anlora. Her cousin is married to King Aurdyn of the dragons- Freyja. Her younger sister, Inara is married to the King of the Dark Elves, Varys. There is another brother but he is not of their mother, Raiden. He is funny as all get out. There is another brother, in all but blood, the Wolf Prince, Lukas. I laughed myself silly as all of the brothers threatened to kill Kyven if he upset Grayce. Kyven knows that Grayce is his Fated One, his A’lyra. This is a biiiiggg deal. As we saw in the other books, the women who are now Queens of different races are the Sanishon, the great uniters of Prophecy. Which also means the mages and others want to kill them.Both Grayce and Kyven have been thru so much upheaval. Grayce is an amazing politician and I don’t mean that sarcastically. She is what is good in politics. I really enjoyed this story and can’t wait for the next book because it will have to do with Lukas and I love the wolfy. The book is a roller coaster of emotions- provoking so many different ones! I loved it. It was storytelling at its best. It is romantic, steamy, hot and great fight scenes that are like live action in my head.I received a free copy of this book via Booksprout and am voluntarily leaving a review."
Amanda Mant,303,58,4,"May 23, 2023",1st-person-dual-pov；2023-reads；a-bit-of-mystery,,"This isn’t my favorite in the series, but I still truly enjoyed it.It was very repetitive and the stakes seemed like they should be high, but they didn’t actually feel that way. I don’t really know the best way to describe it. It’s good, but I think the right word would be forgettable.I really enjoyed the experience of reading this one. I really like the characters, I already really loved the world, and I love the writing style. I like the magic and the world building. I love the different types of creatures and how they interact. I’m really into the overarching storyline and I can’t wait to see what fate does to this world.Overall, four stars for the pure enjoyment I got reading this. It’s probably a three star read otherwise, but I’m invested. If you’re interested, I recommend starting your Jessica Grayson journey with Taken by the Dragon. It’s where I started and now I can’t get enough. I don’t think this one is a good starting point. There’s spice, but not much at all. Maybe 2 chili peppers worth. Do I recommend? In the context of the series? Absolutely. On its own…not as much."
Fay J,1168,10,5,"April 21, 2023",,1,"As you wish.. When you know you know. Despite that, as ever the writing reminds me of those fairy tales that I kept re-reading when I was a child. To me it just has that magical quality to it and I love it.Grayce is a princess of Florin and she, like her younger sister before her, is going to be married to a King. She is more than aware that this is a political alliance but if it means that her people will be safe then she'll do what she must. Well versed with the ways of courts she is willing to bargain with her new husband. She will offer him the truth and attempt to build a real relationship with him. Kyven, King of the Fae, doesn't want to keep secrets from his betrothed. Most especially as he has discovered she is his A’lyra however he is also desperate. There are things in his past which he cannot bring himself to tell her. How can he ask her to trust him when he is not truthful with her? I have loved to watch this couple slowly coming together. The banter, the intrigue, action and the previous characters popping up. Fantastic!"
Nina Diab,3160,35,5,"May 1, 2023",,,"I loved this book. Great world building and wonderful characters. I absolutely loved Grayce and Kyven. They made such an amazing couple. Grayce was strong and brave and levelheaded. Kyven was caring, protective, and honorable. I liked how they worked together to keep on equal footing. For example- when Kyven needed to interrogate a trespassing orc, her wanted her to remain behind where it was safe, and she insisted on going because she was knowledgeable about orcs and thought talking to him would be better than Kyven's interrogation. It's not what he wanted, but didn't deny her right to be there and compromised that she not leave his side and carry a dagger. And it was a decision they made together quickly without bickering or he imposing his will over hers. I really liked their interactions together. I also liked the supporting characters and some of the banter there. A wonderful read and I can't wait until the next book. 5 stars."
Carole,1085,12,5,"April 20, 2023",,1,"Taken by the Fae King is a fantastic story of a human Princess Grayce and the Fae King Kyven who will have her at all costs. Bound to each other by a marriage alliance and surrounded by deception and enemies from within their story is one of emotion, sweetness, action, magic, political intrigue and slowly developing trust on Grayce’s part which will soon be tested by the secret that her king has not revealed to her from his past. Seamlessly written with expert world building and intimate scenes tastefully depicted (which I found refreshing) the characters were perfectly crafted and pulled the reader into a story I thoroughly enjoyed as I’m sure all fantasy lovers will too!.I received a free copy of this book via Booksprout and am voluntarily leaving a review."
SiriRainbow,181,,2,"June 9, 2023",,,"Radoby harlekynka. Dalsi zena z kralovsleho rodu Florinu je provdana za sousedniho ne-lidskeho krale, aby utuzila spojenectvi a zabranila valkam. V serii se dosud hralo na osudove páry, takze zde zvyklost pokracuje. Planovana svatba a odjezd do ciziho kralovstvi. Novomanzel svou nevestu zna dele, nez ona jeho, o cemz nema poneti a tohle tajemstvi jej ubiji. Nicmene je prehnane starostlivy, pozorny, ochranarsky. ""Chrante kralovnu"" je zde velmi casto.Ona si pomalu zvyka a jeho pece ji nuti si jej zamilovavat. Ma svehlavou, statecnou povahu, ktera zajisti krehke spojenectvi s kemenm orku, za coz si vyslouži obdiv. Opet se zde vyviji konflikt v podobe plánů řadu mágů s jejich Wraithy. Troska zahad a neustale posilování strazi behem pribehu a dve kapitolky konfliktu nakonec. Jsou zde jednoznačna voditka k dalsim dvoum svatbam."
Gamilla Saleh,10,,4,"April 21, 2023",,,cute love story with a great world building. You can tell that Kyven absolutely loves Grayce and he is just so cute and swoonworthy. I love Grayce as well. She’s smart and kind and very likable. I want a love like thiers. How loving and caring and protective Kyven is towards Grayce. The only thing I did not like about this book was that it was not complete. There was only 61 chapters. Hence I feel like I’m missing something. But I still enjoyed and how all of my other favorite characters came back again and see their interactions.
J.T. Kingsley,241,6,4,"August 28, 2023",,,"This one was a struggle for me which was surprising considering how much I liked the first two books in this series. I felt the romantic arc was very repetitive, “I’m scared to trust” and “I’m lying to her” over and over again for like 200 pages. There was a serious lack of personal growth on both of their parts. The climactic sacrifice also felt less impactful since this was the third book in a row it happened. I have higher hopes for the next book."
Rose (Adventurous Bookworm),992,152,3,"May 9, 2023",01-read-kindle；02-new-adult；fairytale,,"Despite the fact that all of Jessica's books sound the same based on the description of the books, they are quite different and this was no exception. I really liked how the couple came to know each other over the course of the book.3 StarsContent:"
Mary Elizabeth,593,1,5,"June 11, 2023",,,"This story has many of the components of other human/ fae relationships, but the quality of the writing with rich descriptions gives it a spark. Grace and Kyven are fated pairs with all that it entails. Although the story is firstperson narration alternating between Grayce and Kyven, I did appreciate it as it did not detract from the storyline. With this being book three of a series, we will meet these characters again."
Amie,1,,4,"September 10, 2023",,,"I just wish these were not quite so long, if only because it's become very formulaic in some respects with repetitive info and such throughout each book that could be left out. It also seems to follow a similar pattern each book which is fine but it just drags after reading it now the third book for me. As a stand-alone mind set amazing! Beautiful! But as a series I think I'll stop here because it just feels Samie."
Shylah Wilton,126,,4,"December 5, 2023",,,"This is the 3rd book in the series and it follows Grayce and Kyven, the Fae King. Kyven is obsessed with Grayce, his fated mate, but he harbors a secret that can destroy them. I’ve been mad at him since book 1… can he redeem himself? This is a cute series. Minimal spice. Lots of story and character building."
Nicole Montgomery,,8,2,"March 25, 2024",dnf,,"I just can’t do it 😩 I have ready the first 2 almost identical books and have started this one hanging on to hope there might be some slight deviation from the other 2, but nope it looks like I’m out of luck. DNF for me, but can’t someone for the love of my sanity tell me if Varys for that scar on his face from Grayce?"
The Written,428,3,1,"January 3, 2024",,,I don’t read a lot of this genre which is why I’m concerned that scenes in this book mirror scenes for another book or books I’ve read not written by this author. I plan to research my reading list and I will come back with an update.
Tasha  D,87,1,2,"March 20, 2024",,,I liked the first book but slowly this series has become annoyingly repetitive. Each couple has the same things happen to them that it completely ruins the storyline. Boring. So boring.
Andrea Zamora,40,1,5,"April 16, 2023",,,I love this series! I could not wait for this book to be released and devoured it as soon as I could. It did not disappoint. I loved the world building and the store!!!
Michelle,17,2,5,"April 17, 2023",,,Love this series
Esme,65,7,4,"April 17, 2023",,,Easily my favourite in the series so far ❤️
Brooklyn ,47,,5,"May 24, 2023",,,"I loved it, but I did get annoyed with all of grayces “I built a wall up” repetition. But it was great. Can’t wait until the next one!"
Lori A Maziarz,9,,5,"June 14, 2023",,,"This was a fun, quick read! I recommend it! The story line is good and keeps you interested the whole time."
Furiousness,35,,4,"June 23, 2023",,,"Betrayal of bring their ex who hurt them trope. But he’s so sweet and loving to her. Anyway, I love happy endings."
Nicole,106,1,4,"July 7, 2023",adult-books,,I have enjoyed most of it and ready it in one night.
Abby,98,1,3,"July 23, 2023",,,Enjoyable!! But the typos bugged. There were some lines that were repeated like 5 times in the book. We get it… he’s possessive cause he’s Fae!!! & The end felt rushed/short?
Maritsa,24,,5,"September 5, 2023",,,Love love this third book in the “Of fate and kings” series! Another great fae romance written by the talented Jessica Greyson! Can’t wait to continue with this series!
Jennifer L. Trama,468,2,3,"September 25, 2023",,,Book 3 with Grayce and the Fae King was entertaining. The story line was interesting and fun to read. The characters continue to overlap which I really enjoy.
Kylie Hogan,69,3,4,"September 30, 2023",,,Not my favorite of the series but good
Sherrie Starts,8,,5,"October 28, 2023",,,Another good book in the series. I really would like to see the series completed
Belle,179,7,,"March 11, 2024",dual-virgin,,"DNF @ 5%Carbon copy of the first book, which I also DNF'd"
Dorothy Balaguer,1,,5,"March 13, 2024",,,Enjoyed the first 3 books emensly. Waiting for next one!!
August Persephone,29,,5,"April 7, 2024",,,"Will there be a book for raiden, edmynd and luke? i badly want to read there stories to"
