Reviewer,Review Count,Followers,Rating,Date,Tags,Likes,Content
K.J. Charles,,9895,,"June 7, 2023",fantasy；indian；magic,48,"Oh my. Stunningly lyrical prose here as we see the growing-up of a boy whose family show him his roots and deny them, making him understand and forget over and over. It's weird and haunting and absolutely immersive and the *writing*, good god. A dance of shifting identity and queerness and loneliness and connection, and how we consume people we love, and of course dragons. What a truly magical jewel of a novella. Haunting."
Suhailah,309,20,5,"September 5, 2023",,31,"“You deserve to be real in this world. It’s not an easy thing to be stuck between worlds. But stuck I was, and ever have been.”This book was like stepping into another world. A cozy magical word where dragons grow on trees, a tea of forgetfulness exists (I’m in dire need of that after work!), and cultural secrets are abundant. Essentially, it’s a story of being “no one” and not knowing where you come from to turning into something far beyond what you ever could have imagined. Something no one could have ever expected. It's also a tale of culture, coming-of-age, and magical realism. “You will dream for weeks of worlds unseen, of serpents in sky and sea..”The main character Ru is extremely relatable, and you easily find yourself rooting for him. You follow him through his struggles with cultural identity, facing racism, trudging through first love, and uncovering his family’s truths. “Will you remember that? People don’t know anything.”The ending to this beautiful story is so powerful as it defines acceptance at its highest level. This is a such an interesting read. Very unique. Ever wondered what a dragon tastes like? The answer also lies within this story! 🐲 🔥⭐ ⭐ ⭐ ⭐ ⭐"
Susan Atherly,359,57,4,"June 24, 2023",kindle；x_2023,27,"This is a sweet coming of age story set against the backdrop of 20th century Calcutta. Our main boy, Ru, and his family are refugees who escaped from their war torn home. At least that is the story his family told him and the one he told others. It is definitely a cozy fantasy, so lots of tea is made and consumed. It has a soft magic system that borders on magical realism. However, it also reminds me a lot of ""Aristotle and Dante Discover the Secrets of the Universe"". It has the gentleness and sense of self discovery of that story. Also, if you are ethnically and/or racially ambiguous, you will feel seen. One of my earliest memories is being asked, ""what are you?"" over and over again. Ru gets asked that a lot, too. Like many of us, there isn't a straightforward answer to that question, especially if you don't really know what you are either.I don't think this story is for everyone, but is is beautifully written and I loved the world building and characters. It left me with warm fuzzy feelings...and yes, maybe there are dragons."
Daniel,767,59,3,"June 12, 2023",fantasy,10,"When I saw this announced I was excited. Reviews of Indra Das' previous book were intriguing enough for me to buy it, but suggested a level of graphic kink I wasn't really in the market for and ultimately I didn't end up reading it. But a new novella (my favorite length) with a gorgeous cover, and a more YA vibe seemed like an excellent opportunity to try out this author without diving into .Based on the previous novel's reputation, I expected queer. And a large part of the draw for me was the seeming consensus around the quality of the author's writing. And indeed, the level of prose here is very high. The storytelling on the other hand... hmm. And the queer? Not so much.For queer rep, we get reference to one (magically) trans character, but they're dead before the story starts, so we don't meet them. There's also a bi character, but we're not given anything really to indicate the main character, Ru, is anything but straight and cis.Ru is a very isolated child and unable to reveal himself to the few non-family members he does get to interact with over the course of the story, so that will likely be relatable to many queer readers.On the storytelling side... for starters, I don't feel like I should be spending half a novella set in our world trying to pin down when exactly it's taking place. In the beginning you're given nothing to anchor it, then references to VHS tapes and Lord of the Rings (the books) pop up, but not till the character mentions seeing specific movies are we given enough to pin it down.But the real issue for me is perhaps to do with the type of story. You're not going to find problem-solution, or much, if any, cause-and-effect linkage between scenes here. This is really a melancholy coming-of-age, slice-of-life type story of a lonely boy whose family are immigrants from a fantastical world. I sympathized with Ru, but I wanted more of a plot.If coming-of-age, or slice-of-life is your thing, or a fantasy version of the immigrant experience appeals, maybe it will work much better for you."
X,804,13,5,"May 16, 2023",netgalley-arc；subterranean-press,10,"I have literally been waiting for another book by this author since I finished The Devourers in 2016. Now having read this, I don’t even know what to say - I basically sobbed through the last third of it. I legit think it’s made me dehydrated."
Nicholas Perez,488,112,5,"December 8, 2023",,9,"Ru is a young boy living in India. He has no idea where his parents are from, what specific culture, what religion they follow, what area of India, or even his ancestry. But he knows about the strange, giant tree in the middle of the house and remembers his parents taking care of dragons.Or...does he?As Ru grows up, past and present collide with each other. His family's strange, mystical history comes to light in patchwork memories, including their care of dragons. Those strange dragons from another world of only ocean and sky. However, Ru also faces how he feels about himself and his place in the world as he grows. Those feelings get further complicated when he befriend Alice, a Chinese girl whose family owns the restaurant below Ru's house.Ru wants to show Alice who his family is. But how can he do that when his parents keep giving him the tea to forget. He wants to ride the dragons, but he is too part of this Earth. What will he do?It's been awhile since Indra Das published a full book and I subsequently read it. Das' last book that I read was the enchanting yet terrifying , a raw yet poignant novel about the relationship between men and women and the unstable liminality of bisexuality, genderfluidity, and being between beast and man.  is a much more beautiful story that is far less visceral. A coming-of-age story that, in Das' own words, can really be classed in any one genre, it's a tale of struggles that is still endearing and hopeful.First off, the prose. The prose here is absolutely gorgeous, especially in Das' descriptions of the dragons and the world on unreality that they reside in and Ru's family originated from. While this novella's pacing is a bit on the slow side, it's not languorously slow. It's just right to enjoy Das' prose and absorb the themes of the story and Ru's experiences. To me, it was evocative of Tanith Lee's fantasy prose. In fact, this entire book feels like a mishmash between Lee's prose, a Gene Wolfe unreliable narrator with memory problems, Ursula K. Le Guin's perceptive outlook on who feels belonged and who doesn't, and J. R. R. Tolkien's love of myth. Both  and the  are even directly reference in the book;  is even quoted in the beginning of the book. Anyway, the prose more florid side being used for the dragons and the dreams and memories of Das' ancestral homeland truly give the feeling that they are apart of another, unreal world. The prose when Ru speaks with Alice and navigates his youth is a bit calmer, but still lovely to read. These different tones in prose lend aid to Ru's character development. He truly a boy stuck between two worlds, two identities: a boy desperately trying to live up to his dragoner heritage, that his family keeps trying to efface because of his birthplace and boy going through the motions of growing up in India. One thing that did not feel like a divide between the two worlds was the presentation of gender. Ru learns that his grandfather was non-binary, though it never outright uses that term, and he himself, although he is cis, presents femininely sometimes, not objecting to be called ""queen"" or ""princess"" by Alice. When Ru is thinking and dreaming of the dragons and their world of winds and tides, he feels as if he's desperately reaching toward something he cannot grab, you can feel his desire to do more and his want to be more. He speaks and thinks as if he's transcending this world to be with his dragoner family members who have faded away and ride their dragons. When Ru is talking about his everyday life and growing relationship with Alice he feels more straightforward, though still no less personal. He feels like a boy who wants to do and say more, but either just doesn't have the right words for it or feels like the mundane, immanent world smothers him some. Ru is a boy full of emotions and the way those feelings are shown feel so real. I giggle at his funny moments, I got misty-eyed at some more heartbreaking moments, and I gasped at his most beautiful moments, especially his first kiss with Alice where he felt they were flying above everything, straddling the dragon's silken web. And what he did at the very end of the book, but no spoilers from me on that.Alice was a good character too. Spunky gal who had a lot of heart to her. She had her own struggles that she was working out too. Although they weren't as major, to me, as Ru's, I like that neither Ru nor Das felt the need to diminish the importance of Alice's struggles or compare or contrast them to Ru's. Ru truly did care for her. She makes a good friend and foil to Ru because how she is completely in the ""real"" world, whereas his family still mostly views the world through their ""unreal"" lenses. Ru wants to be with Alice, but he knows they must live their own lives, have their own freedoms. Ru's parents and grandmother always talk about their dragoner duties and heritage to Ru, but make him forget about it by drinking a special tea. This creates holes and doubts in Ru's memory and in the narration, intentionally. At some points you wonder, ""Are they really dragons despite the fantastic moments we see?"" ""Are they from another world?"" I myself did wonder at some points if the dragons and the unreal they came from were meant to be a metaphor or allegory. Ru's family keeps him focused on the unreal world, while also repeatedly denying it to him. His father is optimistic, even if to a naïve level, while his mother is strict and cold, but not without a tender heart, and his grandmother He is truly a boy trapped between two worlds. Let's finally talk about those dragons. The dragons' influence can be felt throughout the text, even when they aren't on page. At first, the on page presence of the dragons is minimal, they aren't shown too much and when they are it isn't on a grand scale. There's difference types of dragons, mostly those of the sky and waters, and we learn that Ru's family's role as dragoners is akin to being farmers. Yes, they bring some dragons up to adulthood and return them to the unreal, but some they do eat. Nevertheless, the tree in middle of Ru's house, which might actually be a great dragon itself, and the dragons in Ru's dreams and memories feel grander. I want to go back to what I said about the possibility of metaphor or allegory here; don't ask me the difference, ask Tolkien or C. S. Lewis (badum-tsh!). While thinking about this review, I thought of Le Guin's essay  from . In that essay, Le Guin states that (not just) Americans, especially adults, are being snobbish about fantasy. I have no idea if this essay influenced Das, but Le Guin and  are clearly influences. Either way, the dragons in , while still maintaining that base ontology that traditional fantasy has given them, are neither ancient, immortal or near immortal neutral beings as  portrays them; nor war machines as  utilizes them; nor are they either great, inherently wrath beasts or godlike beast as in . No, the dragons in this little novella are something great and beautiful, not gods, though the religion of Ru's family and people is never quite fleshed out (but I believe that intentional), but sources of nourishment and life for themselves and people. They pets and guides that bind the unreal and real together. They are real and unreal at the same time--they are the liminality. Back to Le Guin's essay, she answers the naysayers of fantasy's purpose, answers when they ask what the purpose of dragons (and hobbits) are. She says:Le Guin is addressing different issues than Das. Their audiences are probably different. Both use dragons though and both find something great and beautiful in dragons. For Das, and ultimately for Ru and those of us who witness his story from obscure beginning to an awe-inspiring end, the dragons of  reminds us that there is something more. There is some place for us even if we are on the margins or in the liminality. Whether you're immanent or transcendent, have feet in one world or in two, you have a purpose, there is a place for you. And a dragon will always be there, waiting for you, to take flight upon it, to swim between the stars, the dive between the iridescent webs, to suspend between sky and ocean. There is a dragon you must live and bound with to go to your own distant shore.This was one of the best books I've read; not only this year, but in general.  did something I never thought it would do: it made me love dragons again, after spending nearly a decade of not caring about them anymore.Beautiful."
Siavahda,,171,5,"June 10, 2023",automatic-buy-authors；best-of-the-decade-2020-2029；best-published-and-read-in-2023,8,Breathtaking. My heart hurts from how beautiful this is.
Kai,285,31,5,"May 20, 2023",,6,"To have read something that straddles the line between reality and fantasy, blurs it to invite the reader into imagination, asking only for a moment of belief, I feel honoured. So what is The Last Dragoners of Bowbazaar about? Ru, a boy from nowhere, is desperate to find who he is but his parents don't tell him. Except that he remembers dragons. Or dreams of them. Impossibilities become real in this saga of family, finding, love and longing as Ru grows up with his childhood friend in the city of Calcutta, floating through life still desperate to find his place. From the streets of Calcutta to realities beyond, The Last Dragoners of Bowbazar haunts you as you read it, transportive and grounding at once. Indra Das' writing is impossibly beautiful. It makes me want to believe the impossible, to touch reality and part it to trust in his imagination. Haven't read anything like it. And short may this novella be, reading it was an ethereal experience. I don’t want to discuss plot, I want you to experience it. It is so aching and soft and I felt seen for the first time as a South Asian enby who belongs to nowhere. This may sound silly but in another reality, I hope Ru is out there. I hope they are happy and I hope they soar above the skies. I hope Alice smiles against their skin and I hope they hug their Queen tight. Thank you to Subterranean Press and Netgalley for the e-arc."
Roslyn,369,18,5,"July 22, 2023",,7,"A haunting novella with stunning prose, full of mystery, and sadness. It's about a boy who doesn't know who is is. His family show him his heritage, then makes him forget, again and again, trying to protect him. It's about loneliness, identity, lostness, love, and finding oneself. Heartbreaking, joyful. I loved it."
tig :3,97,129,4,"January 31, 2024",,5,such a beautiful little story about culture and identity and the implications of being from both somewhere and nowhere <3rtc ~
L (Nineteen Adze),288,40,4,"December 4, 2023",bingo-2023；fantasy；novella,4,"A lovely story about Ru, a boy who feels like he comes from nowhere: he's not from any country because his family immigrated from another reality that they don't want to discuss. The tale is a slow, uncertain movement through his life through deliberately clouded memories, covering the years from early childhood to young adulthood. The vibes and prose style are great, but I think I wanted a pinch more focus or direction; everything is in so muted and in soft focus that at times it was hard to really get my teeth into it. RTC."
Stefanie,684,19,4,"January 17, 2024",alternate-universe；asian-sff；author-signed,5,"Really beautiful. This novella is a coming-of-age story about being a gender-less immigrant from an impossible reality built around dragons. Told in the first person through a series of memories, there are multi-layered themes here about belonging. But it's also just an incredibly creative story, with almost hypnotic prose writing.Ru is growing up in 80s and 90s India, but he doesn't belong. His parents won't give him any straight answers, and to the extent that he finds a place anywhere, it's with his new best friend Alice, who's Chinese Indian. Together, these two navigate growing up and trying to make sense of the actual world that they live in, and the ones they are naturally drawn to - mostly represented by Western sci-fi and fantasy media they consume, but also stories (or memories?) of Ru's family's land and culture. As with all coming-of-age stories, both Ru and Alice eventually have to make a choice about how and where they're going to live their young adult lives.Like in Das's other major work, , the main character is born male but presents at time as androgynous or female. (Which by the way, you should  read THE DEVOURERS.) Reading about dragons in the visceral way this story presents them is fun enough, but I also appreciated that gender is done totally differently in Ru's home world. Mild spoiler on queer content: It's pretty amazing how Das manages to blend the concrete details of Calcutta in a specific time period with the very speculative world of Ru's family. For some, the juxtaposition between these two might be too confusing. Similarly, I could see a critique that the plot in this novella is a bit meandering, and doesn't leave enough clues as to where the ultimate end is headed. But that's for literal-minded readers. If you're comfortable with metaphor and poetry, you should be right at home with this novella. It's a bit like verse translated into prose."
Kelsey,162,258,5,"June 28, 2023",2023-releases；favorites,3,"Oh, this is stunning. ARC from Netgalley. Review to come."
Kevin James,417,18,5,"August 21, 2023",5-star；bingo-2023,3,"5 stars, a beautiful novella about identity and where you fit into the worldI've been eagerly awaiting Indra Das's next book since his 2015 The Devourers became one of my favorite reads of that year. Luckily, this newest novella does not disappoint in any way. It is a mesmerizing and gorgeously written story of Ru who is the descendant of dragoners from another world. Ru grows up anxious and a bit of an outcast who struggles to fit in but finds solace in his friend Alice, in learning about his heritage, and in the fantasy fiction that comes closest to matching his feelings and heritage. In this way, Last Dragoners is a book that occupies similar ground to Jo Walton's Among Others but in that book I often felt just a bit of pandering in the endless lists of great books the main character read where Last Dragoners does a slightly better job truly selling Ru as needing to escape to fantasy more than just needing to list off good books.If I have any critique of the novella, it's that dragons are almost completely absent from it except in a few key moments which is a bit of a disappointment but hardly enough to hold against the novel. I get that dragons function as a symbol of the world Ru wants to belong to more than as creatures within the story which is a smart choice for the book and works well at keeping the mystery of what dragons are like alive until the final pages.I would highly recommend this book to anyone who loves beautiful prose, coming of age stories, and is interested in themes of identity and belonging. I once again eagerly await what Das will write next and hope that I won't have to wait another 8 years but also won't be mad about having to do so if the next book is just as good."
Jess,107,4,5,"June 17, 2023",bipoc-author；here-be-dragons；lgbtqia-lit,3,"A coming-of-age novella, with gorgeous, lyrical, lush, and dream-like prose. Set in Calcutta in a time spanning from the 1990s to early 2000s — there's a lot here that is familiar yet surreal. The fantastic elements are such that they could both be taken as literal or magical realism - a metaphor for the experience of growing up undocumented and queer. It's all so charming and feels like a love letter to fantasy and science fiction classics. After this and , I'll likely read whatever Indra Das publishes."
Jay Brantner,358,20,5,"May 28, 2023",,2,"This is not really the book I expected, but it’s a very good book nevertheless. It’s a slow-paced coming-of-age, so suffused with magic that I hesitate to call it magical realism, but with a quality of prose and an air of unreality that the term probably fits. The big adventures, the magic system, all of that comes in oblique backstory references. There is magic in the here-and-now, but so much of it is kept from the lead that it mostly serves to make him feel uncertain, pulled between two worlds. At heart, this is a story about someone pulled between two worlds, not really feeling like part of either of them. The magic is vital to one of those worlds, but the character work, the prose, the coming-of-age…that’s the real selling point here. There’s a satisfying enough ending that I won’t call it “no plot, just vibes,” but there are gestures in that direction. And it’s very well done. First impression: 17/20. Full review to come at"
Dan Trefethen,914,44,4,"November 7, 2023",bipoc-authors-or-subject；fantasy,2,"Ru is a teenager in Calcutta. He is Indian, but his family is from...elsewhere. They're vague about it. They look somewhat Chinese but say they aren't. They say they're nomads. They also have dragons – or Ru thinks they do, or had, but the Tea of Forgetfulness they keep giving him make things a little jumbled in his head.This is a charming tale that could be read as a YA (Ru's only friend Alice Chen lives downstairs) but is not necessarily written that way. It's a lovely homage to dragons in literature, with name checks of Le Guin, McCaffrey, and Tolkien. When describing the dragons and their environment, Das's language is captivating. This novella (119 pages) is a reward for anyone who wants a quick dip in dragon lore in a setting that is not normally found in literature."
Amanda Lucero,79,3,4,"June 29, 2023",,2,I love this story. A coming of age story done well. A unique spin on dragons. I love the book references. I wish it was long or turned into a series. I also like how it incorporates the idea of culture.
queenie,136,61,3,"July 6, 2023",a-adult；arcs；f-novella,2,"Rating: 3 stars★★★✩✩ was a whimsical and short read. It had the coming of age element and a mysterious history which was just enough to keep the plot moving forward. But what I think didn't work was that the book was too short. If it was longer and more clear cut. I would've liked it and enjoyed it a lot more. Due to it being a novella (which I daresay could've been better) it couldn't quite achieve what it was supposed to.There were also random moments in the plot that just existed. Sure, it does help in the pacing, but it felt kinda off the rhythm for me. And what really bothered me was the lack of explanation of the magic/folklore. Reading the book felt like we were constantly turning around in circles (which we were) that was done to create the whimsical vibes, but unfortunately didn't quite work for me.In conclusion, I didn't quite love this book, but if you like light-hearted novellas that take you to an alternate world without much hardcore world building, you would love this."
Zaynab,96,4,4,"March 31, 2024",queer-sffh,2,"This book feels so real, and so present. Like as I’m reading it I could fully allow myself to believe that the events happened, are happening, out in the world somewhere. It does a stellar job straddling that line of mythology that allows for fantasies, and absurd fabulisms to exist, just outside of our reach. That even as we are trapped in our own rooms, grappling with our realities, there are others in rooms, near or far, grappling with realities we’d be so lucky to only get a glimpse into. Not to over-reiterate a dud point, but, like, I believed it. Fully."
Nichole,882,22,3,"July 5, 2023",net-galley,2,"This is a beautifully written coming of age story. Sadly, I also thought it was boring. Luckily, it was short.Thank you to Net Galley and the publisher for an e-arc."
T.J. Wallace,526,,4,"March 1, 2024",,1,"4.5""The Last Dragoners of Bowbazar"" is a lovely, lyrical, heartwarming coming-of-age story with a relatable main character and delicate layers of fantasy. It was especially relatable to me, currently 41, as the novella takes place in the 1990s and early 2000s, and the cultural references brought me vsicerally back to my own ""coming of age,"" although mine was sadly was lacking in dragon-y mysteries.Premise: Growing up in Caluctta, Ru knows he is different from the other kids at his school, but he can't explain why to them or himself. He doesn't know where he comes from, and his parents keep things vague - they are nomads, wanderers, but from where? Ru has dreams...or memories?...of other things that can't be explained: a tree with tiny buds that open into dragons, a meal of a roasted dragon drake that turns into air in his mouth. With his friend Alice, Ru goes on a slow and open-hearted journey of self-discovery that introduces him to many possibilities and impossibilities.The writing in this slim little volume is superb, and Ru and Alice are very lovable characters. The fantasy elements are oblique, understated; you feel like you are only seeing them out of the corner of your eye. And yet they transfuse the whole story with weird, skin-prickly magic.I read ""The Last Dragons of Bowbazar"" for my #beyondthebestsellers challenge this year, and it is certainly proof of the joy that can be found in books that don't have all the hype or appear on all the buzz lists. I would recommend this book to any reader who loves fantasy or is fantasy-curious, as the mix of fantasy and realism makes it a gentle entry point."
Unicrux,96,5,3,"April 20, 2023",arcs,1,"This was a cute, quick read. Kind of a palate cleanser for between heavier reads! It's not an epic fantasy or anything, but it's a nice little tale of a boy growing up and finding himself. I really enjoyed Alice - She was a treat and I was rooting for them. Hopefully Ru continues on and becomes comfortable in his skin.This didn't play in to my review, but the book wasn't formatted well for Kindle. There were odd spacing issues at the start of each chapter. I imagine each character at the start of the chapters is stylized in the hard copy of the book which is what caused the discrepancy. It cause some lines to get jumbled, so hopefully that gets worked out before release!"
Wayne McCoy,4058,25,3,"February 5, 2024",,1,"‘The Last Dragoners of Bowbazar’ by Indra Das is a novella about a magical world that may exist in a very small part of the world.Ru lives in Calcutta, but is different, or so his classmates tell him. His parents tell him they are descended from nomads, but he dreams it a bit differently. The dreams may actually hold some truth. His parents feed him a tea of forgetfulness to help stop the dreams. His friend Alice starts to realize that Ru may be more than he seems.I enjoyed the writing of this book more than the book itself. The story was interesting, but I kept drifting while reading it. That’s never a good sign, but I would read other works by this same author."
Megan,180,14,3,"March 6, 2024",read-adult-sf-f,1,"I had no idea what to expect with this novella (I hadn't even read the synopsis, I just gravitated toward the mention of dragons in the title), but whatever it was, it's not what I got. For one thing, I wasn't expecting it to be so sad. Not that the story itself is sad, for the most part, but something about the tone felt heavy on the nostalgia. The book was extremely effective at creating that tone, but it wasn't what I wanted. This is one occasion when I really should have read the synopsis so I might have been better prepared, but I was hoping for this to be a favorite, and instead it was a case of being able to appreciate what the author was doing while feeling unable to connect to it."
Runalong,1131,60,5,"September 7, 2023",,1,"Beautiful, heartwarming and bitter sweet tale of growing up and learning to love magic, being human and also loving fantasy. A gorgeous readFull review -"
atria ,253,137,,"February 10, 2024",c-adult；coverly-love；g-queer-adult-sff,1,"THE 'BOWBAZAR' made me do a double take because like this is BOWBAZAR??? আমাদের বউবাজার???? (which apparently yes, it is. like it really is talking about next area to my college which ok woah). ALSO PRETTY COVER PRETTY COVER HELLO???? WHY DID I NOT KNOW ABOUT THIS HELLO?????"
Shinyfluff,155,9,5,"January 17, 2024",,1,"exquisite. a journey of being and un-being, wispy possibilities that are impossibilities. ethereal beauty that left me stunned and grateful. highly recommended."
Prashanth Srivatsa,,63,5,"June 8, 2023",fantasy,1,"What a beautiful and haunting story! Written in mesmerizing language, it is set in and around a house that you will relive for the years to come. There are worlds nestled inside this charming house in Bowbazar of Calcutta, and its secrets emerge in the form of memories and delicacies and doubtful looking teas concocted from the skins of serpents licked in flame, mingled with contemporary nostalgia (I now want a record of The Court of The Crimson King). Indra Das at his lyrical best."
zaikanshu,181,15,4,"April 10, 2023",2023-release；netgalley,1,"A wonderful coming-of-age story about finding family's secret, friendship, and love. Ru's family wants to protect and raise Ru as a common ""earth"" boy. They tell him stories of their culture but by the end of the conversations they always ask him to drink tea of forgetfullness which causes him to lose some of his recent memories so his memories of his culture are even more vague.This book has an interesting ending, which I think it can be interpreted differently per perspective. To me it leaves me sad yet also happy with a bittersweet feeling. I'm really yearning for more.. To those who are looking for a short and meaningful fantasy read I'd highly recommend reading this book!Thank you to Netgalley and Subterranean Press for the eARC in exchange for an honest review."
Veronica,1397,19,3,"April 20, 2023",2023-review-copy,1,"ARC via Netgalley. I'm not sure if I didn't quite get this or if the point was just the vibes. The setting was really vivid and I enjoyed the relationship between the protagonist and Alice, but I was expecting the story to be... bigger, somehow? It's quite a short novella. The prose was lovely; I think a reader who is more into language than action would really enjoy taking their time with this story."
Pujashree,515,43,4,"October 1, 2023",,1,"I'm simultaneously in awe and unspeakably jealous that I didn't write this. In fact, the premise is a beautiful amalgamation of the primary elements of at least two of my works in progress. It's not a secret that I go bananas for good depiction of my hometown of Calcutta and my native Bengali culture. But oh this is SO MUCH more! This is if Neil Gaiman was Bengali and set Ocean of the End of the Lane in Calcutta. But make it dragons and alien species of dragonriders, for that uniquely immigrant, postcolonial, queer, and coming of age narrative flavor. The writing is just so gorgeous and I almost got homesick at how effortlessly the author places this story of being an Other in the unique vibe of the city, without getting overindulgent. My only complaint would be some elements that seem to get raised but not adequately addressed, but the whole ride was kinda in this snoozy dreamspace that I don't even care by the end. I'll have to finally get around to reading the author's debut novel that's been on my TBR forever."
Mark - Shield Anvil,94,13,4,"May 9, 2023",,,"by Indra Das sent me on a trip of nostalgia of the familiar while also illustrating the difficulties of life that someone who is different will face. This short book (only 120 pages) shares the story of a young boy Ru and his struggles on figuring out who he is and where his family comes from. Taking place in the city of Calcutta, the reader is introduced to a lot of familiar things from the 1990s and 2000s, like going to see the first Lord of the Rings movie, or listening to music like Slipknot. This made the story feel very real to me as someone who also grew up during that time. The story travels through years very fast, but I never felt like it was rushed – following Ru along into his teenage years. The area that I couldn’t relate to in this story is that of looking different than the other kids. I grew up in a very rural area in the US so everyone looked similar. I cannot even fathom the difficulties a young child would face being different than other people. The author illustrates it well in this book. We see a fair amount of bullying and racist comments (from kids!). The contrast that this book provides with what is familiar to me and what is different really helped me understand a little bit of what other people of different ethnicities go through while just trying to exist. Of course I could never possibly understand the full depth of it.Since this is such a short story, it’s hard to give details without giving much away. I do highly suggest to give this book a try, I read it in about an hour and a half, and I’m not the fastest reader. It is a nice palate cleanser in between larger tomes. I really enjoyed the flow of the story, the relationships Ru made and just how well the author wrote them. It felt very authenticate. 4 Shields Out of 5Thank you to the publisher, author and NetGalley for the eARC!"
José Alejandro Cantallops Vázquez,167,6,5,"December 24, 2023",fantasy；lgtbiq-fantasy,,"Indra Dras es un autor indio de fantasía que novela tras novela, se está abriendo paso en el panorama internacional. Los últimos dragoneros de Bowbazar es su segunda novela y es una que destaca por un enfoque diferente de lo que podrían ser los dragones y sus jinetes, mientras se sumerge en la melancolía y el sentido de pertenencia.Esta es una noveleta que me gustó debido a que está muy bien escrita y que el escritor sea capaz de cerrarla con un final circular habla mucho de su talento. Pero, también, debido a que decide no hacerla una historia épica o llena de batallas. Sí, hay magia, pero nos centramos más en explorar la vida de Ru, un muchacho que se ha quedado atrapado entre dos mundos: no puede ser un dragonero ni un ser humano.Es una historia que explora las dificultades de ser diferente, de vivir aislado y del hecho de que su protagonista sabe que irá quedándose sólo. El otro aspecto por el que destaca la novela es la forma en que aborda la temática LGTBI, sin ser panfletaria ni tratar de mostrártela como superior, es sólo uno de varios caminos que escoger. Al tiempo que nos muestra un mundo de dragones venidos de una dimensión alternativa y las delicias culinarias que pueden hacerse con ellos, siempre que decidan sacrificarse para proveer alimento.Por lo que si te gustan los dragones, quieres leer una historia corta ambientada en la India de los 90 y buscas algo de melancolía mezclada con esperanza. Entonces, The Last Dragoners of Bowwbazar es la novela que necesitas."
Hirondelle,1070,245,4,"February 13, 2024",fantasy；short-pieces,17,"Fantasy novella, a coming of age story in 1990s Calcutta, with secret dragons and a secret tribe and many Lord of the Ring references. The writing is great, first person narrative, and clear and moving along and the city of Calcutta (and its people) are a main character also in a way. It's so full of place, and feels so real and authentic. I really thought I was going to love it wholeheartedly.But the fantasy part was hard to grasp for me, almost wispy when compared to the solid core of city and family which felt so real, the logic of the decisions of the characters undefined. And the coming of age story involves a relationship where the love object felt again unreal undefined (unlike the parents and grandmother...). The ending of the story was at a odd point for me, what next, why stop there, what is implied by it, why is it important .Rating- between 3 and 4, it is very well written, but I am very influenced by endings, and the ending felt underwhelming (not disappointing, just underwhelming, leaving me to think what the story was about really)... I am definitely keeping an eye out for more fiction from this author nonetheless."
Jacqie,1749,94,3,"February 20, 2024",aty2024；color-coded-challenge-2024；genreland-2024,,"Around the World in 52 Books 2024: 44. A book with a touch of magicColor Coded Challenge 2024: PinkGenreland 2024: DragonsLook at that cover! Isn't it beautiful? The writing is too and that was the primary appeal for me with this book. I'm interested to read more from the author on the strength of their writing. The plot itself is slight. It's a coming of age story about a young person living in Kolkata in probably the 90's. Ru doesn't fit with most kids his age because his family is very different. They come from another place entirely and their business is dragons. Although the title features dragons, the story really doesn't. Ru's family eats a dragon at one point but live dragons are almost nowhere in the book. Maybe there's some symbolism about what it's like to be an immigrant family and consuming one's culture, I don't know. There is definitely a lot of trans coming of age symbolism around Ru and I think that's really the story the author wanted to tell. There's a sweet and unusual love story too. In the end the book seems hopeful and full of loss at the same time- very wistful and melancholy."
Zana,419,110,5,"May 25, 2023",arcs-read；idk-whats-going-on-but-im-down；indie-read,5,"4.5 stars rounded up.A boy with a family who has a mysterious past and untraceable ancestry? And said ancestry involves dragon riders/whisperers who can travel through the multiverse? Is this a cozy fantasy that I actually like?? YES to everything.Even though this was a novella, the world building and characterization were perfect. I could empathize with the MC, Ru, even though his experiences are worlds away from mine. (A sign of a masterful writer!) I really enjoyed reading about Ru's thoughts and feelings about his family, their dragoner's club, and his relationship with his best friend, Alice. The ending felt abrupt, but it left the story on such a hopeful, pleasant note that I can't really fault it. I did wish that the novella was a tad bit longer and that the ending wasn't such an info dump. There was so much potential to explore more with Ru's ancestry and the dragons in general, but I can still appreciate the novella's length. Other than that, I'd highly recommend this. If this was a series, I'd definitely be on board to read the next installment.Thank you to Subterranean Press and NetGalley for this arc."
Iris,9,,4,"April 29, 2023",arcs,,"4⭐️This book turned out to be different than I thought it would be, but not in a bad way. This novella is a beautiful coming of age tale, of a boy seemingly trapped between two worlds. Made to forget one but feeling out of place in the other, Ru had to navigate this strange life he lives. Made an outcast at school, he’s homeschooled, with no friends until he meets Alice, who wants to believe alongside him in the impossible. They grow together, until Alice inevitably leaves for school. This is followed by his family fading out of the world until he’s left alone, but they taught him all they could before leaving. Now Ru has accepted who he truly is, embracing it and sharing it with Alice when she returns. This book was beautifully written. I wish we could’ve gotten more about the other world, maybe get his father’s book?? It sounds amazing, with dragons and magic, though they were driven out by war. Thank you to NetGalley for the ARC!"
Jill,1226,5,3,"February 27, 2024",,,"I'm so sorry it took nearly a year to review this e-arc requested from Netgalley. I had it on my kindle and got swamped with other books and every time I looked at the title I thought, oh, it's that middlegrade I requested. AHEM. Not middlegrade. Lol. It's short but it still took me a while to read, and it's definitely a book where time is a very present character in a coming of age story. Overall I liked it but wished the mc had been able to do more magic, or effect the things happening to them rather than just sit back and watch. Their story, to me, didn't feel like the most important part of the arc and I was kind of held at a distance from exploring a world I really wanted to. I almost feel like Alice would have been a more interesting POV character since she actually had to make choices.Overall a decent read though, and I'd tentatively recommend it to those who don't mind a slower paced, character driven novella."
Carol Ryles,,7,5,"July 26, 2023",,,"I absolutely loved this novella. Ru comes from nowhere, but maybe from somewhere in Calcutta. His mysterious beginnings shape his way of seeing in ways he can barely comprehend. His path to understanding is thwarted when his eccentric parents regularly feed him a tea of forgetfulness. He is not quite an outcast in the world he inhabits, and barely belongs to a world that may or may not exist.The gorgeous cover was enough for me to pick up this novella, even before I’d read the equally gorgeous sample chapter. Rich and poignant prose, along with a wonderfully slow burn about queerness, difference, growing up, falling in love, and the yearning for a reality that is more complex than it seems. Adding to the beauty – and also blurring the boundaries between the impossible and the real – are dragons!"
Meg,1407,55,5,"January 10, 2024",dragons；fantasy；india,,"Set in contemporary Kolkata, bridging two worlds. Full of dragon lore of course. With references to Smaug and Anne McCaffrey, also Nagas of South Asia and influences from Chinese dragon culture, too. Discussions of religion, identity, race, and gender, of memory and forgetting and vanishing. Utterly gorgeous.Genre: speculative fiction Calcutta, present day Ru, a young boy living in Calcutta, knows his family is different. They use a Christian last name, but don’t practice Christianity, and Ru’s classmates tease him for his racial differences. His parents are oddly elusive over telling him their origins. “You wouldn’t believe it if we told you,” they always say. Any time Ru starts to remember, he must drink the Tea of Forgetfulness. The family keeps to their own small community, Ru feeling slightly unmoored, until he meets Alice, daughter of the owners of the Chinese restaurant. Their friendship gives Ru hope and meaning as he grapples with his identity as more than just an outsider. The Last Dragoners of Bowbazar is haunting and gorgeous. The lyrical prose fits Ru’s life of swirling memories and broken identity. The novella borrows from dragon lore of South and East Asia, as well as classics of SFF dragon subgenres like Tolkien and McCaffrey. Ru tells himself that dragons aren’t real as he’s imagining Smaug, but the real dragons truly are entirely different. The beauty of the book is unwinding Ru’s identity, discovering the real dragon lore, and basking in pensive prose. There is a possibility that this was the Meggiest book of 2023, which is fitting because I read it on December 30. It has all of the elements I love in a speculative fiction novella - questions of identity, religious themes (in this case a rejection of the religions of man and an embrace of the religions of the dragons), deep friendship, gender identity, and abiding love in many forms. It’s short, at under 120 pages, and comes with equal measures of challenge and comfort."
Apoorva,84,10,4,"May 28, 2023",arc,,"4.5 stars! I was given an eARC of this boom exchange by NetGalley/Subterranean Press in exchange of an honest review. I thoroughly enjoyed this book. It was a short and nostalgic story that tells us about a boy who doesn’t belong and the parents who yearn for home. I want to read the novel that the father wrote in the book. I want to read a full length novel and a 10 book series about the world. My only complaint about the book was that the author used a lot of compound sentences. They got lost in words than using more approachable language. However, I want to overlook it all because the friendship explored by the author is beautiful and innocent. In all, this book is enjoyable and you need to read it."
Megan,631,2,3,"September 11, 2023",2023-releases；essays-novellas-plays-shortstories；netgalley-arcs,,"3.25This is a stunning novella full of lyrical prose and a melancholic story. Ru is a boy from nowhere, growing up in Calcutta in the 1990s and we follow his coming of age story and his memories of his family and his friend Alice. I don’t want to say much more because this is really short, and truly the plot is secondary to the atmosphere and the themes.I think this is definitely a story that needs to be reread and savored to fully appreciate it, but I would be very interested in reading more from Indra Das. I loved the prose and the emotions and the ideas of dragons and multiverses and I would love to see more in this world and what else Das can create."
Dima,507,10,5,"November 4, 2023",,,"Beautiful book. While it's supposedly about dragons and in the fantasy genre, in my view, it's much more about the experience of immigration and minorities, taken to the extreme. It's about the tension between integration and staying committed to your origins, and the choices that parents make for their children in this ragard, and how these affect these children when they reach adulthood.It's a bit like , in some ways, being much more than meets the eye."
Jackie,188,10,5,"February 26, 2024",,,"I'm really glad I happened to find this in the library (my old library where I used to live) and decide I had time to read it over the weekend and return it before I drove back home. It has an atmospheric, lyrical style that works really well for the length. One passage that jumped out at me in particular is when the main character reimagines his first subway ride as taming a big metal beast, as he and his friend held on to a spear (like St. George's spear) that was actually the pole through the train car. I also loved the image of a tiny dragon, hatching from a tree, delicate and curled in his hand, in the very first scene. That's not even mentioning the throughline of his friendship, or his parents and how they grapple with memory. Just a beautiful story all around."
Zezee,658,46,3,"June 13, 2023",fantasy,,"The Last Dragoners of Bowbazar is a coming-of-age story set in Calcutta, India, about a boy raised in a most intriguing family. Ru’s parents and grandmother are nomads who have a close relationship with dragons, which are real to them. Although they try to teach Ru about their culture, they often ply him with the Tea of Forgetfulness to avoid steeping him too much in their beliefs. It’s an interesting story, relayed in just a few pages, as this is a novella. And although it’s slow paced, the prose easily draws you in.Of course, the prose is what I liked and admired the most, and also what I paid the most attention to as I read. I thought the story was OK, but I wasn’t that interested in it. The protagonist didn’t appeal to me, and the quiet nature of the story didn’t excite me either. So what kept me reading was my admiration of Das’s writing. Actually, I don’t think I paid close attention to the plot until about close to the end, which was bitter-sweet for me and left me feeling sad.Other things I liked include the story’s focus on a person torn between two worlds, as Ru is pulled between this world (our world) and that of his parents’, which he learns about from their stories and what they teach him — what lingers after the effects of the Tea of Forgetfulness. But Ru is also treated as an outsider by almost everyone except his best friend, his neighbor Alice, because of how he looks and that he’s unable to say where exactly he’s from. In this way, I think readers who’ve ever felt displaced could relate to some of Ru’s struggles.The dragons were interesting as well and were presented in a new way to me. Not so much the large, talking, fiery beasts we usually get in fantasy. Instead, they are almost spiritual beings in Das’s book, but not exactly that either. I guess I think of them as spiritual since, to me, it seems that Ru’s family connect to them in a spiritual sense, on a spiritual level. I liked that. They seem to have a symbiotic relationship with the dragons: caring for them and in turn being cared by them — even being able to eat of the dragons. ★★☆☆☆ ½Although my rating is somewhat low, I would recommend the story. I rate based on enjoyment, and although I liked parts of this and admire the writing, I didn’t enjoy reading it so much to rate it higher."
taylor b. ,15,,3,"June 18, 2023",,,This novella is not something of my typical tastes. The slow pace is something I personally need to be in a specific mental headspace for. The plot was interesting but what kept me was Indra’s writing style. The style is beautiful and intricate. I believe I would have appreciated this more had I not been reading another epic series tandem. This will definitely be a re read when I am mentally in a place where I know I can appreciate the plot more.
Rajiv Moté,,13,4,"October 10, 2023",,,"A gentle, lyrical, and melancholy tale of being an outsider, disconnected from your people and culture by well-meaning parental desire to make life easier through assimilation. There is a tension between the truth of one's history as a thing experienced versus a think imagined and felt, and the tricksome nature of childhood memory versus the stories you internalize as memory."
C. Elizabeth,937,31,,"November 14, 2023",arcs,,"Indra Das's novel  was such a fascinating, original take on werewolves, and I was pumped to see a new release by him. I gave this nearly 70% though and couldn't force myself to read further. There's nothing wrong with the novella, I was just bored and could never connect with Ru."
Riley,133,1,2,"January 10, 2024",,,"Through this novella I discovered that I'm not a fan of flowery prose, because it felt like it was heavily abused in this story to pad out a whole lot of nothing happening. I felt very disappointed when I finally finished reading this, because the flowery build-up piled my expectation for something big, and grand to suddenly explode. Instead, the final pages felt like a petered out wheeze of a dying dragon.The cover illustration is what drew me in; major kudos to Tran Nguyen. Beautiful artwork."
Isabella,218,,4,"March 27, 2024",,,"What a weird lil story. I was expecting a short fantasy story, but we got some fantasy realism going on. The page texture? Immaculate, it was a thick and buttery soft variety that urged someone to go in a glide a nice blue ball point or fountain pen onto it. At this point, you have to know that I also rate books on how good they feel in hand. Maybe one day I will find someone who shares this enthusiasm for book textures 🤧Overall, 4/5 stars"
R E,724,14,4,"June 12, 2023",,,"I’m a fan of Indra Das, but this jewel of a novella challenged me with its dream-like, evanescent quality - a shimmering, shifting world that only coalesces towards the end. It requires attention, and so I shouldn’t have attempted it on a weekend I was dealing with a mid-level migraine. Still, very much worth your time."
J Aron Braide,142,,,"November 15, 2023",,,"A simple, bittersweet story of displacement and longing. Truly a novella in the strictest sense where there are few characters and not a lot of moving parts to the story. Nicely written although the prose felt too purple near the end, meaning it was beautiful without containing the emotional energy the rest of the story had. Definitely worth a read."
E,296,,5,"December 23, 2023",,,"The dedication and the epigraph point us towards LeGuin, Borges, and Wolfe and that really is what we get. A gorgeously written little gem of a novella, focused on the flickering (un)reality of story and identity, the endless reinvention of growing up. The Circular Ruins meets Tlon, Uqbar and Orbis Tertius if Borges had a heart as well as brains."
Molly,200,9,5,"January 7, 2024",,,I'm really terrible at writing coherent thoughts about Indra Das's books. I wish I was an upper class patron of the arts in the Renaissance so I could dump money on them in return for this peak fiction
Kris,1292,,4,"January 18, 2024",fantasy,,"Lovely melancholic tale of trying to understand who you are and the power of storytelling.Also, I would recommend reading whilst listening to Court of the Crimson King album as suggested. It works well"
Caroline Duvezin,597,11,5,"February 10, 2024",,,"A melancholy, ethereal take on dragons and belonging, which the through-line of Ru and Alice's friendship keeps from fading into abstraction. Indra Das's imagination and writing really is unlike any other."
Vinnie Tan,14,,5,"March 27, 2024",favorites,,A beautiful fable about belonging and coming of age into an age of impossibility and belief. This small novella is one that impossibly bellows with majesty. A story that will make you fall in love with stories. This is one that I will hold dear in my heart for as long as I am living. 5/5
Zach Rosenberg,88,4,5,"June 6, 2023",,,"Another absolute winner from Indra Das. I have been a huge fan of his since the Devourers, and the Last Dragoners didn't disappoint. Absolutely breathtaking writing, characterization and plotting."
Cynthia Joy,307,12,4,"June 15, 2023",top-reads,,Highly recommended
Wayne,345,9,4,"July 20, 2023",,,"Enjoyed this novella from Indra Das (first time reading him). I enjoyed the characters, and the story/pacing. Will definitely need to read more from him. #TheLastDragonersofBowbazar #NetGalley"
bookcat,18,,5,"July 23, 2023",favorites,,My gods what a beautiful and beautifully written story. Truly magical. I feel like I read something true.
Manuel,86,2,5,"September 15, 2023",,,A glorious bit of oneiric fantasy...
Ridanwise,150,,4,"September 17, 2023",,,"A story of melancholy. I find the blurb not so much misguiding as much as unjust to the piece itself. Magical realism, fantasy, and romance are nicely woven here."
Kep Rinvelo,3,,5,"September 27, 2023",,,"This was such a treat of a book - nothing like what I anticipated, but a continual delight to read right to the very end"
Chris Panatier,,105,5,"October 20, 2023",,,I love Indra's writing: sweet and beautiful. The Last Dragoners is a perfect example of this. A book to wrap yourself in.
Carlie St. George,,24,5,"November 12, 2023",,,"Author is a friend, so objectivity is admittedly in question—but also this novella is lovely, lonely, queer, and fantastic, with a quiet, enchanting story and gorgeous prose. Read it. Read it NOW."
E.D.E. Bell,,200,5,"December 15, 2023",fantasy；fiction；historical-fiction,2,"I am so grateful for stories such as this that make me want to live, love, experience, and thrive - not less, but More. I intensely loved this."
K.E. Andrews,,144,4,"December 25, 2023",fantasy,,"If I had to sum up this book it would be a story about identity, dragons, and Lord of the Rings references."
Rebecca DeVendra,,4,,"January 2, 2024",,,"Short, utterly sincere and ultimately elegiac. It's well done."
Leslie,1,,5,"February 19, 2024",,,Inda Das is an absolute gem of an author and this book is a great reminder. I've already recommended The Devourers to everyone I know and am about to do with this one.
Sheila Jean,458,,5,"March 16, 2024",sword-challenge,,"A beautifully written story of a boy from nowhere, living in Calcutta, slowly discovering who he is and where he is from."
Galina Tucker,132,,5,"April 14, 2024",,,"Wow that was gorgeous. Beautifully written and incredibly touching, quite magical, do recommend. ❤️"
jan,84,,4,"November 25, 2023",fantasy,,"4.5 stars, a magical, beautifully written coming-of-age story"
VRon R,23,,5,"September 19, 2023",top-reads,,"This is definitely a book I wish was longer. At first I wasn't sure if I would be charmed by it as much as the Devourers charmed me, but boy, was I wrong! There is a quiet magic to this book that slowly sank its hooks into me, of secrets kept behind locked doors and memories mingling with the present day. It was a journey that I didn't want to see end, and I loved every second of it. Bravo again to Indra Das for writing a book that has careened itself to the top of my favorites."
Isaac,33,,3,"September 13, 2023",read-in-2023,,"— A beautifully written coming-of-age novella about Ru, a migrant from a land of dragons who moves to India, but feels like an outsider due to his mysterious heritage he knows little about. This feels like a novella about identity, culture and immigration. I like that this is more-or-less a realistic story of a boy stuck between two cultures, but one of the cultures happens to be one infused with dragons and magic. But instead of having traditional fantasy tropes of chosen ones and the like, this is very much grounded in reality, of a boy that wants to live in the present, but also wants to honour his family’s culture. I also learnt a new term called . Not mentioned in the book itself, but I think Ru can certainly be considered a third culture kid. The  culture and the Indian culture intertwine.The greatest success of this novella is the prose. It’s beautifully written with this dream-like, evanescent quality, merging realism with the fantastical. The plot isn’t always clear, and I struggled at times understanding its magic system, but there is this daydream wonder that kept me entertained. The relationship between Alice and Ru also feels endearing, a first love that ends, but not in a dramatic way, more a coming-of-age first love sort of deal. A wonderfully written book with some interesting ideas."
Annie,202,1,4,"September 12, 2023",reviews_2023,,"Very lyrical and wistful. I think it'd be best read in as few sittings as possible, which I unfortunately wasn't able to do for this read through. However, I enjoyed it a lot and can see myself revisiting in the near future."
Sampriti Bhattacharya,12,3,3,"March 6, 2024",,,"This is a beautifully written novella that weaves history, contemporary global culture and magical realism in the narrator's quest for identity. What starts as an immersive slow read, picks up momentum as the narrator grows up. The book does not provide a soul-searching quest for who you are but rather traces the narrator's coming to terms with his existence and assuming an identity of his own, through his own language, when he fails to place himself within the existing coordinates of identity. Perhaps he uses magical realism to plug those gaps in memory and knowledge.If you're not a fan of magical realism and are searching for facts that conform to and reaffirm your perception of the world, then this can be a challenging reading experience. If you're looking for a plot, then this is definitely not for you. If you're looking for just going with the narrative, then also this book might disappoint you because there are moments where the author ditches the anecdotal pace and accelerates the narrator's growing up. If you're planning to read this, read without expecting anything and you won't be disappointed. I also like how short the whole structuring of the novella is. The chapters don't feel like a drag, given how truncated our attention span has become. Articulation: 4/5Content: 3/5Structuring: 3/5"
