Reviewer,Review Count,Followers,Rating,Date,Tags,Likes,Content
Stephanie,,1074,,"July 10, 2023",books-that-i-wrote,39,"So, my personal tagline for this book is: Cold Comfort Farm Meets Northanger Abbey...in Wales and with dragons! ;) And huzzah! It's out in the world today in ebook and paperback.  (A hardcover edition will also be coming in the next few weeks.)I'm so excited to share these characters with all of you!And if you get the chance to copy/paste your honest Goodreads review over to Amazon, I'll be incredibly grateful. Reviews make SUCH a difference in terms of visibility for a book and series!"
Elizabeth,2502,186,5,"September 24, 2023",2023；fake-relationship；fantasy,21,"This was sooooooooooo gooooood!The best kind of romp. We get gothic villains, flighty relatives, adorable dragons, and an absent-minded-professor-type hero who is solid gold underneath. There's so much to love in this book. I will be reading this one again and again. Also, it made me think I need to re-read the first book. This is so much better than the first book.Can I read more about the dragons? They seem so cute!"
Intisar Khanani,,2357,,"July 10, 2023",fantasy-romance；indie-authors,11,"I loved it. You need this smart, whimsical, absolutely delightful story in your life now. You don't have to have read Regency Dragons Book 1 (Scales & Sensibility) to enjoy it, but why would you not?? 😄 Intelligent heroines, delightful (non-traditional) heroes, some side character LGBTQ+ romance lines, and miniature dragons!! In C&C, our heroine is trying to figure out where a miniature dragon came from, which ends up being a deeper and more dangerous mystery than she at first suspects. Meanwhile, our hero just wants to do his research (gotta love an academic), but he gets gets roped into a FAKE BETROTHAL and SHENANIGANS that he starts to join in on voluntarily?? Also, our heroine excels at managing situations and people, and our hero, who is not a door mat, is like, ""It's okay, I don't mind if she manages me, she's very good at it."" *swoon*Y'all need this story in your lives. Go out, read it, and be happy."
Tansy Roberts,,282,5,"July 28, 2023",,9,"I think Claws and Contrivances has to be one of the most romantic books I've ever read in my life. Another magical Regency dragons book, this one following the fate of a different sister... who has fallen among a loving, supportive Pure!Chaos cinnamon bun of a family, but doesn't realise how much they value her.This theme is carried through with the romantic thread, as she and a terribly distracted scholar set about rescuing a horde of tormented, magically surprising dragons from the horrible neighbour next door.I love a romance that shines through the voice of a narrator who has failed to notice she is having a romance, though the reader is Very, Very Certain based on her observations. Also I have a deep attachment to the trope of ""this is the only person in the world that makes it worth my while to look up from my books"" which is used here to utterly swoony effect.This book is like a big hug that somehow includes teatime and tiny dragons."
katayoun Masoodi,655,136,3,"August 16, 2023",ebook；fantasy；historical,5,"i really, really like these series and these people and ofcourse the amazing, lovely dragons. truly delightful and fun and looking forward to harry's adventure."
Jassmine,805,58,4,"February 23, 2024",cozy；dragons；funny,4,"This was very much a needed read at the time I picked this up. It was just completely bonkers and convoluted and I seem to be living for that lately (see my recent read of ). This sealed my fate with Stephanie Burgis and send me on a frantic read through her  series (which was both great and disappointing) and I'm sure I will be reading more from her in the future.We already met Mr Aubrey in  and I wasn't honestly sure how he'll fare as love interest, but it turns out Stephanie Burgis has a way of writing scholarly and absentminded heroes (if you liked Mr Aubrey as Love interest, do read , you are going to love Jonathan Hardwood, even though he's not quite as absentminded). He's nerdy and very distractable which leads to hilarious situations in the beginning, but slowly you get to see him changing, paying attention to Rose - even if she herself doesn't quite see it! I really loved how gentle and not forceful he was, yet stating clearly what he wanted - and yet she manages to misinterpret his words! That was a bit frustrating, but Rose's obtuseness where Mr Aubrey is concerned aside, she was an amazing protagonist. Struggling with figuring out what it was that she wanted from life and trying to take care of everyone. The romance between them was quite sweet and I loved it and the loving completely bonkers family dynamics around them were priceless. It might be a bit too much for some readers, but I love funny and ridiculous books, so it was pretty perfect for me!Important note though... this isn't a  retelling... It's advertised as such and it does have some themes in common, but the characters and story lines are completely different, which was a little disappointing.  was very loose and creative retelling, but still retelling - because the characters were really similar to their inspirations and the elements were in place. Here, not so much... it's fine, just don't expect Northanger - although there are some gothic ruins and imaginations involved...This is a book that requires a bit specific taste and won't be for everyone, I really enjoyed it though and would recommend! Also dragons!4,5⭐ + there is a bonus epilogue if you subscribe to Burgis's newsletter.P.S. There is a sapphic romance on the side and that honestly made me want this book to be just about Georgie and her lady love! You can't include butch character and not expect me to become distracted!"
A.J. Lancaster,,489,5,"July 3, 2023",regency-fantasy,4,"A feel-good regency romcom with miniature dragons and a ramshackle manor house. I adored Audrey, grumpy and absent-minded dragon scholar, in Scales & Sensibility, so I was thrilled to see him get his own book in Claws & Contrivances. You don't need to read book 1 to understand book 2, since the plots and romances of each one are quite separate, but they're both so delightful that you should anyway!Claws & Contrivances is just as much fun as book 1 but with even more dragons. Absolutely my cup of tea!"
Jen (That's What I'm Talking About),1551,303,5,"September 9, 2023",dragons；fantasy；historical-romance,3,"Claws and Contrivances is the sophomore title in Ms. Burgis’s Regency Dragons series. Set in the Welch countryside, the stories take place in the Regency era with the added twist of the existence of cat-sized dragons which are kept by wealthy socialites as fashion accessories and pets. This time around, the story is shared by the middle Tregarth sister, Rose. Unlike her older sister Elinor (book 1), Rose was taken in by loving relatives after the sudden death of their parents. When dragons suddenly appear in their home at Gogodd Abbey, Rose takes charge in a secret effort to protect her eccentric aunt and uncle from rumors or worse.Claws and Contrivances is a joy to read. The story is light and funny, and I smiled often while reading it. Filled with silly situations, hilarious banter, and a couple of well-timed coincidences, the story puts a spotlight on Rose’s kind heart and generous nature. She likes to take charge and help those around her, even when they don’t necessarily require it.Unlike the first book, the home is filled with love, which makes the story easier on my heart. I enjoyed meeting all of Rose’s sister cousins, even the one who causes a few problems for Rose and the dragons. Nothing comes from a place of pettiness or cruelty (other than the villain!) I adore that the author creates a HEA for not just the primary couple, but the side characters as well.The romance between Rose and dragon expert Cornelius Aubrey is sweet. He surprises Rose and himself when he declares that she is just as interesting to him as the dragons are. He’s a bit introverted and absorbed in his work, but Rose just breaks through those walls, and he can’t help but be dazzled. Claws and Contrivances is a delightful romance with just the right amount of silly humor. The romance is sweet, and the bad guy is evil, just the way I like it.My Rating: A-"
Virginia,,167,5,"August 15, 2023",,3,"A delightful follow up to Scales and Sensibility! I enjoyed this so much that I stayed up far too late in order to finish it all in one sitting! Can't wait (but I will, happily) for the next book in the series whenever it comes out!"
Annette,3124,146,4,"July 10, 2023",review-copies,2,"The moment I finished the first book in this series I went looking when the second book was gonna be released. The first book was exactly the breath of fresh and positive air I needed after reading a few too many depressing novels and I wanted more. I wanted more dragons. I wanted more romance. I wanted more misunderstandings and regency drama. Luckily the second book was gonna be released soon and even better via the author I could get an arc!I was insanely happy when I discovered that Mr. Aubrey was gonna be the love interest in this book. I had already fallen in love with him in the first book and I was quite happy that someone else was finally gonna notice that him being focussed on only those things that interest him is endearing and promises only the best for the girl he's gonna find interesting. And after meeting Rose it didn't surprise me that she was the right girl for him.They are the kind of match I really want to see in books. They're completing each other. At first glance they seem to be opposites, but then you notice that they actually have the right talents and personalities to fit together perfectly. Rose is an act first and think later kind of girl with a huge heart. If she could take care of every living being in the world, she would. Aubrey thinks first and acts later, but it are especially his observational skills helping Rose to solve her issues.The true stars of the story however were the dragons. I already really loved the dragon in the first book, but I might love these little dragons, especially since they're still so young and sound insanely cute, even more. I also loved how we discovered that dragons can have many different gifts, some a little more useful than others. The author came up with quite a dark plot for them, but luckily the ending of the book is really satisfying.I WANT MORE REGENCY DRAGONS BOOKS!"
Julia Sarene,1418,168,5,"July 10, 2023",fantasy-all-subgenres；fantasy-romantic-girly；sff-cosy,2,"I think I like Claws and Contrivances by Stephanie Burgis even more than I did the first. We get to meet at least one well loved character again, otherwise it's an all new cast.I really love how this is a series, but the books are self contained enough to also work well as stand alones!So why did I tear through this in one single sitting, forgetting the real world even exists?A lovely young heroine who starts to come out of her shell, instead of just trying to just blend in and not be a bother, after losing her family and home.Found family which I wish I could just move in with right away! Even if there is an actual distant relation, this family is well known for embracing strays of any kind, be it human or animal, and help them back to their feet. I love these strong bonds and people who are simply willing to help, no matter what.Strong female characters who know their place in this regency world is dictated by men, but who nevertheless make the most of every right they do have. I especially adored the older women who seem to be in the background, but are what keeps the family and community running.Divers cast, with a character with anxiety and an LGBT couple in the side characters.There's a bit more focus on the actual romance in book two, but it's still the very cute regency romance, with no hot loins or modern drama. Definitely more of an Elizabeth Bennet sort of courting. It's still just a part of the book though, not the main story, which is saving dragons!And then, we get even more amazing dragons! Who doesn't want more of these fabulous creatures...I need more of these cosy, feel good stories with strong leads like this!"
Lata,4079,229,4,"July 25, 2023",arc；auth-f；sf-f-h,2,"In this lovely cozy fantasy by Stephanie Burgis, we get a passionate, compassionate heroine, a bookish hero who just wants to do his research, amusing family dynamics, a dastardly antagonist, and the sweetest, little dragons.(And though your enjoyment will only be enhanced by having encountered Rose Tregarth's elder sister Elinor and the bookish here in book one, it's not critical that you read installment one. But you really should because it, too evokes the same warm, happy feelings this one did.)It’s months after the Tregarth parents’ deaths, and middle sister Rose has found refuge with the Parrys in their crumbling home, Gogodd Abbey. One day, a dragon appears, and Rose immediately decides that the little, frightened being needs care and love. When she decides she also wants to know where the dragon came from, she meets a) bookish hero Cornelius Aubrey (from book one), and b) the shady neighbour, Sir Gareth.Very quickly, Rose gets Aubrey to help her, but this is the Regency era, and the only way to ensure they can be together unchaperoned is if he is betrothed to her (though it's a sham betrothal, from which Rose will release him once they determine where the dragons will end up, after yet another of the beautiful little creatures shows up).While initially reluctant to participate in Rose's investigating, Aubrey soon is happy to let Rose take the lead and tell him what to do. There is silliness, secrets, disappearing and reappearing dragons, and a lovely romance building between Rose and Aubrey, as well as one of the Parry girls and a neighbour.Everything almost spins out of Rose's control (she is a whiz at managing multiple people), but everything and everyone comes together to save the dragons and reputations. It's sweet, silly, warm and just made me grin, and made me want to revisit book one then this one all over again. I am also eager to find out what happened to the youngest Tregarth sister.Thank you to Five Fathoms Press and to the author for this ARC in exchange for my review."
Cee,2719,136,3,"November 24, 2023",2023-books；historical；romance,2,"DNF @ 15%/ 5 chaptersRating this 2.5-3 stars because it isn't bad and perhaps if I was in a different mood I'd like it more, but I'm mostly bored and not connecting with the characters. While I enjoyed the last book, I did end it with less than stellar thoughts, but excited to start this one. Now, my excitement has waned and I mostly remember being frustrated with the characters. I'm already feeling that frustration here, but mostly because of the historical trappings and the lack of magic. BUT, these are cozy fantasy books that are really quite lovely. Quirky characters and budding magic from the dragons. Don't let my review be what keeps you from reading this, because I do think it is worth trying if you're looking for slow burn historical romance mixed with cat-sized dragons."
Kate (BloggingwithDragons),272,81,5,"June 21, 2023",arcs；favorites；read-fantasy,1,"After being completely and utterly charmed by , I didn’t think the  series could possibly get any better—I was wrong.  is a pure and utter delight, brimming with everything readers could want—a wonderful heroine, dragons, a romance, and a magical ending.From the very beginning of the novel, I immediately adored and related to protagonist Rose Tregarth, younger sister of ’s Elinor. Rose, like her elder sister, was foisted upon family relations, the Parrys, after the untimely deaths of her parents. However, unlike the relatives that poor Elinor was forced to suffer, Rose’s aunt, uncle, and cousins are supportive, eccentric, and incredibly loveable. Not having to watch Rose, like Elinor, be abused by her relatives made Claws and Contrivances an even more fun read. Plus, there is a character for every reader to love in this family. The antics of Rose’s cousins, mostly Serena, who has endless enthusiasm for all things gothic, had me laughing aloud. Other readers will surely love Georgiana “Georgie” Parry, who has short hair, a wicked smile, and is more at home in pants than a gown. Beth is the most shy and anxious of the bunch, and quite frankly, a big mood.Rounding out the rest of the family is Rose’s aunt, an ink-covered Gothic novelist perpetually preoccupied with her next plotline, but fiercely devoted to her family, and Rose’s uncle, a scholar of the study of dragons who is honest to a fault. Out of gratitude for the Parry family taking her into their home, Gogodd Abbey, clever and kind-hearted Rose vows to always protect her relatives, even at the expense of her own well being. She spends a lot of time worrying about how long she can continue to be an imposition on the Parry family and longs to one day find a purpose for herself that will fulfill her, but more importantly, won’t inconvenience anyone else in the slightest. But Rose’s plans for the future go awry when a clearly mistreated dragon appears out of thin air in Gogodd Abbey, with a traumatized friend not far behind. Immediately suspicious of the timing of the dragons’ appearances, Rose hatches a plan to confront her new “ghoul” of a neighbor, Sir Gareth, who has taken up residence in the crumbling house next door. But circumstances spiral out of control and to Rose’s dismay, she ends up unchaperoned in the carriage of her uncle’s esteemed fellow dragon scholar, who is much younger and handsomer than Rose was previously led to believe. To her mortification, this very gentleman will be staying with the Parrys for the foreseeable future in order to assist her uncle with his research. Readers of  will recognize the dragon-obsessed Mr. Aubrey at once, but will quickly realize that dragons are no longer the only thing motivating this eligible and (very endearingly), socially awkward bachelor. But readers both familiar with the series and those brand new to it will delight in unraveling the mysteries surrounding the sudden appearances of the dragons and the disreputable neighbor next door—not to mention Sir Gareth’s mysterious and beautiful ward, Miss Thomas. Though the motives of Miss Thomas and her deepening friendship with Georgie remain unclear, the biggest question is whether the betrothal of convenience between Mr. Aubrey and Rose is quite so false after all. I truly enjoyed all of the different plot lines of the story and this enchanting novel effortlessly pulled me right out of a dreaded reading slump. As in the previous novel in the series, the characters and the dragons of are absolutely impossible not to love. I was invested in not just the secrets swirling in the book, but also in Rose’s personal journey to find her own self worth, in spite of her diminished social standing. I also love how author Stephanie Burgis always manages to make the main romance feel like an added bonus to the heroine’s arc and not like its only defining destination. It’s so refreshing to see romance portrayed as two full people coming together, rather than two halves trying to make a whole. And if the whole fake dating trope weren’t enough to tickle the fancy of readers, there’s also an LGBTQ+ romance among the side characters.  will surely captivate fans of regency England, strong heroines, quirky characters, and sweet love stories. This unique blend of alternate history, fantasy, and romance makes for such a cozy and fun read. I can easily see myself rereading these books again and again. Undoubtedly, I will be looking forward to and reading any and all future installments in the series."
Kat Henley,207,10,5,"September 3, 2023",,1,"BOOK REVIEW 📚 of Claws and Contrivances by Stephanie Burgis⭐️⭐️⭐️⭐️⭐️Miss Rose Tregarth has been living in ramshackle Gogood Abbey for the last seven months, amongst her eccentric yet loveable cousins and author Aunt and scholar Uncle. Arriving after the death of her parents and separation from her two sisters,she will always be grateful for the warmth bestowed on her by her Welsh family’s simple but affectionate home life. But, stubborn and goal driven, Rose is determined to make something grand of her life, despite her early challenges. When Rose discovers a tiny, hungry dragon in the buttery, she finally has a purpose: protect the creature and locate its owners. Following the opportune arrival of handsome academic dragon scholar, Cornelius Aubrey, one of Uncles colleagues, Rose notices signs of mistreatment on the dragon. Suspecting her suspiciously cruel neighbour, Sir Gareth, she enlists Aubrey’s help to solve the mystery of what, exactly, is going on in Penryddn Manor. Book Two in the Regency Dragons series, Claws and Contrivances continues the Tregarth sister storyline beautifully. Rose is such a likeable character and incredibly relatable to a fellow listmaker, goal setter and who loves a touch of romantic whimsy. The cast of cousins adds that warm, fuzzy feeling you get when you read about the Bennett sisters: supportive, witty and endlessly loving. I was so enthused seeing Aubrey reappear in this book, being one of my favourite characters in Book One and his dynamic with Rose was just amazing. It was Grumpy v sunshine (or stubborn meets more stubborn), but also so enthralling, seeing Rose break through his gruff exterior. Rose had me in stitches with her dramatic falling/fainting spectacles and I blissed out over her protective mothering of her dragons. So cosy, so heartwarming, so dragon-y, I can’t wait for Book 3 and more."
Kristen,2343,68,5,"September 9, 2023",best-paranormal-fiction；cozies；favorites,1,"I absolutely loved this story! Stephanie Burgis has quickly become one of my favourite authors, as she writes wonderful stories and seems to have an inexhaustible variety of new and clever plots in her mind, which I am delighted she shares with her readers!This series about the Regency dragons is charming, sweet and lovely. I very much enjoyed the first book in the series, but I loved this book even more. One of the things I particularly love about this author's writing is how adept she is at writing characters who seem on the surface to be misfits. Rose is a fabulous character and I loved her immediately. Her kindness, earnestness and absolute determination to do the right thing in every circumstance - ramifications be damned! - makes her a terribly sympathetic and likable character. She led this story wonderfully!All the other characters here are also a delight. They are quirky and odd and unorthodox and I loved each and every one of them.The plots Burgis writes seem sweet and gentle, but they always have drama and suspense and the opportunity for thrilling breathless excitement that drives the reader to the conclusion with racing page turns (or, in my case taps as I had this as an eBook). I also adore the sense of humour the author infused into her books. The quirkiness of the characters leads to some extremely funny scenes (in this book like the moment where Rose explains everything to everyone and chaos and fun ensues!) that frequently make me laugh out loud.I loved this book and can't wait for the third book to meet the final Tregarth sister, Harry, and see what adventures Stephanie Burgis has in store for her! If you enjoy gentle romantic but suspense-filled stories that feel Pride-and-Prejudice-ish and have a little magic in them, I highly recommend ALL Stephanie Burgis' books. She has lots of varied plots and wonderful unique characters in all of them."
Tsana Dolichva,,66,5,"July 25, 2023",,1,So good. Loved the adorable romance () and the dragons.
Nicole (bookwyrm),1174,4,5,"February 10, 2024",audiobook；fantasy；romance,1,"I greatly enjoyed this second installment in Burgis' Regency Dragons series. In fact, I liked it better than book one! The themes and tropes in this book (fake dating, rescue of animals and people in peril, strong and loving family relationships) all worked very well for me, and I enjoyed it all immensely. Even the little bit of miscommunication present in this book was done in a believable way and was not present merely to make the heroine's life harder.Additionally, Emma Newman's narration was perfect. I loved the voices she used for the characters (but especially Serena) and the little chirrup noises she made for the dragon sounds were just adorable.I've enjoyed this series a lot, and I'm very excited to see what Burgis does to close out the trilogy."
Virginia,995,,5,"February 20, 2024",2024；ebook,1,"4.5 starsTW: animal abuse, abusive uncle (not main character's - the ""villain"")"
Jasmine,,141,5,"July 4, 2023",indie；irl-author；romance,1,Adorable and such fun regency-with-magic.
Debbie Gascoyne,642,24,,"July 15, 2023",2023；cosy-fantasy；fantasy,1,"Perfect summer reading: light, sweet, and a lot of fun."
Jaime Moyer,,213,5,"August 19, 2023",,1,"Delightful, as all Stephanie's books are. 5 stars."
Nathan Fantasy Reviews,101,21,5,"July 6, 2023",,1,"This review was originally posted at A strong woman who knows what she wants? Check.A nerdy academic love interest? Check.A fake engagement? Check.Romantic misunderstandings to hilarious effect? Check.More dragons and magic? Check. Scales and Sensibility, the first book in Burgis' Regency Dragons series, became a surprise favorite of mine after it became a SPFBO finalist last year. I had never been interested in reading a regency rom-com before (seriously - this is why you should at least check out the SPFBO finalists every year to expand your reading horizons), but what I found was a funny, relaxing, enjoyable, and bingeable book about a woman from a down-on-their-luck family looking for a good marriage with economic prospects who accidentally stumbles into a madcap plot involving a magical dragon, mistaken identities, and love. Claws and Contrivances follows the second of the Tregarth sisters first introduced in Scales and Sensibility, Rose, as she goes on her own adventure to overcome the financial ruin of her family. This setup allows Burgis to introduce a whole cast of new characters to meet and either fall in love with (or absolutely despise) with many direct connections and Easter Eggs that explicitly tie the book back to Scales and Sensibility. None of these connections is more apparent than Rose's love interest, Aubrey, who was a minor side character in Scales and Sensibility. I absolutely fell in love with Aubrey because he is a romantic love interest you don't often get to see in fiction. He is bookish, intelligent, and shy but not in that ""oh he likes books but is actually really hot and brooding"" kind of way. He is an academic in the socially awkward, emotionally dumb kind of way. Aubrey was unique and endearing, and you cannot help but root for Aubrey and Rose to get their happily ever after. The romance between Aubrey and Rose is a much stronger core romance than Elinor's in Scales and Sensibility, and it is complete with a fake engagement, familial and financial misunderstandings, a bookish man just doing his best to navigate it all. While Scales and Sensibility was an utterly fun romp and smashing good time, Claws and Contrivances is a much more relaxed, and therefore even more fun novel to sink your teeth into. Unlike Elinor's circumstances, Rose lives among distant family who are actually likeable and want what is best for her. Her uncle is a bit of a bulldog who stumbles a lot, but is at his core a loving human being who just wants what is best for his family. Her aunt is a gothic romance novelist (which leads to a scene where the main characters do a dramatic reading of her newest novel, one of the absolute best scenes in all of Claws and Contrivances), who is a kind of feminist trendsetter, blazing forward in her own path. And Rose's cousins are all endearingly weird in their own ways (including the goth obsessed Serena, the queer coded George - who I definitely want a spinoff about with her own lesbian love story!). I really settled into the rhythm of Claws and Contrivances much faster than Scales and Sensibility because Rose doesn't have to push back against the people who are supposed to love her; they embrace her with open arms. Each of the family members gets their small moment to shine, crafting a cast of characters that you will be sad to leave behind as the book reaches its final pages.Instead, the conflict comes from an external force, Sir Gareth. I won't spoil the dastardly plots Gareth gets up to in the book, but I relished his evil ways and how Burgis incorporated deeper and more complex social issues into this book, using the fantasy of her books to directly comment on problems plaguing our world, both in the Regency period and in the present. Plot-wise, this also allows for some awesome scenes where Rose and her entire family came together to try and thwart Sir Gareth. This might make Claws and Contrivances a bit more of a standard and straightforward plot than Scales and Sensibility, but Burgis spins in enough twists and turns, as well as genuinely gleeful and funny moments, that everything feels fresh and magical. Speaking of magic, one of my only criticisms of Scales and Sensibility is that the book lacked just a bit more magic. That book was less of a fantasy romance and a romance with just a garnish of magic. If you felt the same way, I am happy to tell you that Claws and Contrivances, without losing the spirit of its predecessor, has more dragons and more magic. Burgis gives us a bit more background on how the dragons operate in this world (because the face-changing powers from Scales and Sensibility are a bit more complex than that!) and we have dragon-scholar Aubrey in a much more central role to pontificate about the nature of dragons....and once again be proven wrong by someone with much more hands-on, real world experiences. After falling head over heels with the love and magic of Scales and Sensibility, I didn't think that Burgis could ever top it. Well, Claws and Contrivances is better in nearly every way and I highly recommend it to all readers of Regency romance, fantasy romance, and maybe to people who haven't checked out a book like this before. Claws and Contrivances it is like the best PBS Masterpiece drama, and it has my highest recommendation.Concluding Thoughts: Witty, magical, and romantic, Claws and Contrivances takes everything wonderful about Scales and Sensibility and improves upon it in every way. A strong protagonist, and bookish and shy love interest, a fake engagement, a wonderful cast of characters, and an evil noble all make a book that will grab you from page one and never let you go. Sometimes we forget that books can challenge us, but that reading should be fun, and reading Claws and Contrivances is an absolute blast. Highly recommended."
Maddalena,396,6,4,"July 6, 2023",,2,"Two years ago I was introduced, with Scales and Sensibility, to Stephanie Burgis’ new alternative version of the Regency Era, one where dragons are a fact of life and the ultimate fashion accessory for ladies of the ton. I was charmed by the adventures of spirited Elinor Tregarth and Sir Jessamyn, the dragon she came to adopt, so when Ms. Burgis contacted me with the ARC for the second book in this series I was delighted to go back to her imagined world.Claws and Contrivances follows the adventures of another Miss Tregarth, Rose: the three sisters, orphaned after the death of both parents in a carriage accident, were sent to three different groups of relatives and while Elinor had the misfortune to be taken in by the insufferable Heathergills, Rose had better luck with the Parrys, a somewhat impoverished but loving family made of delightfully eccentric individuals: cousin Serena would love to live in a gothic setting, and looks for ghosts and ghouls behind every corner, while Georgiana aka Georgie is quite the tomboy, preferring riding breeches to flowing dresses; Beth, on the other hand, is the more reserved of the three, while Aunt Parry is a dedicated, distracted, ink-smudged novelist and Uncle Parry a noted dragon scholar.While the family is waiting for Uncle Parry’s guest, a fellow dragon scholar, Rose stumbles on a dragon in one of the less-frequented rooms of Gogood Abbey: the poor creature is terrified and shows clear signs of previous abuse, but Rose’s gentle ways soon gain her the dragon’s trust - which seems to lead to the appearance of a second, equally traumatized creature… Determined to find the dragons’ owner, Rose tries to contact the Parrys’ new neighbor, Sir Gareth, but the arrival of the expected guest - the scholarly Mr. Aubrey we already met in the previous book - brings about a change of plans and the start of a delightful comedy of errors that soon takes on some romantic overtones mixed with a slowly unfurling mystery.I don’t want to share more of the plot because to spoil it would be a great disservice: it’s enough to say that here you will find all the elements that have made Ms. Burgis’ stories such a joy to read, with plucky heroines, dastardly villains and gallant gentlemen - and of course the dragons, which feature quite abundantly in this story ;-) I was delighted to see the return of distractedly bookish Mr. Aubrey here: he might be oblivious to the usual social graces while his nose is buried in a book (and how could a bookworm like myself blame him?) but when he’s called to higher purposes he shows a remarkable strength of character, which becomes quite necessary considering that the shady Sir Gareth is the kind of villain we all love to hate.Rose is an outstanding heroine, her selflessness and courage work well within the conventions of the era, but she also shows a capacity to transcend those conventions when she feels the need to protect those she loves - either her adopted family or the dragons she has taken responsibility for. And speaking of Rose, I have to commend once again Ms. Burgis’ skills in creating romantic scenes that not only develop in an organic way inside the story’s framework, but also feel extremely appealing even to an old, grumpily un-romantic reader like yours truly - to the point that I find myself rooting for the protagonists to reach the necessary happily-ever-after…If you’re looking for an enjoyable, quick read where the comedy of manners successfully meets a magic background (and dragons, let’s not forget the dragons…) you need not look further than this series and its charming, engaging characters. And since there are three Tregarth sisters, I do look forward to the dragon-linked adventures of the third one, Harriet: I have no idea where Ms. Burgis will take the story next, but I know that it will be just as engaging and lively as the previous ones.Originally posted at"
Mike,,170,4,"April 28, 2024",2024-best-of；4b-silver；bought-when-price-dropped,,"I enjoyed the first in this series, featuring the sister of this one's heroine, and this book is equally fun. It does stretch plausibility to the utmost in order that certain revelations can come at dramatic moments; the hero doesn't realise for 75% of the book that the heroine is the person he has a letter for (from her sister, updating her on the events of Book 1), because he gets her surname wrong and she never quite finishes correcting him in the course of their hectic conversations in the middle of various crises, and even when he does figure it out, he doesn't actually give her the letter until the 92% mark, because he doesn't want to distract her from her plans to foil the villain. There are always reasons for these unlikely delays and miscommunications - it's not just ""so the plot can happen"" - but it did strain my suspension of disbelief almost to the breaking point. It makes for a fun plot, though, and I forgive it. Apart from one ""into"" that should be ""in to"" (yes, it matters), I spotted no mechanical errors apart from the fact that, by my count, there should be 26 fewer commas than there are - mostly between adjectives, because hardly anyone knows the coordinate comma rule. This doesn't quite count as ""well edited"" by my standards, but it's close. The Regency setting, as in the first book, feels more authentic than most Regency romances (despite the presence of small dragons with magic powers); it's not just 21st-century people shoved into crinolines. But, again as with the first book, the form the hero's admiration takes for the heroine - listening to her seriously and respecting her abilities - is modern, while also feeling like it fits into the time period. By the way, that's also a much healthier standard of interaction between hero and heroine than you'll find in the average Regency romance (or, probably, the average romance of any period, including contemporary; I mostly restrict my romance reads to Regency, fantasy, or, as in this case, both, so I can't say this for sure, but that's the impression I've gained). The plot is a delight, lurching from one crisis to another, mostly caused by the characters being who they are: the heroine is principled and devoted to looking after others ahead of herself, the hero principled and absent-minded, the heroine's cousins include an airhead dramatic fan of Gothic romance and a bluff and confident and basically out lesbian (inasmuch as you could be an out lesbian in the early 19th century), and the villain is an avaricious and manipulative rake. The dragons are cute, the resolution is satisfying, and I look forward to the third book. I'm confident that there will be a third book, because there's a third sister, the earnest but dreamy mathematician Harry. I thought when I finished the first book that she would be paired with the hero of this book, the earnest but dreamy dragon expert Mr Aubrey, but I now see that the author is smarter than I am; that would have been too much dreaminess all in one place. The hero of the first book has a handsome brother, who I initially thought would end up with the heroine of this book, so... we shall see."
Allison,,11,4,"January 6, 2024",magical-regency-era；urban-fantasy-alternate-history,,"4.5 stars rounded down to 4. This book was really fun and charming. A cute Regency-era romance in an alternate history where tiny dragons are pets and companions that wealthy people train to sit on their shoulders. No one believes they have magic...but the adventures of the three Tregarth sisters and their beaux are about to prove that spectacularly wrong.After the financial ruin of their family followed rapidly by the deaths of their parents, sisters Elinor, Rose, and Harry were parceled out to distant relations. Middle sister Rose finds herself in quite a different situation than Elinor, whom we met in . Where Elinor was treated as little better than a servant, Rose is welcomed into a loving, if poor, family of cousins in remote Wales. Rose can't enjoy it, however, as her trust in anyone who is supposed to take care of her was broken by the betrayal of her beloved father, who was conned into spending all the family's money on a fake investment (as we discovered in the previous book). She's been drifting around, unable to regain her emotional footing, when normally she is big on making plans for herself and everyone around her.Rose and her cousins are astonished one morning by the appearance of a young dragon in their home. No one in their neighborhood is wealthy enough to afford one, and this dragon has obviously been mistreated. In trying to protect the dragon and figure out where it came from, Rose comes into the orbit of a colleague of her uncle's, a dragon scholar named Mr. Aubrey. I found him annoyingly unhelpful in , but here he shows a different side of his personality as he becomes quite invested in the mysteries the dragon represents and Rose manipulates him into a fake betrothal to excuse how much time they're spending together. Of course we all know how fake betrothals in Regency romances go...Excited for Harry's book, whenever that comes out."
Teresa Traver,,15,5,"June 29, 2023",arc；regency-fantasy,,"I loved the first of Burgis' ""Regency Dragons"" books, but I might like this one even better, partly because I like Rose's love interest so much. Aubrey is a dragon scholar who first appeared as a supporting character in SCALES AND SENSIBILITY. He is also autistic, though the novel doesn't say that explicitly (because autism did not exist as a diagnosis in the Regency). Writing autistic characters is challenging, as I know, but in my opinion, Burgis did a good job with Aubrey. In SCALES AND SENSIBILITY, Aubrey seemed like a relatively flat ""absent minded professor"" character, but in this book he develops into a lovable, loyal, and honest character, not just a brilliant scholar. (All his blushing is just absolutely adorkable, IMO.) My one quibble is that I thought he repeated self-deprecating comments about his lack of social skills or difficulty dealing with practical issues a little more than I liked. Commenting on it just once would have been enough for me, especially as I'd like to see him develop a stronger self-image. That aside, this is a hilarious and heartwarming novel about an orphan living with her eccentric, intellectual, and loving extended family in a crumbling Welsh manor. This lovable and slightly wacky cast is part of the novel's appeal. Rose's four cousins all have distinct personalities, though some of them are more developed than others. (Did I mention that there's a cute sapphic beta couple?) Oh, and there are dragons. Plural dragons, with different personalities and talents. The dragons are so adorable you wish they were real, so that you could pet them, too. Rose's bond with her dragons is another endearing aspect of the book, and I liked learning more about how the fashionable pets are treated in British laws. Readers wondering about heat levels should note that this book is kissing only. If you're curious about tropes, note that the book employs fake engagement and (to a lesser extent) mistaken identity tropes. Thanks to Stephanie Burgis for the ARC of this book! I hope she writes the third book quickly."
Kathy Martin,3671,95,5,"September 15, 2023",,,"After the deaths of their parents the three Tregarth sisters are farmed out to distant relatives who agree to take them in. This is the second daughter Rose's story. Rose is a passionate dreamer who is always coming up with some sort of plot. She has an intense desire to take care of others around her. Her new family in a falling down manor in Wales is no exception. Rose is finally coming out of the deep haze that has surrounded her since the unexpected deaths of her parents. She was heartbroken to learn that the imaginative, loving father she adored had invested all he could free up, including his daughters' dowries, into a fraudulent investment scheme. She is determined not to be such an impractical dreamer herself.When she discovers a small dragon hidden in the buttery, she is determined to take care of it. In her quest to discover where the dragon came from, she meets Cornelius Aubrey who is a noted scholar of dragon lore and, in a scheme that could have been better thought out, tells the near neighbor she is going to visit that she is engaged to him. The neighbor is a blackhearted villain, which immediately attracts her drama-loving cousin Serena, who is smuggling and mistreating dragons. He is also taking advantage of his orphaned niece's inheritance and keeping her in ignorance about all of it. As Rose develops a scheme to save the dragons and the niece, Mr. Aubrey is right there with her since he is finding her more fascinating even than his study of dragons. But Rose is so used to putting everyone else first that she can't believe that he is falling in love with her. Nor can she believe that her love for him would be good for him.This story was filled with wonderful characters. Her new family is filled with eccentrics from drama-loving Serena to cross-dressing Georgie to her gothic-novel writing ""aunt"" and her scholarly ""uncle."" The dragons are also well drawn characters with distinct personalities. I really enjoyed this romantic comedy and look forward to more."
Theresa Derwin,892,32,5,"July 12, 2023",,,"In this second of the Regency Dragons series, Rose Tregarth, sister of Elinor from book one, has been living as a ward with the Parry family.She's obviously depressed but excitement comes in the form of a little red dragon hidden in their buttery.She heads off a mile or so to their gloomy gothic neighbour, Sir Gareth, to ask for help locating the dragon's owner.Except on her way she literally runs into Mr Aubrey's carriage.He is the country's most renowned dragon expert and Rose throws herself in his carriage.Through a series of hiccups Sir Gareth believes the two to be betrothed, then so does the entire Parry family.It's mostly Rose's fault, though the handsome scholar does just go along with it.Gosh, there are lots of small twists and turns along the way, a little like a Regency version of Blithe Spirits but with dragons if you want a feel by the comedy of errors vibe here.The closer Rose gets to Aubrey and to the ever growing number of baby dragons they find, the funnier it gets.It's adorable.I loved that Amina is a BIPOC woman with her own agency and Georgie as her counterpart is a terrific character.Uncle Parry and Aubrey's grandpa are great fun too.As for Sir Gareth and his man of business, I second guessed myself a few times about him.There's a gloriously gothic setting, magic, romance, danger, secrets, simmering respectable heat and laughter.I can't wait for the next book."
"Sophie ""Beware Of The Reader""",1400,379,5,"March 23, 2024",audiobook；cute-and-smart；favorite-series,2,"Audiobook review4,5 starsI have a really great time listening to that Regency Fantasy Romance with miniature dragons!This is charming, never boring and filled with great characters from the ghoulish villain to the charming and caring heroine going through the absent-minded scholar who hides a golden heart and a core of steal!This is an interconnected standalone series and this time we will follow the second sister, Rose, who has been welcomed in her uncle’s family.She will soon realize that Gogodd Abbey is filled with love, whimsy and acceptance but if she wants to avoid her dear relatives to have their home falling down on their heads, she’d better come up with a plan.Soon her plan will get derailed when miniature dragons keep appearing at her place, visibly abused and in need of a rescue. She will enroll dragon scholar Mr Aubrey to protect the poor creatures and thwart the evil villain’s scheme, faking their betrothal to preserve appearances.Rose excels at managing people and if Mr Aubrey never asked to play the fiancée nor to be distracted from his studies, he’ll surprisingly will go along: “""It's okay, I don't mind if she manages me, she's very good at it."" I adored Rose and her big heart, wanting to protect the poor little dragons. It swoon worthy, adorable and charming. I can’t wait for the next instalment!And if you love audiobooks go for it!"
Karen,319,10,5,"January 6, 2024",,,"I enjoyed the first book in this series, Scales and Sensibility, but I liked Claws and Contrivances even more! After the death of their parents, Rose Tregarth and her sisters were each sent to live with a different distant relative. Rose is living in a somewhat ramshackle household in Wales with her eccentric, but loving cousins when a young, but esteemed Dragon Scholar is invited to visit. Rose's protective instincts are aroused when she finds a small and clearly mistreated dragon in the buttery. She’s determined to get to the bottom of the situation which somehow necessitates a fake betrothal to the young, handsome scholar, midnight rendezvous, visits to the villainous and rather gothic neighboring manor, and much drinking of tea.I adored the entire family in this book from honorable, distracted Uncle Parry to mischievous , trouser wearing cousin Georgie and shy Beth and I was happy to see how much they loved Rose. The romance with Aubrey is very sweet and believable. This was a gem of a regency fantasy in which all the loose ends gets perfectly tied up and everyone gets their Happy Ever After. I loved it! There’s also a sweet optional epilogue available with the author’s newsletter sign-up."
Alicia,3245,34,4,"July 30, 2023",,,"This is the second book in Burgis' Regency Dragons series, another cute fantasy romance. The younger sister of the protagonist of the previous book is the main character here, living with an adorable madcap family of cousins, when suddenly all these little dragons start popping up! Not to mention a handsome young scholar coming to visit the family (he was in the previous book as well). I did like the romance here, but was annoyed that they never managed to have the conversations they needed to have (my pet peeve in romances). Still, the dragons and various cousins and their adventures kept my interest going and I ended up liking this a lot. A-."
Belinda Kroll,,81,4,"August 1, 2023",fantasy；gaslamp-fantasy；neurodiverse,,"A delightful, cozy, charming, two-evening comedy-of-manners read where we get to see what Mr Aubrey was so desperate to discover when the events of Scales & Sensibility waylaid him. You don't need to read the first book, but I did think thid book more entertaining knowing what Aubrey knew, and Rose didn't know, and waiting to see how it would all come out. I really enjoyed the dragons in this book, they somehow reminded me of my dearly departed dogs. If this had been a Heyer story, it might have been about illegal dog handling instead of dragons, which really lent credibility to the story. I love this type of low fantasy story, and it's a cute way to jump into fantasy if you're typically a Regency historical fan."
Amena,,35,5,"February 27, 2024",comfort-reads；dragons；regency,,"I both read and listened to this book, and I had SO MUCH FUN! The hilarious situations Rose found herself in, her adorable family, and the witty banter made me laugh so much -- and the depictions of grief, the compassion for the dragons, the gentle support of Mr. Aubrey, and the dose of heavy practicality about what it meant to be a woman in that period almost made me cry. I was so angry at Sir Gareth's threats, and so relieved by the ending. This book really brought all the emotion, and I enjoyed it all the more as I listened to Emma Newman's spectacular performance. This is definitely a book to revisit, and I hope the author writes another installment in this series soon!Note: I also really loved that, for once, I got to see a name similar to my own in fiction."
Patrick Samphire,,173,5,"May 1, 2023",self-published,1,"I was lucky enough to read an early copy of this fantasy romance. Like the first book in the series, Scales and Sensibility, it's full of vivid characters and an ever-complicating plot that all comes together in the climax. Once again we have dragons, magic, and the complications of Regency society.I think, if anything, Claws and Contrivances is better than Scales and Sensibility. It could also be read as a standalone, as almost all of the characters are new, but you will get some spoilers for Scales if you do. I'll post a more comprehensive review when the book is published."
Roo,490,,5,"September 9, 2023",,,"I've just swallowed book one, Scales and Sensibility and this book without pausing, wonderful! But now I need to wait for book three. Though I don't think it'll be long.Stephanie is a new author to me and I'm delighted to see she has more books under her belt, I'm now off to investigate and fill my time till the third book is released.If you love historical madcap heroine, friendly transportable dragons, lovely gentlemen and some proper nasty baddies these books are for you. What are you waiting for?"
Sarah Swarbrick,332,6,5,"July 5, 2023",,,"I was lucky enough to read this through Stephanie's Patreon (go and join - it is so worth it). This book felt like a hug. Crumbling old houses that are just a little creepy, an absentminded love interest, dragons and a heroine who is determined to do everything to save everyone around her. And did I mention the dragons. Devoured in a couple of sittings, best read with a cup of tea in the daintiest of cups, something to nibble on and a fury hot water bottle on your feet."
Sarah A,2068,18,5,"July 12, 2023",,,"This is the second book in the series. I devoured them both in 2 days! A delightful historical romance with the addition of dragons. I love the idea of dragons being discovered in part of the world and spreading across it, challenging fairy tales and scientific scholars to face reality. Love Rose, she is very very close to my heart.Cannot wait to read more in this series!"
BRT,1591,,3,"July 14, 2023",nook；series,,"At first, this second in the series felt quite a bit less substantial than the first. It has a bit more “Perils of Pauline” vibe than I got from the first. It even felt light enough for early grade readers. Once the action and intrigue got going, however, there was a bit more depth to this story of an impoverished young woman and her new family of humans and dragons. There are hints of sexual situations that might be confusing for younger readers."
Erin S,404,10,5,"August 1, 2023",,,"This fantasy romance was much stronger than the first volume, Scales and Sensibility. The cast of characters was more diverse and much more well-rounded. And where the love interest in the last volume had no personality to speak of, this one was lovely. The dynamic between the couple was cute and compelling. Couldn't put it down (stayed up waaaaay too late to finish reading). Heat level low (a couple of sensual kisses, not graphically described)."
Sarah V A Kuklewicz (FKK22756),12,,5,"December 11, 2023",,,"I read Scales and Sensibility first, and would recommend that reading order just to avoid potential (minor) spoilers.This book made me happy and relaxed. It was consistently pleasant and engaging to read, with most of the cast being *lovely*, which was just the escape I needed.Honestly, if Regency-romance-with-dragons sounds *at all* like your thing, try these books!"
Kristen Post,400,5,5,"March 16, 2024",austen-and-adaptations,,"Even better than the first book in the series, this one is full of humor, delightful characters, romance, and mini dragons. It's cute and sweet, and the ending is just perfect. I truly hope the author writes a sequel that follows up with Rose's Grand Plan and shows how love and life have turned out for both Rose and Eleanor. I also look forward to a book that follows Harry, though I'm far more interested in a continuation of Rose's storyline."
Noneof Yrbznss,1,,5,"October 22, 2023",,,"I have always rolled my eyes at the Gothic stories beloved by the younger Bennet sisters in Pride and Prejudice, but this book does a wonderful job at paying homage to those tales while still giving reality and depth to the tale, the heroine, and her love. And there are dragons!Beautiful -- and you should read it right away."
Laura Mauro,1658,15,4,"March 31, 2024",,,"So this was such a fun read with def more magic then book one! This book did not really follow a storyline like the previous one but it was such a fun time and i guess it was more fake engagment with a dragon twist!! I really loved the characters and the settin and the subtle magic, i just wished we had both characters pov!!"
Janet Anderson,61,,4,"July 17, 2023",,,"This fantasy romance is sweet and cozy, like a literary cup of hot chocolate. The story of dragons rescued and true love found may be a touch predictable, but it was just what I was looking for to cheer me up."
Dakota,79,2,5,"July 29, 2023",,,"Burgis has made mischievous house cats into dragons! I love Claws and Contrivances for the romance, family, dragons, and fun that Burgis' has with her characters and stories! Can't wait for the next one!"
witchivor,109,,5,"November 2, 2023",,,"This book is delightful. It’s like a hot cup of tea and a warm sweater. I liked Rose and Aubrey, probably more than the couple in the Scales and Sensibility, and loved that there were more dragons in this one. I’m looking forward to the third book and to trying some of the authors' other books."
Cathy,5,,5,"December 18, 2023",,,I was surprised by the depth of real emotion - especially grief and anxiety but wrapped in the fantasy if dragons and delightful renecy romance. Read this book as soon as you can!
Solomon Foster,61,7,5,"July 3, 2023",,,Pure delight! (Longer review coming later if I get the chance.)
Emma Rose,1145,71,4,"July 11, 2023",historical-fantasy,,I enjoyed this! It’s very much a Stephanie Burgis book - fast-paced shenanigans but also a lovely romance. Audrey and Rose are adorable together! I love the cover too.
Crys,315,,5,"July 14, 2023",,,Such a fun story. Loved meeting Rose and seeing Mr. Aubrey's story continue.
Lynnet,108,,4,"August 14, 2023",,,So much fun!
Cathie,1094,,3,"August 17, 2023",,,This is number two in a really cute trilogy! Think Jane Austen with pet (cat sized) dragons. I'm looking forward to the next volume!
Louisa,7613,81,5,"September 26, 2023",,,"Man, this was another great story, I loved following another sister, and I can't wait for more!"
Laura Bang,648,19,5,"October 1, 2023",britishisms；fantasy；fiction,,(4.5 stars)Such a delight!
Kirsty,14,,5,"October 8, 2023",,,"Lovely story, greatly enjoyed the side characters. I thought the last one was great, this one is somehow even better!"
Kimber Li,,14,4,"November 1, 2023",,,Great fun! Pop over to my blog for the full review-
Mary,84,1,5,"November 28, 2023",fantasy,,A fun continuation of this series. I even liked the Welsh names of the dragons.
Rhonda,62,,5,"December 28, 2023",,,"Exceedingly silly but totally delightful! I don't want to write fifteen more words, thank you very much. Quite a fun romp."
Cecile Llewelyn-Bowen,12,4,5,"January 4, 2024",,,"LOVED this book. All the cousins, dragons and general chaos, plus the cutest romance ever ❤️"
Sara Garcia Lopez,9,,5,"February 2, 2024",,,I've loved the series so far. Both of them left me smiling. ^^ They are intriguing and the characters are all interesting and lovable.
Barbara,15,,5,"February 7, 2024",,,I thoroughly enjoyed this book. I so hope she writes many more with these little dragons-- so many possibilities to explore!
Woolgathering ,9,,4,"March 3, 2024",,,"A cute, fun read."
Courtney K,1707,24,3,"March 22, 2024",,,I liked the characters and storyline of this installment more than the first. It flowed really well.
Marjorie,102,3,4,"July 31, 2023",,,Very entertaining Regency romance (with smol dragons!!)
Rosemary,,71,4,"August 25, 2023",,1,"Fabulous fun with dragons! Our heroine finds herself entangled with runaway dragons (adorable, small, magical dragons), a handsome dragon scholar, and a nasty villain of a neighbor. As any right-thinking Regency heroine will do, she stages a fake engagement to deflect the villain and save the dragons. If you think this is NOT going to end with an HEA, you haven't been reading this genre long. Enjoy!"
Laurel,358,,4,"September 18, 2023",,,"After being totally charmed by Scales and Sensibility (Regency Dragons, #1), I was so very happy to see that Claws and Contrivances, the second in the Regency Dragons series, Claws and Contrivances was out. Claws and Contrivances is an utter delight, it has so many wonderful tropes that I enjoyed. A wonderful heroine, a bookish and somewhat distracted hero, a fake betrothal, dragons, a romance, more dragons, a sinister villain and a magical ending with found family and true character growth.I was so pleased to see that Mr. Aubrey, the distractedly academic from Scales and Sensibility returned as our hero: he might be oblivious to the usual social graces and forever have his nose is buried in a book, but when he needs must he delivered and with a remarkable kindness and determination. This story brings with it a whole new cast of characters to meet and fall in love with (or utterly detest,) with some that link directly back to Scales and Sensibility. Unlike Elinor’s sad state of affairs in Scales and Sensibility, her sister Rose is ensconced among distant family who are actually likeable and have come to care for her as one of their own. You will, over the course of the book, grow to love each of the new family members. Thankfully, each get their moment in the sun, working their way into the story and your heart, so you'll be sad to leave them behind as the story comes to an end.This was a very cozy and entertaining story and one I very much recommend."
Jessie Leigh,1844,909,3,"March 19, 2024",2023-reads；austentacious；dragons-not-lizards,,"This is an engaging series, mixing two of my favorite things: historical romance and dragons. This one ran a little long and dragged on a bit too much. That said, I am still game for a third round in this series."
