Reviewer,Review Count,Followers,Rating,Date,Tags,Likes,Content
niki_reads_romance,855,7,5,"January 19, 2023",,1,"Oh, I LOVED this story! It was interesting, sexy, and fast paced, and I really had a hard time setting it aside just to go eat dinner. Marco and Crystal were so adorable together, coming together slowly and patiently, and then someone lit a match and they were absolutely on fire. *fanning myself**The Venificus played a role in this story, obviously, but it was not as large a role as in other books. That was a bit surprising, based on what the forest was hiding, but I also appreciated the smaller scale battle. Overall, an excellent story, and I’m excited for the next one!"
Elizabeth,361,35,5,"January 20, 2023",00-reviewed,1,Dryad plus vampire equalsA good fun read. Have enjoyed seeing Leonora's descendants find each other and their mates. Two more stories to come then I'm sure more evil will need to be fought. FYI I did skip alot of the sexy bits since I was focused on the story and characters. cross-posted kobo goodreads bookbub
Marisa,961,116,4,"January 21, 2023",2023；challenges-month；half-star,1,★★★★☆
Michelle the Romance Witch,2370,75,5,"July 3, 2023",ebook-only-series,1,Wow one of my favorite of the subseries in ages. Miss reading the vampires from the very original beginnings of the overall series. Can't wait for more of these dyads
Anna-Marie Buchner,711,5,5,"January 23, 2023",,,"WOW I absolutely loved this readOMG I absolutely loved this read. Marcos and Crystal just fit, I mean really fit. I loved that she was coming into her own and Marcos was so supportive. In his heart and soul he was handed a precious gift in Crystal. I'm really curious though what Crystal ended up being. Annnnnnnnnnnddddddddd OMG talk about heart stopping, when Marcos and Crystal completed their bond when he took her blood and woke up with the sun on his hand. This strong powerful Master Vampire got so emotional it made me tear up. I loved their story. I so can't wait for the next installment ""Wildwood in Winter"" and oh yeah don't forget to get your bonus reads for Night of the Nymph."
Judy Barmore,619,1,4,"February 9, 2023",,,"Crystal doesn’t know why but she has to stop and get out of her car near this forest. Then she hears the trees they are hurting she has to help them. Marco knows someone is on his property so he hunts them down but what he sees shocks him. A young woman is doing something in his forest. She is putting magic into the ground but she has given to much of herself, now she’s passed out. Marco takes her back to the mansion so she can recover. That is when things start to change he knows what she is even more then she knows about herself. But there is a lot of trouble for them to take care of. So enjoy another great read and see how it works out!!"
Jacquelyn Ward,104,4,5,"April 5, 2023",,,Yet another solid and entertaining book in this series. I love how so many of the series by this author are interconnected. I love seeing characters from past books pop up in subsequent books. The characters are fantastic and just jump off the pages. The story line is entertaining and keeps you hooked from page 1. There is no slow building boring beginning to this book like some others I have read. There is no boring or slow part in the book at all. I can't wait to read more of her books and meet more of these fun magical characters as the story continues on.
Lindsay Yeatman,30,,5,"January 17, 2023",,,I love the various series starting with Grizzly Cove and spreading out in all connected directions. I can't wait for the next book and I can recommend all of her books by this author.
Rita,3993,28,3,"January 20, 2023",,,"Likeable characters and a decent story. Good addition to the series. The cover got Crystal all wrong though. She has brown hair and she never once wears a lacy skimpy outfit like that. She’s actually on the modest side, as characters go."
Debrac2014,2082,18,4,"January 18, 2023",bought,,I enjoyed it! I liked Marco in the previous dryad stories and hoped he'd find his One in this book! Good ending!
D A,385,,4,"January 19, 2023",a-misc-author-a-f；f-ebook-nook；t-paranormal-fantasy,,3.5*s rounded up
Bill Alderfer,2,2,5,"January 20, 2023",,,Excellent read with the promise of more to come. Marco and Crystal are a true dynamic couple. Waiting for the next installment.
Jenny,229,,5,"January 20, 2023",,,Wonderful story. I love this series. Can’t wait to the next one
Tina Bernath,13,,5,"January 22, 2023",,,Great addition to series! Loved the characters and the location! Looking forward to see if the Spark between Brant and Mena goes anywhere... lol
Denise,1271,8,5,"January 29, 2023",,,"I love this series. It's exciting, has some pretty tense moments, also some pretty hot ones. This story brings you a tad closer to understanding the big picture."
Michele bookloverforever,8136,39,3,"February 12, 2023",ebooks；erotic-romance；paranormal,,Good story.
jackie h. mcallister,100,,5,"March 9, 2023",,,I loved this book and am looking forward to the next.I have been a fan of this artist for a long time. I keep up with all her series and thoroughly enjoy them.
Laurie Roper,3,,5,"June 5, 2023",,,"Her world's just get better and .better. There are conections, but each story can be read by themselves. Give it a try you will not be disappointed."
CeeDragon,456,2,4,"July 7, 2023",own,,"Don't usually like vampire books, this was ok."
Cindy,116,1,5,"February 18, 2024",,,"Crystal is traveling to a job interview when the trees on the estate she is passing by cry out in their pain. She has a minimal awareness of her abilities with living trees and plants, but slso a keen awareness of the soil and natural elements, such as metals. The estate is slowly being cleansed by Marco, a bloodletter, and his werewolf allies, but the trees tell of a hidden artifact that needs to be found and protected from those who would use it for evil. The story is better if you have read earlier books in the series but I think it stands on its own merits as well. HIGHLY recommend this series... yes, I did mean to shout that!"
