Reviewer,Review Count,Followers,Rating,Date,Tags,Likes,Content
♡ wickedwren,106,36,,"April 24, 2023",anticipated-releases；fantasy,12,"i'm so excited for this book! promoted as the witcher meets nk jemisin???i know it's listed as fantasy but rachel howzell hall usually writes thrillers, so i'm really excited to see what kind of edge-of-the-seat energy this genre mash-up brings!"
Abigail,20,,2,"December 3, 2023",,5,Hmmm... is this ever coming out? My pre-order has given me updates with the date being pushed further and further back. Four times now.
Catrina,270,17,,"April 24, 2024",preordered-or-priority,1,"July 23, 2024"
Bailey,205,1,,"January 25, 2024",,1,The Witcher meets NK Jemisin?! Two of my favorites!
