Reviewer,Review Count,Followers,Rating,Date,Tags,Likes,Content
Shelba,2405,67,2,"July 23, 2023",2023；mm,8,"This was Fine TM. It’s certainly no Tournament of Losers, and 8 years later, it was an anticlimactic sequel.Though I had recently re-read Tournament of Losers, I couldn’t recall Warf. He doesn’t really have Main Character Energy. And even after being the MC, I still don’t think he does.There’s too much focus on Ward’s kids and the journey and so little time on him and Marian. The romance, imo, is pretty weak. I also think it was interesting that Derr made this book explicit (all one scene of it), where Tournament of Losers was FTB. I know Derr does both, but I would think sticking to the same in one series would make more sense. Though I suppose something needed to be done to make this interesting, and having a big dick and a size queen was it, I guess.And, as usual with Derr, this needed a bit more editing. Nothing too bad, but the most noticeable for me was Ward’s wife having died 2 years ago, though later it says Rosi, the youngest child, was “a little more than a year old, not even two months old when her mother had died.”It’s not bad, but Derr can and has done better."
Achim,1197,77,3,"July 23, 2023",1-fantasy,7,is one of my favorite books by Megan Derr although I have to admit that I don't remember alot of details after reading it 8 years ago. Would it have been a different reading experience if there would have been less time between both parts? Not necessarily.I'm a fan of her writing style and she's one of the few go-to authors if nothing else is working for me anymore. It's that style that saved me from having to go for a lesser star rating because the story itself didn't do it for me. The first part with Marian and Warf starting their relationship was awkwardly nice and ended right in time before becoming bland. The decision Marian made at that time seemed to be constructed only to get a scenery change from their domestic bliss and a bit of adventure into the story. Also that the king and the queen didn't believe Warf seemed to be implemented to keep the rescue team as small as possible. The team got bigger on the way although I didn't understand the need to add Allianz and her kids and I'm not such a big fan of implementing a madwoman especially if she gets not much on-page time and her defeat is completely anti-climatic. Usually Derr's stories are thought-through and show a natural flow but in that regard  was a near disappointment.
Renée,1089,367,3,"July 21, 2023",2023；mm-romance；moderate-steam,7,Too much time apart - 3.5 stars
Kathleen,1410,131,3,"April 25, 2024",fantasy,4,"While I absolutely adored the first book of this series, , this one fell short with its utter predictability, formulaic/perfect characters, lack of edginess, and an embarrassing absence of close editing. I was disappointed to say the least."
☾⋆⁺ Nurse After Dark,740,11,4,"December 7, 2023",genre-mm-fan-uf；l-novella；t-quest,2,"While I wish I had read  more recently, if only to remember better who Warf was, I still enjoyed this fluffy return to the universe! I love a good quest, and Warf takes on quite the adventure when he sets out to rescue his tournament prize. While trouble does befall the quest, you know we're all coming out of it with a happy ending. With a sprinkling of spice throughout to give it that Megan Derr kick, I could see re-reading this in the future!"
Terri Jones,2390,44,3,"August 9, 2023",,2,"Overall, I enjoyed this story; I liked the characters, although the kids were fairly incidental, the plot is good, though parts of it were glossed over -- always a danger with shorter stories, and the animals got fed. I really hate it when fantasy writers treat the work animals like tools rather than living creatures, so this is a plus for me. The issues are: the end is good if anticlimactic (I suspect this one suffers from middle book syndrome), and it really needed a thorough line-edit, for repetitions and typos primarily. They're always there, it's why writers need good editors! I'll definitely read the next one. I hope it's a stronger story."
Natalie ,2860,30,3,"July 25, 2023",,2,"July 2023Kindle editionCompared to the first book, this one was kind of just there. It was pretty much summed up at the end. It felt like he's done two tournaments. Given the only flashes of trial was the three question, saving Marion felt like he had to prove himself, which was annoying given the nobles have done nothing at this point except for play secretive, play dirty or get relegated to damsel."
Kassu,441,8,4,"February 10, 2024",fantasy；m-m-romance；pov-1,1,"4⭐This is a lovely continuation to  featuring another winner, Warf, as the lead and the main characters from first novel as supporting characters. It's the same world and the same beating the odds feeling, but it's not even close as strong and whole story as ToL was. The passing of time is a bit wonky to follow, the romance doesn't get a lot of time to blossom, and the editing issues were rather notable. But as it mostly has the same spirit as the predecessor and many nice characters and moments, I still enjoyed it very much."
Rozarka,354,15,3,"July 30, 2023",romance,1,"It's not a bad romance book, it just didn't work for me personally as much as I hoped it would. The love interest is missing for most of the book; I knew that beforehand so I'm not complaining, but it made it hard for me to care about him. He is also such a cinnamon roll, too good to be true (or interesting)... I cared more about Kaltin tbh (and laughed when there was an only-one-bed sceen, just not with the right characters; too bad it wasn't acknowledged in any way, even though I understand why). There were also many typos, it was quite distracting. One time the main character's name was mangled to Wrath, lol."
Kristin,87,2,5,"July 19, 2023",,1,"‘Tournament of Losers’ has been a comfort re-read for me multiple times, so when I found out there was another book coming I was ecstatic! Megan Derr never disappoints and ‘Quest of Fools’ was no exception. Warf and Marian are absolutely adorable and I loved seeing Rath and Tress again! I’ll definitely be re-reading their story as often as I do the first 💜"
Emilye,1042,2,5,"October 8, 2023",,,"CharletLegacy2Tournament of Losers was my first Megan Derr pre-order purchase. I’ve reread it several times, so seeing the story had continued was a delight. Warloff was the first to congratulate Rath on making it through the elimination rounds, and their friendship is deep and true. They could and did root for each other, and their common background serves as a touchstone in their new realities. Does being poor automatically make one a good assessor of people? If one has longevity, probably. The gift of these stories is that Rath and Warf each know and practice kindness. Not for manipulation, but because it’s something they can offer that is personal; that communicates “I see you” when they’ve been so often dismissed as less-than. They are used to foraging and provisioning for others, carrying a sense of family that can extend to anyone, include anyone. It’s a gratitude that permeates and infuses. Marian Lord Willow was glad to be a Tournament Prize. And he looked at the potential champions, seeking where he might fit. Warf caught his eye, not because of his size, but because of his joy in his children and their joy in Warf. That was the sort of family Marian wanted. And he prepared for the possibility of them in his life. It was his preparation that endeared him to Warf, and gave umpf to Warf’s efforts to find Marian. Though illiterate, Warf is not ignorant. He often discounts his abilities, but his self awareness enables and emboldens him to see beneath the surface. That insight makes Warf pursue to rescue, and exercise compassion along the way. Satisfying read."
Deeze,1625,288,4,"July 21, 2023",do-not-forget；more-story-than-sex；would-read-again,,"A thoroughly enjoyable tale.I adored Warf and Marian was a sweetheart, but I would of liked a little more of the children. The adventure was entertaining. Although I did find myself questioning the time it took. My niggle is only that there was not more. I wanted to see Lady Clarkson's trial. I wanted to see the King and Queen eat humble pie. I wanted just a few more chapters lol.Overall a great continuation of the Tournament of Losers."
Kevin,2351,34,5,"September 9, 2023",,,"Book two of a medieval fantasy romance in a bisexual world.This time another of the tournament champions has to rescue his intended spouse, a male earl who's been kidnapped by a jealous former lover.Along the way, he rescues a few more people and makes lots of friends.I could have happily read more of his getting used to his new position.Typos: a few careless ones, including ""without him, we would have succeeded as well as we did."" That should be WOULD NOT have succeeded."
James,2,,5,"August 27, 2023",,,"Continuing the tale started in Tournament of Fools, Quest of Fools focuses on one of the other “winners,” Rath’s friend Warf. I thoroughly enjoyed the story which had appearances from earlier characters, but told a new story about another person with a heart of gold."
Shawna (endemictoearth),2057,31,3,"July 22, 2023",2023；lgbtqia；non-regency-historical,,"3.25 stars - This was a nice time, but I enjoyed book 1 more. This was more of a found family book than a romance, explicit scene aside, but that aspect was lovely.I'm intrigued by the description of book 3 and remember Toph more vividly, so looking forward to that one."
Barbara,1778,11,5,"July 26, 2023",,,This was the perfect story to follow Tournament of Losers. I enjoyed it so much--thought the story was great and Warf and Marian and all the friends they made on the quest. I was surprised at how hateful the King and Queen were though. Will be rereading both books frequently. Recommend reading.
Erica,1613,35,4,"August 3, 2023",,,"Not as good as , but then, most books aren't. The MCs are sweet, but the story feels a little meandering, and a lot of the plot feels like filler. I liked it more than I didn't, but I've read better from this author."
Victoria,1708,2,5,"August 7, 2023",,,"Great continuation of this grand tale with Warf at the center this time around. When his new special someone gets taken by a stalkery ex, Warf is off to the rescue and he finds some new friends along the way."
iam,1028,145,2,"September 3, 2023",bisexual；gays-with-dragons；lgbtqia,,"I adore , but this just didnt have the same charm."
♥J ♥ ,812,,3,"September 26, 2023",,,"I'm confused. I enjoyed this despite it not being very well written, needs a good edit, and is overly cheesy at times. I was somehow still charmed by the characters. It is nowhere near as good as the first, which is a favourite of mine."
Sarah Meerkat,377,27,2,"October 10, 2023",,,Tournament of Losers is one of my favorite comfort reads and I've been waiting 8 years for a sequel and this book is utterly pointless. 45% domestic life and 55% separation due to plot reasons that are bad. Not worth the trouble. Probably won't bother with the next book. What a shame
Cindaren,281,5,4,"November 27, 2023",,,"I really like the world Megan created in these two books. Great stories and characters.Proofreading was great for the first half but devolved into the typical spelling errors and wrong/missing words. As usual, it doesn't detract from the overall experience."
Suzanne,272,,,"July 21, 2023",,,"4 starsShould be 3, but Rath and Tress make appearances so plus 1. Warf is nice? Marian is not much in the book but dedicated to the Tournament."
Sumire,369,,2,"July 26, 2023",alright-read；dad-with-kids；series,,I love the 1st book.
Lenka,543,25,5,"September 14, 2023",,,"4,5 starsI really enjoyed the book"
Nix Buttons,1926,39,4,"September 21, 2023",01-1_english；01-2_books；01-4_series,1,"Poor Warf, having to go on a rather lonely quest to save his future spouse, snatched away just a few days after the months-long and exhausting tournament was finally over."
Nguyễn Thành,267,,3,"November 7, 2023",unfinished-series,,"the world building was fantastic, but i just had a really hard time immersing myself into the storyi still enjoyed it, but it definitely could use a bit more polishing"
~TheBlasian~,130,24,3,"February 25, 2024",books-i-own；mm；social-class,,Pretty uneventful story. Nowhere in the realm of activity as the first book.Warf and Marian meet.Warf and Marian get to know each other a little and decide they will build a nice marriage.Marian gets kidnapped.Warf goes to rescue him.The journey is long and tiresome.Warf and Marian reunite.Warf and Marian return home.The End.No real drama or climactic moments. Just a pleasant story about two nice people dealing with a bothersome incident.
