Reviewer,Review Count,Followers,Rating,Date,Tags,Likes,Content
Daye Allen,17,,4,"January 23, 2023",,1,"Lost. Bruised. Friendship. Mate? These five best friends have known each other their whole lives. Every experience they shared with one another. First kiss. R-rated games. They did everything together. But on the night of Sina’s 18th birthday she disappeared, leaving the four boys cold and distant. Now four years later, Sina returns and those boys are now men and they games they play are much more intense. They won’t let her out of their sight, they lost her once and they won’t do it again. But they are keeping secrets from her. But so is she.This story was way intense and so steamy. The individual dynamics that each male has with our MC is so unique and very interesting to see. The mix of plot and sex was leveled. At times it did feel like to much but they plot was so intriguing and really hooked me in."
Reed Daylee,178,8,4,"July 6, 2023",,,"Dark, Twists & Whoa-Creative Toys! pls check triggersPOV: multipleHUMOR: a bitF BOMBS: yesCLIFFHANGER: noNEW AUTHOR FOR ME: noAUTHOR'S TRIGGER WARNING: ""This book contains: mask kink / masked sex, primal play, biting, spitting, slapping, choking, dub con, unusual toys, double penetration, unusual toys, mention of sexual abuse, mention of sexual assault, and more.""OTHER POSSIBLE TRIGGERS: MF, MFM, MFMM, MFMMM, fifth base, swords cross, breeding kink, rough sexy times with name-calling, lots of face slapping/backhanding, breath play, and use of duct tape (once). Also violence and gory details of battle and torture.CHARACTERS: Sina ""Pretty Bird"" (22, human) and her same-aged, wolf-shifter harem: Calder (overbearing alpha), Gaian (the nice guy), Darius (the nervous one), and Thayer (the psycho 1/2 demon).OVERALL: Interesting dark paranormal romance reverse harem with surprise twists and super creative lingerie/toysTYPES OF MONSTERS: angels, demons, vampires, witches, werewolves, faeries, (and more) - Oh my!PROS:1. Sina had a safe word that she could use at any time with her guys.2. Page-turner story that kept me interested and wanting more. Had surprise twists.3. Cute Bonus Epilogue (every book should have one).CONS:1. Surprisingly, didn't feel the chemistry between Sina and her men. 2. Calder & Thayer had unique personalities, but Gaian's and Darius' kind of overlapped with being ""nice.""3. Although I applaud the non-use of typical pet names (honey, darling, love...), I'm not sure I cared for ""Pretty Bird.""NOTEWORTHY: 1. All sexy times were consensual even though some had dubcon themes. 2. First time reading about unique lingerie/toys - 2 Thumbs up for author's creativity!3. Must sign up for newsletter to access Bonus Epilogue at the end of the eBook.I received an advanced copy of this book and, as always, am voluntarily leaving an honest review."
Kelly Kale,16,1,4,"July 23, 2023",,,"I was part of an ARC for this book, so I'm giving my review on this book. Another successful book in the City of Durnbone books. All the feelings with this one. I remember when she was writing this chapter by chapter and seeing it for sale is just awesome.Please check the TW page before you read this book. There are some traumas and abuse of the FMC, but not by the four masked wolves. They do some depraved things, but the abuse is not caused by them.Sina comes back home after years away only to find out her best friends are actually her mates. All four of them. They will do anything to make her happy, even act out her wildest fantasies. While this book is filled with super spicy adult content, there is a whole plot of deceit, disgusting abuse/SA by a parent figure, but also a HEA of the FMC after getting revenge. Be ready for some big twists and lots of entertainment. Also, I loved the cross overs between a few of the other Durnbone books. Follow Sina and her guys as they fight her demons and build a life together."
Amber,1004,7,4,"July 7, 2023",,,"This book brings us back to Durnbone so you get to see cameos of Maxine and Xorgor, although I don't think it is necessary to read their story before diving into this one. This book focuses on Sina and her four best friends who are wolves. This book picks up when Sina returns to Durnbone after being gone for four years. I liked Sina's character and the strength she develops throughout this book. I loved Thayer, Calder, Gaian, and Darius. They have been heartbroken for the past four years without Sina so their reunion is not all rainbows and sunshine, but it's definitely spicy! I enjoyed the relationship building and how each of them showed some vulnerability throughout the book. This book is action-packed and full of some really spicy scenes that have some darker elements. I would suggest checking out the trigger warnings in this book because it is full of potential triggers."
NikiReadsRomance,273,11,4,"July 12, 2023",actionpacked；arcs-or-recs；dark-romance,,"Lots of secrets and surprises in this book friends! Do you like extra spicy paranormal romance with werewolves, some suspense, and some twists and turns? Oh, and did I mention Sina gets all four of her men? As usual, I thoroughly enjoyed another book by Emilia Rose!Sina is finally able to re-unite with her four best friends Calder, Thayer, Darius, and Gaian after vanishing on her 18th birthday. The longer she is around them the more intense their connection becomes and the harder it is to hide from the secrets that she’s running from. There is so much to dissect here! From the relationships between Sina and each of the guys, as well as all of the things that Sina learns about herself while getting closer and closer with them. And, of course going back to Durnbone where there always seems to be so many things amiss! Anywho! I loved Sina and her guys! 🔥Quick Notes🔥Paranormal RomanceWerewolves (and others)SuspenseDefinitely a little dark, some sensitive topicsLots of smut here friends 😜😏😉Why chooseCan be read a standaloneMulti-POV🔥Ratings🔥💗💗💗💗🌶🌶🌶🌶🌶"
Rachel Stephens,1268,21,4,"July 6, 2023",,,"Wow!! This book had it all! Lots of spice, filled with secrets and lies, action and suspense. There were some major revelations. At one point I thought I knew what was gonna happen next, but i was proved wrong. It went a completely different direction.I wasn't a fan of Sina at first, however the more I read I began to better understand her and really liked her character. She is a survivor and quite resilient. She also grows quite a bit.Calder, Gaian, Darius, and Thayer were her wolves. They were each good for her in their own ways. I liked getting to see the banter and the growth between them. Throughout the story we learn what happened to the guys and Sina while she was away. Honestly, my heart went out to each of them.I loved it overall and I'm so happy with the ending!!"
Sara Toerner,52,,4,"July 17, 2023",,1,"More than any other book I’ve reviewed I feel the need to emphasize the importance of checking the content warnings before reading this book. Four Masked Wolves by Emilia Rose was quite the ride! Sina is taken from her home on her 18th birthday by her father, but after four years she’s back with her four best friends/mates after escaping her father’s house. This book maxes out the spice meter for sure, and I was worried that was all it would have. However, about halfway through once the plot begins to really take off you get more intrigue which makes it more of a spicy page turner. There is also some humor that really endeared me to Sina’s four wolves. Overall, I think this book is a must read for those who like a darker romance."
Amy Reierson,1037,15,5,"July 10, 2023",,,"Love wolves✔️Monsters✔️Strong Female Characters ✔️Plenty of Action✔️Not 1, not 2, not 3, but 4 Mates✔️Sounds perfect right! Welcome back to Durnbone. If this is your first visit don't worry if you didn't read Monster Lover. Four Masked Wolves can be read as a stand alone.This story is for anyone who loves a good vs. evil storyline with a bit of an antihero(s) as the good in the story. There is a little bit of mystery, plenty of mayhem, and well four mates....I do caution though there is trauma caused to the FMC and other situations that may be triggering. Please check warnings!I have voluntarily left this review."
Melanie,491,1,4,"July 9, 2023",,,"Loved Sina and her four mates Calder, Thayer,Darius and Gaian. The storyline follows Sina who leaves before her 18th birthday and returns four years later to her mates who then make sure she dosent disappear again. So much more happens in this book that you won't want ti miss reading.As with all Emelias book thier is lots of steamy scenes between Sina and her men that you can't help but read an re read again and again. The characters especially sina grows thorough out the book,and the relationships between them all seems to grow too. Another great read by Emelia Rose."
Olivia,218,,5,"July 11, 2023",,,"Even if you have read Emilia's books before this, read the triggers, because this has a slew of them. I went into this story thinking it would be a regular ""fated mate"" story, and I wanted to see Emilia's spin on a familiar romance subgenre. I wasn't expecting the direction the story would take, which I wholeheartedly love. I am happy that this does not deviate from the level of five-star detailed spicy scenes and the dark graphic violence that I have come to love in every one of her works that I've had the pleasure of reading."
Stephanie,1286,12,4,"July 25, 2023",,,"Dark, spicy and oh so good! Sina and her four mates have quite the story to tell. Taken by her father on her 18th birthday, things obviously did not go the way she thought they would that day. Four years later she returns and she’s not alone. A must read of you like sinfully dark and delicious tale."
Kathryn,5728,19,4,"July 27, 2023",,,"Sina has a life full of ups and downs, that don't stop once she is reunited with her childhood bestfriends. Her story has dark elements that could be triggering for some including SA. It is packed with action and danger but also has humor, heat, and emotion. This is a well written story that can be read as a complete standalone."
Nagma (Take A Look At My Bookshelf),1372,92,4,"October 1, 2023",,,"I really enjoyed this dark, paranormal, why choose romance!I loved the characters and how Sina had a unique relationship with each of her men. This book was super spicy and action-packed. I can’t wait to read the other books in the Monsters of Durnbone series!  Rating: 4/5 ⭐️⭐️⭐️⭐️"
SARAH MAGILL,4,,5,"August 21, 2023",,,Great book couldn't put it down all the twists I didn't see coming definitely worth the read all of emilias books are fantastic 5⭐⭐⭐⭐⭐ reading
Dhwani,216,1,2,"November 16, 2023",,,"Well, it is a Wattpad book. Delivered everything that a Wattpad book does. 14 year-old me would have deemed this a masterpiece. It's not, but I did come for the staple quality of a Wattpad novel.You're going to hell, Miss Rose, but I am adding more of your books to my library."
Rachel,108,1,5,"July 22, 2023",,,"Emilia has done it again! Sina and her four wolves are hotter than hot! Sina went missing the day before her 18th birthday and the boys knew she was their mate. Four years later she escapes her father's estate and returns to her hometown where Calder, Thayer, Darius and Gaian are waiting for her. Sina kept a diary of all her fantasies and the boys help her re-enact them. As they regrow their relationship, the boys learn about Sina's past and share their own stories from the last four years. So many ups and downs all while facing the evil that is her ""father."""
