Reviewer,Review Count,Followers,Rating,Date,Tags,Likes,Content
Achim,1197,77,4,"April 10, 2023",1-fantasy；5-family-kids,18,"So this is not one of Megan Derr's cozy fairytales or her quirky retellings. This time she's going again for a more grim fantasy and seeing her using German names you also have a pointer that it's more on the dark side of her writing. In parts it looks like her take on the Walking Dead but a fantasy version, so there are certainly not only zombies but necromancers, animated skeletons and the like. All other ingredients you would expect of such a story are there: a small, secluded village overthrown by the dead, a single dad on the run with his son who surpasses himself, a necromancer coming for help while being despised and feared, a close group of brave citizens and a proud, ignorant mayor.I liked that everything evolves naturally and that there's no story surprise coming out of the left field (except ). Of course it could be much darker but the foreboding is quite real as is the claustrophobic ambience when the core group gathers in the temple for their last fight. We only get the story from Olaf's view and because he's oblivious to other peoples view of him, we also easily miss Korbinian's signs and the whole romance part comes as a surprise but again, as soon as it's acknowledged the rest evolves naturally and it's nice to watch them growing together. Have to admit I also have a soft spot for the 2 boys and their symbiotic relationship. I only wonder why Derr decided to give one of them a girls name while still using the male pronoun. Nevertheless I would really love to meet them again several years in their future living their life as necromancer and paladin."
S.J. Himes,,1393,5,"March 24, 2023",,7,"Has to be the best book by Derr yet. Utterly fantastic, original, romantic, fantasy catnip goodness. Kept the tension the whole way through and blended horror and fantasy into a brilliant book. The romance aspect was chefs kiss perfection too."
Shelba,2405,67,1,"March 29, 2023",,5,"DNF @ 24%.I love Megan Derr. I’ve been reading her stuff for years, I’ve re-read many of them, own tons in paperback even. But this is Not Good TM. In fact, I think it’s the first time I’ve ever DNFd a book from Derr.There’s just the devastating amount of loss in the opening pages of this book. There’s screaming, yelling, sobbing… and it’s the most vapid thing I’ve ever read from Derr. Wipe out an entire town? Meh. Kill your BFF? Oh, well. Having your characters cry doesn’t actual make it emotional *shrug*.If I had to blind read this vs something she wrote 10 years ago, no way would I say this was the recent work. It’s soulless. I thought I’d at least wait until the necromancer made his appearance, but not even a necromancer can save this book. At least the cover is amazing."
MariaR,381,11,1,"March 29, 2023",adult；fantasy；mm,3,"If I’m being honest, I started reading this book, because the dude on the cover was hot. Yes, I can be shallow like that. The blurb was also promising. BUT it was really not good. Do you know how you play video games in a first-person perspective, when you can only see their arms and weapons they carry. This was very similar experience. We literally know nothing about the main character except for him being large and fit (which we learn on the 65% of the book). And there is nothing more about his looks. As for his personality he is also almost blank character. The first thing we know about him is that he is bisexual and has a son, and a wife who abandoned him after giving birth to their son. Later we learn that he is a rope maker. And that’s it. This is one of the most undeveloped character I’ve ever read. He thinks of himself as “unremarkable mass of muscle and fat” and I can’t disagree. So in overall you just sit there and observe their actions and dialogs without any understanding of the character and their motivations, things that formed them in one way or another and make them react to something.I won’t even address that Korbinian fell for him because he was the only person being kind to him. I also wanted to point out how bad Olaf was at the fatherhood. He loved his son so much and he was always concerned about him, until he found 1000 of reasons to leave his children in care of some FEMALE strangers. Like it’s something natural, that any woman will take care of his children (and probably will be better at it). The plot was about magical zombies and didn’t really mattered, because everything else was so bad that it overshadowed the story. The plot had huge holes in it and the ending was really anticlimactic. It was like “what happened? - i don’t know, it must have been a miracle”. Trigger warning: the story features not on page cannibalism, including a child doing it."
Natalie ,2860,30,3,"May 15, 2023",200-300-pages；3-star；i-own,2,"May 2023Kindle edition - Desktop versionKeeping this one simple so I don't accidentally butcher the names. I'm not a fan of the undead, zombies or any of that other stuff. Picked this one because of the author. Olaf took some getting used to. Pre-mission to seek Kor, he was offish and a little rude. To be expected after losing his friend. Upon meeting Kor, he seems to just melt. Just like Kor was gentle with him. Their relationship was straight forward and sweet. The secondary pairing would be the son and the newly adopted son. The mention of cannibalism was gross. Trying to picture the kid doing it was worse. Put they kept the bones so Olaf could have his new arm. Ick. I couldn't stand the mayor or any of the crowd deciding whether they were a mob or not. I liked the bond and how effortless it was for them. I'm glad the other Necromancers were nice enough. I am curious about the historian."
Khaï,55,1,4,"January 1, 2024",,2,"4 starsReally enjoyed this, except for two things.... both I wouldn't really consider a spoiler...............● Off-page cannibalism by a child 😬● The main character treats a (female) character as a free nanny."
Terri Jones,2390,44,2,"March 23, 2023",dnf,2,"DNF, 11% in. Had I realized this would be zombies, I'd have given it a pass. It's really well written. I wish I could deal with this kind of despair for long enough. But I just can't."
Zoey,286,1,3,"March 24, 2023",,1,"The world-building is great and the characters are enjoyable. There are a few minor misspellings and things like that, but there was really only one inconsistency that bothered me. SPOILER:One of the characters loses an arm and afterwards there is no adjustment period. He can seemingly without trouble or even second thought still unbuckle and buckle on sword belts, use said swords, pick up and carry unconscious persons, and more. Also I found unclear how much of his arm was lost; from the elbow? From the shoulder? Somewhere in between?Other than the arm issues, I liked the book!"
llv,2088,12,4,"April 9, 2023",,1,This was a wonderful tale. I really loved all the characters in the story. My only complaint is that since the story was told from Olaf's perspective there was quite a bit left out of the final battle. I would really have liked to have some scenes from the necromancer's perspective. Other than that it was a wonderful book. Highly recommended.
Robert Fontenot,1344,15,2,"April 7, 2024",gay-romance,1,"I was mostly enjoying this up till the point where the main character lost part or all of his arm. That itself would be fine but within 24 hours he’s carrying around children and having athletic sex. it’s a weird choice, particularly since the book spends a lot of time making sure the characters feel the horror and loss that goes along with having their town slaughtered. It took me so far out of the story that I had to stop there. I skimmed a bit further, but ultimately had no more interest."
Erica,1613,35,4,"June 8, 2023",,1,"I usually prefer Ms. Derr's short stories as they seem to pack more of a punch, but this was a fun adventure with interesting characters."
DeltaAlpha,12,,2,"August 3, 2023",,1,"Good ideas, good mechanics... but the buildup for the characters is completely wrong, the timing is wrong, the sheer scale of powers is incoherent, the psychological reactions are just silly if not inconsistent / illogical.Two stars, but it could be even less."
Chetana,510,25,4,"May 8, 2023",,1,4⭐️I have adored all of the Megan Derr books I have read so far and this one has not been an exception. This book had a great magic system and good characters. But I felt there was another book within this one what with all of the adventures Olaf's 2 wards got into. And who knows maybe Derr will actually write their story sometime in the future. Here's to hoping I find more books that catch my fancy like this one.
Joe,380,2,,"April 6, 2023",dnf,1,"DNF @ 52%I may come back to this at a certain point. The book isn't uninteresting, but it is so much exposition info dumping. You have a couple of conversations, huge info dump, rinse and repeat with maybe a small action scene in between.I get that this is setting up world building and explaining how everything works, but geez. The style used here is too much.My other complaint is that so far everything is only really being done out of a sense of duty. The characters have no real agency and it's like the story is just following beats rather than being organic."
 Meghan Loves M/M,211,28,4,"May 5, 2023",,1,"I was worried this would be derivative, repetitive or boring. No need to worry though. The story had new components, good tension, no auto-chemistry, interesting characters, good dialogue. Thank you!!"
ReviewerLarissa,680,33,3,"March 26, 2023",fantasy；lgbtq-stories,,"A classic Derr fantasy story with great characters and a good story. I loved Olaf and Korbinian and the take on necromancy and 'zombies' or the Ravenous Dead in this case, was very D&D. Stories with necromancers in them are some of my favorites. However, this story is not as good as Black Magic. The writing is very shallow. Repetitive and constant use of big emotions only (crying, wailing, shouting). I missed the subtleness that Derr stories often have. There is also a lack of details. For example, something major happens to one character, but it's not really described afterwards. Also, he adjusts to the situation way too fast. So overall, I liked the story and the gore and the romance, but I thought the story was rushed and missed some good editing. It's possibile that this is due to Bones of the Lich King being a patreon story."
Christina,5,,3,"April 19, 2023",,,"I love pretty much everything that comes from the fingertips of Megan Derr, however, this book had some consistency issues that sort of had me questioning throughout my read. This book also has a bit of a darker twist then usual.SPOILERS:There is a mention of a third adult that takes the kids to the town but after that he is never brought up again or given lines despite being one of the main character’s closest friends.The main character loses an arm but can still do absolutely everything that he did when he had two. There are talks about making him a new arm but that never seems to take place in the book. The kids are used as a weird plot device where they further the plot when needed but for the rest they are sleeping or running around. When they are actually in a scene it’s never quite explained how or why they know what to do or where their knowledge came from."
Teeny,1473,43,3,"April 20, 2024",,,"This was pretty good till we reached the fight with the Lich King.I mean we spent more than half the book with Olaf and Korbinian pretty much doing side quests and when it came time to fight the Main Boss, we time jumped to a ""all is well"" time. The fight was fade to black, since everything was from Olaf's POV and he was falling unconscious from Korbinian using their bond, and it was pretty anticlimactic.Then nothing was explained about the Court of Thorns, the ""wedding veil"", the sealed letter nor the diary that were found in the box in which the Lich King was trapped that were pretty exciting points in the story to be explored.So color me dejected. Megan Derr can and has done better."
E Varady,348,22,3,"March 23, 2023",,,"Enjoyable with nice world building. The main characters are likable, the plot, while nor overly complex, keeps moving, and ties up with a HEA. The book could use some editing and the beginning felt a but abrupt for me, and there were a lot of extreme reactions (screaming, yelling, pounding fists, etc.) but they make sense for the characters even if they threw me a bit off.If you like this author's work, want a zombie story set in a fantasy world, and/or want a story that keeps moving while not presenting a typical mystery and instead offers a good vs evil theme that's easy to enjoy, read on."
Tory,,40,3,"March 25, 2023",fantasy；magic；rommance,,"Ok, this was actually... Hardcore. Likes, seriously. Like fantasy zombie apocalypse. I thought Dere is all about sweet and nice romance!!! And I want to say I still recommend it because it is interesting and well written but... I skipped a part. Something... Maybe something not that bad, compared to other stuff but something happened that maybe turned into tht proverbial last drop and I just skipped to the happy ending. It wasn't ""heavy"" in atmosphere as much as the story, if that makes sense. It wasn't... Internal is perhaps a good word. But either can reach a critical point and that was one blow too many for me."
Nix Buttons,1925,39,4,"July 31, 2023",01-1_english；01-2_books；01-4_standalone,,"A (horror) fantasy story about a village overrun by the dead, with only five survivors fleeing to the nearest town after experiencing the most horrific trauma. They seek a necromancer for help and together fight for their survival. It is a lovely (gruesome) story by Derr, I really enjoyed it! I also have a weakness for misunderstood and lonely necromancers ;)The only criticism I have is that the climax was too easily overcome. I'm only slightly miffed though, because a lot of horrific events and sacrifices happen before that."
minnemoo,292,,2,"August 3, 2023",bachelor-team-challenge-round-10；can-t-keep-up-with-the-cast；cursed-or-enchanted,,"This had the bones of a good story (bones, get it? ha!) but the writing was so blah and the characters so melodramatic with the constant screaming, crying, yelling. I do get it, seeing friends and loved ones die can bring out extreme emotions for sure. Yet it felt so shallow and emotionless despite the constant reminders of all the tragedies the characters faced. Olaf and Korbinian could have been a cute couple (they certainly had cute moments), except there was no romantic buildup. Meh."
DaLynn Cooper,150,,5,"October 2, 2023",magic-spells-potions-etc；the-dead,,"The book has its issues, I almost laughed in the beginning when we went from 0 to 300% emotion. But the tension remains high so I can suspend some disbelief there.I liked the characters and it felt like a prequel/start of a series but that could just be me wanting more. I have images of Olaf and Korbinian tromping through an old overgrown temple, but I would take the little terrors on their adventures too."
Lisa,112,,4,"March 26, 2023",,,"I’m not usually one to read anything too dark or creepy. But, I love Megan Derr and so took a chance on this one and I’m glad that I did.it’s an excellent adventure with characters who are fully developed, I love the found family and different characters as well as the main ones."
Nathan,835,1,5,"March 30, 2023",,,"Fantasy and romance with a lot of good points. In a world full of death magic, you either police the magic, or you wind up getting overrun by the animated dead when someone unearths an ancient forgotten evil.Romance progresses as well as one can expect in a crisis, people connecting in spite of trauma, doesn’t feel forced and I was rooting for the two to figure out a path to one another."
Celestina,20,,5,"July 9, 2023",,,"As always, I find myself unable to put my kindle down when reading a book by this author. She is amazing.This books characters were awesome I loved the two main characters very much. Hope to read the two kids story and what happened to them all in a few years. Loved this book."
Spunkie,32,1,5,"January 20, 2024",,,"4.5 stars!I’ve enjoyed a lot of this author’s stories. I picked this one up simply because she wrote it. I didn’t realize this was primarily a horror tale, with romantic and fantasy elements. Horror is not my favorite genre at all, but I continued reading anyway… There are clever, unexpected twists to the plot, I feel it’s well-written, and in the end, I’m glad I read this tale."
Kevin,2351,34,5,"March 13, 2024",,,"MM paranormal romance adventure fighting the undead. A man and his son inherits his son's best friend when that boy's parent is killed. He goes to retrieve a necromancer to save the city, and they form a relationship.Typos: Character mix-up, homophone mix up, missing words, wrong word, wrong verb tense, sentence fragment."
Josephine,271,,2,"March 28, 2023",fantasy；m-m；magic,3,"Maybe I just wasn’t in the right mood, but I never got fully immersed in the story. Personally, I found the characters lacking in emotional range. The main character is always unflappable, the children are almost always hysterical; it made the entire book feel very one-note."
Chanelle,86,,,"May 21, 2023",,,I always loved necromancy stories and this one did not disappoint. I hope we get a book two the follow the story of Ulrike and Lukas! Great story by Megan Derr!
Soraya,278,,4,"October 25, 2023",fantasy；m-m,,"The story is full of action and danger. The characters are strong and interesting. The world building is not confusing, but quite complicated. It left me with questions that are more about ""what happens to these characters in the long-term"" than about the story itself."
Blanche Truelove,1,,5,"January 31, 2024",,,"What do you get when you toss a necromancer, a rope maker, a priest, a soldier, two mischievous kids, hoards of undead, and a lich king into a blender? (No not the start of a bad joke). What you get is a captivating story."
Wyndslash,51,1,4,"February 29, 2024",lgbt,,"Ms. Derr’s stories always read like fairytales to me. Thus, there is some detail or action that is lacking in this book also, but I still liked the overall story. I would like to read a follow-up story about Luk and Ulli."
Ilona,1034,33,5,"March 21, 2023",fantasy；m-m；paranormal-etc,,Another great story from a wonderful storyteller.I love how Megan Derr can make me forget to eat or sleep when I open one of her books. This one was no different.
Bookbeard,1057,,5,"April 29, 2023",ghosts；mm-fantasy；pages-200-400,,story line: ****main characters: *****side characters: ****world building: ***editing: ***** 4.5
M,651,31,4,"June 6, 2023",mm,,4.25*
Shanelle,209,1,5,"June 8, 2023",5；fantasy,,4.5
Victoria,1708,2,5,"August 5, 2023",,,It’s amazing that so many worlds live in this authors head. Another great story of magic and necromancy wound through with a sweet love story. Loved it.
Jackie,49,19,5,"August 11, 2023",,,"A great epic high fantasy novel. Great characters, interesting world, and nail biting suspense. Another great novel by Megan Derr."
~*maia*~,301,1,,"October 4, 2023",dnf,,dnf @ 30% a little too light-hearted for how serious/dark the plot is. i think it's just me as i love megan derr.
Grace,240,,5,"December 13, 2023",angst；fantasy,,4.5
MacaroonHeather,159,1,4,"February 20, 2024",,,"Mostly because I'm not fond of ""zombies"" survival kind of stories. I wish there was more romance, because the couple is cute and the kids are adorable."
Dawn L,23,,5,"December 22, 2023",,,"I pre-ordered this as a late birthday present from my favourite author and wasn't disappointed. I started reading as soon as I got it and almost couldn't stop. I loved it from beginning to end. I loved Olaf's and Korbinian's relationship as well as the boys. It was all around a well written and engaging story with characters I grew to love. It had me on edge more than once waiting to see what happened next and praying my favourite characters didn't die. It was an exhilarating read, one I'm definitely rereading again soon."
