Reviewer,Review Count,Followers,Rating,Date,Tags,Likes,Content
Syd Springer,3654,6,4,"February 8, 2023",arc,,"Tulak and Ray were great together. Ray saw something she shouldn’t have weeks ago but the only thing that she should not get her mind to stop thinking about was the beast of a man. Tulak is used to everyone being scared of him because of the way he looks but Ray sees the man beneth the skin and loves him just the way he is. There is some drama that brings Ray and Tulak together again, and after that Tulak knows that he can’t live without his mate. Lots of steam, love, drama, suspense, and a great HEA is offered in this book, I can’t wait to see what happens with Art. I really enjoyed this book and I can’t wait for more from Nikolai I received a free e-book copy of this book and am voluntarily leaving an honest review."
Lane,1162,,3,"March 20, 2023",,,"Tulak gave off stalker vibes, but his background pushes him to be apprehensive. There is nothing worse than your mate rejecting you the way everyone else in life has. So, he chooses to watch his mate from a distance determined to let that be enough. Broke. My. Heart. I liked Ray and how she refused to let Tulak remain in the shadows. Despite everything else happening in her life, she grabbed hold of the one she felt was her safety...Tulak. Like all the other stories, this is written from dual povs. The mate connection is instant but simmers over time. The story is given closure from both povs. There were a few things that left me with questions after reading this story, but I think reading Art's story will help answer my questions."
Jill K. Davis,1178,9,4,"February 27, 2023",,,"A beast by any other name...... is the hero of a romance! I love that Tulak felt so unlovable, but that Ray showed him he was. I kind of loved the ""villain"" of the story, and how his wife treated him. I read this in practically one sitting. I'm glad the bad-guy got what was coming, even if it tied in to the next story."
Crystal Emerson,199,,5,"February 8, 2023",,,This series just gets better & better! must reads all of them!! Tulak & Ray got their perfect HEA & the story continues on with Art & his mate. So excited for this next book!! Hopefully Roark will get his HEA at some point soon too. Great job!
Lauren Stockdale,652,,4,"February 16, 2023",,,I really enjoyed Rayia and Tulak's story! Their relationship involved a lot of drama as Rayia saw something she shouldn't have and Tulak is trying to stay away to protect Ray. Rayia needed Tulak to comfort her so he had to decide whether to stay in the shadows or come out and show his face.
MerBetweenTheSheets,315,52,4,"May 28, 2023",,,"I read this book when it came out, but I didn't write a review on it, so I am writing one now having skimmed through and revisited the book.SafeNo cheatingNO OM/OW (parents of heroine want her to marry an OM, Daniel, but she refuses, she feels nothing for the man)Push away from HeroDUAL VIRGIN/FATED MATES (in it's truest form, the hero has his sexual awakening and his dick get hard for the first time when he finds his mate)HEATulak and Rayia have an interesting love story. Tulak is growly and scarred, he is afraid of being treating badly and rejected, shunned, as he has in his past. He is very much a sensitive soul and through the giant ice wall he built around him, only Raia, the young lawyer, his mate, can melt it with her tenderness and love. Watching her, being close to her without her knowing is his life and it is all he knows now, he is completely obsessed with his mate and she in the meantime saw something she should not have seen and is looking over her shoulder. She saw Tulak in the midst of a violent act, ripping apart two vampires limb from limb, and their eyes lock. His life changes, while she fears for hers. What is so sad, and made me shed a tear for Tulak is that he is resigned to the fate of not having her in his life. He is so comfortable in his solitude as he feels safe there. The scarred, loner. But all that occupies his mind is Rayia. He is so afraid of rejection it makes me want to hug him and tell him he deserves love! She begs him to help her and he tries to ignore it, but he can't let her in the rain crying out for him. Rayia is all he needs, and when the he gives into their love, it is a magical, wild night indeed!Loved this one! Let's fave it I love all of them!Isn't it magical when you reread a book you haven't revisited in a little while and when you get reacquainted with the characters and the story? It feels like being wrapped in a comforting warm blanket. The familiarity brings a smile to my face!Happy reading!"
