Reviewer,Review Count,Followers,Rating,Date,Tags,Likes,Content
Missy Misanthrope ,308,,4,"April 28, 2024",,,"Holy smut-tacular mother of ⭐️ I used to really think that I had read some books with some really hot smut in it, apparently I knew nothing. This book is so fucking panty scorching smoldering hot 0MG. Like you won’t be able to keep your hands out of your panties hot.🥵🥵🥵🥵🥵🥵🥵🥵😈😈😈😈😈😈😈😈😈The only thing that I didn’t like was that she said that her emotions for Jasmine could almost be the same as for Eros. That combined with her sex quartet almost made me feel like it cheapened the one special thing she had with him. Don’t get me wrong. It was so beyond hot and I loved every minute of it. I wish the writer didn’t make Jasmine so special I don’t mind the casual threesomes or quartet, as long as she has something special with him that she has with nobody else emotionally. So I didn’t like that. She said she was getting more intense feelings for Jasmine. And I’m also really confused by Lucifer and Eros’ relationship. It’s even making me question Eros’ intentions towards Dani.There were also some things that were extremely predictable. And some that weren’t. I guess for these type of books you really come for the smut and stay for the smut not much else."
Alisha Salisbury,5,,2,"January 16, 2024",,,"I wanted to love this series so much, I enjoyed the first book but it just seems there is no love interest progress in this book. The world building has soo much potential but honestly none of the characters have any depth. Eros seems like a throw away MMC, he states I love you to her and has said in the last book he prefers to be exclusive but then is pushing her on everyone else - you feel nothing really between him and the FMC, there is more interest between Zane and Maria then our main characters. This book was supposed to highlight the menage of Luci, Eros and Dani but Dani still does not particularly like Luci. She seems forced with their interactions and seems to fall into bed with Eros and Luci when convinced. There is also FF in this book which came out of no where and again feels forced and contrived. The author I feel had good ideas but the world she created was too big and she tried adding too much, I wish she focused on building the characters and their relationships to each other. I will not be reading the final book."
Kelly Kale,16,1,4,"February 3, 2023",,,"Demonic Desires by @emiliarosewriting4✨2🌶️I couldn't wait to get my hands on this book. Between book one and two the level of angst skyrocketed. Knowing she is set to be Queen of Lust means learning all the things required. However, I struggled with how much Eros keeps from her. This happened a lot in book one too. He constantly acts like she cannot handle the truth or even enough to just explain what is going to happen. She has to find out from others. The twists and betrayals in this book were 🤌😘 I was so thrown by one of these twists and I cannot wait to see if Dani recovers from it. Also, the red herrings about who her power cannot harm lead me to believe she has a specific harem. I'm not hating those she hasn't been able to harm just yet. Overall, I was left with a, ""What? That's it? I need more!"" So, I'm now impatiently waiting for book three. I have to say, I do love Luci, more with each new book."
Rachs_Bookish_World,52,1,5,"February 21, 2023",,,"This book… honestly I’m struggling to find the words. I thought the first book was good but this one just blew my mind!! I loved seeing Dani down in hell, finding her place and figuring out how she will become queen. It’s not easy trying to hide half of who she is whilst gaining the trust of everyone in lust. The friendships and betrayal and that spice! It all perfection. Eros and Dani are just… their chemistry is incredible. But also their chemistry with Lucifer and Jasmine… it was 🥵🥵🥵🥵 I honestly needed a cold shower after that. I am seriously falling for Luci more and more with each book. I am now beyond excited for book 3 in the trilogy! That ending had me dying to know how things turn out.Another against story from Emilia Rose. Highly recommend but make sure you start with Book 1 - Next Door Incubus"
Alyssa Longmire,126,2,5,"January 27, 2023",,,"Plot: ⭐️⭐️⭐️⭐️Spice:🥵🥵🥵🥵🥵👉I received an ARC in exchange for an honest review👈I couldn’t get my hands on this book soon enough! And 🥵 it did not disappoint especially with the first chapter. The FMC, Dani, is going to be crowned the Commander of Lust in just a few weeks and she has a lot of prep work for it. She and Eros continue to get closer as a couple and Dani finally embraces her succubus nature 😈 This book is so fast paced with the drama with her ex boyfriend, ex best friend, plus the struggles of learning how to be a commander of lust when she barely knows how to flirt. I can’t wait to read the next book!"
Sara Toerner,52,,5,"February 13, 2023",,,"Dani and Eros are back in book 2 of the Becoming Lust series! I didn’t think things could get steamier than book 1 but oh was I wrong. Dani is now living in the kingdom of Lust as the soon to be crowned queen, however fitting in in her new home seems to be far trickier than she was anticipating. Trying to hide a half of herself becomes more and more difficult and rumors about her ability to lead keep piling up. Information from her father’s journal also make the impending coronation more stressful and Dani finds herself unsure of who to trust. Emilia Rose, once again, writes a book that puts the word steam to shame while also giving amazing suspense and intrigue."
Michelle K.,19,1,5,"February 17, 2023",,,"Here we are! The second book in the Becoming Lust Trilogy. What a ride that was! We continue on as Dani begins to find out more about who she really is and who she is going to become. She also learns SO much more about those around her and who she trusts, or at least thought she could. I love the development of her character and that she really starts to find her true inner bada$$. We also get to see the growth of her relationship with Eros. You will not be disappointed with this book. It has everything you'd expect from an Emilia Rose book. It has love, laughs, action, deception, and of course scorching spice. Get your copy right away!"
Amy Reierson,1037,15,5,"February 12, 2023",,,"In book two we find Dani trying to navigate her new status as the heir to the throne of lust. It seems there are a lot of more people unhappy with her status than she originally thought. We also get more information about her parents, a prophecy that speaks of an unholy Trinity that could bring the beginning of the end. Last but not least, Eros he has never waiverd, he believes in Dani and as we leave on book two on cliffhanger will Eros's belief be enough to pull Dani from her lust haze and remind her she's not just Demon or Angel but both!I have voluntarily left this review"
Alisa,5,,5,"February 1, 2023",,,I can’t get over this series. The chapter development of the FL is untouchable as her strength blossoms in the depths of her new reality. The story is just enough smutty to keep you clenching your legs together while the storyline gives you shivers at the same time. I can’t recommend this series enough! It’s the perfect read to suck you from your everyday life and into an epic fantasy. Bring on book 3 of this series! I need more! 🌶🥵
Melanie,491,1,,"February 11, 2023",,,"I can't say I like Eros much more than I did in the first book, he still seems reluctant on giving up information to Dani like she can't handle it even thou she is to become the Queen of Lust, so she has to find out from others. I liked how there was twists and in this book. I do wonder how Dani will cope in the next book. She is an epic character so I am sure she will come put on top no doubt. Can't wait for the next book"
Claudia Martinez,134,,5,"February 28, 2023",,,Wow! This book really had me questioning my own thoughts and I loved it. I truly enjoyed seeing Dani break out of her shell. Embrace her desires. Seeing her interactions with every one of the characters was truly remarkable and a sight to behold. Lucifer remains one of my favorite characters as he's so unapologetic and unchanging. I didn't foresee the plotwist nor the aftermath. Truly enjoyed the read.
Rachel,108,1,5,"January 26, 2023",,,"Oh, this story is on 🔥🔥🔥! Dani continues her journey to becoming the official Commander of Lust but who ahould ahe trust to be by her side. Eros is the attentive lover while Trevon keeps appearing. The sizzling encounters with other demons has your kindle (or book) melting! I can't wait to see how the story ends..."
Rachel Stephens,1268,21,5,"February 9, 2023",,,"Wow!!What a crazy ride this book took me on!Filled with secrets and twists, I didn't want to put it down. There were some crazy revelations as well.There was lots of steam, action, and so much more. The spicy scenes were hot!!I think this was great continuation and I can't wait for book 3!"
Natasha books.are.myescape,339,,5,"January 25, 2023",,,5⭐️ 4🌶️I loved this book. It’s the second book in the series and it was amazing. Dani is a bada$$. I freaking love her strength. And the way that Lucifer and Eros build her up was everything. There was so many spicy hot as h3ll scenes in here 🥵 And that ending 🤯 I can’t wait for book 3!!
NikiReadsRomance,273,11,5,"February 15, 2023",,,"Dani’s life in Hell is not off to an easy start! There is so much scheming and unknown threats seemingly coming from all angles but, with Eros by her side, she is determined to be the powerful queen she is meant to be.To say there was so much more happening in this second book in the Becoming Lust series would be a HUGE understatement! Dani has taken what is rightfully here but, it definitely came with a WHOLE lot of complications, danger, and backstabbing demons. Becoming Queen of Lust also brings a lot of spice my friends! 🌶🔥🌶 🔥 Dani learns a lot about who she is in this book. Where she comes from and how powerful she could become and she wields it like a badass despite being a little terrified of what it all means. I am just obsessed with her and Eros 🤩 Also, the mouth on that man! 🥵 🔥Quick Notes🔥Paranormal romanceTold from Dani’s POVNot a stand-alone, 2nd in the series🔥Ratings🔥💗💗💗💗💗🌶️🌶️🌶️ 🌶️🔥Some of my favorite things🔥✨Luci 😉✨Eros pushing Dani to embrace herself.✨I need fervor crisps and passion delights in my life, IYKYK 😏😉😆"
Serenity C,15,,5,"February 15, 2023",,,The series just keeps getting better! And the spice? Hotter! Eros and Dani are perfect! The wings described are beautiful and I love the way this story is going. The trials and the ending!! I can’t wait for the conclusion!
Dena Akbar,588,72,5,"January 24, 2023",,,I love this book and it is a really good book.
M.K. Hale,,46,5,"February 13, 2023",,,"A great continuation! Full of spicy scenes, tension, and twists! Definitely another great series from Emilia Rose!"
Jana,36,,5,"December 21, 2023",,,🌶️🌶️🌶️🌶️🌶️🌶️🌶️🌶️🌶️🌶️🌶️🌶️🌶️🌶️🌶️
Marissa Garcia,169,11,5,"February 13, 2023",,,"Demonic Desires Book 2, Dani is still coming to terms with the fact that she very well be on her to way to becoming Queen of Lust.But holllyyy plot twist! 👀 can I just say, I KNEW IT! Can’t trust nobody these days! Eros and Dani’s chemistry is still off the charts — I mean come on does Emilia ever NOT hit on the spice? 😂 can’t wait to see what the final book holds!"
