Tag,Frequency
fantasy,789
2023,307
netgalley,281
arc,223
arcs,197
favorites,177
fiction,146
2024,134
horror,118
romance,113
adult,108
science-fiction,98
2023-reads,93
audiobook,93
dnf,91
sci-fi,91
2023-releases,70
star-wars,63
audiobooks,62
danmei,59
ebook,54
lgbtq,53
read-in-2023,48
books-i-own,47
owned,46
read-2023,45
queer,43
audio,41
lgbt,40
2023-read,38
2024-reads,35
contemporary,34
historical-fiction,34
paranormal,33
2023-books,29
kindle,28
young-adult,28
lgbtqia,28
enemies-to-lovers,27
graphic-novels,27
mystery,27
library,26
dystopian,26
fantasy-romance,25
magic,24
favourites,24
ya-fantasy,23
adult-fiction,23
kindle-unlimited,23
own,23
2023-release,23
scifi,23
giveaways,22
read-in-2024,22
net-galley,22
5-stars,21
reviewed,21
dark,19
adventure,19
netgalley-arc,18
netgalley-arcs,18
high-fantasy,18
audible,17
adult-fantasy,17
dark-fantasy,17
5-star-reads,16
arc-reviews,16
romantasy,16
dystopia,15
did-not-finish,15
ebooks,15
novella,15
4-stars,15
3-stars,15
paranormal-romance,15
age-gap,15
historical,14
ya,14
2024-read,14
middle-grade,14
dragons,13
epic-fantasy,13
sff,13
fairyloot,13
book-club,13
arcs-read,12
e-book,12
gothic,12
cover-love,12
sci-fi-fantasy,12
2024-releases,12
demons,12
series,11
urban-fantasy,10
animals,10
2023-favorites,10
4-star,10
ghosts,10
audio-books,10
2024-tbr,10
mythology,10
action,10
asian-authors,9
genre-fantasy,9
space-opera,9
action-adventure,9
achillean,9
authors-of-color,9
2024-favorites,9
sf-fantasy,9
faves,9
borrowed,9
owned-books,9
library-book,9
fantasy-scifi,9
best-of-2023,9
netgalley-reads,9
graphic-novel,9
e-books,9
arc-netgalley,9
2-stars,9
folklore,8
2023-books-read,8
audio-book,8
arc-reads,8
gay,8
fated-mates,8
read-2024,8
thriller,8
angels-and-demons,8
dark-romance,8
libby,8
arc-s,8
abuse,8
indie,8
dark-academia,8
all-time-favorites,8
netgalley-2023,7
2023-arcs,7
star-wars-books,7
5-star,7
2024-release,7
cyberpunk,7
bipoc-authors,7
books-read-2023,7
arc-s-netgalley-and-edelweiss,7
historical-fantasy,7
time-travel,7
favorite-books,7
2023-reading-challenge,7
2023-netgalley,7
bl,7
fantasy-sci-fi,7
fake-dating,7
speculative-fiction,7
literary-fiction,7
2022,7
black-authors,7
1-star,6
academia,6
chinese,6
found-family,6
arcs-2023,6
monster,6
2024-books,6
arc-2023,6
fantasy-and-scifi,6
lgbtqa,6
read-for-review,6
reviews,6
m-m,6
the-high-republic,6
sapphic,6
on-kindle,6
death,6
2024-reading-challenge,6
added,6
scifi-fantasy,6
queer-lit,6
supernatural,6
low-fantasy,6
review-copy,6
3-star,6
advanced-reader,6
2024-netgalley,6
comfort-reads,6
futuristic,6
cozy-fantasy,6
genre-romance,6
china,6
bipoc,6
author-of-color,5
fantasy-paranormal,5
21st-century,5
netgalley-books,5
first-reads,5
collection-arc-2023,5
21st-century-fiction,5
chinese-lit,5
new-adult,5
character-driven,5
shifter-romance,5
4-5-stars,5
queer-rep,5
court-intrigue,5
asian,5
arcs-and-galleys,5
arcs-earcs,5
bookclub,5
fantastico-fantastics-scifilicious,5
audience-adult,5
advanced-reading-copy,5
fantasy-adult,5
advanced-reader-copies,5
contemporary-romance,5
light-novels,5
mystery-thriller,5
edelweiss,5
assassins,5
adult-lit,5
mf,5
monster-romance,5
dual-pov,5
environment,5
asian-lit,5
2023-anticipated-releases,5
aliens,5
owned-physical,5
3-5-stars,4
mlm,4
e-arc,4
ya-fiction,4
novellas,4
lgbtqiap-rep,4
favorite,4
female-authors,4
star-wars-the-high-republic-phase-2,4
arc-books,4
read-in-2022,4
malazan,4
mm,4
alternate-history,4
sf,4
4-star-reads,4
2-star,4
fae,4
accidental-pregnancy,4
magical-realism,4
novels,4
books,4
review-copies,4
bookshelf,4
my-bookshelf,4
queer-romance,4
funny,4
favorite-series,4
body-horror,4
paranormal-supernatural,4
cozy,4
wishlist,4
witches,4
review,4
debut,4
books-read-in-2023,4
atmospheric,4
age-adult,4
retellings,4
favorites-2023,4
spicy,4
2021-releases,4
action-packed,4
amazing,4
literary,4
2023-favourites,4
library-books,4
2023-faves,4
public-library,4
politics,4
comics,4
2022-reads,4
disability-rep,3
fantastical,3
buddy-read,3
physical-books-i-own,3
other-reviews,3
feminism,3
novel,3
abandoned,3
graphic-novels-and-comics,3
not-for-me,3
intrigue,3
short-stories,3
arc-copy,3
advance-review-copy,3
fantasy-and-sci-fi,3
breeding,3
reviewed-2023,3
indie-authors,3
arc-reviews-netgalley,3
author-queer,3
alien,3
christian-fiction,3
auth-f,3
physical-tbr,3
review-books,3
released-2023,3
spooky-season,3
laugh-out-loud,3
z_read-2023,3
books-from-2023,3
relationships,3
adult-romance,3
pirates,3
goldsboro,3
boys-love,3
my-library,3
science-fiction-romance,3
library-borrow,3
gsff,3
danmei-read,3
vampires,3
read-2022,3
queer-books,3
genre-scifi,3
political,3
thrillers,3
generic-uninspired-fantasy-books,3
drama,3
forced-proximity,3
book-series,3
book-shelf,3
book-sirens,3
contemporary-fiction,3
netgallery,3
coming-of-age,3
pregnancy,3
afrofuturism,3
best-of-2024,3
meh,3
dropped,3
from-publisher,3
made-me-cry,3
on-my-shelf,3
upcoming-2023,3
media-tie-ins,3
fun,3
2023-tbr,3
g-fantasy,3
english,3
book-boyfriend,3
mm-romance,3
beautiful-covers,3
danmei-baihe,3
grief,3
five-stars,3
science-fiction-fantasy,3
survival,3
giveaways-arcs,3
alpha-male,3
5-star-books,3
sci-fantasy,3
giveaways-and-arcs,3
sf-f-h,3
dragon,3
crime,3
climate-change,3
past-arcs,3
all-time-faves,3
suspense,3
diverse-read,3
2020,3
arcs-and-review-copies,3
five-star-reads,3
cn-murder,3
series-ongoing,3
part-of-a-series,3
humour,3
netgalley-reviews,3
liked,3
tbr-2023,3
2023-new,3
favorite-author,3
2021,3
arcs-finished,2
of-legends-and-fairytales,2
ku,2
romance-novels,2
on-my-bookshelf,2
romance-paranormal,2
rooooomance,2
fantasy-vamp-were-witch,2
fantasy-urban-fantasy,2
asian-and-asian-inspired,2
arcs-netgalley,2
reverse-harem,2
mate-bonds,2
latinx-reads,2
dnfed,2
arc-shelf,2
arc-team-reviews,2
artificial-intelligence,2
reviewed-2024,2
fantasy-romance-tbr,2
canada,2
ongoing-or-need-to-complete-series,2
reviewed-reads,2
kobo-plus,2
arc-review,2
arcs-to-read,2
arcs-received,2
fantasy-tbr,2
fantasy-types,2
romance-monster,2
la-haute-république,2
arc-reviewers-copy,2
faeries,2
other-worlds,2
enemiestolovers,2
literature,2
priority-tbr-2023,2
progression-fantasy,2
elizabeth,2
dystopia-post-apocalyptic,2
lit-fic,2
listened,2
published2023,2
duology,2
black-books,2
black-author,2
bl-yaoi,2
bisexual-rep,2
prh-audio,2
paperback,2
bipoc-main-characters,2
queer-literature,2
queer-reads,2
booksirens,2
magic-spells-potions-etc,2
queer-stuff-for-queer-me,2
booktok,2
libri-queer,2
entangled-reads,2
library-rental-audiobook,2
dual-or-multiple-pov,2
litrpg,2
bomm-tour,2
library-ebook,2
books-by-female-authors,2
physical-copies,2
books-i-read-in-2024,2
physical-copy,2
earc,2
books-i-don-t-own,2
personal-copy,2
books-from-the-library,2
books-from-my-never-ending-tbr,2
physically-handicapped-characters,2
physically-own,2
e-book-reads,2
books-in-english,2
macmillan-audio-arcs,2
books-reviewed,2
bookbox-fairyloot,2
pnr,2
ebk,2
book-tour-gals-tours,2
poc,2
ebook-copies,2
loved-it,2
ebook-owned,2
books-only-2023,2
popsugar-2024,2
paranormalromance,2
book-club-read,2
booktourgals,2
re-read,2
buddy-reads,2
author-australian,2
automatic-buy-authors,2
lgbtq-lit,2
reading-challenge-2023,2
reading-list-2023,2
doorstopper,2
reads-23,2
own-ebook,2
rebekah-reads-2023,2
fantasy-and-sf,2
lgbt-mm-sffr,2
received-for-review,2
breeding-kink,2
fantasy-fey-other-world,2
bought2023,2
lgbt-fiction-faves,2
lgbt-books,2
fantasy-high-fantasy,2
audiobooks-2024,2
audiobook-read,2
audiobook-listen,2
audio-version,2
released-2024,2
audience-young-adult,2
otherworld-fantasy,2
aty2024,2
reread-tbr,2
read2023,2
fantascienza,2
erotica,2
owned-audiobook,2
best-covers,2
library-books-read,2
bechdel,2
everend,2
library-2023,2
magical,2
boring,2
lgbtqiap,2
lgbtqia2s,2
bbnya,2
sapphic-mc,2
lgbtqia-rep,2
banter,2
read-star-wars,2
borrowed-audiobook,2
fairy-tales,2
badass-women,2
borrowed-from-library,2
borrowed-overdrive,2
bought,2
fairytale-retellings,2
b-feb-24-tbr,2
awesomest,2
awesome-girls,2
lgbtq-sff,2
family-drama,2
arc-read,2
shapeshifters,2
arc-physical,2
netgalley-2024,2
completed-series,2
tragic-little-gay-men,2
2024-plan,2
net-galley-reads,2
comics-graphic-novels,2
format-ebook,2
netgalley-and-arcs,2
friendship,2
thrilling,2
netgalley-and-edelweiss,2
for-work,2
23-read,2
horror-suspense,2
the-library-of-dakota,2
friends-to-lovers,2
from-library,2
horror-thrillers,2
2023books,2
upcoming-releases,2
upcoming,2
high-praise,2
high-republic,2
contemporary-fantasy,2
2023_reads,2
dark-underbellies,2
from-publisher-or-author,2
2024-52-book-club,2
2024-arcs,2
2024-bookbook,2
2024-books-i-read,2
2024-books-read,2
2024-challenge,2
folk-horror,2
3-and-a-half-stars,2
star-wars-the-high-republic,2
climate-fiction,2
fiction-science-fiction,2
sue,2
5-star-reviews,2
netgally-arcs,2
netgally-reads,2
i-own,2
i-own-this-shit,2
mm-bl,2
climate,2
illumicrate,2
a-adult,2
a-big-steaming-heap-of-wtf-ery,2
new-adult-fantasy,2
starwars,2
5-star-fiction,2
5-star-but-not-like-my-favorite,2
collection,2
hurt-comfort,2
first-read-in-2023,2
demons-and-angels,2
tbr,2
30booksummer-2023,2
3rd-person,2
4-25-stars,2
4-star-books,2
film-tv,2
hype,2
hyphenated-asian,2
mm-fantasy,2
finished-in-2023,2
arc-or-from-pub,2
i-just-like-the-cover,2
nature,2
usa,2
valdemar,2
2020s,2
murder-mystery,2
x2023-read,2
creepy,2
my-very-favourite-books,2
would-recommend,2
giveaway-wins,2
my-very-favourite-fantasy-books,2
y2023-favorites,2
grumpy-sunshine,2
2021-reads,2
giveaway-books,2
mysteries,2
guerre-stellari,2
2022-faves,2
greek-myth,2
great_storyline,2
gay-romance,2
got-from-the-library,2
0-2023,2
my-favorites,2
cx,2
my-love,2
gothic-horror,2
04-stars,2
1-fiction,2
great_narration,2
goodreads-giveaways-won,2
goodreads-giveaway,2
crime-thriller,2
ya-sci-fi,2
11-out-of-10-quality-writinggg,2
gods,2
2022-read,2
girl-power,2
gimmie-that-monster-dick,2
could-not-put-down,2
watered-my-crops,2
haunted-house,2
most-anticipated-releases,2
2023-into-the-forest-challenge,2
have-reviewed,2
2023-most-anticipated,2
mythology-and-folklore,2
gifted,2
2023-netgalley-challenge,2
2023-new-releases,2
2023-ng-group-challenge,2
2023-popsugar-reading-challenge,2
2023-read-arcs,2
gay-romantasy,2
genre-horror,2
werewolf,2
has-a-love-story,2
movie-tie-in,2
2023-challenge-books,2
why-choose,2
genre-romance-fantasy,2
2023-audio,2
genre-scifi-fantasy,2
2023-arc,2
happily-ever-after,2
2023-anticipated,2
2023-all,2
ghost,2
ghost-story,2
2023-12-december,2
mystery-crime-thriller,2
new-adult-or-adult,2
demons-paranormal,2
a-world-to-step-into,2
july-2023,2
met-author,2
fave-romances,2
faves-2023,2
kindle-books,2
america,2
sequels-to-books-i-ve-read,2
favorite-authors,2
alpha,2
challenge-2024,2
karen-fisher,2
sff-bookshelf,2
all-my-physical-books,2
favorite-couples,2
disney-star-wars-universe,2
shannon-mayer,2
adventure-roadtrip,2
physical-arcs,2
alcohol-consumption,2
alc,2
star-wars-canon,2
age-young-adult,2
shifters,2
disappointing,2
short-fiction,2
january-2024,2
short-stories-and-novellas,2
afterlife,2
jan-2024-tbr,2
skiffy,2
africa,2
diverse-characters,2
numbered,2
cats,2
scribd-audio-read,2
fated,2
arc-list,2
arc-giveaways,2
cannibalism,2
arc-galley-reads,2
saw-it-on-netgalley,2
arc-edelweiss,2
arc-copies,2
fated-mate,2
sci-fi-and-fantasy,2
fav,2
sci-fi-fantasy-paranormal,2
apocalypse-of-the-heart,2
sci-fi-horror,2
capitalism,2
mental-health,2
dnd,2
fav-ones,2
sciencefiction,2
kindle-reads,2
annoying-heroine,2
animal-companion,2
scifi-club-read,2
angsty,2
angst,2
scifi-fantasy-book,2
scifi-romance,2
scifi-spec,2
scififantasy,2
favorites-of-2024,2
disappointment,2
special-edition,2
female-author,2
female-nonbinary-authors,2
childrens,2
new-releases-2023,2
in-my-library,2
adult-sff,2
disability,2
so-much-drama-i-love-it,2
didnt-finish,2
indie-books,2
fem-author,2
societal-pressure,2
spicy-books,2
adult-na,2
class-gender-race,2
spooky,2
spirituality,2
spooktober,2
adult-fic,2
advance-reader-copy,2
aardvark,2
favourite,2
mind-games,2
favs,2
star-wars-books-ranked,2
new-reads-2023,2
standalone,2
space,2
staff-picks,2
abandonment,2
militant,1
mind-blowing,1
multi-pov,1
manga-comics,1
made-me-bawl,1
multiple-copies,1
mine,1
mad-max-battle-warriors-of-the-book,1
media-tie-in,1
mermaids,1
multi-supernaturals,1
magic-wielders,1
man-author,1
mercedes-lackey,1
mental-crisis,1
misc-supernatural,1
mistaken-identity,1
male-author,1
my-books,1
makes-me-think,1
my-best-books-of-2023,1
my-audiobook-adventures,1
mxtx,1
mxm,1
must-read-again,1
medievaloid-fantasy,1
memory,1
music,1
misc-fiction,1
meh-that-was-disappointing,1
manga-graphic-novel,1
manga-comic-graphic,1
mental-health-rep,1
mine-mine-mine,1
magical-humans,1
me-hizo-risa,1
magic-but-this-world,1
mafia-mc,1
me-hizo-llorar,1
monthly-tbr,1
mfa-reading-list,1
marriage-of-convenience,1
middle-grade-books,1
monster-alien-vamp,1
monsters-who-eat,1
monster-dong,1
magic-with-a-captial-m,1
monsters,1
mark-reviews-horror-novels,1
mg,1
monsterromance,1
middle-grade-and-lower,1
monster-sff-prn-romance,1
magic-system,1
mg-graphic-novels,1
monster-lover,1
monster-pnr-fantasy,1
mar24,1
magic-witches-warlocks,1
magic-systems,1
mg-ya-historical,1
monster-lovin,1
mar-2024,1
magic-user,1
middle-grade-graphic-novel,1
mood-autumn,1
morally-grey-character,1
maybe-recommended,1
multi-focal,1
michele-mills,1
might-need-a-reread,1
mm-supers-fantasy-shifter,1
modern-horror,1
mexico,1
mostly-vibes,1
moje,1
manhua-and-danmei,1
mcn,1
most-wanted,1
midnight-read-got-zero-sleep,1
morallygreycharacters,1
mf-paranormal,1
mf-romance,1
magic-in-another-world,1
money,1
maps,1
middlegrade,1
magic-or-powers,1
most-anticipated-2023,1
monster-alien-paranormal-romance,1
monster-alien-sci-fi-romance,1
morbid-and-creepifying,1
machalo-buddy-read,1
lacks-depth,1
machalo-book-bingo-2024,1
horses,1
horror-scary-thriller,1
horror-thriller,1
horror-unsettling,1
horrorish,1
horrororor,1
horrors,1
hugo-2024,1
i-love-my-significantly-older-men,1
hugo-reading-2024,1
human-rights,1
humorous,1
humorous-campy,1
humour-comic-fiction,1
i-already-own,1
horror-rom-com,1
horror-recommendations,1
horror-read,1
horror-paranormal,1
horror-masterpiece,1
horror-ish,1
horror-gothic,1
horror-etc,1
horror-body-horror,1
horror-and-thriller,1
horror-201-at-tombolo-books,1
hong-kong,1
holy-shit-books,1
hold,1
hit-or-miss,1
history-and-politics,1
history,1
i-am-soooooo-excited,1
i-love-you-b-tch,1
historicalfiction,1
inglese,1
indie-author,1
indie-horror,1
indie-pubbed,1
indie-read,1
indie-tbr,1
indieauthor,1
inkstone,1
i-loved-it,1
insecurities,1
inspiration,1
inspiration-for-me,1
insta-claim,1
instagram-arc,1
interconnected-series,1
indie-and-selfpub,1
incubus,1
in-translation,1
in-the-nook,1
in-my-home-library,1
in-my-bookcase,1
in-english,1
in-depth-reviews,1
in-2023,1
immortal-love-interest,1
im-besitz,1
illustrated,1
illumicrate-and-fairyloot,1
i-recommend,1
i-read-it-right,1
i-own-e-book,1
i-m-broken,1
historically-based,1
historical-spicy-stuff,1
machalo-bingo-2024,1
guy-falls-first-and-falls-haard,1
grimdark,1
grown-up,1
grump-sunshine,1
grumpy-hero,1
grumpy-x-sunshine,1
guilty-pleasures,1
gwynne-bros-told-me-to,1
hard-copy,1
h-h-magic,1
ha-2024-mount-tbr-challenge,1
had-me-stressed,1
hades-persephone,1
haiku,1
hall-of-fame,1
greek-mythology,1
greek-and-roman-mythology,1
great-magic-system,1
great-fantasy,1
great-cover-terrible-book,1
great-characters,1
great,1
graphics,1
graphicnovels,1
graphic_novel,1
graphic-novels-webcomics,1
graphic-novels-read,1
graphic-novels-manga-comics,1
graphic-novels-manga,1
graphic-novels-comics-manga,1
graphic-novels-comics,1
graphic-novel-manga,1
happy-endings-when-you-need-one,1
hardback,1
historical-ish,1
highly-recommended,1
hetero-romance,1
high-expectations,1
high-priority-buys,1
highhopes2023,1
highly-anticipated,1
highly-recommend,1
highly-recommended-reads,1
hardcover,1
hilarious,1
hispanic-authors,1
hispanic-heritage-month,1
histfic,1
historical-fic,1
historical-historical-romance,1
het-romance,1
het,1
heroine-virgin,1
heroine-s-journey,1
hero-isnt-an-alpha-dickhead,1
hell_bloody_no,1
heckin-dragons,1
heavy-deep,1
heartbreaking,1
hea,1
hc-reads,1
have-physical,1
have-audio,1
haunting,1
hated-it,1
hate-the-ending,1
harperlwoods,1
interesting,1
interesting-communication,1
international,1
library-download,1
lgbtqia-reads,1
lib-comics-read,1
libby-and-apps,1
library-2024,1
library-audiobook,1
library-brooklyn,1
library-has-it,1
librofm,1
library-loans-2024,1
library-of-alexandra,1
library-overdrive,1
library-print,1
library-read,1
library-reads,1
lgbtqia-plus,1
lgbtqia-genderqueer-and-non-binary,1
lgbtqia-fiction,1
lgbtqia-content,1
lgbtqia-books,1
lgbtqi-main-or-side-rep-or-author,1
lgbtqap,1
lgbtqai-protagonists,1
lgbtqai,1
lgbtqa-friendly,1
lgbtq-transnbgf,1
lgbtq-read,1
lgbtq-plus,1
lgbtq-fantasy-rep,1
lgbtq-content,1
lgbtq-authors,1
lgbtq-2024,1
libro-fm-library,1
libros-favoritos-2023,1
isn-t-out-yet,1
loved-it-would-reco-for-sure,1
love-story,1
love-the-slow-burn,1
love-this-cover,1
love-triangle,1
lovecraftish,1
loved,1
loveletters,1
light-fantasy,1
low-steam,1
lu-en-2024,1
lust-filled,1
lydia-kang,1
m-f,1
m-f-fantasy,1
love-stories,1
love-it,1
love-her,1
lost-interest,1
lost-city-bookclub,1
los-angeles,1
litrpg-progression-cultivation,1
literary-significant-others,1
literary-bouquet,1
listened-to-audio,1
listened-to-at-work,1
listened-on-audio-book,1
lillian-lark,1
liked-it,1
likeable-main-character-s,1
likeable-heroine,1
light-hearted-rom-com,1
lgbt-sapphic,1
lgbt-plus,1
lgbt-mc,1
kindle-google,1
killer-covers,1
killthemall-overthe-topness,1
kindle-books-i-own,1
kindle-earcs,1
kindle-ebook,1
kindle-edition,1
kindle-own,1
lgbt-horror-and-thriller,1
kindle-read,1
kindle-tbr,1
kindle-unlimited-addiction,1
kindle-unlimited-fantasy-read,1
kindle-unlimited-uk,1
kindled,1
kidsyoungadultread,1
kids-and-ya,1
kids,1
kidnapping,1
kid-books,1
kick-ass-heroine,1
juvenile,1
just-look-at-that-worldbuilding,1
judged-by-its-cover,1
jeunesse,1
january2024-finished,1
january-reads,1
january,1
jan-tbr,1
jail,1
iykyk,1
its-called-character-development,1
kindleunlimited-prime,1
kings-of-avalier,1
kink-breeding,1
latoya-s-library,1
lgbt-crime,1
lgbt-content,1
lgbt-characters,1
lgbt-and-similar,1
lgbt-adult,1
lgbqt,1
lgb-literature,1
level-3-spice,1
let-s-go-lesbians-let-s-go,1
lesbian-friendly,1
leituras-2024,1
lectura-conjunta,1
lbgtqa-reads,1
lbgtq,1
latinx-authors,1
knight-royal,1
latinx,1
latino-latina-fiction,1
latine,1
latin,1
laser,1
lang-en,1
ladies-of-horror-fiction,1
my-ebooks,1
ku-borrowed-title,1
ku-2023,1
krimiķi,1
koreanamerican,1
kobo-reads,1
kobo,1
my-comics-n-manga,1
0-1-book-hell-no-book,1
my-fantasy-world,1
my-favorite-books,1
south-asian-rep,1
sp,1
space-fiction,1
space-the-final-frontier,1
spec-fic,1
spectacular-story,1
speculatve-fiction,1
spfbo-past,1
spice,1
spicy-novellas,1
spooky-book-club,1
spooky-kooky,1
spooky-scary-skeletons,1
spooky-season-2023,1
spooky-szn,1
spring-2024-tbr,1
squeakyclean-fadetoblack-behinddoor,1
sorry-no-thanks,1
solarpunk,1
solaria,1
small-town-horror,1
skim-skim-skimmerrr,1
skimmed,1
slasher-psycho-serial,1
slightly-future,1
slow-burn-trope,1
slowburn,1
small-town,1
small-town-romance,1
soft-magic,1
smr-book-bingooo,1
smut,1
snoozefest,1
so-terribly-bad,1
social-commentary,1
social-media-ad,1
social-media-sucked-me-in,1
ssbingo23,1
stand-alone,1
stand-alones,1
tandem-readalong,1
supernatural-urban-fantasy,1
supernaturals,1
sw-highrepublic-2024,1
sword-and-shield-fantasy,1
sword-challenge-2023,1
t-court-intrigue-politics,1
t-gentle-giant,1
tbr-june-2023,1
supernatural-abilities,1
tbr-nov-2024,1
tbr-november-2023,1
tbr-own-a-copy,1
tbr-physical,1
tbr2023,1
tengo,1
tentacles,1
supernatural-lover-o-mine,1
super-natural,1
star-wars-books-read,1
strong-female-protagonists,1
star-worms,1
start-series,1
steampunk,1
stopped-at-book-1,1
str-wrs,1
stranger-stories,1
strong-female-characters,1
strong-smart-heroine,1
super-fun-loved-it,1
studio-ghibli,1
subscription,1
subscription-books,1
subtle-romance,1
sucker-for-the-cover,1
sucker-for-the-title,1
summer,1
signed-copies,1
signed,1
sience-fiction,1
sapphics-and-the-sea,1
s-l-sword-2023,1
s-l-sword-2024,1
sad-boy,1
safe,1
sagas-abandonadas,1
sapphic-characters,1
sapphic-speculative,1
scales,1
rural-fantasy,1
scary,1
sci-fi-2023,1
sci-fi-dystopian,1
sci-fi-rom,1
sci-fy,1
sci-if,1
science,1
s-ff,1
romo,1
science-fiction-read,1
romance-fantasy-pnr,1
rfantasy-bingo-2023-release,1
rfantasy-bingo-bottom-of-the-tbr,1
roadtrip-etc,1
rogues-thieves-spies,1
rom-com,1
rom-com-cocacola,1
romance-fantasy,1
romance-g,1
romantic-elements,1
romance-m-f,1
romance-medium-spice,1
romance-mf,1
romance-not-mm,1
romance-read,1
romantasy-read,1
romantasy-x1f498,1
science-fiction-dystopian,1
scifan-group-challenge,1
shut-up-and-take-my-money,1
sffbc-readall,1
sf-time-travel,1
sff-anthology,1
sff-book-club-challenge,1
sff-books,1
sff-club,1
sff-faves,1
sff-group-shelf,1
shelfs,1
set-in-canada,1
shifter,1
shifter-vampire-faerie-witch,1
ships-im-sinking-with,1
shit-i-ve-seen-bc-of-bn,1
short-lit-read,1
short-stories-novellas,1
shortish-shorts,1
sexy-time,1
series-to-complete,1
scifi-and-fantasy-book-club,1
sent-by-author-for-an-honest-review,1
scifi-read,1
scifi-space-opera,1
scribd-audiobooks,1
self-pub,1
self-published,1
self-published-and-indie,1
self-published-properly,1
september-2023-tbr,1
series-in-progress,1
sequels,1
sequels-to-buy,1
serial-woman,1
serie-complete,1
series-current,1
series-for-jessie-when-completed,1
series-i-am-not-continuing,1
terror,1
thanks-i-hate-it,1
the-aesthetic,1
women,1
winter-reads,1
witchlife,1
witchy,1
witchy-vibes,1
wlw,1
wnbsff,1
womanhood,1
women-are-the-superior-species,1
winners,1
women-do-it-best,1
women-loving-women,1
women-nb,1
women-s-fiction,1
womens-fiction,1
won-in-giveaway,1
world-fantasy,1
winter,1
winner-winner,1
would-not-read-again,1
werewolves,1
want-to-unread,1
wanted-to-enjoy-but-didn-t,1
wanted-to-like-it,1
war,1
web-or-lightnovels,1
webnovels,1
webnovels-lightnovels-translations,1
western-fantasy,1
will-sell-soul-to-have-this-rn,1
whales,1
what-if-this-was-my-13th-reason,1
wilderness,1
will-read-again,1
will-read-anything-they-write,1
will-read-the-sequels,1
will-reread,1
worldbuilding,1
would-notrecommend,1
want-to-read,1
z-read-in-2023,1
yolo-indulgence,1
you-make-me-un-poco-loco,1
young-adult-fiction,1
youngadult,1
z-2020,1
z-2023,1
z-cus-1-3,1
z2023-books-read,1
ya-urban-fantasy,1
z_science-fiction_z,1
zach-rosenberg,1
zz-2023-books,1
zz-2024-mar-new,1
zzz-2022,1
zzzzzzz-2023-arc,1
قبیله-reads,1
yarc-2021,1
ya-scifi,1
would-read-again,1
xg-horror-weird-fiction,1
would-read-author-s-shopping-list,1
wrecked-me,1
wtf,1
x-dnf,1
x-read-2024-04,1
x-witchy-romance,1
x_2024,1
xx,1
ya-science-fiction,1
ya-dystopian,1
ya-fantasy-favorites,1
ya-hall-of-fame,1
ya-lit,1
ya-na,1
ya-paranormal,1
ya-romance,1
want-to-read-sequels,1
want-to-re-read,1
the-book-list,1
top-tier-couples,1
to-reread,1
top-books-of-2023,1
top-faves,1
top-favorites,1
top-graphic-novels,1
top-of-2024,1
top-reads,1
top-tier-escapism,1
times-read,1
top-tier-favorites,1
top-tier-reads,1
toxic-relationship,1
trans-enby-rep,1
trans-vibes,1
trans-women,1
translated-fiction,1
to-read-adult,1
tikitoki,1
translation,1
the-wooooorst,1
the-did-not-finish-collection,1
the-goods,1
the-high-republic-2,1
the-high-republic-phase-2,1
the-infinite-library,1
the-pigeonhole,1
the-saints-of-steel,1
the-writing,1
thrillers-and-suspense,1
thepigeonholehq,1
these-got-borrowed-to-me,1
thrill-reads,1
thriller-mystery,1
thriller-or-horror,1
thriller-suspense,1
thriller-suspense-mystery,1
translated-work,1
translations,1
want-to-own,1
vansinnesprojekt-afrikas-länder,1
uno-2024-ive,1
unputdownable,1
unread-podcast-candidates,1
urban-fantasy-sci-fi-etc,1
urbanfantasy,1
us,1
vampire,1
vengeful-fmcs,1
unhinged-lesbian,1
verse,1
virgin,1
w-danmei,1
w-recs_from_friends,1
w-w-wishlist-physical,1
waiting-for-this-book,1
want-to-buy,1
uno-2024,1
unhinged-lady-hours,1
trigger-warnings,1
two-and-a-half-stars,1
trigger-warnings-be-cautious,1
trope-enemies-to-lovers,1
trope-friends-to-lovers,1
trophy-copy-needed,1
try-again-later,1
twenty-four-reading-list,1
twenty-twenty-three,1
ugh,1
unhauled,1
uglycrying-bookswap,1
ulubione,1
un-able-to-finish,1
underrated-gems,1
underwhelming,1
undulating-undulation,1
unfinished,1
rfantasy-bingo-2023,1
rezensionsexemplare,1
reviewed-in-2023,1
once-was-enough,1
oh-the-horror-the-horror,1
ola-pla,1
on-calibre,1
on-my-kindle,1
on-my-phsycial-tbr,1
on-my-radar,1
on-order,1
ongoing-series,1
oddballs,1
optimistic-cozy-sf,1
orilium-academy-autumn-equinox-2023,1
orillium,1
other-comics,1
other-world,1
otherland,1
otherland-book-club,1
oh-no-the-instalove,1
october-reads,1
overdrive,1
novel-owned,1
nostalgia,1
not-a-standalone,1
not-for-me-or-dnfs,1
not-novels-graphic,1
not-owned-read,1
not-ya,1
novel-length,1
novella-anthology,1
october-23,1
november-2023,1
november-2023-tbr,1
november-pick-for-me,1
ocean-themed-books,1
oceans-mermaid-sirens-pirates,1
octarine,1
october-2023-tbr,1
outer-space,1
overdrive-books,1
non-embarrassing-shelf,1
paranormal-others,1
ownvoices,1
page-turning,1
para-dystopian-sci-fi-fantasy,1
para-normal-military,1
paranormal-fae,1
paranormal-fantasy-favorites,1
graphic-novel-illustrations-manga,1
paranormal-romance-or-urban-fiction,1
owned-special-editions,1
paranormal-romancing,1
paranormal-sci-fi,1
paranormal-sparkly-stuff,1
paranormal-urban-fantasy,1
paranormalromance-tobeclaimed,1
pareja-fav,1
partly-read,1
owned_kindle,1
owned-read,1
own-at-home,1
own-physical,1
own-audio,1
own-audiobook,1
own-for-my-collection-read,1
own-have-read,1
own-horror,1
own-it,1
own-it-in-paper,1
own-read,1
owned-paperbacks,1
ownbook,1
owned-book,1
owned-but-unread,1
owned-digital,1
owned-hard-copy,1
owned-hardback,1
owned-kindle,1
nonbinary-author,1
no-spice-books,1
perfect-books,1
myths-legends-and-retellings,1
mythic-fairytale-themed-challenge,1
mythic-fiction,1
mythological-folklore,1
mythology-folklore,1
mythology-folklore-etc,1
mythology-inspired,1
myths,1
más-esperados-del-2023,1
mystery-thriller-suspense,1
na,1
narrativa-africana,1
nature-magic,1
nautical,1
nb-queer,1
near-future,1
near-future-soft-sf,1
myth-retellings,1
mystery-thriller-mayhem,1
nebula-nominee,1
my-shelf-irl,1
my-favs,1
my-kindle-books,1
my-nook-books,1
my-perfection,1
my-personal-library,1
my-physical-library,1
my-reviews,1
my-special-editions,1
mystery-suspense,1
my-thirteen-reasons-why,1
my-toptier-men,1
mys-sus-mag-2024,1
mysteries-and-thrillers,1
mystery-crime,1
mystery-detective,1
mystery-horror,1
nebula,1
necromancy,1
no-plot-detected,1
ng-2023,1
new-fiction,1
new-release,1
new-to-me-author,1
new-zealand-lit,1
next,1
next-level-banter,1
ng,1
ng-arcs,1
never-finished,1
ng-challange-2024,1
nhhp,1
nhsggc-reading-challenge-2023,1
ni-fu-ni-fa,1
night-worms,1
no,1
no-brain-cells,1
new-2023,1
netgally,1
need-to-finish-series,1
netgalley-co-uk,1
nervous-breakdown-book-club,1
net-galley-2024,1
net-galley-books-for-review,1
netgalley-2022,1
netgalley-and-giveaways,1
netgalley-arc-2023,1
netgalley-arc-reads,1
netgalley-giveaways,1
netgalleyarc,1
netgalley-or-booksirens,1
netgalley-or-publisher,1
netgalley-read,1
netgalley-shelf,1
netgalley-tbr,1
netgalley-x,1
netgalley2023,1
peak-aesthetics,1
pew-pew-in-space,1
reviewed-for-smexy,1
read-on-kindle,1
read-kindle-unlimited,1
read-list-2023,1
read-literary-fiction,1
read-magical-realism,1
read-netgalley,1
read-next,1
read-no-physical-copy,1
read-on-kindle-unlimited,1
read-it-with-whiskey-podcast,1
read-on-libby,1
read-on-paperback,1
read-sci-fi,1
read-soon-sff,1
read-the-rainbow-23,1
read-ya-scifi,1
read_2024,1
read-kindle,1
read-in-german,1
readalongs,1
read-audiobooks,1
read-again,1
read-and-liked-fantasy,1
read-and-liked-scifi,1
read-and-unhauled,1
read-arcs,1
read-as-an-arc,1
read-as-ebook,1
read-but-don-t-have-and-want,1
read-in-english,1
read-earc,1
read-ebooks,1
read-fantasies,1
read-fantasy,1
read-first-reads-giveaway,1
read-for-myself,1
read-in-23,1
read_in_2024,1
readin23,1
read-2k24,1
renée-recommends,1
recs-of-my-all-time-fav,1
regency,1
regular-books,1
reihe,1
released-in-2023,1
releases-2021,1
releases-2023,1
rereads,1
recommended-reading,1
retelling-movie,1
retelling-mythology,1
reveiw-of-the-year,1
review-pending,1
reviewed-arcs,1
reviewed-by-me,1
reviewed-elsewhere,1
recs-indie,1
recommended,1
reading-2024,1
really-excited-for,1
reading-in-2024,1
reading-rainbow-finished,1
readings-2023,1
reads-in-2023,1
reads-of-2023,1
readtoreview,1
really-enjoyed,1
really-good-fun,1
recommendations,1
reasons-to-live-longer-i-guess,1
recc-d,1
reccomended,1
received-arcs,1
recent-want-to-reads,1
recenzenci,1
recommend,1
read-adult,1
read-2024-releases,1
philosophy,1
post-apocalyptic,1
popsugar-2023-reading-challenge,1
popsugar-challenge-2024,1
popsugar2024,1
posiadane,1
possessive-mates,1
possessive-mmc,1
post-2000-fantasy,1
posthuman,1
pookies-book-club-3,1
practically-perfect-in-every-way,1
pregnancy-breeding-trope,1
pregnancy-kid,1
previously-owned,1
print,1
priority,1
prose,1
popsugar-2023,1
poly-love,1
psionics,1
pirates-mermaids-and-sirens-oh-my,1
physical-books,1
physical-library,1
physical-owned,1
physical-read,1
physical-shelf,1
physically-owned-read-books,1
pippity-poppity-give-me-the-zoppity,1
pk,1
politics-or-climate,1
platonic-ships,1
plotsnthotsbc-books,1
pnr-monster,1
pnr-vamps-shifter-fae-witches,1
poc-rep,1
police-procedural,1
politics-feminism-religion,1
protectivehero,1
psions,1
read-2022-no-rereads,1
rating-1-star,1
r-fantasy-2024-bingo,1
r-fantasy-bingo,1
r2024,1
racism,1
rainbow-horror,1
random-fiction,1
rated-m-for-mature-spicy,1
rating-2-stars,1
quest-for-excellence-spring-2024,1
rating-3-stars,1
rating-4-stars,1
rating-four-stars,1
rc,1
re-reading,1
re-reads,1
read-2021,1
quick-reads,1
queer-themes,1
psyche-psychology,1
quasi-historical-with-magic,1
psychic,1
psychics,1
pub-2023,1
publicity-reads,1
published-2023,1
published-in-2023,1
pure-smut,1
queer-af,1
queer-tales,1
queer-characters,1
queer-fiction,1
queer-horror,1
queer-lgbtqia,1
queer-rep-demi,1
queer-sci-fi-fantasy,1
queer-sides,1
paranormal-or-urban-fantasy,1
favourite-couples,1
graphic-novel-comics-manga,1
ate-it-up-in-one-go,1
aty-2024-challenge,1
au,1
aud-adult,1
audibles-own,1
audio-library,1
audio2023,1
audio_wanted,1
audiobook-reads,1
audiobook-via-netgalley,1
audiobooks-read,1
audios,1
august-2023,1
august23,1
auteurices,1
auth-f-v,1
author,1
author-2-asian,1
aty-2024,1
at-slo-paso-bg-pa,1
author-is-ownvoices,1
at-his-mercy,1
asian-authored,1
asian-based,1
asian-diaspora,1
asian-drama-reads,1
asian-lit-setting-characters,1
asian-novels,1
asian-protagonists,1
asian-reads,1
asian-rep,1
asian-rep-or-author,1
asian-representation,1
asian-scifi,1
asian-writers,1
assassin,1
assassins-spies-mercenary,1
asshole-heroes,1
assorted-human-magic-users,1
author-has-a-tin-ear,1
author-jennifer-estep,1
asia,1
autumn-tbr,1
available-kindle,1
avoid-on-audiobook,1
awesome,1
awesome-characters,1
awesome-cover,1
awesome-fantasy,1
b-kindle-unlimited,1
b-series,1
babelio,1
babies,1
baby-daddy,1
bad-ass,1
bad-dialogue,1
bad-dnf,1
bad-teacher,1
badass-fmc,1
badass-heroine,1
avail-at-public-library,1
autoras,1
author-of-indian-origin,1
autobuy-author,1
author-poc,1
author-rep-asian,1
author-rep-south-asian,1
author-signed,1
author-stole-my-heart,1
author-to-read-again,1
author-to-watch,1
author-willow-winters,1
author-woman-nbi,1
author_female,1
author_nonbinary,1
authors-bipoc,1
authors-lgbtqia,1
authors-of-colour,1
authors-r-z,1
auto-buy-authors,1
auto-read-author,1
asian-american,1
ashy-needed-lotion,1
graphic-illustrated,1
angst-and-heartbreak,1
annoying-hero,1
another-world,1
ansgty-af,1
anthologies-shorts,1
anthropocene-novels,1
anti-mimesis,1
anticipated,1
anticipated-2023-releases,1
anticipated-release,1
anticipated-releases,1
antiheroes,1
antiheroes-villains-outcasts,1
anxiety-disorders,1
apl,1
apocalyptic,1
apollycon-2024,1
arc-2022,1
angsty-brooding,1
angry-books-for-angry-women,1
arc-alc,1
angels-or-demons,1
alternating-time-frames,1
alternative-reality,1
am-i-prepared-for-this-ending,1
amazon-finds,1
american,1
american-lit,1
american-literature,1
american-novels,1
americans,1
americas,1
amnesia,1
amputation-and-loss-of-limb,1
ancestral-magic,1
ancient-fiction,1
ancient-world,1
ancient-world-other,1
angels-demons-gods-divine-creatures,1
arc-ad-pr,1
arc-arc-arc,1
artist,1
arcs-etc,1
arcs-from-publishers,1
arcs-giveaway,1
arcs-i-got,1
arcs-netgalley-giveaways-to-review,1
arcs-netgalley-reviews,1
arcs-ng,1
arcs-of-mine,1
arcs-or-gifts,1
arcs-or-recs,1
arcs-or-review-copies,1
arcs-review,1
arcs-tbr,1
arcs-x1faf6,1
arcs2022,1
arcs2023,1
arcstodevour23,1
aristocracy,1
arcs-freebies,1
arcs-edelweiss-netgalley,1
arc-author,1
arcs-by-authors-publishers,1
arc-beta,1
arc-books-from-netgalley,1
arc-galley,1
arc-gifted-book,1
arc-netgalley-or-alc,1
arc-purchased,1
arc-read-and-reviewed,1
arc-reads-2023,1
arc-received,1
arc-tor,1
archaeolibrarian-2023,1
arcs-2023-release,1
arcs-2024,1
arcs-advanced-reader-reviews,1
arcs-alcs-beta,1
arcs-alcs-finishedcopies,1
arcs-and-giveaways,1
badass-leading-ladies,1
bag-end-book-club,1
bage-mature,1
book-inspiration,1
book-reviews,1
book-to-movie-or-tv,1
book-tok,1
book-tour,1
book-tour-books,1
book-tours,1
book-wives,1
book_series,1
bookfort-books,1
bookofthemonth,1
books-2023,1
books-at-the-library,1
books-by-me,1
books-for-ghibli-fans,1
books-for-me-2024,1
books-from-my-childhood,1
books-horror,1
book-releases-2023,1
book-husbands,1
books-i-ll-read-again,1
book-hoarder-2024,1
bonkers,1
book,1
book-about-best-friends,1
book-about-family,1
book-bingo-selection,1
book-box,1
book-challenge-2023,1
book-circle,1
book-club-2023,1
book-club-gr-sff,1
book-club-reads,1
book-club_scifi,1
book-collection,1
book-covers-i-love,1
book-crack,1
book-funnel,1
book-hangover,1
books-i-adore,1
books-i-love,1
bage-young-adult,1
books-that-speak-to-my-soul,1
books-to-reread,1
books-with-diversity,1
books-with-lgbt-characters,1
books-with-lgbtqia-characters,1
books-with-science,1
books-with-ships-that-destroyed-me,1
books-won,1
books-you-can-trust,1
books-you-should-really-check-out,1
bookshelf-wishlist,1
booksprout-arc,1
booksreadin2024,1
booktalk,1
booktok-bookstagram,1
booktok-made-me-do-it,1
booktok-recommendations,1
booktok-told-me-to,1
books-to-buy,1
books-that-have-no-parallel,1
books-i-own-and-have-read,1
books-that-destroyed-me,1
books-i-personally-bought,1
books-i-read-in-september-2023,1
books-i-reviewed,1
books-i-want-to-buy,1
books-i-will-read-again,1
books-i-wish-i-could-forget,1
books-i-won,1
books-in-a-series,1
books-in-a-series-romance,1
books-in-my-shelves,1
books-ive-read-in-2024,1
books-of-2023,1
books-of-2024,1
books-of-my-heart,1
books-of-note,1
books-read-2024,1
books-read-off-my-bookshelves-2024,1
bodyguard-my-body-sir,1
bodyguard,1
body-count,1
bedside-vigil,1
beloved,1
beloved-animal-companion-stays-safe,1
berkley,1
berkley-trade,1
best-book-ever,1
best-fantasy,1
best-fantasy-ever,1
best-in-2024,1
best-of-the-best,1
best-of-the-decade-2020-2029,1
best-reads-2023,1
best-villains,1
best-worlds,1
beta,1
beta-hero,1
better-idea-than-execution,1
better-siblings-than-my-own,1
bedste-bøger-2023,1
beauty-and-the-beast-theme,1
body-betrayal-syndrome,1
beauty-and-the-beast,1
baihe-danmei,1
ballet,1
ballet-theater,1
band-of-rascals,1
banter-slander,1
barely-finished,1
barnes-and-noble,1
bb-caffeine-legends,1
bd-comic,1
beasties,1
beasts-monsters-demons,1
beauties,1
beautiful-characters,1
beautiful-cover,1
beautiful-world-building,1
beautiful-writing,1
beautifully-broken-bastards,1
bex-buddy-reads,1
beyond-the-big-5-2021,1
beyondthebig5,1
bff-book-club,1
black-dark-academia,1
black-fantasy,1
black-girl-magic,1
black-leads,1
black-mc,1
blah-and-meh,1
blah-meh-didn-t-like,1
bland-as-all-heck,1
blog-tour,1
blood,1
blood-and-gore-depiction,1
blood-play,1
bloody-times,1
blt,1
blurbed,1
blusher-si-koya,1
boc-2023,1
bl-danmei-mm-books,1
bl-danmei,1
bizarre,1
bingo-read,1
bi-or-pan,1
bi-rep,1
bi-the-way,1
big-ideas,1
big-strong,1
bingo-2023,1
bingo-23,1
biopunk,1
biting-marking,1
bipoc-actor,1
bipoc-author,1
bipoc-books,1
bipoc-bookshelf,1
bipoc-character-or-author,1
bipoc-protagonist,1
birthday-presents,1
alternate-world,1
altered-my-brain-chemistry,1
alt-history,1
2023-read-shelf,1
2023-reading,1
2023-readings,1
2023-reads-137,1
2023-releases-i-want-to-read,1
2023-releases-im-excited-for,1
2023-releases-read,1
2023-science-fiction,1
2023-sf,1
2023-sff-bookshelf-challenge,1
2023-sff-challenge,1
2023-summer-reads,1
2023-top-8,1
2023-trades-read,1
2023-wbtm-book-opoly-challenge,1
2023_all,1
2023_all-reads,1
2023_climate,1
2023-read-your-shelves,1
2023-read-books,1
2023_novellas,1
2023-queer-fiction,1
2023-ebooks-free,1
2023-edelweiss,1
2023-fall-reads,1
2023-in-2023,1
2023-indie,1
2023-june-reading-challenges,1
2023-least-favourite,1
2023-mar,1
2023-middle-grade,1
2023-most-excited-releases,1
2023-net-galley,1
2023-netgalley-all-reads-challenge,1
2023-netgalley-reads,1
2023-novels-read,1
2023-pub-date,1
2023-publish-date,1
2023-published,1
2023_july_alf_hob,1
2023challenge,1
2024audio,1
2024-ng-arcs,1
2024-on-my-radar-releases,1
2024-popsugar-challenge,1
2024-popsugar-reading-challenge,1
2024-priority-tbr,1
2024-prose,1
2024-read-your-shelf-completed,1
2024-read-your-shelf-done-arcs,1
2024-reading,1
2024-reading-goals,1
2024-reading-list,1
2024-series-and-sequels,1
2024-sf,1
2024-sff,1
2024-sff-bookshelf-challenge,1
2024-shelf,1
2024-the-52-book-club-challenge,1
2024-top-books,1
2024-on-goodreads,1
2024-new-releases,1
2023netgalleychallenge,1
2024-nebula-nominees,1
2023reads,1
2024-02,1
2024-24-book-challenge,1
2024-anticipated,1
2024-arc,1
2024-audiobook,1
2024-books-completed-read-dnf,1
2024-coyer-unwind,1
2024-debut,1
2024-favourites,1
2024-february-reading-challenges,1
2024-finished-books,1
2024-horror-aficionados-song-title,1
2024-hugos,1
2024-march-reading,1
2024-march-reading-challenges,1
2024-mights,1
2023-ebook,1
2023-done,1
2023-debuts,1
1-owned,1
1-star-hated-it,1
10-2023,1
13-moons-challenge,1
14-24,1
18,1
1800s,1
1c-physical-copy,1
1fantasy,1
1st-person-dual-pov,1
1st-person-pov,1
1thriller-mystery-suspense,1
2-5-stars,1
2-and-a-half-stars,1
2-dimensional,1
2-ebook-read,1
2-paranormal-fantasy,1
2-political-intrigue,1
1-rating-2-and-a-half-stars,1
1-of-my-favorite-authors,1
2023-danmei,1
1-netgalley,1
0-2023-read,1
0-audio,1
0-book-to-movie,1
0-ebooks,1
0-fantasy-paranormal,1
0-safe-with-exceptions,1
0-women-writers,1
00mibibliotecabu,1
02-stars,1
03-2024,1
03-24,1
04-april-2024,1
06-23,1
0reviewed,1
1-black,1
1-fantasy,1
1-must-read-fantasy-books,1
2-pov,1
2-star-reads,1
2-stars-or-lower,1
2000s,1
2023-2025,1
2023-4-stars,1
2023-a-z-book-title-challenge,1
2023-actual-finished,1
2023-adult,1
2023-adult-fantasy-sf,1
2023-anticipated-reads,1
2023-anticipated-release,1
2023-arc-reviews,1
2023-arcs-and-digital-copies,1
2023-aty,1
2023-audiobooks,1
2023-best-of,1
2023-books-i-m-excited-for,1
2023-books-i-read,1
2023-bookshelf,1
2023-conpletes,1
2023-2024-releases,1
2023-2024-cybils-award,1
2023-1st-quarter,1
2021-wbb-game-of-life,1
2020-2029,1
2020-read,1
2020-s,1
2020s-spec-fic,1
2021-avengers-reading-challenge,1
2021-read,1
2021-tbr,1
2022-2023-tbr,1
2023-11-november,1
2022-challenge-books,1
2022-favorites,1
2022-favourites,1
2022-release,1
2022-tbr,1
2023-08-august,1
2023-1-2-star-reads,1
2024-uno,1
2024srcspring,1
also-a-movie,1
adorable,1
adult-and-new-adult,1
adult-books-done,1
adult-epic-fantasy,1
adult-fantasy-dystopian,1
adult-fantasy-historical-mystery,1
adult-mystery-thriller,1
adult-or-new-adult,1
adult-paranormal-uf,1
adult-read,1
adult-romantasy,1
adult-series,1
adult-sff-horror,1
adult-thriller-mystery,1
advance-review-copy-digital,1
advanced-copy,1
advanced-reader-copy,1
advancedreadercopies,1
adult-adult-fantasy,1
adora-belle,1
adventurequeer,1
addictive,1
abuse-trauma,1
academic-setting,1
accidentally-married,1
achillean-mc,1
achillean-romance,1
acquired-bought-new,1
action-adventure-mm,1
action-driven,1
action-thriller-adventure,1
action_adventure,1
actionpacked,1
activist,1
actual-bookshelf,1
actually-read,1
adaptation,1
add-to-site,1
added-2023,1
adventure-thrillers,1
adventurous,1
2024top50,1
alien-boyfriend,1
aliens-space,1
all-arcs,1
all-booked-bookclub,1
all-time-fav,1
all-time-fav-rereads,1
all-time-fave-book-bfs,1
all-time-favs,1
all-time-favzz,1
all-timers,1
almost-dnf,1
alpha-assholes-i-love,1
alpha-hero,1
alpha-hole,1
alpha-males,1
alphaholes,1
already-bought,1
already-released-acrs,1
aliens-outer-space,1
alcoholism,1
af,1
ai-jiang,1
african,1
african-culture,1
african-mythology,1
african-sff,1
africanfuturism,1
afrocentric-genre,1
age-25-plus,1
age-adult-adult,1
age-category-adult,1
age-gap-or-power-differential-mm,1
age-gap-romance,1
age-gaps,1
age-middle-grade,1
age-range-young-adult,1
age-ya,1
ai,1
ai-and-your-brain-on-tech,1
abuse-physical-or-emotional,1
abuse-parental,1
absolutely-worth-it,1
3-and-a-half,1
3-favorites,1
3-good-books,1
3-lgbt,1
3-mlm-rep,1
3-royalty,1
3-star-read,1
3-star-reads,1
3-star-reads-2023,1
300-350-pages-minus-plus,1
300plus,1
3a-high-republic-phase-ii,1
4-5-twinkling-stars,1
4-ku,1
4-star-read,1
4-stars-just-barely,1
4-war-or-rebellion,1
400-600-pages,1
3-and-some-extra-stars,1
3-5,1
absolutely-awful,1
2stars,1
20th-century,1
21st-century-british,1
23-02,1
23-24-cw,1
23-24-read-your-hight,1
23-books,1
23-books-in-2023,1
23-fic,1
24-books-in-24,1
24-for-2024,1
24-read,1
25-aged-characters,1
2nd-book-in-a-trilogy,1
2nd-book-in-series,1
2nd-chance,1
2nd-world-fantasy,1
2slgbtqia,1
44-at-44,1
4b-silver,1
4point5-star,1
5-african-women-2024,1
a-love-story,1
a-must-read,1
a-scifi,1
a-tiny-bit-queer,1
a-young-adult,1
a-z-2024,1
aapi-rep,1
abandoned-series,1
abilities-and-powers,1
abominable,1
abominable-book-club,1
about-ecology-or-sustainability,1
about-nature-or-natural-history,1
absolute-bangers,1
absolute-favorites,1
absolute-favourites,1
absolutefavorites,1
a-little-explicit-content,1
a-kindle-unlimited,1
a-jack-in-the-box-pop-surprise,1
5-stars-is-simply-not-enough,1
5-star-books-2023,1
5-star-favorites,1
5-star-favorites-that-impacted-me,1
5-star-ratings,1
5-star-reads-fiction,1
5-star-recommended-reads,1
5-star-worldbuilding,1
52-2024,1
a-few-tears-were-shed,1
52-books-challenge-2024,1
5star,1
5stars2023,1
6-2024,1
6star,1
8-stars,1
9s,1
booktours,1
booktours-2023,1
booktube-booktok-recs,1
fantasy-to-read,1
fantasy-urban,1
fantasy-ya,1
fantasy_and_sci-fi,1
fantasy_reads,1
fantasyish-sci-fi,1
fantasyz-rfbingo-2023-hm1234,1
fantasyz-rfbingo-2024-hm1,1
fantsy,1
far-future,1
fast-burn,1
fast-paced,1
fat,1
fated-bonds-soul-mates,1
fated-mates-yarn,1
fav-books-and-series-ever,1
fav-books-of-2023,1
fav-fantasy,1
fantasy-traditional,1
fantasy-sf,1
fav-scifi,1
fantasy-series,1
fantasy-is-my-whole-life,1
fantasy-lgbtqia,1
fantasy-m-m,1
fantasy-magic-sci-fi-bitch,1
fantasy-magic-scifi,1
fantasy-mid,1
fantasy-my-beloved,1
fantasy-or-pnr,1
fantasy-or-science-fiction,1
fantasy-pnr,1
fantasy-pnr-scifi,1
fantasy-pnr-scifi-apocalyptic,1
fantasy-read,1
fantasy-reads,1
fantasy-realms,1
fantasy-science-fiction,1
fantasy-scifi-series,1
fav-graphic-novels,1
fav-self-published,1
favourite-couples-ever,1
favorite-indie,1
favorite-main-character,1
favorite-reads-of-2023,1
favorite-romance,1
favorite-sff,1
favorite-villains,1
favorite-why-choose,1
favorites-aka-5-stars-books,1
favorites-d,1
favorites-fantasy,1
favorites-highkey-would-rate-a-6,1
favorites-of-all-time,1
favorites-of-the-year,1
favourite-23-of-2023,1
favourite-24-of-2024,1
favourite-authors,1
favourite-books,1
favourite-character-ever,1
favorite-lgbtq-books,1
favorite-fantasy,1
fav-strong-fmcs,1
favorite-covers,1
fave-books,1
fave-dark-romance,1
fave-fantasies,1
fave-gns,1
fave-of-all-time,1
fave-reads-23,1
faves-2024,1
faves-of-all-time,1
faves-read-in-2023,1
favorite-and-formative,1
favorite-authors-books-3,1
favorite-book-boys,1
favorite-book-girls,1
favorite-books-2023,1
favorite-books-all-genres,1
favorite-characters,1
favorite-couple,1
fantasy-in-an-urban-setting,1
fantasy-i-read,1
fantasy-horror,1
enjoyed,1
entertaining,1
enthralling,1
entire-book-collection,1
environmental,1
environmental-story,1
environmentalism,1
epic,1
epic-worldbuilding,1
eram,1
ereader,1
erotic,1
erotic-novels,1
espionage,1
established-relationship,1
eventually-going-to-read,1
everand,1
ex-mil-badass-possibly-ungendered-a,1
entangled,1
english-translated,1
fantasy-general,1
english-read,1
elementals,1
elementary,1
ell-gee-bee-tee,1
emotional,1
emotional-damage,1
emotional-read,1
emprunt-bibli,1
enby-character,1
enclave,1
end-of-2023-tbr,1
endoftheyeartbr,1
enemies,1
enemies-to-lovers-or-bully,1
enemy-to-lovers,1
eng,1
english-adult,1
english-fantasy-sf,1
excited,1
exclusive-edition,1
existential-horror,1
explicit-content,1
fantasia,1
fantastical-love-story,1
fantastique,1
fantastisches,1
fantasty,1
fantasy-02-series,1
fantasy-06-asian,1
fantasy-adventure,1
fantasy-adventures-journey,1
fantasy-and-mythology,1
fantasy-contemporary-and-urban,1
fantasy-epic,1
fantasy-favorites,1
fantasy-fiction,1
fantasy-frenemies,1
fantasy-funny,1
fantasy-gays,1
family,1
fall-reads,1
fall-books,1
fairies,1
f-f,1
f-f-romance,1
f-fantasy,1
f-sf,1
faeries-fae-and-elves,1
faeries-or-folklore,1
failed,1
fairy-tale-retellings,1
fake-relationship,1
fairy-tales-and-classics-retold,1
fairy-tales-folklore-myths,1
fairyloot-adult,1
fairyloot-books,1
fairyloot-edition,1
fairyloot-et-al,1
fairyloot-illumicrate-botm,1
0-200,1
favourite-reads,1
ehrtbm-2022,1
gay-shit-fantasy-inclusive,1
gender-swapped-retellings,1
general-fiction,1
genre-action,1
genre-bisexuals,1
genre-campy,1
genre-cultural-african,1
genre-dystopian,1
genre-fantasy-historical,1
genre-fantasy-na,1
genre-fantasy-urban-pnr,1
genre-fiction,1
genre-funny,1
genre-high-fantasy,1
genre-lgbtqia,1
genre-literary,1
genre-mm-fan-uf,1
genre-science-fiction,1
gays-in-space,1
gay-sff-murder-mysteries,1
genre-space-fantasy,1
gay-main-character,1
from-the-publisher,1
frustrating,1
full-review,1
fun-fun-fun,1
fun-reads,1
future-history,1
g-paranormal,1
g-romance,1
g-romance-smut,1
g-sci-fi,1
g-sff,1
galaxy-far-far-away,1
galleys,1
game-related-books,1
gave-up,1
gay-bi-lesbian-ace,1
gay-fantasy-theme,1
genre-sf-f,1
genre-speculative,1
favourite-saga,1
go-native,1
god-tier-books,1
gods-and-goddesses,1
good-memories,1
good-reads-giveaways,1
goodread-giveaways,1
goodreads-giveaway-wins,1
goodreads-giveaways,1
goodreads_giveaways,1
gore,1
gothic-novel-research,1
gothic-novels,1
gothic-paranormal-vibes,1
gothic-romance,1
gothic-stories,1
graphic,1
graphic-and-manga,1
graphic-comics,1
goal-1-high-fantasy,1
gn,1
genre_fantasy,1
glbt-interest,1
genre_mythic-fantasy,1
gentle-giants,1
geschrieben-21-jh,1
ghosts-and-demons,1
ghosts-ghouls-goblins,1
ghosts-or-people-who-can-see-them,1
girlhood-womenhood-gender,1
girls,1
girls-behaving-badly,1
give-away,1
giveaway,1
giveaway-entries,1
giveaway-win,1
giveaway-winner,1
giveaway-wins-ʚɞ,1
giveaways-from-goodreads,1
giveaways-win,1
friendship-of-the-unshakable-kind,1
friends-first,1
friend-to-lovers,1
femalewriter,1
feminist,1
feminist-fiction,1
feminist-reads,1
feminist-themes,1
femminismo,1
fic-sci-fi-fantasy,1
fiction-2024,1
fiction-and-literature,1
fiction-climate,1
fiction-high-fantasy,1
fiction-horror,1
fiction-literary,1
fiction-read,1
fill-my-bathtub-with-these,1
finished-arcs,1
finished-bl-novels,1
finished-it,1
feminism-women-s-rights,1
females-who-fight-back,1
friend-recos,1
female-protagonist,1
favourites-5-star,1
favourites-of-2023,1
favourites-shelf,1
favs-longlist,1
favs-of-2024,1
feat-xianxia-and-wuxia,1
feather-wip-comps,1
feb-2024-reads,1
february-pile,1
feel-good-books,1
feeling-the-aster,1
feelings-atmospheric,1
feelings-most-anticipated-tbr,1
fem-asian-authors,1
female-lead,1
female-led,1
female-main-characters,1
finn-solo,1
fire-arson-immolation,1
first-editions,1
first-love,1
forgot-to-turn-on-the-oven,1
forgotten-realms,1
form,1
form-audiobook,1
form-ebook,1
format-audio,1
format-e-book,1
format_novel,1
four-stars,1
four_stars,1
foxenwood,1
fractured-fairytales,1
freaky-supernatural-adventures,1
free-arcs,1
freebie,1
freebies-and-gifts,1
freecopy,1
forgettable,1
forever-favorites,1
foreign-literature,1
floater,1
first-novels,1
first-person-pov,1
fist-a-cuffs,1
five-star,1
five-star-books,1
floab2022,1
floab22,1
flora-and-fauna,1
foreign-beauty,1
fmc-more-powerful,1
fmc-wounded-bird,1
focus-lgbtq-main-romance,1
folklore-myths-legends-fairy-tales,1
for-blog,1
for-my-father,1
for-pleasure,1
eldritch-fun,1
eerie-bingo,1
booktube-made-me-do-it,1
cn-death-of-animal,1
cnovels-xianxia-wuxia-more,1
codexians,1
colaboracion,1
collection-fairyloot,1
collection-goldsboro-gsff,1
collection-locked-library,1
college,1
colonizer-romance,1
colony-on-a-alien-world,1
comedy,1
comedy-parody,1
comfort-and-serotonin,1
comfort-books,1
comfort-literature,1
comfort-read,1
comic,1
comic-books-and-graphic-novels,1
cn-homophobia,1
cn-abusive-relationship,1
comic-zoned,1
close-to-my-heart,1
christian,1
christmas-list-for-my-husband-lol,1
clairvoyants,1
clarklibrary,1
classics,1
claustrophobic,1
clean,1
clean-fiction,1
clean-reads,1
clean-ya,1
clever,1
cli-fi,1
cliche,1
cliche-ya,1
cliffhanger,1
climate-thriller,1
climatepunk,1
comic-graphic-novels,1
comics-webtoons,1
crank-the-ac-im-melting,1
cooler-in-concept-than-execution,1
cosy-mystery,1
cottage-core,1
cottagecore,1
could-not-finish,1
couldn-t-finish,1
cover-appreciation,1
cover-envy,1
cover-porn,1
cover-supremacy,1
coverly-love,1
covers-i-love,1
coyer-upside-down-2023,1
coyer-upside-down-chapter-1,1
cozy-af,1
cozy-horror,1
cozy-light,1
cozy-paranormal,1
corporate-scifi,1
cool-magic-systems,1
coming-back-to,1
continuation-of-a-series,1
coming-now,1
coming-of-age-horror,1
coming-of-age-mm,1
commentary,1
commuting-listen,1
completed-2024,1
completed-arcs,1
complicated-relationships,1
conflicted-feelings,1
confusing-plot,1
connoisseur-for-sex-for-reasons,1
cons-capers,1
conservation-ecology,1
contemplative,1
contemporary-realistic,1
contemporary-with-a-twist,1
continuation,1
chosen-ones,1
choking,1
chinese-novels,1
broken-binding,1
brutal,1
buddy-group-read,1
buddy-reading,1
buddy-reads-with-nebula-allies,1
bueno,1
burn-rate-fast,1
bury-me-with-them,1
buy-these,1
buy-this-now,1
buzzwordathon,1
by-library,1
by-sea-authors,1
bücherei,1
bücherregal,1
c-autumn-leaves-scary-please,1
c-dragons,1
c-fantasy,1
brooding-paladin,1
broke-my-heart-with-disappointment,1
chinese-japanese-stuff,1
british,1
booktube-made-me-read-it,1
booktuber-bookstagram-booktok,1
boooo-animal-cruelty,1
boring-annoying-or-stupid-mc,1
borrowed-from-a-friend,1
borrowed-from-the-library,1
borrowed-then-bought,1
bought-2023,1
bought-2024,1
bought-looked-interesting,1
boy-love,1
boys,1
boys-who-like-boys,1
br-2023,1
brain-candy,1
breathlessly-anticipating,1
brighteyes,1
california,1
california-fiction,1
cambridge-edition-book-club,1
can-i-marry-u,1
challenger-corner-biggest-loser,1
challenges,1
challenges-shisha-readingrhythm-22,1
changed-my-life,1
character-alien,1
characters-diverse,1
cheating,1
check-out-that-cover,1
chicano-literature,1
chick-i-want-to-hang-out-with,1
chick-lit,1
chick-literature,1
childbirth,1
children-s-fiction,1
childrens-graphic-novels,1
childrens-middle-grade,1
chinese-fantasy,1
challenge-corner-solo-qtrly,1
challenge-2023,1
cf-fantasy-dystopian,1
casa-assombrada,1
can-t-wait-for-2023,1
canadian,1
canadian-content,1
cancer-and-terminal-illness,1
cape-and-sword,1
captivating-boomerang,1
cartoon-covers,1
casas-encantadas,1
celibate-hero,1
cat,1
category-fiction,1
cbr15,1
cbr15-bingo,1
cbr15-passport,1
celebrate-lit,1
celeste-recommends-romantasy,1
cozy-reads,1
crazy-cannibalistic-lesbian,1
educated-fmc,1
dnf-shelf,1
dnf-x1f62c,1
dnf2022,1
dnfed-series,1
dnfnotme,1
dnfs-2023,1
do-not-do-a-reread,1
do-not-read,1
dogs,1
dom-brat,1
dominant-alpha,1
don-t-own,1
dont-own,1
double,1
double-double-toil-and-trouble,1
double-stuffed,1
dragon-books,1
dragons-in-fiction,1
dnf-skim-finish,1
dnf-reads,1
dramarama,1
dnf-past-50-perc,1
disappointed-due-to-the-hype,1
dislike-to-lovers,1
distopie,1
disturbing,1
diverse,1
diverse-and-women-authors,1
diverse-author,1
diverse-fiction,1
diversity,1
dmla,1
dnd-and-stuff,1
dnd-novels,1
dnf-but-i-tried,1
dnf-but-might-try-later,1
dnf-d,1
dnf-lemmed,1
dnf-might-get-to-it-sometime-later,1
dragons-sexy,1
drc,1
creative-worldbuilding,1
east-asian-fantasy,1
east-asian-mc,1
eastasian-southeastasian,1
easy-read,1
eboek,1
ebook-collection-kindle,1
ebook-kindle,1
ebook-laptop-phone,1
ebook-read,1
ebook-reads,1
ebooks-completed,1
ebooks-library,1
eccentric,1
eco-sci-fi,1
ecologia,1
ecology,1
edeeweiss-yadda-yadda,1
edelweiss-arc,1
east-asian-literature,1
east-and-southeast-asian-books,1
drinking,1
earcs,1
drugging,1
dual-point-of-view,1
dungeons-and-dragons,1
dungeons-dragons,1
duty-vs-love,1
dystopia-apocalypse-climate-change,1
dystopian-fiction,1
dystopian-post-apocalyptic,1
dystopian-speculative,1
dystopian-utopian,1
dystopic,1
e,1
e-arcs,1
e-books-that-i-own,1
e-read,1
ea,1
eagerly-awaiting,1
disability-rep-phys-or-mental,1
disability-rep-loss-of-limb,1
disability-mh-nd,1
curvy-fmcs,1
cómics,1
d-and-d-world,1
da-comprare-fisico,1
daddy-issues,1
damn-good-book,1
damnei,1
dance,1
danmei-and-manhwa,1
danmei-if-i-do,1
danmei-or-bl,1
danmei-shelf-1,1
dark-academia-gothic-vibes,1
dark-and-tempting,1
dark-angst,1
dark-fanatsy,1
dark-fantasies,1
dark-fiction,1
cute,1
curses,1
disability-disorders-illness-x,1
currently-owned,1
creators,1
creatures-are-featured,1
creepy-crawlies,1
crime-fiction,1
crime-legal,1
crime-mystery-suspense-x,1
criminally-underrated,1
criminals,1
cringe,1
croatian-fantasy,1
cuban,1
cults,1
cultural-feminist,1
cunning-and-plotty-mcs,1
curated,1
current-events,1
currently-have,1
dark-hair-grey-morals,1
dark-or-dark-themes,1
dark-or-horror,1
dark-paranormal-fantasy,1
despacito,1
detective,1
deutschsprachige-literatur,1
diane-s-meager-effort,1
did-not-connect,1
didn-t-finish,1
didnt-expect-ending,1
didnt-make-it,1
different,1
different-country,1
digital,1
digital-arc,1
digital-copy,1
digitally-on-my-bookshelf,1
digitally-owned,1
disability-awareness,1
disability-disorder-mental-illness,1
demons-and-dudes-with-horns,1
demon-hero,1
demon,1
de-beste-en-mooiste-boeken,1
dark-prophecy,1
dark-romantasy,1
dark-stormy-vibes,1
dark-woods,1
darlings,1
darrkeh,1
dbf,1
de-flowered,1
delightful,1
debut-novel,1
debutant,1
debuts,1
dec-2023,1
december-2022,1
december-tbr,1
deep-female-relationships,1
中国和台湾,1
