Tag,Frequency
fantasy,313
2023,253
science-fiction,99
netgalley,90
arc,82
favorites,77
sci-fi,60
fiction,60
arcs,58
2024,58
audiobook,57
urban-fantasy,56
2023-reads,51
adult,44
romance,43
danmei,39
kindle-unlimited,38
horror,36
read-in-2023,34
dnf,33
novella,33
ebook,33
middle-grade,32
audiobooks,29
kindle,28
mystery,28
2023-read,26
2023-releases,25
audio,25
read-2023,24
paranormal,24
2023-books,23
magic,22
lgbtqia,19
lgbtq,19
scifi,18
fantasy-romance,17
owned,17
5-stars,17
reviewed,16
books-i-own,15
dragons,14
fae,14
paranormal-romance,13
4-stars,13
2023-release,12
own,12
aliens,12
academy,12
lgbt,11
library,11
e-book,11
adventure,11
dystopian,11
audio-book,11
rh,10
fairyloot,10
abuse,10
fated-mates,10
reverse-harem,9
shifters,9
ebooks,9
sf,9
historical-fiction,8
net-galley,8
age-gap,8
demons,8
sci-fi-romance,8
queer,8
read-in-2024,8
2024-read,7
childrens,7
alien-romance,7
2023-books-read,7
2023-favorites,7
short-stories,7
novellas,7
action,7
2024-reads,7
fairytales,7
enemies-to-lovers,7
mm,7
favorite,7
favourites,7
humor,7
forced-proximity,7
sci-fi-fantasy,7
retellings,7
demon,6
adult-fiction,6
action-adventure,6
dark,6
read-2024,6
why-choose,6
fairy-tales,6
3-star,6
historical,6
giveaways,6
arc-netgalley,6
retelling,6
review-copy,5
high-fantasy,5
series,5
monster-romance,5
sff,5
audio-books,5
children-s,5
netgalley-arcs,5
ya,5
children,5
high-school,5
anthology,5
young-adult,5
netgalley-arc,5
authors-of-color,5
4-star,5
books-to-buy,5
arc-reviews,5
sapphic,5
ku,5
fairytale-retelling,5
alien,5
monster,5
romantasy,5
2022,5
fantasy-scifi,5
borrowed,5
ya-fantasy,4
5-star,4
friends-to-lovers,4
books-read-in-2023,4
m-f,4
faves,4
fantasy-urban,4
space-opera,4
danmei-baihe,4
dystopia,4
shapeshifters,4
middlegrade,4
m-m,4
books-i-read-in-2023,4
review-copies,4
5-star-reads,4
fairytale,4
sf-f-goodies,4
mystery-thriller,4
novels,4
adult-fantasy,4
favourites-2023,4
ilona-andrews,4
cozy,4
did-not-finish,4
queer-lit,4
coming-of-age,4
smut,4
best-of-2023,4
added,4
scifi-fantasy,4
english,4
2024-books,4
animals,4
kate-daniels-series,4
fantasy-sci-fi,4
arranged-marriage,3
cybils-judge-2023,3
cliffhanger,3
arcs-read,3
arc-s-netgalley-and-edelweiss,3
_library-ebook,3
_libby-ebook,3
cozy-fantasy,3
arc-review,3
cinnamon-roll-hero,3
book-club,3
arc-netgalley-or-alc,3
alternate-history,3
alien-monster-romances,3
own-kindle,3
orc,3
sci-fi-and-fantasy,3
bingo-2023,3
books-of-2023,3
paranormal-urban-fantasy,3
age-adult,3
books-read-in-2024,3
physical-tbr,3
borrowed-libby,3
signed,3
adult-lit,3
not-of-this-world-fantasy-paranor,3
american,3
auth-f,3
bully-romance,3
rh-fantasy,3
netgalley-2023,3
reviewed-2023,3
shifter,3
arc-23,3
netgalley2023,3
fantasy-urban-fantasy,3
ebook-owned,3
historical-fantasy,3
disappointing,3
subscription,3
dragon-shifter,3
1st-person-pov,3
dual-pov,3
2024-reading-challenge,3
tbr,3
first-reads,3
ebk,3
2-stars,3
favourite-series,3
f-f,3
indie,3
latinx-reads,3
2020s-decade-releases,3
2023-reading-list,3
fairy-tales-and-retellings,3
favorites-2023,3
2023-pub,3
unfinished-series,3
insta-love,3
2023-netgalley-reads,3
kindle-unlimited-books,3
family,3
kindle-ultd,3
favorite-author,3
2023-0-releases,3
daddy-kink,3
fantasy-all-subgenres,3
detective,3
fantasy-paranormal,3
4-5-stars,3
1-arc-advanced-reader-copies,3
4-and-a-half-stars,3
3-stars,3
mf,3
spicy,3
0-series,3
harem-reverso,3
post-apocalyptic,2
asian-authors,2
badass-heroines,2
bdsm,2
read-in-english,2
beauty-and-the-beast,2
artificial-intelligence,2
halloween,2
physical-copy,2
guilty-pleasures,2
favorite-series,2
indie-and-selfpub,2
awesome-characters,2
arcs_review_copies,2
beautiful-cover,2
aty2024,2
hanging-from-a-cliffy,2
paranormal-etc,2
owned-in-arc-ebook,2
owned-in-ebook-kindle,2
fantasy-sci-fi-pnml,2
owned-physical,2
blood-and-gore-depiction,2
fantasía,2
fantasía-urbana,2
bipoc-author,2
favorite-authors,2
j-fiction,2
read-women-2023-challenge,2
grumpy-sunshine,2
bipoc-actor,2
arcs-or-recs,2
gothic,2
billionaire-romance,2
automatic-buy-authors,2
favoritos,2
read-adult-sf-f,2
giveaways-arcs,2
audio-2023,2
ass-kicking-women,2
at-slo-paso-bg-pa,2
genre-science-fiction,2
hot-fantasy-romantasy,2
hidden-identity,2
audience-adult,2
format-audio,2
found-family,2
genre-fantasy,2
friend-recos,2
audible-owned,2
from-library,2
funny,2
hoopla,2
honey-phillips,2
audible,2
five-stars,2
read-but-don-t-own,2
asian-rep-or-author,2
female-protagonist,2
author-유,2
author-웃,2
genre-urban-fantasy,2
female-author,2
author-ilona-andrews,2
queer-sffh,2
author-favorite,2
audiolibri,2
fiction-urban-fantasy,2
audiobooks-i-own,2
i-own-it,2
i-own,2
quiltbag,2
fiction-genre-sff-urban-fantasy,2
fantasy-pnr-urban-fantasy,2
read-for-review,2
middle-grades,2
fantastico-fantastics-scifilicious,2
kate-daniels-world,2
delightful,2
climate,2
desaf-o-2023,2
clean,2
magic-user,2
disability-rep,2
chinese,2
mystery-or-crime,2
mystery-suspense,2
mythology,2
na,2
dnf-d,2
children-s-fiction,2
dont-have,2
dragon,2
drama,2
nebula,2
dual-virgin,2
checked-out-from-library,2
e-arc,2
married-couple,2
climate-change,2
fantasy-myth-sci-fi,2
my-books,2
damaged,2
cute,2
middle-grade-fiction,2
crime,2
dark-fantasy,2
creature-palooza,2
monster-alien-vamp,2
dark-romance,2
mg,2
cover-love,2
monster-smut,2
cool-kids-r-us,2
contemporary,2
completed-series,2
multi-pov,2
meh,2
color-coded-challenge-2024,2
mature-content,2
college-high-school,2
earc,2
library-book,2
libby-app,2
libby,2
borrowed-from-library,2
numbered,2
books-worth-rereading,2
ku-prime,2
fairytale-retellings,2
books-read-2023,2
kindle-reads,2
on-my-shelves,2
one-bed,2
fantasia-urbana,2
fantasy-arcanepunk,2
kick-butt-chicks,2
kick-ass-heroine,2
fantasy-fairytale-apoca-dysto-scifi,2
book-series-ilona-andrews,2
fantasy-fun,2
keepers,2
own-on-ebook,2
own-paperback,2
novellas-short-stories-essays,2
fairy-tale-retellings,2
fairy-tale-retelling,2
bully,2
never-again,2
cannibalism,2
new-books,2
c-western,2
lgbtq-stories,2
c-science-fiction-romance,2
erotica,2
event-met-author,2
not-good-in-general,2
bought,2
ex-military,2
extra-spicy,2
f-novella,2
f-sf-for-adults,2
novella-short-story,2
fae-romance,2
laugh-out-loud,2
fairy-tale,2
read_2023,2
paranormal-adult-na,2
100-200-pages,2
2024-favorites,2
absolute-favourites,2
romance-sci-fi-weird-fantasy,2
sff-urban-fantasy,2
2023-11,2
acquired-2023,2
rh-why-choose,2
aliens-monsters,2
2023-review-copy,2
action-based,2
and-now-for-something-different,2
5-star-reads-of-2023,2
2023-reading-challenge,2
rh-or-ménage,2
angels-and-demons,2
5,2
science,2
2023-new-releases,2
2023-all,2
alien-erotica,2
all-things-supernatural,2
short-fiction,2
2023-new,2
sci-fi-alien,2
royalty,2
top-reads,2
200-books-in-2024,2
a-adult,2
short-story-or-novella,2
ab,2
2023_all,2
2-star,2
2023-five-stars,2
2020-29,2
2020s,2
2023_5_star,2
2-point-5,2
all-time-favourites,2
short-stories-novellas,2
2022-read,2
all-time-favorite-books-series,2
7arcs,2
short-pieces,2
2023-new-release-challenge,2
alpha-male,2
reviews-5-stars,2
adult-uf-pr,2
vermillion-red-e-p,2
2023-books-i-read,2
added-to-storygraph,2
spicy-romance,2
01-1_english,2
steamy,2
regency-fantasy,2
adult-books,2
2023-faves,2
01-2_books,2
z2023-reads,2
science-fiction-and-fantasy,2
3-star-reads,2
sf-fantasy,2
sf-f-h,2
speculative-fiction,2
adorable-alphas,2
3500-23,2
21st-century,2
serial-killers,2
arc-s-to-review,2
science-fiction-fantasy,2
adult-paranormal-uf,2
4-stars-very-good,2
1-fantasy,2
reviewed-for-smexy,2
reverse-harem-or-threesomes,2
adult-fantasy-romance,2
urban-fantasy-paranormal-futuristic,2
0ne-of-them-fucking-good-authors,2
2023-netgalley-challenge,2
tim-and-tim-again,1
unreliable-narrator,1
lgbt-rep,1
urban-fantasy-alternate-history,1
lgbt-pan-bi,1
lgbt-f-f,1
top-tier,1
upcoming-2023,1
urban-fantasy-action,1
lgbt-its-gay,1
lgbt-gay,1
tor,1
lecturas-2023,1
tor-tordotcom,1
kindle-unlimited-2023,1
kissing-books,1
kobo,1
kinky,1
under300pages,1
type-standalone,1
l-novella,1
tween,1
lgbt-side,1
kindleunlimited-prime,1
kindle-unlimited-free,1
ttx,1
ts-speak-now,1
kindle-unlimited-fantasy-read,1
true-uf,1
unfinished-series-started,1
latin-authors,1
latine,1
latinx-authors,1
tried-threes,1
translated-lit,1
towerx,1
lbgtq,1
lecturas-2024,1
totally-going-to-reread,1
unhinged-reads-for-later,1
readin2023,1
lgbtqia-mc,1
lgbti,1
love-my-aliens,1
lq,1
low-angst-fun-and-light,1
supernatural,1
loved-it,1
supporting-womens-wrongs,1
suspense-badass,1
loved,1
sword-and-sorcery,1
sword-challenge,1
subterranean-press,1
love-love-love,1
t-creature-demons-incubus,1
t-daddy,1
love-is-love,1
t-paranormal-fantasy,1
lots-o-smut,1
lost-in-translation,1
t-quest,1
lust-filled,1
sub-boxes,1
longing,1
magic-witches-etc,1
manhua-and-danmei,1
spring-2023,1
man-vs-self,1
squads-found-families-etc,1
man-vs-nature,1
staff-recommendations,1
magical-regency-era,1
magical,1
stand-alone,1
stuff-your-kindle,1
magic-stuff,1
magic-spells-potions-etc,1
standalone,1
magic-paranormal-etc,1
started-couldn-t-complete,1
magic-etc,1
made-me-laugh,1
m-m-romance,1
lor-elizabeth-s-2024-reads,1
lithium,1
tickle-my-funnybone,1
lgbtqia-lit,1
the-infinite-library,1
the-love-interest-s-pov,1
thepigeonholehq,1
things-i-read-for-work,1
lib2023,1
lgtbq,1
lgtbiq-fantasy,1
lgbtqia-plus,1
lgbtqia-author-or-protag,1
library-2023,1
thriller,1
lgbtqa-rep,1
thriller-horror,1
lgbtq-sci-fi-fantasy,1
lgbtq-romance,1
lgbtq-rep,1
lgbtq-authors,1
thrillers,1
the-dead,1
library-all,1
listened-to-audio,1
tbrcleanup2024,1
listened-to,1
liked-reviews,1
light-romance,1
tbr-2024,1
tbr-feb-2023,1
light-novels,1
tbr-physical,1
light-hearted,1
tbrinder-request-books,1
library-audiobook,1
lido-em-2023,1
libro-fm,1
library-loan,1
library-libby,1
library-journal,1
tdb,1
library-books,1
teen-fiction,1
kindle-books,1
katedaniels,1
urban-fantasy-paranormal,1
x-i-cried,1
x2023-read,1
hot-broody-alpha-males-yes-please,1
hot,1
x23-08-aug,1
horrororor,1
x_2023,1
horror-unsettling,1
horror-suspense,1
xianxia,1
horror-mystery-thriller,1
horror-mindless,1
ya-books,1
horror-if-ic,1
horror-general,1
horror-and-thriller,1
ya-fantasy-series,1
hopeful-ending,1
hot-sexy-romance,1
hugo-2024,1
urban-fantasy-series,1
hugo-awards-2024,1
i-m-so-excited-to-read-this,1
worldbuilding-sf,1
i-m-so-disappointed,1
i-love-hive-minds-so-sue-me,1
i-doff-my-hat-to-your-cleverness,1
hyphenated-asian,1
husky-and-white-cat,1
hurt-comfort,1
humour,1
humor-parody,1
would-read-again,1
written-by-women,1
humanxsomething,1
written-for-me,1
hugos-2024,1
hugo-reading-2024,1
hugo-nominate,1
ya-fiction,1
ya-reads,1
ya-recs,1
homohomo,1
hell-is-too-cold,1
he-falls-first,1
have-reviewed,1
have-but-not-read,1
z2023-read,1
hardback,1
hard-science-fiction,1
happily-ever-after,1
zread-1-scifi,1
half-star,1
hahalloween2023,1
zzzz-2023,1
guilty-pleasure,1
я-2024-read,1
grumpy-x-sunshine,1
二哈和他的白猫师尊,1
grownups,1
here-be-dragons,1
het-romance,1
hey-demons-its-ya-boy,1
hispanic-representation,1
holmesian,1
hogwarts-but-make-it-horrible,1
hkb,1
history,1
historical-romance,1
ya-sf,1
yabc,1
young-adult-awesomeness,1
z2023,1
highschool,1
youth,1
z-2023,1
hh-pnr-shifter-cat,1
hh-pnr-fae,1
z-2023-all,1
hh-other-magic,1
i-need-it-want-it-gotta-have-it,1
women-nb,1
women-focused,1
intro-to-monster-romance,1
waiting-for-next-book,1
juvenile-fantasy,1
juvenile,1
juv,1
waste-of-time-a-little-yes,1
july-2023-tbr,1
jayme-loves-mystery,1
webnovels,1
what-i-read-2023,1
january-2023-releases,1
what-up-shorty,1
j-ya,1
j-fic,1
j,1
it-made-me-feel-like-a-marshmallow,1
whats-on-my-shelf,1
irl-author,1
vp,1
juvenile-fiction,1
vo,1
vampire,1
kind-of-boring,1
kids-lit,1
kids-fantasy,1
kidnapping,1
utterly-magical-writing,1
v-for-vampires,1
kick-ass-female-lead,1
kick-ass-chicks,1
kate-daniels,1
vampires,1
kick-ass-chick-fantasy,1
mar24,1
via-publisher,1
villain-era,1
villainfmc,1
virgin,1
whodunit,1
whodunnits,1
i-own-and-have-read,1
winter,1
wlw,1
impossible-to-find-in-stores,1
immigration-refugees,1
im-not-saying-its-aliens,1
im-not-mad-just-disappointed,1
im-in-pain,1
im-besitz,1
ilonaandrews,1
women-and-the-void,1
idk-whats-going-on-but-im-down,1
women-authors,1
identity-deception,1
i-wanted-so-badly-to-like-this,1
i-swoon,1
i-support-womens-wrongs,1
i-probably-told-you-to-read-this,1
women-being-awesome,1
witches-wizards-mages-sorcerers,1
in-a-foriegn-land,1
in-english,1
indie-authors,1
winter-fantasy-book-recs,1
inspired-by-booktube-twitter,1
inglisz-buks,1
indie-sff,1
indie-self-published,1
indie-self-pub,1
indie-read,1
wish-list,1
in-kindle,1
wishlist-for-later,1
indian,1
india,1
incubus,1
witches-and-wizards,1
in-the-physical-shelf,1
in-space,1
spooky-season,1
middle-grade-late-elementary,1
spooky-or-horror-or-gothic,1
s-l-sword-2023,1
plot-relies-on-coincidence,1
pigeonhole,1
physique,1
physically-own,1
physical-owned,1
physical-bookshelf,1
physical,1
rytai,1
philosophy-and-culture,1
pd-2023,1
patricia-wrede,1
past-arcs,1
part-of-a-series,1
s-f,1
paranormal-urban,1
paranormal-supernatural,1
paranormal-sci-fi-romance,1
plus-2018,1
pnr,1
pnr-monster,1
portada-hermosa,1
pre-ordered,1
powers,1
power-couple,1
pov-first-person-single,1
pov-1,1
romance-with-spice,1
romantasy-challenge-2024,1
popsugar-2023,1
rommance,1
poorly-written-but-kicking-my-feet,1
po-angielsku,1
pnr-uf,1
romantic-elements,1
romantic-fantasy,1
pnr-scifi-fantasy,1
pnr-pregnancy-babies-kids,1
paranormal-romance-fantasy,1
paranormal-pnr,1
science-fiction-not-classic,1
paranormal-not-shifters,1
sci-fi-read-and-rated,1
owned-and-read,1
own-unread,1
sci-fi-space-opera,1
sci-fi-speculative-fiction,1
own-on-audio,1
sci-fiandfantasy,1
sci-fy,1
own-hardcover,1
own-ebook,1
own-bookshelf,1
overdrive,1
other-sf-fantasy,1
orilium-2024,1
orc-romance,1
science-fiction-all,1
optimistic-cozy-sf,1
owned-audio,1
owned-audiobook,1
owned-book,1
pairing-mf,1
safe-for-me,1
paranormal-magic,1
sapphic-mc,1
paranormal-fiction,1
paranormal-fantasy-romance,1
paranormal-fantasy,1
group_sword-and-laser,1
pages-200-400,1
owned-books,1
sci-fi-and-science-fantasy,1
pace,1
owned-to-keep,1
owned-read,1
sci-fi-current,1
sci-fi-fantasy-horror,1
sci-fi-kinky-fuckery,1
pregnancy,1
preordered,1
preordered-or-priority,1
romance-urbanfantasy,1
recs-horror,1
regency,1
read-in-2022,1
released-in-2023,1
read-fantasy,1
read-digitally,1
read-demon-romance,1
remix-retelling,1
rep-poc-lead,1
read-books-i-own,1
read-beam-me-up-scotty,1
representationmatters,1
read-as-an-arc,1
retellings-and-adaptations,1
reverse-harem-why-choose-without-m,1
reviewed-4-stars,1
reviewed-on-the-sfbrp,1
recommended-by-sfbrp-listeners,1
read-list-2024,1
recommended,1
realistic-fiction,1
reads-23,1
read2023,1
read-women,1
read-the-bookshelf-2023,1
readtoreview,1
read-scifi,1
read-sci-fi,1
read-paranormal-romance,1
read-msc,1
read-on-paperback,1
recc-d,1
read-on-ku,1
received-arcs,1
received-for-review,1
read-on-audio,1
read-novella,1
reviewed-reads,1
reviews,1
reviews_2023,1
purchased-want-to-read,1
rom-com,1
rom-paranormal-supernatural-fantasy,1
romance-goodies,1
queer-interest,1
queer-collection,1
romance-pnr,1
quality,1
purchased,1
rh-romantacy,1
romance-urban-fantasy,1
published2023,1
pub_post-1945,1
psychology,1
psyche-psychology,1
prose-before-bros,1
pride-2023,1
queer-rep,1
queer-stuff,1
revolution-apocalypse-dystopian-etc,1
rare-edinburgh-2024-reads,1
read-2022,1
re-reads,1
re-reading,1
re-readable,1
rft24,1
rarechallenge24,1
rare24-reading-challenge,1
rakstniece,1
rh-pnr,1
rh-1st-in-series,1
rh-academy,1
quick-reads,1
quick-read,1
quest,1
queerly-beloved,1
queerio,1
on-shelf-read,1
on-my-kindle-dark-spicy,1
spooky,1
modern,1
monsters-that-slay-the-day-away,1
monsters-shifters-alien,1
monsters,1
monsterpeenlover,1
soft-romance,1
solar-punk,1
soldier-or-former-soldier,1
monster-pnr,1
monster-orcs,1
monster-love,1
source-local-library,1
monster-fudger,1
space,1
monster-demons-gods-angels,1
space-adventure,1
monster-alien-paranormal-romance,1
space-fic,1
monstrous-lovers,1
social-media-sucked-me-in,1
more-fuc-ing-fabulous-books,1
murder-mystery,1
my-bookshelf,1
small-press-and-indie,1
my-book-shelve,1
smashword,1
my-book-boyfriends,1
my-all-time-favs,1
smut-paranormal-monsters,1
murder,1
social-class,1
multiple-copies,1
smutty-aliens-monsters,1
smuttyness-activated,1
mt-bookpile-2023,1
ms-magazine,1
ms-booktalks-lower,1
more-story-than-sex,1
mom-i-am-so-sorry,1
moderate-steam,1
science-fiction-romance,1
mm-romance,1
spec-fic,1
special-editions,1
middle-grade-and-ya,1
speculative-fiction-ghost-horror,1
mgr,1
mg-third-person-past,1
mg-fantasy-finds-2023,1
mg-fantasy,1
spicy-fantasy,1
spicy-monster-romance,1
mental-health,1
meatbun-2ha,1
may23,1
spicy-with-a-plot,1
mates,1
married-couple-romance,1
spl-bought-for-me,1
spanish,1
readathons,1
spacey-wacey,1
military-types,1
mm-fantasy,1
mm-bl,1
space-operas,1
mlm,1
mine-mine-mine,1
mine,1
million-page-challenge,1
midgrade,1
middle-grade-ya,1
space-operatics,1
space-settings,1
middle-school-books,1
middle-school,1
middle-readers,1
space-travel,1
spaceships,1
slashers-and-serial-killers,1
slasher-psycho-serial,1
single-parent-families,1
my-favourites,1
novelita-less-than-200-pgs,1
novel,1
not-right-now,1
not-my-cup-of-tea,1
not-an-ebook,1
nordic,1
nook,1
sff-books,1
non-regency-historical,1
noir,1
no-rating,1
nice-world-universe,1
nhhp,1
sff-cosy,1
sff-disability-rep-or-author,1
new-adult-fiction,1
new-adult-fantasy,1
seriesprogress2024,1
novella-novellette,1
series-waiting-on-next-book,1
on-app,1
science-speculative-fic,1
sciencefiction,1
scifi-aliens,1
on-my-book-shelf,1
on-kindle,1
on-bookshelf,1
scifi-fant-uf-pnr,1
off-world,1
novellas-my-beloved,1
scifi-fantasy-etc,1
ob,1
scifi-spec,1
november-2023,1
self-published,1
self-published-and-indie,1
series-kate-daniels,1
new-adult,1
new,1
sff-favorites,1
signed-books,1
mystery-thriller-crime,1
shortish-shorts,1
shreve,1
si-fi,1
mystery-i-guess,1
mystery-fiction,1
mystery-and-thrillers,1
my-precious-babies,1
más-esperados-del-2023,1
my-physical-library,1
my-personal-favorites,1
my-meta-is-more-meta-than-your-meta,1
my-kindle-books,1
my-kindle,1
my-favs,1
signed-copies,1
myths,1
short-stories-or-essays,1
neurodiverse,1
need-nao,1
neurodivergent-protagonist,1
sff-selfpub-indie-smallpress,1
netgalley-read,1
sff-shelf-cleanup-2023,1
sff-unclassified,1
netgallery,1
net-galley-2023,1
nebulas,1
na-adult-paranormal-romance,1
nebula-eligible-2023,1
shapeshifter,1
shifter-feline,1
native,1
narr-michael-glenn,1
narr-hillary-huber,1
na-pnr,1
grown-ups-sometimes,1
0-1st-person-dual-multi,1
group-challenge,1
annotate,1
aoc-et-al,1
aoc,1
anticipated-releases-2023,1
anticipated-releases,1
anticipated-books,1
anticipated-2023-releases,1
anti-hero,1
anthropomorphism,1
anthologies,1
annoyed,1
ann-leckie,1
american-lit,1
animal-stories,1
animal-shifter,1
animal-illness-and-injury,1
animal-death,1
animal-bond,1
angsty,1
angst,1
angels-demons-gods-divine-creatures,1
and-they-were-roommates,1
an-ongoing-series,1
apocalypse-dystopia,1
apocalyptic,1
apocalyptic-dystopian,1
arc-books,1
arcs-ng,1
arcs-free-review-copy,1
arcs-earcs,1
arcs-and-review-copies,1
arcs-and-other-review-commitments,1
arcs-and-galleys,1
arcs-2023,1
archived-kindle,1
arc-s,1
arc-reviewers-copy,1
arc-review-copies,1
arc-reads,1
arc-provided-by-publisher,1
arc-or-from-pub,1
arc-novels,1
arc-netgalley-giveaway,1
arc-list,1
arc-giveaway-freebie,1
arc-gifted,1
arc-copy,1
arc-books-from-netgalley,1
american-literature,1
american-21st-c,1
grimdark,1
alien-abduction,1
aliens-space,1
aliens-sci-fi,1
aliens-or-non-humanish,1
aliens-or-monsters-trope,1
alien-technology,1
alien-smut,1
alien-love,1
alien-invasion,1
alien-hero,1
alien-biology,1
alc-librofm,1
amazing-universe,1
alc,1
ala-23,1
ai-robot-computer,1
ai,1
age-na,1
age-gap-with-older-man,1
afa-reading-rainbow,1
adventure-suspense-thriller,1
adventure-action,1
advanced-reading-copy,1
all-books-2023,1
all-in-mmc,1
all-netgalley,1
all-time-faves,1
amazing-side-characters,1
amazing-chemistry,1
amazing,1
alternative-reality,1
alternate-universe,1
alternate-reality,1
also-have-audio,1
alright-read,1
already-married,1
already-formed,1
already-bought-hard-copy,1
alphaholes-ahoy,1
alpha-males,1
alpha-heroes,1
alpha-famale,1
alpha,1
alltimefavorites,1
all-time-favs,1
all-time-favourite-reads,1
all-time-favorites,1
all-time-favorite-books,1
arcs-or-review-copies,1
arcs-physical-publisher,1
arcs-read2review-completed,1
banter,1
best-book-ever,1
best-book-bfs,1
best-2023-reads,1
best,1
bechdel-test,1
beauty-and-the-beast-vibes,1
beautifully-written,1
beautiful-covers,1
bc-genre-snaps,1
banter-galore,1
baihe-danmei,1
arcs-received,1
badass-women,1
badass-fmc,1
badass-female-protagonists,1
badass,1
bad-boy,1
bad-book-bummer,1
bachelor-team-challenge-round-10,1
b-movie,1
b-fing-w-d,1
awwwdeeeoooo,1
best-books-read-in-2023,1
best-couples,1
best-heroine,1
best-kid-characters,1
bl,1
bizarro,1
bitten-by-magic,1
bisexual,1
bipoc-authors-or-subject,1
biology,1
billionaire,1
bigger-kids,1
biblioteca,1
betrayal,1
beta,1
best-space-opera,1
best-sex-scene,1
best-series-ever,1
best-published-and-read-in-2023,1
best-paranormal-fiction,1
best-paranormal,1
best-of-the-decade-2020-2029,1
best-of-23,1
best-of-2022,1
best-minor-characters,1
award-winner-or-nominee,1
available-on-kindle-unlimited,1
avail-nvdpl-lv,1
audio-reads,1
audio-libby,1
audible-waiting-on,1
audible-plus,1
aty24,1
aty-2024,1
assertive-woman,1
assassins-mercenary,1
asians,1
asian-wuxia-xianxia,1
asian-stories,1
asian-sff,1
asian-rep,1
asian-reads,1
asian-mc,1
asian-literature,1
asian-inspired,1
asian-based,1
asian-author,1
asia-themed,1
asia,1
arranged-forced-convenient-marriage,1
audio-read,1
audio-roulette,1
avail-at-public-library,1
audiobook-d,1
autumnal-reads,1
autumn-halloween-reads,1
auto-read-series,1
auto-read-author,1
authorㅡpoc,1
authorㅡfemale,1
authors-i-love,1
author_male,1
author-signed,1
author-may-be-a-genius,1
author-honey-phillips,1
author-femme,1
author-direct-arc,1
austentacious,1
austen-and-adaptations,1
august-2023,1
audiobooks-read,1
audiobooked,1
audiobook-read,1
audiobook-listens,1
audiobook-english,1
adv-copies,1
adultish,1
adultery,1
2023-coyer-challenge,1
2023-netgalley-all-reads-challenge,1
2023-net-galley-challenge,1
2023-ku,1
2023-kindle-audit,1
2023-kindle,1
2023-january,1
2023-hugo-finalists,1
2023-favs,1
2023-favourites,1
2023-favoritos,1
2023-copyright,1
2024-favs,1
2023-challenge-books,1
2023-challenge,1
2023-book-hoarder-challenge,1
2023-bingo,1
2023-aty-in-52-books,1
2023-arcs,1
2023-arc,1
2023-anticipated-releases,1
2023-adult-fantasy-sf,1
2023-adult,1
2023-oct-new,1
2023-owned-read,1
2023-paranormal-fantasy-challenge,1
2023-re-reads,1
2024-challenge-books,1
2024-challenge-book,1
2024-books-read,1
2024-books-i-read,1
2024-book-awards,1
2024-best-of,1
2023mistressofreads,1
2023brs,1
2023_release_read,1
2023_novels,1
2023_novellas,1
2023_challengesabound,1
2023-year-in-reviews,1
2023-top-reads,1
2023-top-14,1
2023-tbr,1
2023-shelf,1
2023-s-l-laser,1
2023-reviews,1
2023-review-books,1
2023-release-date,1
2023-5star,1
2023-5-stars,1
2023-4-stars,1
13-moons,1
1-star-read,1
1-star-hated-it,1
1-star,1
1-re-read,1
1-rating-3-and-a-half-stars,1
1-poor-writing,1
1-in-a-series,1
1-audible-plus,1
1-arcs,1
1-2024,1
0reviewed,1
070-52-advance-reader-copies,1
05,1
02-new-adult,1
01-read-kindle,1
01-4_standalone,1
01-4_series,1
00-reviewed,1
0-star,1
0-library,1
0-done-series-abandoned,1
11-science-fiction,1
14-24,1
2023-3-star-books,1
1science-fiction,1
2022-shelf,1
2022-sff-releases,1
2022-series-tbr,1
2022-review-books,1
2022-releases,1
2022-reads,1
2022-netgalley-challenge,1
2022-faves,1
2020-2024-read,1
200-books-in-2023,1
200-books-in-2022,1
200-300-pages,1
2-star-books,1
2-skipped-a-book-in-the-series,1
2-reviews-from-ig,1
2-paranormal-fantasy,1
2-highest-recommendations,1
2-fantasy,1
2-ebook-read,1
2-did_not_review2021on,1
1st-person-dual-pov,1
2024-dragons,1
2024-finished,1
adult-sff,1
_rh-recs-first-or-standalone,1
abduction,1
abandoned,1
a24-adaptation-wishlist,1
a-scifi,1
a-misc-author-a-f,1
a-bit-ya-know,1
a-bit-of-mystery,1
a-big-steaming-heap-of-wtf-ery,1
_standalone,1
_setting-post-apocalyptic,1
_kindle-unlimited,1
2024-finished-books,1
_g_paranormals,1
___booklist-magazine,1
9-5-10,1
808-3876-fantasy-and-sf,1
6th,1
5th,1
5stars-prediction,1
5stars,1
5star,1
52wow,1
about-women,1
absolute-favorite-reads,1
absolute-favorites,1
abuse-all-types,1
adult-romance,1
adult-new-adult,1
adult-content,1
adult-contemporary,1
adrian-tchaikovsky,1
adorable-child,1
adora-belle,1
adoption,1
adopted-orphan,1
activists,1
activism,1
actiony,1
actionpacked,1
action-packed,1
acquiredㅡlibrary,1
achillean-romance,1
achillean,1
accion,1
academy-military,1
academy-fantasy-altuniverse,1
academic-setting-romance,1
52-book-club-2024,1
52-bkclub-2024,1
50-poc,1
2novel,1
2nd-book-in-series,1
24-popsugar,1
24-in-2024,1
23audio,1
23-new,1
21st-sf,1
2025-2026,1
2024_popsugar,1
2024_books,1
2024-top-reads,1
2024-tbr,1
2024-rereads,1
2024-releases,1
2024-reading-goal,1
2024-read-your-hoard-challenge,1
2024-read-harder-challenge,1
2024-read-books,1
2024-re-reads,1
2024-hugos,1
2024-hopefuls,1
2024-five-stars,1
2nd-chance,1
2slgbtq,1
5-stars-awesome-sauce,1
3-5-stars,1
5-star-favorites,1
5-family-kids,1
4th,1
4b-silver,1
400-600-pages,1
4-stars-and-more-but-less-than-4-5,1
4-or-more-stars,1
4-ku,1
4-but-good,1
4-and-half-stars_rating,1
4-and-a-half-to-5-stars,1
4,1
3rd-quarter-dnfs,1
3-stars-was-good,1
3-star-books,1
3-series,1
3-point-5,1
3-favorites,1
3-fated-mates,1
3-and-half,1
3-50-stars,1
bl-danmei,1
blog-review,1
blog-tour-physical-books,1
fanatasy,1
fantasy-fae-fairies,1
fantasy-etc,1
fantasy-duology,1
fantasy-dark-grimdark,1
fantasy-and-supernatural,1
fantasy-and-sf,1
fantasy-and-scifi,1
fantasy-and-sci-fi,1
fantastical,1
fanfiction,1
family-focused,1
favorite-mc,1
family-drama,1
families,1
fall-2023,1
fake-relationship,1
fairytales-read,1
fairytale-series,1
fairytale-fable-folktale-inspired,1
fairyloot-ya,1
fairyloot-illumicrate-botm,1
fairyloot-illumicrate,1
fantasy-favorites,1
fantasy-grim-dark-bloody,1
fantasy-i-read,1
fantasy-or-fantastic,1
favorite-fantasy,1
favorite-covers,1
favorite-couples,1
favorite-books,1
favorite-2023,1
faves-from-30-up,1
fav-couples,1
fav-characters,1
fav-books-ever-read,1
fav-books-and-series-ever,1
fav-authors,1
fast-and-fun,1
fantasy-xianxia,1
0-1st-person-her-pov,1
fantasy-uf,1
fantasy-shifters,1
fantasy-sf,1
fantasy-romantic-girly,1
fantasy-read,1
fantasy-portal,1
fantasy-paranormal-science-fiction,1
fairyloot-books,1
fairy-story,1
fairies-fae,1
entwicklungsroman,1
english-read,1
english-author,1
english-21st-c,1
ended-early-not-going-back,1
elves,1
elibrary,1
elf,1
elemental,1
eco-sci-fi,1
eco-fiction,1
ebook-reads,1
ebook-only-series,1
ebook-only,1
ebook-not-lendable,1
ebook-kindle,1
ebook-collection-kindle,1
east-asia,1
e-books,1
e,1
dystopian-utopian,1
dystopian-post-apocalyptic,1
enrolacao,1
environment,1
fairies,1
epic,1
failure-to-care,1
fae-witch-magic,1
fae-fey-daemon,1
fae-faerie,1
fae-and-faeries,1
f-novel,1
f-f-and-nm-nm,1
f-ebook-nook,1
extreme-horror,1
exclusive-edition,1
exceeds-expectations,1
ethnic,1
essays-novellas-plays-shortstories,1
escola,1
erotic-romance,1
erotic,1
ero,1
ereader,1
epic-high-fantasy,1
epic-friendship,1
epic-fantasy,1
favorite-hero,1
favorite-romance,1
dystopian-fiction,1
gaslamp-fantasy,1
genre-fantasy-romance,1
genre-fantasy-myth-fairy-tales,1
genre-dystopia,1
gender-male,1
geek-heroine,1
geek-hero,1
gays-with-dragons,1
gayer-than-expected,1
gay-romance,1
gave-up-on,1
g-queer-adult-sff,1
favoriten,1
g-fantasy-urban,1
g-fantasy-high-epic,1
fun-and-addictive,1
fuel-for-existential-crises,1
fucking-aliens,1
from-the-publisher,1
from-the-library,1
friends-to-enemies-to-lovers,1
friends-first,1
fractured-fairytales-folktales,1
genre-fiction,1
genre-magic,1
genre-mm-fan-uf,1
genre-romance,1
great-male-lead,1
great-female-lead,1
gr-data-problematic,1
got-from-the-library,1
gorgeous-cover,1
gore,1
good-premise-mediocre-execution,1
goldsboro,1
gods-goddesses,1
gods-and-monsters,1
glbtq,1
giveaway-win,1
giveaway,1
give-me-that-sequel,1
girls-i-want-to-hang-out-with,1
girl-power,1
gifted,1
ghosts,1
geo-political,1
genreland-2024,1
genre-sf,1
four-stars,1
format-kindle-books,1
format-arc,1
femdom,1
female-main-character,1
female-lead,1
fem-asian-authors,1
february-2023-reads,1
february-2023,1
fears-for-queers,1
fearless-protagonists,1
fbr,1
favs2023,1
favs-of-all-time,1
favs,1
favourite-uf-scifi-f,1
favourite-couples-ever,1
favourite-character-ever,1
favourite-books,1
favourite-authors,1
favorites-sci-fi,1
favorites-outdated,1
favorites-of-2023,1
favorites-all-time,1
favorites-5-4-stars,1
female-perspective-spec-fiction,1
feminism,1
form-short-stories,1
ff-romance,1
forever-faves,1
foreign-books-and-authors,1
forced-marriage,1
forbidden-romance,1
for-the-girls,1
folk-horror,1
fmc-moves-first,1
fishy,1
firstreads,1
first-read-in-2023,1
first-person-pov,1
first-person,1
first-editions,1
first-contact,1
finished-netgalley-arcs,1
finished-in-2023,1
fiction-urban-fantasy-gudar,1
fiction-science-fiction,1
fiction-mystery,1
fiction-adult,1
fic-sci-fi,1
dystopian-post-apoc,1
dystopian-fantasy,1
body-art,1
caretaking-scene,1
char-depth1-superficial,1
chapter-book,1
chaos-energy-characters,1
challenges-shisha-readingrhythm-23,1
challenges-shisha-bookbingo-23,1
challenges-month,1
challenges-ha-summer23,1
challenge-2023,1
cbr15,1
cazarrecompensas,1
captive-kidnapped-hostage,1
ciffhanger,1
canadian,1
can-t-keep-up-with-the-cast,1
cambridge-edition-book-club,1
cambiaformas,1
c30,1
c21,1
c-adult,1
buddy-read-with-mads,1
buddy-read-book-club-read,1
buddy-read,1
char-depth2-low,1
character-driven,1
character-fiction,1
characters-shifters-felines,1
chinese-semester,1
chinese-novel,1
chinese-lit,1
chinese-fantasy,1
china,1
childrensliterature,1
childrensbooks,1
childrens-sci-fi,1
childrens-or-ya,1
childrens-middle-grade,1
childrens-fantasy,1
childrens-chapter,1
children-s-lit,1
children-s-fantasy,1
childhood-friends-to-lovers,1
child-abuse-and-neglect,1
chewy,1
chef-baker-bartender,1
chars-i-relate-to,1
charming,1
characters-shifters-misc,1
bubblegum,1
broody-angsty-grumpy-hero,1
broken-binding,1
books-collected-in-2023,1
booklist-editor-s-choice,1
bookclub-shenanigans,1
bookclub,1
bookboxs-owlcrate-fairyloot,1
book-tok,1
book-sirens,1
book-series,1
book-recs,1
book-crack,1
book-club-possibilities,1
book-club-games,1
book-club-2023,1
book-challenge,1
book-boyfriends,1
book-boyfriend,1
book-bingo-reading-challenges,1
book-bingo-23,1
book,1
bomm,1
boh,1
body-horror,1
books-by-friends,1
books-i-hated,1
britishisms,1
books-i-have-re-read,1
british-author,1
boys-love,1
bought23,1
bought-when-price-dropped,1
bought-this-book,1
bought-in-2023,1
borrowed-from-the-library,1
booktuber-bookstagram-booktok,1
booktube-made-me-read-it,1
bookshelves,1
bookshelf-read,1
books-with-reviews,1
books-with-lgbt-characters,1
books-that-should-be-movies,1
books-that-make-me-rant,1
books-that-i-wrote,1
books-in-my-shelves,1
books-i-ve-cried-to,1
books-i-refuse-to-finish,1
books-i-recommend,1
books-i-own-and-have-read,1
chosen-found-family,1
cinderella,1
dystopian-and-post-apoclayptic,1
dec-2023,1
demons-ghosts-zombie,1
demon-hero,1
demon-angel-ghost,1
delicious-ml,1
definitely-reread-worthy,1
decimal-pieces,1
decembre-22,1
december-2023,1
december-2022,1
decapitation-and-dismemberment,1
dark-woods,1
cinnamon-roll,1
dark-underbellies,1
dark-noir,1
dark-horror,1
dark-academia,1
danny-faves,1
danmeis-terminados,1
danmei-if-i-do,1
damagedfmc,1
dads-on-a-hunting-trip,1
dad-with-kids,1
det-myst,1
detectives,1
did-not-like,1
difficult-topics,1
dystopia-postapocalyptic,1
dystopia-and-post-apocalyptic,1
duologies,1
dropped,1
dragons-not-lizards,1
dragon-shifters,1
doors-to-other-worlds,1
don-t-own,1
do-you-want-to-see-some-real-speed,1
do-not-forget,1
dnf-not-my-style,1
diverse-reads,1
diverse-read,1
disturbing-gross-and-shocking,1
disturbing,1
distopia,1
disabled-scarred-hero-ine,1
disability,1
dirty-talking,1
direct-from-publisher,1
digital,1
d-n-f,1
cute-moppets,1
cute-light,1
cover-appreciation,1
cosy-fantasy,1
cosy-crime,1
cool-teen-librarian,1
contemporary-fiction,1
cons-spies-and-thievery,1
con-niño-o-niña,1
complicated-relationships,1
complex,1
compelling-opening-lines,1
coming-of-age-fiction,1
comfort-reads,1
comedy,1
colony-world,1
colony-on-a-alien-world,1
collectors-edition,1
collection-goldsboro-gsff,1
climate-fiction,1
cli-fi,1
class-gender-race,1
civil-rights,1
cinnamon-roll-heroes,1
couple-mf,1
cover-call,1
cute-and-smart,1
coverly-love,1
cursed-or-enchanted,1
currmonth,1
currently-listening,1
cultivation,1
cudo,1
cubes-of-flesh-and-other-grossness,1
cryfest,1
criminals,1
crime-fiction,1
cried-like-a-baby-thx,1
creepy-weirdo-stuff,1
creepy,1
credo,1
creatures-ghosts-other-paranormal,1
cozy-reads,1
cozy-re-read,1
cozy-mysteries,1
cozy-comfort-reads,1
cozies,1
coyer,1
covers,1
肉包不吃肉,1
