Tag,Frequency
fantasy,898
2023,492
netgalley,377
arc,259
arcs,240
favorites,205
audiobook,154
2023-releases,147
2023-reads,131
fiction,125
adult,121
sci-fi,117
science-fiction,115
star-wars,113
dnf,112
2024,108
horror,95
romance,94
audiobooks,89
read-in-2023,85
lgbtq,71
books-i-own,69
read-2023,52
owned,44
young-adult,43
historical-fiction,42
ebook,41
contemporary,41
lgbt,41
queer,38
audio,35
kindle,34
reviewed,34
fantasy-romance,33
favourites,33
4-stars,33
paranormal,32
own,32
2023-release,32
2024-reads,32
lgbtqia,31
giveaways,31
historical,30
dystopian,30
library,29
magic,28
adventure,27
2023-read,27
2023-books,27
scifi,26
danmei,26
audible,24
ya,24
net-galley,24
3-stars,23
netgalley-arcs,23
mythology,22
fae,22
novella,22
series,21
retellings,21
kindle-unlimited,21
adult-fantasy,20
ebooks,20
2022,20
did-not-finish,19
netgalley-arc,19
genre-fantasy,19
historical-fantasy,19
high-fantasy,19
5-stars,18
2023-reading-challenge,18
epic-fantasy,18
4-star,18
arcs-read,18
enemies-to-lovers,18
ya-fantasy,18
read-in-2024,17
audio-book,16
e-book,16
romantasy,16
fantasy-scifi,16
sff,16
dark,16
dark-fantasy,16
middle-grade,15
2023-books-read,15
dystopia,14
adult-fiction,14
star-wars-canon,14
contemporary-romance,13
read-2024,13
review-copy,13
all-time-favorites,13
owned-books,13
2024-read,12
reviews,12
paranormal-romance,12
action,12
best-of-2023,12
fairyloot,12
edelweiss,12
netgalley-2023,12
mystery,12
book-boyfriends,12
arc-reviews,11
speculative-fiction,11
sci-fi-fantasy,11
2023-anticipated-releases,11
2023-arcs,11
magical-realism,11
5-star-reads,11
urban-fantasy,11
sf-fantasy,11
aliens,10
authors-of-color,10
age-gap,10
queer-lit,10
advanced-reader-copies,10
faves,9
space-opera,9
book-club,9
2023-favorites,9
anticipated-2023,9
4-star-reads,9
arc-s-netgalley-and-edelweiss,9
reverse-harem,9
read-for-review,9
arc-s,9
dark-academia,9
library-book,9
arc-reads,9
e-books,9
arranged-marriage,9
gothic,9
arc-netgalley,9
indie,9
2022-reads,9
sf,9
audio-books,9
fairy-tales,8
novels,8
erotica,8
new-adult,8
fantastico-fantastics-scifilicious,8
2-stars,8
5-star,8
sf-f-h,8
demons,8
five-stars,8
action-adventure,8
dual-pov,7
fake-dating,7
fairytale,7
thriller,7
shifters,7
buddy-read,7
2023-tbr,7
cli-fi,7
wishlist,7
found-family,7
2023-faves,7
auth-f,7
retelling,7
read-in-english,7
2023-anticipated-release,7
cover-love,7
1-2023-releases,7
dragons,6
greek-mythology,6
audience-young-adult,6
cozy,6
buddy-reads,6
lgbtqa,6
spicy,6
fantasys-aka-my-ultimate-fave-genre,6
feminism,6
historical-romance,6
queer-rep,6
contemporary-fantasy,6
2024-books,6
contemporary-fiction,6
mystery-thriller,6
bookshelf,6
2023-most-anticipated,6
arcs-2023,6
review-copies,6
owlcrate,6
physical-tbr,6
netgalley2023,6
asian-rep,6
short-stories,6
science-fiction-fantasy,6
grumpy-sunshine,6
anticipated-2023-releases,6
favorites-2023,6
fantasy-paranormal,6
lgbtq-rep,6
witches,6
releases-2023,5
cozy-fantasy,5
military,5
2-star,5
signed,5
arcs-and-galleys,5
abuse,5
english,5
goodreads-giveaway,5
owned-physical,5
young-adult-fantasy,5
netgalley-reads,5
aty-2023,5
audience-adult,5
review-books,5
age-adult,5
star-wars-books,5
to-buy,5
2023-netgalley-reads,5
2021,5
e-arc,5
lesbian,5
queer-reads,5
favorite,5
2023-popsugar-reading-challenge,5
favorite-books,5
book-boyfriend,5
coming-of-age,5
disappointing,5
2023-reading-list,5
bipoc,5
2023-challenge,5
2021-releases,5
favs,5
angels,5
3-star-reads,5
forbidden-romance,5
libby,5
dark-romance,5
books-read-in-2023,5
format-ebook,5
other-reviews,4
comfort,4
ebook-owned,4
climate-change,4
advanced-reader-copy,4
adult-romance,4
adult-lit,4
cosy-fantasy,4
abandoned,4
21st-century,4
the-high-republic,4
speculative,4
3-star,4
advanced-reading-copy,4
environmental,4
cover-porn,4
climate,4
age-young-adult,4
space,4
death,4
cassandra-clare,4
a-adult,4
absolute-favorites,4
tbr-2023,4
my-library,4
on-my-shelf,4
disability-rep,4
asian-authors,4
2023-netgalley,4
anticipated,4
gay,4
released-2023,4
creatures,4
book-series,4
friend-recos,4
fantasy-magical-realism,4
2023-pub,4
fantasy-sci-fi,4
queer-fiction,4
sapphic,4
illumicrate,4
fantasía,4
forced-proximity,4
werewolves-wolves,4
2023-netgalley-challenge,4
fantasy-and-sci-fi,4
2023-netgalley-all-reads-challenge,4
2024-tbr,4
badass-women,4
2023-hype,4
anticipated-releases,4
bipoc-authors,4
first-reads,4
2023-favourites,4
2023-challenge-books,4
fine-fours,4
bingo-2023,4
2023-books-i-read,4
read-as-an-arc,4
read-fantasy,4
arcs-finished,4
read-in-2022,4
fantasy-adult,4
family,4
reviewed-2023,4
borrowed,4
1-fiction,4
fairytales,4
genre-romance,4
past-arcs,4
fairy-tale,4
2024-audiobooks,4
personal-library,4
physical,4
rom-com,4
literary-fiction,4
gifted,4
physical-books,4
paranormal-fantasía,4
library-2023,4
magic-realism,4
evernight,4
alternate-history,4
grimdark,4
library-books,4
arcs-from-publishers,4
arcs-giveaway,4
artificial-intelligence,4
liked,4
best-characters,3
beautiful-writing,3
best-fantasy,3
asian-literature,3
asian-sff,3
beautiful-covers,3
arcs-netgalley-giveaways-to-review,3
spooky-season,3
beautiful-cover,3
arc-list,3
not-for-me,3
read2023,3
reading-challenge-2023,3
baa-baa-black-sheep,3
arcs-netgalley,3
autumn,3
author-of-color,3
best-fmc-and-mmc,3
review,3
audiobooks-2023,3
audiobook-life,3
stand-alone,3
owned-audiobook,3
action-packed,3
books,3
books-i-recommend,3
pnr,3
advance-reader-copy,3
advance-review-copy,3
on-my-shelves,3
advanced-reader,3
physical-owned-read,3
physical-book,3
china,3
boring,3
alpha-male-rating-2-out-of-3,3
alpha-male,3
borrowed-from-library,3
own-a-copy,3
botm,3
own-kindle,3
all-time-favs,3
books-i-don-t-own,3
on-my-bookshelf,3
spfbo9,3
bookclub,3
bipoc-actor,3
bipoc-author,3
added,3
rating-3-stars,3
adult-adult-fantasy,3
adult-books,3
novellas,3
rainbow-flag-emoji,3
collection-arc-2023,3
black-authors,3
anthology,3
queer-themes,3
climate-fiction,3
space-horror,3
book-bfs,3
book-reviews,3
cliffhanger,3
aardvark,3
sw,3
mg,3
3-sff,3
things-i-left-unfinished,3
3star,3
monsters,3
2023reads,3
2023-finished,3
2-star-reads,3
family-drama,3
ya-fiction,3
done,3
movie-tie-in,3
fun,3
g-fantasy,3
favorite-authors,3
horror-thriller,3
genre-horror,3
2023-tbr-cleanup-challenge,3
history,3
witchy,3
2024-favorites,3
faves-2023,3
favourite,3
insta-love,3
magical,3
five-star-reads,3
indie-authors,3
epic,3
2022-releases,3
female-protagonist,3
female-author,3
elizabeth,3
2023-audiobooks,3
format-audiobook,3
2024-reading-challenge,3
2021-reads,3
mid,3
f-sf,3
f-sf-for-adults,3
faeries,3
disney-star-wars-universe,3
dnfs,3
fave-protagonists,3
2023-reviews,3
new-releases-2023,3
2023-new-releases,3
asian,3
lgbtqiap,3
fantasy-and-scifi,3
04-stars,3
netgalley-2022,3
fated-mates,3
hardcover,3
cute,3
lgbtqai-protagonists,3
steampunk,3
crime,3
grief,3
giveaways-arcs,3
mythology-and-folklore,3
made-me-cry,3
yesss,3
disability,3
5-star-reviews,3
girls-kicking-ass-and-taking-names,3
ghosts,3
1-star,3
just-another-hot-sad-dark-haired-bo,2
book-box,2
fem-lead,2
leídos-2023,2
knotting,2
best-of-2022,2
book-box-illumicrate,2
female-leads,2
lgb-literature,2
female-nb-gq-2023,2
kids,2
jessica-grayson,2
ff-romance,2
bl,2
fantasy-recs,2
fantasy-poc,2
fav-fantasy,2
fantasy-pnr-scifi,2
best-of-the-best,2
bipoc-main-character,2
black-author,2
favorite-books-of-all-time,2
kindle-unlimited-reads,2
kindle-tbr,2
fated-mate,2
re-read,2
kindle-reads,2
kindle-read,2
favorites-i-do-not-own,2
favorites-of-2023,2
first-editions,2
body-horror,2
bisexual,2
fantasy-ya,2
favorites-of-all-time,2
read-arcs,2
fantasy-urban,2
read-audiobook,2
fantasy-tbr,2
kindled,2
bisexual-rep,2
betrayal,2
cried,2
beautifully-written,2
heartwarming-fluff,2
future-home-library,2
audiobook-reads,2
retelling-mythology,2
galaxy-far-far-away,2
gave-up-on,2
genre-scifi,2
audio-read,2
genre-ya-fantasy,2
genre_romance,2
audio-listened-to-this,2
highly-recommended,2
high-republic,2
giveaway,2
hero-blushes,2
gloomy,2
fucked-up-in-so-many-ways,2
god-tier-fantasy,2
gods,2
review-requests,2
goldsboro,2
at-slo-paso-bg-pa,2
has-gay-or-bi-characters,2
hardback,2
hard-copy-reads,2
got-an-arc,2
asian-rep-or-author,2
guerre-stellari,2
rh,2
greek-and-norse-mythology,2
asian-inspired,2
audiobooked,2
aussie-authors,2
bbs-challenge,2
received-from-publisher,2
indie-and-selfpub,2
fmc-virgin,2
folk-horror,2
barnes-and-noble-editions,2
bane-of-my-existence,2
read-your-bookshelves,2
in-english,2
in-a-series,2
reading-2024,2
bad-bitches,2
fantasy-magic,2
four-stars,2
awhhh,2
freaky-supernatural-adventures,2
free-ebooks,2
fuck-buddy-read,2
recommendations,2
i-should-ve-dnfd,2
freebies-and-gifts,2
author_female,2
friends-to-lovers,2
friendship,2
regency,2
author-publisher-arcs-copies,2
author-of-colour,2
i-m-so-excited-to-read-this,2
author-lgbtq,2
from-library,2
i-love-the-library,2
from-the-library,2
lgbtq-books,2
books-of-2023,2
fantasy-i-read,2
dnf-shelf,2
oh-my-sweet-romance,2
most-anticipated,2
most-anticipated-2023,2
most-enjoyed,2
close-proximity,2
do-not-read,2
comedy,2
dramatic,2
dnf-series,2
dnf-for-now,2
dnf-did-not-finish,2
comfort-books,2
music,2
diversity,2
drama,2
monthly-book-subscription,2
chefs-kiss,2
earc,2
children-ya,2
ebooks-i-own,2
ebook_scribd,2
chinese-lit,2
ebook-kindle,2
misc-arcs,2
chosen-one,2
monster-romance,2
e-read,2
cinnamon-roll-hero,2
e-arcs,2
monster,2
on-kindle,2
classic-fantasy,2
comfort-reads,2
diverse-reads,2
diverse,2
curvy-woman,2
net-galley-and-other-arcs,2
could-not-put-down,2
couldn-t-finish,2
netgallery,2
netgalley-and-edelweiss,2
netgalley-audio-books,2
coveted-bookshelf-status,2
disaster,2
curse,2
netgalley-reviews,2
ng,2
next-in-series,2
new-release-2023,2
creative-mc,2
myths,2
myth-retellings,2
desi,2
my-reviews,2
digital,2
contains-queer-rep,2
not-owned,2
not-released,2
disability-and-neurodivergence-rep,2
consent-done-well,2
connected-world,2
disability-books,2
my-heart,2
completed-star-wars-canon,2
completed-series,2
novel,2
my-favs,2
ongoing-or-need-to-complete-series,2
overdrive,2
purchased,2
physical-copies,2
fantastical,2
library-ebook,2
library-order-considerations,2
physical-shelf,2
family-dynamics,2
physical-owned,2
physical-books-i-own,2
plus-size-rep,2
library-rental-audiobook,2
fall-reads,2
fall-2023,2
libro-fm,2
fairytales-n-myths-remixed,2
libro-fm-library,2
physically-owned,2
books-read-2023,2
mf,2
pretty-covers,2
book-tour,2
fantasy-high-fantasy,2
psychological-thriller,2
psychological,2
fantasy-general,2
prose-novels,2
fantasy-epic,2
fantasy-and-sf,2
post-apocalyptic,2
books-i-love,2
lgbtqiap-all,2
books-in-english,2
fantasy-contemporary,2
books-only-2023,2
fairytale-retelling,2
part-of-a-series,2
fairy-tales-and-retellings,2
maythology,2
erotic-romance,2
magical-realism-or-urban-fantasy,2
owned-and-read,2
own-physical,2
eng,2
own-it,2
own-digital,2
borrowed-audiobook,2
media-tie-ins,2
own-a-physical-copy,2
meh,2
mental-health,2
cbr15,2
mexico,2
everend,2
loved,2
owned-ebooks,2
brujas,2
f-br,2
owned-read,2
british,2
britain,2
f-f,2
breeding-kink,2
breeding,2
paperback,2
love-it,2
lost-interest,2
bought-2023,2
fairy-loot-ya,2
fairy-tale-retellings,2
politics,2
grrl-power,2
2023-january,2
advance-listening-copy,2
arc-giveaway-freebie,2
usa,2
1science-fiction,2
_steam_3_high,2
strange-worlds,2
a-2023-most-anticipated-releases,2
2-adult,2
2-audiobook,2
2023-staff-fiction-favorites,2
2-middlegrade,2
women-do-it-best,2
arc-books,2
arc-beta,2
arc-2023,2
starwars,2
april-2024,2
_pairing_rh,2
arc-or-from-pub,2
sad,2
arc-received,2
year-2023-favorites,2
year-2023,2
3-and-a-half-stars,2
witch,2
time-travel,2
alternative-universe,2
arc-review,2
superheroes,2
subscription-books,2
arc-reads-2023,2
amazon-first-reads,2
africa,2
summer-reading-2023,2
arc-publisher,2
american-literature,2
1rom-com,2
unfinished-series,2
won,2
sci-fi-romance,2
animals,2
academia,2
animal-death,2
scifan,2
2023-all,2
anticapted,2
2023-5-stars,2
scifi-fantasy,2
added-2022,2
2020s,2
self-pub,2
2024-favs,2
annotated,2
speculative-romance,2
scribd-audio-read,2
achillean,2
another-world,2
2024-faves,2
self-published,2
animal-companion,2
standalones,2
underwhelming,2
2020s-reads,2
adult-na,2
sci-fi-speculative,2
apocalyptic-dystopian,2
2024-releases,2
2024-release,2
apocalyptic,2
star-wars-read,2
star-wars-books-read,2
science,2
apocalypse,2
self-published-and-indie,2
science-fiction-and-fantasy,2
science-fiction-double-feature,2
smut,2
sucker-for-the-cover,2
2023-releases-im-excited-for,2
arcs-earcs,2
romance-novels,2
03-stars,2
alien,2
300-pages,2
alexis-hall,2
romantic,2
2023-march,2
2023-read-list,2
05-stars,2
swc-books,2
arcs-and-review-copies,2
0reviewed,2
three-star-reads,2
why-choose,2
2023-new,2
arcs-review,2
arcs-to-read,2
z2023-read,2
4-and-a-half-stars,2
romance-fantasy,2
5,2
all-time-faves,2
teen,2
arranged-forced-marriage,2
thanks-i-hate-it,2
all-time-fav,2
shorts,2
arthurian,2
4-star-books,2
the-goods,2
4-star-read,2
arcs-alc,2
achillean-side,2
already-own,2
3-future-speculative-dystopian,2
age-ya,2
2023-in-books,2
arcs-2023-release,2
will-make-my-kids-read,2
2023-reads-137,2
russian,2
unable-to-finish,1
lgbt-kissemoji,1
lgbtq-representation,1
want-to-read-and-own,1
vox,1
life-itself,1
virgin-hero,1
lieben,1
lgbt-books,1
twenty-somethings,1
libreros,1
libropoly-2024,1
vo,1
twitter-writers,1
lgbt-characters,1
lgbtqaplus,1
war,1
two-star-reads,1
want-to-read-2024,1
libro-arc,1
lgbt-main-character,1
type-fiction,1
uf-series,1
lgbtqiap-f-f,1
lgbqt,1
w-gen-sci-fi,1
warmfuzzyfeelz,1
w-lgbtqia-rep,1
listened-on-audio,1
listened-mostly-or-all-on-audiobook,1
tt2023,1
ttx,1
wars-soldiers-rebels,1
warrior-girl,1
limbo,1
let-s-get-physical,1
lgbtqa-reads,1
lgbtq-sff,1
waiting-2,1
light-and-fluffy,1
tv-movie-tie-in,1
likeable-heroine,1
tv-movie-tie-ins,1
lgbtqa-rep,1
warm-and-fuzzy-inside,1
light-novels,1
light-novel,1
light-fantasy,1
lgbq-spn-fantasy-scifi,1
light-cozy-reading,1
waiting-for-next-book-to-come-out,1
lgbt-mm-sffr,1
librarybook,1
lgbtqiap-gay,1
walk-the-plank,1
lgbtqia2s,1
up-next,1
upcoming,1
urban-fantasy-magic-realism-horror,1
urban-fantasy-romance,1
lgbtq-character,1
waiting-on-series,1
lgbtq-bi,1
us,1
waiting-for-sequel,1
vietnamese-author,1
libby-overdrive,1
v-aud-adult,1
video-games,1
lgtb,1
lgeebeetees,1
lgbtqiap-bisexual,1
vernal-virtual-book-club,1
very-dear-to-me,1
video-game,1
lgbtqiap2s-rep,1
lgbtqiap-rep,1
lgbtq-books-i-ve-read,1
lgbtqiap-narrator,1
listened-to-audio,1
unread,1
unrated,1
lgbtqia-characters,1
lgbtqia-queer,1
lgbtqia-characters-author,1
lgbt-mostlty-wlw,1
lgbt-plus,1
unfinished,1
lgbt-queer,1
library2023,1
library-rentals,1
want-to-read-2023,1
unfinished-series-bc-ash-and-sash,1
want-to-buy,1
unhaul,1
lgbtq-plus,1
uno-2023,1
library-recommendations,1
lgbtq-spec-fic,1
virgin,1
library-reads,1
wanna-buy,1
library-overdrive,1
uno2023,1
lgbtq-ff-side,1
library-lend,1
unowned-read-ya,1
library-check-outs,1
library-borrowed,1
lgbt-read,1
translated-books,1
true-threes,1
military-sci-fi,1
to-be-released,1
tied-in-a-౨ৎ,1
middle-grade-and-children,1
middle-grade-children-s-etc,1
tie-ins,1
middlegrade,1
tie-in-bts-and-novelizations,1
military-war,1
mitt-bibliotek,1
miltary,1
thrills,1
miltary-romance-contemp-fut-hist,1
mine,1
thriller-mystery-horror,1
mithology,1
mitología,1
to-read-2023,1
michelle,1
mg-2023-2028,1
to-read-again-and-again,1
medievaloid-fantasy,1
medium-novel,1
tony-jones,1
meh-that-was-disappointing,1
mehhh,1
mejores-lecturas-2023,1
menage-multiple-partners,1
to-review,1
mental-health-issues,1
to-read-short-stories,1
to-read-owned-books,1
to-read-owned,1
mf-growly-alphas,1
mfm,1
to-read-in-2024,1
mitología-griega,1
mlm,1
media-audio,1
the-kendall-jenner-of-books,1
the-realistic-couple,1
the-plot-plotted,1
morally-grey,1
morally-grey-love-interest,1
more-romance-than-fantasy,1
the-lgbtq,1
the-kids-aren-t-alright,1
the-high-republic-phase-2,1
mm,1
most-anticipated-23,1
most-anticipated-24,1
most-anticipated-releases,1
most-anticipated-up-coming,1
most-fantastical-fantasy,1
most-want-to-read,1
mothers-and-daughters,1
monstrous-fae,1
the-stars-around-my-scars,1
the-vibes-were-spooky,1
monster-pnr-fantasy,1
thriller-horror,1
mm-bl,1
mm-romance,1
thought-provoking,1
thomas,1
theyre-tattoos-not-ink-or-tats,1
they-always-hit,1
mm-romance-reads,1
mmmmm,1
modern-fantasy,1
mombookclub,1
these-characters-are-awful-people,1
monster-alien-vamp,1
theater-stage-play,1
monster-demon,1
top-10ish,1
mc-is-a-painter,1
trouble-in-paradise,1
lovecraftian,1
los-que-odié,1
translation,1
translated-to-english,1
love-story,1
love-the-cover,1
love-triangle,1
love-triangle-or-square,1
lesbian-sapphic-wlnb-character,1
m4m,1
trans-writers,1
trans-nonbinary-intersex-2s-gnc,1
lover-of-mine,1
low-fantasy,1
lowkey-obsessed,1
lqbtqia,1
m-f,1
transrightsreadathon2024,1
trash,1
loot-crates,1
trilogies,1
listened-to-audio-book,1
listened-to-audiobook,1
listened-to-it,1
lit-middle-grade,1
trope-enemies-to-lovers,1
literally-bookish-2023,1
trilogy-in-progress,1
literary-league,1
literatura-asiatica,1
lives-rent-free-in-my-head,1
livres-audio,1
livres-perso,1
location-city,1
long-2024,1
looking-forward-to-read-asap,1
m-m,1
machalo-buddy-read,1
top-books,1
march-2024,1
top-reads,1
major-gay-bi-character,1
male-author,1
male-protagonist,1
top-queer-books,1
mam2,1
march,1
marriage-arranged-convenience,1
macmillan-audio-arcs,1
top-books-of-2023,1
marriage-of-convenience,1
marry-you-with-paper-rings,1
top-books-check-them-out,1
mate-predestinada,1
top-books-2022,1
mc-double-mf,1
magical-sue,1
top-reads-2022,1
top-series-of-all-time,1
magical-realism-books,1
tragic-little-gay-men,1
made-me-suffer,1
toxic-love,1
magic-fantasy-supernatural,1
magic-in-another-world,1
magic-is-known,1
magic-modern,1
topic-fic-sf-modern,1
magic-mystery-fall-vibes,1
top-tier-favourites,1
top-tier-fantasy,1
magic-school-dark-academia,1
top-tier,1
magical-forests,1
top-ten-2023,1
let-my-mom-borrow,1
rh-sweet,1
warte-auf-die-fortsetzung,1
hugo-poss-2024,1
horror-vibes,1
horrororor,1
horrors-of-war,1
horrorshow,1
how-disappointing,1
hugo-2024,1
ya-horror-mystery-thriller,1
hugo-reading-2024,1
ya-lgbtq,1
humour,1
ya-horror,1
hurt-comfort,1
husband-material,1
i-borrowed-audio,1
i-dont-care,1
ya-historical,1
horror-thrillers,1
horror-sci-fi-anime-manga,1
i-got-chapter-issues,1
horror-and-gothic-novels,1
ya-literature,1
holy-what-the-hell,1
hooray-for-queers,1
hornsby-library,1
horreur,1
ya-lit,1
horror-201-at-tombolo-books,1
horror-and-suspense,1
horror-read,1
horror-chilling,1
horror-elements,1
horror-i-liked,1
horror-i-recommend,1
horror-mystery,1
horror-or-gore,1
horror-paranormal,1
i-genre-worldview,1
i-hate-it-here,1
lesbian-recs,1
i-would-sell-my-soul-to-get-this,1
y-a-fantasy,1
i-want-my-time-back,1
i-want-to-write-like-this,1
x_2024,1
i-would-die-for-these-characters,1
i-would-die-for-this,1
x2023-book_hoarder-challenge,1
ibooks-added,1
y2023-favorites,1
x2023-book-hoarder-surprise-prompt,1
idk-whats-going-on-but-im-down,1
x2023-52-books,1
x2023,1
illumicrate-evernight,1
ily,1
im-not-crying-you-are,1
i-recommend,1
i-own-this-book,1
i-have-a-real-book,1
i-love-their-love,1
i-have-waited-my-whole-life-for-you,1
i-heavily-despise-these-ones,1
i-like-this-books,1
ya-fantasy-paranormal,1
i-love-the-cover,1
ya-fantasy-or-paranormal,1
ya-fantasy-female-heroine,1
i-love-you-more-than-starlight,1
i-own-audio,1
ya-contemporary,1
i-m-a-little-afraid-to-read-this,1
ya-books-worth-reading,1
i-need-more-than-air,1
ya-and-adult-fantasy-sci-fi,1
i-own,1
i-own-a-copy,1
histrom,1
ya-mlis-class,1
ya-paranormal,1
z-2023-books-i-read,1
hapa-authors,1
z-cus-minis-1-3,1
hard-sci-fi,1
hard-science-fiction,1
z-cus-1-3,1
hard-topics,1
hardback23,1
has-a-love-story,1
handsome-horrors,1
z-2023-all,1
has-non-cis-characters,1
has-not-come-out-yet,1
hate-the-mc,1
z-2023,1
hated,1
youngadult,1
hannahs-library,1
halloween-fall-books-to-read,1
ya-read,1
gryphon-reading-list,1
grump-and-sunshine,1
grump-sunshine,1
для-україни,1
grumpy-heroes,1
zzzz-2023,1
zzz-epub,1
zzz-2022,1
zz-2024-mar-new,1
zp-2023,1
gryphons,1
gsff,1
zread-in-2023-books,1
h-never-been-kissed-to-read,1
had-to-put-down,1
hades-and-sephi,1
hades-persephone,1
have-2-pry-out-of-my-cold-hands,1
have-audio,1
have-not-bought,1
ya-ya-land,1
year-s-best,1
highlight,1
highly-anticipated,1
year-read-2023,1
highly-recommend,1
hilarious,1
hispanic-authors,1
hispanic-heritage,1
young-adult-fiction,1
hist-fic,1
hist-rom,1
ya-ya-fantasy,1
ya-thriller,1
ya-sff,1
ya-sf-fantasy,1
ya-series,1
high-rec,1
yearning,1
high-priority,1
high-praise,1
have-physical,1
hea,1
heavy-on-the-smut,1
young-adult-awesomeness,1
hero-has-a-personality,1
heroine-s-journey,1
you-will-be-in-my-heart,1
you-own-this,1
hetero,1
hidden-treasures,1
high-anticipation,1
you-have-this,1
yep-yep,1
high-fantasy-otherwordlies,1
high-on-my-radar,1
x-2023,1
współprace,1
im-not-proud,1
kindle-library,1
kindle-first,1
witchy-reads,1
kindle-first-reads,1
kindle-freebie,1
witchy-magic-books,1
witchlife,1
witches-etc,1
kindle-prime,1
kindle-e-book,1
witches-and-magic,1
wish-list,1
wish-i-hadn-t-read,1
wintery,1
will-not-complete,1
kindle-unlimited-2023,1
kindle-unlimited-or-prime-reading,1
kindle-ebook,1
kindle-books,1
kathrine-quinn,1
wlw-recs,1
keith,1
kelsie,1
kemi-ashing-giwa,1
kenny-s-physical-library,1
kentaro-miura,1
kick-ass-heroine,1
kickstarter,1
wlw,1
kindle-and-ebooks,1
kids-and-ya,1
kids-young-adult-read,1
kidsyoungadultread,1
killing-violence-gore,1
with-review,1
kindle-2024,1
witchy-romance,1
will-finish-later,1
kingarthur,1
kingdom-court,1
lbgtqia,1
laser-2023,1
last-to-leave-the-room,1
latin-american-author-books,1
laufende-reihen,1
lbgtq,1
werewolf-shapeshifter,1
weak-cast,1
leave-the-lights-on,1
kings-and-queens,1
leia-mulheres,1
length-put-down-the-pen-maybe,1
we-own,1
lent-out,1
waste-of-time,1
wascally-witches,1
lesbian-main-character,1
lang-en,1
la-haute-république,1
la-crème-de-la-crème,1
ku-recs,1
will-continue-the-series,1
widget-received,1
kink-breeding,1
kinky-fuckery,1
knife-to-the-throat,1
much-anticipation,1
kobo-plus,1
koi-no-yokan,1
kris,1
who-did-this-to-you-trope,1
książkiwbiblioteczce,1
western,1
ku,1
ku-books,1
ku-read,1
keepers,1
katee-robert,1
imaginary-world-fantasy,1
indie-reads,1
indie-books,1
worse-than-expected,1
indie-faves,1
world-fantasy,1
indie-favs,1
workplace-romance,1
indie-pub,1
indie-self-published,1
would-do-anything-to-have-this,1
indie-selfpublished,1
wonderful-world-building,1
indigenous-and-marginalized-peoples,1
indigenous-or-protag-of-colour,1
inmycollection,1
interesting-books,1
intrigue,1
worthy-of-reread,1
would-not-read-again,1
woke,1
would-sell-my-soul-to-read-this,1
immaculate-vibes,1
współpraca,1
writers-of-color,1
impossible-doors,1
impressions-of-2022,1
write-review,1
in-audio,1
in-love-with-character,1
india,1
in-space,1
in-the-bookshelve,1
would-read-again,1
in-the-nook,1
in-translation,1
would-re-read,1
incomplete,1
iread-challenge-2024,1
is-this-just-fantasy,1
issues-without-preaching,1
june-2021,1
joseph-s-books,1
jri,1
judged-a-book-by-its-cover,1
july-2023-reading-list,1
july-tbr,1
women-scifi,1
women-authors,1
june-2023,1
it-s-from-the-library,1
wolves-and-dogs,1
wolves,1
just-can-t-finish,1
just-my-style,1
just-okay,1
wolf,1
karcs,1
womens-wrongs,1
jedi-fallen-order,1
jay,1
jaw-dropping,1
it-was-fine,1
its-a-no-from-me-dawg,1
its-all-about-the-cover-art,1
its-always-been-you,1
its-me-not-the-book,1
its-so-gay,1
its-straight-but-its-allowed,1
iv-arcs,1
jack-s-shelf,1
jan-2023,1
january,1
january-2023-3k-book-a-thon,1
january-2023-tbr,1
january-2024,1
won-read,1
the-good,1
my-loves,1
the-dark-fantastic,1
queer-friendly,1
queer-bipoc,1
queer-books,1
queer-collection,1
self-pub-tbr,1
queer-fantasy-sci-fi,1
self-pub-or-indie,1
queer-fic,1
seal-of-approval,1
quantum,1
se-owlcrate,1
queer-mc,1
queer-protag,1
scribd,1
queer-recs,1
scifi-fantasy-read,1
queer-reps-main,1
queer-babies,1
pure-hatred,1
read-again,1
publication-2023,1
series-finished,1
series-caught-up,1
protag-achillean,1
sequoyah-consideration-2025,1
sequels-to-read,1
september-2023-tbr,1
pub-2023,1
published-in-2023,1
purchased-or-free-on-kindle,1
published-tbr,1
publisher,1
publisher-for-review,1
sept-readathon,1
publisher-physical,1
punta-cana-23,1
purchased-2023,1
queer-romance,1
queer-scifi-fantasty,1
queer-stuff,1
rc,1
sciencefiction,1
science-fiction-sagacity,1
rating-mid,1
rating-pg-13,1
rating_2stars,1
science-fiction-dystopia,1
raven-kennedy,1
rc-committee,1
scifi-fantasy-book,1
science-fiction-adult,1
science-fiction-2023,1
re-reading,1
science-and-speculative,1
read-2022,1
sci-fy,1
read-23,1
rated-4-stars,1
rated-3-stars,1
random-house,1
rainbow-mafia,1
queer-trans,1
queering-my-shelf,1
queerio,1
quest,1
quest-spring-2024,1
quiet-mmc,1
quotes-pulled,1
r-2023-releases,1
r-23,1
r-fantasy-2023-bingo,1
scifi-fantasy-adult,1
r-queer,1
rachae,1
racism,1
scifantasy,1
prose,1
properly-fairy,1
professor-aubrey,1
sf-magic-realism,1
physical-copy,1
physical-library,1
physical-library-read,1
sff-fantasy,1
sff-by-women,1
physical-read,1
physical-shelves,1
physical-wishlist,1
poc,1
physicallllll,1
sf-f-goodies,1
physically-owned-read-books,1
plant-writing,1
sf-f,1
sf-and-fantasy,1
sexy,1
sff-infinity-stars,1
sff-shelf-cleanup-2023,1
physical-books-2023,1
sff-speculative,1
past-challenges-275-in-2023,1
pathways-of-magic,1
paused,1
peak-sw-books,1
percy-jackson,1
percy-jackson-heroes-of-olympus,1
performance-training,1
period,1
personal-collection,1
sffbooksihaveread,1
personal-faves,1
personal-is-political,1
sff-ya,1
physical-arc,1
sff-with-lgbtqia-rep-reviewed,1
serve,1
poc-author,1
priority-tbr,1
pre-order-23,1
post-apoc-dystopian,1
series-in-progress,1
posthuman,1
potential-bookclub,1
pov-multiple,1
pows-checkout,1
series-i-need-to-finish,1
pre-ordered,1
seriestbrathon,1
series-i-am-not-continuing,1
prh-audio,1
pride-readathon,1
prime-reads,1
prince-or-pauper,1
print,1
print-own,1
series-starter,1
series-to-continue,1
portal-fantasy,1
popsugar-24,1
poc-on-cover,1
polite-society,1
political,1
political-fantasy,1
political-intrigue,1
politically-aware,1
grownup,1
politics-feminism-religion,1
poly-fiction,1
series-to-finish,1
poly-why-choose,1
poor-sweet-boys,1
popsugar-2023-reading-challenge,1
popsugar-2024,1
popsugar-23,1
read-a-book-in-this-series-before,1
read-age-ya,1
partial-read,1
ruined-the-series,1
rural-fantasy,1
reread,1
reread-recently,1
reread-reread-reread,1
reread-worthy,1
reseñado,1
retelings,1
rtc,1
rep-achillean,1
royals,1
romcoms,1
retelling-misc,1
retelling-movie,1
romantic-reads,1
retellings-and-mythology,1
romantic-fantasy,1
rep-lgbtqia,1
religion,1
read-an-an-arc,1
recs-shelf,1
recommended,1
recommended-2-us,1
sampled-not-for-me,1
recs,1
sampled-and-could-finish-if-time,1
recs-2023,1
recs-i-can-body,1
sampled,1
released-in-2023,1
sad-girl-mood,1
sacred-science,1
reihenliebe,1
release-2023,1
s-p,1
release-in-2023,1
russian-lit,1
retold-fairy-tales,1
retold-tales,1
revenge-driven-plot,1
risa-book-club,1
reviewed-books,1
reviewed-elsewhere,1
reviewed-reads,1
romance-drama,1
reylo-recs,1
rfantasy-bingo,1
rivals-to-lovers,1
rfantasy-bingo-short-story,1
reverse-harem-polyamory,1
rip-open-my-heart-and-add-salt,1
riordanverse,1
rh-dystopian,1
rh-fairytale-legend-retelling,1
rick-riordan,1
rh-mmf-mfm,1
rh-monsters,1
romance-erotic,1
romance-fantasy-fluff,1
review-written,1
romance-fantasy-pnr,1
reverse-harem-read,1
romantacy-reads,1
romances-for-adults,1
romancelandia,1
romance-x1f495,1
review-books-arcs,1
romance-read,1
romance-paranormal,1
romance-m-f,1
romance-love,1
review-copies-arcs,1
romance-goodies,1
romance-favs,1
review-copy-arc-provided,1
review-or-comment,1
recommend-yes,1
recommend,1
recenzje,1
read-once,1
sci-fi-dystopian,1
read-lgbtqia,1
read-middle-grade-childrens,1
read-mythology,1
read-on-ebook,1
read-on-kindle,1
read-on-libby,1
read-owned,1
sci-fi-and-fantasy,1
read-physical,1
read-physical-book,1
read-physical-books,1
sci-fi-current,1
read-print-copy-in-my-library,1
read-romance,1
sci-fi-and-speculative-fiction,1
sci-fi-fantasy-book-club,1
sci-fi-fantasy-horror,1
sci-fi-fantasy-whatever,1
read-in-2021,1
sci-fi-thriller,1
read-as-audiobook,1
read-as-ebook,1
read-at-2023,1
read-before-you-die,1
read-but-don-t-own,1
read-but-dont-own,1
read-classical-mythology-related,1
read-ebook-owned,1
read-fiction,1
read-for-bookclub,1
sci-fi-read,1
sci-fi-liked,1
read-genre-fantasy,1
sci-fi-hi-fi,1
read-soon,1
sci-fi-and-fantastical,1
recenzenckie-2024,1
real-world-fantasy,1
reading-rainbow,1
readmyshelf2024,1
reads-02-2024,1
reads-03-2023,1
sapphic-characters,1
reads-23,1
readtoreview,1
realistic-fiction,1
read-star-wars,1
reasons-not-to-die,1
sanskrit,1
received-arcs,1
received-for-review,1
received-from-pan-macmillan-sa,1
recent-favorites,1
recenzenckie-2023,1
reading-list-2023,1
sapphic-speculative,1
scalzi-big-idea,1
readin23,1
read-teens,1
read-this-if-it-kills-you,1
read-this-year,1
read-this-year-2023,1
read-via-audio,1
sci-fantasy,1
school-year-23-24,1
read-via-library-hoopla,1
read-w-hazel,1
read-with-hubby,1
read-ya,1
school-2023-2024,1
school,1
read2024,1
read_2023,1
shadowhunters,1
shaes-library,1
multi-supernaturals,1
netgalley-read,1
netgalley-books-read,1
netgalley-edelweiss,1
story-collections,1
netgalley-edelweiss-2023,1
netgalley-edelweiss-arc,1
netgalley-edelweiss-other-arcs,1
story-collection,1
stories-about-stories,1
storytel,1
still-crying,1
netgalley-via-publisher,1
stay-away,1
netgalleyarc,1
never-again,1
new,1
new-2023,1
netgalley-books,1
netgalley-and-giveaways,1
spy,1
stunning-covers,1
nancy-drew,1
nates-queer-recs,1
naughty,1
nebula,1
need-to-buy,1
need-to-review,1
sucker-for-the-blurb,1
net-galley-arcs,1
stranger-stories,1
net-gally,1
strossing-out,1
strongfemalelead,1
strong-heroine,1
strong-dark-female-characters,1
netgalley-all,1
netgalley-and-arcs,1
new-cover,1
new-in-2023,1
new-release,1
non-english-sff,1
no-review-yet,1
no-sexual-violence,1
no-spice,1
no-third-act-breakup,1
nominated-2023,1
stand-alones,1
non-binary-rep,1
st-martins-press,1
start-series,1
non-tradotti,1
nonbinary-character,1
nonbinary-genderqueer-fluid,1
nope,1
norse,1
not-all-out-yet,1
not-amazing-but-not-terrible,1
star-wars-audiodramas,1
nhsggc-reading-challenge-2023,1
ngt,1
star-wars-books-ranked,1
star-worms,1
star-wars-the-high-republic-phase-2,1
star-wars-the-high-republic,1
new-releases-23,1
new-tbp,1
new-year-releases-2023,1
next-book-unreleased,1
star-wars-scripts,1
star-wars-recs,1
next-in-a-series,1
next-up,1
star-wars-new-canon,1
star-wars-new-cannon-owned,1
ng-2023,1
ng-reviews,1
summer-2023,1
na,1
myths-legends-and-retellings,1
tbr-in-permanent-ink-2024,1
my-fav-book-boyfriends,1
my-favorite-books,1
tbr_shifter,1
my-favorite-books-read-so-far,1
tbr2023,1
my-god-tier-reads,1
tbr-kindle,1
my-historical-fantasies,1
my-personal-library,1
tbr,1
my-library-hardcover,1
take-my-money,1
tag-fantasy,1
sword-challenge,1
my-library-kindle,1
rh-pnr,1
my-e-library,1
my-collection,1
team-sword,1
my-children-will-read-this,1
the-bound-and-the-broken,1
the-bookshelf,1
multiple-copies,1
the-big-tbr-shelf-2023,1
the-best-books-of-2023,1
multiverse-same-as-the-first,1
the-bes-tbooks-ever,1
murder-mystery,1
the-absolute-death-of-me,1
must-read-again,1
my-book-shelve,1
my-books,1
tear-jerkers,1
my-bookshelf,1
my-bookshelves,1
my-most-treasured-books,1
my-physical-library,1
summer-23,1
mythical-magical-creatures,1
mystery-suspense-thriller,1
supernatural-and-fantasty,1
mystery-thriller-horror,1
myth,1
myth-and-fairytale,1
myth-asian,1
supernatural,1
mythical-witchy-or-supernatural,1
my-precious-babies,1
mythological-fiction,1
sunshine-heroines,1
summer23,1
mythology-folklore,1
mythology-hot,1
mythology-related,1
mythos,1
mystery-suspense-mag,1
mystery-suspense-crime,1
mystery-sci-fi,1
mystery-detective,1
sw-highrepublic-2024,1
my-reviewed-books,1
suspense,1
my-shelf-irl,1
my-special-editions,1
survival,1
my-stuff,1
my-top-10-books,1
my-top-10-books-in-2023,1
supersapphic,1
my-top-books-of-all-time,1
myfaves,1
myshelf,1
supernatural-urban-fantasy,1
mystery-crime-thriller,1
not-dnf-just-on-hold,1
spooky-season-reads,1
shared-world,1
signed-books,1
slay,1
slash-fiction,1
skiffy,1
own-print,1
own-read,1
own-tbr,1
signed-copies,1
owned-audible,1
own-hardcover,1
owned-book,1
owned-bookish-signs-and-more,1
sick-girl-lit,1
owned-digital,1
owned-ebook,1
si-fi,1
owned-ebook-kindle,1
own-in-hard-copy,1
own-hard-copy,1
not-like-every-other-book-out-there,1
smutty-aliens-monsters,1
other-retellings,1
other-world,1
otps,1
ov,1
so-disappointing,1
owed,1
so-bad-its-good,1
owlcrate-books,1
own-english,1
owlcrate-read-2024,1
smutsmut,1
smp-influencer,1
slow-at-times,1
own-audible,1
own-book,1
own-but-havent-read,1
shtf,1
owned-kaci-me-donutila,1
showcase,1
paranormal-rom-coms,1
paranormal-dark-romance,1
short-2022,1
paranormal-fantasy,1
shifter-romance,1
shifter,1
paranormal-fiction,1
paranormal-passions,1
shesgotthis,1
owned-library,1
paranormal-romance-x,1
paranormal-sci-fi-fantasy,1
sheri,1
paranormal-supernatural-urban,1
shelved,1
shelf,1
parent-child-relationships,1
parallel-worlds,1
paperbacks,1
paper-book,1
panty-melting,1
owned-not-read,1
owned-on-kindle,1
should-have-dnfed,1
owned-physical-read,1
should-have-been-in-a-box,1
owned-read-unhauled,1
short-story,1
short-series,1
short-fiction,1
owned-to-read,1
owned_audiobook,1
owned_ebooks_read,1
owns-my-soul,1
p-e-r-f-e-c-t-i-o-n,1
pages-100-300,1
other-mythology,1
other-magical-creatures,1
orilium-readathon,1
nz-author,1
spec-fic-standalones,1
spec-fic,1
novellas-and-short-stories,1
novellas-my-beloved,1
spaceships,1
november-2022-tbr,1
numbered,1
space-travel,1
oh-to-be-in-love,1
o-why-choose,1
october-2023,1
october-2023-tbr,1
october2023,1
odds-and-sods,1
space-stories,1
office-romance,1
specfic,1
special-edition,1
novellae,1
special-editions,1
spooky,1
splendor,1
not-my-fav,1
spite,1
not-on-page,1
spinoff,1
not-owned-read,1
spice-spice-and-everything-nice,1
spice,1
not-released-yet-tbr,1
spfbo-9-tbr,1
spfbo-9,1
not-tall-tales,1
not-worth-finishing,1
speculative-fi,1
space-gays,1
space-fantasy,1
opposites-attract,1
solid-5-stars,1
on-the-shelf,1
souls-like-definitely,1
something-borrowed,1
some-spice,1
on-the-shelves-at-my-house,1
once-upon-a-time,1
once-was-enough,1
one-horse-trope,1
space-adventure,1
one-sitting,1
one-star,1
ongoing-favoritess,1
soft-romancce,1
ongoing-series-2023,1
social-media-sucked-me-in,1
opinion-time-to-cry,1
on-shelf,1
souls-like-maybe,1
sounds-more-interesting-than-it-is,1
south-asian-books,1
spaaaace,1
older-male-younger-female,1
sp9,1
oliviat-turner,1
oma-kirja,1
omegaverse-rh,1
omg-i-am-in-love-with-this-book,1
oms,1
omsread,1
on-deck-soon,1
south-asian-fantasy,1
south-asian-caribbean,1
on-my-book-shelf,1
on-my-kindle,1
on-my-nerd-shit,1
0-0-twentyfour,1
feb-2023-releases,1
grown-up-person-fiction,1
art-lovely,1
arcs2023,1
are-you-serious,1
arizona,1
around-the-world,1
around-the-year-2024,1
arranged-convenience-marriage,1
arranged-forced-convenient-marriage,1
arranged-marriage-marriage-of-conv,1
arrangement,1
as-sweet-as-peaches,1
arcs-reviewed,1
asia-china,1
asian-and-asian-inspired,1
asian-asian-american-specul-fiction,1
asian-author,1
asian-authored-books,1
asian-diaspora-literature,1
asian-female-authors,1
asian-mc,1
asian-pacific-islander-bookshelf,1
arcs-that-i-reviewed,1
arcs-received,1
asshole-ish-hero,1
arcs-and-such,1
arc-team-reviews,1
arc_copy,1
archaeology-is-awesome,1
arcs-2024,1
arcs-advanced-reader-reviews,1
arcs-alcs-beta,1
arcs-alcs-finishedcopies,1
arcs-and-free-copies,1
arcs-and-netgalley,1
arcs-betas,1
arcs-physical,1
arcs-ebooks-netgalley,1
arcs-finished-copy,1
arcs-free-review-copy,1
arcs-freebies,1
arcs-i-got,1
arcs-i-have,1
arcs-ive-read,1
arcs-online-review-books,1
arcs-or-gifts,1
assassins,1
asshole-male,1
books-that-i-own,1
australian-authors,1
audiobook-read,1
audiobooks-from-library,1
audiobooks-i-listened-to,1
audiobooks-read,1
aug22,1
august-2022,1
august-2023,1
auidobook,1
australian,1
author-1-african,1
audiobook-other-vendor,1
author-2-asian,1
author-american,1
author-friends,1
author-indian,1
author-lgbtqia,1
author-love,1
author-queer,1
author-they-them,1
author-to-keep-an-eye-on,1
audiobook-purchased-2023,1
audiobook-only,1
assholes-and-liars-everywhere-yay,1
audibles-own,1
assorted-human-magic-users,1
astronomy-physics,1
at-library,1
at-the-library,1
at-the-res-hall-libraries,1
atmospheric,1
atmostpheric,1
attempts-at-humour-alert,1
audible-audio,1
audience-new-adult,1
audiobook-listen,1
audio-drama,1
audio-hoopla,1
audio-reads,1
audio-shelf,1
audio-version,1
audio2023,1
audio_book,1
audiobook-audible,1
audiobook-experiment,1
arc-team,1
arc-simon-and-sch,1
arc-shelf,1
angels-or-demons,1
amnesia,1
amnesia-and-memory-loss,1
ancient-gods,1
ancient-worlds,1
and-then-there-was-romance,1
and-they-were-roommates,1
androids-cyborgs-robots,1
angelic-characters,1
angels-and-demons,1
anglophilia,1
american-authors-translators,1
angst,1
angst-whore,1
angsty,1
animal-cruelty,1
animal-shifting,1
animal-sidekicks,1
annie,1
annoying-character,1
annoying-lead,1
americans,1
amazon-review,1
arc-reviews-2023,1
alternate-universe,1
alpha,1
alpha-male-but-sweet,1
alpha-male-rating-1-out-of-3,1
alphabet-mafia,1
alphabet-soup,1
already-on-kindle-shelf,1
alt-historical,1
alt-history-fiction,1
alt-reality,1
alternate-universes-portal-worlds,1
amazon-prime,1
alternate-world,1
alternative-history,1
alternnate-history,1
am-i-crying,1
amazing-book,1
amazing-mc,1
amazing-world-building,1
amazon-finds,1
amazon-first-reads-selection,1
annoying-main-character,1
another-guy-also-wants-her,1
anthologies,1
arc-jul-2023,1
april-23,1
arc-alc,1
arc-arc-arc,1
arc-audiobook,1
arc-books-from-netgalley,1
arc-books-reviewed,1
arc-edelweiss,1
arc-for-review,1
arc-gifted,1
arc-netgalley-giveaway,1
anthologies-collections,1
arc-novels,1
arc-or-free-reads,1
arc-or-galley,1
arc-or-ng-2023,1
arc-owned,1
arc-promotion,1
arc-r2r,1
arc-read,1
arc-reviewers-copy,1
april-2023,1
april,1
apple-books,1
apotpourriofopinions,1
anti-hero,1
anticapitalist,1
anticipated-2022-releases,1
anticipated-reads-2023,1
anticipated-releases-2023,1
anticipation,1
anticolonial-mannerpunk,1
antihero,1
antiracism,1
aoc,1
aoc-et-al,1
apl,1
apoca-lit-dystopic,1
apocalypse-dystopia,1
apocalypse-nowish,1
apocalypse-of-the-heart,1
apocalypses,1
apocalyptic-and-dystopian,1
apollycon-2023,1
author-woman,1
authors-i-need-to-read-more-of,1
authors-of-colour,1
book-in-a-series,1
book-box-owlcrate,1
book-box-owlcrate-own,1
book-boxes,1
book-challenge-2023,1
book-club-discussed,1
book-club-reads,1
book-group-book,1
book-i-bought-2023,1
book-i-liked-a-lot,1
book-log-2024,1
book-betas-and-arcs,1
book-pub,1
book-review-shared,1
book-shelves,1
book-tok,1
book-tok-tube-gram,1
book-with-a-map,1
bookbeat,1
bookbeat-hörbuch,1
bookbox-fairyloot,1
book-box-evernight,1
book-bae,1
bitch,1
blend-into-the-wallpaper-heroine,1
bl-danmei,1
bl-yaoi,1
black,1
black-book-stack,1
black-lead,1
black-rep,1
black-stories,1
blackitty-black,1
blacklit,1
blerd-books,1
book,1
blog-library,1
bloodbath,1
bloody,1
blue-bookshelf,1
blue-covers,1
blush-worthy,1
bnwfneb,1
body-image,1
bonkers-romance,1
bookbox-owlcrate,1
bookcase,1
bookclub-avec-les-biochimistes,1
books-i-want-to-reread,1
books-i-own-read,1
books-i-physically-have,1
books-i-physically-own,1
books-i-read-in-2023,1
books-i-really-enjoyed,1
books-i-reviewed,1
books-i-stayed-up-late-to-read,1
books-i-ve-reviewed,1
books-i-want-to-own,1
books-i-will-never-read-again,1
bookclubs,1
books-id-save-from-fire,1
books-ill-never-get-over,1
books-in-a-series-romance,1
books-in-order,1
books-of-my-heart,1
books-on-kindle,1
books-read-in-2024,1
books-read-in2023,1
books-sent-to-me,1
books-i-own-kindle,1
books-i-own-have-read,1
books-i-liked,1
books-i-heard,1
bookeddit-recs,1
bookish-swifties-reads,1
books-2022,1
books-2023,1
books-23,1
books-about-books,1
books-and-brews-club,1
books-between-400-and-700-pages,1
books-bought-in-2023,1
books-by-female-authors,1
books-for-review,1
books-i-abandoned,1
books-i-audio,1
books-i-d-admit-to-reading,1
books-i-d-recommend-to-others,1
books-i-dont,1
books-i-had-a-hard-time-reading,1
books-i-hate,1
books-i-have-on-my-irl-bookshelf,1
bizarre-concepts,1
bisexual-mc,1
autographed,1
bdsm,1
badass-heroine,1
badass-ladies,1
badass-mc,1
bage-mature,1
baked-potato,1
baking,1
bamfb,1
band-of-rascals,1
battle-content,1
be-gay-do-crime,1
badass-fmc,1
bear-shifters,1
beast-dragon-adjacent,1
beautiful-characters,1
beautiful-world-building,1
beautiful-writing-style,1
beautifulest-book-covers,1
beauty-and-the-beast-theme,1
bechdel-test,1
been-there-read-that,1
badass-herione,1
badass,1
bisexual-main-character,1
awesome-women,1
autographed-books,1
autonomatons,1
autumn-reads,1
autumn-recs,1
autumn-vibes,1
available-on-kindle-unlimited,1
awaiting-anxiously-releases,1
awesome-author,1
awesome-fantasy,1
awful-mls,1
bad-present,1
awwwdeeeoooo,1
b-i-poc-authors,1
babies,1
bad,1
bad-ass-heroine,1
bad-dialogue,1
bad-first-impression,1
bad-girls-good-books,1
bad-past,1
beg-borrow-steal,1
berkley-prh,1
berserk,1
binged,1
bi-boys,1
bi-pan-rep,1
bi-rep,1
bibliothèque,1
big-girls-need-love-too,1
big-sis,1
billionaire,1
billionaire-or-just-about,1
bina-octavia-camila-book-club,1
bingo-2024,1
best-2023,1
bipoc-adult-fantasy,1
bipoc-and-aapi-reads,1
bipoc-fantasy,1
bipoc-li,1
bipoc-rep,1
birds,1
birthday-presents,1
bisexual-disasters,1
bisexual-love-interest,1
bi-bi-bi,1
bi,1
better-than-expected,1
betrayals,1
best-book-ever,1
best-books-ever,1
best-books-i-read-in-2023,1
best-books-of-2023,1
best-couples,1
best-fantasy-books,1
best-folklore,1
best-friend-romance,1
best-in-2024,1
best-of-2024,1
best-of-fiction,1
best-protagonists,1
best-read-in-2023,1
best-reviews,1
best-serial-sff,1
best-siblings,1
best-ya,1
best2023-24,1
beta-heroes,1
almost-favourites,1
almost-favorites,1
almost-a-dnf,1
2023-reading,1
2023-pl,1
2023-popsugar,1
2023-priority-releases,1
2023-pub-date,1
2023-publication,1
2023-radar,1
2023-read-around-usa,1
2023-read-august,1
2023-read-in,1
2023-reading-log,1
2023-owned-read,1
2023-releases-read,1
2023-rev,1
2023-review,1
2023-review-copy,1
2023-romance,1
2023-royalty-vs-commoner,1
2023-rr-audio,1
2023-september-reading-challenges,1
2023-shelf,1
2023-papier,1
2023-on,1
2023-copyright,1
2023-goodreads-challenge,1
2023-dnf,1
2023-exciting-releases,1
2023-favourite,1
2023-favs,1
2023-feb,1
2023-fiction,1
2023-finished-audio,1
2023-five-star-reads,1
2023-goal-1-own-voices,1
2023-july,1
2023-october-reading-challenges,1
2023-kindle,1
2023-mounttbr-challenge,1
2023-new-horror-release,1
2023-new-release-challenge,1
2023-ng-challenge,1
2023-ng-group-challenge,1
2023-novels,1
2023-novels-novellas-read,1
2023-novels-read,1
2023-shortlist,1
2023-speculative,1
2023-tbr-hopefuls,1
2024-read-your-shelf-completed,1
2024-favourites,1
2024-fiction,1
2024-fuck-yeahs,1
2024-hugo-eligible,1
2024-hugo-finalists,1
2024-hugos,1
2024-into-the-forest-challenge,1
2024-must-reads,1
2024-ng-arcs,1
2024-read-your-shelf-done-arcs,1
2023-top-reads,1
2024-reading,1
2024-reading-list,1
2024-reading-plan,1
2024-reads-re-reads-and-re-reviews,1
2024-reread,1
2024-sapphic-releases,1
2024-shelf,1
2024-soulsbourne-reading-list,1
2024-spring-reads,1
2024-favoritos,1
2024-debut,1
2024-challenges,1
2024-challenge,1
2023-wbtm-spooky-bingo,1
2023-whats-it-gonna-be,1
2023-wrap-up,1
2023-year-in-reviews,1
2023-year-of-queer,1
2023-young-adult,1
2023_all-reads,1
2023_climate,1
2023_decades_ha,1
2023_ecotage,1
2023_netgalley,1
2023_netgalley_reads,1
2023arc,1
2023brs,1
2023genrechallenge,1
2023release-july,1
2024-0-releases,1
2024-audiobook-challenge,1
2024-books-all,1
2023-debuts,1
2023-completed-books,1
2024challenges,1
1304,1
1-lgbt-queer-rep,1
1-mystery-thriller,1
1-print-book-library,1
1-science-fiction,1
1-the-romantasy-trifecta,1
1-urban-fantasy-paranormal,1
10-10,1
10-oct-2023,1
125-in-2023,1
15-18-years-old,1
1-highly-anticipated,1
1700s-1800s,1
1816-and-all-that,1
1910s,1
1horror,1
1romance-fantasy,1
1ssa,1
2-5-star,1
2-and-a-half-stars,1
2-political-intrigue,1
1-horror,1
1-gay-mc,1
2023-cecilia-is-having-a-time,1
03-march-2023,1
0-repeat-author,1
0-stars-not-enough-to-rate,1
0-ya-closed-door,1
01-read-kindle,1
01jan2023,1
02,1
02-new-adult,1
02-stars,1
0223,1
04-2024,1
1-e-book,1
04-star,1
05-4-stars,1
05-star,1
06-romance-chick-lit,1
1-10,1
1-and-a-half-stars,1
1-bisexual-mc,1
1-borrowed,1
1-chinese,1
2-star-read,1
2-stars-didnt-like,1
2-stars-kinda-meh,1
2023-audio,1
2023-120-books-challenge,1
2023-3-stars,1
2023-4-stars,1
2023-alphabet-reading-challenge,1
2023-and-on-releases,1
2023-anticipated-reads,1
2023-anticipated-releaes,1
2023-arcs-read,1
2023-aty,1
2023-audio-books,1
200-299-pp,1
2023-audio-libby,1
2023-baby,1
2023-best,1
2023-best-of,1
2023-bingo,1
2023-book-challenge,1
2023-book-goals,1
2023-books-hauled,1
2023-buddy-reads,1
2023-11-november,1
2023-05-may,1
2022-read-list,1
2022-ng-group-challenge,1
2020,1
2020-2023-releases,1
2020-2030,1
2020s-decade-releases,1
2021-2022-releases,1
2021-and-beyond,1
2021-challenge,1
2021-read,1
2022-4-star-reads,1
2022-arcs,1
2022-book-list,1
2022-booklist,1
2022-books,1
2022-books-read,1
2022-buzz-books-fall-winter,1
2022-faves,1
2022-favorites,1
2022-netgalley-reads,1
2022-ng-challenge,1
2024-woc,1
21,1
allfantasyallthetime,1
activist-essentials,1
access-library,1
accion,1
achillean-come-down,1
achillean-main-couple,1
action-adventure-thriller,1
action-and-adventure,1
action-mystery-suspense-thriller,1
action-thriller,1
activism,1
actual-bookshelf,1
academiesque,1
actually-good-enemies-to-lovers,1
adaptations,1
addictive,1
adorbs,1
adult-and-na,1
adult-books-read,1
adult-books-we-own,1
adult-fabulism,1
adult-fantasy-dystopian,1
access-edelweiss,1
academic-rivals-to-lovers,1
a-historical,1
aardvark-picks,1
a-m-o-r-t-e-n-t-i-a,1
a-million-stars,1
a-own,1
a-read-in-2023,1
a-romance,1
aaa-2024,1
aapi-authors,1
aapi-books,1
aardvark-book-club,1
aborted-efforts,1
academic-rivalry,1
about-books-writing,1
absolute-5-stars,1
absolute-faves,1
absolutely-loved,1
absolutely-loved-it,1
aburrido,1
abuse-cw-tw,1
academia-colegio-escuelas-privadas,1
academia-vibes,1
adult-fantasy-historical-mystery,1
adult-fiction-non-fiction,1
adult-i-guess,1
aliens-or-extraterrestrials,1
age-new-adult,1
ai,1
ai-scifi,1
ajsjdkfjksj-that-plot-twist,1
alcohol,1
alcs,1
alexandria,1
alh2022,1
aliens-monster,1
all-ages,1
adult-novels,1
all-going-fine-until-they-ruined-it,1
all-my-five-star-reads,1
all-my-physical-books,1
all-over-asia,1
all-the-feels,1
all-the-lovers,1
all-things-supernatural,1
all-timers,1
all-times-fav,1
age-na,1
age-group-ya,1
age-gaaaap,1
age-difference,1
adult-reads,1
adult-sci-fi,1
adult-science-fiction,1
adult-series,1
adult-sff-horror,1
adult-swim,1
adult-that-feels-ya,1
adults-read-ya-too,1
advance-reader-copies,1
advance-readers-copy,1
advance-review-copy-digital,1
advanced-copy,1
advanced-reader-copy-reviews,1
advanced-readers-copy,1
advanced-tech,1
adventure-seeking-consequences,1
adventurous,1
african-american,1
age-differance,1
a-list-favorites,1
a-certain-feeling,1
21st-cent,1
3rd-person-past,1
3-peppers,1
3-plus-stars-good,1
3-royalty,1
3-star-books,1
3-star-ok,1
3-star-ratings,1
3-wlw-rep,1
300-pages-or-more,1
300-to-500-pgs,1
4-5,1
3-lgbt,1
4-5-stars,1
4-and-a-half-star-books,1
4-enjoyed,1
4-fantasy,1
4-good-reads,1
4-half-star,1
4-or-4-and-a-half-stars,1
4-star-may-reread-recommend,1
4-star-silver-medal,1
3-mystery-thriller,1
3-historical,1
a-blip-not-a-climax,1
23netgalley,1
21st-century-fiction,1
22-23,1
22-23-school-year,1
223-in-2023,1
23-2023,1
23-books-for-2023,1
23-in-2023,1
23-reads-for-2023,1
23-september-tbr,1
24-audio,1
3-fmt-f-novel,1
24-in-2024,1
2402,1
260-pages-or-less,1
2nd-chance,1
2novel,1
3-75-stars,1
3-adventure,1
3-and-a-half-star,1
3-and-half-stars,1
4-stars-of-2023,1
4-war-or-rebellion,1
400-600-pages,1
83-for-23,1
5stars,1
6-2023-releases,1
6-library-books-to-buy,1
600-or-more-pages,1
600-pages,1
75books2022,1
7arcs,1
7s,1
8-physical-copy,1
9s,1
400-or-more-pages,1
___audiofile-magazine,1
__fiction,1
_genre_apocolypse,1
_genre_monster,1
_own,1
_standalone,1
a-1zip,1
a-2023-favorites,1
a-2023-releases,1
5starer-chemistry-of-mcs,1
52bookclub2023,1
52-books-2023,1
52-book-club-2024,1
400-pages,1
400-plus-pages,1
4podcast,1
4s,1
4stars,1
4th-quarter-dnf-s,1
5-1-low-spice,1
5-mg-children,1
5-star-2023,1
5-star-books,1
5-star-loves,1
5-star-read,1
5-star-read-2023,1
5-star-reads-fiction,1
5-stars-2023,1
5-stars-of-2023,1
5-stars-of-2024,1
5-ya,1
50-shades-vibe,1
books-that-deserve-less-hype,1
books-that-left-an-impact-on-me,1
grls,1
fast-paced,1
fantasy-urban-fantasy,1
fantasy-urban-fantasy-paranorma,1
fantasy_godpunk,1
fantasyish-sci-fi,1
fantasyz-rfbingo-2023-hm1234,1
fantasyz-rfbingo-2024-hm2-bipoc,1
far-future,1
fascinating-aliens,1
fast-burn,1
fav,1
fantasy-spec-fic,1
fav-authors,1
fav-covers,1
fav-dark-reads,1
fav-friendship,1
fav-reads,1
fav-self-published,1
fav-ships,1
fave-2022-reads,1
fave-gentlemen,1
fantasy-spice,1
fantasy-slice-of-life,1
fave-of-2023,1
fantasy-recommendations,1
fantasy-mf,1
fantasy-mid,1
fantasy-modern,1
fantasy-or-folklore,1
fantasy-or-magical-realism,1
fantasy-paranormal-sci-fi,1
fantasy-paranormal-scifi,1
fantasy-pnr-sci-fi,1
fantasy-reads,1
fantasy-romance-adult,1
fantasy-series,1
fantasy-romantasy,1
fantasy-romantic,1
fantasy-sapphic,1
fantasy-sci-fi-or-dystopian,1
fantasy-sci-fi-pnml,1
fantasy-sci-fi-supernatural,1
fantasy-science-fiction,1
fantasy-scifi-paranormal,1
fantasy-scifi-spec,1
fave-ladies,1
fave-romances,1
books-that-made-me-cry,1
0-fantasy-paranormal,1
favourite-reads,1
favourite-short-stories,1
favourites-2023,1
favourites-2024,1
favourites-3,1
favourites-5-star,1
favourites-of-2023,1
favourites-of-2024,1
fearless-protagonists,1
feb-23,1
favourite-covers-se,1
february,1
february-2023,1
february-2023-tbr,1
february-2024,1
february-2024-tbr,1
feel-good,1
feel-the-rainbow-taste-the-rainbow,1
fell-out-of-love,1
female,1
favourite-english-novel,1
favourite-books,1
faves-all-stars-ed,1
favorite-list,1
faves-of-2023,1
faves-of-all-time,1
favorite-2024,1
favorite-4-stars,1
favorite-all-time-books,1
favorite-author,1
favorite-covers,1
favorite-fantasy-books,1
favorite-foreva,1
favorite-men,1
favoritess,1
favorite-reads-of-2023,1
favorite-reads-of-2024,1
favorite-relationships,1
favorite-reread,1
favorite-series,1
favorites-2024,1
favorites-5-stars,1
favorites-fantasy,1
favoritesreadin2023,1
fantasy-magic-sci-fi-bitch,1
fantasy-lackey,1
fantasy-i-have-read,1
faeries-or-folklore,1
fae-elves,1
fae-faerie-fairy,1
fae-faerie-inspired,1
fae-faeries-fairies,1
fae-fairies-mythical-creatures,1
fae-fantasy,1
fae-lore,1
faerie,1
faerie-folk,1
faery,1
fabulous-fiction,1
fairies,1
fairly-good-worldbuilding,1
fairy-tale-and-folklore-novels,1
fairy-tale-remakes,1
fairy-tale-retelling,1
fairy-tales-and-classics-retold,1
fairy-tales-and-folklore,1
fairy-tales-fables-and-retellings,1
fairyloot-adult,1
fae-and-faeries,1
f-scf-the-final-frontier,1
fantasy-horror-sci-fi,1
exited-to-read,1
estante,1
ethereal-otherworldly,1
ethics,1
ethnic-diversity-asian,1
europe,1
europe-continent,1
every-lifetime,1
exceptional,1
excerpt-arc,1
expected,1
f-queer,1
extra,1
exwishlist,1
eye-roll,1
f-f-and-nm-nm,1
f-f_sapphic,1
f-high-fantasy,1
f-mystery,1
f-novel,1
f-novella,1
fairyloot-edition,1
fairyloot-monthly-book,1
fairyloot_sub,1
fantasy-dark,1
fantasy-all-subgenres,1
fantasy-and-magic,1
fantasy-and-magical-realism,1
fantasy-and-mythology,1
fantasy-bingo-2023,1
fantasy-books,1
fantasy-books-i-enjoyed,1
fantasy-books-i-ve-read,1
fantasy-classic,1
fantasy-dark-grimdark,1
fairytale-classics-retellings,1
fantasy-debuts,1
fantasy-dystopian,1
fantasy-elements,1
fantasy-epic-or-high,1
fantasy-etc,1
fantasy-fae-fairies,1
fantasy-genre,1
fantasy-high,1
fantasy-historom,1
fantasy-adventure,1
fantasy-06-asian,1
fantastic-fantasy-n-where-2-find-em,1
fantastic-fantasy,1
fairytale-esque,1
fairytale-for-adults,1
fairytale-retellings,1
fairytales-folklore,1
fairytales-read,1
fake-dating-marriage-of-convenience,1
fake-relationship,1
fake-relationship-real-feelings,1
fall-tbr,1
families-love-marriage,1
family-book-club,1
fandom,1
fandom-star-wars,1
fangbangers,1
fanta,1
fantasia,1
fantasitical,1
fantast,1
fantastic-fantasies,1
female-authors,1
female-forward,1
female-lead,1
genre-ya-fantasy-sci-fi,1
genre-high-fantasy,1
genre-historical,1
genre-historical-fantasy,1
genre-historical-fiction,1
genre-lgbtq,1
genre-sff-epic-fantasy,1
genre-sff-fairytales-and-retellings,1
genre-sff-historical,1
genre-society,1
genre_fantasy,1
genre-folklore-myth,1
genre_magical-realism,1
genre_queer,1
gentle-magic,1
german-books,1
ghost,1
ghosts-souls-spirits,1
gifted-or-arc,1
giggling,1
gingerbready-goodness,1
genre-funny,1
genre-fiction,1
g-queer-ya-mg-sff,1
gays-with-dragons,1
galley,1
galleys-completed-net-galley,1
gaslamp-fantasy,1
gay-fic-nonfic,1
gay-gay-gay,1
gay-rep,1
gay_rep,1
gaybies,1
gays-in-space,1
ge-fairytales,1
genre-fantasy-romance,1
ge-historical,1
geek-and-sundry,1
gems-of-23,1
gender,1
gender-swapped-retellings,1
general-fiction,1
genre-adult-fantasy,1
genre-cozy-fantasy,1
genre-fairytale-retelling,1
girls-and-gays-only,1
givaway-win,1
give-away,1
gothic-mystery,1
good-feels,1
good-side-characters,1
goodreads-giveaways,1
goodreads-wins,1
gorgeous-covers,1
got-2023,1
got-2024,1
got-from-the-library,1
got-it,1
gotta-read-for-work,1
give-aways,1
great-but-not-quite-there-yet,1
great-characters,1
great-ladies,1
grecco-roman-retelling,1
greek,1
greek-history-revised,1
greek-myth,1
grim-or-dark,1
grinning-like-an-idiot,1
good-fantasy,1
good-covers,1
good-audiobook,1
good-actually,1
give-me-fantasy-or-give-me-death,1
give-me-my-fix,1
giveaway-arc,1
giveaway-or-galleys,1
giveaway-wins,1
giveaways-netgalley-arcs,1
giveaways-reviewed,1
giveaways-won,1
glasser-recs,1
glbta,1
glbtq,1
gloom,1
gn-fantasy-urban,1
god-i-ship-them-so-hard,1
god-tier-romance,1
gods-and-goddesses,1
goldsboro-se,1
gonna-buy-my-own-copy,1
good,1
g-young-adult,1
g-high-fantasy,1
female-led,1
finished-series,1
fight,1
fighters,1
film-tv,1
finalist,1
finished-april-23,1
finished-arcs,1
finished-for-credit-not-pleasure,1
finished-netgalley-arcs,1
finished-own-it,1
fire,1
ficton,1
first-in-series,1
first-person-pov,1
first-read,1
first-read-in-2023,1
five-star-books,1
five-starred-reads,1
fl,1
flight,1
floab-2023,1
fierce-fmc,1
fiction-womens,1
futurism,1
fic-sci-fi,1
female-main-char,1
female-nb-gq-2022,1
feminist,1
feminist-utopia-dystopia,1
femme-femme,1
femmes-écrivaines,1
feral-pov,1
fever-dream,1
fic-fantasy,1
fic-sci-fi-fantasy,1
fiction-stories,1
fiction-adult,1
fiction-apocalypse-dystopian,1
fiction-fantasy,1
fiction-fantasy-adult,1
fiction-fantasy-sci-fi,1
fiction-for-adults,1
fiction-genre-middle-grade-sff,1
fiction-historical-fiction,1
fiction-short-stories-and-novellas,1
floab2023,1
fluffy,1
fm-romance,1
from-netgalley,1
free-netgalley-arcs,1
free-or-won-in-giveaway,1
freebobhoward,1
french-flaps,1
fresh-meat,1
friends-by-vmin-starts-playing,1
friendship-rules,1
friendships-and-co-that-i-love,1
from-author,1
from-publisher,1
fobidden-love,1
from-readerly,1
from-the-publisher,1
fucked-up-books-that-i-liked,1
fucking-magical,1
full-5-stars,1
fun-fantasy,1
fun-with-narrators,1
future,1
future-anticipated,1
free-kindle,1
free-for-me,1
free-e-book,1
free-at-the-time,1
folk-fairy-tales,1
folklore,1
for-becca,1
for-lonely-readers,1
for-middle-grade,1
for-review,1
for-young-adult,1
forbidden,1
forbidden-love,1
forever-fave,1
forever-favorite,1
format-audio,1
format-physical,1
format-physical-owned,1
format-print,1
format-short-stories,1
four-star,1
fractured-fairy-tales,1
fractured-fairytale,1
essays-novellas-plays-shortstories,1
eroticized-tales-of-old,1
erotica-smut,1
cleaning-out-the-tbr-closet-2024,1
cities,1
clairvoyants,1
class-gender-race,1
classic-sci-fi,1
classics-inspired,1
clean,1
clean-ish,1
clean-reads,1
cleaning-out-the-tbr-closet-2023,1
cliff-hanger,1
cinnamon-roll-mmc,1
climate-change-horror,1
climate-environmentalism,1
climate-markley,1
cmc24,1
cmcon24-reading-challenge,1
cocky-motherfucker,1
cold,1
collected,1
collection-fairyloot,1
citazioni,1
cinnamon-roll-mc,1
cdfc,1
chick-i-want-to-hang-out-with,1
celtic,1
challenge-2023,1
characters-death-reapers-lichs,1
characters-i-love,1
characters-of-color,1
characters-vm,1
check_for_sequel,1
cheesy,1
cheesy-fun,1
chick-lit,1
cinnamon-roll,1
chik-lit,1
childhood-crush-to-lovers,1
childhood-friend,1
children-s,1
children-young-adult,1
childrens,1
childrens-and-middle-grade,1
chosen-ones,1
ciencia-ficción,1
collection-kindle,1
collections,1
collections-single-author,1
coyer-upside-down-2023,1
cosy-sf,1
could-have-been-so-much-better,1
couldn-t-put-down,1
country-ukraine,1
court-intrigue,1
cover,1
cover-appreciation,1
covergasm,1
coverlove,1
coyer-upside-down-chapter-1,1
colony-generation-ark-ships,1
cozy-read,1
cozy-reads,1
cozy-sf,1
cozy-urban-fantasy,1
creatures-gods,1
creepy,1
creepy-forest,1
creepy-sh-t,1
cried-actual-tears,1
coping-with-death-fiction,1
cool-worlds,1
cool-creatures,1
cool-covers,1
colony-on-a-alien-world,1
comfort-book,1
comfort-read,1
coming-out-2023,1
communication,1
competition,1
completed-library-rentals,1
conflicts,1
consider-for-read0,1
conspiracy-theories,1
conspiracy-thriller,1
contains-cool-magic-system,1
contemp-catch-all,1
contemporary-ish,1
contemporary-literature,1
continuing-series,1
contos-and-novellas,1
cooking-food,1
cool-cover,1
celibate-hero,1
cbr15-passport,1
crime-mystery,1
boss-assistant,1
booktok,1
booktube-made-me-try-it,1
booktuber-bookstagram-booktok,1
bored-me-to-tears,1
boredom-fest,1
boring-annoying-or-stupid-mc,1
boring-ish,1
borrowed-books,1
borrowed-from-the-library,1
boss-employee,1
bookstagram-recommendation,1
boss-employee-romance,1
boss-man,1
botanicals-flowers-trees-plants,1
botm-books,1
bought,1
bought-in-2023,1
bought-in-store-brand-new,1
bought-with-my-hard-earned-bd-cash,1
bought2023,1
booktober,1
booksta-made-me,1
cbr15-bingo,1
books-with-4-and-a-half-stars,1
books-that-make-up-my-soul,1
books-that-make-you-think,1
books-that-mention-ucla,1
books-that-play-with-time,1
books-that-should-be-movies,1
books-that-speak-to-my-soul,1
books-that-stick-with-me-eternally,1
books-to-preorder,1
books-we-own,1
books-with-best-characters,1
booksreadin2023,1
books-with-queer-characters,1
books-without-pictures,1
books-won-off-goodreads,1
books-you-can-t-stop-thinking-about,1
books2023,1
books_i_absolutely_dislike,1
booksdhasread,1
booksprout,1
booksprout-arc,1
bound,1
bound-and-the-broken,1
boy-obsessed,1
cannot-wait-to-read,1
c19,1
caitlin-starling,1
cali,1
california,1
calls-her-love,1
camp-half-blood,1
can-t-wait,1
can-t-waitt,1
canada,1
canon,1
boyfriend-please,1
canonically-chaotic-bisexuals,1
cant-compare,1
cant-find,1
cape-and-sword,1
casual-misogyny,1
category-2-read-c,1
category-adult,1
category-audio,1
category-fiction,1
c-ya-mg,1
c-oth,1
by-women,1
buys-of-2023,1
boys-cannot-be-trusted,1
br-2023,1
brb-crying,1
brb-gotta-kill-myself,1
breeders,1
british-author,1
british-isles,1
broke-me,1
broken-binding-edition,1
bromance,1
brothers,1
brothers-in-harem,1
brutal-women,1
buddhist-hindu-inspired-fiction,1
buddy-cop-thriller-murder-mystery,1
bulliesnjerks,1
bullying,1
burn-medium,1
butch-and-or-femme,1
cried-will-reading,1
cringey-romance,1
erotic-scenes,1
e-to-do-in-physical-copies,1
dumpster,1
dys-utopian-postapocalyptic,1
dystopia-apocalypse-climate-change,1
dystopia-post-apocalyptic,1
dystopia-postapocalyptic-futuristic,1
dystopian-science-fiction,1
dystopias,1
dystopic-or-post-apocalyptic,1
e-books-i-own,1
earcs,1
duce,1
earth-capitalized,1
earth-shattering,1
east-asia-novels,1
east-asian-literature,1
eastern-european,1
easy-read,1
easy-to-read,1
ebnovels-recommendation,1
ebook-audio,1
dummy-excited,1
dual-virgins-read,1
diverse-author,1
don-t-own-yet,1
diversity-across-genres,1
diversity-lgbtqiap,1
dnf-2023,1
dnf-nfm-or-avoid,1
dnf-skimmed-through,1
do-kupienia-want-to-buy,1
do-you-believe-in-magic,1
doctors-nurses,1
don-t-look-it-s-smutt-ssshhhh,1
dont-know-how-i-feel-about-you,1
dual-virgin,1
dont-reread,1
double-or-nothing-baby-2024,1
double-virgins,1
downloaded-ebook,1
dragon-hoard,1
dragon-shifters,1
drcs,1
dropped,1
dual-point-of-view,1
ebook-copies,1
ebook-from-netgalley,1
ebook-library,1
environmental-fiction,1
enemies-to-lovers-cat-fishing,1
enemies-to-lovers-romance,1
enemies-to-lovers-vibes,1
eng-rez,1
engaged-to-ows,1
ensemble-cast,1
entangled,1
entangled-reads,1
environment,1
environmental-nature,1
ebook-own,1
envs,1
epic-emotions,1
epic-fantasies,1
epic-high-fantasy,1
epic-sci-fi-fantasy,1
epilogue,1
era-regency,1
eragon-vibes,1
ereader,1
ends-in-a-cliffhanger,1
endless-pile-of-sci-fi,1
ending-gave-me-whiplash,1
end-of-year-tbr-2023,1
ebook-reads,1
ebook-tbr,1
ebooks-read,1
eco-horror,1
eco-literature,1
eco-sci-fi,1
ecopy,1
eh-its-alright,1
ehh,1
ehrtbm23,1
ekpe-s-book-club,1
emotional,1
emotional-damage,1
emotional-hazard,1
emotional-reaction,1
emotional-sad-heartbreak,1
en-celular,1
end-art,1
end-of-the-world,1
diverse-read,1
diverse-and-women-authors,1
crying,1
dark-comedy,1
danmei-baihe,1
danmei-books-i-ve-read,1
danmei-novels,1
danmei-or-bl,1
danmei-read,1
danny-faves,1
dark-academia-ish,1
dark-academia-read,1
dark-and-delicious,1
dark-fae,1
da,1
dark-fairy-tales,1
dark-fantasies-but-not-that-perv,1
dark-fantasy-horror,1
dark-fiction,1
dark-olympus,1
dark-romances,1
dark-spice,1
dark-thriller-scary,1
dark-twisty-stabby-gothic,1
danmei-and-manhwa,1
d-n-f,1
disney,1
cupertino,1
cs-library,1
cthulhu,1
cubes-of-flesh-and-other-grossness,1
cult-horror,1
cults,1
cultural,1
cultural-differences,1
cultural-russian,1
culture-and-diversity,1
curvas,1
cyborgs,1
curvilineas,1
curvy-gal,1
cute-animal-sidekick,1
cute-easy-romances,1
cute-read,1
cx,1
cyberpunk,1
cybil,1
cybils-2023,1
dark_romance,1
darkness-and-shadows,1
darkromance,1
disability-reads,1
did-not-call-the-twist,1
did-not-see-that-coming,1
didnt-finish,1
didnt-make-it,1
different,1
digital-copy,1
digitally-owned,1
disability-disorder-mental-illness,1
disability-mental-health-rep,1
disabled-characters,1
dear-god-i-need-these-books-now,1
disappointed,1
disappointed-due-to-the-hype,1
disappointed-tbh,1
disappointing-endings,1
disappointing-reads,1
disappointment,1
disappointments,1
disaster-gays,1
discarded,1
dhasg-2023-challenge,1
detailed-review,1
desi-rep,1
descent-into-madness,1
death-grief,1
death-of-a-family-member,1
death-of-a-parent,1
debut,1
debut-novel,1
debuts,1
december-2022-tbr,1
december-2023-reads,1
december-tbr,1
decent-enough,1
deceptions,1
decolonizemyshelfchallenge,1
delightful,1
delightful-hero,1
democracy,1
demon,1
demon-romance,1
derivative,1
desaf-o-2023,1
୨୧-they-survived-the-great-war,1
