Tag,Frequency
fantasy,2205
2023,931
netgalley,551
favorites,545
arc,485
arcs,417
adult,377
audiobook,344
science-fiction,338
2023-releases,331
fiction,322
2023-reads,307
sci-fi,275
horror,270
audiobooks,222
2024,202
read-in-2023,163
lgbtq,125
owned,121
dnf,120
books-i-own,112
read-2023,106
historical-fiction,101
audio,99
novella,94
adventure,92
favourites,90
ebook,89
lgbtqia,88
2023-read,84
romance,84
adult-fantasy,84
2023-books,82
adult-fiction,79
reviewed,78
mystery,77
young-adult,76
scifi,74
lgbt,73
2023-release,73
queer,68
2024-reads,65
4-stars,63
5-stars,63
library,59
own,52
urban-fantasy,52
kindle,51
dystopian,51
best-of-2023,49
epic-fantasy,49
ya,48
sff,48
historical,45
high-fantasy,45
gothic,43
giveaways,41
contemporary,41
2023-favorites,41
netgalley-arc,41
2022,40
dragons,40
all-time-favorites,39
fae,39
fantasy-scifi,38
historical-fantasy,37
dark-academia,35
3-stars,35
net-galley,35
enemies-to-lovers,34
fantasy-sci-fi,34
netgalley-arcs,34
read-in-2024,33
sci-fi-fantasy,33
2023-faves,32
genre-fantasy,32
arc-reviews,32
sapphic,32
4-star,31
arcs-read,31
novellas,30
illumicrate,30
5-star,30
series,29
authors-of-color,29
magical-realism,28
audio-books,27
adult-lit,27
dark,27
ya-fantasy,26
library-book,26
sf,26
audio-book,26
cover-love,26
scifi-fantasy,26
faves,26
magic,25
ebooks,25
aliens,25
alternate-history,25
fantasy-romance,25
arc-s-netgalley-and-edelweiss,25
book-club,25
2022-reads,25
action,23
review-copy,23
dark-fantasy,23
speculative-fiction,23
bipoc-author,23
arc-netgalley,22
achillean,22
found-family,22
2023-favourites,22
adult-sff,22
4-5-stars,21
5-star-reads,21
2024-read,21
brandon-sanderson,21
e-books,21
anticipated-2023,20
read-2024,20
did-not-finish,20
cosmere,20
netgalley-2023,19
e-book,19
reviews,19
2023-books-read,19
dystopia,19
2023-reading-challenge,18
arcs-and-galleys,18
mystery-thriller,18
audience-adult,18
fantastico-fantastics-scifilicious,18
buddy-read,18
mythology,17
owned-books,17
disability-rep,17
post-apocalyptic,17
retellings,17
sf-f-h,17
sf-fantasy,17
4-star-reads,17
buddy-reads,17
ebook-owned,17
humor,16
advanced-reading-copy,16
2-stars,16
favorites-2023,16
coming-of-age,16
family,16
favourites-2023,15
queer-lit,15
adult-books,15
physical-tbr,15
2023-tbr,15
paranormal,15
middle-grade,14
age-adult,14
library-books,14
asian-rep,14
3-star,14
science-fiction-fantasy,14
favorite-books,14
fairyloot,14
fairy-tales,14
favs,14
arc-reads,14
2023-favs,13
2023-most-anticipated,13
auth-f,13
animals,13
my-library,13
thriller,13
21st-century,13
space,13
favorite,13
to-buy,12
edelweiss,12
read-in-english,12
audible,12
bookshelf,12
faves-2023,12
owned-physical,12
favourite,12
tbr-2023,12
bipoc,12
action-adventure,12
crime,12
space-opera,12
advanced-reader-copy,12
all-time-favourites,12
libby,11
female-authors,11
english,11
all-time-favs,11
contemporary-fiction,11
1-2023-releases,11
fantasy-paranormal,11
favourite-books,11
bingo-2023,11
fantasy-adult,11
from-publisher,11
first-reads,11
most-anticipated-2023,11
novels,11
added,11
class-gender-race,11
reviewed-2023,11
most-anticipated,11
asian,11
author-of-color,10
cozy,10
asian-authors,10
borrowed,10
2023-anticipated-releases,10
kindle-reads,10
fairy-tale,10
2023-anticipated-release,10
artificial-intelligence,10
2024-favorites,10
2024-tbr,10
contemporary-fantasy,10
fairytale,10
arcs-netgalley,10
physical-copy,10
female-author,10
lgbtqa,10
academia,10
the-infinite-library,10
books-collected-in-2023,10
x2023-read,10
2023-netgalley-challenge,9
earc,9
gifted,9
black-authors,9
read-arcs,9
best-fantasy,9
all-time-faves,9
physical-owned,9
friend-recos,9
fantasy-and-scifi,9
in-english,9
at-slo-paso-bg-pa,9
3-sff,9
read-in-2022,9
2-star,9
retelling,9
tor,9
faeries,9
adult-sff-horror,9
a-adult,9
coming-soon,9
disappointing,9
signed,9
read-for-review,9
released-2023,9
borrowed-from-library,9
advanced-reader-copies,9
five-stars,9
fiction-fantasy,9
format-audiobook,9
comfort-reads,9
favorite-authors,9
arc-books,9
new-adult,9
bipoc-actor,9
bisexual-rep,8
books-about-books,8
from-publisher-or-author,8
physical-books,8
library-rental-audiobook,8
asian-fantasy,8
lgbtq-sff,8
fantasía,8
2023-anticipated,8
2023-books-i-read,8
novel,8
arc-giveaway-freebie,8
diverse-reads,8
supernatural,8
giveaway,8
american,8
anticipated-releases,8
arc-review,8
wishlist,8
2023-netgalley,8
kindle-unlimited,8
2023-netgalley-reads,8
ghosts,8
sci-fi-and-fantasy,8
x_2023,7
family-dynamics,7
read2023,7
queer-rep,7
archives,7
netgalley-reviews,7
books-i-recommend,7
book-box,7
apocalyptic,7
2-adult,7
fairytales,7
portal-fantasy,7
tor-tordotcom,7
1-arc-advanced-reader-copies,7
0reviewed,7
short-stories,7
demons,7
debut,7
arcs-alcs-finishedcopies,7
sanderson,7
all-my-physical-books,7
read-fantasy,7
review-copies,7
2024-books,7
3-star-reads,7
2023-challenge-books,7
physical,7
on-kindle,7
lgbtqiap-rep,7
books-read-2023,7
lgbtqia-rep,7
fantasy-and-sci-fi,7
epic,7
africa,6
audience-young-adult,6
fall-2023,6
all-time-fav,6
folklore,6
for-review,6
adult-romance,6
bipoc-authors,6
anticipated,6
animal-companion,6
listened,6
american-literature,6
audio2023,6
format-ebook,6
awesome-audio,6
angst,6
g-fantasy,6
2024-reading-challenge,6
abuse,6
absolutely-loved,6
arcs-finished,6
specfic,6
arcs-and-review-copies,6
time-travel,6
libro-fm-library,6
lgbt-rep,6
arcs-or-review-copies,6
fantastic-fabrications,6
beautiful-covers,6
fantasia,6
fave-protagonists,6
arc-read-2023,6
queer-themes,6
fiction-science-fiction,6
addictive,6
fantasys-aka-my-ultimate-fave-genre,6
thrillers,6
queer-reads,6
arc-2023,6
2024-releases,6
review-pending,6
asian-sff,6
adult-books-read,6
best-of-2024,6
blurbs-and-opinions,6
books-i-own-read,6
books-of-my-heart,6
cozy-fantasy,6
love-love-love,6
unfinished-series,6
pirates,6
non-pod,6
popsugar-2023,6
2023-arcs,6
2023-pub,6
nebula-eligible-2023,6
2022-read,6
2023_all,6
wlw,6
disability,6
2023-arc,6
dystopian-post-apocalyptic,6
man-author,6
0-repeat-author,6
netgalley-and-edelweiss,6
owned-audiobook,6
bookclub,6
2023-looks-good,6
2023-shelf,6
books-read-in-2023,6
f-f,6
2-first-books,6
special-editions,5
paranormal-supernatural,5
horror-thriller,5
funny,5
2022-releases,5
future,5
ng-2023,5
macmillan-audio-arcs,5
dnf-skim-finish,5
physical-bookshelf,5
badass-women,5
physical-owned-books,5
upcoming-releases,5
china,5
drama,5
genre-scifi,5
highly-anticipated,5
bookstagram-made-me-do-it,5
fantasy-and-sf,5
romantasy,5
fantasy-fiction,5
good,5
release-2023,5
fantasy-read,5
author-bipoc,5
own-audible,5
indigenous,5
author-is-nice,5
bought,5
priority-tbr,5
aty-2023,5
2023-booklist,5
2023-new-releases,5
me-encantó,5
immersive,5
magical-realism-sf-fantasy,5
fantasy-ya,5
stand-alone,5
magical,5
abandoned,5
five-star,5
illumicrate-books,5
ebook-kindle,5
meh,5
automatic-buy-authors,5
f-novel,5
cats,5
absolute-favorites,5
paranormal-romance,5
lyrical,5
audiobook-read,5
short-stories-novellas,5
adult-novels,5
dark-fiction,5
sf-f-goodies,5
anti-colonial-and-anti-imperialist,5
cover-appreciation,5
book-of-the-month,5
favorite-series,5
sf-f,5
1-star,5
advance-listening-copy,5
blood-and-gore-depiction,5
hardcover,5
favorites-of-2023,5
2024-shelf,5
advancedreadercopies,5
young-adult-fantasy,5
creepy,5
cs-library,5
book-boyfriends,5
fall-tbr,5
african,5
alt-history,5
r-fantasy-2023-bingo,5
bi-rep,5
1fantasy,5
netgalley-2022,5
fem-author,5
black-rep,5
physically-own,5
all-parents-damage-their-children,5
adult-horror,5
beautiful-writing,5
anticipated-2023-releases,5
pub-2023,5
reviewed-in-2023,4
fantasy-urban-fantasy,4
eco-sci-fi,4
history,4
audiobook-listen,4
2023-audio,4
english-read,4
released-in-2023,4
my-5-star-books,4
asian-author,4
shop-on-your-own-shelves-2024,4
reviewed-reads,4
bury-me-with-these-books,4
cyberpunk,4
sff-favorites,4
age-young-adult,4
review-copy-net-galley,4
feel-good,4
audiobook-life,4
debuts,4
botm,4
2023-favorite-reads,4
home-library,4
own-hardback,4
female-lead,4
five-star-reads,4
renée-recommends,4
on-shelf,4
form-ebook,4
giveaways-arcs,4
on-my-bookshelf,4
audio-library,4
audio-libro,4
fem-asian-authors,4
danny-faves,4
own-hardcover,4
2023-dnf,4
got-an-arc,4
female-nonbinary-authors,4
clean,4
arc-s,4
diverse,4
arc-review-copy,4
sapphic-fantasy,4
ciencia-ficción,4
arc-read,4
science-fiction-and-fantasy,4
arc-physical-copy,4
classic-fantasy,4
arc-list,4
christine-s-read,4
new-releases-2023,4
arc-giveaways,4
dont-own,4
1science-fiction,4
aoc-et-al,4
neu-2023,4
apocalypse-dystopia,4
gorgeous-writing,4
adult-adult-fantasy,4
action-packed,4
sciencefiction,4
ab,4
arcs-physical,4
kindle-tbr,4
female-protagonist,4
fbr,4
detective,4
alternate-worlds,4
ebooks-and-kindle,4
conspiracy,4
series-caught-up,4
keepers,4
1-bought,4
not-for-me,4
2023-2025,4
covers-i-love,4
finished-in-2023,4
arcs-digital,4
fav-fantasy,4
dystopian-fiction,4
disappointing-reads,4
not-my-cup-of-tea,4
nebula,4
black-author,4
fantasy-sci-fi-supernatural,4
owned-audible,4
bad-woman-ily,4
genre-sci-fi,4
read-ebook,4
futuristic,4
genre-science-fiction,4
books,4
2023-reviews,4
books-2024,4
physical-arcs,4
vampires,4
magic-love-and-stars,4
books-i-love,4
read-physical-owned,4
fantasy-frenemies,4
2023-publication,4
2023-pub-date,4
illumicrate-and-fairyloot,4
from-the-library,4
books-i-reviewed,4
illumicrate-edition,4
read_in_2023,4
fantasy-high,4
authors-of-colour,4
owned-read,4
fantasy-books,4
2novel,4
2023-novels-read,4
badass-protagonist,4
hugos-2024,4
bipoc-adult-fantasy,4
fairies,4
hyphenated-asian,4
queer-books,4
queer-characters,4
2023_reads,4
loved-it,4
best-published-and-read-in-2023,4
family-drama,4
f-sf-for-adults,4
low-fantasy,4
queer-stuff,4
gay,4
liked,4
best-books-read-in-2023,4
quotes-pulled,4
physically-owned-read-books,4
i-m-so-excited-to-read-this,4
fantastical,4
book-subscription-box,4
bargain,4
bookbeat,4
reading-challenge-2023,4
arcs-received,4
books-that-made-me-cry,4
freaky-supernatural-adventures,4
recommended-to-me,4
2023-library,4
author-of-colour,4
2023-new,4
audiobooked,4
recc-d,4
audiobook-would-recommend,4
lgbtqiap,4
audiobooks-2023,4
books-that-speak-to-my-soul,4
author-signed,4
science,3
scififantasy,3
audiolibro,3
netgalley-audio,3
best-of-2022,3
fantasy-recommendations,3
nautical,3
audiobooks-read-in-2023,3
coverly-love,3
scribd,3
best-for-16-and-up,3
poc-author,3
lang-en,3
lgbtqa-rep,3
queer-romance,3
disability-and-neurodivergence-rep,3
favorites-sci-fi,3
best-of-the-best,3
favoritos,3
poc-authors,3
scifi-fantasy-adult,3
beautiful-cover,3
lgbtqia-mc,3
lgbtqi-rep,3
science-fantasy,3
physically-owned,3
book-recs,3
fanta,3
bechdel-yea,3
fan-rom,3
cosmere-world,3
best,3
audio-2023,3
best-2023,3
netgallery,3
couldn-t-finish,3
favorite-characters,3
epic-fantastical,3
creature-feature,3
court-intrigue,3
contemporary-romance,3
latinx-reads,3
best-characters,3
need-to-buy,3
asian-lit,3
own-kindle,3
debut-novel,3
love,3
kindle-read,3
litrpg,3
bloody-and-gross,3
published2023,3
fantasy-or-science-fiction,3
dark-academia-vibes,3
preordered,3
fairyloot-edition,3
pretty-good,3
dark-and-grimdark,3
loved,3
kindle-ebook,3
dark-fantasy-and-paranormal,3
fairy-loot,3
my-favorites,3
bipoc-character-or-author,3
my-ebooks,3
published-2023,3
fairy-tales-fables-and-retellings,3
fairy-tale-based,3
environment,3
bible-mythology,3
bi-or-pan,3
bi,3
series-to-finish,3
diverse-sff,3
digital,3
book-club-books,3
sequel-tbr,3
crime-mystery,3
releases-2023,3
didn-t-finish,3
love-triangle,3
book-boyfriend-material,3
mystery-suspense,3
love-these,3
queer-fantasy,3
alternate-universe,3
alternate-reality,3
culture,3
diane-s-meager-effort,3
must-read,3
audiobooki-2024,3
listened-to-audio,3
body-horror,3
my-reviews,3
american-21st-c,3
netgalley-edelweiss,3
april-2023,3
fav,3
fantasy-scifi-spec,3
arcs-read-and-to-read,3
read-the-bookshelf-2023,3
autumn,3
novellas-and-short-stories,3
assassins,3
novella-novellette,3
arcs-i-have,3
lgbtq-representation,3
e-arcs,3
character-driven,3
romance-adjacent,3
e-arc,3
arcs-giveaway,3
fantasy-favs,3
read-owned,3
rtc,3
rural-fantasy,3
assorted-human-magic-users,3
on-my-kindle,3
library-borrow,3
awesome-girls,3
fantástico,3
numbered,3
netgalley-books,3
ebooks-i-own,3
books-owned,3
fantasy-tbr,3
me-gustó,3
fantasy-to-read,3
readin2023,3
lgbtq-fantasy-rep,3
author-sanderson,3
asia,3
edelweiss-arc,3
author-rep-asian,3
owned-tbr,3
canadian-author,3
read_2023,3
books-in-my-library,3
lgbtq-rep,3
author-poc,3
rezensionsexemplar,3
auto-buy-authors,3
c-stand-alone,3
fantasy-genre,3
maze-game-nbrc-1,3
fantasy-series,3
not-out-yet,3
library-loan-mlc,3
personal-library,3
read-again,3
arc-provided-by-publisher,3
physical-library,3
fantasy-and-paranormal,3
classics,3
arc-not-ark,3
arc-netgalley-or-alc,3
overdrive,3
read-as-audiobook,3
cli-fi,3
bought-2023,3
lgbtqia2s,3
made-me-cry,3
colonialism,3
read-adult-sf-f,3
comedy,3
fantasy-adventure,3
netgalley-reads,3
m-m,3
netgalley-or-publisher,3
completed-arcs,3
own-a-copy,3
reviewed-books,3
broken-binding,3
ng2023,3
sapphic-mc,3
audiobook-own,3
arcs-2023,3
books-read-in-2024,3
b-young-adult,3
archaeological-fantasy,3
chick-i-want-to-hang-out-with,3
nope,3
readtoreview,3
fantasy-lgbtqia,3
books-2023,3
arc-s-to-review,3
chosen-ones,3
elizabeth,3
masterpieces,3
b2weird-bookclub,3
mine,3
ciencia-ficcion,3
arc-reviewers-copy,3
library-reads,3
author-male,3
elves,3
fantasy-sci-fi-pnml,3
ciencia-ficción-y-fantasía,3
my-bookshelf,3
want-to-reread,3
i-cried,3
hugo-reading-2024,3
gothic-romance,3
ya-fiction,3
indie-read,3
gothic-grotesqueness,3
signed-special-edition,3
2-star-reads,3
horror-mystery-thriller,3
2-ya,3
adult-scifi,3
utopia,3
x-2023-finished,3
5-star-books,3
terror,3
goodreadschoice2023,3
2023-reading-list,3
forbidden-love,3
2023-read-your-shelves,3
humour,3
general-fiction,3
giveaways-and-arcs,3
2023-books-i-love,3
1-star-hated-it,3
the-stars-around-my-scars,3
2023-book-challenge,3
2024-favourites,3
achillean-side,3
2023-best-reads,3
advance-review-copy,3
historical-romance,3
2023-anticipated-reads,3
genre-action,3
2024-challenge,3
june,3
x-2021-finished,3
space-horror,3
genre-historical-fiction,3
fiction-historical,3
2023_novels,3
2022-into-the-forest-challenge,3
so-much-drama-i-love-it,3
2023_novellas,3
fiction-high-fantasy,3
found-families,3
horrororor,3
2023_climate,3
2023_books,3
2023_all-reads,3
women-authors,3
format_owned_phys,3
2023_5_star,3
highly-recommend,3
format-physical,3
form-audiobook,3
good-fantasy,3
2023-4-stars,3
2020s,3
2020s-decade-releases,3
2023reads,3
upcoming,3
adult-fic,3
jewish,3
adult-fantasy-by-women-nb,3
high-epic-fantasy,3
unreleased,3
2023-0-releases,3
hugo-awards-2024,3
adc-reviews,3
july-2023,3
a-cat-is-in-this,3
2024-faves,3
format_available,3
first-contact,3
aapi-authors,3
2023-fiction,3
g-retelling,3
ai,3
i-own-this,3
african-fantasy,3
3-and-a-half-stars,3
haunted-house,3
abandon-ship,3
haunted-houses,3
galleys,3
short-reads,3
a-smattering-of-lols,3
3-star-books,3
grimdark,3
adventure-roadtrip,3
to-review,3
21st-century-fiction,3
age-gap,3
23-for-2023,3
2slgbtqia,3
what-i-read-2023,3
i-own,3
2023-challenge,3
top-tier,3
2023-owned-read,3
halloween-bingo-2023,3
giveaway-wins,3
0-hyped,3
its-not-you-its-me,3
feminist,3
2023-goodreads-challenge,3
sffbooksihaveread,3
2nd-world-fantasy,3
2023-debuts,3
horror-scifi,2
booktube-made-me-read-it,2
machalo-bingo-2024,2
ownd,2
f-f-and-nm-nm,2
2023-spring-reads,2
horror-adjacent,2
unstraight,2
physical-reads,2
own-paperback,2
2023-wbtm-spooky-bingo,2
booktok-recs,2
hot-girl-shit,2
book-tour-books,2
unpopular-opinion,2
booktalk-with-wifey,2
own-physical-copy,2
girlboss-thriving,2
2023-top-reads,2
2023-top-ten,2
2023-into-the-forest-challenge,2
booktok-is-full-of-liars,2
2023-ha-tbr-challenge,2
own-print,2
want-to-read-2023,2
magical-fantasy,2
2023-sf,2
venezuelan-authors,2
2023-ng-group-challenge,2
part-of-a-series,2
2023-novels,2
2023-novels-novellas-read,2
2023-read-in,2
paranormal-fantasía,2
books-i-own-physical,2
paranormal-fantasy,2
horror-creatures,2
genre-horror,2
ggg-bookshelf,2
horror-favs,2
magic-realism,2
espionage,2
2023-priority,2
paperback,2
books-in-2022,2
essays-novellas-plays-shortstories,2
2023-popsugar-reading-challenge,2
owned-p,2
epistolary,2
physical-books-i-own,2
owned-hardback,2
owned-a,2
usa,2
booksaboutbooks,2
physical-book,2
machalo-tbr-2024,2
male-protagonist,2
want-to-own,2
uuups,2
want-to-buy,2
2023-net-galley-challenge,2
2023-releases-read,2
books-about-writers,2
books-from-2023,2
books-to-buy,2
exclusive-edition,2
male,2
magia,2
epic-queer-fantasy,2
owned-ebook,2
owned-and-read,2
all-my-reviews,2
lovers-to-enemies,2
best-reads-2024,2
queerly-beloved,2
queerio,2
2024-uno,2
queer-sffh,2
best-lgbt,2
gay-bi-lesbian-ace,2
top-2024,2
top-books-check-them-out,2
gays-in-space,2
best-published-in-2023,2
best-reads-2023,2
2024-reading-list,2
quick-reads,2
listened-as-audio,2
best-worldbuilding,2
fall,2
queer-fantasy-sci-fi,2
top-top-top-favs,2
queer-dnf,2
top10,2
queer-af,2
bi-sexual,2
2024-hugo-eligible,2
publisher-torbit-tor,2
best-books-of-2023,2
quiltbag,2
hype,2
i-need,2
g-fantasy-short,2
bamf-ladies,2
read-2022,2
banter,2
libro-fm,2
23-read,2
rating-r,2
fantastyka,2
rating-3-stars,2
rated-4-stars,2
beasts-monsters-demons,2
223-in-2023,2
r-2023-releases,2
beautiful-illustrations-and-cover,2
lieberry,2
beautiful-stories,2
g-ya-na,2
beautifully-written,2
g_scifi,2
to-reread,2
galley,2
r-fantasy-2023-book-bingo,2
tob-2024,2
best-audiobook-recs,2
biology,2
2024-five-star-reads,2
fab-fours,2
book-box-2023,2
2023tbr,2
2023releases,2
faerie-folk,2
unfinished,2
2023oct,2
popsugar-2024,2
unfinished-series-bc-ash-and-sash,2
2023brs,2
book-bingo-2023,2
maps,2
genre-fiction,2
popcorn,2
2024-02-february,2
book-box-read,2
book-boyfriend,2
unhaul,2
pop,2
politics,2
political-intrigue,2
book-club-2023,2
unknown-release-date,2
poc-protagonist,2
2023_ecotage,2
poc,2
2023top50,2
underwhelming,2
fairyloot-books,2
2024-books-read,2
published-in-2023,2
bipoc-debuts-2023,2
fairyloot-and-illumicrate,2
bipoc-mc,2
fairyloot-2023,2
2024-fantasy,2
llegits-2023,2
bisexual,2
ttx,2
black,2
fairy-tale-retelling,2
priority-complete,2
fair-folk-and-foul,2
2024-audiobook,2
pride-month,2
2024-aty,2
2024-arcs,2
pretty-cover,2
bleak-ass-heroines,2
pre-ordered,2
pows-checkout,2
blog-books,2
blog-library,2
fairfax-county-library,2
book-bingo-reading-challenges,2
enby-author,2
mar-23,2
cover,2
ya-mystery,2
18-and-above,2
cosmic-horror,2
diverse-books,2
net-galley-and-other-arcs,2
10s-the-books,2
mt-bookpile-2023,2
couleurs,2
100-in-2023,2
disaster,2
court-politics,2
courtly-drama,2
great,2
own-it-in-paper,2
disappointments,2
necromancy,2
cover-items,2
cover-lust,2
have-read-in-english,2
multicultural,2
covergasm,2
have-physical,2
1-owned,2
disappointed,2
covers-retellings,2
disappoiments,2
1980s,2
1st-in-series-to-be-completed,2
cool-cover,2
continuing-series,2
współprace,2
collection-arc-2023,2
dnfed,2
colony-on-a-alien-world,2
modern-sf,2
dnf-might-get-to-it-sometime-later,2
2020-29,2
monsters,2
morally-grey,2
comfy,2
hidden-treasures,2
netgalleys,2
netgalley2023,2
hidden-library,2
most-anticipated-2023-releases,2
2-stelle,2
completed-series,2
diversity,2
netgalley-books-read,2
gothic-fiction,2
2-new-author,2
gothic-mystery,2
content-warning,2
diverse-read,2
here-be-aliens,2
multiple-copies,2
disabled-authors,2
nates-queer-recs,2
murder-mystery,2
muslim-author,2
05-stars,2
group-book-read,2
mystery-horror,2
currently-reading-podcast,2
mystery-crime-thriller,2
detectives,2
cute-pets,2
my-special-editions,2
deserves-more-hype,2
deserve-to-read-again,2
grownup,2
grownup-swords-and-lasers,2
demon,2
cyborg,2
delightful,2
my-5-star-reads,2
deep-sigh,2
h,2
0-series,2
dark-academy,2
hardback-own,2
hardback,2
dark-humor,2
my-faves,2
z-2023-books-i-read,2
z-2023-all,2
disability-rep-chronic-pain,2
mystery-thriller-crime,2
have-made-me-cry,2
great-worldbuilding,2
disability-mental-health-rep,2
disability-books,2
disability-and-neurodiversity,2
greatest-hits,2
mythology-and-legend,2
cozy-vibes-fantasy,2
1-gold,2
direct-from-publisher,2
digital-arc,2
1-fiction,2
1-borrowed,2
have-audio,2
multiverse,2
mythfairytalefantasy,2
cried,2
youth-young-adult-fiction,2
myth,2
criminal-element,2
cringe,2
mystical,2
didnt-finish,2
didn-t-like-much,2
cubes-of-flesh-and-other-grossness,2
cloud-library,2
close-to-my-heart,2
doors-and-portals,2
ongoing-series,2
holly-black,2
2023-debut,2
brujas-brujos-brujería,2
brutal,2
eh,2
buddy-read-book-club-read,2
buddy-read-with-mads,2
egalley,2
eerie,2
on-my-shelves,2
2023-books-hauled,2
bury-me-with-these,2
on-app,2
2023-blog,2
2023-april-reading-challenges,2
c-competent-people,2
ebook_kindle,2
off-world,2
october-is-spooky,2
calling-all-aces,2
came-out-in-2023,2
god-tier,2
october-2023,2
can-t-remember-shit,2
can-t-wait,2
emotional,2
british-irish-authors,2
godly-tier,2
british,2
mar2023,2
2023-five-star-reads,2
2023-finished,2
borrowed-from-friends,2
own-ebook,2
englisch,2
war,2
botm-2023,2
botm-2023-challenge,2
2023-favorite,2
watered-my-crops,2
march,2
march-2023-tbr,2
bought2023,2
bought23,2
giveaway-books,2
over500club2023,2
enemies-to-lovers-cat-fishing,2
otp,2
otherworld-fantasy,2
brando-sando,2
other-worlds,2
brandosando,2
badass-queens,2
brit-lit,2
can-t-wait-books,2
cannibalism,2
climate,2
child-abuse-and-neglect,2
non-western-fantasy,2
childrens-books,2
women-nb,2
dueling-with-honor,2
dual-pov,2
womens-rights-and-womens-wrongs,2
dual-format-read,2
chinese,2
no-romance,2
middle-grades,2
military,2
dragons-or-wyrms,2
christie-community-library,2
2022-challenge-books,2
goodreads-giveaway,2
high-priority,2
misc-arcs,2
goodreads-giveaways,2
2022-book-read-fun,2
classics-myths-retellings,2
writers-of-color,2
next,2
new-tbp,2
2021,2
cliffhanger,2
2022-netgalley-fun,2
chewy,2
gods,2
not-anglo-2023,2
ebk,2
2023-action-heroine-fans-yearly-cha,2
cape-and-sword,2
2023-action-adventure-aficionados-c,2
winter-fantasy-book-recs,2
e-library,2
cbr15,2
2023-5-star-reads,2
novellas-and-novelettes-90pgs,2
novella-short-story,2
novella-short-stories,2
2023-2-or-1-star,2
mermaids,2
goldsboro,2
e-asian,2
historical-fantasy-x1f570,2
with-review,2
not-yet-released,2
not-released-yet-tbr,2
not-owned,2
2022-tbr,2
good-novels-under-200-pages,2
chaste,2
good-poc-rep,2
good-queer-rep,2
24h,2
hard-sci-fi,2
i-own-it,2
adult-fiction-nonfiction,2
fantasy-recs,2
science-fiction-adult,2
anticipated-books,2
adult-na,2
9s,2
audio-read,2
audio-reads,2
religion,2
adult-reads,2
adult-sci-fi,2
8s,2
audio23,2
fantasy-paranormal-romance,2
lgbtqai-protagonists,2
8-sci-fi,2
6-stars,2
6-star-reads,2
audiobook-only,2
5stars,2
anticipated-read,2
favorite-lgbtq-books,2
5-so-so-reads,2
adult-fiction-non-fiction,2
for-blog,2
adult-fantasy-favorites,2
a-few-of-my-favourite-things,2
inkstone,2
adult-fantasy-scifi,2
lecturas-2023,2
aoc,2
reread-tbr,2
favorite-covers,2
aty2024,2
sci-fi-speculative,2
favorite-fantasy,2
supernatural-paranormal,2
rep-misc-queer,2
audible-owned,2
audible-plus,2
rep-achillean,2
a-3-25-stars,2
sl-sword-2023,2
indie-author,2
audiobook-read-to-meee,2
antarctica,2
audiobook-reads,2
lgbtqia-content,2
scifi-spec,2
fantasy-modern,2
adulting-is-hard,2
four-star,2
favorites-2022,2
received-arcs,2
author-female,2
author-femme,2
5-stars-read,2
animal-companions,2
advance-reader-copies,2
lgbtqia-plus,2
animal-besties,2
really-good,2
author-love,2
5-star-predictions,2
5-star-indie-books,2
free-netgalley-arcs,2
lgbtqia-characters-author,2
recommend-to-anyone,2
animal-love,2
52,2
tbr-fantasy,2
sapphic-characters,2
red-rising,2
52-books-in-52-weeks-2023,2
fic-sci-fi,2
scifi-club-read,2
fantasy-or-magical-realism,2
lgbtqi-main-or-side-rep-or-author,2
fantasy-or-fantastical,2
recommendations,2
audiolibri,2
adulte,2
august-2023,2
favorite-stand-alones,2
august-2023-tbr,2
signed-books,2
scifi-season,2
recommended,2
sci-fi-mumbo-jumbo,2
atmospheric,2
sci-fi-fantasy-horror,2
scfi,2
lgbt-queer,2
ad-sf-fantasy,2
academia-or-library,2
absolutely-amazing,2
romantic-fantasy,2
its-libby-you-freaks,2
arcs-netgalley-giveaways-to-review,2
saw-it-on-netgalley,2
absolute-favourites,2
my-books,2
spooky-mystery-thriller,2
arc-or-gifted,2
fantàstica,2
arc-or-from-pub,2
arcs-sent-by-publishers-authors,2
arcs-to-read,2
fantasía-épica,2
lgbt-sapphic,2
fiction-horror,2
lgbt-plus,2
fav-covers,2
its-so-gay,2
arcs-advanced-reader-copies,2
acquiredㅡlibrary,2
january-2024,2
lgbt-characters,2
action-adventure-thriller,2
archaeological,2
january-2023,2
lgbt-fantasy,2
lgbt-mc,2
activism,2
academy-college-university,2
spaceships,2
achillean-mc,2
s-f,2
ryb-mount-tbr,2
fiction-short-stories-and-novellas,2
spec-fic,2
actually-good-enemies-to-lovers,2
arcs-ebooks-netgalley,2
first-person,2
to-be-published,2
april,2
robots-and-artificial-intelligence,2
fantasy-sf,2
asian-inspired-fantasy,2
asian-inspired-mythology-and-rec,2
slow-burn,2
adult-and-new-adult,2
asian-mc,2
a-scifi,2
still-think-about,2
favorite-2023,2
sci-fi-dnf,2
april-tbr,2
favorite-author,2
a-novel,2
interesting,2
april-23,2
review,2
rev-netgalley,2
a-little-bit-magic,2
adult-fabulism,2
started-but-did-not-finish,2
arc-alc,2
arc-approval,2
aardvark,2
first-to-read-first-to-review,2
sci-fantasy,2
lgbtq-bingo-2023,2
arc-copies,2
five-star-predictions,2
asexual,2
stand-alones,2
fiction-for-adults,2
aapi-books,2
asian-books,2
aapi-asian-south-southeastern,2
reviewed-on-the-sfbrp,2
aapi,2
arc-are,2
aaaaangst,2
standalone,2
aaa-2023,2
standalones,2
5-star-favs,2
fin,2
author-queer,2
series-in-progress,2
short-stories-and-novellas,2
library-audio,2
read-physical,2
full-reviews,2
3rd-person,2
3500-23,2
series-next-part,2
autistic-character,2
short-pieces,2
also-have-hardcopy,2
3500-2022,2
fun-fun-fun,2
short-fiction,2
age-range-adult,2
read-reviewed-2023,2
series-i-need-to-finish,2
alternate-world,2
4-25-stars,2
favourites-of-2023,2
series-i-finished,2
kuwait,2
short-stories-novellas-under-300pgs,2
series-challenge-2023,2
fantasy-gays,2
always_on_my_mind,2
fantasy-general,2
series-2023,2
feminism,2
favourite-series,2
fantasy-heist-and-thieves,2
from-library,2
aged-wine,2
awesome-fantasy,2
fantasy-epic,2
all-the-feels,2
fantasy-all,2
feelings-atmospheric,2
badass-mc,2
fantasy-all-subgenres,2
badass-heroine,2
badass-fmc,2
read-as-an-arc,2
g-fantasy-asian,2
2slgbtq-author,2
fantasy-and-frens-book-club,2
bad-moms-club,2
sff-bookshelf,2
3-75-stars,2
alien-biology,2
alc,2
awesome-heroines,2
fantasy-buddy-reads-2023,2
i-should-ve-dnfd,2
kidnapping,2
sf-and-fantasy,2
ai-or-robots,2
b-i-poc-authors,2
three,2
all-time-favorite-books,2
thought-provoking,2
female-mc,2
shine-and-shadow,2
kindle-library,2
read-list-2023,2
female-nb-gq-2023,2
amazing-world-building,2
alt-universe,2
authorㅡfemale,2
4-star-books,2
illustrated,2
authors-lgbtqia,2
scribd-audio-read,2
favourite-23-of-2023,2
advanced-copy,2
readathons,2
4-star-read,2
reading-with-juliane,2
shreve,2
advance-reading-copy,2
advanced-readers-copy,2
seanan-mcguire,2
american-authors,2
read-your-shelf-challenge,2
favorites-of-all-time,2
5-of-5-would-read-again,2
amazon-new,2
autism,2
shorties,2
author-rep-filipino,2
favorites-all-time,2
my-5-star-holy-texts,1
multi-dimensional,1
middle-aged-protag,1
kidnapped,1
historic-fantasy,1
jewish-stuff,1
my-5-star-reviews,1
hero-faves,1
has-a-bunch-of-jerks-in-it,1
my-5-stars-of-2024,1
jewish-lore-fantasy-fairytales,1
my-actual-bookshelves,1
jewish-interest,1
mid-grade,1
kickstarter,1
mg-tbr,1
healer,1
just-look-at-that-worldbuilding,1
my-all-time-faves,1
harlequin-blog-tours,1
middle-book-slog,1
middle-east-based-books,1
lesbian-sff,1
judged-by-its-cover,1
must-read-again,1
kindle-kindle-unlimited,1
kindle-google,1
has-non-cis-characters,1
must-read-before-i-die,1
middle-grade-fiction,1
most-memorable-reads-of-2023,1
must-reads,1
kindle-food,1
juvenil,1
kindle-ebooks,1
has-gay-or-bi-characters,1
lesbian-sapphic-wlnb-character,1
laser-challenge,1
hijinx-galore,1
my-1001-books-in-progress,1
has-a-special-place-in-my-heart,1
latin-authors,1
middle-eastern,1
mtcba,1
hist-fantasy,1
latine,1
kicking-my-feet-n-squealing,1
middle-east,1
mtmctours,1
metafiction,1
mg,1
jayme-loves-mystery,1
jaw-dropping,1
historical-fiction-and-fantasy,1
january-tbr,1
hard-science-fiction,1
mountain-of-adamant,1
kindle-books,1
justice,1
mentalhealth-or-disability,1
heist,1
my-beloved,1
mental-illness-anxiety,1
january-24,1
mental-health-representation,1
my-best-fantasy,1
historical-fiction-to-read,1
mental-health-rep,1
my-best-reviews-hehe,1
mental-health,1
latine-author-and-characters,1
mental-anguish-lawsuit-candidates,1
lgbqt,1
men-with-pussy-power,1
my-body-is-ready,1
memory-as-central-theme,1
hard-science,1
jay,1
kinda-bored-kinda-into-it,1
mf-reads,1
je-ne-sais-quoi,1
kids-and-ya,1
mf,1
lady-authors,1
messed-my-heart-up,1
hardcore-sci-fi,1
hardcopy,1
historical-context,1
hello-darkness-my-old-friend,1
mermaids-and-sirens,1
kindle-books-2023,1
letture-del-2023,1
hell-yeh-to-read-books,1
my-all-time-favorite-characters,1
mot-s-library,1
my-all-time-favorites,1
jennifer-l-armentrout,1
mermaids-and-pirates,1
hard-to-put-down,1
hard-sf,1
leídos-2023,1
historical-fic,1
jedi-books,1
ms-magazine,1
leídos-en-digital,1
motherhood,1
middle-grade-late-elementary,1
most-anticipated-up-coming,1
lesbian-book-club,1
moral-greyness,1
money,1
july-2023-tbr,1
mondadori,1
have-on-shelf,1
kurzmeinung,1
just-fucking-no-period,1
modern-sci-fi,1
ku-authors,1
modern-mrs-darcy,1
kel-s-favorites,1
laura-tremaine,1
kick-ass-characters,1
lazy-writer,1
high-epic-and-low-fantasy,1
modern-folklore-and-myth,1
latinx-authors,1
multiverse-ai,1
modern-fantasy,1
lbgt-literature,1
mock-printz-2024,1
latine-mc,1
here-we-go-again,1
mmd-2023-srg-list,1
mm-romance,1
mm-not-usa-based,1
keplar-book-club,1
laughing-out-loud,1
multi-pov,1
have-it,1
most-anticipated-2025,1
most-anticipated-2024,1
june-2023-tbr,1
l-english,1
latinx-rep,1
l-can-read-to-laura,1
multiple-generations,1
heroine-of-color,1
have-no-fear-i-am-queer,1
hetero,1
hidden-identity,1
latoya-s-library,1
june-pridereads,1
latinx-hispanic,1
multiple-pov-s,1
laugh-out-loud,1
kensington-between-the-chapters,1
multiple-povs,1
most-anticipated-reads-2023,1
l,1
laaadies,1
june-2023,1
more-than-5-stars,1
hero-a-jerk,1
ky-book-club,1
lc,1
mm-kink,1
least-favorite-books,1
murder-and-attempted-murder,1
highhopes2023,1
juice,1
kobo,1
mini-challenges-2023,1
highly-recommended,1
military-fiction,1
have-reviewed,1
highlyrecommend,1
knees-deep-in-love,1
kissing-books,1
hijinks,1
kings-and-queens,1
kindlebooks,1
have-to-wait-till-2015-not-sure-if,1
lesbian,1
middle-grade-ya-reads,1
kick-ass-heroines,1
jugendbücher,1
hello-there-book-boyfriend,1
muslim-fiction,1
middle-grade-lit,1
kindle-read-done-finito,1
jugendbuch,1
hauntings-ghosts-and-the-paranormal,1
hayden,1
have-2-pry-out-of-my-cold-hands,1
labyrinths,1
kick-ass-female-lead,1
keep-a-weather-eye-on-the-horizon,1
have-already,1
mm-historical,1
murder-most-foul,1
most-anticipated-releases,1
ku,1
here-for-the-heroine,1
left-handed-booksellers,1
mm,1
mixed-feelings,1
july-2023-reads,1
legimibook,1
high-expectations,1
minibooks,1
leigh-bardugo,1
juvenile-or-ya,1
mitt-bibliotek,1
here-be-dragons,1
mistaken-identity,1
heavy-going-but-i-stuck-it-out,1
mission-quest-things,1
latine-creator,1
lemmik,1
mis-favoritos,1
high-school-reads,1
most-anticipated-books-of-2023,1
holy-crap,1
melancholic,1
illumicrate-fairyloot-special-editi,1
livre,1
ilukirjandus,1
im-besitz,1
kinda-meh,1
lo-necesito,1
load-of-wank,1
humorous,1
lib2023,1
im-not-proud,1
loc-arcs,1
loc-physically-owned,1
immagetchoo,1
human-rights,1
lgtbq,1
local-authors,1
immersive-atmosphere,1
location-small-town-rural,1
livingston,1
humorous-literature,1
mein-bücherregal,1
humorous-writing,1
i-actually-laughed-out-loud,1
listened-to-the-audiobook,1
lit-fic,1
literary,1
literary-fiction,1
literary-horror,1
hyped,1
live-and-die-for-the-cover,1
if-you-dont-give-me-this-right-now,1
live-through-this,1
lives-rent-free-in-my-head,1
ifa-fantasy,1
illumicrate-2023,1
hurts-so-much,1
libby-app,1
humour-and-comedy,1
libby-2024,1
lgqbt,1
lgbtqiap2s-rep,1
hugo-poss-2024,1
looking-forward-to-read-asap,1
in-one-go,1
love-the-cover,1
lgbtqia-literature,1
lgbtqia-genderqueer-and-non-binary,1
lgbtqia-fiction,1
in-spaaace,1
lgbtqia-author-or-protag,1
love-this,1
how-do-you-do-fellow-teens,1
love-ya-ll-fest-24-tbr,1
hottest-characters,1
love-yall-fest,1
lovecraftian,1
loved-em,1
lgbtqia-author-and-or-character-rep,1
in-store-purchase,1
in-the-kindle,1
love-stories,1
in-my-library,1
in-my-home-library,1
lore-ish,1
impatiently-waiting,1
impressed-me,1
looking-to-buy,1
looks-interesting,1
in-a-series,1
looooved-it,1
hugo-nominees,1
los-nunca-publicados,1
love-letters-to-libraries,1
hugo-nominate,1
lost-city-bookclub,1
hugo-nebula2024,1
lost-interest,1
lgbtqia2s-representation,1
love-is-real,1
in-love-with-the-writing,1
listened-to-it,1
if-not-friend-why-friend-shaped,1
i-actually-own-these,1
lights-out-books,1
i-robot,1
i-see-you-girl,1
life,1
i-think-about-these-everyday,1
life-and-death,1
i-m-here-for-the-dragons,1
life-is-too-short-to-read-this,1
library-read,1
i-want-it-now,1
i-would-die-for-a-copy-of-this-rn,1
i-would-die-for-this,1
i-would-drop-everything-for-you,1
light-academia-cottagecore,1
library-print,1
light-fantasy,1
light-reading,1
library-or-borrow,1
i-read-for-free,1
lidos-em-2023,1
i-probably-told-you-to-read-this,1
librarybooks,1
i-own-audio,1
libri-in-lingua,1
i-need-to-read-this-book,1
i-need-more-from-this-writer,1
librería-lesbiana-la-curva,1
libri-tortura-per-quanto-ne-parlano,1
i-need-more,1
librofm,1
i-m-scared-to-read-this,1
i-need-asap,1
library2023,1
libros-cortos,1
libros-favoritos,1
libros-fuera-de-inglaterra,1
liburrrrrry-book,1
library-tbr,1
library-loans,1
i-love-to-complain,1
i-adore-these,1
like-a-poem,1
library-books-read,1
i-genre-worldview,1
list-of-48,1
list-pirates,1
ibook,1
i-gave-up,1
i-doff-my-hat-to-your-cleverness,1
i-did-my-waiting-12-years-of-it,1
iconic-villains,1
if-i-could-talk-to-the-animals,1
listened-to,1
library-2023,1
i-borrowed-audio,1
listened-to-audiobook,1
i-am-so-smart-smrt,1
i-am-not-a-robot,1
i-am-looking-respectfully,1
i-got-bored,1
lingers-on-my-mind,1
library-copy,1
i-like-this-books,1
i-love-them-your-honor,1
like-and-love,1
library-home,1
i-love-robots,1
library-finds,1
i-love-my-library,1
i-love-hive-minds-so-sue-me,1
likely-will-reread,1
i-guess-i-read-it,1
i-wrote-this,1
i-laugh-in-the-face-of-genre,1
library-ebook,1
limited-signed,1
i-highly-recommend,1
i-guess-im-bi-then,1
lines-of-gold,1
loved-it-but-not-feral-rat-level,1
inception,1
loved-ok,1
marilyn-s-challenge,1
marauding-monsters,1
home-shelf,1
it-s-a-kind-of-magic,1
lgbtq-characters-or-rep,1
home-bookshelf,1
holy-works-of-art,1
march-2023,1
lgbtiq,1
it-s-complicated,1
it-s-not-you-it-s-me,1
lgbt-tbr,1
march-24,1
march-reads,1
lgbt-stories,1
it-s-queer-and-it-slaps,1
holmesian,1
march-tbr,1
lgbtq-etc,1
hoopla-library,1
hopeful-ending,1
intrigue,1
male-pov,1
horror-and-gothic-novels,1
interesting-ladies,1
international,1
horror-aliens,1
mam-na-półce,1
international-author,1
intriguing-reads,1
lgbtq-queer-rep,1
invisible-string,1
man-vs-nature,1
involves-libraries,1
man-vs-self,1
manic-pixie-girls,1
irecommend,1
it-came-from-beyond,1
marginalized,1
maritime,1
instant-fav-2023,1
mark-lawrence,1
mc-queer-rep,1
me-and-fab,1
history-huh,1
historical-sff,1
historical-romances,1
historical-novel,1
lgbt-orc,1
janarcuary-2024,1
january,1
mecha,1
lgbt-its-gay,1
media-tie-in,1
medieval-and-middle-ages,1
lgbt-f-f,1
historical-ish,1
historical-gays,1
mehhh,1
jan2023,1
jan-2024,1
mc-queer,1
itching-to-read-these,1
marriage-of-convenience,1
it-should-burn,1
it-was-eh,1
martin-george-r-r,1
it-was-ok,1
lgbt-rep-trans-or-nb,1
may-2023,1
may-reread-soon,1
j-cozy-fantasy,1
lgbt-read-recs,1
lgbt-read,1
maybe,1
hk,1
history-of-magic,1
mc-female,1
mc-i-relate-to,1
horror-and-spooky,1
male-lead,1
loved-the-cover,1
horror-good-grief,1
horror-light,1
mad-scientists-and-evil-geniuses,1
horror-hazes,1
horror-halloween-spooky-season,1
horror-halloween,1
made-me-tear-up,1
horror-gothic,1
indie-fiction,1
made-ya-think,1
indie-reads,1
indieauthor,1
magic-and-other-magical-substances,1
magic-and-sparkles-and-shit,1
magic-fantasy,1
magic-inclusion,1
indies,1
indigenous-authors,1
horror-n-spooky-shit,1
indie-favs,1
indie-books,1
lyrc-2025,1
inclusion-diversity-mcs,1
lgbtqap,1
low-magic-fantasy,1
low-priority,1
lus-en-2023,1
incomplete-series,1
independent,1
horrorish,1
horror-or-thriller,1
indie,1
horror_but_weird,1
m-m-romance,1
horror-suspense,1
indie-authors,1
machalo-buddy-read,1
horror-paranormal,1
magic-or-witchcraft-or-summoning,1
horror-general,1
male-authors,1
indigenous-literature,1
main-characters-of-color,1
major-character-of-color,1
major-character-with-disability,1
inkstone-books,1
inspiration,1
horror-challenge-23,1
horror-caves,1
lgbtq-sci-fi-fantasy,1
major-gay-bi-character,1
make-me-cry,1
makes-me-think,1
insta-love-lust-attraction,1
makes-my-heart-happy,1
horror-bizarro,1
instagram-made-me,1
horror-atmospheric,1
instagram-tours,1
mai-23,1
inglês,1
magical-woods,1
lgbtq2ia,1
magic-paranormal,1
horror-fiction,1
indigenous-people,1
magic-sf-f,1
horror-fantasy,1
magic-spells-superpowers,1
magic-to-do,1
infertility,1
horror-creepykids,1
magical-creatures,1
lgbtq-ya,1
magical-gays,1
lgbtq-stories-and-authors,1
horror-etc,1
magical-house,1
horror-dark-fantasy,1
humorous-fiction,1
0,1
my-fav,1
spooky-season-reads,1
spacey-wacey,1
specfic-buddy-reads,1
specfic-scifi,1
special-edition,1
speculative,1
spfbo9,1
spice-free,1
spookoplathon,1
spooktober-2023,1
spooky,1
spooky-and-horror-alike,1
spooky-fall-vibes,1
spooky-or-horror-or-gothic,1
spooky-season,1
spoonie-reads,1
strange-worlds,1
spring,1
spring-2024-tbr,1
squads-found-families-etc,1
staff-picks,1
staff-recommendations,1
stand-alone-novels,1
stand-outs-of-2023,1
staring-at-my-ceiling,1
stars-3,1
steampunk,1
step-into-fantasy-book-club,1
stock-side-characters,1
stonecoast,1
storytel,1
space-travel,1
space-settings,1
space-sci-fi,1
space-or-space-opera,1
skittle-squad,1
sl-laser,1
slapped,1
slayed,1
sleep,1
sleeping-beauty,1
slice-of-life,1
slowburn,1
slump-inducing-shelf-of-shame,1
small-press-and-indie,1
smell-the-pages,1
smut-coven-read,1
snoozy,1
soft-romancce,1
solarpunk,1
solid-ya-fantasy,1
solution-focused,1
someone-died,1
something-magical,1
sophomore-year,1
souls-like-if-it-farts-on-it,1
source-library-ebook,1
source-local-library,1
south-american-fantasy,1
southern,1
southern-fiction,1
spaaaace,1
space-opera-comps-debut,1
space-operas,1
strange-magic,1
strong-female-characters,1
my-favorite-books,1
tendencias-2023,1
tbr-march-2023,1
tbr-owned,1
tbr-pile,1
tbr-queer,1
tbr-shortlist,1
tbr-soon,1
tbr-wheel-2023,1
tbr2023,1
tc2023-uno,1
techno-thriller,1
technology,1
technothriller,1
teen-fantasy,1
teen-reads-12-plus,1
tenho,1
strong-female-lead,1
text-2023,1
tf-series-caughtup,1
tfn,1
th-vampires,1
thank-you-library,1
thank-you-next,1
thanks-ufl,1
the-aesthetic,1
the-best,1
the-bookshelf,1
the-final-frontier,1
the-goods,1
the-lgbtq,1
the-magic-school-bus,1
tbr-list-2023,1
tbr-list,1
tbr-horror,1
tbr-e-books,1
strong-siblings,1
strong-women,1
sub-box,1
subscription,1
suggested-reading,1
summer-23-tbr,1
summer-book-bingo-2023,1
summer-reading-2022,1
super-excited,1
super-sidekicks,1
superheroes,1
supernatural-urban-fantasy,1
supernatural-vibes,1
supes,1
surprise,1
surreal-or-fabulist,1
suspense,1
swana,1
sword-challenge,1
swords-sapphics-and-dragons-oh-my,1
swords-shields,1
sáfico-adultas,1
t-friends-to-enemies-to-lovers,1
tahereh-mafi,1
tb-bought,1
tbd,1
tbr-2024,1
tbr-2024-april,1
tbr-books-i-want,1
skimmidy-skim-skim-skim,1
sirens,1
single-pov,1
scorpios-will-enjoy,1
science-fiction-1,1
science-fiction-series,1
science-fiction-thriller,1
science-speculative-fic,1
science_fiction,1
scifan,1
scifi-fantasy-allegory,1
scifi-fantasy-book,1
scifi-hard-science,1
scifi-read,1
scifi-recs,1
scifi-speculative,1
scifi-stuff,1
scifi-věcičky,1
se-fairyloot,1
simply-marvelous,1
second-chance,1
second-person-narration,1
self-discovery,1
self-help-disguised-as-fiction,1
self-published,1
self-published-and-indie,1
self-published-sff,1
senior-protag,1
sent-by-publishers-and-arcs,1
sent-to-me,1
sept-2023,1
september-2023,1
september-2023-releases,1
sequel-book,1
science-and-speculative,1
sci-fy,1
sci-fic,1
sci-fiandfantasy,1
sagas,1
sampled,1
sanderson-no-cosmere,1
sapphic-characters-and-authors,1
sapphic-girlies,1
sapphic-romance,1
sapphic-sci-fi-and-fantasy-read,1
sapphic-side,1
saw-the-show-movie,1
scalzi,1
school-and-academia-stories,1
schwab-in-the-wild,1
sci-fi-adventure,1
sci-fi-and-science-fantasy,1
sci-fi-asteroid,1
sci-fi-current,1
sci-fi-done,1
sci-fi-dystopian,1
sci-fi-fantasy-dystopia,1
sci-fi-horror,1
sci-fi-or-fantasy,1
sci-fi-post-apocalytpic,1
sci-fi-read,1
sci-fi-recs,1
sci-fi-romance,1
sci-fi-space-opera,1
sci-fi-speculative-fiction,1
sci-fi-thriller,1
sci-fi-to-read,1
sequels-2023,1
sequels-and-series,1
serial,1
sff-for-green-beans,1
sff-hard,1
sff-high-magic,1
sff-romance,1
sff-shelf-cleanup-2023,1
sffh,1
sffvektor2023,1
sfida-60-libri,1
sg-dark,1
shelf-at-home,1
shelf-fantasy-syfy,1
shelfs,1
shooketh-history-nerd,1
short,1
short-books,1
short-fiction-zoned,1
short-novels,1
short-stories-essays,1
short-stories-novellas-poetry,1
short-stories-or-novella,1
short-story-novella,1
short-work,1
shortfiction,1
shorts-and-others,1
shut-up-and-take-my-money,1
si-fi,1
sick-girl-lit,1
side-plot-romance,1
sifi-science-fiction,1
signed-editions,1
sff-group-shelf,1
sff-fantasy,1
series-caughtup,1
sff-epic-fantasy,1
series-complete,1
series-completed,1
series-current,1
series-current-2023,1
series-finished,1
series-i-haven-t-finished-yet,1
series-i-like,1
series-in-process,1
series-not-done-being-written,1
series-ongoing,1
series-s-to-finish,1
series-started,1
series-tbr-shelf,1
series-that-went-downhill,1
series-to-complete,1
series-to-continue,1
series-to-read,1
series-waiting,1
series-won-t-finish,1
series-world-of-ice-and-fire,1
series-yeeted,1
seriesprogress2023,1
set-in-ireland,1
setting-space-or-spaceship,1
sex-feminism,1
sf-fantasy_bookclub,1
sf-half-comps,1
sff-club,1
sff-cosy,1
the-moon-is-trans,1
the-netgalley-hookup,1
the-sapphic-shelf,1
wlw-read,1
will-they-ever-come,1
winter,1
winter-christmas-2023,1
wish-i-dnf,1
wishlist-3,1
wishlist-for-later,1
wishlist-priority,1
witch-rom,1
witches,1
witchy-reads,1
witchy-vibes,1
without-cover-yet,1
wlw-fantasy,1
wlw-journey,1
wom-23,1
wanna-reread,1
woman-author,1
woman-protagonist,1
women,1
won-arc,1
won-bookish-first,1
won-via-giveaway,1
words-on-words-library,1
worldbuilding,1
worldbuilding-love,1
worlds-beyond-the-margins,1
worst-case-scenarios,1
worth-reading-again,1
worth-the-hype,1
would-give-more-than-5-if-possible,1
will-sell-soul-or-kidney-for,1
will-read-anything-they-write,1
will-read,1
will-not-read,1
want-need,1
want-to-finish,1
want-to-own-or-already-own,1
want-to-read,1
want-to-read-but-not-bought,1
want-to-read-sequel,1
wanted-to-enjoy-but-didn-t,1
wanted-to-like-but-didnt,1
wanted-to-like-it,1
warte-auf-die-fortsetzung,1
waste-of-time,1
wating-4-the-sequel,1
wbtm-authors,1
wbtm-bookopoly,1
we-were-friends-until-we-weren-t-an,1
webscriptions,1
well-that-was-disappointing,1
werewolves,1
what-i-read-2024,1
whats-the-fuss-about,1
wheel-8,1
wheel-of-music,1
whip-in-every-page,1
whodunit,1
whodunnits,1
why-isn-t-this-a-bloody-movie-yet,1
wilderness,1
will-lose-mind-before-it-comes-out,1
will-never-forget,1
would-not-rec,1
written-by-women,1
wtf-am-i-reading,1
you-had-me-at-hello,1
young-adult-and-middle-grade,1
young-adult-awesomeness,1
young-adult-books,1
young-adult-new-adult,1
youngadult,1
youtube-recommendation,1
z-2023,1
z-2023-releases-tbr,1
z-author-poc,1
z2023,1
z2023-reads,1
z_2023,1
z_2023-alphabetical,1
z_locked-room_z,1
z_murder-mystery_z,1
z_read-2023,1
z_science-fiction_z,1
zread-1-scifi,1
zread-in-2023-books,1
zz-2023-books,1
zz-2024-feb-new,1
zz-abuseptsdtrauma-fic-read,1
zz-bevfoodfic-read,1
zz-culturalheritagefic-read,1
zz-up-to-date,1
ódio-anticolonial,1
пьяный-книжный-клуб,1
фант-хорър-артлайн,1
୨୧-they-survived-the-great-war,1
you-must-read-this,1
yesss,1
x-2022-finished,1
yearly-anticipated-2023,1
x-2023,1
x-4-star,1
x-filipino-authors,1
x-library,1
x2023-reads,1
x23-10-oct,1
x_2024,1
y-rating-4,1
ya-adventure,1
ya-disabilities-rep,1
ya-doporučení,1
ya-dystopian,1
ya-fantasy-favorites,1
ya-fantasy-or-paranormal,1
ya-fantasy-to-read,1
ya-juvenile,1
ya-lit,1
ya-materials-read,1
ya-mg,1
ya-novels,1
ya-sci-fi,1
ya-science-fiction,1
ya-series,1
ya-sff,1
ya-surprises-me,1
ya-young-adult,1
yabc-reviews,1
yaf,1
year-2022,1
want-it-now,1
wanna-be-friends-with-protagonist,1
the-shelf-of-fame,1
too-good-to-define,1
to-buy-paperback,1
to-enjoy-again,1
to-find-buy,1
to-get-from-the-library,1
to-own,1
to-pre-order,1
to-read-in-2023,1
to-read-middle-grade,1
to-read-now,1
to-read-soonish,1
to-recommend,1
tob,1
tob-2024-longlist,1
togbc,1
too-much,1
waiting-for-sequel-news,1
too-stupid-to-live,1
top-10,1
top-10-of-2023,1
top-10-series,1
top-10ish,1
top-20-books-series,1
top-books-of-2023,1
top-favorites,1
top-favorites-2024,1
top-priority,1
top-priority-to-read,1
top-reads,1
top-reads-2023,1
top-shelf,1
to-be-released-on-january,1
to-be-released,1
to-be-reevaluated,1
to-be-published-no-date,1
the-very-best,1
the-wait-is-killing-me,1
the-worst,1
the-year-of-grace,1
these-books-define-me,1
these-books-raised-me,1
thesis-adjacent,1
thieves,1
things-worth-reading-2023,1
third-person-present,1
this-book-will-never-exist,1
this-made-me-incandescently-happy,1
thisbookwilarrivewithmyfirstgrandch,1
those-beautiful-things-on-my-shelf,1
three-and-a-half-star,1
thrill-reads,1
thriller-horror,1
thriller-mystery,1
thriller-mystery-horror,1
thrillers-mystery,1
thrillers-sci-fi,1
thrilling,1
tied-in-a-౨ৎ,1
tiene-dragones,1
tiktok-made-me-do-it,1
time-2023,1
time-travel-books,1
timesreads,1
tisane,1
top-shelf-baby,1
top10-2023,1
tor-nightfire,1
unowned-and-read,1
unpublished,1
unpublished-series,1
unreleased-books,1
upcoming-2023,1
upcoming-books,1
upcoming-releases-with-covers,1
uplifting,1
urban-fantasy-alternate-history,1
urban-fantasy-paranormal,1
urban-or-paranormal-fantasy,1
us,1
utter-disappointment,1
v-for-vampires,1
vampire,1
vampire-or-vampire-adjacent,1
vampires-nosferatu,1
vampires-werewolves-zombies,1
vaporbook,1
very-much-yes,1
via-pbz,1
viagens,1
vier-sterne,1
viking-to-read,1
voice-was-heard,1
vwf-5-stars-2023,1
waaaaaiting,1
waiting,1
waiting-for,1
waiting-for-publication,1
unowned-unread,1
uno2023,1
tor-novellas,1
unnecessary-sequel,1
tournament-of-books,1
tournament-of-books-2024,1
tournament-of-books-rooster,1
tpl-reading-challenge-2023,1
tr-next-in-series,1
trad-interests,1
trans-rep,1
transgress,1
transition-ya-to-adult,1
translated,1
trash-for-this,1
trashy-book-club,1
traveling-book,1
trilogy,1
trilogy-in-progress,1
true-threes,1
truly-unique-for-better-or-worse,1
turtle-team,1
twenty-four,1
type-no-romance,1
uf,1
ug,1
ugh,1
um-what,1
under-200-pages,1
undulating-undulation,1
unfinished-series-started,1
unfinished-serieses,1
unhauled,1
s-l-sword-2024,1
s-l-scifi,1
s-l-laser-2023,1
oh-the-disappointment,1
nttbf,1
nyp,1
nypl-committee,1
o-comfort-crowd,1
o-cover-porn,1
ob,1
obsessed,1
ocean-adventure,1
ocean-fantasy,1
october-23,1
october-daye-chronological,1
october-daye-series,1
oh-no-biiiiiiirds,1
oh-that-cover,1
ok-now-its-a-thesis,1
non-tradotti,1
okc,1
old-protagonists,1
old-style-gothic,1
older,1
omar,1
omg-my-friends,1
omg-that-writing,1
on-deck,1
on-hold,1
on-hold-at-the-library,1
on-libby,1
on-my-period-having-a-gay-meltdown,1
on-pause,1
on-reserve,1
nss,1
npr-2023,1
noël-23,1
novität-2023,1
nordic-sff,1
norse-fantasy,1
north-america,1
north-america-u-s,1
not-bad,1
not-feeling-it,1
not-for-me-or-dnfs,1
not-on-page,1
not-recommended,1
not-released,1
not-reviewed-2024,1
not-spicy,1
not-western-americentric,1
not-white-dudes-shelf,1
not-ya,1
not-yet-published,1
not_yet_available,1
nov-2022,1
novel-own,1
novel-owned,1
novel-owned-se,1
novella-anthology,1
novella-novelette-shorts,1
novellas-and-shorts,1
novellas-etc,1
novellas-my-beloved,1
novellas-short-stories-and-poetry,1
novellas-short-stories-etc,1
november,1
on-the-blog,1
on-the-sea,1
on_kobo,1
owned-and-finished,1
owned-audiobooks,1
owned-book,1
owned-but-unread,1
owned-copies,1
owned-copy,1
owned-digital,1
owned-e,1
owned-hard-copy,1
owned-in-arc-ebook,1
owned-kindle,1
owned-kindle-copy,1
owned-owlcrate,1
owned-physical-books,1
owned-physical-copies,1
owned-signed,1
owned-signed-books,1
owned-unread,1
owned_kindle,1
owns-my-ass,1
ownvoices,1
pace,1
page-turner,1
pages-200-under,1
paginas-2023,1
pansing,1
paper,1
paperback-own,1
para-dystopian-sci-fi-fantasy,1
paradigm-stretching,1
owned-audio,1
own-voices,1
once-upon-a-book-club,1
own-the-book,1
once-upon-a-time,1
once-was-enough,1
one-star-or-five-stars,1
ones-i-own,1
optimistic-cozy-sf,1
orbit-books,1
order-immediately,1
original,1
other-book-clubs,1
other-giveaways,1
other-reviews,1
otp-to-end-all-otps,1
out-2023,1
outside-us,1
over-600-pages,1
overnight-club,1
owed-read-prints,1
owlcrate,1
own-audiobook,1
own-e-edition,1
own-hard-copy,1
own-in-hard-copy,1
own-libro-fm,1
own-on-kindle,1
own-other,1
own-physical,1
own-read,1
own-read-adult,1
own-signed-books,1
nonbinary-genderqueer-fluid,1
non-romance,1
paranormal-and-supernatural,1
n-kevin-r-free,1
mystery-thrillers,1
mystic,1
myth-retelling,1
myth-retellings,1
mythic-fiction,1
mythical-beasties,1
mythical-magical-creatures,1
mythological-fiction,1
mythological-majesty,1
mythology-and-fairy-tales,1
mythology-based,1
mythology-fairytales-and-retellings,1
myths-and-folklore,1
myths-legends-and-retellings,1
n-sarah-skaer,1
non-men-authors,1
na,1
najlepsze-z-2023,1
narrated-by-natalie-naudus,1
native-americans,1
native-rep,1
nature,1
nature-themes,1
nautical-fantasy,1
nb-gq-author,1
near-future-sf,1
nebula-nominee,1
need-it-now,1
need-now,1
need-this-now,1
mystery-thriller-horror,1
mystery-thrill,1
mystery-or-crime,1
mystery-i-guess,1
my-favorite-books-read-so-far,1
my-favorite-covers,1
my-favourite-5-star-fantasy,1
my-fiction-library,1
my-god-tier-books,1
my-god-tier-reads,1
my-gothic-horror-self,1
my-inner-feminist-cries-with-joy,1
my-jam,1
my-kindle,1
my-kindle-books,1
my-library-hardcover,1
my-library-kindle,1
my-library-read,1
my-list,1
my-loves,1
my-personal-faves,1
my-personal-library,1
my-queens,1
my-roman-empire,1
my-shelves,1
my-tears-ricochet,1
my-very-favorites,1
mys-sus-mag-2023,1
mysteries-of-all-kinds,1
mystery-and-thrillers,1
mystery-detective,1
mystery-fail,1
mystery-gothic,1
need-to-continue-series,1
need-to-read-now,1
need2read-reviews,1
never-will-be-able-to-read,1
new-adult-fantasy,1
new-author,1
new-author-to-me,1
new-books-in-2023,1
new-in-2024,1
new-reads-2023,1
new-realeases,1
new-release-2023,1
new-releases,1
new-year-releases-2023,1
newp,1
next-book-unreleased,1
next-in-a-series,1
next-in-series,1
ng,1
ng-group-challenge,1
nice-try,1
nicole-reads-to-me,1
night-court-buddy-reads,1
nlt,1
no,1
no-cover-no-title-still-will-read,1
no-date,1
no-kissy-kissy,1
no-no-no,1
no-release-date-yet,1
noir,1
non-binary-representation,1
non-humans,1
new-adult-dystopia,1
never-to-be-published,1
needed,1
never-stop-recommending,1
net-g,1
net-galley-arcs,1
net-galley-reads,1
net-galley-review,1
netg-edel-author-publisher,1
netgalley-2024,1
netgalley-4-stars,1
netgalley-arc-2023,1
netgalley-arc-reviews-2023,1
netgalley-arc-s,1
netgalley-audio-books,1
netgalley-booksirens-author-sent,1
netgalley-challenge,1
netgalley-edelweiss-2023,1
netgalley-prereads,1
netgalley-read,1
netgalley-reviewcopy,1
netgalley-reviewed,1
netgalley-titles,1
netgalley-to-read,1
netgally,1
neu-in-2024,1
neuro-divergent-character,1
neurodivergence-or-disability-rep,1
neurodivergent,1
neurodivergent-writers,1
neurodiversity,1
never-again,1
never-finished,1
parallel-worlds,1
paranormal-supernatural-magic,1
s-ff,1
read-women,1
read-novella,1
read-on-audio,1
read-on-edge,1
read-original,1
read-owned-physical,1
read-physical-books,1
read-physical-books-2023,1
read-round-the-usa-2023,1
read-sci-fi,1
read-scifi,1
read-since-i-got-goodreads,1
read-soon-or-unhaul,1
read-twice-or-more,1
read-unhauled,1
read-women-2023-challenge,1
rating-1-star,1
read-ya,1
read_in_2024,1
readathon,1
reading,1
reading-challenge-2024,1
reading-taste,1
reading-through-2024,1
reads-of-2023,1
realistic-fiction,1
really-enjoyed,1
really-excited-about,1
realm-hopping,1
rebekah-reads-2023,1
rebekah-reads-2024,1
read-next,1
read-mystery,1
read-love,1
read-lgbtqia,1
rating-pg,1
rbc,1
rc-potentials,1
re-read-2023,1
re-readable,1
read-2020-to-2023,1
read-2023-in-2023,1
read-adult,1
read-aloud-with-hubby,1
read-and-from-my-2024-tbr,1
read-and-liked-fantasy,1
read-as-arc,1
read-as-ebook,1
read-as-galley,1
read-audio,1
read-books-2023,1
read-books-feb-23,1
read-books-i-own,1
read-but-don-t-own,1
read-childrens,1
read-e-book,1
read-english,1
read-general,1
read-genre-ya-fantasy,1
read-in-a-day,1
read-in-japan,1
read-in-my-thirties,1
read-kindle,1
read-lgbtq,1
received-for-review,1
received-from-net-galley,1
received-from-publisher,1
review-books-arcs,1
reviewed-2024,1
reviewed-by-contributor,1
reviewed-by-mandy-c,1
reviewed-by-me,1
reviewed-in-words,1
reviews-in-english,1
reviews_2023,1
revs,1
rfantasy-bingo-2022,1
rfantasy-bingo-cool-weapon,1
rfantasy-bingo-family,1
ridgeline-bookclub,1
rivals-to-lovers,1
road-trip-liminality,1
rom-1-fantasy,1
roman,1
romance-fantasy,1
romance-pnr-or-fantasy,1
romance-subplot,1
romances-i-love,1
romantasy-favorites,1
romantic,1
romantic-fantasy-sweet-escape,1
romantic-reads,1
romatasy,1
roses-are-red,1
rrrc-2023,1
rrrc-2024,1
rushed-ending,1
review-copy-for-publisher,1
review-books,1
recensione-di-slanif,1
retold-tales,1
recent,1
recommend,1
recommend-adult,1
recommended-by-sfbrp-listeners,1
recommended-for-me,1
recommended-general,1
recommended-reading,1
recs,1
recs-queer,1
recs-see-notes,1
reddit,1
refused-to-finish,1
releases-2024,1
releases-2025,1
releases-in-2023,1
reliable-retellings,1
religiopolitical-sff,1
remixes,1
rep-asian,1
rep-queer,1
rep-sapphic,1
represent,1
requested,1
reread,1
rereads,1
retelling-fairytale,1
retellings-and-adaptations,1
retellings-myths,1
reto-épico-y-mágico-2024,1
rating-4-point-5,1
rated-5-stars,1
part_of_a_series,1
possible-comps,1
poc-fantasy,1
poc-rep-side,1
poc2023,1
pocmaincharacters,1
poignant,1
poison,1
political,1
political-fantasy,1
popsugar-2023-challenge,1
popsugar-2023-reading-challenge,1
popsugar-challenge-2023,1
popsugar-challenge-2024,1
positive-disability-rep,1
possible-2023-realeses,1
post-apocalypse,1
rated-1-star,1
post-apocalyptic-dystopian,1
postcolonial,1
posthuman,1
pov-third-person-dual,1
powerful-b,1
powers,1
pre-reviewed,1
predict-new-2023,1
prerelease,1
pretty-covers,1
pretty-fantastic,1
pride-2023,1
pride-book-tours,1
print-shelf,1
poc-bipoc-character,1
pnr-scifi-fantasy,1
pn-urban-fantasy,1
plus-size,1
past-arcs,1
patronaty,1
paused,1
pc,1
pending-publications,1
perfection,1
perks-uno-2023,1
personal-jesus,1
philosophy,1
philosophy-and-culture,1
physical-arc,1
physical-arc-copies,1
physical-arcs-pr,1
physical-copies,1
hard-cover,1
physical-i-own,1
physical-library-read,1
physical-read,1
physical-shelves,1
physical-tbr-snapshot-start-2024,1
physical-wanted,1
physical23,1
pink,1
pinoy-pride,1
pirate-fiction,1
piratesque,1
pleasure,1
plot-twist-ending,1
plus-de-500-p,1
priorities-tbr,1
prioritized-on-my-tbr,1
priority,1
queer-historical-fiction,1
queer-interest,1
queer-leads,1
queer-love,1
queer-protag,1
queer-recs,1
queer-representation,1
queer-sci-fi,1
queer-sff,1
queer-sff-read,1
queer-spectrum,1
queer-trans,1
queerly-beloved-book-club,1
queers,1
quest,1
quiltbag-characters,1
quirky-sci-fi,1
r-5-star,1
r-fantasy-book-bingo-2023,1
r2023-in-2023,1
race-and-class,1
race-and-gender,1
race-racism,1
racial-diversity,1
racism,1
rainbow-flag-emoji,1
rainbow-reads,1
rainbowcrate,1
rakstniece,1
ramadan-tbr,1
queer-horror,1
queer-general,1
priority-fantasy-tbr,1
queer-fiction,1
priority-reading-list-2023,1
priority-sff-shelf,1
proofs,1
protagonist-of-colour,1
protagonists-of-colour,1
przeczytane-w-sierpniu-23,1
przeczytane-we-wrześniu-2023,1
psyche-psychology,1
psychological-thriller,1
pub-2020s,1
public-library,1
publication-2072,1
published-since-2000,1
published-tbr,1
publisher-physical,1
purchased-2023,1
purchased-discount-or-free,1
put-down-for-now,1
pyramid-book-club,1
q-tbr,1
qlgbt-queer,1
qtpoc-sff,1
quality-pleasure,1
quartet,1
queen-vic,1
queer-and-bipoc,1
queer-aro-ace,1
queer-as-folk,1
queer-collection,1
physical-format,1
faves-of-2023,1
hard-copy-reads,1
asian-pacific,1
ass-kick-heroine,1
aspec-rep,1
asoiaf,1
asian-sff-authors,1
asian-rep-or-author,1
asian-read,1
asian-literature,1
asian-american,1
asian-inspired,1
asian-female-authors,1
asian-culture,1
asian-characters,1
asian-authored,1
asian-american-literature,1
assasin-killer,1
assassin,1
assassins-and-thieves,1
assault,1
at-axis360,1
at-the-library,1
atmospheric-vibes,1
aty-2024,1
aty-2923,1
aty-in-52-books-2023,1
aty-reading-challenge-2023,1
aty-rejects-2023,1
aty2023,1
aty24,1
audible-audiobook,1
audible-book,1
audible-libby,1
asian-american-author,1
asexuals-demisexuals,1
all-time-favorite-series,1
arcs-i-own-read,1
arcs-reviewed,1
arcs-review-copies,1
arcs-read-in-2023,1
arcs-ng,1
arcs-net-galley,1
arcs-ive-read,1
arcs-i-got,1
asexuals,1
arcs-gifted,1
arcs-from-pubs,1
arcs-from-polish-publisher,1
arcs-finished-copy,1
arcs-edelweiss-netgalley,1
arcs-drcs,1
arcs2023,1
arctic-expedition,1
ardvaark-book-club,1
arizona,1
aro-ace-aspec,1
aro-ace-rep,1
aromantic-asexual-demisexual,1
around-the-world2023,1
around-the-year-in-52-books-2023,1
arranged-marriage,1
art,1
artemiscomps,1
arthurian,1
artist-or-photographer,1
artist-writer,1
asexual-character,1
asexual-representation,1
audible-library,1
audible-listens,1
audience-ya,1
author-not-to-be-anticipated,1
author_nonbinary,1
author-world,1
author-to-watch,1
author-stole-my-heart,1
author-rep-queer,1
author-publisher-arcs-copies,1
author-nonbinary,1
audio-books-read,1
author-may-be-a-genius,1
author-lgbtqia,1
author-latinx,1
author-indigenous,1
author-illustrated-cover,1
author-i-like,1
authors,1
authors-i-adore,1
authors-i-follow,1
authors-of-color-my-beloved,1
authors-on-probation,1
authors-with-no-book-rights,1
authorㅡpoc,1
autism-rep,1
autistic,1
autistic-author,1
auto-read-author,1
auto-read-series,1
autobuy-authors,1
autographed,1
automnal,1
autores,1
autumn-reads,1
author-full-body-of-work-read,1
author-daniel-suarez,1
author-boolist,1
audiobooki,1
audio-narrators-i-love,1
audio-print-combo,1
audio-rec,1
audio-text,1
audio-version,1
audiobook-2023,1
audiobook-adhd-assisted,1
audiobook-d,1
audiobook-listens,1
audiobook-purchased-2023,1
audiobook-recs,1
audiobook-tbr,1
audiobook-to-read,1
audiobook-via-netgalley,1
audiobooks-i-listened-to,1
author-behaving-badly,1
audiobooks-read,1
audiobooks-to-try,1
audiobooks_read,1
audioreads,1
audios,1
august,1
aussie-authors,1
aussie-kiwi-authors,1
aust-2023-pub,1
australian-author,1
australian-fiction,1
australian-literature,1
author-american,1
author-aussie-kiwi,1
arcs-betas,1
arcs-and-other-review-commitments,1
arcs-and-giveaways,1
and-im-waiting,1
angels-and-demons,1
angefangene-reihen,1
androids-cyborgs-robots,1
androids-cyborgs-ai,1
andrew-varga,1
and-you-get-5-stars,1
anak-malaysia,1
anniversary-or-special-editions,1
amnesia,1
amigos,1
ambiguous-ending,1
ambient,1
ambassador-diplomat,1
amazing-series,1
angels-demons,1
anglophilia,1
angry-sad-girl-books,1
angst-fest,1
angst-is-candy,1
angst-rating-2,1
angsty,1
angsty-energy,1
animal-characters,1
animal-cruelty,1
animal-death,1
animal-ethics,1
animal-stories,1
animals-are-characters,1
animals-rabbits,1
animalschildrenwereharmedinthisbook,1
ann-leckie,1
amazing-sci-fi,1
amazing-covers,1
amazing-books-i-ve-annotated,1
alt-hist-or-au,1
all_time_faves,1
allegories-and-metaphors,1
almost-dnf,1
almost-favourites,1
almost-loved,1
aloud,1
alp-books,1
alpha,1
alpha-famale,1
alpha-male,1
alphaholes,1
alr-know-its-going-to-be-amaze,1
already-on-kindle-shelf,1
also-have-audio,1
alternate-and-parallel-worlds,1
amazing,1
alternate-dimensions,1
alternate-realities,1
alternate-universes,1
alternatieve-leeslijst,1
alternating-points-of-view,1
alternating-pov,1
alternating-view-points,1
alternative-history,1
alternative-reality,1
alternative-reality-romance,1
alternative-world,1
alternnate-history,1
althist-histfic,1
am,1
ann-liang-and-chloe-gong-shrine,1
annotated,1
arcs-alcs-beta,1
arc-books-from-netgalley,1
arc-or-galley,1
arc-ing-it-up,1
arc-gifted-book,1
arc-edelweiss,1
arc-ebook,1
arc-copy,1
arc-and-review-copies,1
annoying,1
arc-2022,1
arab-vibes,1
arab-rep,1
arab-authored,1
arab,1
april-reads,1
arc-or-gifted-copy,1
arc-or-netgalley,1
arc-read-2022,1
arc-read-2024,1
arc-reading,1
arc-reads-2023,1
arc-received,1
arc-s-that-are-on-my-to-buy-list,1
arc-sent-by-publisher,1
arc-sept-2023,1
arc-shelf,1
arc-team-reviews,1
arc-to-read,1
arc-unedited-proof,1
archeological-futuristic,1
archeological-thriller,1
archive-2023,1
april-2024,1
apple-of-my-eye,1
apocalyptic-post-apocalyptic,1
anticipated-releases-2023,1
annoying-af-characters,1
annoying-main-characters,1
another-ctry-book-or-author,1
anthologies-and-short-stories,1
anti-hero,1
anti-heroine,1
anti-war,1
anticipated-2024,1
anticipated-2024-releases,1
anticipated-for-2023,1
anticipated-new-release,1
anticipated-reads,1
anticipated-reads-of-2023,1
anticipated-realeases-2023-part-2,1
anticipated-releases-2024,1
apocalyptic-or-post-apocalyptic,1
anticipating-5-stars-2021,1
antihero,1
antiheroes-morallygrey,1
antiphemeral,1
anxiety-and-panic-attacks,1
anxiety-inducing,1
anxious-beans,1
aoc-reading,1
apl,1
apoca-lit-dystopic,1
apocalypse-of-the-heart,1
apocalyptic-dystopac,1
apocalyptic-fiction,1
apocalyptic-land,1
autumn-spooky-vibes,1
ava-reid,1
available-at-joondalup,1
bloody-times,1
bodies-in-my-shelves,1
bnwork-books,1
bn-bookclub,1
blurbed,1
blur-rating,1
blue-bookshelf,1
blood-and-ash-f-cked-my-life,1
book-club-reads,1
blood,1
blog-tours,1
blog-tour,1
blk,1
blech-insta-love,1
bleak-is-what-coming-of-age-means,1
body-modifications,1
boo-it-s-a-ghost,1
book-about-books,1
book-and-audio,1
book-baes,1
book-bf,1
book-bf-gf,1
book-box-illumicrate,1
book-buddy-non-recs,1
book-by-brandon-sanderson,1
book-challenge,1
book-chemistry,1
book-club-2024,1
book-club-and-buddy-reads,1
book-club-gr-sff,1
book-club-pick,1
book-club-picks,1
bland-protagonist,1
blackoweentm-2023,1
blackgoose-is-one-to-watch,1
bisexual-pansexual,1
bipoc-author-protag,1
bipoc-authored,1
bipoc-debuts,1
bipoc-latino-asian,1
bipoc-lit,1
bipoc-narrator,1
bipoc-protagonist,1
bipoc-rep,1
bipoc-representation,1
biracial-characters,1
birds,1
bisexual-disasters,1
bisexual-main-character,1
bisexual-mcs,1
bittersweet,1
black-women-writers,1
bizarre-concepts,1
black-african-afro-diaspora,1
black-audio-narrator,1
black-authors-fiction,1
black-experience,1
black-girl-magic,1
black-heroine,1
black-humour,1
black-protagonists,1
black-representation,1
black-sff,1
black-spec-scifi,1
black-voices,1
black-women,1
book-club-potentials,1
book-club-tfiq,1
bingo-books-across-america-4,1
books-for-2023,1
books-i-d-build-a-shrine-for,1
books-i-can-talk-about,1
books-i-annotated,1
books-i-always-reread,1
books-from-publishers,1
books-from-giveaways,1
books-consumed-2023,1
book-club_scifi,1
books-collected-2024,1
books-and-book-people,1
books-about-books-about-books,1
bookopoly-23,1
bookopoly-2024,1
bookishfirst-first-reads,1
books-i-don-t-own,1
books-i-go-feral-over,1
books-i-highly-recommend,1
books-i-like,1
books-i-listened-to,1
books-i-need-asap,1
books-i-need-to-buy,1
books-i-own-and-have-read,1
books-i-own-digital,1
books-i-own-have-read,1
books-i-own-physical-copies-of,1
books-i-own-physically,1
books-i-own-that-i-ve-read,1
books-i-quit-reading,1
books-i-recommend-2023,1
books-i-tell-everyone-to-read,1
books-i-traversed-time-to-read,1
bookishfirst,1
bookish-first-giveaways,1
bookish-first,1
book-series,1
book-clubs,1
book-crawl,1
book-cult-reads,1
book-group-reads,1
book-heaven,1
book-i-bought-2023,1
book-i-own,1
book-list-2023,1
book-lovers-club-reads,1
book-lovers-only,1
book-of-the-month-2023,1
book-opoly,1
book-over-books,1
book-reviews,1
book-series-seanan-mcguire,1
bookclubs,1
book-shelves,1
book-subscritpions,1
book-talk-with-wifey,1
book-to-screen,1
book-tour,1
book-tour-gals-tours,1
book-wives,1
bookcase,1
bookclub-barnesnoble,1
bookclub-fantasy,1
bookclub-read,1
bookclub-reads,1
bookclub-suggestions,1
bookclubbable,1
biopunk,1
bingo-23,1
aventura,1
badass-females,1
badass-wowen,1
badass-moms,1
badass-mcs,1
badass-leading-ladies,1
badass-heroines,1
badass-herione,1
badass-bitch,1
beauteous-cover,1
badass-and-gay,1
bad-ss-broads,1
bad-present,1
bad-past,1
bad-first-impression,1
bad-decisions,1
badassery,1
baen-books,1
balked-by-price,1
ballantine-del-rey,1
band-of-misfits,1
band-of-rascals,1
banter-101,1
banter-and-wit,1
barcelona-and-or-spanish-authors,1
barnes-and-noble,1
battle-of-good-vs-evil,1
battle-of-wits,1
battleathon-2023,1
bbw-heroine,1
bc-pick,1
bdsm,1
be-curious,1
bad-boys-i-love,1
bad-books,1
bad-blind-snag,1
awhhh,1
aventura-espacial,1
aventuras,1
avoid-at-all-costs,1
avoid-it-like-it-is-poison-ivy,1
avril-mai-tbr,1
awaiting-release,1
award-finalist,1
award-win-nom,1
awards-2024,1
awesome-audio-narrator,1
awesome-cover,1
awesome-ending,1
awesome-friendships,1
awful-male-protagonist,1
awwwness,1
bad-bitches,1
awwwwww,1
ayyyyy,1
b-absolutely-astonishing,1
b-adult,1
b-intoxicating,1
b-stunning,1
b23,1
b2weird,1
baa-baa-black-sheep,1
baby,1
baby-its-cold-outside,1
back-and-forth-in-time,1
bad,1
bad-ass-women,1
be-gay-do-murder,1
beautiful,1
bingo-2024,1
best-standalone,1
betrayal,1
beta-reads,1
bestof-2023,1
best-ya,1
best-villains,1
best-standalones,1
best-squads,1
beautiful-art,1
best-sff,1
best-romance,1
best-reads-of-24,1
best-reads-of-23,1
best-reads-of-2023,1
best-plot,1
better-idea-than-execution,1
better-reading,1
better-than-expected,1
between-3-and-4-stars,1
bff-book-club,1
bffs,1
bi-mc,1
bi-pan-rep,1
biancas,1
biblical,1
biblioteca,1
bickering-couple,1
big-idea,1
big-yell-books,1
bilingual,1
binge-read,1
bingo-2022,1
best-of-the-decade,1
best-of-found-family,1
best-of-fiction,1
best-books,1
beautiful-cinnamon-roll-too-good-fo,1
beautiful-jacket-cover,1
beautiful-or-unique-prose,1
beautiful-prose,1
beautifulcovers,1
because-i-have-to-finish-the-series,1
bechdel-test,1
bedside-vigil,1
bedste-bøger-2023,1
best-2023-reads,1
best-2024-reads,1
best-audio,1
best-audiobooks,1
best-book-boyfriend,1
best-books-ever-written,1
best-of-enemies-to-lovers,1
best-books-i-read-in-2023,1
best-books-i-read-this-decade-2020s,1
best-books-i-ve-ever-read,1
best-books-read-in-2024,1
best-covers,1
best-epilogues,1
best-female-protagonists,1
best-final-theys-and-babes,1
best-folklore,1
best-for-18-and-up,1
best-friends,1
best-friendships,1
best-loved,1
best-of-concept,1
all-timefavorites,1
all-time-favorite-reads,1
happily-ever-after,1
2023-rereads,1
2023-series,1
2023-sapphic,1
2023-s-l-laser,1
2023-royalty-vs-commoner,1
2023-review-copy,1
2023-review,1
2023-releases-radar,1
2023-publications,1
2023-releases-on-my-radar,1
2023-releases-i-want-to-read,1
2023-released-faves,1
2023-recommendations,1
2023-reading-schedule,1
2023-reading,1
2023-sf-fantasy,1
2023-sff-bookshelf-challenge,1
2023-sff-challenge,1
2023-sff-releases,1
2023-spring,1
2023-standouts,1
2023-summer-reads,1
2023-sword-challenge,1
2023-tbr-cleanup-challenge,1
2023-to-read,1
2023-top-books,1
2023-top-favourites,1
2023-top-of-class,1
2023-total,1
2023-variety,1
2023-vision-board,1
2023-year-in-reviews,1
2023-queer-sff,1
2023-prose,1
all-things-supernatural,1
2023-five-stars,1
2023-indie,1
2023-horror-read,1
2023-highlights,1
2023-ha-mount-tbr,1
2023-ha-a-z-challenge,1
2023-goal-1-own-voices,1
2023-favourite-reads,1
2023-priority-releases,1
2023-favorites-reads,1
2023-fave,1
2023-fantasy-releases,1
2023-fantasy-horror,1
2023-edelweiss,1
2023-ebooks-purchased,1
2023-july,1
2023-july-dec,1
2023-library-books,1
2023-main-botm-picks,1
2023-most-excited-releases,1
2023-must-reads,1
2023-netgalley-all-reads-challenge,1
2023-netgalley-read,1
2023-new-acquisition,1
2023-new-books,1
2023-new-fiction,1
2023-november-reading-challenges,1
2023-on-goodreads,1
2023-physical,1
2023-popsugar,1
2023-popsugar-challenge,1
2023-possible-reads,1
2023_decades_ha,1
2023_popsugar,1
2023_uno,1
2024-priority-list,1
2024-series-reads,1
2024-series-and-sequels,1
2024-ridiculous-reading-challenge,1
2024-reading-goals,1
2024-read-your-shelf-completed,1
2024-read-all-the-books-11,1
2024-popsugar,1
2023_ya,1
2024-pm,1
2024-physical-books-read,1
2024-novels-read,1
2024-novels-novellas-read,1
2024-novels,1
2024-novel-reading-challenge,1
2024-sf-f-bingo-challenge,1
2024-sp-arc,1
2024-spring,1
2024-summer,1
2024-tbr-book,1
2024-the-year-of-weird-smut,1
2024-top-5,1
2024-vwf-dirty-dozen,1
2024-winter,1
2024_5_star,1
2024_fantasy,1
2024_mount_tbr_ha,1
2024_net-galley,1
2024_reads,1
2024nbr-jan-feb-march,1
2024reads,1
2024sept,1
2024-new-releases,1
2024-msbbt,1
2024-mount-tbr,1
2024-best,1
2023b,1
2023bookchallenge,1
2023books,1
2023digital,1
2023genrechallenge,1
2023release-july,1
2024-3-stars,1
2024-52book-club,1
2024-anticipated,1
2024-anticipated-pubs,1
2024-anticipated-releases,1
2024-aty-in-52-books,1
2024-audio,1
2024-audiobooks,1
2024-book-bingo,1
2024-most-anticipated,1
2024-buddy-reads,1
2024-challenge-books,1
2024-coyer-unwind,1
2024-creatures-from-folklore-myth,1
2024-favorite,1
2024-favs,1
2024-february-reading-challenges,1
2024-five-star-read,1
2024-great-reads,1
2024-ha-tbr-challenge,1
2024-jan,1
2024-machalo-tbr,1
2024-march-reading-challenges,1
2024-monster-mash,1
2023-ebook,1
2023-done-reading,1
2023-dnfs,1
10-best-books-of-2024,1
17th-book-in-series,1
14-horror-fiction,1
13-moons,1
12-14,1
109-supernatural,1
100-200-pages,1
10-210-pages,1
20-unknown,1
1-star-or-dnf,1
1-star-electric-chair,1
1-reviewed,1
1-own,1
1-or-2-dimensional-characters,1
1-one-star-books,1
1870s,1
1st-printing-1st-edition,1
1thriller-mystery-suspense,1
2-5-stars-food-s-lacking-flavour,1
2-audible,1
2-audiobook,1
2-bleh,1
2-books,1
2-fantasy,1
2-fantasy-sci-fi,1
2-point-5,1
2-romance,1
2-skipped-a-book-in-the-series,1
2-star-books,1
2-star-hate-me-or-let-me-go,1
2-stars-meh-i-dont-like-it,1
2-stars-wanna-scratch-my-eyes-out,1
1-lgbt-queer-rep,1
1-language-english,1
1-in-a-series,1
002-aventuras,1
0-0-twentyfour,1
0-1st-person-dual-multi,1
0-1st-person-her-pov,1
0-2023-read,1
0-2023-reading-list,1
0-audiobooks,1
0-browsing,1
0-library,1
0-project,1
0-stars,1
0-ya-closed-door,1
00-bookshelf-physical,1
00-mini-review,1
00-owned-tbr,1
007-sci-fi,1
1-i-am-seeing-stars,1
008-space-opera,1
01-jan-2024,1
01_bookshelf,1
04-stars,1
05-may-2023,1
05-star,1
09-sept-2023,1
0_wk_read_2023,1
0_wk_read_2024,1
0owned,1
1,1
1-2024,1
1-audible-plus,1
1-highest-recommendation,1
20-books-by-asian-women,1
2000s,1
2023-digital-reads,1
2023-1st-quarter,1
2023-actual-finished,1
2023-75-52,1
2023-52-book-club-challenge,1
2023-5-stars,1
2023-3-stars,1
2023-2024-winter-reads,1
2023-11-november,1
2010s,1
2023-10-oct-tbr,1
2023-08-august,1
2023-05-may,1
2023-04-april,1
2023-03-march,1
2023-01-january,1
2023-agents-of-shield,1
2023-all,1
2023-and-me,1
2023-anticipated-books,1
2023-anticipated-new-releases,1
2023-anticipated-releaes,1
2023-around-the-year-in-52-books,1
2023-aty-in-52-books,1
2023-audiobook-reads,1
2023-audiobooks,1
2023-book-club,1
2023-books-i-want,1
2023-bought,1
2023-buddy-reads,1
2023-buddyreads,1
2023-cecilia-is-having-a-time,1
2023-dhasg-general-challenge,1
2022-toread,1
2022-sff-releases,1
2022-series-tbr,1
2022-books-reviewed-for-netgalley,1
2014,1
2015,1
2018-books,1
2019-2024,1
2020,1
2020-2022,1
2020-2030,1
2020s-favorites,1
2020s-reads,1
2021-i-didn-t-buy-it-this-year,1
2021-releases,1
2022-arc,1
2022-best-of,1
2022-books,1
2022-cecilia-has-a-breakdown,1
2022-read-your-shelves,1
2022-challenge,1
2022-earc,1
2022-faves,1
2022-favorite,1
2022-favorites,1
2022-favourites,1
2022-favs,1
2022-net-galley-fantasy,1
2022-netgalley,1
2022-netgalley-challenge,1
2022-netgalley-reads,1
2022-new-read,1
2022-ng-group-challenge,1
2022-physical,1
2024top50,1
2025,1
2025-releases-i-need,1
actual-books-i-own,1
actually-gray-characters,1
actually-good-protagonist,1
actual-tbr,1
actual-reviews,1
actual-heart-explosion,1
actual-books-not-manga,1
actual-book-with-pages-and-everythi,1
adult-fantasy-i-like,1
activist,1
action-scifi,1
action-girl,1
action-adventures,1
action-adventure-mm,1
acquired-bought-new,1
ad-lgbtq,1
adaptation,1
added-2023,1
added-2024,1
added-in-2023,1
added-to-my-kindle-fire,1
addictive-voice,1
adequate-average-alright,1
administration-fantasy,1
admirable,1
adoption,1
adored,1
adorkable,1
adrenaline-filled-thrill-ride,1
adult-book-teen-interest,1
adult-contemporary-literary,1
adult-fantasy-dystopian,1
acquired-2023,1
acquire-at-all-costs,1
ack-ack-ack,1
about-women,1
aar,1
aardvark-book-club,1
aardvark-picks,1
abandonado,1
abandoned-series,1
abducted,1
abduction,1
abgebrochen,1
abilities-magic,1
ableism,1
aboriginal-indigenous-native,1
about-ecology-or-sustainability,1
about-nature-or-natural-history,1
about-this,1
absolute-bangers,1
achillean-rep,1
absolute-faves,1
absolute-favs,1
absolutefavorites,1
absolutely,1
abuse-cw-tw,1
abuse-or-trauma,1
academic-rivalry,1
academic-rivals,1
ace-appropriations,1
ace-books,1
ace-spectrum,1
acearo-queer,1
aces,1
achetés,1
adult-fantasy-historical-mystery,1
adult-fiction-and-fantasy,1
aa-ce,1
akii-s-recommendations,1
alien-technology,1
alien-space,1
alien-invasion,1
alcs,1
alcohol-consumption,1
alaconvention2023,1
ajsjdkfjksj-that-plot-twist,1
adult-historical-fiction,1
air-awakens-related,1
ai-robot-computer,1
ahhhhhhhh,1
ahhhhhh,1
aging,1
age-ya,1
aliens-normal,1
aliens-spaceships-space,1
all-about-the-angst,1
all-creatures-great-and-small,1
all-nighter,1
all-priority,1
all-reads-challenge-2023,1
all-the-books-i-m-reading-atm,1
all-the-death,1
all-the-emotions,1
all-the-fantasy,1
all-the-fucking-stars,1
all-the-rest,1
all-the-triggers,1
all-things-france,1
all-things-queer,1
all-things-space,1
age-range-young-adult,1
age-new-adult-or-adult,1
age-gap-paranormal,1
adventure-and-survival,1
adult-mystery,1
adult-new-adult,1
adult-slow-burn-character-driven,1
adult-swim,1
adult-that-feels-ya,1
adult-thriller-mystery,1
adult-titles,1
adulting,1
adultish,1
advance-copies,1
advance-readers-copy,1
advanced-copies,1
advanced-review-copy,1
adventure-and-mystery,1
adventure-books,1
age-gap-or-power-differential-mm,1
adventure-fiction,1
adventure-peril,1
adventure-time,1
adventurous,1
adventurous-acuity,1
aeldia-2023,1
afb,1
afic,1
african-american,1
african-lit,1
after-retirement,1
age-category-adult,1
age-demographics-new-adult,1
age-demographics-young-adult,1
aaaaaaaaa,1
aa,1
20xx-laser,1
3stars,1
4-april-2024,1
4-and-half-to-5-stars-stellar,1
4-and-half-stars,1
4-and-a-half-stars,1
4-and-a-half-star-reads,1
4-5,1
3rd-person-pov,1
5-for-all,1
3rd-person-past,1
3500-2023,1
3000-lor-shelf-2024,1
300-to-500-pgs,1
30-before-30,1
3-wlw-rep,1
4-black-author,1
4-fantastic-stars,1
4-fantasy,1
4-point-25-stars,1
4-point-5-stars,1
4-recommended,1
4-star-goodie,1
4-star-rating,1
40-plus-lead,1
400-pages,1
400-plus-pages,1
449-pages-or-less,1
48-for-24,1
4b-silver,1
4stars,1
5,1
5-0-star,1
3-stars-౨ৎ,1
3-stars-meh,1
3-stars-dat-shit-was-ok-but-average,1
2k23-reads,1
20xx-sword,1
21st-sf,1
22-books-for-2022,1
23-books,1
23-feb-tbr,1
23-five-stars,1
23-for-23,1
23-releases,1
23fav,1
24-audio,1
24-book-for-2024,1
24-in-2024,1
24-top-tbr,1
2half-stars-kinda-like,1
2slgbtq,1
3-stars-and-a-half,1
3-25-stars,1
3-5,1
3-5-stars,1
3-asked-review-cpy-st-martins-press,1
3-favorites,1
3-fmt-f-novel,1
3-meh,1
3-mystery-thriller,1
3-or-more-stars,1
3-plus,1
3-point-25-stars,1
3-point-5,1
3-recom,1
3-stars-aint-the-devil,1
5-etoiles,1
5-not-recommended,1
a-z-challenge,1
a-big-steaming-heap-of-wtf-ery,1
a-game-is-afoot,1
a-fiction,1
a-fantasy,1
a-dog-is-in-this,1
a-certain-feeling,1
a-casa,1
a-4-stars,1
5-star-books-22,1
a-3-75-stars,1
a-2024-1,1
a-2023-releases,1
a-2023-most-anticipated-releases,1
a-2023-favorites,1
a,1
a-horror,1
a-jack-in-the-box-pop-surprise,1
a-kind-of-magic,1
a-lil-dc-flavour,1
a-long-time-ago,1
a-m-o-r-t-e-n-t-i-a,1
a-magical-story,1
a-n-book-club,1
a-own,1
a-particular-kind-of-research,1
a-pirates-life-for-me,1
a-r-c-or-review-copy,1
a-real-review,1
a-rtc,1
a-song-of-ice-and-fire,1
a-young-adult,1
a-z-2024,1
_moved-in-2023,1
_library-ebook,1
_libby-ebook,1
52-book-club-2024,1
5-star-fantasy,1
5-star-hall-of-fame,1
5-star-reads-fiction,1
5-star-review,1
5-star-reviews,1
5-stars-fantasy,1
5-stars-perfect,1
5-stars-wow,1
5-stunning-stars,1
50-in-23,1
50-poc,1
500-pages,1
5000-2023,1
501-plus-pages,1
52-bookclub-challenge-2024,1
9-point-5-or-higher,1
52-books-2023,1
52bookclub-2023,1
52books2023,1
52books2024,1
52in2024,1
52in52-2024,1
585,1
5s,1
6-not-my-cup-of-tea,1
6-star-reads-books-of-my-life,1
6-stars-tbh,1
6s,1
800-pages,1
8th,1
books-i-ve-read-in-2023,1
books-i-ve-reviewed,1
books-i-want-to-reread,1
favorite-books-of-2023,1
favorite-female-characters,1
favorite-fantasy-books,1
favorite-fantasy-and-sci-fi,1
favorite-couple,1
favorite-books-read-in-2023,1
favorite-books-of-all-time,1
favorite-book-series,1
fave-part-of-a-series,1
favorite-2023-reads,1
favesof2023,1
0-0-goodreads-gaming,1
faves-from-30-up,1
fave-traditional-fantasy,1
fave-scifi,1
favorite-foreva,1
favorite-heroines,1
favorite-of-a-series,1
favorite-of-all-time,1
favorite-reads,1
favorite-reads-of-2023,1
favorite-relationships,1
favorite-reread,1
favorite-sapphic-books,1
favorite-self-published,1
favorite-stories,1
favorites-23,1
favorites-almost,1
favorites-and-or-s-tier,1
favorites-elite,1
favorites-i-think,1
favorites-of-2024,1
fave-queer-fantasy,1
fave-of-all-time,1
books-i-want-to-yell-about,1
fantasy-science-fiction,1
fantasy_romance,1
fantasy-urban,1
fantasy-unread,1
fantasy-that-became-my-personality,1
fantasy-series-i-love,1
fantasy-scifi-dystopian-paranormal,1
fantasy-sci_fi,1
fave-dark-academia,1
fantasy-sci-fi-magical-realism,1
fantasy-sci-fi-adult,1
fantasy-romantasy,1
fantasy-romance-tbr,1
fantasy-pnr-sci-fi,1
fantasy-paranormal-pnr,1
fantasy_sci-fi,1
fantasyish-sci-fi,1
fantasyromance,1
fantasía-celta,1
fantasía-paranormal-sobrenatural,1
fantasía-urbana,1
far-future,1
fast-paced,1
fat-rep,1
fav-author,1
fav-books-eva,1
fav-characters,1
fav-fantasy-books-i-recommend,1
fav-series,1
fave-2023-reads,1
fave-author,1
fave-covers,1
favoritesreadin2024,1
favourite-author,1
favourite-characters,1
ff-author-going-pro,1
fic-sff-fairytale,1
fic-sff,1
fic-sci-fi-fantasy,1
fic-fantasy,1
fff,1
ff-romance,1
ff,1
favourite-intense,1
feminist-topics,1
feminist-themes,1
feminist-fiction,1
feminisim,1
femalewriter,1
females-in-fiction,1
fict-scifi-fantasy-horror,1
fictie,1
fiction-about-giftedness,1
fiction-adult,1
fiction-climate,1
fiction-dystopian,1
fiction-fantasy-sci-fi,1
fiction-favorites,1
fiction-genre-sff-historical,1
fiction-mystery,1
fiction-non-romance,1
fiction-queer,1
fiction-read,1
fiction-series,1
fiction-sf-fantasy,1
fiction-speculative,1
fiction-standalone,1
female-rage,1
female-perspective-spec-fiction,1
female-main-characters,1
feb24-tbr,1
favourite-ships,1
favourite-universes,1
favourites-2024,1
favourites-6-stars,1
favourites-in-2024,1
favourites-of-2024,1
favs-of-2023,1
favs-of-2024,1
favs-of-mine,1
fda,1
feathered-friends,1
feb-2023,1
feb-23-reads,1
feb-24-read,1
feb_23,1
female-main-character,1
february,1
february-2023,1
february-2023-tbr,1
february-2024,1
february-tbr,1
february23,1
feeeeels,1
feel-good-books,1
feelings-made-me-smile,1
feelings-under-microscope,1
female,1
female-characters,1
female-fronted-fantasy,1
female-leads,1
fantasy-or-sci-fi,1
fantasy-or-magic,1
fantasy-novel-research,1
fairy-tale-magic,1
fairy_tales_myth,1
fairy-tales-for-grownups,1
fairy-tales-and-folklore,1
fairy-tales-and-fantasy,1
fairy-tale-vibes,1
fairy-tale-retellings,1
fairy-tale-and-folklore-novels,1
family-community,1
fairy-stories,1
fairy-folk-myths,1
fairy-fae,1
fairy,1
fairies-fae,1
fairies-and-fae,1
fairyloot-2022,1
fairyloot-et-al,1
fairyloot-illumicrate-botm,1
fairyloot-read,1
fairyloot-ya-2023,1
fairytale-esque,1
fairytale-folklore,1
fairytale-mythology,1
fairytale-retellings,1
fairytale-retold,1
fairytale-twist,1
fairytales-and-folklore,1
fairytales-legends-retellings,1
fairytales-themes,1
fall-of-fantasy,1
familial,1
family-centered,1
fair-folk,1
faes,1
faeries-or-goblins,1
f-sf,1
export-read-2,1
eye-roll-worthy,1
f,1
f-f-adventure-fantasy,1
f-f-mainstream,1
f-f-romance,1
f-fantasy,1
f-historical,1
f-kindle,1
f-printed-copy,1
f-queer,1
f-scf-alternative-earth,1
f-scf-new-worlds,1
f-scifi-fantasy,1
f_2024-favorites,1
faeries-fae-and-elves,1
fable,1
fabulism-magical-realism-allegory,1
fae-and-faerie,1
fae-elves,1
fae-faerie,1
fae-faeries-fairies,1
fae-fairies,1
fae-fairy,1
fae-fiction,1
fae-hehehe,1
fae-is-bae,1
fae-magic,1
fae-tale,1
faerie,1
family-centric,1
family-domestic-drama,1
fantasy-no-bull,1
fantasy-folklore,1
fantasy-highfantasy,1
fantasy-heroic,1
fantasy-heavy-dark-violent,1
fantasy-grimdark,1
fantasy-game,1
fantasy-folklore-mythology,1
fantasy-favorites,1
family-dynamic,1
fantasy-faves,1
fantasy-fantastic,1
fantasy-fairy-tales,1
fantasy-epic-or-high,1
fantasy-epic-high,1
fantasy-elves,1
fantasy-historical,1
fantasy-horror,1
fantasy-i-have-read,1
fantasy-i-love,1
fantasy-i-read,1
fantasy-love,1
fantasy-low,1
fantasy-magic,1
fantasy-magic-sci-fi-bitch,1
fantasy-magic-supernatural,1
fantasy-magical-realism,1
fantasy-maybe,1
fantasy-misc,1
fantasy-modern-urban,1
fantasy-must-reads,1
fantasy-myth,1
fantasy-na-adult,1
fantasy-elements,1
fantasy-dystopian-sci-fi,1
fantasy-duology,1
fantastic-fae,1
family-feels,1
family-found,1
family-issues,1
family-legacy,1
family-relationships,1
family-secrets,1
family-siblings,1
family-theme,1
fanatasy-sci-fi,1
fanfic-positive,1
fantaasia-paranormaalne,1
fantasia-epica,1
fantasie,1
fantasmas,1
fantastic-fantasies,1
fantasy-dragons,1
fantastic-fantasy-n-where-2-find-em,1
fantastika,1
fantasy-2022,1
fantasy-2023,1
fantasy-action-novels,1
fantasy-adult-read,1
fantasy-and-dystopian,1
fantasy-and-fairy-dust,1
fantasy-and-or-paranormal,1
fantasy-bingo,1
fantasy-books-standalone,1
fantasy-buddy-reads-2024,1
fantasy-contemporary,1
fantasy-cozy,1
ficção-científica,1
fighting,1
filipino,1
gift-somebody-loves-me,1
girls-and-gays-only,1
girlhood,1
girl-power,1
gimme-that-good-shit,1
gifted-or-arc,1
gifted-by-publisher,1
ghosty,1
gods-and-other-deities,1
ghosts-and-horror,1
ghosties-haunted-house,1
ghost-stories,1
get-physical-copy,1
get-on-my-own-shelves,1
george-rr-martin,1
girls-kicking-ass,1
girls-who-lean-in,1
give-it-to-me-now,1
give-this-book-to-me-now,1
giveaway-arc-reviews,1
giveaway-entries,1
giveaway-read,1
giveaway-win,1
giveaways-finished-reading,1
giveaways-kensington,1
giveaways-won,1
given-up-hope,1
glbt,1
glbtq,1
globalni-ciljevi-nastavak-serijala,1
gnc-mc,1
god-tier-fantasy,1
george-r-r-martin,1
gentleman-bastard-sequence,1
gentleman-bastard,1
genre-mix,1
genre-adult,1
genre-adult-fantasy,1
genre-adult-sffd,1
genre-adventure-or-travel,1
genre-benders,1
genre-bisexuals,1
genre-blender,1
genre-comedy,1
genre-curious,1
genre-fantasy-scifi,1
genre-high-fantasy,1
genre-historical,1
genre-historical-fic,1
genre-humor,1
genre-mm-romance,1
genre-young-adult,1
genre-mystery-thriller,1
genre-queer,1
genre-roman,1
genre-romance,1
genre-romance-fantasy,1
genre-romance-historical,1
genre-scifi-fantasy,1
genre-sf-f,1
genre-sff,1
genre-sff-epic-fantasy,1
genre-urban-fantasy,1
genre-war,1
genre-white-lead-fantasy,1
genre-ya-sffd,1
goddesses,1
gods-myths-monsters,1
generation-starship-novels,1
great-opening-lines,1
grim-dark-fantasy,1
green,1
greatly-appreciated,1
great-stand-alone-s,1
great-relationships,1
great-reads,1
great-magic-system,1
gold-star-authors-fantasy,1
great-lore,1
great-ladies,1
great-female-characters,1
graphomania-my-love,1
granujas,1
gr-winner,1
grit,1
group-challenge,1
group_sword-and-laser,1
growing-flowers,1
grown-up-books,1
grown-ups-sometimes,1
grownup-books,1
grumpy-sunshine,1
gun-violence,1
guys-who-are-down-bad,1
h2o,1
had-capital-t-thoughts,1
half-audio,1
half-starsies,1
hall-of-fame,1
halloween,1
hapa-authors,1
gr-data-problematic,1
gr-awards,1
gothics,1
goodreads-giveaway-books,1
good-audiobook,1
good-but-not-great,1
good-fat-rep,1
good-friendship,1
good-lgbt-books,1
good-old-myths,1
good-reads-giveaways,1
good-romance,1
good-sci-fi-and-dystopia,1
good-series,1
good-world-building,1
good-writing,1
goodread-giveaways,1
goodreads-choice-awards,1
goodreads-giveaway-wins,1
gothic-vibes,1
goodreads-giveaways-wins,1
goodreads-giveaways-won,1
goodreads-made-me-do-it,1
goodreads-rec,1
goodreadsgiveaway,1
gore-galore,1
gorgeous-cover,1
gorgeous-prose,1
got-2024,1
got-a-black-magic-booklist,1
goth-and-horror-my-beloved,1
gothic-horror,1
gothic-lovely-gothicness,1
gothic-or-gothic-esque,1
generic-uninspired-fantasy-books,1
generation-ships,1
final-fantasy,1
forever-fave,1
form-novella,1
forgot-to-turn-on-the-oven,1
forgettable,1
forget-the-space-time-continuum,1
forever-shelf,1
forever-favorites,1
forced-proximity,1
friendship-and-siblinghood,1
forbidden-romance,1
for-the-sapphics,1
for-the-plot,1
for-the-love-of-books,1
for-the-girls,1
for-the-gays,1
format-novella,1
format-novellas,1
format-print,1
format-series,1
format_owned_ebook,1
found-fam,1
found-family-trope,1
foundfamily,1
four-and-a-half-stars,1
four-star-books,1
four-stars-great,1
free-arcs,1
free-books-giveaways-arcs,1
freebies-and-gifts,1
fresh-take,1
friend-recommended,1
friends-to-lovers,1
for-school,1
for-safa-aka-my-faves,1
following-series,1
first-person-narrative,1
fine-fours,1
finished,1
finished-audiobooks,1
finished-copy,1
finished-dystopian-apocalypse,1
finished-in-february-2023,1
finished-in-march-2023,1
finished-netgalley-arcs,1
finished-sept-23,1
finished-series,1
firefly-where,1
first-editions,1
first-in-series,1
first-nations,1
first-person-pov,1
folktales-fairytales-mythology,1
firstreads,1
five-stars-amazing,1
five-stars-reads,1
fl,1
flight-of-fantasy,1
fluff-goblins,1
fm-romance,1
fmc-ladies-got-skills,1
folk-fairy-myth,1
folk-lore,1
folk-of-the-air-series,1
folklore-fantasy,1
folklore-mythology,1
folklore-myths-legends-fairy-tales,1
friendship,1
friendship-dynamics,1
general-recommendations,1
game-like-characters,1
gay_rep,1
gay-romance,1
gay-character,1
gay-af,1
gamma-read,1
game-of-thrones,1
gals,1
friendships,1
galleys-arcs,1
galleys-and-arcs,1
gae,1
g-urban-fantasy,1
g-sff,1
g-scifi,1
gays-with-dragons,1
gcac-2023,1
gcac-2024,1
gcac_2024,1
gcg-book-club,1
gelezen-op-kindle,1
gen-fiction,1
gen-sci-fi-or-dystopia,1
gender-and-sexuality,1
gender-fluid,1
gender-spectrum,1
gender-swapped-retellings,1
general,1
general-buy-as-soon-as-possible,1
general-good-books,1
general-i-must-own-this-very-soon,1
general-must-buy-immediately-next,1
g-sci-fi,1
g-realismo-magico,1
g-queer-ya-mg-sff,1
fun,1
friendships-and-co-that-i-love,1
friendships-goals,1
from-ames-public-library,1
from-besties,1
from-bf,1
from-netgalley,1
from-trade,1
fuck-everything,1
fuck-you-time,1
fucked-up-in-so-many-ways,1
fucking-magical,1
fucking_five_stars,1
full-book-reviews,1
full-length-reviews,1
funny-reads,1
g-horror,1
funny-stuff,1
future-history,1
future-home-library,1
future-purchases,1
future-release,1
future-tech-alternative-tech,1
futuristic-world,1
futurology,1
fxf,1
fya-reviewed,1
fyeahfantasy,1
g-fantasy-finished,1
g-fantasía,1
g-gothic,1
expectations-at-mt-everest,1
exclusive-or-special-editions,1
exceptional,1
children-s-books,1
childrens-middle-grade,1
childrens-fantasy,1
childrens,1
children-young-adult,1
children-schapterbooks,1
children-s-lit,1
children,1
citazioni,1
chicken-soup-for-the-corona-soul,1
chick-lit,1
chemistry-nowhere-to-be-found,1
chefs-kiss,1
chef-s-kiss,1
checked-out-from-library,1
childrensbooks,1
china-historical,1
chinease,1
chinese-american,1
chinese-mythology,1
chloe-gong,1
chocolate-pms-day-reads,1
chonky-bois,1
chosen-one,1
chronic-illness-disability,1
chronic-illness-disability-rep,1
chy,1
cinnamon-roll,1
circebookclub,1
circus,1
circus-carnival,1
circus-themed,1
chce-przeczytac-w-2024,1
chars-i-relate-to,1
charming,1
character,1
causes-book-hangover,1
cbr14,1
cbr16,1
celtic-sff,1
challenge-2023,1
challenge-archives,1
challenge-read-the-alphabet-2024,1
challenge-winter-22-23,1
challenge-with-jojoahie,1
challenges-2023,1
challenges-ha-a-z-book-title-23,1
challenges-wbtm-spooky-bingo-23,1
changeling,1
chansol-might-like,1
character-fandom,1
characterㅡjewish,1
character-fiction,1
character-heavy,1
character-magic-user,1
character-royal,1
character-that-deserved-better,1
character-working-woman,1
characters,1
characters-deserved-better,1
characters-i-want-to-yell-at,1
characters-i-would-die-or-kill-for,1
characters-of-colour,1
characters-that-i-love,1
characters-that-live-in-my-heart,1
characters-worth-rooting-for,1
circuses-carnivals,1
city,1
cataloged_it,1
completed-review,1
conspiracy-came-right,1
connecticut_yankee,1
confused-feelings,1
con-gatos,1
con-artists-pirates-and-thieves,1
compulsive-read,1
completed-e-arcs,1
class-series-continuation,1
completed-2024,1
completed,1
complete-list,1
compassionate-heroine,1
companions-novellas,1
comp-titles,1
conspiracy-theories,1
contains-cool-magic-system,1
contemporay-african-literature,1
content-warnings-ya,1
continuation,1
continuations-n-retellings,1
continue-this-series,1
cooking-with-gas,1
coolest-settings,1
corporate-horror,1
cosmere-read,1
cosmic-shit,1
cosy,1
cosy-crime,1
cosyfantasy,1
could-read-over-and-over-again,1
couldn-t-finish-it,1
common-sense-review,1
commerical-fiction,1
commentary,1
college,1
clean-ish,1
clean-romance,1
cleaning-out-the-tbr-closet-2023,1
cliche-storm,1
cliff-hanger,1
climate-change,1
climate-fiction-cli-fi,1
clue,1
clyde-s-books,1
cn-death-of-animal,1
cn-murder,1
cold,1
collected,1
collection-the-broken-binding,1
college-campus,1
coming-out-2023,1
colonialism-and-colonization,1
colonialism-empire,1
colonization,1
colonizer-romance,1
color-black,1
color-me-curious,1
come-out-already,1
comfort,1
comfort-books,1
comfort-classics,1
comfort-food,1
coming-23-08,1
coming-23-11,1
coming-of-age-n-bildungsroman,1
cause-of-my-unraveling,1
cat-white-young-adult,1
couldn-t-wait-to-read,1
booktok-made-me,1
booktube-rec,1
booktours-2023,1
booktours,1
booktourgals,1
booktok-told-me-to,1
booktok-made-me-do-it,1
booktok,1
boy-love,1
booktalkwithwifey,1
booksubscription,1
bookstore-kalk,1
bookspin,1
bookshop,1
bookshelves-owned,1
bored,1
bored-now,1
bored-to-tears,1
boredom-fest,1
borgs-bots-and-ai,1
boring,1
borrow-from-library,1
borrowbox,1
borrowed-libby,1
botb-book-club,1
botb2023,1
botbc23,1
botm-read,1
bought-2024,1
bought-given-2023,1
bought-in-2023,1
bought-or-received,1
books_english,1
books2024,1
books-written-for-me,1
books-rec,1
books-i-wanted-to-love,1
books-i-would-reread,1
books-in-a-series,1
books-in-unfinished-series,1
books-ive-nurtured-wikis-about,1
books-ive-read-but-need-copies-of,1
books-of-2023,1
books-of-2024,1
books-of-horror-recs,1
books-of-the-month,1
books-of-the-year-2023,1
books-on-my-ereader,1
books-on-my-shelf,1
books-published-in-2023,1
books-set-in-africa,1
books-with-ships,1
books-that-are-worth-re-reading,1
books-that-feel-like-tpw,1
books-that-feel-made-for-me,1
books-that-have-no-parallel,1
books-that-i-loved,1
books-that-make-me-go-whoa,1
books-that-make-me-rant,1
books-that-stole-my-heart,1
books-to-re-read,1
books-to-reread-if-i-get-amnesia,1
books-we-own,1
books-with-1-star,1
books-with-5-stars,1
books-with-diversity,1
boughtdecember2023december2024,1
boys-cannot-be-trusted,1
cartacei,1
c-battle-couple,1
came-across-myself-look-interesting,1
california,1
calibre,1
cafetería-audrey,1
c-ya-mg,1
c-weird,1
c-arcs,1
boys-that-i-might-leave-bf-for,1
bücher,1
by-poc,1
by-black-women,1
buy-when-available,1
buy-physical-form,1
buy-for-gift,1
campus,1
campus-dark-academia,1
can-i-see-some-id,1
can-i-throw-this-person-off-a-cliff,1
can-t-wait-to-read,1
can-you-hear-the-people-sing,1
canadian,1
canadian-authors,1
cannotwait,1
cant-put-down,1
cant-see-through-the-tears,1
cant-stop-thinking-about-it,1
cant-tell-if-ya-or-not,1
cant-wait-to-read,1
capitalism,1
caretaker-alpha,1
carnival-circus,1
butch-and-or-femme,1
but-make-it-gay,1
burn-it,1
broken-fairy-tale,1
br-2023,1
brain-and-mental-health,1
brain-candy,1
brainrot-don-t-judge-me,1
brandon-sanderson-to-buy,1
break-the-system,1
breeto-recs,1
brick,1
brilliant,1
bring-out-yer-dead,1
britain-england-london,1
british-author,1
british-mm,1
británica,1
broken-family,1
bundle,1
brr,1
brs-done,1
brujas,1
bubbling-under-5-stars,1
bucket-list-with-dorbz,1
buddy-read-with-kay,1
buddy-read-with-specfic,1
buddy-read-with-zmairia,1
buddy-readathon-with-ana,1
buddy-reads-book-clubs,1
buddy-reads-with-jay,1
buddyread,1
buddyreadwithbrandy,1
build-your-library-2022,1
couldn-t-put-it-down,1
couldnt-finish,1
excellent-worldbuilding,1
dystopian-again,1
dystopianfiction,1
dystopian-punk,1
dystopian-postapoc,1
dystopian-lit,1
dystopian-future,1
dystopian-and-post-apocalyptic,1
dystopia-sci-fi,1
ebook-not-lendable,1
dystopia-or-utopia,1
dystopia-and-apocalypse,1
dysphoria-and-body-dysmorphia,1
dysfunctional-family,1
dusty-fingerprints,1
drug-related,1
e,1
e-and-t-monthly-reads,1
e-arc-titles-to-review,1
e-arcs-netgalley,1
e-book-library,1
e-books-and-audiobooks,1
e-library-books,1
e-novellas,1
e-to-do-in-physical-copies,1
eagerly-expecting,1
eagerly-read,1
east-asian,1
east-asian-characters,1
eb,1
ebook-borrows,1
ebook-collection-kindle,1
ebook-copies,1
dropped,1
drooled-on-the-cover,1
dramarama,1
dnfs,1
divine-feminine-rage,1
djinn-jinn-tales,1
dnf-but-i-may-try-again,1
dnf-cuz-nobody-got-time,1
dnf-did-not-finish,1
dnf-ed,1
dnf-gave-up,1
dnf-hated,1
dnf-lemmed,1
dnf-not-for-me,1
dnf-or-didnt-like,1
dnf2,1
dnfed-series,1
dnfnotme,1
domestic-abuse-and-violence,1
dragons-not-lizards,1
donated,1
dont-know-how-i-feel-about-you,1
doomed-sailors,1
doorway-people,1
doorway-place,1
dork-not-dark,1
down-the-rabbit-hole,1
downloads,1
dragon,1
dragon-books,1
dragon-era,1
dragones,1
dragons-dragons-dragons,1
dragons-gryphons-and-wyverns-oh-my,1
ebook-library,1
ebook-wishlist,1
diversity-lgbtqiap,1
epistolary-element,1
escritorio,1
escapers,1
erin-s-2023-challenge,1
eric,1
epub-arcs,1
epistolary-novel,1
epic_high_fantasy,1
ebooks-kindle-etc,1
epic-series,1
epic-science-fiction,1
epic-saga,1
epic-otp,1
epic-or-high-fantasy,1
epic-friendship,1
esotérico,1
estantería-tbr,1
esteemed-favorites,1
estrelas-4,1
et-phone-home,1
eternal-on-the-mind,1
eurocentrism-begone,1
europe-is-a-real-place-which-exists,1
event-comiccon-2022,1
everand-scribd,1
everyone-loved-but-me,1
evil-book-club,1
evil-children,1
ew-its-another-love-triangle,1
ewngchallenge,1
excellent,1
excellent-female-characters,1
epic-cycle,1
epic-books,1
epic-and-high-fantasy,1
empire-adventure-stories,1
eco-fiction,1
ecology,1
edad-media,1
edelweiss-grind,1
edelweiss-or-netgalley,1
edelweissplus,1
educator,1
eehh-could-have-been-worse,1
egyptian-women,1
ehhh-to-lovers,1
ell-gee-bee-tee,1
elle-series-goal,1
emotional-rollercoaster,1
emotional-scars-trauma,1
en,1
environmentalism,1
en-inglés,1
end-of-the-world,1
ending-has-me-in-shambles,1
enemies-to-friends,1
enemies-to-lovers-vibes,1
enemy-to-lover,1
eng,1
england,1
english-books,1
enjoyable,1
enjoyable-book,1
enjoyed,1
entertaining-read,1
environmental,1
diversity-poc-author,1
diversity-in-lit,1
couldnt-put-down,1
crushcrushcrush,1
cultural,1
cults,1
cult,1
cuentodehadas-o-similar,1
crypto,1
cry,1
cruel-hero,1
cyberpunk-steampunk-techno-thriller,1
crime-thriller,1
crime-fiction,1
cried-like-a-baby,1
creepy-vibes,1
creepy-in-real-life,1
creepy-cool-covers,1
cultural-mythology-folklore,1
cure-for-insomnia,1
currently-in-library,1
currently-posess,1
curse,1
curses-betrayals-plot-twists,1
curvy-girl-mcs,1
cus-3,1
cute,1
cute-animals,1
cute-cute-cute,1
cute-or-wholesome,1
cute-romances,1
cw-abuse,1
cw-character-death,1
cw-violence,1
cyberfiction,1
creatures-dragons,1
creates-questions,1
crazy-ass-villains,1
covers,1
country-canada,1
country-usa,1
coup-de-coeur,1
couple-to-cheer-for,1
court-lawyer-politician-politics,1
cover-art-enticing,1
cover-beauty,1
cover-buy,1
cover-deserves-nobel-peace-prize,1
cover-lover,1
cover-luv,1
cover-me-teal,1
cover-siren,1
coverlicious,1
covers-so-beautiful-help-me,1
crack-a-smile,1
covers-to-die-for,1
covet-these-covers,1
coyer-upside-down-2023,1
coyer-upside-down-chapter-1,1
cozy-af,1
cozy-comfort-reads,1
cozy-fantasy-scifi,1
cozy-horror,1
cozy-lugar-feliz,1
cozy-mystery,1
cozy-read-starter-pack,1
cozy-reads,1
cozy-sff,1
cozy-warm-fuzzy-slice-of-life,1
cyberpunk-sff,1
cybils-2023,1
diversebooks,1
did-i-really-just-read-this,1
different-spin,1
different-pov,1
die-4-you,1
didnt_live_up_to_hype,1
did-not-see-that-coming,1
did-not-finished,1
developed-characters,1
cybils-judge-2023,1
detectives-and-private-eyes,1
det-myst,1
desperately-want-to-read,1
derivative,1
demonios,1
delightful-swashbuckling-nonsense,1
disability-books-i-ve-read,1
disability-reads,1
disability-representation,1
disabled-characters,1
disappointed-due-to-the-hype,1
disappointment,1
discord,1
disgusting,1
dissability-representation,1
distopian,1
distopico,1
diverse-characters,1
diverse-fantasy,1
diverse-fiction,1
diverse-lit,1
diverse-or-issue-related,1
diverse-scifi-fantasy,1
deleted-from-kindle,1
definitely-going-to-re-read-in-the,1
def-tbr,1
dark-heavy-themes,1
cyborgs,1
cytoverse,1
d-mlm,1
d-mspec,1
d-n-f,1
d-science-fiction,1
dafuq-did-i-just-read,1
dam-i-got-feelings,1
damaged,1
darbui,1
dark-and-delicious,1
dark-arts-witchiness-otherpowers,1
dark-creepy,1
dark-disturbing,1
dark-magic,1
def-reread,1
dark-matter,1
dark-romance,1
dark-side-of-religion,1
dark_academia,1
darkly-hilarious,1
darkly-whimsical,1
dawwwwww,1
dead-people,1
deadly-game,1
death,1
death-of-a-child,1
death-of-a-parent,1
debut-author,1
decapitation-and-dismemberment,1
恋の予感,1
