Tag,Frequency
fantasy,1307
2023,681
arc,393
netgalley,392
favorites,349
arcs,297
2023-reads,200
horror,188
fiction,184
audiobook,167
adult,166
2023-releases,166
2024,164
romance,136
dnf,136
science-fiction,118
historical-fiction,108
audiobooks,104
read-in-2023,104
sci-fi,99
enemies-to-lovers,93
books-i-own,92
lgbtq,82
owned,71
read-2023,68
fantasy-romance,66
queer,61
4-stars,58
paranormal,56
2023-read,55
ebook,55
2024-reads,54
lgbtqia,53
lgbt,52
2023-release,50
young-adult,50
own,48
5-stars,47
kindle,46
dystopia,45
danmei,45
2023-books,44
dystopian,43
ya,43
kindle-unlimited,42
2022,42
audio,42
favourites,41
mystery,38
adventure,37
ebooks,37
magic,36
netgalley-arcs,36
reviewed,36
paranormal-romance,35
historical,32
ya-fantasy,32
library,32
did-not-finish,31
read-in-2024,31
urban-fantasy,30
romantasy,30
mythology,29
netgalley-arc,29
illumicrate,28
fae,28
best-of-2023,28
series,27
scifi,27
sff,27
audio-books,27
5-star,27
fairyloot,27
dark,26
adult-fantasy,26
contemporary,25
novella,24
3-stars,24
dragons,23
net-galley,23
dark-fantasy,23
adult-fiction,22
high-fantasy,22
vampires,22
giveaways,22
arc-reads,22
2023-favorites,21
2023-faves,21
arc-reviews,21
epic-fantasy,20
all-time-favorites,19
read-2024,19
2023-reading-challenge,19
genre-fantasy,19
sci-fi-fantasy,19
arcs-read,18
fantasy-sci-fi,18
5-star-reads,18
graphic-novels,18
arc-netgalley,17
netgalley-2023,17
sapphic,17
audio-book,17
library-book,17
faves,17
fantasy-scifi,16
buddy-read,16
action-adventure,16
demons,16
2024-releases,16
e-book,16
book-club,16
bipoc-author,16
buddy-reads,16
books-about-books,15
action,15
books-read-in-2023,15
monster-romance,15
dark-romance,15
cover-love,14
audible,14
2023-books-read,14
e-books,14
fated-mates,14
retellings,14
asian-authors,14
1-star,13
arc-s-netgalley-and-edelweiss,13
owned-books,13
book-boyfriends,13
dark-academia,13
favs,13
novellas,12
3-star,12
2023-tbr,12
dual-pov,12
2023-anticipated-releases,12
apocalyptic,12
audience-young-adult,12
3-star-reads,12
bipoc,12
review-copies,12
magical-realism,11
authors-of-color,11
2023-netgalley,11
2023-favourites,11
angels,11
edelweiss,11
2023-most-anticipated,11
fantasy-paranormal,11
favorite-books,11
read-for-review,11
reviews,11
speculative,10
21st-century,10
advanced-reading-copy,10
achillean,10
bipoc-authors,10
2023-favs,10
drama,10
arcs-finished,10
2-stars,10
review-copy,10
2024-read,10
scifi-fantasy,10
disappointing,10
arcs-and-galleys,10
gothic,10
graphic-novel,10
read-in-english,10
4-star,10
witches,10
lgbtqiap,10
2022-releases,10
age-gap,10
asian,10
2022-reads,10
lgbtqa,10
my-library,9
disability,9
disability-rep,9
historical-fantasy,9
2024-reading-challenge,9
2023-arcs,9
history,9
friends-to-lovers,9
favorites-2023,9
new-adult,9
cliffhanger,9
sf-fantasy,9
lgbtq-rep,8
retelling,8
grumpy-sunshine,8
speculative-fiction,8
monster,8
2-star,8
on-my-bookshelf,8
on-my-shelf,8
botm,8
angst,8
family,8
4-5-stars,8
my-books,8
sf,8
borrowed-from-library,8
fantastico-fantastics-scifilicious,8
literary-fiction,8
netgalley-reads,8
found-family,8
arc-s,8
author-of-color,7
pre-ordered,7
body-horror,7
bipoc-actor,7
mystery-thriller,7
on-kindle,7
abandoned,7
black-authors,7
anticipated-2023,7
physical-tbr,7
advanced-reader-copies,7
review-books,7
asian-fantasy,7
advanced-reader,7
england,7
ku,7
adult-lit,7
fairy-tales,7
forbidden-romance,7
signed,7
erotica,7
favorite-authors,7
f-f,7
greek-mythology,7
6-star-reads,7
from-publisher,7
age-adult,7
vampire,6
first-reads,6
2023-reviews,6
age-young-adult,6
2024-books,6
fairy-tale,6
five-stars,6
2023-looks-good,6
bingo-2023,6
fantasy-and-scifi,6
owned-read,6
coming-of-age,6
23-for-2023,6
artificial-intelligence,6
4-star-reads,6
college,6
feminism,6
new-releases-2023,6
favorites-of-2023,6
queer-lit,6
novel,6
faves-2023,6
beautiful-covers,6
owned-physical,6
novels,6
lgbtqia-rep,6
earc,6
monsters,6
arc-reads-2023,6
all-time-favourites,6
read-in-2022,6
physical-books,6
gods,6
ebook-owned,6
all-time-favs,6
2023-ng-group-challenge,6
all-time-faves,6
spicy,6
genre-romance,5
advanced-reader-copy,5
arcs-digital,5
favourite,5
pnr,5
ghosts,5
anticipated,5
reviewed-2023,5
book-bfs,5
2024-tbr,5
sf-f-h,5
gay,5
indie,5
book-reviews,5
arc-books,5
arcs-from-publishers,5
adult-sff,5
books-read-2023,5
i-own,5
forced-proximity,5
adult-romance,5
paranormal-fantasy,5
arcs-netgalley,5
g-fantasy,5
trans,5
post-apocalyptic,5
bookclub,5
fiction-science-fiction,5
india,5
arc-edelweiss,5
2024-favorites,5
arranged-marriage,5
fantasys-aka-my-ultimate-fave-genre,5
asian-sff,5
cosmic-horror,5
2023-releases-read,5
unfinished-series,5
libby,5
cozy,5
aliens,5
liked,5
cs-library,5
english,5
2023-pub,5
book-box,5
m-f,5
e-arcs,5
diversity,5
3-5-stars,5
death,5
diverse,5
2023-netgalley-reads,5
2023-netgalley-challenge,5
alternate-history,5
supernatural,5
need-to-buy,5
fairies,5
angsty,5
kindle-reads,5
special-edition,5
asian-rep-or-author,5
china,5
comfort-reads,5
2023-shelf,5
lgbtqa-reads,5
beautiful-cover,5
thrillers,5
contemporary-fiction,5
thriller,5
awesome-girls,5
2022-arcs,5
asia,4
arc-copy,4
arc-read,4
auth-f,4
read-owned,4
author-is-nice,4
2024-uno,4
arcs-earcs,4
queer-books,4
read-arcs,4
black-author,4
romance-fantasy,4
arcs-received,4
audiobook-life,4
audio2023,4
arc-review,4
priority-tbr,4
audience-adult,4
released-2023,4
asian-rep,4
released-in-2023,4
arcs-i-have,4
favorite-author,4
arcs-2023,4
book-boxes,4
most-anticipated-2023,4
fantasy-genre,4
fantasy-fiction,4
fantasy-and-sci-fi,4
lgbt-books,4
lgbt-rep,4
fairyloot-ya,4
2022-read,4
series-to-finish,4
academia,4
2023-5-stars,4
2023-anticipated-release,4
2023-arc,4
evernight,4
2023-audio,4
erotic-romance,4
abuse,4
loved-it,4
dramatic,4
alpha-hero,4
didn-t-finish,4
most-anticipated,4
academy,4
kobo,4
fantasy-recs,4
1-arc-advanced-reader-copies,4
gothic-horror,4
got-an-arc,4
adult-books,4
historical-fic,4
short-stories,4
horror-thriller,4
humor,4
shelf,4
young-adult-fiction,4
format-ebook,4
fantasy-romantasy,4
format-audiobook,4
advance-reader-copy,4
illumicrate-books,4
in-english,4
indie-authors,4
favorite,4
fantasy-tbr,4
fantasy-sci-fi-pnml,4
fantasy-romantic,4
always-reread,4
alpha-male,4
animals,4
books-of-2023,4
comics,4
2023-ya,4
annoying-main-characters,4
added,4
books-i-physically-own,4
books-i-reviewed,4
aapi,4
2023reads,4
aoc,4
overdrive,4
anticipated-2023-releases,4
apocalypse-dystopia,4
royalty,4
borrowed,4
2024-arcs,4
bookshelf,4
a-few-of-my-favourite-things,4
books-won,4
books-2023,4
book-boyfriend,4
netgalley-books,4
contemporary-romance,4
2024-release,4
physical-bookshelf,4
2023-reading-list,4
my-paperbacks,4
cyberpunk,4
past-arcs,4
book-of-the-month,4
my-favorites,4
physical-books-i-own,4
adult-fantasy-dystopian,3
signed-editions,3
adult-na,3
april-2023,3
reviewed-by-mandy-c,3
adult-sff-horror,3
apocalyptic-fiction,3
amazing,3
s-l-sword-2023,3
anticipated-releases-2023,3
self-published-and-indie,3
science-fiction-romance,3
arc-provided-by-publisher,3
arc-read-2023,3
altered-my-brain-chemistry,3
romance-paranormal,3
american-literature,3
sci-fi-romance,3
series-caught-up,3
romance-drama,3
animal-sidekicks,3
series-to-continue,3
alcohol-consumption,3
arc-egalley,3
age-ya,3
anti-colonial-and-anti-imperialist,3
anti-hero,3
american-west,3
clairvoyants,3
arcs-and-review-copies,3
digital,3
fantasy-pnr,3
fantasy-frenemies,3
fantastical,3
fairyloot-books,3
lgbtqi-rep,3
fairy-tale-retellings,3
lgbtqia-characters,3
library-2023,3
library-2024,3
library-books,3
exwishlist,3
epic-or-high-fantasy,3
english-read,3
listened,3
listened-to,3
enemies-lovers,3
litrpg,3
emotional,3
low-fantasy,3
lqbt,3
made-me-cry,3
done-2023,3
dnf-skim-finish,3
diverse-reads,3
disturbing,3
fantasy-reads,3
fantasy-urban,3
fav-fantasy,3
i-doff-my-hat-to-your-cleverness,3
grief,3
goodreads-giveaways,3
hardback,3
giveaway,3
gifted,3
genre-sci-fi,3
generic-uninspired-fantasy-books,3
home-library,3
galley,3
g-romance,3
futuristic,3
from-library,3
favorite-fantasy,3
friendship,3
friend-recos,3
i-m-so-excited-to-read-this,3
food,3
fm-romance,3
fiction-historical,3
indigenous,3
indigenous-authors,3
feminist-fiction,3
favorite-series,3
favorite-reads,3
disappointed,3
deserves-all-the-stars,3
arcs-i-got,3
depressing,3
books-i-recommend,3
book-series,3
physical,3
physically-own,3
politics,3
popsugar-2024,3
portal-fantasy,3
queer-fantasy,3
queer-recs,3
queer-rep,3
badass-heroines,3
read-2022,3
read-as-an-arc,3
author-signed,3
author-of-colour,3
author-bipoc,3
read-your-shelf-2024,3
read2023,3
readtoreview,3
recommended,3
asian-protagonist,3
asian-literature,3
arcs-netgalley-giveaways-to-review,3
reverse-harem,3
arcs-i-own,3
books-read-in-2024,3
owned-ebook,3
books-that-made-me-cry,3
net-galley-reads,3
demon,3
debut,3
multiple-pov,3
music,3
my-bookshelf,3
my-ebooks,3
danmei-baihe,3
cults,3
my-shelf,3
creatures,3
mystery-thriller-suspense,3
completed-arcs,3
own-english,3
netgalley-reviews,3
netgalley2023,3
comics-and-graphic-novels,3
class-gender-race,3
chinese-lit,3
character-driven,3
california,3
on-my-kindle,3
boy-obsessed,3
bought,3
own-a-copy,3
smut,3
book-i-bought-2023,3
three-stars,3
space-opera,3
23-books-to-read-in-2023,3
3-sff,3
upcoming-releases,3
z_read-2023,3
2023-and-me,3
a-young-adult,3
spooky,3
2024-year-in-reviews,3
action-packed,3
war,3
wishlist,3
2024-faves,3
1st-person-pov,3
2024-challenge,3
2024-audiobooks,3
2024-netgalley,3
academic-rivals,3
x2023-read,3
tor-tordotcom,3
2023-new-releases,3
2020s,3
2023-new-release-challenge,3
21st-century-fiction,3
2023-challenge,3
2023-new,3
5-star-books,3
2023netgalleychallenge,3
tbr,3
4-and-a-half-stars,3
6-stars,3
absolute-favorites,3
ya-books,3
priority,2
to-reread,2
fantasy-adult,2
biblioteca,2
fantasy-all,2
proofs,2
pretty-cover-art,2
bipoc-author-protag,2
fantasy-books,2
bingo,2
add-to-site,2
best-ya,2
best-fantasy,2
2021,2
ku-2023,2
time-travel,2
queer-reads,2
fantasy-novels,2
queer-fiction,2
fantasy-mystery,2
laugh-out-loud,2
fantasy-i-read,2
lesbian-or-sapphic-fantasy,2
fantasy-high,2
to-buy,2
wuxia,2
20xx-sword,2
pub-2023,2
fantasy-favs,2
best-reads-2023,2
lesbian,2
bipoc-authors-or-subject,2
black-books,2
post-apocalypse,2
physical-owned,2
physically-owned,2
book-bf,2
fairytale,2
fairyloot-illumicrate,2
2024-shelf,2
top-romantasy-recs,2
book-challenge,2
fairyloot-and-illumicrate,2
2022-release,2
physical-library,2
blurbs-and-opinions,2
physical-copy,2
worlds-beyond-the-margins,2
world-literature,2
tor,2
physical-book,2
book-i-own,2
fairy-tale-paranormal-supernatural,2
book-of-the-month-club,2
physical-arc,2
pirates,2
fairytale-retellings,2
bipoc-main-character,2
lgbtq-characters,2
posiadam,2
to-wake-and-grasp-a-fading-dream,2
bisexual-rep,2
popsugar2024,2
popsugar-2023,2
beasts-monsters-demons,2
black-dagger-brotherhood,2
polycule,2
lgbtiqa,2
family-love,2
lgbtq-representation,2
black-rep,2
lgbtq-fiction,2
families,2
poc-authors,2
lgbtq-lit,2
lgbtq-plus,2
blood-and-gore-depiction,2
bloody-and-gross,2
pnr-fantasy,2
queer-sffh,2
banter-af,2
2020s-decade-releases,2
queer-stuff,2
j-r-ward,2
jail,2
jan-2024,2
january-2023-tbr,2
audiobook-read,2
favourite-books,2
january-tbr,2
audiobooks-2023,2
jbc-25-most-anticipated-of-2023,2
1st-pov,2
audiolibri,2
august-2023,2
jennifer-l-armentrout,2
2-5-stars,2
2-5-stars-food-s-lacking-flavour,2
2-and-a-half-stars,2
author-jennifer-estep,2
author-lgbtqia,2
author-male,2
june-tbr,2
3-and-a-half-stars,2
the-infinite-library,2
its-a-no-from-me,2
invisible-string,2
aty-2023,2
4-25-stars,2
aspec,2
indie-romance,2
1fantasy,2
assassins,2
inglés,2
assorted-human-magic-users,2
feminine-rage,2
atmospheric,2
aty-rejects-2023,2
february-2024,2
female-protagonist,2
aty2024,2
female-narrator,2
audible-2022-2023,2
recommend-to-anyone,2
received-from-net-galley,2
received-from-jbp,2
received-for-review,2
female-authors,2
author-publisher-arcs-copies,2
author-queer,2
2-first-books,2
badass-heroine,2
read-as-ebook,2
fantasía,2
kindle-digital,2
kindle-food,2
fantasy-ya,2
kindle-kindle-unlimited,2
2-star-reads,2
re-reads,2
kindle-read,2
2-ya,2
awesome-friendships,2
fantasy-series,2
baddest-bitch-of-all,2
banter,2
fairy-folk-myths,2
2020-29,2
fantasy-romance-aka-romantasy,2
bay-area,2
quotes-pulled,2
kinky,2
2-star-books,2
kidnapping,2
read-physical-books,2
autism,2
author-웃,2
ya-fantasy-favorites,2
things-i-left-unfinished,2
authors-bipoc,2
authors-i-m-divorcing,2
faves-2024,2
3,2
authors-of-colour,2
katee-robert,2
autism-rep,2
read-fantasy,2
kenny-s-physical-library,2
2slgbtq,2
2novel,2
automatic-buy-authors,2
autumn,2
autumn-reads,2
avail-at-public-library,2
fav-self-published,2
2nd-world-fantasy,2
2023-0-releases,2
paranormal-stuff,2
personal-library,2
neurodiversity-rep,2
masterpieces,2
new-adult-fiction,2
may,2
2023-five-star-reads,2
comfort,2
comfort-books,2
2023-up-and-coming,2
dnf-purgatory,2
dnf-did-not-finish,2
coming-in-2023,2
collection-fiction,2
netgally,2
coming-soon,2
compendium,2
meh,2
netgalley-to-review,2
completed-e-arcs,2
netgalley-or-publisher,2
netgalley-books-read,2
upcoming-2023,2
collection-kindle,2
march-2023,2
mermaids,2
chosen-family,2
duology,2
cherished,2
child-abuse-and-neglect,2
2023_climate,2
weird-reads,2
2023_all-reads,2
non-graphic,2
dual-multi-pov,2
magic-user,2
magical,2
new-release-2023,2
chosen-ones,2
2023-favourite,2
cinnamon-roll,2
dragons-riders,2
night-court-buddy-reads,2
2023-fiction,2
downloads,2
classic-fantasy,2
classics-retold,2
diverse-read,2
diverse-books,2
book-subscriptions,2
2023-most-excited-releases,2
creature-romance,2
2023-reading,2
2023-read-your-shelves,2
monster-smut,2
2023-library,2
montana,2
my-roman-empire,2
my-reviews,2
desaf-o-2023,2
2023-read-books,2
digital-library,2
2023-netgalley-all-reads-challenge,2
most-wanted,2
cut-me-and-i-bleed-this,2
debuts,2
d-n-f,2
debut-author,2
my-favs,2
must-read-grabby-hands,2
2023-new-releases-challenge,2
creature-feature,2
coyer-upside-down-chapter-1,2
meus,2
military,2
2023-sf-fantasy,2
2023-goodreads-challenge,2
contemporary-fantasy,2
net-galley-review,2
contemporary-modern-urban,2
disappointment,2
net-galley-and-other-arcs,2
need-to-finish-series,2
cool-cover,2
mira,2
coyer-upside-down-2023,2
nebula-eligible-2023,2
nb-queer,2
na-fantasy,2
mlm,2
court-intrigue,2
court-politics,2
disability-and-neurodivergence-rep,2
mythology-fairytales-and-retellings,2
covers-i-love,2
western,2
not-yet-published,2
macmillan-audio-arcs,2
2023-audiobook-challenge,2
trans-rep,2
books-read-in-2022,2
library-reads,2
library-rental-audiobook,2
owned-books-read,2
escapism,2
librarybook,2
2024-audiobook-challenge,2
ownage,2
own-voices,2
library-journal,2
trash,2
own-physical-copy,2
own-physical,2
epistolary,2
booktok-made-me,2
booktok-recs,2
booktuber-bookstagram-booktok,2
own-it,2
boring,2
owned-tbr,2
2024-favs,2
2023_decades_ha,2
fae-books,2
fairies-fae,2
won-bookish-first,2
pc,2
faeries,2
faerie,2
part-of-a-series,2
lgbtqia2s,2
asian-writers,2
paranormal-sparkly-stuff,2
lgbtqiap-plus,2
wlw,2
bookishfirst-wins,2
trans-books,2
books-bought-acquired-in-2022,2
books-by-friends,2
2024-most-anticipated,2
books-i-have,2
pansing,2
2023-anticipated,2
pain,2
2023-best-of,2
2023-bingo,2
epic,2
loved,2
edelweiss-netgalley,2
bury-me-with-these,2
2023-cant-wait,2
on-my-finished-shelves,2
love,2
ebooks-i-own,2
by-poc,2
bøger-jeg-ejer,2
omar,2
why-choose,2
own-ebook,2
2023-challenges,2
2023-coyer,2
casual-reading-2023,2
cc-peñaranda,2
2023genrechallenge,2
novella-or-short-story,2
e-arc,2
2023brs,2
dystopias,2
livre,2
ell-gee-bee-tee,2
online-tbr,2
living-the-fantasy,2
liked-it,2
2024-anticipated-releases,2
limited-edition,2
own-book,2
botb2023,2
english-literature,2
2023-book-challenge,2
engels,2
owlcrate,2
bought-2024,2
2023-booklist,2
bought-looked-interesting,2
enemies-to-lovers-cat-fishing,2
twins,2
enchanted-forest,2
2023-books-i-read,2
other-reviews,2
literature,2
emotionally-charged,2
releases-2023,2
beautifully-broken-bastards,2
dark-fiction,2
scribd-audio-read,2
reviewed-books,2
allfantasyallthetime,2
sapphic-characters,2
advance-copies,2
sapphic-books,2
forbidden,2
i-was-enchanted-to-meet-you,2
1-star-reads,2
advance-reader-copies,2
second-chance,2
reviewed-for-smexy,2
goodreadschoice2023,2
all-time-favourite,2
ace-rep,2
1-2023-releases,2
advancedreadercopies,2
rh,2
format-novella,2
hall-of-fame,2
format-physical,2
self-published,2
fya-reviewed,2
rivals-to-lovers,2
archives,2
action-adventure-romance,2
girls-owning-their-sexuality,2
anithero,2
illumicrate-2023,2
fl,2
short-fiction,2
10-10,2
a-little-bit-magic,2
angsty-af,2
folklore,2
ya-ya-fantasy,2
arcs-and-reviews,2
5-star-reads-2023,2
food-for-thought,2
gave-up-on,2
footnotes,2
arcs-and-giveaways,2
guilty-pleasure,2
a-kind-of-magic,2
arcs-alcs-finishedcopies,2
for-review,2
heart-locket,2
action-and-adventure,2
action-adventure-thriller,2
arcs-2022,2
gargoyle,2
robots,2
anticipated-novels-of-2022-2023,2
tbr-2024,2
all-my-physical-books,2
specfic,2
freebies,2
arc-beta,2
i-love-it-when-women,2
have,2
stories-about-stories,2
arc-are,2
0-series,2
arc-approval,2
arc-2023,2
series-i-wont-finish,2
fucked-up-in-so-many-ways,2
subscription-box-books,2
have-reviewed,2
ajh-made-me-do-it,2
giveaway-wins,2
style-series-serial,2
fruity,2
giveaways-arcs,2
i-fell-in-love,2
giveaways-arc-reviews,2
alien-monster-romance,2
young-adult-fantasy,2
age-difference,2
arc-books-from-netgalley,2
fur-and-fangs,2
romance-erotica,2
arc-list,2
arc-giveaways,2
sff-books,2
zzz-2022,2
arc-giveaway-freebie,2
african,2
anticipated-releases,2
good,2
rtc,2
spec-fic,2
all-the-feels,2
african-fantasy,2
a-bit-of-magic-and-whimsy,2
arc-galley,2
7arcs,2
spice,2
zz-2023-anticipated-releases,2
i-love-you,2
a-adult,2
fun,2
full-reviews,2
series-completed,2
free-netgalley-arcs,2
z-cus-1-3,2
sword-challenge,2
adult-and-new-adult,2
aromantic,2
science-fantasy,2
slow-burn,2
amazing-romance,2
03-march-2023,2
sci-fi-and-fantasy,2
androids-cyborgs-ai,2
greek_mythology,2
sisters,2
angel,2
amazing-books-i-ve-annotated,2
filthy-novella-addict,2
science-fiction-and-fantasy,2
science-fiction-fantasy,2
five-star-reads,2
angels-demons,2
adult-content,2
angels-demons-gods,2
tchaikovsky,2
impossible-doors,2
impaired-my-critical-thinking-skill,2
actual-bookshelf,2
sciencefiction,2
also-have-hardcopy,2
asian-and-asian-inspired,2
asian-authored,2
ya-romance,2
fiction-fantasy,2
standalone,2
added-2022,2
asian-scifi-fantasy,2
4-5,2
tenho,2
fiction-2023,2
added-2023,2
stand-alones,2
genre-new-adult,2
fiction-contemporary,2
historical-novel,2
incomplete-series,2
great-magic-system,2
american,2
asian-mc,2
genre-paranormal,2
genre-fantasy-scifi,2
rep-asian,2
standalones,2
14-24,2
rep-misc-queer,2
asian-based,2
around-the-world,2
april,2
arcs-read-and-to-read,2
graphic-novels-comics,2
arcs-to-read,2
0reviewed,2
homophobia,2
0-browsing,2
first-reads-review-books,2
graphic-novels-comics-manga,2
abduction-captive,2
signed-books,2
im-gonna-become-the-joker,2
immersive,2
graphic-novels-manga,2
first-person-pov,2
highly-anticipated-2023,2
five-star-predictions,2
m-fantasy,1
witchy,1
historical-mystery,1
like-it,1
heavy-romance,1
literary-and-other-fiction,1
m-spec,1
long-read,1
literary-and-classic,1
loc-arcs,1
winter-pal-2023-24,1
lit,1
z2022-challenge,1
m-m-romance,1
hell-hath-no-fury,1
likeable-heroine,1
highly-recommended,1
lit-fantasy,1
m-m,1
m-fiction,1
m-f-romance,1
london,1
loaned-ebooks,1
high-praise,1
mad-science,1
magic-dark-academia,1
will-read-soon,1
highly-enjoyable,1
will-make-my-kids-read,1
zz2023-read,1
litty-lit,1
literary_fiction,1
magic-in-another-world,1
magic-fantastic,1
lives-rent-free-in-my-head,1
highlights-2023,1
magic-dragons-animals-that-talk,1
zombies-and-science-oh-my,1
magic-and-ciel,1
westerns,1
highly-recommend-fiction,1
weird-romance,1
magic-aint-free,1
high_fantasy,1
high-priority,1
western-gothic,1
literary-bouquet,1
lightnovel,1
heart-strings,1
looooved-it,1
made-me-laugh,1
livres-audio,1
like,1
lost-interest,1
m-f-queer,1
low-fantasty,1
heroine,1
zam,1
wish-list,1
zionist-racist-problematic-etc,1
heroine-abrasive,1
listened-on-audiobook,1
love-triangle,1
love-these,1
heroines-i-like,1
love-the-series,1
love-the-audio,1
hhbookgroup,1
love-no-a-restraining-order-asap,1
love-animals-not-humans,1
why-choose-paranormal,1
historic-fiction-1900s,1
hidden-identity,1
hiding-relationship,1
zz-2022-highly-anticipated,1
love-after-first-chapter,1
zz-2022-jul-releases,1
listened-to-on-audio-2023,1
hilarious,1
historic,1
lovable-favorites,1
loved-the-female-character,1
historical-fantasy-x1f570,1
historical-medieval,1
wheel8,1
lor-elizabeth-s-2024-reads,1
historical-fiction-reviews,1
listened-to-audiobook,1
listening-books,1
winter-read-list-2023,1
here-there-be-randy-monsters,1
liked-it-but-wouldnt-read-it-again,1
historical-fiction-read,1
historical-fiction-net-galley,1
lots-o-skimming,1
witch-fic,1
z2023,1
what-a-letdown,1
what-even-is-this,1
what-i-read-2023,1
what-the-fish-are-you-waiting-for,1
hero-bland,1
lyrical-fiction,1
lus-en-2023,1
whats-on-my-bookshelf,1
louisiana,1
loyal-hero,1
lowk-disapppointed,1
lines-of-gold,1
low-priority,1
highlights-2024,1
march-2024-tbr,1
magic-love-and-stars,1
magic-paranormal-etc,1
mmc-s-that-had-me-on-my-knees,1
modern-fantasy,1
wanting-getting-wanting,1
monster-alien-paranormal-romance,1
group-buddy-reads,1
monster-creature,1
monster-daddy,1
grimdark-magazine,1
wanted-to-enjoy-but-didn-t,1
monster-dick,1
monster-fuckery,1
monster-love-interest,1
monster-mash,1
monster-mashing,1
monster-nonhuman-etc,1
want-to-reread,1
monster-pnr-fantasy,1
want-to-read-sequel,1
monster-sff-prn-romance,1
growing-up,1
کتاب-های-۱۴۰۲,1
mm-romance,1
η-βιβλιοθήκη-μου,1
warte-auf-die-fortsetzung,1
mid20-or-older-fmc,1
middle-grade-ya,1
war-stories,1
mild-spice,1
από-εκδότες-συγγραφείς,1
grumpy-x-sunshine,1
misc,1
misc-supernatural,1
grownup-swords-and-lasers,1
grumpy-x-grumpy,1
misleading-genres,1
mithology,1
ревюта,1
mm,1
grumpy-hero-sunshine-heroine,1
grumpy-hero,1
mm-bl,1
grimdark,1
want-to-read-but-not-bought,1
grim,1
murder-and-attempted-murder,1
multiple-magical-creatures,1
greek-myth-stuff-ig,1
want-to-buy,1
greek-and-roman-myths,1
multiple-povs,1
multiverse-and-parallel-worlds,1
greek,1
wanna-reread-already,1
mushy-stuff,1
mt-bookpile-2023,1
walking-books-2023,1
must,1
must-continue-fantasy-series,1
must-continue-series,1
must-read-sff,1
mvbs,1
grecco-roman-retelling,1
my-2-star-reads,1
小説,1
mt-bookpile-2022,1
monsters-and-stuff,1
morally-grey-is-my-fav-color,1
monthly-subscription-box,1
morally-gray,1
want-to-re-read,1
grief-and-loss,1
morally-grey-characters,1
کمیک,1
morally-grey-fmc,1
gremlin-girls,1
morally-questionable-characters,1
mostly-clean,1
want-to-own,1
want-to-get,1
want-to-buy-physical-copy,1
green-cover,1
most-anticipated-books-2023,1
most-anticipated-of-2024,1
most-disappointing-2024,1
most-hated,1
was-actually-4-point-5-stars,1
michael-j-sullivan,1
mfa-reading-list,1
mar2023,1
male-lead-pining,1
malewriter,1
we-are-the-waiting,1
man-author,1
manga,1
maps,1
mar-24,1
haunting,1
haunted-houses,1
magical-realism-or-urban-fantasy,1
march-2023-tbr,1
light-paranormal,1
march-23,1
hate-to-love,1
march-tbr,1
marriage-of-convenience,1
has-a-special-place-in-my-heart,1
hardcover,1
making-me-provoked-to-hit-a-woman,1
have-2-pry-out-of-my-cold-hands,1
may-2023-tbr,1
have-read-need-to-buy,1
magic-paranormalcy-romance-vampi,1
magic-psychics-mediums-sensitives,1
magic-sf-f,1
he-wrote-it,1
hawt,1
magic-systems,1
magic-to-do,1
magic-users,1
have-physical-book,1
magical-history,1
magical-doors,1
have-physical,1
have-on-kindle,1
magical-elements,1
weird-fantasy,1
have-audio,1
weird,1
magical-fairy-unicorn-adjacent,1
hardbacks-owned,1
may-2024-tbr,1
mf-vampire-supernatural-shifter,1
meta,1
mental-health-rep,1
waterstones,1
hades-and-sephi,1
hades-and-persephone-vibe,1
zzz-epub,1
had-me-sobbing,1
met-author,1
ha-tbr-challenge,1
ha-2023-mount-tbr-challenge,1
half-baked-books-only-partially-re,1
gush-cant-wait-to-read,1
wasted-of-time,1
mf,1
mf-paranormal,1
mf-reads,1
gush-adored-author-or-series,1
mf-romance,1
zzzz-2023,1
wbtm,1
mental-health-and-body-issues,1
maybe-recommended,1
medieval-classical-fantasy,1
mcgn,1
hard-sf,1
happy-happy-joy-joy,1
me,1
me-likey-mucho,1
medieval,1
wbtm-2024,1
medieval-and-middle-ages,1
happily-ever-avon,1
mein-bücherregal,1
happily-ever-after,1
medievalish,1
medievalism,1
meditative,1
halloween2023,1
halloween,1
halloweekend-2023,1
mehhh,1
lightdarkromance,1
ya-novels,1
light-novel,1
year-read-2023,1
i-will-read-in-the-future,1
i-will-go-down-with-this-ship,1
kindle-mttbr,1
i-want-to-eat-this-book,1
kindle-owned,1
xianxia,1
yay-for-libraries,1
i-want-my-own-copy,1
i-thought-this-sucked,1
kindle-tbr,1
x_2023,1
kindle-unlimited-addiction,1
kindle-unlimited-books,1
i-think-about-these-everyday,1
i-should-ve-dnfd,1
kindle-unlimited-read,1
kindle-wishlist,1
kindleunlimited,1
x2023-paranormal,1
kindle-books-read,1
kindle-books-i-own,1
xianxia-danmei,1
ya-and-adult-fantasy-sci-fi,1
ibooks-added,1
kentucky,1
kerri-maniscalco,1
kick-ass-heroine,1
i-wrote-a-review-im-so-proud,1
i-would-die-for-a-copy-of-this-rn,1
kick-ass-heroines,1
i-would-burn,1
kick-butt-heroines,1
kindle-books,1
kids-and-fairys,1
kids-and-ya,1
kill-it-with-fire,1
kim-recommends,1
xianxia-progressive-fantasy,1
kindle-app,1
kindle-book,1
i-wish-i-hadn-t-wasted-my-time,1
kingdoms-and-crowns,1
yeehaw,1
kate-daniels-world,1
x2023-audio,1
kurzmeinung,1
kwi-2024,1
lasers-spaceships-tech-etc,1
latinx-author,1
latinx-authors,1
latinx-fiction,1
latinx-reads,1
i-need,1
latinx-rep,1
latoya-s-library,1
laufende-reihen,1
yesss,1
lbgqt-horror,1
lc,1
lc-spec-fic-book-club,1
i-love-you-to-the-moon-and-back,1
legend,1
wwii,1
legendary-women,1
kunlimited,1
yessir,1
ku-worth-buying,1
i-own-this,1
x2023-arc,1
x2023-120-books,1
i-ship-it,1
i-reviewed-these,1
kneel-before-the-gods,1
x-treasure-hunt-readathon,1
knife-to-the-throat,1
i-recommend,1
yes,1
my-5-stars-books,1
i-own-these,1
i-own-ebook,1
x-24-03-mar,1
ku-prime,1
x-2023,1
ku-read,1
ku-recs,1
i-own-a-copy,1
ibooks-in-english,1
jya,1
lifeline,1
in-my-home-library,1
interconnecting-story,1
interesting-premise-poor-execution,1
interesting-twists-and-turns,1
interesting-worldbuilding,1
in-the-nook,1
invisible-heart-strings౨ৎ,1
in-the-bookshelve,1
irecommend,1
isekai,1
it-is-okay,1
it-s-the-end-of-the-world-as-we-kno,1
its-magic,1
its-not-you-its-me,1
in-present-tense,1
its-romance-love,1
j-bree,1
ya-historical,1
in-my-library,1
ya-fiction,1
intense-emotional-angsty,1
incl-some-of-my-favorite-characters,1
insufferable-mc,1
ya-middle-grade-books,1
indie-or-selfpublished,1
indie-presses,1
indie-recs,1
ya-paranormal,1
ya-na,1
indigenous-rep,1
ya-queer,1
inglês,1
inspiration,1
instant-fave,1
ya-magic,1
indian-literature,1
inspired-by-booktube-twitter,1
indian-diaspora,1
inspired-by-shakespeare,1
indian,1
insta-lust,1
ya-reads,1
in-my-kindle,1
ya-romance-contemporary,1
idk-how-i-feel,1
in-a-series,1
june-2023-reading-list,1
illustrated-color-plates,1
illustrated,1
junior-year,1
ya-fantasy-recs,1
just-for-fun,1
illumicrate-fairyloot,1
just-good-books,1
just-read,1
ya-sff,1
ya-that-should-be-na,1
just-skimmed,1
ya-fantasy-contemporary,1
just-wow,1
justread2023readingchallenge,1
illness-rep-physical-and-mental,1
ya-contemporary-fantasy,1
if-we-survived-the-great-war,1
ya-thriller-horror-to-read,1
june,1
july-2023-reads,1
july-2023,1
jealousy-angst-possessive,1
january-2024,1
january-2024-tbr,1
january-reads,1
imo-series-love,1
jasper-fforde,1
jay,1
immortal,1
jealous-possessive,1
imagined-fiction,1
ya-series,1
jla,1
jovan,1
jr-ward,1
im-in-pain,1
ya-fantasy-to-read,1
jr-ward_black-dagger,1
jr_ward,1
july-2022,1
legimi,1
leisure-reading,1
i-love-women,1
librar,1
women-that-write-are-powerful,1
lgbtqiap-narrator,1
z-copy-to-amazon,1
horror-book-club,1
horror-body,1
women-scifi,1
horror-becomes-her,1
lgbtqiap-reads,1
lgbtqiap-rep,1
horror-adjacent,1
lgbtqiap2s-rep,1
hopepunk,1
lgbtquia,1
lgqbt,1
lgtbqa,1
hoopla,1
lgtbqia,1
women-authors,1
libby-ate-overdrive,1
lgbtqia2-plus,1
lgbtqia-scifi,1
lgbtqia-romance,1
won-from-giveaway,1
horror-thriller-and-suspense,1
z-2023-katie,1
lgbtqia-author-or-protag,1
horror-spotlight-readalong-bookclub,1
lgbtqia-authors,1
z-2023-reads,1
horror-recs,1
lgbtqia-bisexual,1
horror-or-gore,1
womp-womp-dnf,1
lgbtqia-fiction,1
lgbtqia-main-characters,1
horror-gothic-and-mystery,1
lgbtqia-mc,1
horror-gothic,1
lgbtqia-plus,1
lgbtqia-queer-general,1
horror-book-club-ideas,1
libby-library,1
woman-empowering,1
i-love-this,1
indie-books,1
with-the-band,1
library-print-books,1
library-reads-2023,1
history-and-region-europe,1
z-to-a-m-j-sullivan,1
library-tbr-2023-04,1
library-tn,1
library2023,1
z-unread-physical-arcs,1
libro-fm-library,1
librofm,1
lido-em-inglês,1
historicalfiction,1
historical_fiction,1
historical-set-in-the-past,1
historical-romance,1
lidos-2023,1
life-s-too-short,1
with-don,1
library-print,1
library-physical-or-ebook,1
library-overdrive,1
library-borrow,1
honorable-mentions,1
wlw-romance,1
library-audiobook,1
hollywood-ready-please,1
hogwarts-but-make-it-horrible,1
library-book-23,1
wlw-recs,1
z-cus-minis-1-3,1
library-find,1
library-order-considerations,1
history-medieval,1
library-kindle,1
library-loan-mlc,1
library-of-hannah-farnung,1
library-of-owned-books,1
history-is-a-mystery,1
library-of-women,1
history-fiction,1
won-giveaways,1
horror-to-read,1
horror-vibes,1
workworkwork,1
written-by-2slgbtqia-authors,1
lgbt-crime,1
young-adult-awesomeness,1
writers-of-colour,1
lgbt-fantasy,1
lgbt-fiction,1
i-lit,1
i-have-a-real-book,1
lgbt-lit,1
young-adult-books,1
lgbt-main,1
i-found-a-series,1
lgbt-mc,1
lgbt-plus,1
i-enjoyed-the-experience,1
lgbt-queer,1
writers-of-color,1
i-dont-know-greek-myths,1
lgbt-sci-fi,1
lgbt-angels-and-demons,1
written-by-poc,1
written-by-women,1
i-love-grey-characters,1
wtf-in-a-bad-way,1
lesbian-book-club,1
lesbian-focused-fiction,1
lesbian-friendly,1
lesbian-gothic,1
lesbian-main-character,1
lesbian-sapphic-wlnb-character,1
wtb-2023,1
współprace,1
you-will-be-in-my-heart,1
lethal-ladies-and-clever-gentlemen,1
lets-go-sapphics,1
leídos-2023,1
you-should-never-write-again,1
lff,1
written-reviews,1
lgb-literature,1
lgbqt,1
lgbtg,1
young-adult-new-adult,1
i-didnt-hate-it-but-it-was-laughabl,1
lgbtqi,1
would-not-read-again,1
worth-waiting-for,1
lgbtqai,1
lgbtqap,1
howard-co-library,1
lgbtqaplus,1
hotels-or-neighbors,1
hot-sexy-romance,1
youth-young-adult-fiction,1
would-read-a-sequel,1
worse-of-the-worst,1
lgbtqi-main-or-side-rep-or-author,1
hot-fantasy-romantasy,1
z-2022-books-i-read,1
hot-as-fuck,1
horrorrific,1
horrororor,1
horrorish,1
hppl,1
lgbtq-sapphic,1
i-didn-t-see-that-coming,1
lgbtq-friendly,1
wow,1
i-cried,1
i-cannot-wait-to-start-this-book,1
lgbtq-fantasy,1
lgbtq-faves,1
i-am-depressed-now,1
would-sell-my-soul-for-these-books,1
i-always-recommend,1
hunters,1
lgbtq-reps,1
lgbtq-issues,1
humor-ist-wenn-man-laut-loslacht,1
lgbtq-read,1
lgbtq-recommendations,1
would-read-again,1
your-royal-highness,1
hugos-2024,1
hugo-poss-2024,1
woman-author,1
new-author-to-me,1
my-all-time-favorites,1
releases-2024,1
recommended-by-booktube,1
recommended-long-list,1
recommended-short-list,1
recommended-to-me,1
recommends,1
recs,1
reimagining,1
rejects,1
release-2023,1
released-2022,1
th-book-club,1
releases-in-2023,1
that-one-hurt,1
tessonja-odette-and-related-series,1
relevant-buddy-read-list,1
religion,1
teen-fiction,1
religiopolitical-sff,1
rep-ace-aro-demi,1
rep-achillean,1
rep-achillean-mc,1
rep-bi,1
teen,1
rep-bipoc,1
recommended-books,1
recommendations,1
tears-don-t-fall,1
the-butler-did-it,1
real-bummer,1
the-moon-is-trans,1
reality_bending,1
really-bad-books,1
really-enjoyed,1
really-like,1
really-liked-it,1
really-want-to-read,1
the-favourites,1
rebellion,1
rebellion-publishing,1
rec-me,1
recommend-yes,1
rec-netgalley,1
rec-publisher,1
the-bookshelf,1
rec-shelf,1
rec-tor,1
recc-d,1
the-books-i-own,1
the-bes-tbooks-ever,1
the-b-list,1
received-arcs,1
the-52-book-club,1
rep-poc,1
rep-poc-lead,1
queer-fantasy-and-sci-fi,1
review-pending,1
review,1
tales-retold,1
taking-suspend-disbelief-too-far,1
review-books-arcs,1
taboo-forbidden,1
t4t,1
t-favorites,1
review-copy-arc-provided,1
t-chasing,1
review-copy-provided-for-mmbbr,1
review-opportunity,1
t-arc-netgalley,1
reverseharem,1
review-to-come,1
t-2023-releases,1
syfyfan-tasy,1
swoon-worthy-book-bfs,1
swiftie-books,1
reviewed-for-authors,1
reviewed-for-booklist,1
swashbuckling,1
suspense-mystery,1
suspense,1
reviewed-in-words,1
taming-the-beast,1
tbr-2023,1
rep-queer-lgb,1
tbr-to-buy,1
rep-queer-trans-enby,1
reread,1
tears,1
reread-contenders,1
team-laser,1
reread-in-a-heartbeat,1
reread-worthy,1
rereadable,1
rereads,1
retelings,1
tbrandbeyondtours,1
retelling-and-adjacent,1
tbr-e-books,1
retelling-mythology,1
retelling-of-classic-stories,1
retelling-or-myth,1
tbr-physical,1
tbr-own,1
tbr-feb,1
retellings-and-adaptions,1
retellings-reimaginings-etc,1
reto-2023,1
retro-creepers,1
tbr-fantasy-romance,1
the-ship-is-alive,1
reads-of-2024,1
reads-of-2023,1
read-2024-audiobooks,1
rare-adult-reads,1
rare-edinburgh-24-read,1
rated-3-stars,1
thriller-horror,1
rated-two-stars,1
rather-not-thanks,1
re-read,1
thrill-reads,1
three-stars-and-below,1
read-2023-books,1
three-stars-alright,1
read-23,1
rape-and-assault,1
read-again-because-its-that-good,1
read-age-ya,1
read-and-recommend,1
this-is-weird-right,1
read-as-arc,1
read-as-physical-book,1
read-asap,1
read-audiobook,1
read-books-2023,1
read-books-m-r,1
read-but-don-t-own,1
rapunzel,1
rainbowrex,1
reading-warrior,1
quick-and-bingeable,1
times-reads,1
time-world-travel,1
queer-rep-lesbian,1
queer-rep-wlw-unspecified,1
queer-romance,1
tidenes-favoritter,1
thrillers-suspense-mysteries,1
queer-sci-fi-fantasy,1
queer-sff,1
queer-stories,1
queer-themes,1
quiltbag-characters,1
rainbow-reads,1
quirky-fiction,1
quirky-sci-fi,1
r-fantasy-2023-bingo,1
r-fantasy-bingo,1
r-fantasy-bingo-2023,1
r-queer,1
r2023-in-2023,1
rachel-made-me-read-it,1
rage-reads-almost-dnf,1
rainbow-horror,1
rainbow-read,1
read-ebook,1
this-hurt,1
read-ebooks,1
read-ya,1
read-that-i-own,1
read-the-bookshelf-2023,1
read-the-world,1
they-fuck-in-this-one,1
read-w-aj,1
read-with-audiobook,1
they-always-hit,1
read-with-trin,1
read-women,1
there-is-a-dog,1
read-women-enby,1
read-your-shelf,1
read-fiction-novel,1
the-writing,1
read_2022,1
read_2023,1
read_in_2023,1
readathons,1
readin2023,1
the-spookish-reading-challenge,1
reading-challenge-2023,1
reading-challenge-2024,1
reading-for-fun,1
reading-now,1
read-since-starting,1
read-reviewed-2024,1
read-reviewed-2023,1
they-hit-different,1
read-first,1
read-genre-fantasy,1
read-genre-ya-fantasy,1
read-harder-2023,1
read-harder-challenge-2023,1
read-have,1
this-book-is-bitchin,1
third,1
read-in-my-thirties,1
read-me-to-escape,1
read-more-of-this-author,1
read-need-to-buy,1
read-on-edge,1
read-on-kindle,1
read-once,1
read-online-english,1
read-owned-physical,1
read-physical,1
read-physical-own,1
theyre-tattoos-not-ink-or-tats,1
read-physical-owned,1
read-physical-tbr,1
read-rep-queer,1
suspence,1
surreal,1
sure-bets,1
speculative-fic,1
sequels-i-need-now,1
sequels-to-books-i-ve-read,1
speculative-romance,1
series-challenge-2023,1
series-end,1
series-i-ditched,1
series-installment,1
speculative-fiction-scifi-fantasy,1
series-interconnected,1
series-not-completed,1
series-ongoing,1
speculate,1
spicy-reads,1
special-editions,1
series-to-finish-incomplete,1
set-in-england,1
settings-india,1
severe-brainrot,1
special-edition-hardback,1
special-and-or-signed-editions,1
sexy-ya,1
sf-and-fantasy,1
spec-tbr,1
sf-dystopian,1
september-2023,1
self-only,1
stafford,1
scifi-fantasy-recs,1
staff-reads,1
staff-pick,1
science-fiction-reviews,1
st-martins-press,1
sri-lanka,1
spotify-playlists,1
science-fiction-shelf,1
spooky-szn,1
scifi-club-read,1
scifi-fantasy-dystopia,1
scifi-fantasy-magical-realism,1
spooky-season-reads,1
spicy-recs,1
scifi-fantasy-ya,1
scifi-fiction,1
scifi-romance,1
scififan-bookclub,1
scifiromance,1
scraming-crying-kicking-my-feet,1
se-fairyloot,1
spirit,1
second-chance-romance,1
spicy-spicy,1
secondary-universe,1
sf-f,1
space-travel,1
sf-spec,1
solid,1
short-books,1
someday-tbr,1
someday-i-ll-plagiarize-this,1
short-stories-novellas-under-300pgs,1
short-story-ies-novella,1
short-stuff,1
showcase,1
some-kind-of-school-situation,1
some-kind-of-monster,1
signed-by-author,1
signed-copies,1
social-commentary,1
sfbc,1
signed-own,1
signed-special-edition,1
so-excited,1
snl-sf-challenge,1
six-stars,1
skimmed-dnf-100pages,1
sleeping-beauty,1
slow-simmering-burn,1
smuttyness-activated,1
smutty,1
smutty-fantasy-romance,1
ships-ill-go-down-with,1
shelfari-favorites,1
shelf-read-23,1
soon-to-be-released,1
sff-2023-cleanup,1
sff-book-club-challenge,1
sff-favorites,1
sff-favourites,1
sff-read,1
sff-religion,1
sff-unclassified,1
sffbc-ratb,1
sffvektor2023,1
space-junk,1
space,1
sfr-pnr,1
shadow-daddy,1
shakespeare,1
southern-authors,1
south-asian-rep,1
shakespeare-inspired,1
shakespeare-references,1
sort-arcs,1
shamelessly-smut-tastic,1
she-s-fierce,1
shelf-fantasy-syfy,1
shelf-of-shame,1
science-fiction-all,1
science-fic,1
supernatural-hunters,1
romantasy-books,1
romance-theme-enemies-to-lovers,1
subscription-books,1
romance-to-remember,1
romance-with-a-likely-side-of-smut,1
romances,1
romances-i-adore,1
romances-trans-nb-agender-authors,1
romantacy,1
strong-woman,1
story-confusing,1
stories-w-sapphics,1
romantasy-favs,1
romance-slutty-dark,1
romantasy-recs,1
romantic,1
romantic-fantasy,1
romantic-suspense,1
romantical,1
romanticy,1
royalty-celebrities-or-rich-people,1
rrrc-2023,1
rs-faves,1
rushdie-shelf,1
rva-book-club,1
romance-spicier,1
romance-science-fiction,1
science-fantasy-ya,1
rom-1-fantasy,1
reviews_2023,1
supernatural-and-fantasty,1
super-excited,1
rh-acadamy,1
rh-enemies-to-lovers,1
rh-fantasy,1
right-angle,1
robot-kink,1
robots-are-people-too,1
robots-robots-robots,1
rock-n-rolla,1
summer24tbr,1
subscription-box,1
roman,1
roman-graphique,1
romance-adjacent,1
summer-tbr,1
summer-reads,1
summer-reading-2023,1
summer-book-bingo-2023,1
suicidal-ideation,1
suck-me-vampire,1
romance-fantasy-high,1
romance-love,1
rws,1
ryb-mount-tbr,1
s-ff,1
sci-fi-and-fantasy-book-club,1
sapphic-speculative,1
started,1
save-the-drama-for-your-mama,1
scarlett-st-clair,1
scfi,1
schififantasy,1
school-based,1
sci-fantasy,1
stars-3,1
standouts,1
sci-fi-and-dystopia,1
sci-fi-and-horror,1
stole-my-heart,1
sci-fi-and-speculative-fiction,1
sci-fi-fantasy-horror,1
sci-fi-fantasy-paranormal,1
sci-fi-futuristic,1
sci-fi-oh-my,1
sci-fi-or-dystopian,1
sci-fi-read,1
sci-fi-space-opera-bullshit,1
sci-fi-standalone,1
science-and-speculative,1
science-and-technology,1
sapphic-sff,1
sapphic-sf-fantasy,1
sapphic-sci-fi,1
sapphic-romance-relationships,1
stoker-award-nominated,1
still-to-review,1
s-for-sirens,1
stems-and-stories,1
stem,1
s-storytel,1
steamy,1
s-voebb,1
safe-for-me,1
salman-rushdie,1
sampled,1
sampled-not-hooked,1
steampunk,1
steam-level-high,1
sapphic-all,1
sapphic-book-bingo-2023,1
sapphic-faves,1
sapphic-lesbian,1
started-but-didn-t-finish,1
sapphic-lgbtqia-rep,1
sapphic-mc,1
sapphic-read,1
sapphic-rep,1
queer-leads,1
title-draw,1
my-best-fantasy,1
no-third-act-breakup,1
next-order,1
unfinished-series-started,1
ng2023,1
nightmares-from-nowhere,1
no,1
no-3rd-act-breakup,1
no-chemistry-how-are-they-naked,1
no-date,1
no-romance,1
no-spice-slash-ya,1
no-thanks,1
nola,1
new-year-releases-2023,1
non-american-author,1
non-physical-read-pile,1
non-pod,1
non-rom-fic,1
non-ya-fantasy,1
nonfiction,1
nonhuman-love-interest,1
north-american-and-canadian-books,1
not-bad-not-too-good,1
not-finished,1
not-for-kids,1
unlimited,1
new-weird,1
not-my-cup-of-tea,1
smutty-slutty,1
neurodiverse,1
neurology-and-mental-health,1
never-again,1
unread-books-i-own,1
unpopular-opinion,1
never-going-to-read-bc-of-reasons,1
new,1
unowned-read-ya,1
new-adult-fantasy,1
new-adult-reads,1
unowned,1
new-books,1
new-to-me-author,1
new-books-in-2023,1
new-gothic,1
new-orleans,1
new-reads-2023,1
new-releases,1
new-releases-2022,1
uno_2024,1
uno-2024-ive,1
new-releases-23,1
new-releases-feb-2023,1
new-tbp,1
not-from-this-world,1
not-out-yet,1
queer-characters,1
on-calibre,1
ocean-fantasy,1
of-legends-and-fairytales,1
off_world,1
oh-hi,1
oh-young-dark-soul,1
okay,1
unalivers,1
omg-2023,1
omg-i-am-in-love-with-this-book,1
on-blog,1
on-bookshelf,1
uk,1
nypl-committee,1
on-my-bookshelf-read,1
on-my-bookshelve,1
on-my-bookshelves,1
uh-oh-percy-is-feral-again,1
on-my-real-shelf,1
u-series-wantmore,1
on-my-shelves,1
on_paper,1
one-bed,1
one-of-my-top-2023,1
one-shot,1
o-cover-porn,1
nw-fantasy-leads,1
not-released,1
novel-suspects-insider,1
not-released-yet,1
not-what-i-expected,1
not-yet-released,1
notes,1
noteworthy-reads-2023,1
notgraphicnovels,1
nothumanspice,1
undulating-undulation,1
novel-novella,1
novel-owned,1
novel-owned-se,1
novela-grafica,1
numbered,1
novella-november-2022,1
novella-read,1
novellas-essays-short-stories,1
novellas-short-stories,1
underrated-favorites,1
novels-about-art,1
novels-asia,1
novemebr-2023,1
nrftw-inspo,1
nsfw,1
nt-books,1
neurodivergence,1
neuerscheinungen-2024,1
neu-03-23,1
my-special-editions,1
my-lovess,1
my-nightmare,1
virgin-hero,1
my-physical-books,1
my-physical-library,1
my-poor-heart,1
my-precious-babies,1
my-queens,1
villain-era,1
my-sff-faves,1
viking-inspired,1
my-tears-ricochet,1
my-love,1
my-uk-library,1
my-wifeeeeeee,1
mys-sus-mag-2023,1
mysteries,1
mysterious,1
mystery-suspense,1
mystery-thriller-horror,1
verenigde-staten,1
vamps,1
myth-and-folklore,1
myth-gods-heroes,1
my-love-s-3,1
my-library-ebook,1
netgally-books,1
w-fantasy,1
waiting-on-ereader,1
my-bookshelves,1
my-children-my-babies-my-loves,1
my-creepy-little-fairy-stories,1
waiting-for-the-next-book,1
waiting-for-sequel,1
my-darlings,1
waiting-3a,1
my-faves,1
my-favorite-books-read-so-far,1
w-flesh-and-fire,1
my-favsssss,1
vo,1
w-blood-and-ash,1
my-five-star-books,1
my-five-star-reads,1
my-friends-corrupted-my-soul,1
my-gothic-horror-self,1
w-adult,1
my-heart-and-soul-33,1
my-kids-should-read-someday,1
my-kinda-fantasy,1
my-kindle,1
my-least-favorite-loser-girls,1
mythfairytalefantasy,1
mythical-lovers୨୧,1
mythie,1
upcoming-releases-with-covers,1
net-galley-requests,1
us-and-eng-litt,1
net-galley-reviews,1
net-gally,1
urban-fantasy-magic,1
urban-fantasy-faves,1
upcoming-sequels,1
netgalley-2024,1
netgalley-all,1
netgalley-and-arcs,1
netgalley-approvals,1
netgalley-arc-docs,1
mythological-majesty,1
netgalley-edelweiss-2023,1
netgalley-edelweiss-arc,1
netgalley-grind,1
upcoming,1
up-next,1
unreleased-sequels,1
unreleased-give-it-give-it-give-it,1
netgalley_arcs_fiction,1
netgalleys,1
unreleased-2023,1
netgally-arcs,1
use-your-local-libraries,1
vamp,1
need-to-reread,1
need-to-read,1
mythological-romance,1
vampires-werewolves,1
mythologie,1
vampires-are-awesome,1
mythology-and-legend,1
mythology-but-gay,1
mythology-related,1
vampire-novel,1
mythology-rt,1
mythology-vibes,1
myths,1
myths-and-legends,1
n-natalie-naudus,1
na,1
narrated-by-emily-woo-zeller,1
nebula,1
necromancers,1
vampire-demons-and-ghosts-oh-my,1
need,1
need-physical-copies,1
need-reviews,1
vampire-books,1
need-to-continue-series,1
ones-i-own,1
ongoing-manga-tracker,1
ongoing-series,1
poc-favourites,1
piled-on-the-shelf,1
place-india,1
plan-to-buy,1
plot-10,1
top-2023-books,1
pnr-mf,1
pnr-scifi-fantasy,1
pnr-uf,1
pnr-vampires,1
po-angielsku,1
poc-author,1
poc-mc,1
top-5-of-2023,1
poc-rep,1
poc2023,1
pocketbook-library,1
pocmaincharacters,1
political,1
political-drama,1
top-10ish,1
poly-rep,1
too-long,1
tony-jones,1
tob-2024,1
top-2023-reads,1
top-books-of-2022,1
patron-rec,1
physical-arcs-pr,1
person-of-everything,1
personal-challenge,1
personal-faves,1
personalized,1
pfb-e-arcs,1
pfioulala-so-steamy,1
tour,1
totally-going-to-reread,1
totally-effed-up,1
physical-arcs,1
tore-me-apart,1
great-series-ending,1
physical-version-owned,1
physical-books-owned,1
tops-2023,1
physical-bookshelves,1
physical-owned-books,1
physical-read,1
physical-shelf,1
top-tier-books,1
physical-special-editions,1
top-reads,1
top-books-of-2023,1
physical-tbr-2024,1
popsugar-challenge-2024,1
posseduto,1
possibility,1
pulp-speculative-fiction,1
przeczytane-w-2024,1
ps2023,1
psychical-books,1
pub-2022,1
pub-wednesday,1
pubbed-and-read-2023,1
publish-sent-arc,1
published-in-2023,1
published-tbr,1
published2023,1
publisher-arc,1
punchable-love-interest,1
post-apocalyptic-dystopian,1
purchased,1
purchased-in-2023,1
q-1,1
q1-2023,1
qlgbt-queer,1
queens,1
queer-authored,1
queer-authors,1
queer-book-recs,1
to-be-reevaluated,1
queer-by-aoc,1
proza,1
provided-by-publisher,1
proves-that-love-is-real,1
protagonist-of-colour,1
post-apokalipsa,1
post-colonial-theory,1
to-review,1
post_apocalyptic,1
to-read-sci-fi,1
pows-checkout,1
to-read-maybe,1
pretty-cover,1
to-read-in-2024,1
pride,1
pride-2023,1
prince-or-pauper,1
printre-pagini,1
priority-new-release-2023,1
to-read-htf,1
probable-faves,1
problematic-authors,1
problematic-authors-to-avoid,1
progression-fantasy,1
proofs-arcs,1
prose,1
prose-novels,1
protagonist-of-color,1
paused,1
pastiche,1
two-star,1
own-it-in-paper,1
tsffs-books,1
ts-reputation,1
trope-found-family,1
own-books,1
own-books-read,1
own-but-read,1
own-digital,1
trilogy,1
travel-to-alternate-universes,1
own-hardback,1
own-hardcover,1
own-kindle,1
owlcrate-fairyloot,1
own-kindle-read,1
own-on-kindle,1
own-paperback,1
own-physically,1
own-print-arc,1
own-read,1
own-read-adult,1
own-read-ya,1
own-romance,1
own-the-book,1
own-worldbuilding,1
owlcrate-special-editions,1
owlcrate-books,1
tournament-of-books,1
other-worlds,1
ongoing-series-next-book-to-read,1
twisted-fairytales,1
opposites-attract,1
original-and-creative,1
original-superpowers-or-magic,1
original23,1
other,1
other-arcs-2023,1
other-pov,1
other-sf-fantasy,1
other-world,1
otherpocauthors,1
twentytwentythree_arcs,1
others-indian,1
otherworld-underworld-demon-etc,1
out-in-2024,1
ov,1
over-400-pages,1
over-hyped-by-tiktok,1
over500club2023,1
twice-told-tales,1
overdrive-books,1
owed,1
owed-read-prints,1
owned-and-read,1
owned-and-read-books-here-in-uk,1
owned-arcs,1
paranormal-others,1
paper-rings,1
paperback-or-hardcover,1
paperback-own,1
para-damas,1
para-dystopian-sci-fi-fantasy,1
parallel-worlds,1
trans-men,1
paranormal-beings,1
paranormal-fiction,1
paranormal-monster,1
paranormal-mystery,1
paranormal-romance-erotica,1
owned-audio,1
trad-interests,1
paranormal-romance-vamps-tramps,1
paranormal-romancing,1
paranormal-sci-fi-fantasy,1
tr-next-in-series,1
paranormal-supernatural-magic,1
paranormal-uf,1
paranormal-urban,1
paranormal-urban-fantasy-romance,1
paranormal-vampire,1
passport-reading,1
trans-nb-reads,1
pancelts,1
painnnn,1
pages-300-500,1
owned-audiobook,1
owned-book,1
transrightsreadathon-list,1
transmasc-nonbinary-rep,1
owned-copy,1
translations,1
translation,1
translated-lit,1
owned-ebooks,1
owned-on-kindle,1
owned-p,1
translated,1
owned-physical-books,1
owned-physically,1
owned-read-kindle,1
owned-se-or-signed,1
ownhardcopy,1
owns-my-ass,1
ownvoicerep,1
trans-nonbinary-intersex-2s-gnc,1
p-ssy,1
trans-nonbinary,1
p23,1
great-war-coded,1
0-2023,1
great-reads,1
arcs-giveaways-netgalley,1
arcs-i-want,1
arcs-ng,1
arcs-or-gifted-by-pub,1
arcs-or-giveaway,1
arcs-or-review-copies,1
arcs2023,1
are-there-ghosts,1
aries-will-enjoy,1
aro-spec,1
around-the-world-challenge-2023,1
arranged_marriage_of_convenience,1
artifacts,1
artificial-life,1
artist-mc,1
asd-in-fiction,1
asdfghjklnenndjd,1
asia-themed,1
asian-american,1
asian-american-authors,1
asian-american-or-canadian-authored,1
asian-authored-books,1
asian-authors-asian-heritage-month,1
asian-books,1
asian-cultural-influence,1
asian-fantasy-history,1
asian-insp-fantasy,1
asian-lit,1
arcs-i-loved,1
arcs-free-review-copy,1
asian-or-aapi-authors,1
arcs-finished-copy,1
arc-netgalley-or-alc,1
arc-not-ark,1
arc-novels,1
arc-or-for-reviewing,1
arc-or-from-pub,1
arc-or-gifted-copy,1
arc-or-provided-by-author,1
arc-or-review-copies,1
arc-pre-reads-before-release,1
arc-purchased,1
arc-reading,1
arc-received,1
arc-review-copy,1
arc-reviewers-copy,1
arc-s-to-review,1
arc-shelf,1
arc-team,1
arc-widget,1
arcs-2023-release,1
arcs-analog-netgalley-edelweiss-etc,1
arcs-and-beta-reads,1
arcs-and-goodreads-first-reads,1
arcs-and-pr,1
arcs-authors,1
arcs-dnf,1
arcs-ebooks,1
arcs-ebooks-netgalley,1
asian-novels-oriental-authors,1
asian-pacific-islander-bookshelf,1
author-anne-bishop,1
audio-book-owned,1
audio-library,1
audio-version,1
audio23,1
audio_books,1
audioboek,1
audiobook-2023,1
audiobook-available,1
audiobook-english,1
audiobook-listen,1
audiobook-listened,1
audiobook-only-read,1
audiobook-podcast,1
audiobook-shelf,1
audiobook-would-recommend,1
audiobooked,1
audiobooki-2023,1
audiobooki-2024,1
audiobooks-2024,1
audiobooks-listened-with-ears,1
audiobooks-read,1
audiofile,1
audiolibros,1
august,1
aus-einer-reihe,1
austen-doyle-bronte-shakespeare,1
australian,1
australian-author,1
audio-booked,1
audio-book-2024,1
asian-releases,1
audio-audible,1
asian-settings,1
asian-sff-authors,1
asian-translation-and-aapi,1
asian-wuxia-xianxia,1
asked-to-blog,1
ass-kicking-couple,1
assassin-romance,1
assassin-to-lover,1
assassination-attempts,1
assassins-murderers,1
assertive-woman,1
asshole-love-interest,1
at-apl,1
at-home,1
at-library-dc,1
at-slo-paso-bg-pa,1
atmospheric-beautiful-cozy-setting,1
aty-2024,1
aty2023,1
au-ward,1
audible-books-i-own,1
audible-library,1
audible-plus,1
audible-shelf,1
audibles-own,1
audio-aiden-snow,1
audio-and-book-tandem-read,1
arc-netgalley-giveaway,1
arc-netgalley-edelweiss,1
arc-giveaway-books,1
amazing-books,1
amazing-female-leads,1
amazing-narrator,1
amazing-writing,1
amazon-reviews-pending,1
america,1
america-north,1
american-author,1
americana,1
americans,1
amerie-s-book-club,1
amnesia,1
amnesia-romance,1
amortentia,1
ancient-greece,1
ancient-history-mythology,1
ancient-themed,1
and-a-half-star,1
and-i-love-you-its-ruining-my-life,1
anders-aber-gut,1
angel-demon,1
angels-demons-dieties,1
angels-demons-witches-ghosts-magic,1
angels-gods-demigods,1
anglais,1
anglo-america,1
anglo-indian,1
anglophilia,1
amazing-female,1
alternating-pov,1
arc-gifted,1
alternate-worlds,1
all-the-lovers,1
all-the-stars,1
all-things-paranormal,1
all-things-shakespeare,1
all-things-supernatural,1
all-time-fav,1
all-time-favorite,1
all-time-favorites-3,1
all-time-favs-x1f495,1
all-timefaves,1
almost-5-stars,1
almost-loves-of-my-life,1
almost-perfect,1
alpha,1
alpha-anti-hero,1
alpha-beta,1
alpha-f-cking-males,1
alphahole-hero,1
alphamale-hunks,1
already-bought,1
already-bought-hard-copy,1
also-have-audio,1
alt-retelling,1
alt-worlds,1
altceva-special,1
alternate-universe,1
alternate-universe-whimsy,1
angst-emotional-romane,1
angst-fest,1
angst-filled,1
angst-personal-drama,1
antidote-think-twice-read,1
antiheroes,1
antisemitism,1
anxiety-and-panic-attacks,1
anything-for-my-fav-lady,1
anything-you-can-do-i-can-do-better,1
aoc-et-al,1
ap-read,1
apocalypse,1
apocalyptic-and-post-apocalyptic,1
apocalyptic-dystopian,1
apocalyptic-or-dystopian,1
apocalyptic-or-post-apocalyptic,1
apokalypse,1
apr-2023,1
april-2023-reads,1
april-2023-tbr,1
april-2024-tbr,1
april-tbr,1
ar,1
arc-2024,1
arc-arr,1
arc-author-publisher,1
arc-copies,1
arc-ebook,1
arc-from-net-galley,1
arc-from-publisher,1
antidote-think-twice-all,1
anticolonialism,1
anticlimatic-as-fuck,1
annoying-protagonist,1
angsty-ya-love-interest-type-drip,1
animal-companion,1
animal-death,1
animal-sidekick,1
animal-whisperer,1
anne-bishop,1
annotated-physically,1
annoyed-me,1
annoying,1
annoying-but-i-keep-reading,1
annoying-characters,1
annoying-heroine,1
another-time-another-place,1
anticipating-these,1
anthologies,1
anthologies-short-story-collections,1
anthropomorphic,1
anti-empire,1
anti-wellness-culture,1
anticapitalism,1
anticipated-and-disappointed,1
anticipated-books-of-2024,1
anticipated-for-2023,1
anticipated-reads,1
anticipated-reads-2023,1
anticipated-releases-2022,1
auth-of-color,1
author-femme,1
great-not-perfect,1
bipoc-bookshelf,1
bipoc-fantasy,1
bipoc-lit,1
bipoc-main-characters,1
bipoc-rep,1
bisexual,1
biting-kink,1
bl,1
bl-shounenai-yaoi-danmei,1
black-african-lit-and-rep,1
black-dagger-brotherhood-series,1
black-haired-hero,1
black-heart-book-club-reads,1
black-lead,1
black-mc,1
black-protagonists,1
black-sci-fi-and-fantasy,1
black-sff,1
black-stories,1
black-writers,1
blah-meh-whatever,1
blankets-and-cuddles,1
bleh-ships,1
blog-and-book-tours,1
blog-books,1
blood-drinking,1
bloody-times,1
bls,1
bipoc-characters,1
bipoc-authors-2023,1
blue-covers,1
bipoc-author-2024,1
best-reads-of-2022,1
best-reads-of-2023,1
best-recent-ones,1
best-reviewed,1
best-sci-fi,1
best-scifi-fantasy,1
best-villains,1
beta-hero,1
beta-reading,1
beta-reads,1
betrayal,1
betrayals,1
bhbc-buddy-reads,1
bi-boys,1
bi-pan,1
bibliophilia,1
bickering,1
big-brain-energy,1
big-families,1
big-feels,1
big-magic-energy,1
big-softie,1
bildungsroman,1
bingo-tbr,1
biography,1
biotechnology,1
bipoc-adult-fantasy,1
blue,1
blur-rating,1
author-gifted,1
book-supremacy,1
book-tok,1
book-tour-books,1
book-tour-gals-tours,1
book-tube-had-influence,1
book-w-faeries,1
book-w-magic,1
book-w-royalty,1
book-wheel,1
book-with-fav-charac,1
bookbeat,1
bookbox,1
bookboxbooks,1
bookcase,1
bookish,1
bookish-fairyloot-book,1
bookish-first,1
bookish-soulmates,1
books,1
books-about-books-or-authors,1
books-about-covid,1
books-about-loving-books,1
books-by-poc,1
books-by-women-nonbi,1
books-for-2023,1
books-for-izzy,1
books-from-2023,1
books-from-2024,1
book-talk-with-wifey,1
book-subs,1
blurbed,1
book-sub,1
body-diversity,1
body-image,1
bodyguard-trope,1
boekenkast,1
book-bingo-2023,1
book-box-illumicrate,1
book-box-read,1
book-box-subscription,1
book-boys-with-wings,1
book-club-2023,1
book-club-2024,1
book-club-read,1
book-club-reads,1
book-clubs,1
book-dragon-reviews,1
book-dresses,1
book-girlfriends,1
book-group-reads,1
book-guys-i-simp-for,1
book-heaven,1
book-husbands,1
book-library-audiobook,1
book-recommends,1
book-recs,1
book-riot-index,1
book-shelf,1
book-shelves,1
best-read-in-2023,1
best-paranormal-fiction-book-ever,1
best-opening-lines,1
available-library,1
award-win-nom,1
awesome-audio,1
awesome-characters,1
awesome-fantasy,1
awesome-female-friendships,1
awhhh,1
awkward-pacing,1
awwwdeeeoooo,1
b-fing-w-d,1
b-n-discover-picks,1
b23,1
b2weird,1
b2weird-bookclub,1
backlistbooks-24,1
bad,1
bad-ass,1
bad-ass-fmc,1
bad-ass-heroine,1
bad-boy,1
bad-but-still-read,1
bad-christianity,1
bad-hero,1
bad-parents,1
bad-ss-female,1
bada-heroine,1
badass-female-lead,1
badass-fmc,1
awaiting-publication,1
autumn-22,1
best-of-mythology,1
autor-in-must-buy,1
author-j-r-ward,1
author-jr-ward,1
author-juliette-cross,1
author-lgbtqi,1
author-nonbinary,1
author-of-another-country,1
author-pepper-winters,1
author-poc,1
author-rachel-smythe,1
author-supplied,1
author-to-keep-an-eye-on,1
author_female,1
author_glomm,1
authors-behaving-badly,1
authors-eng,1
authors-i-adore,1
authors-i-have-beef-with,1
authors-i-ve-met,1
authors-lgbtqia,1
authors-to-watch,1
authors-usa-canada,1
authors-with-no-book-rights,1
authorㅡfemale,1
autistic-neurodistinct-author,1
autistic-rep,1
auto-tbr-authors,1
autographed-copy,1
badass-girl,1
badass-hbic-lady-boss,1
badass-leading-ladies,1
badass-mc,1
bechdel-yea,1
beep-boop,1
behold-a-story-retold,1
belletristik,1
best,1
best-2023,1
best-2023-arcs,1
best-2023-reads,1
best-2024-books,1
best-audiobook-recs,1
best-audiobooks,1
best-book-boyfriends,1
best-books,1
best-books-of-2023,1
best-books-read-in-2023,1
best-characters,1
best-endings,1
best-fantasy-paranormal,1
best-fight-scenes,1
best-fmc,1
best-main-characters,1
best-narration,1
best-of-2022-23,1
best-of-2024,1
best-of-concept,1
best-of-faves,1
best-of-grumpy-sunshine,1
beauty-and-the-beast,1
beautifull,1
beautiful-writing,1
bated-breath,1
badass-mfc,1
badass-strong-fmc,1
badass-women,1
badassery,1
baffled,1
bage-mature,1
bage-young-adult,1
bame-author,1
bamf-heroine,1
barnes-and-noble-exclusives,1
based-on-greek-mythology,1
basically-wattpad,1
battery-friends-iykyk,1
beautiful-prose,1
bbft-read,1
bbs-challenge,1
bdb,1
bdb-legacy-prison-camp,1
bdb-universe,1
bdb-universe-and-fa-and-lotw,1
bdsm,1
bdsm-and-kink,1
beat-the-backlist-2024,1
beatthebacklist-2024,1
beautiful-book-covers,1
beautiful-friendships,1
all-sff,1
all-reads-2023,1
all-parents-damage-their-children,1
2023-lgbtqia,1
2023-most-memorable,1
2023-must-read,1
2023-my-52-books,1
2023-netgalley-read,1
2023-new-books,1
2023-new-horror-release,1
2023-newly-owned,1
2023-novels-read,1
2023-october,1
2023-owned-read,1
2023-popsugar-reading-challenge,1
2023-priority-releases,1
2023-prompt-challenge,1
2023-publication,1
2023-radar,1
2023-read-arcs,1
2023-read-list,1
2023-read-what-you-own,1
2023-readings,1
2023-reads-137,1
2023-reads-and-re-reads,1
2023-reads-and-rereads,1
2023-releases-i-want-to-read,1
2023-review-copy,1
2023-ripped-bodice-summer-bingo,1
2023-romance-reading-challenge,1
2023-romanceopoly,1
2023-mar,1
2023-ku-books-i-own-library,1
2023-s,1
2023-june-reading-challenges,1
2023-buddyreads,1
2023-cecilia-is-having-a-time,1
2023-challenge-books,1
2023-choice-options,1
2023-debut,1
2023-debuts,1
2023-digital-reads,1
2023-diverse-reads,1
2023-dnf,1
2023-early-release,1
2023-ebooks-purchased,1
2023-fantasy-horror,1
2023-fave,1
2023-fave-reads,1
2023-february,1
2023-february-reading-challenges,1
2023-finished,1
2023-goal,1
2023-goal-1-own-voices,1
2023-goal-read,1
2023-gr-challenge,1
2023-highly-anticipated,1
2023-horror-read,1
2023-hype,1
2023-indie,1
2023-into-the-forest-challenge,1
2023-july-reading-challenges,1
2023-rwioc,1
2023-s-books,1
all-nighter,1
2024-01-january,1
2024-3-stars,1
2024-anticipated,1
2024-anticipated-books,1
2024-april-reading-challenges,1
2024-arc,1
2024-aty,1
2024-book-releases,1
2024-books-kindle,1
2024-challenge-book,1
2024-challenge-books,1
2024-ew-ng,1
2024-fantasy-read-in-english,1
2024-favourites,1
2024-february,1
2024-finished-books,1
2024-hugos,1
2024-machalo-tbr,1
2024-mount-tbr,1
2024-must-reads,1
2024-musts,1
2024-netgalley-reads,1
2024-ng-arcs,1
2024-on-goodreads,1
2024-popsugar,1
2024-popsugar-challenge,1
2024-read-harder-challenge,1
2024-read-in,1
2024-15-books,1
2024-01,1
2023-sarah-s-reads,1
2023tbr,1
2023-science-fiction,1
2023-september-reading-challenges,1
2023-sf,1
2023-smashing-tbr,1
2023-summer-book-bingo,1
2023-tbr-goal,1
2023-tbr-hopefuls,1
2023-to-read,1
2023-top-12,1
2023-top-5-reads,1
2023-top-reads,1
2023-top-ten,1
2023-tpam-challenge,1
2023-variety,1
2023-wbtm-book-opoly-challenge,1
2023-wbtm-spooky-bingo,1
2023-ya-fantasy-sf,1
2023-year-in-reviews,1
2023-year-of-awesome-books,1
2023_release_read,1
2023books,1
2023july,1
2023nemgyerek,1
2023reading,1
2023releases,1
2023saratravels,1
2023sept,1
2023-buddy-reads,1
2023-books-i-love,1
2023-books-hauled,1
1-5-stars,1
1-add2-kobo,1
1-all-time-favs,1
1-and-a-half-star,1
1-book-1-country-worldwide-authors,1
1-e-book,1
1-highly-anticipated,1
1-kindle-book-i-own,1
1-one-star-books,1
1-own,1
1-rating-5-stars,1
1-star-books,1
1-star-electric-chair,1
1-star-౨ৎ,1
1-tr-series-to-finish,1
10-10-recommendations,1
10-out-of-10-treasure-trove,1
100-books-you-should-read,1
10s-the-books,1
12-23,1
12-in-2024,1
175-in-2023,1
18-plus,1
1910s,1
1920s,1
1rom-com,1
1st-arc-ng,1
1st-in-series,1
1-add2-barnesnoble,1
1-4-special-edition,1
2023-book-list,1
1-2024-releases,1
0-audiobooks,1
0-book-boyfriends,1
0-done-series-abandoned,1
0-fairytales-myths-retelling,1
0-favorites,1
0-genre-romance,1
0-love-so-much-it-hurts,1
0-monster-romance,1
0-safe-for-me,1
0-stars-problematic-author,1
0-women-writers,1
00-bookshelf-physical,1
002-sci-fi,1
01-2024-jan,1
01-spring-vibes,1
02-2024,1
02_ebooks,1
03-and-a-half-stars,1
04-stars,1
05-2023,1
05-stars,1
09-september-2023,1
0x1-lovesong,1
1-2-day-reads,1
1-2-hardcover,1
1-2-stars,1
1-2024-books-i-read,1
1st-person-narrative,1
2-adult,1
2-bleh,1
2-paranormal-fantasy,1
2022-into-the-forest-challenge,1
2022-most-anticipated-release,1
2022-mount-tbr-challenge,1
2022-netgalley-fun,1
2022-netgalley-reads,1
2022-reading-list,1
2022-return-to-reading,1
2022_climate,1
2022_ha_a-z,1
2022_halloween_extended_ha,1
2023-10favoriteslist,1
2023-12-december,1
2023-24-winter-break-readings,1
2023-3-stars,1
2023-4-stars,1
2023-45-book-challenge,1
2023-5-star-books,1
2023-adult-releases,1
2023-all,1
2023-anticipated-reads,1
2023-anticipated-release-tbr,1
2023-arc-reviews,1
2023-audios,1
2023-autumn-winter-tbr,1
2023-bingo-card,1
2023-blog,1
2023-book-hoarders-challenge,1
2022-free,1
2022-five-star-reads,1
2022-finished-list,1
2020-2029-releases,1
2-pepper,1
2-plus-a-few-stars,1
2-point-5,1
2-read-fantasy-romance,1
2-romantasy-favorites,1
2-silver,1
2-star-meh-read,1
2-star-or-less,1
2-star-was-such-a-bore,1
200-400-pages,1
2020-2023-releases,1
2020-2029,1
2020-favourites,1
2022-faves,1
2020-published,1
2020-read,1
2021-added,1
2021-again,1
2022-2024-release,1
2022-4-stars,1
2022-anticipated-releases,1
2022-bingo-challenge-reviews,1
2022-book-read-fun,1
2022-books,1
2022-books-that-have-me-frantic,1
2022-challenge-books,1
2024-read-your-shelf-done-arcs,1
2024-reading-list,1
2024-reads-fantasy,1
academy-college-high-school,1
accurate-covers-i-love,1
accurate-disability-rep-in-ya,1
ace,1
ace-aro-demi-rep,1
ace-or-aro-rep,1
ace-reads,1
achillian,1
acquiredㅡlibrary,1
action-and-adventure-empires,1
action-and-adventure-fantasy,1
action-fantasy,1
action-stories,1
actiony,1
acts-of-unrighteous-dominion,1
actual-books,1
actually-good-enemies-to-lovers,1
actually-on-my-shelf,1
adams-cottage-library,1
adaptation,1
added-to-my-kindle-fire,1
addiction,1
addictively-bingable,1
adhd-rep,1
adictivo,1
adolescence,1
adorable-alphas,1
adored,1
access-edelweiss,1
academic-or-workplace-rivals,1
a-netgalley,1
academia-romance,1
a-rtc,1
a-spec,1
a-to-buy,1
a24-adaptation-wishlist,1
aapi-authors,1
aapi-month-read,1
ab-read-and-reviewed,1
abandon-ship,1
abandoned-unfinished,1
abandonment,1
abb-problematic,1
abominable,1
absolute-favorite-reads,1
absolute-favorite-s,1
absolute-favourites,1
absolute-tomfoolery,1
absolutely-adorable,1
absolutely-devoured,1
absolutely-unhinged,1
absurdist-whimsy-escapism,1
abuse-trauma,1
abuse-tw,1
abused-hurt-mc,1
abusive,1
abwechslungsreich,1
academia-of-some-kind,1
academia-or-library,1
adrenaline-rush,1
adult-books-read,1
adult-contemporary,1
adult-fantasy-and-sci-fi,1
adventures,1
adventuring-we-go,1
adventurous,1
afemale,1
african-african-american,1
african-american,1
african-american-experience,1
african-american-family,1
african-american-history,1
african-folklore,1
afterlife,1
age-gap-trope,1
age-new-adult,1
age-new-adult-or-adult,1
aging-old-age,1
ah-says,1
ahhhh-so-good,1
ai-and-your-brain-on-tech,1
ai-transhuman,1
ali-s-reads,1
alien,1
alien-love,1
alien-monster-not-human,1
aliens-or-monsters,1
all-at-sea,1
all-cn-authors,1
all-fantasy-tbr,1
adventure-thrillers,1
adventure-seeking-consequences,1
adventure-sci-fi,1
adult-pnr,1
adult-fantasy-favorites,1
adult-fantasy-romace,1
adult-fantasy-supernatural,1
adult-fiction-non-fiction,1
adult-fiction-to-read,1
adult-historical,1
adult-horror_fantastique,1
adult-lang-topics-or-sexual-stuff,1
adult-lgbtq-fantasy,1
adult-lgbtqia,1
adult-new-adult,1
adult-novel,1
adult-reads,1
adventure-quest,1
adult-science-fiction,1
adult-scifi,1
adult-sf,1
adulte,1
adv-listener-copy,1
advance-reading-copy,1
advance-reading-copy-advance-uncorr,1
advanced-reader-copy-reviews,1
advanced-reader-s-copy,1
advanced-readers-copies,1
adventure-challenges-heists,1
adventure-danger-suspense,1
a-novel,1
a-i,1
2024-sci-fi,1
24-in-24,1
24-spring-reads,1
2k23,1
2nd-book-not-as-good,1
2slgbtq-books,1
2slgbtqia,1
3-5,1
3-5-star,1
3-9-stars,1
3-and-some-extra-stars,1
3-in-series,1
3-read-audiobook,1
3-sci-fi,1
3-star-rating,1
3-star-rating-2023,1
3-stars-23,1
3-stars-like,1
3-stars-or-more,1
3-tähteä,1
3-watch-for-a-sequel,1
311-500-pages,1
3500-2024,1
3500-23,1
3rd-in-series,1
3rd-in-trilogy,1
4,1
4-45-stars,1
4-5-star-fantasy,1
24-physical-for-2024,1
24-in-2024,1
a-graphic-novel,1
24-for-24,1
2024-spring-summer-tbr,1
2024-to-read,1
2024-tsundoku,1
2024-vwf-dirty-dozen,1
2024-wbtm-s-roll-for-it-challenge,1
2024_actual,1
2024_friend-challenge-w-c-k,1
2024_mount_tbr_challenge,1
2024april,1
20booksbyblackfolks2023,1
20booksbyblackmen,1
21th,1
22-release,1
23-24-read-your-hight,1
23-24-school-year,1
23-books-for-2023,1
23-books-i-want-to-read-in-2023,1
23-books-in-2023,1
23-favorite,1
23-jan-tbr,1
23-may-tbr,1
23-read,1
23-releases,1
23-reread,1
23in23,1
23netgalley,1
24-for-2024,1
4-5-twinkling-stars,1
4-ku,1
4-point-25-stars,1
4-star-books,1
5s,1
6-adult,1
6-not-my-cup-of-tea,1
6-star-reads-all-time-favorites,1
6-stars-2023,1
6s,1
8-romantasy,1
80-percent-breakup-blah,1
9-masterpiece,1
9s,1
_audio,1
_kindle-unlimited,1
_moved-in-2024,1
_pnr-fantasy-sci-fi,1
_read-in-german,1
a-1-favorite-series,1
a-1zip,1
a-2023-favorites,1
a-2023-most-anticipated-releases,1
a-2023-releases,1
a-blah-feeling,1
a-book-trying-to-be-other-books,1
a-cat-is-in-this,1
a-certain-feeling,1
a-dog-is-in-this,1
a-drop-of-spice,1
a-fantasy,1
52-in-2023,1
52-books-in-52-weeks-2023,1
52-book-club-2023,1
5-estrelas,1
4-star-goodie,1
4-star-ratings,1
4-star-read,1
4-stars-books,1
4-stars-of-2023,1
4-stars-or-more,1
4-sterren,1
450-pages-or-more,1
48-for-24,1
4b-silver,1
4star,1
5-5,1
5-platinum,1
5-sterren,1
5-star-best-of-the-best,1
5-star-book,1
5-star-gems,1
5-star-predictions,1
5-star-read-2023,1
5-star-reads-fiction,1
5-star-reads-of-2022,1
5-star-review,1
5-star-reviews,1
5-star-series,1
5-stars-23,1
5-stars-crème-de-la-crème,1
books-from-publishers,1
books-i-adored,1
books-i-always-recommend,1
fantasy-gothic,1
fantasy-historical,1
fantasy-i-love,1
fantasy-is-a-magic,1
fantasy-is-better-than-ecstasy,1
fantasy-lgbtqia,1
fantasy-low-and-urban,1
fantasy-ma,1
fantasy-magic,1
fantasy-magic-sci-fi-bitch,1
fantasy-mf,1
fantasy-mr-horror,1
fantasy-mythology,1
fantasy-na-adult,1
fantasy-one-offs,1
fantasy-or-para,1
fantasy-or-pnr,1
fantasy-or-sci-fi-romance,1
fantasy-paranormal-pnr,1
fantasy-pnr-uf,1
fantasy-read,1
fantasy-recommendable,1
fantasy-recommendations,1
fantasy-reviews,1
fantasy-rom,1
fantasy-sci-fi-paranormal-romance,1
fantasy-sci-fi-pnr-supernatural,1
fantasy-sci-fi-romance,1
fantasy-high-and-epic,1
fantasy-general,1
fantasy-scifi-dystopian,1
fantasy-gays,1
fantast,1
fantastic,1
fantastic-fabrications,1
fantastic-fantasies,1
fantastic-fantasy,1
fantastic-fantasy-n-where-2-find-em,1
fantastic-paranormal-fantasy,1
fantastic-stories,1
fantastical-love-story,1
fantastical-magical,1
fantastical-realms-and-epicness,1
fantastico,1
fantastyka,1
fantastyka-młodzieżowa,1
fantasy-2023,1
fantasy-adventure,1
fantasy-af,1
fantasy-also-urban,1
fantasy-and-supernatural,1
fantasy-duology,1
fantasy-dystopian,1
fantasy-epic,1
fantasy-fae-fairies,1
fantasy-fairy-tales,1
fantasy-faves,1
fantasy-favourites,1
fantasy-fun,1
fantasy-science-fiction,1
fantasy-scifi-paranormal,1
editor-asleep-at-the-wheel,1
favesof2023,1
favorite-couple,1
favorite-covers,1
favorite-fantasies,1
favorite-fantasy-and-sci-fi,1
favorite-fantasy-series,1
favorite-foreva,1
favorite-heroines,1
favorite-lgbtq-books,1
favorite-mmcs,1
favorite-reads-of-2023,1
favorite-sapphic-books,1
favorite-sci-fi,1
favorites-23,1
favorites-fantasy,1
favorites-forever,1
favorites-i-ve-read,1
favorites-ish,1
favorites-of-2022,1
favorites-of-2024,1
favoritos,1
favoritter,1
favourite-authors,1
favourite-books-i-read-in2023,1
favourite-covers-2023,1
favourite-english-novel,1
favourite-literature-in-existence,1
favourite-narrators,1
0-5star,1
faves-of-2024,1
fantasy-scifi-romance,1
fave-ya,1
fantasy-scifi-spec,1
fantasy-standalone,1
fantasy-teen,1
fantasy-types,1
fantasy-urban-fantasy-paranormals,1
fantasy-wh0r3,1
fantasy-young-adult,1
fantasy_reads,1
fantasyish-sci-fi,1
fantasyland,1
fantasía-romance,1
fantasía-ya,1
fat-tears-rolling-off-my-cheeks,1
fated-mate,1
fav,1
fav-2021-2025,1
fav-2023,1
fav-author,1
fav-books,1
fav-books-ever-read,1
fav-mcs,1
fav-series,1
fav2023,1
fave-book-series,1
fave-female-main-character,1
fave-heroines,1
fave-male-main-character,1
fantasia,1
fantas-ish,1
fangsxbangs-ultimate-fantasy-guide,1
epic-high-fantasy,1
epics,1
era-20thcentury,1
ereader-kindle,1
eroi-doki-doki,1
erotic,1
erotic-romance-smut,1
erotic-scenes,1
erotica-smut-spicy-books,1
erotik,1
errol-flynn,1
escapers,1
essays-novellas-plays-shortstories,1
esther,1
ethically-non-monogamous,1
ethics,1
europe,1
euthanise-this-man,1
evenvillainsneedlove,1
everyone-is-an-asshole,1
evil-queens,1
evil-space-empires,1
evocative,1
exactly-what-i-wanted-to-read,1
excellent-female-characters,1
excellent-narrative-voice,1
exceptional-reads,1
excited,1
epic-series,1
epic-fantasy-grimdark,1
fanfiction,1
epic-emotions,1
eh,1
ehhh-to-lovers,1
eidelwiess,1
elise-kova,1
elite-tier-favorites,1
elves,1
embarrassing-female-leads,1
emociones,1
emotional-read,1
emotionally-frustrating,1
en,1
enby-charac,1
enby-rep,1
enchanted-island,1
end-of-the-world,1
end-of-the-world-epic,1
ending-gave-me-whiplash,1
enemies-rivals,1
enemies-to-lovers-3,1
enemies-to-lovers-vibes,1
enemies-to-lovers-x,1
enemiestolovers,1
englanniksi,1
english-lit,1
english-reads,1
enjoyed,1
environmental-fiction,1
excited-to-read,1
excitedforin2023,1
exploring-transness,1
eye-roll-worthy,1
fairy-loot,1
fairy-loot-editions,1
fairy-tale-and-classics-retelling,1
fairy-tale-based,1
fairy_tales_myth,1
fairyland,1
fairyloot-book,1
fairyloot-edition,1
fairyloot-et-al,1
fairyloot-illumicrate-botm,1
fairyloot-read,1
fairytale-feelings,1
fairytale-ish,1
fairytale-myth-inspired,1
fairytale-retelling,1
fairytales,1
fairytales-n-myths-remixed,1
fairytales-themes,1
faithful-fantasy,1
fall-2023-course-reading,1
fall-reads,1
fall-seasonal,1
false-god,1
family-bond,1
family-dynamics,1
family-fiction,1
family-secrets,1
fairy-core,1
fairies-or-fae,1
fairies-and-fae,1
f-sf-for-adults,1
eye-trauma-and-loss-of-vision,1
f,1
f-dystopian,1
f-f-and-nm-nm,1
f-f-vampire,1
f-fantasy,1
f-ftw,1
f-hets,1
f-kindle,1
f-m,1
f-nbi,1
f-novel,1
fab-fours-౨ৎ,1
faerie-tale,1
fables-or-myths,1
fabulism,1
fabulous-fiction,1
fae-and-faeries,1
fae-elfs-goblins-dragons-and-more,1
fae-faerie-romance,1
fae-fairy-fairies,1
fae-fantasy,1
fae-novels,1
fae-or-fairies,1
fae-romance,1
faerie-books,1
favourite-series,1
favourites-of-2023,1
favs-2023,1
genre-retellings,1
genre-science-fiction-romance,1
genre-scifi,1
genre-sf,1
genre-sf-f,1
genre-sff,1
genre-sff-portal-fantasy,1
genre-sff-urban-or-contemporary,1
genre-ya-fantasy,1
genre-young-adult,1
genre_fantasy,1
genre_romance,1
genreland-2024,1
genres-contemporary-romance,1
genres-fantasy,1
genres-mystery-and-adventure,1
getting-ready-for-halloween,1
ghost-story,1
ghosts-demons,1
ghosts-goblins-and-witches-oh-my,1
gifted-by-author,1
gifted-reviews,1
gifts-from-authors-and-publishers,1
gimmie-that-monster-dick,1
girl-power,1
girlhood,1
girlpower,1
girls-kicking-ass-and-taking-names,1
genre-science-fic,1
genre-mystery,1
g-romance-fantasy,1
genre-historical-fantasy,1
g-young-adult,1
galaxy,1
galleys,1
galleys-arcs,1
gamma-read,1
garbage,1
gargoyles,1
gay-bi-lesbian-ace,1
gay-little-adventure,1
gay-love-interest,1
gay-stamp-of-approval,1
gb,1
gca-2023-debut,1
genderqueer-lead-fantasy,1
genderqueer-rep,1
general-buy-as-soon-as-possible,1
general-fiction,1
general-i-must-own-this-very-soon,1
general-must-buy-immediately-next,1
genre-adult-fantasy,1
genre-age-young-adult,1
genre-comics-graphic-novels-manga,1
genre-dystopian-fantasy-sf,1
genre-fantasy-paranormal,1
genre-fiction,1
genre-fiction-historical,1
genre-high-fantasy,1
girls-with-swords,1
give-yourself-to-the-master,1
giveaway-entries,1
giveaway-goodreads,1
goodreads-win,1
goodreads-winners,1
google-drive,1
gorgeous-covers,1
got-2023,1
gothic-british,1
gothic-fiction,1
gothic-novel,1
gothic-or-gothic-esque,1
gothic-romance,1
gothic-vibes,1
gr-2023-challenge,1
graphic-novel-anyone,1
graphic-novel-manga,1
graphic-novels-and-manga,1
graphic-sex-scenes,1
graphic_novel,1
graphics,1
graphics-n-comics,1
great-and-worth-the-read,1
great-concept-shoddy-execution,1
great-couples,1
great-covers,1
great-escapes,1
great-female-characters,1
great-location,1
great-mythology,1
goodreads-giveaway,1
goodreads-choice-awards,1
goodreads,1
gods-slash-mythology,1
giveaway-win,1
giveaways-and-arcs,1
gladiators,1
gloved-up-nay,1
god-i-cried,1
god-tier,1
god-tier-romance-novels,1
goddess-fish,1
godly-tier,1
gods-and-monsters,1
gods-angels-demons,1
gods-goddess,1
gold-star,1
good-yarns-for-good-cats,1
golden-like-daylight,1
goldsboro,1
good-characters,1
good-for-inspiration,1
good-friendship-stuff,1
good-grief,1
good-na,1
good-on-my-shelves,1
good-prose,1
good-reads,1
good-series,1
good-ships,1
g-sff,1
g-horror-thriller,1
favs-of-2023,1
fic-novel-ish,1
fiction-fantasy-adventure,1
fiction-fantasy-sci-fi,1
fiction-for-adults,1
fiction-general,1
fiction-read,1
fiction-recs,1
fiction-short-stories-and-novellas,1
fictional-families,1
fictional-witches,1
fine-line,1
finish-the-damn-series,1
finished-2024,1
finished-audiobooks,1
finished-but-nah,1
fire,1
first-book-in-the-series,1
first-editions,1
first-person,1
first-person-narrator,1
first-pov,1
first-read-2023,1
first-read-or-arc,1
first-reads-netgalley,1
fish-and-sea-creatures,1
five-star,1
five-star-books,1
five-stars-amazing,1
fiction-adult,1
fic-lgbtq,1
g-historicalfiction,1
fic-fantasy-para-scifi-dystopian,1
favs-of-2024,1
favs-of-mine,1
fbr,1
featured-on-blog,1
feb,1
feb-2023,1
feb-23,1
feb-read,1
feb23,1
fed-up-of-this-shit,1
feel-good-inc,1
fell-short-of-expectation,1
fem-dom,1
female-author,1
female-fronted-fantasy,1
female-hero,1
female-lead,1
female-rage,1
female-villians,1
feminism-gender-lgbt,1
feminist-sci-fi,1
feminist-themes,1
feminist-topics,1
femme,1
ff,1
fforde,1
fic-fantasy,1
fizzled,1
flesh-and-fire,1
flora,1
fluffy-romance,1
fricken-awesome,1
friendships,1
from-bf,1
from-old-tbr-2023,1
from-publisher-or-author,1
from-the-publisher,1
ftm-transmasc,1
fuck-buddy-read,1
fucked-up-books-that-i-liked,1
fucked-up-dystopia,1
fucked-up-romances-affectionate,1
fucked-up-shit,1
fucking-amazing,1
fucking-bonkers,1
full-review,1
fun-with-narrators,1
funny,1
funny-reads-rom-com,1
funny-stuff,1
future,1
future-home-library,1
future-reread,1
future-tech,1
fyeahfantasy,1
g-fantasy-asian,1
g-fantasy-romance,1
g-fantasy-stand-alone,1
freshly-baked-bread,1
free-books-giveaways-arcs,1
free-arcs,1
forever-faves,1
fmc-over-30,1
folklore-fairytales-and-myths,1
food-and-cooking,1
for-fans-of-acotar,1
for-fresh-fiction-review,1
for-my-father,1
for-the-older-crowd,1
for-the-vibes,1
for-work,1
forbidden-fruit,1
forced-myself-to-finish,1
forest-is-alive,1
forever-the-name-on-my-lips,1
freaky-supernatural-adventures,1
forever-young,1
format_available,1
format_owned_audio,1
format_owned_ebook,1
found-a-free-copy,1
found-family-trope,1
four-stars,1
fox-hester,1
foxes,1
fractured-fairy-tales,1
fractured-fairytales-folktales,1
francais,1
egalley,1
edge-of-society,1
books-i-d-recommend,1
checked,1
cheesy-corny-roll-eyes,1
cheesy-fun,1
cheesy-romance,1
chefs-kiss,1
chefs-kiss-banter,1
chefs-kiss-cover,1
chinese,1
chinese-and-diaspora,1
chinese-author,1
chinese-cultural,1
chinese-myth,1
chinese-mythology-history-influence,1
chinese-novel,1
chinese-novels,1
chipublib,1
chirp,1
chivalry-is-not-dead,1
chonker,1
chosen-one,1
christmas-list-2023,1
chy,1
cinnamon-roll-hero,1
cinnamon-roll-heroes,1
cinnamon-rolls,1
city-of-serpents,1
claire-s-library,1
class,1
checked-out,1
chc-yo-przeczyta,1
classic-retellings,1
chars-lgbtq,1
cannibalism,1
cannot-tear-my-eyes-away,1
cannot-wait-to-read,1
cant-stop-thinking-about-it,1
captive-kidnapped-trapped,1
carnage-and-mayhem,1
category-fiction,1
cats-lions-tigers,1
cause-of-my-unraveling,1
cbpl,1
ccp,1
celibate-heroine,1
celtic-british,1
certified-bingeworthy,1
certified-book-boyfriends,1
challenge,1
challenge-23,1
challenge-sf-done,1
changing-pov,1
char-god-or-guardian,1
character-royal,1
character-thieves,1
character-witches,1
characters-angels,1
characters-i-love,1
characters-vampires,1
characterㅡlgbt,1
class-series-continuation,1
clean,1
edge-of-my-seat-nail-biter,1
coming-out-soon,1
completed,1
completed-2023,1
completed-library-rentals,1
completed-review,1
completed-series,1
complicated-familial-relationships,1
complicated-family,1
complicated-relationships,1
conflicted,1
confusing,1
confusing-plot,1
consent-done-well,1
consider-for-read0,1
conspiracy,1
contains-queer-rep,1
contains-some-kind-of-prophecy,1
contemp-fantasy,1
contemp-romance,1
contemporary-lit,1
contemporary-literary-fiction,1
contemporary-literature,1
contemporary-sff,1
contempory,1
contempory-wierd,1
contemporáneo-romance,1
contempranea,1
content-warning,1
complete-series-read,1
coming-of-age-narratives,1
clean-read,1
coming-in-the-next-100-years,1
cleaning-out-the-tbr-closet-2023,1
cleaning-out-the-tbr-closet-2024,1
cliche,1
cliffhangers,1
climate,1
clive-barker,1
close-proximity,1
cnovel,1
cnovels,1
collection,1
collection-arc-2023,1
collection-illumicrate,1
colonization,1
colonizer-romance,1
comedy,1
comedy-prose,1
comic,1
comic-books,1
comics-and-manga,1
comics-and-manga-owned,1
comics-graphic,1
comics-graphic-novels,1
comics-graphic-novels-manga,1
comics-graphic_novels-reviews,1
comics-graphics-and-manga,1
coming-in-2020,1
coming-in-2022,1
canadiana,1
canadian-author,1
canadian,1
books-with-mcs-i-found-insufferable,1
books-with-spice,1
books-with-war-or-revolution,1
books-you-already-own,1
books-you-can-blame-for-my-vibe,1
booksbyfriends,1
booksta-gifted,1
booksta-tiktok-recommends,1
bookstacle-book-club,1
bookstagram-made-me-do-it,1
booksubscription,1
bookswelove23,1
booktalk-with-wifey,1
booktalkwithwifey,1
booktok,1
booktok-instagram-recs-2023,1
booktok-made-me-do-it,1
booktok-reads,1
booktourgals,1
border-of-of-sf-and-fantasy,1
bored-out-of-my-mind,1
bored-to-tears,1
boring-sorry,1
borrowed-audiobooks,1
borrowed-books,1
borrowed-digital-copy-from-library,1
borrowed-from-friends,1
borrowed-libby,1
books-with-romance,1
books-to-reread,1
canada,1
books-to-preorder,1
books-i-didn-t-like,1
books-i-liked-bef-but-wouldn-t-rn,1
books-i-love-with-all-my-heart,1
books-i-own-digital-copy,1
books-i-own-in-english,1
books-i-own-physical,1
books-i-own-read,1
books-i-own-tbr,1
books-i-read-in-english,1
books-i-skimmed,1
books-i-ve-reviewed,1
books-i-ve-written,1
books-i-want-on-my-shelf,1
books-i-want-to-buy,1
books-i-want-to-reread,1
books-in-2022,1
books-in-the-freezer-recs,1
books-of-2024,1
books-of-my-life,1
books-on-cd,1
books-own,1
books-owned,1
books-read-on-kindle,1
books-that-destroy-me,1
books-that-feel-like-autumn,1
books-that-had-me-sobbing,1
books-that-took-me-by-surprise,1
borrowed-library,1
borrowed-public-library,1
botm-2023,1
botm-2023-challenge,1
buddy-reads-with-nebula-allies,1
buddy-reads-with-panagis,1
buddy-reads-with-ray-unfinished,1
buddy-reads-with-viv,1
buddyread,1
buffy-would-approve,1
bully-romance,1
bullying,1
burn-the-world-for-her,1
buttoned-up-hero,1
buy-in-print,1
buy-phycial,1
buy-physical-form,1
buzzword-challenge-2023,1
by-men,1
c-adult,1
c-and-c,1
c21,1
c21st,1
c_books-i-own,1
caffeinated-fantasy,1
camps,1
can-i-marry-u,1
can-i-unread-this,1
can-t-seem-to-be-able-to-finish,1
can-t-wait,1
can-you-hear-the-people-sing,1
buddy-reads-2023,1
buddy-read-with-r,1
btqia-protagonists,1
brit-lit,1
botm-picks-owned,1
botm-reads,1
botm-sucks,1
bought-2023,1
bought-ebooks,1
bought-own,1
bought2023,1
boys-love,1
brainrot-don-t-judge-me,1
break-my-heart,1
breeding,1
bring-on-the-angst,1
brit-luv,1
brown-covers,1
british,1
british-author,1
british-history,1
british-isles,1
british-literature,1
british-mystery,1
broke-my-heart,1
broke-my-little-heart-to-pieces,1
broken-hero,1
broken-heroine,1
bromance,1
brotherhood,1
continuation,1
contos-e-novelas,1
cool-magic-system,1
diverse-voices,1
diversity-author,1
diversity-done-right,1
diversity-gender-and-sexuality,1
diversity-lgbtqiap,1
diversity-main-character,1
diversity-poc,1
divine-feminine-rage,1
dl,1
dnf-2023,1
dnf-books,1
dnf-but-its-not-the-books-fault,1
dnf-ed,1
dnf-for-me,1
dnf-might-get-to-it-sometime-later,1
dnf-or-lost-interest,1
dnf23,1
dnfed,1
dnfs,1
do-not-judge,1
do-not-read,1
do-not-recommend,1
do-you-believe-in-magic,1
dogs-wolves-foxes-coyotes,1
domestic-drama,1
domme,1
don-t-mess-with-my-hea,1
don-t-wanna-think-of-anything-else,1
diversity-adult,1
diverse-mc,1
difficile-relationship,1
diverse-characters,1
digital-shelf,1
digital-tbr,1
direct-from-publisher,1
dirty-f-in-talkers,1
dirty-talk,1
disability-and-chronic-illness-rep,1
disability-books-i-ve-read,1
disability-chronic-illness-pain,1
disability-chronic-mental-illness,1
disability-fiction,1
disability-illness-mental-illness,1
disability-medical-condition-rep,1
disability-mental-health,1
disability-mh-nd,1
disability-neurodiversity,1
disability-reads,1
disabled-fantasy-recs,1
disabled-protagonist,1
disappointing-fell-short-of-expecta,1
disappointing-reads,1
disappointing-reads-of-2023,1
disappointments-一场空,1
discover-gnw,1
discreet-cover-spicy-book,1
distopian,1
diverse-author,1
diverse-authors,1
donated,1
dont-bother,1
dont-own,1
doorstopper,1
dystopic-sf,1
dämonen,1
e,1
e-arc-titles-done,1
e-book-copy,1
e-books-read,1
e2l,1
earcs,1
east-asia,1
east-asian,1
east-asian-lit,1
east-asian-literature,1
easy-to-read,1
ebk,1
ebook-bookshelf,1
ebook-borrows,1
ebook-copies,1
ebook-english,1
ebook-from-netgalley,1
ebook-kindle,1
ebook-reads,1
ebook_scribd,1
ebooks-and-kindle,1
ecohorror,1
ecology,1
edelweiss-read,1
edelweissplus,1
dystopic-or-post-apocalyptic,1
dystopian-utopian,1
dystopian-societies,1
dual-plus-pov,1
down-and-dirty,1
dragging-plot,1
dragon-books,1
dragon-challenge-2024,1
drama-romance-contemporary,1
drc,1
drc-arc,1
drooled-on-the-cover,1
drowning-in-cheese,1
drugging,1
druids,1
dual-narrative,1
dual-point-of-view,1
dystopian-reads,1
dub-con-non-con,1
dubcon-noncon,1
dueling-with-honor,1
dumb-mcs,1
duty-vs-love,1
dwa-zero-dwa-cztery,1
dysfunction-at-its-best,1
dystopia-postapocalyptic,1
dystopia-utopia,1
dystopian-and-apocalyptic,1
dystopian-fiction,1
dystopian-post-apocalyptic,1
digital-read,1
differently-abled,1
coolest-settings,1
creatures-vampire,1
crewwhoscrew,1
cried,1
cried-while-reading,1
crime-thriller,1
cringe-but-free,1
cringe-romance,1
cringeworthy,1
cringey-romance,1
cryfest-overload,1
crying-books,1
crying-screaming-shaking,1
cubes-of-flesh-and-other-grossness,1
cuddlebug,1
cuentos-de-hadas,1
cult,1
cultivation,1
cultural,1
cultural-china,1
culture,1
culture-india,1
curious-fictional-creatures,1
current-series,1
currently-own,1
curse,1
curse-breaking,1
curses,1
curses-betrayals-plot-twists,1
creepy-spooky,1
creatures-dragons,1
different-world-universe,1
creature-human-with-abilities,1
cop-military-bodyguard,1
corruption-arc,1
cosy,1
could-be-better,1
could-not-put-down,1
could-not-stop-reading,1
could-ve-would-ve-should-ve-didn-t,1
couldnt-finish,1
couldnt-stay-focused,1
couleurs,1
coup-de-cœur,1
couples-that-have-my-heart-and-soul,1
cover-buy,1
cover-color-orange,1
cover-lust,1
covergasm,1
cowboy-witches,1
coworker-romance,1
coworkers,1
coyer,1
cozy-atmosphere,1
cozy-fantasy,1
cozy-reads,1
crafting,1
crappy-heroine,1
crazy-ass-villains,1
creative-mc,1
cute,1
cute-pets,1
cyborg-robot-ai,1
d-jinn,1
debut-novel,1
december-2023-books,1
december-23,1
december-reads,1
deconstruction,1
deeply-messed-up-characters,1
def-need-a-physical-copy-of-this,1
definitely-gay,1
definitely-great,1
demiromantic,1
demon-smut,1
demons-gods-monsters-other-entity,1
denial,1
derivative,1
desert-island-keepers,1
desi-main,1
devoured-in-one-sitting,1
dhasg2023,1
dialga-will-like-it,1
diaspora-客行悲故乡,1
did-not-like,1
did-not-like-it,1
did-not-see-that-coming,1
didn-t-care-for,1
didn-t-like-much,1
didn-t-see-that-twist-coming,1
die-liebe-liebe,1
death-skulls-etc,1
death-grim-reaper,1
death-dying,1
dark-fairytale,1
d-wlw,1
damaged-scarred-hero,1
danmei-and-manhwa,1
danmei-bl,1
danmei-if-i-do,1
danmei-novels,1
danmei-read,1
danmei-yaoi,1
dante,1
dark-academy-trope,1
dark-and-grimdark,1
dark-angst,1
dark-fantasy-and-paranormal,1
dear-to-my-heart,1
dark-fantasy-horror,1
dark-hair-grey-morals,1
dark-ish,1
dark-reads,1
dark-romantasy,1
dark-themes,1
dat-tat-tho,1
date-tba,1
david,1
dead-ex-trope-deserves-jail-time,1
dead-moms-club,1
deal,1
百合-耽美,1
