Tag,Frequency,POS
fantasy,5512,NOUN
2023,2664,NUM
netgalley,1691,NOUN
arc,1442,PROPN
favorites,1353,NOUN
arcs,1209,NOUN
fiction,837,NOUN
adult,816,NOUN
audiobook,815,NOUN
horror,707,NOUN
2024,666,NUM
audiobooks,506,NOUN
dnf,492,VERB
romance,470,NOUN
lgbtq,350,NOUN
owned,299,VERB
ebook,272,VERB
audio,242,PROPN
lgbtqia,219,PROPN
queer,218,NOUN
lgbt,217,PROPN
favourites,195,NOUN
novella,188,PROPN
kindle,187,VERB
adventure,186,NOUN
reviewed,185,VERB
mystery,182,NOUN
danmei,169,PROPN
scifi,168,NOUN
own,167,ADJ
dystopian,161,PROPN
paranormal,160,NOUN
library,157,NOUN
contemporary,143,ADJ
magic,135,NOUN
ya,134,NOUN
historical,127,ADJ
giveaways,122,NOUN
2022,114,NUM
sff,109,PROPN
fae,107,NOUN
ebooks,106,NOUN
dystopia,97,NOUN
dragons,96,NOUN
dark,94,ADJ
series,93,NOUN
mythology,80,NOUN
gothic,76,PROPN
fairyloot,76,VERB
romantasy,72,ADJ
audible,69,ADJ
action,67,NOUN
faves,65,VERB
illumicrate,64,VERB
sapphic,64,VERB
retellings,63,NOUN
aliens,57,NOUN
novellas,56,PROPN
sf,56,PROPN
demons,51,NOUN
reviews,49,NOUN
achillean,44,PROPN
edelweiss,40,VERB
bipoc,35,PROPN
favs,35,ADJ
thriller,34,NOUN
animals,33,NOUN
favorite,33,VERB
novels,33,NOUN
abuse,33,NOUN
lgbtqa,32,NOUN
borrowed,32,VERB
family,32,NOUN
libby,31,PROPN
retelling,30,VERB
vampires,30,NOUN
asian,29,PROPN
disappointing,29,ADJ
cozy,29,NOUN
added,28,VERB
english,28,PROPN
humor,27,NOUN
ghosts,27,NOUN
indie,26,PROPN
bookshelf,26,NOUN
signed,25,VERB
apocalyptic,23,ADJ
fairytale,23,NOUN
favourite,22,VERB
academia,22,NOUN
drama,22,NOUN
wishlist,22,NOUN
gay,21,PROPN
witches,21,NOUN
space,21,NOUN
earc,21,PROPN
supernatural,21,ADJ
disability,21,NOUN
monster,21,NOUN
novel,20,NOUN
china,20,PROPN
crime,20,NOUN
abandoned,20,VERB
bookclub,20,NOUN
cosmere,20,ADV
spicy,19,ADJ
fairytales,19,NOUN
lgbtqiap,19,PROPN
gifted,19,VERB
erotica,19,PROPN
feminism,18,NOUN
history,18,NOUN
cliffhanger,18,PROPN
shifters,18,NOUN
angst,18,NOUN
folklore,17,VERB
cyberpunk,16,VERB
faeries,16,NOUN
angels,16,NOUN
academy,16,NOUN
death,16,NOUN
anticipated,16,VERB
liked,16,VERB
read2023,16,PROPN
ku,16,PROPN
thrillers,15,NOUN
physical,15,ADJ
botm,15,VERB
netgalley2023,15,NOUN
giveaway,15,NOUN
speculative,15,VERB
debut,15,PROPN
epic,14,PROPN
mm,14,NOUN
rh,14,VERB
american,14,PROPN
meh,14,NOUN
demon,13,NOUN
0reviewed,13,VERB
fantastical,13,ADJ
bought,13,VERB
magical,13,ADJ
monsters,13,NOUN
futuristic,13,ADJ
audio2023,12,NOUN
funny,12,ADJ
tor,12,NOUN
mf,12,NOUN
gods,12,NOUN
2021,12,NUM
fairies,12,NOUN
diverse,12,ADJ
2020s,12,NUM
books,12,NOUN
overdrive,11,ADJ
childrens,11,NOUN
politics,11,NOUN
climate,11,NOUN
2023reads,11,NOUN
chinese,11,PROPN
pnr,11,NOUN
pirates,11,NOUN
bl,11,VERB
alien,11,VERB
listened,11,VERB
assassins,11,NOUN
wlw,11,PROPN
africa,10,PROPN
smut,10,NOUN
grimdark,10,NOUN
angsty,10,NOUN
hardcover,10,NOUN
diversity,10,NOUN
sciencefiction,10,NOUN
environment,10,NOUN
review,10,NOUN
digital,10,ADJ
netgallery,9,NOUN
numbered,9,VERB
specfic,9,ADJ
hardback,9,VERB
fantasia,9,NOUN
loved,9,VERB
archives,9,NOUN
tbr,9,NOUN
clean,9,VERB
vampire,9,VERB
military,9,NOUN
readtoreview,9,NOUN
goldsboro,9,NOUN
fun,9,NOUN
asia,9,PROPN
amazing,9,ADJ
atmospheric,9,PROPN
owlcrate,9,VERB
nebula,9,NOUN
grief,9,NOUN
creepy,9,PROPN
aty2024,8,VERB
friendship,8,NOUN
elizabeth,8,PROPN
audiobooked,8,VERB
autumn,8,NOUN
good,8,ADJ
african,8,PROPN
mlm,8,VERB
humour,8,NOUN
cute,8,VERB
addictive,8,ADJ
lesbian,8,PROPN
advancedreadercopies,8,NOUN
recommended,8,VERB
comedy,8,NOUN
debuts,8,NOUN
comics,8,NOUN
spooky,8,ADJ
lgbtqia2s,8,NOUN
detective,8,NOUN
boring,8,VERB
evernight,8,VERB
ebk,8,VERB
1fantasy,8,PROPN
science,8,NOUN
litrpg,8,NOUN
indigenous,8,ADJ
aoc,8,NOUN
college,8,NOUN
2novel,8,NUM
england,8,PROPN
anthology,8,NOUN
cannibalism,7,NOUN
upcoming,7,ADJ
immersive,7,ADJ
aardvark,7,PROPN
future,7,NOUN
cats,7,NOUN
india,7,PROPN
creatures,7,NOUN
banter,7,NOUN
published2023,7,NOUN
horrororor,7,NOUN
fav,7,NOUN
comfort,7,NOUN
war,7,NOUN
sanderson,7,PROPN
kobo,7,PROPN
emotional,7,ADJ
standalone,7,NOUN
keepers,7,NOUN
british,6,PROPN
favoritos,6,NOUN
music,6,NOUN
aapi,6,VERB
delightful,6,ADJ
kidnapping,6,VERB
california,6,PROPN
breeding,6,VERB
recommendations,6,NOUN
fbr,6,NOUN
ab,6,PROPN
bookbeat,6,PROPN
bought2023,6,PROPN
alpha,6,NOUN
shapeshifters,6,NOUN
ai,6,NOUN
galley,6,NOUN
cults,6,NOUN
paperback,6,VERB
suspense,6,NOUN
audiolibri,6,NOUN
disappointment,6,NOUN
royalty,6,NOUN
disappointed,6,VERB
rtc,6,PROPN
steampunk,6,NOUN
middlegrade,6,NOUN
children,6,NOUN
mine,6,PRON
environmental,6,ADJ
political,6,ADJ
usa,6,PROPN
cbr15,6,PROPN
bisexual,6,PROPN
dropped,6,VERB
2023brs,6,NOUN
dragon,6,NOUN
standalones,6,NOUN
dramatic,6,ADJ
shelf,5,NOUN
shifter,5,ADJ
galleys,5,VERB
love,5,NOUN
literary,5,ADJ
alc,5,NOUN
scififantasy,5,NOUN
goodreadschoice2023,5,PROPN
readin2023,5,PROPN
9s,5,NOUN
7arcs,5,NUM
bdsm,5,PROPN
best,5,ADJ
lyrical,5,ADJ
betrayal,5,NOUN
feminist,5,NOUN
subscription,5,NOUN
april,5,PROPN
witchy,5,ADJ
intrigue,5,VERB
disturbing,5,VERB
yesss,5,VERB
underwhelming,5,VERB
2slgbtqia,5,NOUN
mermaids,5,NOUN
2020,5,NUM
cried,5,VERB
myths,5,NOUN
dnfed,5,VERB
booktok,5,ADJ
poc,5,VERB
trans,5,NOUN
dnfs,5,NOUN
elves,5,NOUN
5,5,NUM
masterpieces,5,NOUN
conspiracy,5,NOUN
clairvoyants,5,NOUN
2023netgalleychallenge,4,NOUN
lgbqt,4,PROPN
fanta,4,NOUN
classics,4,NOUN
arcs2023,4,NOUN
romantic,4,ADJ
amnesia,4,PROPN
bargain,4,NOUN
2023genrechallenge,4,NOUN
2023books,4,NOUN
ng2023,4,PROPN
survival,4,NOUN
curse,4,VERB
culture,4,NOUN
scribd,4,PROPN
starwars,4,VERB
exwishlist,4,PROPN
faerie,4,PROPN
spice,4,VERB
spfbo9,4,PROPN
awhhh,4,ADJ
adventurous,4,ADJ
everend,4,VERB
disaster,4,NOUN
nope,4,NOUN
literature,4,NOUN
covergasm,4,NOUN
autism,4,NOUN
spaceships,4,NOUN
hype,4,NOUN
activism,4,NOUN
2slgbtq,4,NUM
purchased,4,VERB
readathons,4,NOUN
ttx,4,VERB
eng,4,PROPN
nautical,4,ADJ
halloween,4,PROPN
sffbooksihaveread,4,PROPN
unfinished,4,ADJ
illustrated,4,VERB
quiltbag,4,PROPN
gsff,4,NOUN
maps,4,NOUN
queerio,4,NOUN
malazan,4,PROPN
5stars,4,NUM
booktourgals,4,NOUN
religion,4,NOUN
biblioteca,4,PROPN
terror,4,NOUN
netgally,4,ADV
canadian,4,PROPN
canada,4,PROPN
june,4,PROPN
epistolary,4,NOUN
bi,4,PROPN
preordered,4,VERB
duology,4,NOUN
regency,4,NOUN
priority,4,NOUN
pregnancy,4,NOUN
new,3,ADJ
librofm,3,NOUN
myth,3,NOUN
egalley,3,ADV
doorstopper,3,NOUN
no,3,INTJ
disappointments,3,NOUN
depressing,3,VERB
done,3,VERB
erotic,3,ADJ
mythfairytalefantasy,3,NOUN
derivative,3,ADJ
necromancy,3,NOUN
enjoyed,3,VERB
earcs,3,NOUN
ereader,3,NOUN
next,3,ADV
nature,3,NOUN
ecology,3,NOUN
downloads,3,NOUN
dystopias,3,PROPN
detectives,3,NOUN
enemiestolovers,3,NOUN
netgalleys,3,NOUN
espionage,3,NOUN
library2023,3,NOUN
librarybook,3,PROPN
arthurian,3,PROPN
mysteries,3,NOUN
prose,3,VERB
proofs,3,NOUN
recommend,3,VERB
mid,3,VERB
recs,3,NOUN
brutal,3,NOUN
book,3,NOUN
mexico,3,PROPN
blurbed,3,VERB
black,3,ADJ
reread,3,NOUN
rereads,3,VERB
chewy,3,NOUN
relationships,3,NOUN
posthuman,3,NOUN
capitalism,3,NOUN
biology,3,NOUN
popsugar2024,3,VERB
brujas,3,NOUN
march,3,PROPN
23-Mar,3,NOUN
racism,3,NOUN
bookcase,3,VERB
botb2023,3,NOUN
mehhh,3,ADJ
bought23,3,VERB
cringe,3,VERB
scfi,3,NOUN
cover,3,VERB
sampled,3,VERB
couleurs,3,NOUN
families,3,NOUN
livre,3,NOUN
food,3,NOUN
damaged,3,VERB
audio23,3,NOUN
scifan,3,NOUN
omar,3,PROPN
cultural,3,ADJ
audiolibro,3,PROPN
cx,3,VERB
awwwdeeeoooo,3,ADJ
paused,3,VERB
collection,3,NOUN
lqbt,3,NOUN
pc,3,NOUN
rezensionsexemplar,3,PROPN
colonialism,3,NOUN
bad,3,ADJ
continuation,3,NOUN
fantastyka,3,NOUN
pansing,3,VERB
quest,3,NOUN
forbidden,3,VERB
inkstone,3,VERB
abandonment,3,NOUN
unhaul,3,ADJ
horrorish,3,PROPN
ghost,3,NOUN
steamy,3,ADJ
latine,3,PROPN
utopia,3,NOUN
us,3,PRON
inspiration,3,NOUN
unreleased,3,VERB
lgbtqap,3,PROPN
america,3,PROPN
americans,3,PROPN
kids,3,NOUN
tenho,3,PROPN
trash,3,NOUN
jay,3,PROPN
western,3,ADJ
adulte,3,PROPN
adaptation,3,NOUN
superheroes,3,NOUN
january,3,PROPN
jail,3,NOUN
glbtq,3,NOUN
sw,3,PROPN
2023releases,3,NOUN
2023tbr,3,NUM
hilarious,3,ADJ
tbr2023,3,VERB
afrofuturism,3,NOUN
afterlife,3,NOUN
teen,3,NOUN
interesting,3,ADJ
hoopla,3,NOUN
jewish,3,PROPN
lbgtq,3,PROPN
winter,3,NOUN
virgin,3,PROPN
shreve,3,VERB
3star,3,NUM
anglophilia,3,ADJ
grownup,3,PROPN
thrilling,3,VERB
youngadult,3,ADJ
annotated,3,VERB
kindled,3,VERB
kinky,3,PROPN
anthologies,3,NOUN
skiffy,3,PROPN
great,3,ADJ
apl,3,VERB
apocalypse,3,NOUN
translation,3,NOUN
may,2,AUX
philosophy,2,NOUN
childrensbooks,2,NOUN
mithology,2,NOUN
favesof2023,2,PROPN
chaste,2,VERB
charming,2,PROPN
mira,2,PROPN
top10,2,PROPN
hetero,2,PROPN
cherished,2,VERB
2023oct,2,NUM
cold,2,ADJ
2023top50,2,NOUN
cliche,2,NOUN
paranormalromance,2,NOUN
collected,2,VERB
rc,2,NOUN
colonization,2,NOUN
4stars,2,NOUN
chy,2,PROPN
citazioni,2,PROPN
highhopes2023,2,PROPN
meus,2,PROPN
booktours,2,NOUN
buddyread,2,VERB
23netgalley,2,NUM
psychological,2,ADJ
ugh,2,NOUN
24h,2,NOUN
bromance,2,NOUN
booktalkwithwifey,2,PROPN
unhauled,2,ADJ
4,2,NUM
h,2,NOUN
have,2,VERB
bullying,2,VERB
haunting,2,VERB
bully,2,ADV
twins,2,NOUN
fated,2,VERB
translations,2,NOUN
kickstarter,2,PROPN
trilogy,2,NOUN
3,2,NUM
britain,2,PROPN
translated,2,VERB
kidsyoungadultread,2,PROPN
brandosando,2,NOUN
booksubscription,2,NOUN
maythology,2,NOUN
polycule,2,NOUN
pop,2,VERB
popcorn,2,NOUN
rakstniece,2,NOUN
valdemar,2,PROPN
poc2023,2,NOUN
pocmaincharacters,2,NOUN
uuups,2,NOUN
booksirens,2,VERB
c21,2,NOUN
print,2,NOUN
booksaboutbooks,2,NOUN
unstraight,2,ADJ
hea,2,NOUN
powers,2,NOUN
juvenile,2,ADJ
2024top50,2,NOUN
escapism,2,NOUN
escapers,2,NOUN
dnd,2,PROPN
nhhp,2,NOUN
incubus,2,PROPN
indian,2,PROPN
distopian,2,PROPN
comfy,2,ADJ
donated,2,VERB
1980s,2,NUM
dnfnotme,2,NOUN
1910s,2,NUM
ethics,2,NOUN
europe,2,PROPN
wuxia,2,NOUN
excited,2,VERB
exceptional,2,ADJ
desi,2,VERB
indieauthor,2,NOUN
different,2,ADJ
humorous,2,ADJ
2000s,2,NUM
noir,2,NOUN
disappoiments,2,NOUN
xianxia,2,PROPN
engels,2,NOUN
englisch,2,NOUN
edelweissplus,2,NOUN
mystical,2,ADJ
eerie,2,VERB
drugging,2,VERB
drc,2,PROPN
dramarama,2,PROPN
neurodiverse,2,VERB
netgalleyarc,2,NOUN
entangled,2,VERB
environmentalism,2,NOUN
homophobia,2,PROPN
wilderness,2,NOUN
ownage,2,NOUN
holmesian,2,PROPN
cosy,2,NOUN
montana,2,PROPN
whodunit,2,NOUN
whodunnits,2,NOUN
covers,2,VERB
irecommend,2,VERB
witch,2,NOUN
coyer,2,NOUN
fall,2,VERB
owed,2,VERB
ownd,2,VERB
commentary,2,NOUN
ownvoices,2,NOUN
compendium,2,NOUN
completed,2,VERB
fantast,2,NOUN
pace,2,NOUN
comic,2,ADJ
money,2,NOUN
pain,2,NOUN
werewolves,2,NOUN
werewolf,2,NOUN
historicalfiction,2,NOUN
fantascienza,2,PROPN
webnovels,2,NOUN
fanfiction,2,NOUN
multiverse,2,VERB
worldbuilding,2,VERB
won,2,VERB
witchlife,2,NOUN
cult,2,VERB
cultivation,2,NOUN
criminals,2,NOUN
international,2,ADJ
cyborg,2,PROPN
multicultural,2,ADJ
cyborgs,2,NOUN
curses,2,NOUN
women,2,NOUN
assassin,2,PROPN
aspec,2,NOUN
freebies,2,NOUN
adoption,2,NOUN
lgbtqaplus,2,NOUN
actionpacked,2,VERB
actiony,2,PROPN
activist,2,NOUN
robots,2,NOUN
lovecraftian,2,PROPN
roman,2,NOUN
bbnya,2,VERB
aty2023,2,NOUN
aty24,2,PROPN
fin,2,PROPN
gloomy,2,ADJ
bechdel,2,PROPN
adored,2,VERB
lgbtqai,2,NOUN
magia,2,PROPN
billionaire,2,NOUN
lieberry,2,PROPN
asexual,2,ADJ
friendships,2,NOUN
fruity,2,NOUN
femalewriter,2,NOUN
biopunk,2,NOUN
spaaaace,2,NOUN
beta,2,NOUN
accion,2,NOUN
retelings,2,NOUN
tchaikovsky,2,NOUN
betrayals,2,NOUN
august,2,PROPN
forgettable,2,ADJ
autographed,2,VERB
australian,2,PROPN
footnotes,2,NOUN
audios,2,NOUN
sad,2,ADJ
girlhood,2,NOUN
storytel,2,ADJ
alcs,2,NOUN
spirituality,2,NOUN
badass,2,VERB
adultish,2,PROPN
badassery,2,NOUN
alphaholes,2,NOUN
fire,2,NOUN
russian,2,PROPN
awesomest,2,VERB
sue,2,VERB
b23,2,NOUN
spooktober,2,NOUN
firstreads,2,NOUN
rooooomance,2,NOUN
babies,2,NOUN
b2weird,2,NOUN
aromantic,2,ADJ
three,2,NUM
antarctica,2,PROPN
graphics,2,NOUN
gargoyle,2,NOUN
8s,2,NOUN
knotting,2,VERB
sffvektor2023,2,NOUN
anticapted,2,VERB
sisters,2,NOUN
lib2023,2,PROPN
thepigeonholehq,2,PROPN
kurzmeinung,2,PROPN
anithero,2,NOUN
kuwait,2,PROPN
slowburn,2,VERB
annoying,2,ADJ
archaeological,2,ADJ
readin23,2,NOUN
fyeahfantasy,2,PROPN
52,2,NUM
shelfs,2,PROPN
24-Mar,2,PROPN
greek,2,NOUN
showcase,2,PROPN
6s,2,NUM
antiheroes,2,NOUN
5s,2,NUM
5star,2,NUM
antihero,2,NOUN
shorties,2,NOUN
bookclubs,2,NOUN
shorts,2,VERB
male,2,NOUN
lgbtiqa,2,NOUN
angel,2,NOUN
blood,2,NOUN
abduction,2,NOUN
abominable,2,ADJ
gore,2,PROPN
female,2,NOUN
solarpunk,2,VERB
birds,2,NOUN
lgqbt,2,NOUN
february,2,PROPN
lgtbq,2,PROPN
arizona,2,PROPN
absolutefavorites,2,VERB
inmycollection,1,NOUN
life,1,NOUN
mvbs,1,VERB
mxm,1,ADJ
inception,1,NOUN
mxtx,1,PROPN
murder,1,NOUN
lieben,1,PROPN
lit,1,VERB
must,1,AUX
insecurities,1,NOUN
mystic,1,ADJ
myfaves,1,NOUN
inglese,1,PROPN
lgeebeetees,1,NOUN
lgbtq2ia,1,ADJ
immagetchoo,1,VERB
independent,1,ADJ
lgtbqia,1,PROPN
lightnovel,1,NOUN
lightdarkromance,1,NOUN
lgtbqa,1,NOUN
myshelf,1,NOUN
like,1,VERB
immortal,1,ADJ
lgtb,1,PROPN
mysterious,1,ADJ
libreros,1,NOUN
ilukirjandus,1,PROPN
lgbtiq,1,NOUN
ilonaandrews,1,NOUN
infertility,1,NOUN
librarybooks,1,NOUN
lgbtquia,1,NOUN
lgbtqi,1,NOUN
limbo,1,NOUN
indies,1,NOUN
incomplete,1,ADJ
librar,1,PROPN
lifeline,1,NOUN
michelle,1,PROPN
mgr,1,VERB
karcs,1,PROPN
justread2023readingchallenge,1,PROPN
juv,1,PROPN
juvenil,1,ADJ
labyrinths,1,NOUN
laaadies,1,NOUN
jya,1,NOUN
justice,1,NOUN
kentucky,1,PROPN
kelsie,1,NOUN
meta,1,ADJ
katedaniels,1,NOUN
mfm,1,ADJ
l,1,NOUN
keith,1,PROPN
metafiction,1,NOUN
militant,1,NOUN
miltary,1,NOUN
juice,1,NOUN
misc,1,NOUN
latinx,1,NOUN
minibooks,1,NOUN
midgrade,1,NOUN
laser,1,NOUN
latin,1,PROPN
kingarthur,1,PROPN
maybe,1,ADV
kindleunlimited,1,VERB
mates,1,NOUN
kindlebooks,1,PROPN
23-May,1,PROPN
me,1,PRON
mcn,1,NOUN
mcgn,1,PROPN
malewriter,1,PROPN
mam2,1,NOUN
maritime,1,ADV
marginalized,1,VERB
manga,1,NOUN
kris,1,PROPN
koreanamerican,1,PROPN
kidnapped,1,VERB
melancholic,1,ADJ
kunlimited,1,VERB
memory,1,NOUN
meditative,1,ADJ
mecha,1,PROPN
medieval,1,ADJ
medievalism,1,NOUN
medievalish,1,ADJ
london,1,PROPN
longing,1,VERB
isekai,1,VERB
morallygreycharacters,1,NOUN
louisiana,1,PROPN
monsterromance,1,VERB
monsterpeenlover,1,NOUN
motherhood,1,NOUN
lgbtg,1,NOUN
mtmctours,1,NOUN
mtcba,1,PROPN
lgbti,1,PROPN
livingston,1,PROPN
lithium,1,NOUN
legimi,1,PROPN
legimibook,1,NOUN
legend,1,NOUN
modern,1,ADJ
lemmik,1,PROPN
mmmmm,1,NOUN
lqbtqia,1,PROPN
jovan,1,PROPN
jla,1,PROPN
m4m,1,PROPN
jri,1,VERB
jugendbuch,1,VERB
lbgtqia,1,PROPN
jeunesse,1,PROPN
j,1,NOUN
iykyk,1,NOUN
loveletters,1,NOUN
moje,1,VERB
lovecraftish,1,PROPN
mondadori,1,NOUN
23-Jan,1,NOUN
mombookclub,1,NOUN
strongfemalelead,1,PROPN
stem,1,VERB
stonecoast,1,NOUN
supersapphic,1,ADJ
supernaturals,1,NOUN
supes,1,NOUN
surprise,1,NOUN
surreal,1,ADJ
suspence,1,NOUN
summer24tbr,1,NOUN
summer23,1,PROPN
summer,1,NOUN
started,1,VERB
speculate,1,VERB
spanish,1,PROPN
ssbingo23,1,PROPN
stafford,1,PROPN
spinoff,1,PROPN
standouts,1,NOUN
spy,1,NOUN
spring,1,NOUN
spookoplathon,1,PROPN
splendor,1,NOUN
spite,1,VERB
spirit,1,PROPN
swana,1,NOUN
tentacles,1,NOUN
tfn,1,NOUN
thieves,1,NOUN
third,1,ADJ
swashbuckling,1,NOUN
t4t,1,PROPN
tbd,1,PROPN
technothriller,1,NOUN
tdb,1,NOUN
tbrandbeyondtours,1,NOUN
tbrcleanup2024,1,PROPN
tears,1,NOUN
technology,1,NOUN
sp9,1,PROPN
sequels,1,NOUN
serial,1,ADJ
sfbc,1,VERB
sexy,1,ADJ
serve,1,VERB
seriestbrathon,1,NOUN
seriesprogress2024,1,VERB
seriesprogress2023,1,NOUN
scifantasy,1,PROPN
scifiromance,1,VERB
smutsmut,1,NOUN
smutty,1,ADJ
snoozefest,1,ADJ
snoozy,1,NOUN
smashword,1,NOUN
slapped,1,VERB
slay,1,NOUN
slayed,1,VERB
sleep,1,NOUN
southern,1,ADJ
solid,1,ADJ
solaria,1,NOUN
shapeshifter,1,NOUN
shelved,1,VERB
sheri,1,ADJ
shesgotthis,1,PROPN
shakespeare,1,VERB
sffh,1,VERB
shadowhunters,1,NOUN
shtf,1,PROPN
short,1,ADJ
sirens,1,NOUN
skimmed,1,VERB
shortfiction,1,NOUN
thisbookwilarrivewithmyfirstgrandch,1,NOUN
thomas,1,PROPN
wolves,1,NOUN
womanhood,1,NOUN
woke,1,VERB
wolf,1,NOUN
wnbsff,1,NOUN
wow,1,INTJ
workworkwork,1,NOUN
webscriptions,1,NOUN
weird,1,ADJ
westerns,1,NOUN
whales,1,NOUN
warmfuzzyfeelz,1,NOUN
waterstones,1,NOUN
wbtm,1,PROPN
winners,1,NOUN
wintery,1,NOUN
wheel8,1,NOUN
youth,1,NOUN
yeehaw,1,ADJ
yearning,1,VERB
yes,1,INTJ
yessir,1,NOUN
yabc,1,PROPN
wtf,1,PROPN
wwii,1,PROPN
towerx,1,NOUN
tour,1,VERB
transgress,1,VERB
tween,1,NOUN
trilogies,1,NOUN
tisane,1,NOUN
timesreads,1,NOUN
tikitoki,1,NOUN
thrills,1,NOUN
togbc,1,NOUN
tob,1,ADJ
vox,1,PROPN
viagens,1,VERB
vamps,1,NOUN
vaporbook,1,NOUN
verse,1,NOUN
waiting,1,VERB
waaaaaiting,1,VERB
vamp,1,NOUN
under300pages,1,NOUN
ulubione,1,NOUN
unalivers,1,NOUN
unlimited,1,ADJ
uk,1,PROPN
uf,1,NOUN
uplifting,1,VERB
urbanfantasy,1,NOUN
unread,1,VERB
unrated,1,ADJ
unputdownable,1,ADJ
unpublished,1,ADJ
unowned,1,ADJ
mythie,1,NOUN
ownbook,1,NOUN
painnnn,1,NOUN
pancelts,1,NOUN
paper,1,NOUN
p23,1,NOUN
ownvoicerep,1,VERB
ownhardcopy,1,VERB
original,1,ADJ
original23,1,NOUN
otps,1,NOUN
otherpocauthors,1,NOUN
otherland,1,NOUN
other,1,ADJ
orillium,1,NOUN
paperbacks,1,NOUN
pleasure,1,NOUN
physique,1,NOUN
pigeonhole,1,NOUN
pink,1,ADV
piratesque,1,NOUN
pk,1,NOUN
possibility,1,NOUN
posiadane,1,NOUN
posseduto,1,VERB
poignant,1,NOUN
poison,1,NOUN
physical23,1,PROPN
pastiche,1,NOUN
personalized,1,VERB
period,1,NOUN
perfection,1,NOUN
patronaty,1,NOUN
neurodivergent,1,VERB
neurodiversity,1,NOUN
neurodivergence,1,NOUN
nlt,1,PROPN
ngt,1,PROPN
newp,1,PROPN
native,1,ADJ
naughty,1,NOUN
mythologie,1,NOUN
mythos,1,PROPN
needed,1,VERB
need,1,VERB
necromancers,1,NOUN
nebulas,1,PROPN
obsessed,1,VERB
nttbf,1,PROPN
nyp,1,PROPN
nss,1,PROPN
octarine,1,NOUN
nsfw,1,PROPN
november,1,PROPN
23-Oct,1,PROPN
oddballs,1,VERB
oms,1,NOUN
older,1,ADJ
okc,1,PROPN
okay,1,ADJ
novellae,1,VERB
nonfiction,1,NOUN
nook,1,PROPN
nordic,1,ADJ
norse,1,ADJ
nostalgia,1,NOUN
nola,1,PROPN
notes,1,VERB
notgraphicnovels,1,NOUN
nothumanspice,1,PROPN
postcolonial,1,ADJ
rereadable,1,ADJ
representationmatters,1,NOUN
requested,1,VERB
represent,1,VERB
remixes,1,NOUN
rezensionsexemplare,1,VERB
revs,1,VERB
reverseharem,1,PROPN
rft24,1,VERB
rebellion,1,NOUN
rejects,1,NOUN
readmyshelf2024,1,VERB
reccomended,1,VERB
reddit,1,NOUN
reihe,1,PROPN
reihenliebe,1,NOUN
reimagining,1,VERB
recommends,1,VERB
recenzje,1,NOUN
recenzenci,1,NOUN
recent,1,ADJ
safe,1,ADJ
sagas,1,PROPN
sanskrit,1,NOUN
royals,1,NOUN
rws,1,VERB
rytai,1,VERB
school,1,NOUN
schififantasy,1,PROPN
scary,1,VERB
scalzi,1,NOUN
scales,1,NOUN
romo,1,NOUN
riordanverse,1,VERB
romantical,1,ADJ
romanticy,1,NOUN
romatasy,1,VERB
romcoms,1,VERB
rommance,1,NOUN
romantacy,1,PROPN
romances,1,NOUN
romancelandia,1,NOUN
reading,1,VERB
readathon,1,NOUN
queens,1,NOUN
quality,1,NOUN
quantum,1,NOUN
quartet,1,NOUN
r2024,1,VERB
rachae,1,NOUN
queers,1,NOUN
readalongs,1,NOUN
pride,1,NOUN
prerelease,1,VERB
publisher,1,NOUN
psychology,1,NOUN
psychics,1,NOUN
psychic,1,ADJ
psions,1,NOUN
psionics,1,NOUN
ps2023,1,NOUN
proza,1,NOUN
protectivehero,1,NOUN
rainbowcrate,1,VERB
rainbowrex,1,PROPN
read2024,1,PROPN
rbc,1,PROPN
rarechallenge24,1,PROPN
rapunzel,1,ADJ
author,1,NOUN
automnal,1,ADJ
autonomatons,1,NOUN
autoras,1,NOUN
autores,1,VERB
authors,1,NOUN
autistic,1,ADJ
auteurices,1,NOUN
au,1,VERB
audioboek,1,VERB
audiofile,1,VERB
audiolibros,1,NOUN
audioreads,1,NOUN
22-Aug,1,VERB
23-Aug,1,VERB
auidobook,1,PROPN
austentacious,1,ADJ
audiobooki,1,PROPN
bdb,1,PROPN
baking,1,VERB
ballet,1,VERB
bamfb,1,PROPN
belletristik,1,PROPN
beloved,1,VERB
berkley,1,NOUN
berserk,1,PROPN
beautifull,1,VERB
beautifulcovers,1,NOUN
beasties,1,NOUN
beauties,1,NOUN
beautiful,1,ADJ
baffled,1,VERB
awwwness,1,NOUN
awwwwww,1,PROPN
ayyyyy,1,PROPN
awesome,1,ADJ
aventura,1,PROPN
aventuras,1,NOUN
babelio,1,NOUN
baby,1,NOUN
atmostpheric,1,VERB
antiracism,1,NOUN
antisemitism,1,NOUN
apocalypses,1,NOUN
antiphemeral,1,ADJ
anticipation,1,NOUN
anticolonialism,1,NOUN
apokalypse,1,VERB
apotpourriofopinions,1,NOUN
ar,1,VERB
arab,1,PROPN
anticapitalist,1,NOUN
anglais,1,PROPN
anthropomorphic,1,NOUN
anthropomorphism,1,NOUN
anticapitalism,1,NOUN
annoyed,1,VERB
annie,1,PROPN
annotate,1,PROPN
artemiscomps,1,VERB
artifacts,1,NOUN
artist,1,NOUN
asdfghjklnenndjd,1,ADJ
asexuals,1,NOUN
assault,1,NOUN
asians,1,NOUN
asoiaf,1,NOUN
art,1,NOUN
arrangement,1,NOUN
aristocracy,1,NOUN
arcstodevour23,1,PROPN
arcs2022,1,NOUN
britishisms,1,NOUN
brotherhood,1,NOUN
breeders,1,NOUN
brick,1,NOUN
brighteyes,1,NOUN
brilliant,1,ADJ
brothers,1,NOUN
buddyreadwithbrandy,1,PROPN
bueno,1,VERB
bulliesnjerks,1,VERB
bundle,1,NOUN
brr,1,VERB
bubblegum,1,VERB
boys,1,NOUN
bookswelove23,1,NOUN
booktalk,1,NOUN
booktober,1,VERB
bound,1,VERB
booksreadin2024,1,PROPN
books2023,1,PROPN
books2024,1,NOUN
booksbyfriends,1,NOUN
booksdhasread,1,NOUN
bookshelves,1,NOUN
bookshop,1,NOUN
bookspin,1,NOUN
booksprout,1,VERB
booksreadin2023,1,PROPN
bored,1,VERB
botbc23,1,PROPN
boughtdecember2023december2024,1,ADJ
borrowbox,1,NOUN
bildungsroman,1,NOUN
binged,1,VERB
biography,1,NOUN
biotechnology,1,NOUN
bilingual,1,ADJ
biblical,1,ADJ
bibliophilia,1,PROPN
bickering,1,VERB
bitch,1,VERB
bittersweet,1,VERB
bizarre,1,ADJ
bizarro,1,VERB
biancas,1,PROPN
beyondthebig5,1,NOUN
bffs,1,VERB
bookclubbable,1,NOUN
bookish,1,PROPN
bookishfirst,1,PROPN
bookofthemonth,1,NOUN
bookbox,1,NOUN
bookboxbooks,1,NOUN
bloodbath,1,NOUN
bloody,1,ADJ
bls,1,VERB
blt,1,PROPN
blue,1,ADJ
bnwfneb,1,NOUN
blacklit,1,ADJ
bomm,1,NOUN
bodyguard,1,PROPN
boekenkast,1,NOUN
boh,1,VERB
bonkers,1,NOUN
2023arc,1,NUM
2023b,1,NUM
2023bookchallenge,1,NUM
2023digital,1,NUM
2023challenge,1,NOUN
2023july,1,NUM
2023mistressofreads,1,NOUN
2023nemgyerek,1,NUM
2023reading,1,VERB
2023saratravels,1,NOUN
2023sept,1,NUM
23audio,1,NUM
2024reads,1,NOUN
2024sept,1,NUM
2024srcspring,1,VERB
2025,1,NUM
20booksbyblackmen,1,NUM
21,1,NUM
21th,1,PROPN
23fav,1,NOUN
2stars,1,NUM
23in23,1,NUM
2402,1,NUM
2k23,1,NOUN
2024challenges,1,NOUN
2024audio,1,PROPN
2024april,1,NUM
1horror,1,NUM
1920s,1,NUM
1304,1,NUM
18,1,NUM
1800s,1,NOUN
1870s,1,NUM
00mibibliotecabu,1,PROPN
1-Jan-23,1,NOUN
2,1,NUM
223,1,NUM
0owned,1,VERB
1,1,NUM
5,1,NUM
2014,1,NUM
2015,1,NUM
2010s,1,NUM
adventures,1,NOUN
afb,1,VERB
afemale,1,ADJ
afic,1,NOUN
adventurequeer,1,VERB
alcohol,1,PROPN
alcoholism,1,NOUN
alexandria,1,PROPN
alh2022,1,NOUN
africanfuturism,1,NOUN
aging,1,VERB
adaptations,1,NOUN
addiction,1,NOUN
admirable,1,ADJ
adolescence,1,NOUN
adulting,1,VERB
activists,1,NOUN
adorable,1,ADJ
adorbs,1,NOUN
adorkable,1,ADJ
adultery,1,NOUN
am,1,AUX
americas,1,NOUN
amigos,1,NOUN
amortentia,1,NOUN
americana,1,NOUN
ambient,1,NOUN
alltimefavorites,1,NOUN
aloud,1,ADV
52wow,1,NOUN
585,1,NUM
5stars2023,1,NUM
5th,1,ADJ
52in2024,1,NUM
52bookclub2023,1,NUM
4th,1,ADJ
4star,1,NUM
4s,1,NUM
300plus,1,NOUN
3stars,1,NOUN
4podcast,1,PROPN
6star,1,NUM
absolutely,1,ADV
aburrido,1,VERB
aar,1,NOUN
abandonado,1,PROPN
abducted,1,VERB
ableism,1,NOUN
abusive,1,ADJ
abwechslungsreich,1,VERB
aces,1,NOUN
achillian,1,PROPN
academiesque,1,ADJ
ace,1,VERB
aaaaaaaaa,1,VERB
6th,1,ADJ
7s,1,NOUN
8th,1,ADJ
aa,1,ADJ
fishy,1,ADJ
fizzled,1,VERB
flight,1,NOUN
floab2022,1,NOUN
floab2023,1,NOUN
floab22,1,VERB
floater,1,NOUN
flora,1,PROPN
fluffy,1,PROPN
fforde,1,PROPN
fictie,1,NOUN
fff,1,PROPN
femdom,1,NOUN
feminisim,1,NOUN
femme,1,NOUN
femminismo,1,NOUN
fighters,1,NOUN
fighting,1,VERB
filipino,1,NOUN
finalist,1,NOUN
finished,1,VERB
fight,1,VERB
ficton,1,PROPN
gae,1,PROPN
galaxy,1,VERB
futurism,1,NOUN
futurology,1,NOUN
fxf,1,PROPN
gals,1,NOUN
gb,1,VERB
gender,1,NOUN
gaybies,1,NOUN
garbage,1,NOUN
gargoyles,1,NOUN
foxenwood,1,NOUN
foxes,1,NOUN
francais,1,PROPN
foundfamily,1,VERB
form,1,VERB
freebie,1,PROPN
freebobhoward,1,PROPN
freecopy,1,VERB
frustrating,1,ADJ
fantasyland,1,VERB
fantasyromance,1,NOUN
fantsy,1,NOUN
fat,1,ADJ
fantasty,1,PROPN
fantastisches,1,NOUN
fantasie,1,NOUN
fantasitical,1,ADJ
fantasmas,1,NOUN
fantastic,1,ADJ
fantastico,1,NOUN
fantastika,1,NOUN
fantastique,1,NOUN
favoritter,1,NOUN
favoritess,1,NOUN
favoritesreadin2023,1,PROPN
favoritesreadin2024,1,NOUN
23-Feb,1,PROPN
feeeeels,1,NOUN
favs2023,1,NOUN
fda,1,PROPN
feb,1,PROPN
23-Feb,1,NOUN
favoriten,1,VERB
fav2023,1,NOUN
histfic,1,ADJ
historic,1,ADJ
highlight,1,VERB
highlyrecommend,1,VERB
highschool,1,NOUN
hijinks,1,PROPN
homohomo,1,VERB
hopepunk,1,NOUN
horreur,1,NOUN
hk,1,PROPN
hkb,1,PROPN
hold,1,VERB
hated,1,VERB
hawt,1,VERB
hayden,1,VERB
hardback23,1,NOUN
hardcopy,1,VERB
harperlwoods,1,NOUN
healer,1,PROPN
heartbreaking,1,VERB
heroine,1,NOUN
het,1,NOUN
hhbookgroup,1,PROPN
heist,1,NOUN
ibook,1,NOUN
horrorrific,1,PROPN
horrors,1,NOUN
horrorshow,1,VERB
horses,1,NOUN
hunters,1,NOUN
hyped,1,VERB
hot,1,ADJ
hppl,1,VERB
humanxsomething,1,VERB
girls,1,NOUN
girlpower,1,NOUN
ghosty,1,PROPN
giggling,1,VERB
goddesses,1,NOUN
gloom,1,NOUN
gladiators,1,NOUN
glbt,1,NOUN
glbta,1,NOUN
general,1,ADJ
green,1,ADJ
grim,1,ADJ
grit,1,NOUN
grls,1,NOUN
hahalloween2023,1,PROPN
haiku,1,PROPN
halloween2023,1,NOUN
h2o,1,PROPN
gryphons,1,NOUN
grownups,1,NOUN
goodreads,1,NOUN
goodreadsgiveaway,1,NOUN
graphic,1,NOUN
graphicnovels,1,NOUN
granujas,1,NOUN
gothics,1,NOUN
fangbangers,1,NOUN
coverlicious,1,ADJ
coverlove,1,NOUN
creators,1,NOUN
credo,1,NOUN
crafting,1,VERB
coworkers,1,NOUN
cozies,1,NOUN
cottagecore,1,VERB
cosyfantasy,1,PROPN
conflicted,1,VERB
conflicts,1,NOUN
confusing,1,VERB
communication,1,NOUN
competition,1,NOUN
complex,1,ADJ
contemplative,1,ADJ
contempory,1,NOUN
contempranea,1,PROPN
david,1,PROPN
damnei,1,PROPN
dance,1,VERB
dante,1,VERB
darbui,1,VERB
damagedfmc,1,PROPN
cybil,1,PROPN
cytoverse,1,VERB
da,1,VERB
darkromance,1,NOUN
darlings,1,NOUN
cyberfiction,1,NOUN
cryfest,1,PROPN
crying,1,VERB
crypto,1,VERB
cthulhu,1,NOUN
cuban,1,ADJ
cuddlebug,1,PROPN
cudo,1,NOUN
cry,1,PROPN
crushcrushcrush,1,NOUN
crewwhoscrew,1,VERB
cringeworthy,1,PROPN
curvilineas,1,NOUN
curvas,1,NOUN
cupertino,1,NOUN
curated,1,VERB
currmonth,1,ADJ
challenge,1,NOUN
challenges,1,VERB
celtic,1,ADJ
cazarrecompensas,1,NOUN
cbpl,1,PROPN
cbr14,1,NOUN
cbr16,1,VERB
cdfc,1,NOUN
characters,1,NOUN
changeling,1,VERB
character,1,NOUN
cat,1,NOUN
cali,1,PROPN
calibre,1,PROPN
buzzwordathon,1,PROPN
cambiaformas,1,PROPN
camps,1,NOUN
cartacei,1,NOUN
canon,1,NOUN
cannotwait,1,ADJ
campus,1,NOUN
canadiana,1,PROPN
climatepunk,1,NOUN
clue,1,NOUN
cmc24,1,NOUN
cnovel,1,NOUN
cnovels,1,VERB
codexians,1,NOUN
colaboracion,1,NOUN
clarklibrary,1,ADJ
claustrophobic,1,ADJ
clever,1,ADJ
cliffhangers,1,NOUN
collections,1,NOUN
class,1,NOUN
childbirth,1,NOUN
childrensliterature,1,NOUN
cheating,1,VERB
checked,1,VERB
cheesy,1,NOUN
chinease,1,NOUN
ciffhanger,1,NOUN
cinderella,1,NOUN
circebookclub,1,NOUN
circus,1,NOUN
cities,1,NOUN
city,1,NOUN
christian,1,PROPN
chipublib,1,PROPN
chirp,1,VERB
choking,1,VERB
chonker,1,NOUN
dawwwwww,1,PROPN
envs,1,PROPN
epics,1,NOUN
epilogue,1,VERB
entwicklungsroman,1,NOUN
enjoyable,1,ADJ
enrolacao,1,PROPN
entertaining,1,VERB
enthralling,1,VERB
evenvillainsneedlove,1,VERB
esther,1,VERB
ethnic,1,ADJ
estante,1,ADV
escritorio,1,PROPN
eram,1,VERB
eric,1,PROPN
ero,1,NOUN
erotik,1,NOUN
escola,1,PROPN
englanniksi,1,NOUN
ehh,1,PROPN
ehrtbm23,1,NOUN
eidelwiess,1,NOUN
elemental,1,ADJ
elementals,1,NOUN
elementary,1,PROPN
elibrary,1,ADJ
educator,1,NOUN
eccentric,1,ADJ
ecohorror,1,NOUN
ecologia,1,PROPN
ecopy,1,VERB
endoftheyeartbr,1,NOUN
enemies,1,NOUN
enclave,1,VERB
emociones,1,NOUN
everand,1,NOUN
dbf,1,PROPN
fairyland,1,NOUN
faery,1,NOUN
faes,1,PROPN
failed,1,VERB
fairy,1,PROPN
fanatasy,1,ADJ
fandom,1,NOUN
familial,1,ADJ
excitedforin2023,1,NOUN
expected,1,VERB
extra,1,ADJ
evocative,1,ADJ
ewngchallenge,1,VERB
excellent,1,ADJ
fabulism,1,NOUN
fable,1,ADJ
diversebooks,1,PROPN
dl,1,PROPN
dmla,1,NOUN
discarded,1,VERB
discord,1,PROPN
disgusting,1,VERB
disney,1,NOUN
distopia,1,NOUN
distopico,1,NOUN
distopie,1,NOUN
deceptions,1,NOUN
decolonizemyshelfchallenge,1,NOUN
deconstruction,1,VERB
debutant,1,PROPN
deal,1,NOUN
dhasg2023,1,NOUN
despacito,1,PROPN
demiromantic,1,ADJ
democracy,1,NOUN
demonios,1,NOUN
denial,1,NOUN
dystopianfiction,1,NOUN
dystopic,1,PROPN
dumpster,1,PROPN
duologies,1,NOUN
duce,1,VERB
dogs,1,NOUN
domme,1,PROPN
dnf23,1,VERB
dnf2022,1,NOUN
dnf2,1,PROPN
drcs,1,NOUN
drinking,1,VERB
druids,1,NOUN
dragones,1,NOUN
double,1,VERB
