Tag,Frequency
fantasy,5512
2023,2664
netgalley,1691
arc,1442
favorites,1353
arcs,1209
fiction,837
adult,816
audiobook,815
horror,707
2024,666
audiobooks,506
dnf,492
romance,470
lgbtq,350
owned,299
ebook,272
audio,242
lgbtqia,219
queer,218
lgbt,217
favourites,195
novella,188
kindle,187
adventure,186
reviewed,185
mystery,182
danmei,169
scifi,168
own,167
dystopian,161
paranormal,160
library,157
contemporary,143
magic,135
ya,134
historical,127
giveaways,122
2022,114
sff,109
fae,107
ebooks,106
dystopia,97
dragons,96
dark,94
series,93
mythology,80
gothic,76
fairyloot,76
romantasy,72
audible,69
action,67
faves,65
illumicrate,64
sapphic,64
retellings,63
aliens,57
novellas,56
sf,56
demons,51
reviews,49
achillean,44
edelweiss,40
bipoc,35
favs,35
thriller,34
animals,33
favorite,33
novels,33
abuse,33
lgbtqa,32
borrowed,32
family,32
libby,31
retelling,30
vampires,30
asian,29
disappointing,29
cozy,29
added,28
english,28
humor,27
ghosts,27
indie,26
bookshelf,26
signed,25
apocalyptic,23
fairytale,23
favourite,22
academia,22
drama,22
wishlist,22
gay,21
witches,21
space,21
earc,21
supernatural,21
disability,21
monster,21
novel,20
china,20
crime,20
abandoned,20
bookclub,20
cosmere,20
spicy,19
fairytales,19
lgbtqiap,19
gifted,19
erotica,19
feminism,18
history,18
cliffhanger,18
shifters,18
angst,18
folklore,17
cyberpunk,16
faeries,16
angels,16
academy,16
death,16
anticipated,16
liked,16
read2023,16
ku,16
fantasía,16
thrillers,15
physical,15
botm,15
netgalley2023,15
giveaway,15
speculative,15
debut,15
epic,14
mm,14
rh,14
american,14
meh,14
demon,13
0reviewed,13
fantastical,13
bought,13
magical,13
monsters,13
futuristic,13
audio2023,12
funny,12
tor,12
mf,12
gods,12
2021,12
fairies,12
diverse,12
2020s,12
books,12
overdrive,11
childrens,11
politics,11
climate,11
2023reads,11
chinese,11
pnr,11
pirates,11
bl,11
alien,11
listened,11
assassins,11
wlw,11
africa,10
smut,10
grimdark,10
angsty,10
hardcover,10
diversity,10
sciencefiction,10
environment,10
review,10
digital,10
netgallery,9
numbered,9
specfic,9
hardback,9
fantasia,9
loved,9
archives,9
tbr,9
clean,9
vampire,9
military,9
readtoreview,9
goldsboro,9
fun,9
asia,9
amazing,9
atmospheric,9
owlcrate,9
nebula,9
grief,9
creepy,9
aty2024,8
friendship,8
elizabeth,8
audiobooked,8
autumn,8
good,8
african,8
mlm,8
humour,8
cute,8
addictive,8
lesbian,8
advancedreadercopies,8
recommended,8
comedy,8
debuts,8
comics,8
spooky,8
lgbtqia2s,8
detective,8
boring,8
evernight,8
ebk,8
1fantasy,8
science,8
litrpg,8
indigenous,8
aoc,8
college,8
2novel,8
england,8
anthology,8
cannibalism,7
upcoming,7
immersive,7
aardvark,7
future,7
cats,7
india,7
creatures,7
banter,7
published2023,7
horrororor,7
fav,7
comfort,7
war,7
sanderson,7
mg,7
kobo,7
emotional,7
standalone,7
keepers,7
british,6
favoritos,6
music,6
aapi,6
delightful,6
kidnapping,6
california,6
breeding,6
recommendations,6
fbr,6
ab,6
bookbeat,6
bought2023,6
alpha,6
shapeshifters,6
ai,6
galley,6
na,6
cults,6
paperback,6
suspense,6
audiolibri,6
disappointment,6
royalty,6
disappointed,6
rtc,6
steampunk,6
middlegrade,6
children,6
mine,6
environmental,6
political,6
usa,6
cbr15,6
bisexual,6
dropped,6
2023brs,6
dragon,6
standalones,6
dramatic,6
shelf,5
shifter,5
galleys,5
love,5
literary,5
alc,5
scififantasy,5
goodreadschoice2023,5
readin2023,5
9s,5
7arcs,5
bdsm,5
best,5
lyrical,5
betrayal,5
feminist,5
subscription,5
april,5
witchy,5
intrigue,5
disturbing,5
yesss,5
underwhelming,5
2slgbtqia,5
mermaids,5
2020,5
cried,5
myths,5
dnfed,5
booktok,5
poc,5
trans,5
dnfs,5
elves,5
5,5
masterpieces,5
conspiracy,5
clairvoyants,5
ng,4
2023netgalleychallenge,4
lgbqt,4
fanta,4
classics,4
arcs2023,4
romantic,4
amnesia,4
bargain,4
2023genrechallenge,4
2023books,4
ng2023,4
survival,4
curse,4
culture,4
scribd,4
starwars,4
współprace,4
exwishlist,4
faerie,4
spice,4
spfbo9,4
awhhh,4
adventurous,4
everend,4
fl,4
disaster,4
nope,4
literature,4
covergasm,4
authorㅡfemale,4
autism,4
spaceships,4
hype,4
activism,4
2slgbtq,4
purchased,4
readathons,4
ttx,4
eng,4
nautical,4
halloween,4
sffbooksihaveread,4
unfinished,4
e,4
illustrated,4
quiltbag,4
gsff,4
maps,4
queerio,4
malazan,4
5stars,4
booktourgals,4
religion,4
biblioteca,4
terror,4
netgally,4
canadian,4
canada,4
acquiredㅡlibrary,4
june,4
epistolary,4
bi,4
preordered,4
duology,4
regency,4
priority,4
pregnancy,4
new,3
librofm,3
myth,3
egalley,3
eh,3
doorstopper,3
no,3
disappointments,3
depressing,3
done,3
erotic,3
mythfairytalefantasy,3
derivative,3
necromancy,3
enjoyed,3
earcs,3
ereader,3
next,3
nature,3
ecology,3
downloads,3
dystopias,3
detectives,3
enemiestolovers,3
netgalleys,3
espionage,3
library2023,3
librarybook,3
arthurian,3
mysteries,3
prose,3
proofs,3
recommend,3
mid,3
recs,3
brutal,3
book,3
mexico,3
blurbed,3
black,3
reread,3
rereads,3
chewy,3
relationships,3
posthuman,3
capitalism,3
biology,3
popsugar2024,3
brujas,3
march,3
mar2023,3
racism,3
bookcase,3
fantástico,3
botb2023,3
mehhh,3
bought23,3
over500club2023,3
cringe,3
orc,3
scfi,3
cover,3
sampled,3
couleurs,3
families,3
livre,3
food,3
damaged,3
audio23,3
scifan,3
omar,3
cultural,3
audiolibro,3
cx,3
awwwdeeeoooo,3
paused,3
collection,3
lqbt,3
pc,3
rezensionsexemplar,3
colonialism,3
bad,3
continuation,3
fantastyka,3
pansing,3
quest,3
forbidden,3
inkstone,3
allfantasyallthetime,3
abandonment,3
unhaul,3
horrorish,3
ghost,3
steamy,3
latine,3
utopia,3
us,3
inspiration,3
unreleased,3
lgbtqap,3
america,3
americans,3
kids,3
tenho,3
trash,3
jay,3
western,3
adulte,3
adaptation,3
superheroes,3
january,3
jail,3
glbtq,3
sw,3
2023releases,3
2023tbr,3
hilarious,3
tbr2023,3
afrofuturism,3
afterlife,3
teen,3
interesting,3
hoopla,3
jewish,3
lbgtq,3
winter,3
vo,3
virgin,3
shreve,3
3star,3
anglophilia,3
grownup,3
z2023,3
thrilling,3
youngadult,3
annotated,3
kindled,3
kinky,3
anthologies,3
skiffy,3
great,3
apl,3
apocalypse,3
translation,3
may,2
philosophy,2
childrensbooks,2
mithology,2
favesof2023,2
chaste,2
charming,2
mira,2
top10,2
hetero,2
cherished,2
2023oct,2
cold,2
2023top50,2
cliche,2
paranormalromance,2
collected,2
rc,2
colonization,2
4stars,2
chy,2
citazioni,2
highhopes2023,2
meus,2
booktours,2
buddyread,2
23netgalley,2
psychological,2
ugh,2
24h,2
bromance,2
booktalkwithwifey,2
unhauled,2
4,2
h,2
have,2
bullying,2
haunting,2
bully,2
twins,2
fated,2
translations,2
kickstarter,2
trilogy,2
3,2
britain,2
fantàstica,2
translated,2
kidsyoungadultread,2
brandosando,2
booksubscription,2
maythology,2
polycule,2
pop,2
popcorn,2
posiadam,2
rakstniece,2
valdemar,2
poc2023,2
pocmaincharacters,2
uuups,2
booksirens,2
uno2023,2
c21,2
print,2
booksaboutbooks,2
unstraight,2
hea,2
powers,2
juvenile,2
2024top50,2
escapism,2
escapers,2
dnd,2
nhhp,2
incubus,2
indian,2
distopian,2
comfy,2
donated,2
1980s,2
dnfnotme,2
1910s,2
ethics,2
europe,2
wuxia,2
excited,2
exceptional,2
desi,2
f,2
indieauthor,2
different,2
humorous,2
2000s,2
noir,2
disappoiments,2
xianxia,2
engels,2
englisch,2
edelweissplus,2
mystical,2
eerie,2
drugging,2
drc,2
dramarama,2
neurodiverse,2
netgalleyarc,2
entangled,2
environmentalism,2
homophobia,2
wilderness,2
ownage,2
holmesian,2
cosy,2
montana,2
whodunit,2
whodunnits,2
covers,2
otp,2
irecommend,2
witch,2
ov,2
coyer,2
fall,2
owed,2
ownd,2
commentary,2
ownvoices,2
compendium,2
completed,2
fantast,2
pace,2
comic,2
money,2
pain,2
werewolves,2
werewolf,2
historicalfiction,2
fantascienza,2
webnovels,2
fanfiction,2
ob,2
multiverse,2
inglés,2
inglês,2
worldbuilding,2
won,2
witchlife,2
cult,2
cultivation,2
criminals,2
international,2
cyborg,2
multicultural,2
cyborgs,2
curses,2
women,2
assassin,2
aspec,2
freebies,2
adoption,2
lc,2
lgbtqaplus,2
actionpacked,2
actiony,2
activist,2
robots,2
lovecraftian,2
roman,2
bbnya,2
aty2023,2
aty24,2
fin,2
gloomy,2
bechdel,2
adored,2
lgbtqai,2
bingo,2
magia,2
billionaire,2
lieberry,2
asexual,2
friendships,2
ff,2
fruity,2
femalewriter,2
biopunk,2
spaaaace,2
beta,2
accion,2
retelings,2
tchaikovsky,2
betrayals,2
august,2
forgettable,2
autographed,2
australian,2
authorㅡpoc,2
footnotes,2
audios,2
sad,2
girlhood,2
storytel,2
en,2
alcs,2
spirituality,2
badass,2
adultish,2
badassery,2
alphaholes,2
fire,2
russian,2
awesomest,2
sue,2
b23,2
spooktober,2
firstreads,2
rooooomance,2
babies,2
b2weird,2
aromantic,2
three,2
antarctica,2
graphics,2
gargoyle,2
8s,2
knotting,2
sffvektor2023,2
anticapted,2
sisters,2
lib2023,2
thepigeonholehq,2
kurzmeinung,2
anithero,2
kuwait,2
slowburn,2
annoying,2
archaeological,2
readin23,2
fyeahfantasy,2
52,2
shelfs,2
mar24,2
greek,2
showcase,2
6s,2
antiheroes,2
5s,2
5star,2
antihero,2
shorties,2
bookclubs,2
shorts,2
male,2
lgbtiqa,2
aaaaangst,2
angel,2
blood,2
abduction,2
abominable,2
gore,2
female,2
solarpunk,2
birds,2
lgqbt,2
february,2
lgtbq,2
arizona,2
absolutefavorites,2
inmycollection,1
life,1
mvbs,1
mxm,1
inception,1
mxtx,1
murder,1
lieben,1
lit,1
must,1
insecurities,1
mystic,1
myfaves,1
inglese,1
lgeebeetees,1
lgbtq2ia,1
immagetchoo,1
independent,1
lgtbqia,1
lightnovel,1
lightdarkromance,1
lgtbqa,1
myshelf,1
like,1
immortal,1
lgtb,1
mysterious,1
ily,1
libreros,1
ilukirjandus,1
lgbtiq,1
ilonaandrews,1
infertility,1
librarybooks,1
lgbtquia,1
lgbtqi,1
limbo,1
indies,1
incomplete,1
librar,1
lifeline,1
michelle,1
mgr,1
karcs,1
justread2023readingchallenge,1
juv,1
juvenil,1
labyrinths,1
laaadies,1
jya,1
justice,1
kentucky,1
kelsie,1
meta,1
katedaniels,1
mfm,1
l,1
keith,1
metafiction,1
militant,1
miltary,1
jugendbücher,1
juice,1
misc,1
latinx,1
minibooks,1
midgrade,1
laser,1
latin,1
kingarthur,1
maybe,1
kindleunlimited,1
mates,1
kindlebooks,1
may23,1
me,1
mcn,1
mcgn,1
malewriter,1
mam2,1
maritime,1
marginalized,1
manga,1
książkiwbiblioteczce,1
kris,1
krimiķi,1
koreanamerican,1
kidnapped,1
melancholic,1
kunlimited,1
memory,1
meditative,1
mecha,1
medieval,1
medievalism,1
medievalish,1
london,1
longing,1
isekai,1
morallygreycharacters,1
louisiana,1
monsterromance,1
monsterpeenlover,1
motherhood,1
lgbtg,1
mtmctours,1
mtcba,1
lgbti,1
livingston,1
lithium,1
legimi,1
legimibook,1
legend,1
modern,1
lq,1
lemmik,1
mmmmm,1
lqbtqia,1
jovan,1
jla,1
m4m,1
jri,1
jugendbuch,1
mitología,1
lbgtqia,1
jeunesse,1
j,1
lff,1
iykyk,1
loveletters,1
moje,1
lovecraftish,1
mondadori,1
jan2023,1
mombookclub,1
strongfemalelead,1
stem,1
stonecoast,1
supersapphic,1
supernaturals,1
supes,1
surprise,1
surreal,1
suspence,1
summer24tbr,1
summer23,1
summer,1
started,1
speculate,1
spanish,1
ssbingo23,1
stafford,1
spinoff,1
standouts,1
spy,1
spring,1
spookoplathon,1
splendor,1
spite,1
spirit,1
swana,1
tengo,1
tentacles,1
tfn,1
thieves,1
third,1
swashbuckling,1
t4t,1
tbd,1
technothriller,1
tdb,1
tbrandbeyondtours,1
tbrcleanup2024,1
tears,1
technology,1
sp9,1
sequels,1
serial,1
sfbc,1
sexy,1
serve,1
seriestbrathon,1
seriesprogress2024,1
seriesprogress2023,1
scifantasy,1
scifiromance,1
sp,1
smutsmut,1
smutty,1
snoozefest,1
snoozy,1
smashword,1
slapped,1
slay,1
slayed,1
sleep,1
southern,1
solid,1
solaria,1
shapeshifter,1
shelved,1
sheri,1
shesgotthis,1
shakespeare,1
sffh,1
shadowhunters,1
shtf,1
short,1
sirens,1
skimmed,1
shortfiction,1
thisbookwilarrivewithmyfirstgrandch,1
thomas,1
wolves,1
womanhood,1
woke,1
wolf,1
wnbsff,1
wow,1
workworkwork,1
webscriptions,1
weird,1
westerns,1
whales,1
warmfuzzyfeelz,1
waterstones,1
wbtm,1
winners,1
wintery,1
wheel8,1
youth,1
yeehaw,1
yearning,1
yes,1
yessir,1
ревюта,1
کمیک,1
中国和台湾,1
二哈和他的白猫师尊,1
小説,1
恋の予感,1
zam,1
yaf,1
yabc,1
współpraca,1
xx,1
x2023,1
wtf,1
wwii,1
towerx,1
tour,1
transgress,1
tt2023,1
tween,1
trilogies,1
transrightsreadathon2024,1
tisane,1
timesreads,1
tikitoki,1
thrills,1
togbc,1
tob,1
villainfmc,1
vox,1
vp,1
viagens,1
vamps,1
vaporbook,1
verse,1
waiting,1
waaaaaiting,1
vamp,1
under300pages,1
ulubione,1
unalivers,1
unlimited,1
uk,1
ug,1
uf,1
uplifting,1
urbanfantasy,1
unread,1
unrated,1
unputdownable,1
unpublished,1
unowned,1
mythie,1
ownbook,1
painnnn,1
pancelts,1
paper,1
p23,1
ownvoicerep,1
ownhardcopy,1
original,1
original23,1
otps,1
otherpocauthors,1
otherland,1
other,1
orillium,1
paperbacks,1
pleasure,1
physicallllll,1
physique,1
pigeonhole,1
pink,1
piratesque,1
pk,1
possibility,1
posiadane,1
posseduto,1
poignant,1
poison,1
physical23,1
pastiche,1
personalized,1
period,1
perfection,1
patronaty,1
neurodivergent,1
neurodiversity,1
neurodivergence,1
nlt,1
ngt,1
newp,1
native,1
naughty,1
mythologie,1
mythos,1
needed,1
need,1
necromancers,1
nebulas,1
obsessed,1
nttbf,1
nyp,1
nss,1
octarine,1
nsfw,1
november,1
october2023,1
oddballs,1
oms,1
omsread,1
older,1
okc,1
okay,1
novellae,1
nonfiction,1
nook,1
nordic,1
norse,1
nostalgia,1
nola,1
notes,1
notgraphicnovels,1
nothumanspice,1
postcolonial,1
rereadable,1
reseñado,1
representationmatters,1
requested,1
represent,1
remixes,1
rezensionsexemplare,1
revs,1
reverseharem,1
rft24,1
rebellion,1
rejects,1
readmyshelf2024,1
reccomended,1
reddit,1
reihe,1
reihenliebe,1
reimagining,1
recommends,1
recenzje,1
recenzenci,1
recent,1
safe,1
sagas,1
sanskrit,1
royals,1
rws,1
rytai,1
school,1
schififantasy,1
scary,1
scalzi,1
scales,1
romo,1
riordanverse,1
romantical,1
romanticy,1
romatasy,1
romcoms,1
rommance,1
romantacy,1
romances,1
romancelandia,1
reading,1
readathon,1
queens,1
quality,1
quantum,1
quartet,1
r2024,1
rachae,1
queers,1
readalongs,1
pride,1
prerelease,1
publisher,1
psychology,1
psychics,1
psychic,1
psions,1
psionics,1
ps2023,1
proza,1
protectivehero,1
rainbowcrate,1
rainbowrex,1
read2024,1
rbc,1
rarechallenge24,1
rapunzel,1
0,1
author,1
automnal,1
autonomatons,1
autoras,1
autores,1
authors,1
autistic,1
auteurices,1
au,1
audioboek,1
audiofile,1
audiolibros,1
audioreads,1
aug22,1
august23,1
auidobook,1
austentacious,1
audiobooki,1
bdb,1
baking,1
ballet,1
bamfb,1
belletristik,1
beloved,1
berkley,1
berserk,1
beautifull,1
beautifulcovers,1
beasties,1
beauties,1
beautiful,1
baffled,1
awwwness,1
awwwwww,1
ayyyyy,1
awesome,1
aventura,1
aventuras,1
babelio,1
baby,1
atmostpheric,1
antiracism,1
antisemitism,1
apocalypses,1
antiphemeral,1
anticipation,1
anticolonialism,1
apokalypse,1
apotpourriofopinions,1
ar,1
arab,1
anticapitalist,1
anglais,1
animalschildrenwereharmedinthisbook,1
anthropomorphic,1
anthropomorphism,1
anticapitalism,1
annoyed,1
annie,1
annotate,1
artemiscomps,1
artifacts,1
artist,1
asdfghjklnenndjd,1
asexuals,1
assault,1
asians,1
asoiaf,1
art,1
arrangement,1
aristocracy,1
arcstodevour23,1
arcs2022,1
britishisms,1
británica,1
brotherhood,1
breeders,1
brick,1
brighteyes,1
brilliant,1
brothers,1
buddyreadwithbrandy,1
bueno,1
bulliesnjerks,1
bundle,1
brr,1
bubblegum,1
boys,1
bookswelove23,1
booktalk,1
booktober,1
bound,1
booksreadin2024,1
books2023,1
books2024,1
booksbyfriends,1
booksdhasread,1
bookshelves,1
bookshop,1
bookspin,1
booksprout,1
booksreadin2023,1
bored,1
botbc23,1
boughtdecember2023december2024,1
borrowbox,1
bildungsroman,1
binged,1
biography,1
biotechnology,1
bilingual,1
biblical,1
bibliophilia,1
bibliothèque,1
bickering,1
bitch,1
bittersweet,1
bizarre,1
bizarro,1
biancas,1
beyondthebig5,1
bffs,1
bookclubbable,1
bookish,1
bookishfirst,1
bookofthemonth,1
bookbox,1
bookboxbooks,1
bloodbath,1
bloody,1
bls,1
blt,1
blue,1
bnwfneb,1
blacklit,1
blk,1
bomm,1
bodyguard,1
boekenkast,1
boh,1
bonkers,1
2023arc,1
2023b,1
2023bookchallenge,1
2023digital,1
2023challenge,1
2023july,1
2023mistressofreads,1
2023nemgyerek,1
2023reading,1
2023saratravels,1
2023sept,1
23audio,1
2024reads,1
2024sept,1
2024srcspring,1
2025,1
20booksbyblackfolks2023,1
20booksbyblackmen,1
21,1
21th,1
23fav,1
2stars,1
23in23,1
2402,1
2k23,1
2024challenges,1
2024audio,1
2024april,1
1horror,1
1ssa,1
1920s,1
1304,1
18,1
1800s,1
1870s,1
00mibibliotecabu,1
01jan2023,1
02,1
0223,1
0owned,1
1,1
05,1
2014,1
2015,1
2010s,1
adventures,1
af,1
afb,1
afemale,1
afic,1
adventurequeer,1
ahhhhhh,1
ahhhhhhhh,1
alaconvention2023,1
alcohol,1
alcoholism,1
alexandria,1
alh2022,1
africanfuturism,1
aging,1
adaptations,1
addiction,1
adictivo,1
admirable,1
adolescence,1
adulting,1
activists,1
adorable,1
adorbs,1
adorkable,1
adultery,1
am,1
americas,1
amigos,1
amortentia,1
americana,1
ambient,1
alltimefavorites,1
aloud,1
52books2024,1
52wow,1
585,1
5stars2023,1
5th,1
52in2024,1
52books2023,1
52bookclub2023,1
4th,1
4star,1
4s,1
300plus,1
3stars,1
4podcast,1
6star,1
absolutely,1
aburrido,1
aar,1
abandonado,1
abducted,1
abgebrochen,1
ableism,1
abusive,1
abwechslungsreich,1
aces,1
achetés,1
achillian,1
academiesque,1
ace,1
aaaaaaaaa,1
6th,1
a,1
75books2022,1
7s,1
8th,1
aa,1
fishy,1
fizzled,1
flight,1
floab2022,1
floab2023,1
floab22,1
floater,1
flora,1
fluffy,1
fforde,1
fictie,1
fff,1
femdom,1
feminisim,1
femme,1
femminismo,1
fighters,1
fighting,1
filipino,1
finalist,1
finished,1
fight,1
ficton,1
gae,1
galaxy,1
futurism,1
futurology,1
fxf,1
gals,1
gb,1
gender,1
gaybies,1
garbage,1
gargoyles,1
foxenwood,1
foxes,1
francais,1
foundfamily,1
form,1
freebie,1
freebobhoward,1
freecopy,1
frustrating,1
fantasyland,1
fantasyromance,1
fantsy,1
fat,1
fantasty,1
fantastisches,1
fantasie,1
fantasitical,1
fantasmas,1
fantastic,1
fantastico,1
fantastika,1
fantastique,1
favoritter,1
favoritess,1
favoritesreadin2023,1
favoritesreadin2024,1
february23,1
feeeeels,1
favs2023,1
fda,1
feb,1
feb23,1
favoriten,1
fav2023,1
histfic,1
historic,1
highlight,1
highlyrecommend,1
highschool,1
hijinks,1
homohomo,1
hopepunk,1
horreur,1
histrom,1
hk,1
hkb,1
hold,1
hated,1
hawt,1
hayden,1
hardback23,1
hardcopy,1
harperlwoods,1
healer,1
heartbreaking,1
heroine,1
het,1
hhbookgroup,1
heist,1
ibook,1
horrorrific,1
horrors,1
horrorshow,1
horses,1
hunters,1
hyped,1
hot,1
hppl,1
humanxsomething,1
girls,1
girlpower,1
ghosty,1
giggling,1
gn,1
goddesses,1
gloom,1
gladiators,1
glbt,1
glbta,1
general,1
green,1
grim,1
grit,1
grls,1
hahalloween2023,1
haiku,1
halloween2023,1
h2o,1
gryphons,1
grownups,1
goodreads,1
goodreadsgiveaway,1
graphic,1
graphicnovels,1
granujas,1
gothics,1
fangbangers,1
coverlicious,1
coverlove,1
creators,1
credo,1
crafting,1
coworkers,1
cozies,1
cottagecore,1
cosyfantasy,1
conflicted,1
conflicts,1
confusing,1
communication,1
competition,1
complex,1
contemplative,1
contempory,1
contempranea,1
david,1
damnei,1
dance,1
dante,1
darbui,1
damagedfmc,1
cybil,1
cytoverse,1
cómics,1
da,1
darkromance,1
darlings,1
darrkeh,1
cyberfiction,1
cryfest,1
crying,1
crypto,1
cthulhu,1
cuban,1
cuddlebug,1
cudo,1
cry,1
crushcrushcrush,1
crewwhoscrew,1
cringeworthy,1
curvilineas,1
curvas,1
cupertino,1
curated,1
currmonth,1
challenge,1
challenges,1
celtic,1
cazarrecompensas,1
cbpl,1
cbr14,1
cbr16,1
ccp,1
cdfc,1
characters,1
changeling,1
character,1
cat,1
c19,1
c21st,1
c30,1
cali,1
calibre,1
buzzwordathon,1
bücher,1
bücherei,1
bücherregal,1
cambiaformas,1
camps,1
cartacei,1
canon,1
cannotwait,1
campus,1
canadiana,1
characterㅡjewish,1
climatepunk,1
clue,1
cmc24,1
cnovel,1
cnovels,1
codexians,1
colaboracion,1
clarklibrary,1
claustrophobic,1
clever,1
cliffhangers,1
collections,1
class,1
characterㅡlgbt,1
childbirth,1
childrensliterature,1
cheating,1
checked,1
cheesy,1
chinease,1
ciffhanger,1
cinderella,1
circebookclub,1
circus,1
cities,1
city,1
christian,1
chipublib,1
chirp,1
choking,1
chonker,1
dawwwwww,1
envs,1
epics,1
epilogue,1
entwicklungsroman,1
enjoyable,1
enrolacao,1
entertaining,1
enthralling,1
evenvillainsneedlove,1
esther,1
ethnic,1
estante,1
esotérico,1
escritorio,1
eram,1
eric,1
ero,1
erotik,1
escola,1
englanniksi,1
ehh,1
ehrtbm23,1
eidelwiess,1
elemental,1
elementals,1
elementary,1
elf,1
elibrary,1
educator,1
eccentric,1
ecohorror,1
ecologia,1
ecopy,1
endoftheyeartbr,1
enemies,1
enclave,1
emociones,1
everand,1
dbf,1
fairyland,1
faery,1
faes,1
failed,1
fairy,1
fanatasy,1
fandom,1
familial,1
excitedforin2023,1
expected,1
extra,1
evocative,1
ewngchallenge,1
excellent,1
fabulism,1
fable,1
diversebooks,1
dl,1
dmla,1
discarded,1
discord,1
disgusting,1
disney,1
distopia,1
distopico,1
distopie,1
deceptions,1
decolonizemyshelfchallenge,1
deconstruction,1
debutant,1
deal,1
dhasg2023,1
despacito,1
demiromantic,1
democracy,1
demonios,1
denial,1
dystopianfiction,1
dystopic,1
dämonen,1
dumpster,1
duologies,1
eb,1
eboek,1
e2l,1
ea,1
duce,1
dogs,1
domme,1
dnf23,1
dnf2022,1
dnf2,1
drcs,1
drinking,1
druids,1
dragones,1
double,1
肉包不吃肉,1
